### cell w1-io_uring-adaptive-ra-adaptive  2026-09-25T23:45:25+02:00
waiting for the bench lock (ringalloc) at 23:45:25
got the bench lock (ringalloc) at 23:45:25
== cell start 23:45:25 :: topology/run.sh w1-io_uring-adaptive-ra-adaptive h1snoop 18080 4 3 1.5 -- h2load --h1 -c 64 -t 4 -D 8 -d /home/forked_franz/IdeaProjects/netty-eventloop-arena-poc/results/ryzen9-7950x-node0/arena-v3/ring-alloc/topology/body4k http://127.0.0.1:18080/
== scaling_max_freq set=2300000 readback=2300000, cpus=32 governor=performance
== loadavg 2.35 4.48 3.51 2/1263 2890372
== runnable samples: 3 2 2 3 2 4 max=4 (limit 4)
TRANSPORT transport=io_uring ringSize=128 cqSize=4096 singleIssuer=true bufferRing=on [bgId=1 entries=64 chunk=8192 incremental=true batchSize=32 batchAllocation=false alloc=adaptive allocClass=AdaptiveByteBufAllocator] zeroCopyThreshold=-1 | IoUring features: CQE_F_SOCK_NONEMPTY_SUPPORTED=true, UNIX_DOMAIN_SOCKET_INQ_SUPPORTED=true, SPLICE_SUPPORTED=true, ACCEPT_NO_WAIT_SUPPORTED=true, ACCEPT_MULTISHOT_SUPPORTED=true, POLL_ADD_MULTISHOT_SUPPORTED=true, RECV_MULTISHOT_SUPPORTED=true, IORING_RECVSEND_BUNDLE_SUPPORTED=true, REGISTER_IOWQ_MAX_WORKERS_SUPPORTED=true, SETUP_SUBMIT_ALL_SUPPORTED=true, SETUP_CQE_MIXED_SUPPORTED=true, SETUP_CQ_SIZE_SUPPORTED=true, SETUP_SINGLE_ISSUER_SUPPORTED=true, SETUP_DEFER_TASKRUN_SUPPORTED=true, SETUP_NO_SQARRAY_SUPPORTED=true, REGISTER_BUFFER_RING_SUPPORTED=true, REGISTER_BUFFER_RING_INC_SUPPORTED=true, SEND_ZC_SUPPORTED=true, SENDMSG_ZC_SUPPORTED=true, ENTER_NO_IOWAIT_SUPPORTED=true
WINDOW DONE
-rw-r--r--. 1 forked_franz forked_franz 28865874 Sep 25 23:45 /home/forked_franz/IdeaProjects/netty-eventloop-arena-poc/results/ryzen9-7950x-node0/arena-v3/ring-alloc/topology/w1-io_uring-adaptive-ra-adaptive.jfr
Main benchmark duration is started for thread #0.
Application protocol: http/1.1
Main benchmark duration is over for thread #1. Stopping all clients.
Stopped all clients for thread #1
Main benchmark duration is over for thread #3. Stopping all clients.
Stopped all clients for thread #3
Main benchmark duration is over for thread #2. Stopping all clients.
Stopped all clients for thread #2
Main benchmark duration is over for thread #0. Stopping all clients.
Stopped all clients for thread #0

finished in 8.00s, 134761.25 req/s, 582.38MB/s
requests: 1078090 total, 1078154 started, 1078090 done, 1078090 succeeded, 0 failed, 0 errored, 0 timeout
status codes: 1078090 2xx, 0 3xx, 0 4xx, 0 5xx
traffic: 4.55GB (4885371281) total, 120.30MB (126139806) headers (space savings 0.00%), 4.39GB (4717311733) data
                     min         max         mean         sd        +/- sd
time for request:       79us     75.93ms       477us       857us    98.34%
time for connect:        2us       204us       101us        56us    62.50%
time to 1st byte:    74.28ms     75.93ms     75.18ms       472us    59.38%
req/s           :    2075.29     2162.32     2105.57       19.40    76.56%
dumped 923790 events -> /home/forked_franz/IdeaProjects/netty-eventloop-arena-poc/results/ryzen9-7950x-node0/arena-v3/ring-alloc/topology/w1-io_uring-adaptive-ra-adaptive.tsv
================================================================================================
WORKLOAD w1-io_uring-adaptive-ra-adaptive   (w1-io_uring-adaptive-ra-adaptive.tsv)
================================================================================================
events: AllocateBuffer=458386 FreeBuffer=458340 ReallocateBuffer=0 IterationEnd=7064
pairs=458172  unpaired releases (alloc before window)=168  still live at window end=214  truncated stacks=458172  address reused with no release event=0
BALANCE CHECK: allocs(458386) - pairs(458172) - live-at-end(214) - reuse(0) = 0  (must be 0)
event-loop threads with markers: 4  iterations total=7064  with reads>0=412 (5.8%)

(a) lifetime in event-loop ITERATIONS of the allocating thread
     iters : 0=96.64%  1=3.00%  2-3=0.04%  4-7=0.00%  8+=0.32%
  read-its : 0=96.64%  1=3.14%  2-3=0.14%  4-7=0.06%  8+=0.02%   (only iterations that saw >=1 channelRead)
  iters p50=0 p90=0 p99=1 p99.9=153 max=884
  wall-clock lifetime us: p50=251.3 p90=1865.2 p99=4755.8 p99.9=7669.7 max=10015.0

(b) released on the allocating thread: 100.000%  (cross-thread: 0)

(c) nesting class at release: only=0.00%  youngest=0.00%  oldest=20.25%  middle=79.75%
     within same-iteration releases (442758, 96.64% of all): only=0.00%  youngest=0.00%  oldest=18.68%  middle=81.32%

(d) size bucket (power-of-two ceiling of the requested capacity)
     8192=60.35%  4096=0.01%  256=39.65%
     exact sizes: 208=39.65%  8192=20.70%  4370=19.83%  4381=19.78%  4392=0.03%  4096=0.01%

(e) release cause (first non-allocator frame of the FreeBuffer stack)
     write-completion        79.290%  top site: io.netty.channel.ChannelOutboundBuffer.remove
     handler                 20.251%  top site: io.netty.channel.SimpleChannelInboundHandler.channelRead
     decoder/cumulation       0.459%  top site: io.netty.handler.codec.ByteToMessageDecoder.expandCumulation

    cause x lifetime-in-iterations (row %% of all pairs)
    cause                         0        1      2-3      4-7       8+     share
    write-completion        78.127%   1.163%   0.000%   0.000%   0.000%   79.290%
    handler                 18.100%   1.797%   0.036%   0.005%   0.313%   20.251%
    decoder/cumulation       0.408%   0.043%   0.000%   0.000%   0.007%    0.459%

    cause x size bucket (row %% of all pairs)
    cause                       8192       256      4096
    write-completion         39.645%   39.645%    0.000%
    handler                  20.245%    0.000%    0.006%
    decoder/cumulation        0.459%    0.000%    0.000%

    max lifetime: 884 iterations (2161.6 us), size=8192, cause=handler, site=io.netty.channel.SimpleChannelInboundHandler.channelRead
    max wall-clock: 10015.0 us (1 iterations), size=8192, cause=handler

(f) live buffers at end of iteration, per event-loop thread
    thread                          iters  avgLive  maxLive   avgAlloc maxAlloc
    multiThreadIoEventLoopGroup-3-1     3357    32.40       64      34.16     2467
    multiThreadIoEventLoopGroup-3-2     2310    32.55       64      47.95     2450
    multiThreadIoEventLoopGroup-3-3      554    34.53       64     208.71     2504
    multiThreadIoEventLoopGroup-3-4      843    33.55       64     133.23     2511
    live-at-marker over all markers: mean=32.752 p50=32 p90=32 p99=54 p99.9=64 max=64 ; markers with >0 live=7064 (100.00%)
    allocations per iteration (all EL threads): mean=64.18 p50=0 p90=0 p99=1646 max=2511  zero-alloc iterations=94.2%
    channelReads per iteration: mean=38.84 p50=0 p90=0 p99=988 max=1504

(g) the buffers that DO cross an iteration boundary (15414, 3.364% of pairs)
     io.netty.channel.SimpleChannelInboundHandler.channelRead    2.151% of all  iters p50=1 p99=438 max=884  bytes=77.0 MiB
     io.netty.channel.ChannelOutboundBuffer.remove               1.163% of all  iters p50=1 p99=1 max=1  bytes=11.6 MiB
     io.netty.handler.codec.ByteToMessageDecoder.expandCumulati  0.047% of all  iters p50=1 p99=328 max=884  bytes=1.7 MiB
     io.netty.handler.codec.ByteToMessageDecoder.channelRead     0.002% of all  iters p50=1 p99=253 max=253  bytes=0.1 MiB
     io.netty.handler.codec.ByteToMessageDecoder$1.cumulate      0.001% of all  iters p50=1 p99=1 max=1  bytes=0.0 MiB
     sizes of the crossing buffers: 8192=82.71%  256=17.29%
     bytes held across a boundary: 90.4 MiB of 1535.2 MiB allocated in the window (5.89%)

    diagnostics: pairs whose stack had no non-plumbing frame=0 (0.000%); pairs crossing >=1 marker=15414 (3.364%)

HEADLINE CLASSIFICATION
    ii-same-iter-out-of-order                 96.636%  (442758)
    vi-cross-iter-other:handler                2.151%  (9853)
    iii-cross-iter-write-completion            1.163%  (5330)
    iv-cross-iter-cumulation/aggregation       0.050%  (231)
== cell end 23:46:00 rc=0
released (ringalloc) at 23:46:00 rc=0
### cell w3-io_uring-adaptive-ra-adaptive  2026-09-25T23:46:00+02:00
waiting for the bench lock (ringalloc) at 23:46:00
got the bench lock (ringalloc) at 23:46:00
== cell start 23:46:00 :: topology/run.sh w3-io_uring-adaptive-ra-adaptive h2echo 18080 4 3 1.5 -- h2load -c 8 -m 16 -t 4 -D 8 -w 12 -d /home/forked_franz/IdeaProjects/netty-eventloop-arena-poc/results/ryzen9-7950x-node0/arena-v3/ring-alloc/topology/body64k http://127.0.0.1:18080/
== scaling_max_freq set=2300000 readback=2300000, cpus=32 governor=performance
== loadavg 2.36 4.26 3.48 2/1267 2891107
== runnable samples: 2 2 2 2 3 2 max=3 (limit 4)
TRANSPORT transport=io_uring ringSize=128 cqSize=4096 singleIssuer=true bufferRing=on [bgId=1 entries=64 chunk=8192 incremental=true batchSize=32 batchAllocation=false alloc=adaptive allocClass=AdaptiveByteBufAllocator] zeroCopyThreshold=-1 | IoUring features: CQE_F_SOCK_NONEMPTY_SUPPORTED=true, UNIX_DOMAIN_SOCKET_INQ_SUPPORTED=true, SPLICE_SUPPORTED=true, ACCEPT_NO_WAIT_SUPPORTED=true, ACCEPT_MULTISHOT_SUPPORTED=true, POLL_ADD_MULTISHOT_SUPPORTED=true, RECV_MULTISHOT_SUPPORTED=true, IORING_RECVSEND_BUNDLE_SUPPORTED=true, REGISTER_IOWQ_MAX_WORKERS_SUPPORTED=true, SETUP_SUBMIT_ALL_SUPPORTED=true, SETUP_CQE_MIXED_SUPPORTED=true, SETUP_CQ_SIZE_SUPPORTED=true, SETUP_SINGLE_ISSUER_SUPPORTED=true, SETUP_DEFER_TASKRUN_SUPPORTED=true, SETUP_NO_SQARRAY_SUPPORTED=true, REGISTER_BUFFER_RING_SUPPORTED=true, REGISTER_BUFFER_RING_INC_SUPPORTED=true, SEND_ZC_SUPPORTED=true, SENDMSG_ZC_SUPPORTED=true, ENTER_NO_IOWAIT_SUPPORTED=true
WINDOW DONE
-rw-r--r--. 1 forked_franz forked_franz 73557786 Sep 25 23:46 /home/forked_franz/IdeaProjects/netty-eventloop-arena-poc/results/ryzen9-7950x-node0/arena-v3/ring-alloc/topology/w3-io_uring-adaptive-ra-adaptive.jfr
Main benchmark duration is started for thread #1.
Application protocol: h2c
Main benchmark duration is over for thread #1. Stopping all clients.
Stopped all clients for thread #1
Main benchmark duration is over for thread #3. Stopping all clients.
Stopped all clients for thread #3
Main benchmark duration is over for thread #2. Stopping all clients.
Stopped all clients for thread #2
Main benchmark duration is over for thread #0. Stopping all clients.
Stopped all clients for thread #0

finished in 8.00s, 13519.88 req/s, 853.20MB/s
requests: 108159 total, 108287 started, 108159 done, 108159 succeeded, 0 failed, 0 errored, 0 timeout
status codes: 108281 2xx, 0 3xx, 0 4xx, 0 5xx
traffic: 6.67GB (7157170793) total, 105.74KB (108281) headers (space savings 90.00%), 6.61GB (7092093732) data
                     min         max         mean         sd        +/- sd
time for request:     3.73ms    422.58ms      9.44ms     17.60ms    98.30%
time for connect:       13us        61us        35us        18us    50.00%
time to 1st byte:   141.34ms    143.26ms    142.03ms       814us    75.00%
req/s           :    1673.22     1711.73     1689.96       13.70    62.50%
dumped 2479570 events -> /home/forked_franz/IdeaProjects/netty-eventloop-arena-poc/results/ryzen9-7950x-node0/arena-v3/ring-alloc/topology/w3-io_uring-adaptive-ra-adaptive.tsv
================================================================================================
WORKLOAD w3-io_uring-adaptive-ra-adaptive   (w3-io_uring-adaptive-ra-adaptive.tsv)
================================================================================================
events: AllocateBuffer=1239594 FreeBuffer=1223010 ReallocateBuffer=16610 IterationEnd=356
pairs=1238954  unpaired releases (alloc before window)=666  still live at window end=640  truncated stacks=1222344  address reused with no release event=0
BALANCE CHECK: allocs(1239594) - pairs(1238954) - live-at-end(640) - reuse(0) = 0  (must be 0)
event-loop threads with markers: 4  iterations total=356  with reads>0=356 (100.0%)

(a) lifetime in event-loop ITERATIONS of the allocating thread
     iters : 0=94.72%  1=5.28%  2-3=0.00%  4-7=0.00%  8+=0.00%
  read-its : 0=94.72%  1=5.28%  2-3=0.00%  4-7=0.00%  8+=0.00%   (only iterations that saw >=1 channelRead)
  iters p50=0 p90=0 p99=1 p99.9=1 max=2
  wall-clock lifetime us: p50=439.6 p90=2125.4 p99=17581.2 p99.9=27751.7 max=96385.0

(b) released on the allocating thread: 100.000%  (cross-thread: 0)

(c) nesting class at release: only=0.00%  youngest=0.00%  oldest=0.33%  middle=99.67%
     within same-iteration releases (1173560, 94.72% of all): only=0.00%  youngest=0.00%  oldest=0.06%  middle=99.94%

(d) size bucket (power-of-two ceiling of the requested capacity)
     32768=3.89%  16384=1.70%  8192=10.09%  4096=0.01%  2048=0.00%  1024=0.00%  512=0.00%  256=1.26%  128=0.01%  64=0.01%
     exact sizes: 9=79.25%  8192=10.09%  32768=3.89%  13=2.53%  16384=1.70%  256=1.26%

(e) release cause (first non-allocator frame of the FreeBuffer stack)
     write-completion        84.292%  top site: io.netty.channel.ChannelOutboundBuffer.remove
     decoder/cumulation       9.266%  top site: io.netty.handler.codec.ByteToMessageDecoder$1.cumulate
     other:no-site            5.101%  top site: io.netty.buffer.CompositeByteBuf$Component.free
     realloc-grow             1.341%  top site: io.netty.buffer.AdaptiveByteBuf.capacity

    cause x lifetime-in-iterations (row %% of all pairs)
    cause                         0        1      2-3      4-7       8+     share
    write-completion        82.248%   2.044%   0.000%   0.000%   0.000%   84.292%
    decoder/cumulation       8.424%   0.842%   0.000%   0.000%   0.000%    9.266%
    other:no-site            2.709%   2.391%   0.001%   0.000%   0.000%    5.101%
    realloc-grow             1.341%   0.000%   0.000%   0.000%   0.000%    1.341%

    cause x size bucket (row %% of all pairs)
    cause                         16      8192     32768     16384       256       128
    write-completion         83.030%    0.000%    0.009%    0.000%    1.253%    0.000%
    decoder/cumulation        0.000%    9.244%    0.000%    0.000%    0.006%    0.007%
    other:no-site             0.000%    0.845%    3.886%    0.356%    0.001%    0.001%
    realloc-grow              0.000%    0.001%    0.000%    1.339%    0.000%    0.000%

    max lifetime: 2 iterations (40251.4 us), size=8192, cause=other:no-site, site=io.netty.buffer.CompositeByteBuf$Component.free
    max wall-clock: 96385.0 us (1 iterations), size=8192, cause=other:no-site

(f) live buffers at end of iteration, per event-loop thread
    thread                          iters  avgLive  maxLive   avgAlloc maxAlloc
    multiThreadIoEventLoopGroup-3-1       89   184.93      238    3394.81     4078
    multiThreadIoEventLoopGroup-3-2       90   183.34      243    3487.67     4177
    multiThreadIoEventLoopGroup-3-3       85   187.14      238    3514.85     4059
    multiThreadIoEventLoopGroup-3-4       92   180.60      254    3461.42     4183
    live-at-marker over all markers: mean=183.938 p50=184 p90=217 p99=238 p99.9=254 max=254 ; markers with >0 live=356 (100.00%)
    allocations per iteration (all EL threads): mean=3464.16 p50=3431 p90=3897 p99=4078 max=4183  zero-alloc iterations=0.0%
    channelReads per iteration: mean=455.12 p50=454 p90=481 p99=502 max=509

(g) the buffers that DO cross an iteration boundary (65394, 5.278% of pairs)
     io.netty.buffer.CompositeByteBuf$Component.free             2.392% of all  iters p50=1 p99=1 max=2  bytes=703.2 MiB
     io.netty.channel.ChannelOutboundBuffer.remove               2.044% of all  iters p50=1 p99=1 max=1  bytes=2.3 MiB
     io.netty.handler.codec.ByteToMessageDecoder$1.cumulate      0.777% of all  iters p50=1 p99=1 max=1  bytes=75.2 MiB
     io.netty.handler.codec.ByteToMessageDecoder.expandCumulati  0.065% of all  iters p50=1 p99=1 max=1  bytes=6.3 MiB
     io.netty.handler.codec.ByteToMessageDecoder.channelRead     0.000% of all  iters p50=1 p99=1 max=1  bytes=0.0 MiB
     sizes of the crossing buffers: 32768=29.69%  16384=3.67%  8192=27.86%  4096=0.07%  2048=0.03%  1024=0.02%  512=0.01%  256=0.58%
     bytes held across a boundary: 787.0 MiB of 2826.1 MiB allocated in the window (27.85%)

    diagnostics: pairs whose stack had no non-plumbing frame=63200 (5.101%); pairs crossing >=1 marker=65394 (5.278%)

HEADLINE CLASSIFICATION
    ii-same-iter-out-of-order                 94.722%  (1173559)
    vi-cross-iter-other:other:no-site          2.392%  (29636)
    iii-cross-iter-write-completion            2.044%  (25321)
    iv-cross-iter-cumulation/aggregation       0.842%  (10437)
    i-same-iter-LIFO                           0.000%  (1)
== cell end 23:46:58 rc=0
released (ringalloc) at 23:46:58 rc=0
### cell w5-io_uring-adaptive-ra-adaptive  2026-09-25T23:46:58+02:00
waiting for the bench lock (ringalloc) at 23:46:58
got the bench lock (ringalloc) at 23:46:58
== cell start 23:46:58 :: topology/run.sh w5-io_uring-adaptive-ra-adaptive h1agg 18080 4 3 1.5 -- h2load --h1 -c 64 -t 4 -D 8 -d /home/forked_franz/IdeaProjects/netty-eventloop-arena-poc/results/ryzen9-7950x-node0/arena-v3/ring-alloc/topology/body256k http://127.0.0.1:18080/
== scaling_max_freq set=2300000 readback=2300000, cpus=32 governor=performance
== loadavg 1.94 3.83 3.38 1/1271 2891892
== runnable samples: 2 2 2 3 2 2 max=3 (limit 4)
TRANSPORT transport=io_uring ringSize=128 cqSize=4096 singleIssuer=true bufferRing=on [bgId=1 entries=64 chunk=8192 incremental=true batchSize=32 batchAllocation=false alloc=adaptive allocClass=AdaptiveByteBufAllocator] zeroCopyThreshold=-1 | IoUring features: CQE_F_SOCK_NONEMPTY_SUPPORTED=true, UNIX_DOMAIN_SOCKET_INQ_SUPPORTED=true, SPLICE_SUPPORTED=true, ACCEPT_NO_WAIT_SUPPORTED=true, ACCEPT_MULTISHOT_SUPPORTED=true, POLL_ADD_MULTISHOT_SUPPORTED=true, RECV_MULTISHOT_SUPPORTED=true, IORING_RECVSEND_BUNDLE_SUPPORTED=true, REGISTER_IOWQ_MAX_WORKERS_SUPPORTED=true, SETUP_SUBMIT_ALL_SUPPORTED=true, SETUP_CQE_MIXED_SUPPORTED=true, SETUP_CQ_SIZE_SUPPORTED=true, SETUP_SINGLE_ISSUER_SUPPORTED=true, SETUP_DEFER_TASKRUN_SUPPORTED=true, SETUP_NO_SQARRAY_SUPPORTED=true, REGISTER_BUFFER_RING_SUPPORTED=true, REGISTER_BUFFER_RING_INC_SUPPORTED=true, SEND_ZC_SUPPORTED=true, SENDMSG_ZC_SUPPORTED=true, ENTER_NO_IOWAIT_SUPPORTED=true
WINDOW DONE
-rw-r--r--. 1 forked_franz forked_franz 63869300 Sep 25 23:47 /home/forked_franz/IdeaProjects/netty-eventloop-arena-poc/results/ryzen9-7950x-node0/arena-v3/ring-alloc/topology/w5-io_uring-adaptive-ra-adaptive.jfr
Main benchmark duration is started for thread #0.
Application protocol: http/1.1
Main benchmark duration is over for thread #2. Stopping all clients.
Stopped all clients for thread #2
Main benchmark duration is over for thread #3. Stopping all clients.
Stopped all clients for thread #3
Main benchmark duration is over for thread #0. Stopping all clients.
Stopped all clients for thread #0
Main benchmark duration is over for thread #1. Stopping all clients.
Stopped all clients for thread #1

finished in 8.00s, 12259.25 req/s, 478.88KB/s
requests: 98074 total, 98138 started, 98074 done, 98074 succeeded, 0 failed, 0 errored, 0 timeout
status codes: 98074 2xx, 0 3xx, 0 4xx, 0 5xx
traffic: 3.74MB (3922960) total, 1.40MB (1471500) headers (space savings 0.00%), 191.60KB (196200) data
                     min         max         mean         sd        +/- sd
time for request:     1.08ms    132.32ms      5.22ms      3.51ms    98.94%
time for connect:        3us       414us       204us       123us    57.81%
time to 1st byte:   112.11ms    132.33ms    124.11ms      5.42ms    65.63%
req/s           :     187.60      196.97      191.52        2.31    53.13%
dumped 2643019 events -> /home/forked_franz/IdeaProjects/netty-eventloop-arena-poc/results/ryzen9-7950x-node0/arena-v3/ring-alloc/topology/w5-io_uring-adaptive-ra-adaptive.tsv
================================================================================================
WORKLOAD w5-io_uring-adaptive-ra-adaptive   (w5-io_uring-adaptive-ra-adaptive.tsv)
================================================================================================
events: AllocateBuffer=838439 FreeBuffer=838521 ReallocateBuffer=0 IterationEnd=966059
pairs=838158  unpaired releases (alloc before window)=363  still live at window end=281  truncated stacks=838158  address reused with no release event=0
BALANCE CHECK: allocs(838439) - pairs(838158) - live-at-end(281) - reuse(0) = 0  (must be 0)
event-loop threads with markers: 4  iterations total=966059  with reads>0=24321 (2.5%)

(a) lifetime in event-loop ITERATIONS of the allocating thread
     iters : 0=76.84%  1=1.23%  2-3=0.23%  4-7=0.43%  8+=21.27%
  read-its : 0=76.84%  1=2.32%  2-3=2.55%  4-7=4.78%  8+=13.51%   (only iterations that saw >=1 channelRead)
  iters p50=0 p90=285 p99=1296 p99.9=2387 max=3770
  wall-clock lifetime us: p50=710.1 p90=1052.1 p99=1493.3 p99.9=6129.8 max=10703.1

(b) released on the allocating thread: 100.000%  (cross-thread: 0)

(c) nesting class at release: only=0.00%  youngest=0.00%  oldest=80.88%  middle=19.12%
     within same-iteration releases (644064, 76.84% of all): only=0.00%  youngest=0.00%  oldest=79.91%  middle=20.09%

(d) size bucket (power-of-two ceiling of the requested capacity)
     16384=0.03%  8192=94.09%  64=2.94%  2=2.94%
     exact sizes: 8192=94.09%  2=2.94%  52=2.94%  16384=0.03%

(e) release cause (first non-allocator frame of the FreeBuffer stack)
     aggregator              94.054%  top site: io.netty.handler.codec.http.HttpObjectAggregator$AggregatedFullHttpMessage.release
     codec-encoder            2.940%  top site: io.netty.handler.codec.http.HttpObjectEncoder.encodeFullHttpMessage
     write-completion         2.940%  top site: io.netty.channel.ChannelOutboundBuffer.remove
     decoder/cumulation       0.059%  top site: io.netty.handler.codec.ByteToMessageDecoder$1.cumulate
     other:no-site            0.007%  top site: io.netty.buffer.CompositeByteBuf$Component.free

    cause x lifetime-in-iterations (row %% of all pairs)
    cause                         0        1      2-3      4-7       8+     share
    aggregator              70.934%   1.202%   0.232%   0.429%  21.257%   94.054%
    codec-encoder            2.940%   0.000%   0.000%   0.000%   0.000%    2.940%
    write-completion         2.917%   0.024%   0.000%   0.000%   0.000%    2.940%
    decoder/cumulation       0.046%   0.001%   0.000%   0.000%   0.011%    0.059%
    other:no-site            0.006%   0.000%   0.000%   0.000%   0.001%    0.007%

    cause x size bucket (row %% of all pairs)
    cause                       8192         2        64     16384
    aggregator               94.023%    0.000%    0.000%    0.031%
    codec-encoder             0.000%    2.940%    0.000%    0.000%
    write-completion          0.000%    0.000%    2.940%    0.000%
    decoder/cumulation        0.059%    0.000%    0.000%    0.000%
    other:no-site             0.007%    0.000%    0.000%    0.000%

    max lifetime: 3770 iterations (1698.1 us), size=8192, cause=aggregator, site=io.netty.handler.codec.http.HttpObjectAggregator$AggregatedFullHttpMessage.release
    max wall-clock: 10703.1 us (0 iterations), size=8192, cause=aggregator

(f) live buffers at end of iteration, per event-loop thread
    thread                          iters  avgLive  maxLive   avgAlloc maxAlloc
    multiThreadIoEventLoopGroup-3-1   243585    73.80      124       0.89     4354
    multiThreadIoEventLoopGroup-3-2   242795    71.85      124       0.90     4355
    multiThreadIoEventLoopGroup-3-3   229146    73.53      124       0.88     4355
    multiThreadIoEventLoopGroup-3-4   250533    79.27      128       0.81     4355
    live-at-marker over all markers: mean=74.665 p50=70 p90=92 p99=98 p99.9=116 max=128 ; markers with >0 live=966059 (100.00%)
    allocations per iteration (all EL threads): mean=0.87 p50=0 p90=0 p99=2 max=4355  zero-alloc iterations=97.5%
    channelReads per iteration: mean=0.90 p50=0 p90=0 p99=3 max=4229

(g) the buffers that DO cross an iteration boundary (194094, 23.157% of pairs)
     io.netty.handler.codec.http.HttpObjectAggregator$Aggregate 23.120% of all  iters p50=225 p99=1812 max=3770  bytes=1514.2 MiB
     io.netty.channel.ChannelOutboundBuffer.remove               0.024% of all  iters p50=1 p99=1 max=1  bytes=0.0 MiB
     io.netty.handler.codec.ByteToMessageDecoder$1.cumulate      0.007% of all  iters p50=265 p99=1369 max=1369  bytes=0.5 MiB
     io.netty.handler.codec.ByteToMessageDecoder.expandCumulati  0.005% of all  iters p50=263 p99=1369 max=1369  bytes=0.3 MiB
     io.netty.buffer.CompositeByteBuf$Component.free             0.001% of all  iters p50=146 p99=2488 max=2488  bytes=0.1 MiB
     io.netty.handler.codec.ByteToMessageDecoder.channelRead     0.000% of all  iters p50=13 p99=13 max=13  bytes=0.0 MiB
     sizes of the crossing buffers: 16384=0.02%  8192=99.88%  64=0.10%
     bytes held across a boundary: 1515.1 MiB of 6166.3 MiB allocated in the window (24.57%)

    diagnostics: pairs whose stack had no non-plumbing frame=59 (0.007%); pairs crossing >=1 marker=194094 (23.157%)

HEADLINE CLASSIFICATION
    ii-same-iter-out-of-order                 76.843%  (644064)
    iv-cross-iter-cumulation/aggregation      23.132%  (193885)
    iii-cross-iter-write-completion            0.024%  (198)
    vi-cross-iter-other:other:no-site          0.001%  (11)
== cell end 23:47:41 rc=0
released (ringalloc) at 23:47:41 rc=0
### cell w1-io_uring-adaptive-ra-builtinadaptive  2026-09-25T23:47:41+02:00
waiting for the bench lock (ringalloc) at 23:47:41
got the bench lock (ringalloc) at 23:47:41
== cell start 23:47:41 :: topology/run.sh w1-io_uring-adaptive-ra-builtinadaptive h1snoop 18080 4 3 1.5 -- h2load --h1 -c 64 -t 4 -D 8 -d /home/forked_franz/IdeaProjects/netty-eventloop-arena-poc/results/ryzen9-7950x-node0/arena-v3/ring-alloc/topology/body4k http://127.0.0.1:18080/
== scaling_max_freq set=2300000 readback=2300000, cpus=32 governor=performance
== loadavg 2.73 3.86 3.41 1/1269 2892601
== runnable samples: 2 2 2 2 2 2 max=2 (limit 4)
TRANSPORT transport=io_uring ringSize=128 cqSize=4096 singleIssuer=true bufferRing=on [bgId=1 entries=64 chunk=8192 incremental=true batchSize=32 batchAllocation=false alloc=builtinadaptive allocClass=IoUringAdaptiveBufferRingAllocator/AdaptiveByteBufAllocator] zeroCopyThreshold=-1 | IoUring features: CQE_F_SOCK_NONEMPTY_SUPPORTED=true, UNIX_DOMAIN_SOCKET_INQ_SUPPORTED=true, SPLICE_SUPPORTED=true, ACCEPT_NO_WAIT_SUPPORTED=true, ACCEPT_MULTISHOT_SUPPORTED=true, POLL_ADD_MULTISHOT_SUPPORTED=true, RECV_MULTISHOT_SUPPORTED=true, IORING_RECVSEND_BUNDLE_SUPPORTED=true, REGISTER_IOWQ_MAX_WORKERS_SUPPORTED=true, SETUP_SUBMIT_ALL_SUPPORTED=true, SETUP_CQE_MIXED_SUPPORTED=true, SETUP_CQ_SIZE_SUPPORTED=true, SETUP_SINGLE_ISSUER_SUPPORTED=true, SETUP_DEFER_TASKRUN_SUPPORTED=true, SETUP_NO_SQARRAY_SUPPORTED=true, REGISTER_BUFFER_RING_SUPPORTED=true, REGISTER_BUFFER_RING_INC_SUPPORTED=true, SEND_ZC_SUPPORTED=true, SENDMSG_ZC_SUPPORTED=true, ENTER_NO_IOWAIT_SUPPORTED=true
WINDOW DONE
-rw-r--r--. 1 forked_franz forked_franz 26485905 Sep 25 23:47 /home/forked_franz/IdeaProjects/netty-eventloop-arena-poc/results/ryzen9-7950x-node0/arena-v3/ring-alloc/topology/w1-io_uring-adaptive-ra-builtinadaptive.jfr
Main benchmark duration is started for thread #0.
Application protocol: http/1.1
Main benchmark duration is over for thread #3. Stopping all clients.
Stopped all clients for thread #3
Main benchmark duration is over for thread #2. Stopping all clients.
Stopped all clients for thread #2
Main benchmark duration is over for thread #1. Stopping all clients.
Stopped all clients for thread #1
Main benchmark duration is over for thread #0. Stopping all clients.
Stopped all clients for thread #0

finished in 8.00s, 134374.00 req/s, 580.49MB/s
requests: 1074992 total, 1075056 started, 1074992 done, 1074992 succeeded, 0 failed, 0 errored, 0 timeout
status codes: 1074992 2xx, 0 3xx, 0 4xx, 0 5xx
traffic: 4.54GB (4869526120) total, 119.95MB (125777106) headers (space savings 0.00%), 4.38GB (4701941109) data
                     min         max         mean         sd        +/- sd
time for request:       91us     73.67ms       478us       771us    98.02%
time for connect:        2us       234us       105us        60us    60.94%
time to 1st byte:    72.08ms     73.70ms     72.95ms       490us    56.25%
req/s           :    2074.57     2142.78     2099.52       17.36    71.88%
dumped 850506 events -> /home/forked_franz/IdeaProjects/netty-eventloop-arena-poc/results/ryzen9-7950x-node0/arena-v3/ring-alloc/topology/w1-io_uring-adaptive-ra-builtinadaptive.tsv
================================================================================================
WORKLOAD w1-io_uring-adaptive-ra-builtinadaptive   (w1-io_uring-adaptive-ra-builtinadaptive.tsv)
================================================================================================
events: AllocateBuffer=416663 FreeBuffer=416633 ReallocateBuffer=0 IterationEnd=17210
pairs=416431  unpaired releases (alloc before window)=202  still live at window end=232  truncated stacks=416431  address reused with no release event=0
BALANCE CHECK: allocs(416663) - pairs(416431) - live-at-end(232) - reuse(0) = 0  (must be 0)
event-loop threads with markers: 4  iterations total=17210  with reads>0=410 (2.4%)

(a) lifetime in event-loop ITERATIONS of the allocating thread
     iters : 0=96.53%  1=3.16%  2-3=0.01%  4-7=0.02%  8+=0.28%
  read-its : 0=96.53%  1=3.22%  2-3=0.11%  4-7=0.11%  8+=0.03%   (only iterations that saw >=1 channelRead)
  iters p50=0 p90=0 p99=1 p99.9=270 max=5230
  wall-clock lifetime us: p50=242.8 p90=2440.5 p99=6773.2 p99.9=14013.6 max=21069.8

(b) released on the allocating thread: 100.000%  (cross-thread: 0)

(c) nesting class at release: only=0.00%  youngest=0.00%  oldest=15.05%  middle=84.95%
     within same-iteration releases (401997, 96.53% of all): only=0.00%  youngest=0.00%  oldest=13.29%  middle=86.71%

(d) size bucket (power-of-two ceiling of the requested capacity)
     65536=0.24%  32768=2.21%  16384=2.61%  8192=45.21%  4096=4.83%  2048=2.24%  1024=0.35%  512=0.00%  256=42.31%
     exact sizes: 208=42.31%  4370=28.87%  4381=12.20%  4096=4.83%  8192=2.90%  16384=2.61%

(e) release cause (first non-allocator frame of the FreeBuffer stack)
     write-completion        84.617%  top site: io.netty.channel.ChannelOutboundBuffer.remove
     handler                 14.907%  top site: io.netty.channel.SimpleChannelInboundHandler.channelRead
     decoder/cumulation       0.475%  top site: io.netty.handler.codec.ByteToMessageDecoder.expandCumulation

    cause x lifetime-in-iterations (row %% of all pairs)
    cause                         0        1      2-3      4-7       8+     share
    write-completion        83.381%   1.236%   0.000%   0.000%   0.000%   84.617%
    handler                 12.745%   1.869%   0.009%   0.016%   0.269%   14.907%
    decoder/cumulation       0.408%   0.059%   0.000%   0.000%   0.008%    0.475%

    cause x size bucket (row %% of all pairs)
    cause                       8192       256      4096     16384      2048     32768
    write-completion         42.309%   42.309%    0.000%    0.000%    0.000%    0.000%
    handler                   2.848%    0.000%    4.636%    2.548%    2.144%    2.160%
    decoder/cumulation        0.054%    0.000%    0.192%    0.061%    0.097%    0.053%

    max lifetime: 5230 iterations (4575.0 us), size=8192, cause=handler, site=io.netty.channel.SimpleChannelInboundHandler.channelRead
    max wall-clock: 21069.8 us (0 iterations), size=16384, cause=handler

(f) live buffers at end of iteration, per event-loop thread
    thread                          iters  avgLive  maxLive   avgAlloc maxAlloc
    multiThreadIoEventLoopGroup-3-1     1186    33.09       64      89.10     2258
    multiThreadIoEventLoopGroup-3-2     1003    33.23       64      99.01     2292
    multiThreadIoEventLoopGroup-3-3    11241    32.12       64       9.31     2355
    multiThreadIoEventLoopGroup-3-4     3780    32.34       64      27.46     2296
    live-at-marker over all markers: mean=32.299 p50=32 p90=32 p99=50 p99.9=60 max=64 ; markers with >0 live=17210 (100.00%)
    allocations per iteration (all EL threads): mean=24.03 p50=0 p90=0 p99=1489 max=2355  zero-alloc iterations=97.6%
    channelReads per iteration: mean=13.86 p50=0 p90=0 p99=851 max=1374

(g) the buffers that DO cross an iteration boundary (14434, 3.466% of pairs)
     io.netty.channel.SimpleChannelInboundHandler.channelRead    2.163% of all  iters p50=1 p99=1659 max=5230  bytes=105.6 MiB
     io.netty.channel.ChannelOutboundBuffer.remove               1.236% of all  iters p50=1 p99=1 max=1  bytes=11.2 MiB
     io.netty.handler.codec.ByteToMessageDecoder.expandCumulati  0.045% of all  iters p50=1 p99=2701 max=5230  bytes=2.3 MiB
     io.netty.handler.codec.ByteToMessageDecoder$1.cumulate      0.020% of all  iters p50=1 p99=500 max=500  bytes=0.3 MiB
     io.netty.handler.codec.ByteToMessageDecoder.channelRead     0.002% of all  iters p50=1 p99=4 max=4  bytes=0.2 MiB
     sizes of the crossing buffers: 65536=1.32%  32768=9.73%  16384=11.42%  8192=29.01%  4096=20.27%  2048=9.21%  1024=1.21%  256=17.83%
     bytes held across a boundary: 119.6 MiB of 1482.6 MiB allocated in the window (8.07%)

    diagnostics: pairs whose stack had no non-plumbing frame=0 (0.000%); pairs crossing >=1 marker=14434 (3.466%)

HEADLINE CLASSIFICATION
    ii-same-iter-out-of-order                 96.533%  (401995)
    vi-cross-iter-other:handler                2.163%  (9006)
    iii-cross-iter-write-completion            1.236%  (5146)
    iv-cross-iter-cumulation/aggregation       0.068%  (282)
    i-same-iter-LIFO                           0.000%  (2)
== cell end 23:48:13 rc=0
released (ringalloc) at 23:48:13 rc=0
### cell w3-io_uring-adaptive-ra-builtinadaptive  2026-09-25T23:48:13+02:00
waiting for the bench lock (ringalloc) at 23:48:13
got the bench lock (ringalloc) at 23:48:13
== cell start 23:48:13 :: topology/run.sh w3-io_uring-adaptive-ra-builtinadaptive h2echo 18080 4 3 1.5 -- h2load -c 8 -m 16 -t 4 -D 8 -w 12 -d /home/forked_franz/IdeaProjects/netty-eventloop-arena-poc/results/ryzen9-7950x-node0/arena-v3/ring-alloc/topology/body64k http://127.0.0.1:18080/
== scaling_max_freq set=2300000 readback=2300000, cpus=32 governor=performance
== loadavg 2.65 3.72 3.38 1/1271 2893259
== runnable samples: 2 2 2 2 2 2 max=2 (limit 4)
TRANSPORT transport=io_uring ringSize=128 cqSize=4096 singleIssuer=true bufferRing=on [bgId=1 entries=64 chunk=8192 incremental=true batchSize=32 batchAllocation=false alloc=builtinadaptive allocClass=IoUringAdaptiveBufferRingAllocator/AdaptiveByteBufAllocator] zeroCopyThreshold=-1 | IoUring features: CQE_F_SOCK_NONEMPTY_SUPPORTED=true, UNIX_DOMAIN_SOCKET_INQ_SUPPORTED=true, SPLICE_SUPPORTED=true, ACCEPT_NO_WAIT_SUPPORTED=true, ACCEPT_MULTISHOT_SUPPORTED=true, POLL_ADD_MULTISHOT_SUPPORTED=true, RECV_MULTISHOT_SUPPORTED=true, IORING_RECVSEND_BUNDLE_SUPPORTED=true, REGISTER_IOWQ_MAX_WORKERS_SUPPORTED=true, SETUP_SUBMIT_ALL_SUPPORTED=true, SETUP_CQE_MIXED_SUPPORTED=true, SETUP_CQ_SIZE_SUPPORTED=true, SETUP_SINGLE_ISSUER_SUPPORTED=true, SETUP_DEFER_TASKRUN_SUPPORTED=true, SETUP_NO_SQARRAY_SUPPORTED=true, REGISTER_BUFFER_RING_SUPPORTED=true, REGISTER_BUFFER_RING_INC_SUPPORTED=true, SEND_ZC_SUPPORTED=true, SENDMSG_ZC_SUPPORTED=true, ENTER_NO_IOWAIT_SUPPORTED=true
WINDOW DONE
-rw-r--r--. 1 forked_franz forked_franz 57186962 Sep 25 23:48 /home/forked_franz/IdeaProjects/netty-eventloop-arena-poc/results/ryzen9-7950x-node0/arena-v3/ring-alloc/topology/w3-io_uring-adaptive-ra-builtinadaptive.jfr
Warm-up phase is over for thread #2.
Main benchmark duration is started for thread #2.
Main benchmark duration is over for thread #1. Stopping all clients.
Stopped all clients for thread #1
Main benchmark duration is over for thread #Main benchmark duration is over for thread #0. Stopping all clients.
Stopped all clients for thread #0
2. Stopping all clients.
Stopped all clients for thread #2
Main benchmark duration is over for thread #3. Stopping all clients.
Stopped all clients for thread #3

finished in 8.00s, 14053.00 req/s, 886.80MB/s
requests: 112424 total, 112552 started, 112424 done, 112424 succeeded, 0 failed, 0 errored, 0 timeout
status codes: 112541 2xx, 0 3xx, 0 4xx, 0 5xx
traffic: 6.93GB (7439021952) total, 109.90KB (112541) headers (space savings 90.00%), 6.87GB (7371494929) data
                     min         max         mean         sd        +/- sd
time for request:     3.65ms    251.44ms      9.08ms     12.91ms    96.91%
time for connect:       13us        48us        31us        14us    62.50%
time to 1st byte:   147.13ms    148.26ms    147.47ms       477us    75.00%
req/s           :    1691.36     1798.37     1756.60       40.76    62.50%
dumped 1944383 events -> /home/forked_franz/IdeaProjects/netty-eventloop-arena-poc/results/ryzen9-7950x-node0/arena-v3/ring-alloc/topology/w3-io_uring-adaptive-ra-builtinadaptive.tsv
================================================================================================
WORKLOAD w3-io_uring-adaptive-ra-builtinadaptive   (w3-io_uring-adaptive-ra-builtinadaptive.tsv)
================================================================================================
events: AllocateBuffer=971993 FreeBuffer=972047 ReallocateBuffer=12 IterationEnd=331
pairs=971304  unpaired releases (alloc before window)=755  still live at window end=689  truncated stacks=971292  address reused with no release event=0
BALANCE CHECK: allocs(971993) - pairs(971304) - live-at-end(689) - reuse(0) = 0  (must be 0)
event-loop threads with markers: 4  iterations total=331  with reads>0=331 (100.0%)

(a) lifetime in event-loop ITERATIONS of the allocating thread
     iters : 0=94.71%  1=4.16%  2-3=1.13%  4-7=0.00%  8+=0.00%
  read-its : 0=94.71%  1=4.16%  2-3=1.13%  4-7=0.00%  8+=0.00%   (only iterations that saw >=1 channelRead)
  iters p50=0 p90=0 p99=2 p99.9=2 max=3
  wall-clock lifetime us: p50=435.1 p90=725.9 p99=37928.9 p99.9=63840.5 max=249102.5

(b) released on the allocating thread: 100.000%  (cross-thread: 0)

(c) nesting class at release: only=0.00%  youngest=0.00%  oldest=0.36%  middle=99.64%
     within same-iteration releases (919915, 94.71% of all): only=0.00%  youngest=0.00%  oldest=0.01%  middle=99.99%

(d) size bucket (power-of-two ceiling of the requested capacity)
     131072=0.10%  65536=1.94%  32768=1.02%  16384=0.31%  8192=0.01%  4096=0.00%  2048=0.00%  1024=0.00%  512=0.00%  256=1.45%
     exact sizes: 9=90.81%  13=2.92%  65536=1.94%  256=1.45%  15=1.45%  32768=1.02%

(e) release cause (first non-allocator frame of the FreeBuffer stack)
     write-completion        96.626%  top site: io.netty.channel.ChannelOutboundBuffer.remove
     other:no-site            2.852%  top site: io.netty.buffer.CompositeByteBuf$Component.free
     decoder/cumulation       0.521%  top site: io.netty.handler.codec.ByteToMessageDecoder$1.cumulate
     realloc-grow             0.001%  top site: io.netty.buffer.AdaptiveByteBuf.capacity

    cause x lifetime-in-iterations (row %% of all pairs)
    cause                         0        1      2-3      4-7       8+     share
    write-completion        94.144%   2.482%   0.000%   0.000%   0.000%   96.626%
    other:no-site            0.558%   1.250%   1.044%   0.000%   0.000%    2.852%
    decoder/cumulation       0.006%   0.426%   0.088%   0.000%   0.000%    0.521%
    realloc-grow             0.001%   0.000%   0.000%   0.000%   0.000%    0.001%

    cause x size bucket (row %% of all pairs)
    cause                         16     65536       256     32768     16384    131072
    write-completion         95.172%    0.004%    1.446%    0.002%    0.000%    0.002%
    other:no-site             0.000%    1.847%    0.000%    0.648%    0.244%    0.096%
    decoder/cumulation        0.000%    0.087%    0.002%    0.366%    0.060%    0.000%
    realloc-grow              0.000%    0.000%    0.000%    0.000%    0.001%    0.000%

    max lifetime: 3 iterations (80829.1 us), size=65536, cause=other:no-site, site=io.netty.buffer.CompositeByteBuf$Component.free
    max wall-clock: 249102.5 us (2 iterations), size=65536, cause=other:no-site

(f) live buffers at end of iteration, per event-loop thread
    thread                          iters  avgLive  maxLive   avgAlloc maxAlloc
    multiThreadIoEventLoopGroup-3-1       87   189.64      232    2794.77     3626
    multiThreadIoEventLoopGroup-3-2       69   191.03      241    3057.19     3563
    multiThreadIoEventLoopGroup-3-3       88   188.53      237    2943.74     3440
    multiThreadIoEventLoopGroup-3-4       87   190.97      237    2908.54     3297
    live-at-marker over all markers: mean=189.985 p50=192 p90=218 p99=236 p99.9=241 max=241 ; markers with >0 live=331 (100.00%)
    allocations per iteration (all EL threads): mean=2918.98 p50=2908 p90=3216 p99=3531 max=3626  zero-alloc iterations=0.0%
    channelReads per iteration: mean=165.22 p50=166 p90=172 p99=178 max=180

(g) the buffers that DO cross an iteration boundary (51389, 5.291% of pairs)
     io.netty.channel.ChannelOutboundBuffer.remove               2.482% of all  iters p50=1 p99=1 max=2  bytes=3.8 MiB
     io.netty.buffer.CompositeByteBuf$Component.free             2.294% of all  iters p50=1 p99=2 max=3  bytes=1201.4 MiB
     io.netty.handler.codec.ByteToMessageDecoder$1.cumulate      0.365% of all  iters p50=1 p99=2 max=2  bytes=103.6 MiB
     io.netty.handler.codec.ByteToMessageDecoder.expandCumulati  0.148% of all  iters p50=1 p99=2 max=2  bytes=68.7 MiB
     io.netty.handler.codec.ByteToMessageDecoder.channelRead     0.001% of all  iters p50=1 p99=2 max=2  bytes=0.5 MiB
     sizes of the crossing buffers: 131072=1.28%  65536=30.97%  32768=16.63%  16384=4.08%  8192=0.15%  4096=0.04%  2048=0.02%  1024=0.01%
     bytes held across a boundary: 1378.1 MiB of 1662.8 MiB allocated in the window (82.88%)

    diagnostics: pairs whose stack had no non-plumbing frame=27702 (2.852%); pairs crossing >=1 marker=51389 (5.291%)

HEADLINE CLASSIFICATION
    ii-same-iter-out-of-order                 94.709%  (919915)
    iii-cross-iter-write-completion            2.482%  (24106)
    vi-cross-iter-other:other:no-site          2.294%  (22285)
    iv-cross-iter-cumulation/aggregation       0.515%  (4998)
== cell end 23:49:03 rc=0
released (ringalloc) at 23:49:03 rc=0
### cell w5-io_uring-adaptive-ra-builtinadaptive  2026-09-25T23:49:03+02:00
waiting for the bench lock (ringalloc) at 23:49:03
got the bench lock (ringalloc) at 23:49:03
== cell start 23:49:03 :: topology/run.sh w5-io_uring-adaptive-ra-builtinadaptive h1agg 18080 4 3 1.5 -- h2load --h1 -c 64 -t 4 -D 8 -d /home/forked_franz/IdeaProjects/netty-eventloop-arena-poc/results/ryzen9-7950x-node0/arena-v3/ring-alloc/topology/body256k http://127.0.0.1:18080/
== scaling_max_freq set=2300000 readback=2300000, cpus=32 governor=performance
== loadavg 2.17 3.45 3.31 1/1275 2894044
== runnable samples: 3 1 3 2 2 2 max=3 (limit 4)
TRANSPORT transport=io_uring ringSize=128 cqSize=4096 singleIssuer=true bufferRing=on [bgId=1 entries=64 chunk=8192 incremental=true batchSize=32 batchAllocation=false alloc=builtinadaptive allocClass=IoUringAdaptiveBufferRingAllocator/AdaptiveByteBufAllocator] zeroCopyThreshold=-1 | IoUring features: CQE_F_SOCK_NONEMPTY_SUPPORTED=true, UNIX_DOMAIN_SOCKET_INQ_SUPPORTED=true, SPLICE_SUPPORTED=true, ACCEPT_NO_WAIT_SUPPORTED=true, ACCEPT_MULTISHOT_SUPPORTED=true, POLL_ADD_MULTISHOT_SUPPORTED=true, RECV_MULTISHOT_SUPPORTED=true, IORING_RECVSEND_BUNDLE_SUPPORTED=true, REGISTER_IOWQ_MAX_WORKERS_SUPPORTED=true, SETUP_SUBMIT_ALL_SUPPORTED=true, SETUP_CQE_MIXED_SUPPORTED=true, SETUP_CQ_SIZE_SUPPORTED=true, SETUP_SINGLE_ISSUER_SUPPORTED=true, SETUP_DEFER_TASKRUN_SUPPORTED=true, SETUP_NO_SQARRAY_SUPPORTED=true, REGISTER_BUFFER_RING_SUPPORTED=true, REGISTER_BUFFER_RING_INC_SUPPORTED=true, SEND_ZC_SUPPORTED=true, SENDMSG_ZC_SUPPORTED=true, ENTER_NO_IOWAIT_SUPPORTED=true
WINDOW DONE
-rw-r--r--. 1 forked_franz forked_franz 118222195 Sep 25 23:49 /home/forked_franz/IdeaProjects/netty-eventloop-arena-poc/results/ryzen9-7950x-node0/arena-v3/ring-alloc/topology/w5-io_uring-adaptive-ra-builtinadaptive.jfr
Warm-up phase is over for thread #1.
Main benchmark duration is started for thread #1.
Main benchmark duration is over for thread #3. Stopping all clients.
Stopped all clients for thread #3
Main benchmark duration is over for thread #1. Stopping all clients.
Stopped all clients for thread #1
Main benchmark duration is over for thread #0. Stopping all clients.
Stopped all clients for thread #0
Main benchmark duration is over for thread #2. Stopping all clients.
Stopped all clients for thread #2

finished in 8.00s, 12227.50 req/s, 477.64KB/s
requests: 97820 total, 97884 started, 97820 done, 97820 succeeded, 0 failed, 0 errored, 0 timeout
status codes: 97820 2xx, 0 3xx, 0 4xx, 0 5xx
traffic: 3.73MB (3912800) total, 1.40MB (1467765) headers (space savings 0.00%), 191.12KB (195702) data
                     min         max         mean         sd        +/- sd
time for request:      935us    137.59ms      5.23ms      3.37ms    99.42%
time for connect:        2us       395us       199us       117us    56.25%
time to 1st byte:   113.86ms    137.63ms    125.53ms      6.75ms    64.06%
req/s           :     189.44      192.57      191.01        0.73    65.63%
dumped 9091740 events -> /home/forked_franz/IdeaProjects/netty-eventloop-arena-poc/results/ryzen9-7950x-node0/arena-v3/ring-alloc/topology/w5-io_uring-adaptive-ra-builtinadaptive.tsv
================================================================================================
WORKLOAD w5-io_uring-adaptive-ra-builtinadaptive   (w5-io_uring-adaptive-ra-builtinadaptive.tsv)
================================================================================================
events: AllocateBuffer=201201 FreeBuffer=201200 ReallocateBuffer=0 IterationEnd=8689339
pairs=200935  unpaired releases (alloc before window)=265  still live at window end=266  truncated stacks=200935  address reused with no release event=0
BALANCE CHECK: allocs(201201) - pairs(200935) - live-at-end(266) - reuse(0) = 0  (must be 0)
event-loop threads with markers: 4  iterations total=8689339  with reads>0=158724 (1.8%)

(a) lifetime in event-loop ITERATIONS of the allocating thread
     iters : 0=22.04%  1=0.05%  2-3=0.04%  4-7=0.01%  8+=77.86%
  read-its : 0=22.04%  1=0.37%  2-3=0.36%  4-7=0.64%  8+=76.59%   (only iterations that saw >=1 channelRead)
  iters p50=2658 p90=6428 p99=8875 p99.9=9877 max=10394
  wall-clock lifetime us: p50=2434.8 p90=3850.1 p99=4646.6 p99.9=7006.6 max=10401.5

(b) released on the allocating thread: 100.000%  (cross-thread: 0)

(c) nesting class at release: only=0.00%  youngest=0.00%  oldest=72.34%  middle=27.66%
     within same-iteration releases (44280, 22.04% of all): only=0.00%  youngest=0.00%  oldest=4.05%  middle=95.95%

(d) size bucket (power-of-two ceiling of the requested capacity)
     65536=24.30%  32768=19.78%  16384=24.83%  8192=8.87%  4096=1.28%  2048=0.10%  1024=0.01%  64=10.42%  2=10.42%
     exact sizes: 16384=24.83%  65536=24.30%  32768=19.78%  2=10.42%  52=10.42%  8192=8.87%

(e) release cause (first non-allocator frame of the FreeBuffer stack)
     aggregator              79.144%  top site: io.netty.handler.codec.http.HttpObjectAggregator$AggregatedFullHttpMessage.release
     codec-encoder           10.418%  top site: io.netty.handler.codec.http.HttpObjectEncoder.encodeFullHttpMessage
     write-completion        10.418%  top site: io.netty.channel.ChannelOutboundBuffer.remove
     decoder/cumulation       0.015%  top site: io.netty.handler.codec.ByteToMessageDecoder$1.cumulate
     other:no-site            0.005%  top site: io.netty.buffer.CompositeByteBuf$Component.free

    cause x lifetime-in-iterations (row %% of all pairs)
    cause                         0        1      2-3      4-7       8+     share
    aggregator               1.201%   0.049%   0.041%   0.009%  77.843%   79.144%
    codec-encoder           10.418%   0.000%   0.000%   0.000%   0.000%   10.418%
    write-completion        10.418%   0.000%   0.000%   0.000%   0.000%   10.418%
    decoder/cumulation       0.000%   0.000%   0.000%   0.000%   0.015%    0.015%
    other:no-site            0.000%   0.000%   0.000%   0.000%   0.005%    0.005%

    cause x size bucket (row %% of all pairs)
    cause                      16384     65536     32768         2        64      8192
    aggregator               24.818%   24.298%   19.776%    0.000%    0.000%    8.867%
    codec-encoder             0.000%    0.000%    0.000%   10.418%    0.000%    0.000%
    write-completion          0.000%    0.000%    0.000%    0.000%   10.418%    0.000%
    decoder/cumulation        0.005%    0.002%    0.004%    0.000%    0.000%    0.002%
    other:no-site             0.001%    0.001%    0.001%    0.000%    0.000%    0.001%

    max lifetime: 10394 iterations (4446.5 us), size=65536, cause=aggregator, site=io.netty.handler.codec.http.HttpObjectAggregator$AggregatedFullHttpMessage.release
    max wall-clock: 10401.5 us (1949 iterations), size=65536, cause=aggregator

(f) live buffers at end of iteration, per event-loop thread
    thread                          iters  avgLive  maxLive   avgAlloc maxAlloc
    multiThreadIoEventLoopGroup-3-1  2093336    66.31       96       0.02      378
    multiThreadIoEventLoopGroup-3-2  2103961    67.08       91       0.02      352
    multiThreadIoEventLoopGroup-3-3  2161446    66.37       92       0.02      211
    multiThreadIoEventLoopGroup-3-4  2330596    66.42       90       0.02      209
    live-at-marker over all markers: mean=66.542 p50=64 p90=72 p99=78 p99.9=83 max=96 ; markers with >0 live=8689339 (100.00%)
    allocations per iteration (all EL threads): mean=0.02 p50=0 p90=0 p99=0 max=378  zero-alloc iterations=99.0%
    channelReads per iteration: mean=0.05 p50=0 p90=0 p99=2 max=341

(g) the buffers that DO cross an iteration boundary (156655, 77.963% of pairs)
     io.netty.handler.codec.http.HttpObjectAggregator$Aggregate 77.943% of all  iters p50=3711 p99=8971 max=10394  bytes=5092.2 MiB
     io.netty.handler.codec.ByteToMessageDecoder$1.cumulate      0.008% of all  iters p50=4294 p99=9613 max=9613  bytes=0.3 MiB
     io.netty.handler.codec.ByteToMessageDecoder.expandCumulati  0.006% of all  iters p50=4371 p99=8126 max=8126  bytes=0.4 MiB
     io.netty.buffer.CompositeByteBuf$Component.free             0.005% of all  iters p50=4311 p99=5733 max=5733  bytes=0.3 MiB
     io.netty.handler.codec.ByteToMessageDecoder.channelRead     0.001% of all  iters p50=4716 p99=4716 max=4716  bytes=0.1 MiB
     sizes of the crossing buffers: 65536=30.01%  32768=25.07%  16384=31.78%  8192=11.36%  4096=1.64%  2048=0.12%  1024=0.01%
     bytes held across a boundary: 5093.2 MiB of 5224.2 MiB allocated in the window (97.49%)

    diagnostics: pairs whose stack had no non-plumbing frame=10 (0.005%); pairs crossing >=1 marker=156655 (77.963%)

HEADLINE CLASSIFICATION
    iv-cross-iter-cumulation/aggregation      77.958%  (156645)
    ii-same-iter-out-of-order                 22.037%  (44280)
    vi-cross-iter-other:other:no-site          0.005%  (10)
== cell end 23:50:01 rc=0
released (ringalloc) at 23:50:01 rc=0
### cell w1-io_uring-adaptive-ra-slab  2026-09-25T23:50:01+02:00
waiting for the bench lock (ringalloc) at 23:50:01
got the bench lock (ringalloc) at 23:50:01
== cell start 23:50:01 :: topology/run.sh w1-io_uring-adaptive-ra-slab h1snoop 18080 4 3 1.5 -- h2load --h1 -c 64 -t 4 -D 8 -d /home/forked_franz/IdeaProjects/netty-eventloop-arena-poc/results/ryzen9-7950x-node0/arena-v3/ring-alloc/topology/body4k http://127.0.0.1:18080/
== scaling_max_freq set=2300000 readback=2300000, cpus=32 governor=performance
== loadavg 2.06 3.26 3.25 1/1275 2894838
== runnable samples: 2 2 2 2 2 2 max=2 (limit 4)
TRANSPORT transport=io_uring ringSize=128 cqSize=4096 singleIssuer=true bufferRing=on [bgId=1 entries=64 chunk=8192 incremental=true batchSize=32 batchAllocation=false alloc=slab allocClass=RegisteredSlabBufferRingAllocator[256x8192 per loop]] zeroCopyThreshold=-1 | IoUring features: CQE_F_SOCK_NONEMPTY_SUPPORTED=true, UNIX_DOMAIN_SOCKET_INQ_SUPPORTED=true, SPLICE_SUPPORTED=true, ACCEPT_NO_WAIT_SUPPORTED=true, ACCEPT_MULTISHOT_SUPPORTED=true, POLL_ADD_MULTISHOT_SUPPORTED=true, RECV_MULTISHOT_SUPPORTED=true, IORING_RECVSEND_BUNDLE_SUPPORTED=true, REGISTER_IOWQ_MAX_WORKERS_SUPPORTED=true, SETUP_SUBMIT_ALL_SUPPORTED=true, SETUP_CQE_MIXED_SUPPORTED=true, SETUP_CQ_SIZE_SUPPORTED=true, SETUP_SINGLE_ISSUER_SUPPORTED=true, SETUP_DEFER_TASKRUN_SUPPORTED=true, SETUP_NO_SQARRAY_SUPPORTED=true, REGISTER_BUFFER_RING_SUPPORTED=true, REGISTER_BUFFER_RING_INC_SUPPORTED=true, SEND_ZC_SUPPORTED=true, SENDMSG_ZC_SUPPORTED=true, ENTER_NO_IOWAIT_SUPPORTED=true
WINDOW DONE
-rw-r--r--. 1 forked_franz forked_franz 21895602 Sep 25 23:50 /home/forked_franz/IdeaProjects/netty-eventloop-arena-poc/results/ryzen9-7950x-node0/arena-v3/ring-alloc/topology/w1-io_uring-adaptive-ra-slab.jfr
Main benchmark duration is started for thread #0.
Application protocol: http/1.1
Main benchmark duration is over for thread #3. Stopping all clients.
Stopped all clients for thread #3
Main benchmark duration is over for thread #2. Stopping all clients.
Stopped all clients for thread #2
Main benchmark duration is over for thread #1. Stopping all clients.
Stopped all clients for thread #1
Main benchmark duration is over for thread #0. Stopping all clients.
Stopped all clients for thread #0

finished in 8.00s, 131524.25 req/s, 568.39MB/s
requests: 1052194 total, 1052258 started, 1052194 done, 1052194 succeeded, 0 failed, 0 errored, 0 timeout
status codes: 1052194 2xx, 0 3xx, 0 4xx, 0 5xx
traffic: 4.44GB (4768023381) total, 117.41MB (123108219) headers (space savings 0.00%), 4.29GB (4603937971) data
                     min         max         mean         sd        +/- sd
time for request:       49us     87.73ms       488us       915us    98.05%
time for connect:        2us       202us       103us        57us    60.94%
time to 1st byte:    85.31ms     87.73ms     86.40ms       910us    56.25%
req/s           :    2022.95     2182.78     2055.00       34.57    87.50%
dumped 718191 events -> /home/forked_franz/IdeaProjects/netty-eventloop-arena-poc/results/ryzen9-7950x-node0/arena-v3/ring-alloc/topology/w1-io_uring-adaptive-ra-slab.tsv
================================================================================================
WORKLOAD w1-io_uring-adaptive-ra-slab   (w1-io_uring-adaptive-ra-slab.tsv)
================================================================================================
events: AllocateBuffer=343099 FreeBuffer=343107 ReallocateBuffer=0 IterationEnd=31985
pairs=343039  unpaired releases (alloc before window)=68  still live at window end=60  truncated stacks=343039  address reused with no release event=0
BALANCE CHECK: allocs(343099) - pairs(343039) - live-at-end(60) - reuse(0) = 0  (must be 0)
event-loop threads with markers: 4  iterations total=31985  with reads>0=492 (1.5%)

(a) lifetime in event-loop ITERATIONS of the allocating thread
     iters : 0=98.55%  1=1.45%  2-3=0.00%  4-7=0.00%  8+=0.00%
  read-its : 0=98.55%  1=1.45%  2-3=0.00%  4-7=0.00%  8+=0.00%   (only iterations that saw >=1 channelRead)
  iters p50=0 p90=0 p99=1 p99.9=1 max=1
  wall-clock lifetime us: p50=228.3 p90=564.8 p99=1385.3 p99.9=1942.6 max=3236.3

(b) released on the allocating thread: 100.000%  (cross-thread: 0)

(c) nesting class at release: only=5.21%  youngest=0.00%  oldest=94.31%  middle=0.49%
     within same-iteration releases (338063, 98.55% of all): only=5.21%  youngest=0.00%  oldest=94.29%  middle=0.49%

(d) size bucket (power-of-two ceiling of the requested capacity)
     8192=50.26%  4096=0.01%  256=49.73%
     exact sizes: 208=49.73%  4370=24.87%  4381=24.82%  8192=0.53%  4392=0.04%  4096=0.01%

(e) release cause (first non-allocator frame of the FreeBuffer stack)
     write-completion        99.460%  top site: io.netty.channel.ChannelOutboundBuffer.remove
     handler                  0.540%  top site: io.netty.channel.SimpleChannelInboundHandler.channelRead

    cause x lifetime-in-iterations (row %% of all pairs)
    cause                         0        1      2-3      4-7       8+     share
    write-completion        98.010%   1.451%   0.000%   0.000%   0.000%   99.460%
    handler                  0.540%   0.000%   0.000%   0.000%   0.000%    0.540%

    cause x size bucket (row %% of all pairs)
    cause                       8192       256      4096
    write-completion         49.730%   49.730%    0.000%
    handler                   0.531%    0.000%    0.009%

    max lifetime: 1 iterations (1923.9 us), size=208, cause=write-completion, site=io.netty.channel.ChannelOutboundBuffer.remove
    max wall-clock: 3236.3 us (0 iterations), size=4370, cause=write-completion

(f) live buffers at end of iteration, per event-loop thread
    thread                          iters  avgLive  maxLive   avgAlloc maxAlloc
    multiThreadIoEventLoopGroup-3-1     5437     0.23       32      15.37     1983
    multiThreadIoEventLoopGroup-3-2     6332     0.20       30      13.36     1823
    multiThreadIoEventLoopGroup-3-3     4299     0.30       32      20.28     1984
    multiThreadIoEventLoopGroup-3-4    15917     0.08       32       5.36     1942
    live-at-marker over all markers: mean=0.156 p50=0 p90=0 p99=0 p99.9=26 max=32 ; markers with >0 live=242 (0.76%)
    allocations per iteration (all EL threads): mean=10.65 p50=0 p90=0 p99=26 max=1984  zero-alloc iterations=98.5%
    channelReads per iteration: mean=8.10 p50=0 p90=0 p99=20 max=1493

(g) the buffers that DO cross an iteration boundary (4976, 1.451% of pairs)
     io.netty.channel.ChannelOutboundBuffer.remove               1.451% of all  iters p50=1 p99=1 max=1  bytes=10.9 MiB
     sizes of the crossing buffers: 8192=50.00%  256=50.00%
     bytes held across a boundary: 10.9 MiB of 760.0 MiB allocated in the window (1.43%)

    diagnostics: pairs whose stack had no non-plumbing frame=0 (0.000%); pairs crossing >=1 marker=4976 (1.451%)

HEADLINE CLASSIFICATION
    ii-same-iter-out-of-order                 93.414%  (320445)
    i-same-iter-LIFO                           5.136%  (17618)
    iii-cross-iter-write-completion            1.451%  (4976)
== cell end 23:50:29 rc=0
released (ringalloc) at 23:50:29 rc=0
### cell w3-io_uring-adaptive-ra-slab  2026-09-25T23:50:29+02:00
waiting for the bench lock (ringalloc) at 23:50:29
got the bench lock (ringalloc) at 23:50:29
== cell start 23:50:29 :: topology/run.sh w3-io_uring-adaptive-ra-slab h2echo 18080 4 3 1.5 -- h2load -c 8 -m 16 -t 4 -D 8 -w 12 -d /home/forked_franz/IdeaProjects/netty-eventloop-arena-poc/results/ryzen9-7950x-node0/arena-v3/ring-alloc/topology/body64k http://127.0.0.1:18080/
== scaling_max_freq set=2300000 readback=2300000, cpus=32 governor=performance
== loadavg 2.43 3.25 3.25 1/1276 2895470
== runnable samples: 2 2 2 2 2 2 max=2 (limit 4)
TRANSPORT transport=io_uring ringSize=128 cqSize=4096 singleIssuer=true bufferRing=on [bgId=1 entries=64 chunk=8192 incremental=true batchSize=32 batchAllocation=false alloc=slab allocClass=RegisteredSlabBufferRingAllocator[256x8192 per loop]] zeroCopyThreshold=-1 | IoUring features: CQE_F_SOCK_NONEMPTY_SUPPORTED=true, UNIX_DOMAIN_SOCKET_INQ_SUPPORTED=true, SPLICE_SUPPORTED=true, ACCEPT_NO_WAIT_SUPPORTED=true, ACCEPT_MULTISHOT_SUPPORTED=true, POLL_ADD_MULTISHOT_SUPPORTED=true, RECV_MULTISHOT_SUPPORTED=true, IORING_RECVSEND_BUNDLE_SUPPORTED=true, REGISTER_IOWQ_MAX_WORKERS_SUPPORTED=true, SETUP_SUBMIT_ALL_SUPPORTED=true, SETUP_CQE_MIXED_SUPPORTED=true, SETUP_CQ_SIZE_SUPPORTED=true, SETUP_SINGLE_ISSUER_SUPPORTED=true, SETUP_DEFER_TASKRUN_SUPPORTED=true, SETUP_NO_SQARRAY_SUPPORTED=true, REGISTER_BUFFER_RING_SUPPORTED=true, REGISTER_BUFFER_RING_INC_SUPPORTED=true, SEND_ZC_SUPPORTED=true, SENDMSG_ZC_SUPPORTED=true, ENTER_NO_IOWAIT_SUPPORTED=true
WINDOW DONE
-rw-r--r--. 1 forked_franz forked_franz 44892491 Sep 25 23:50 /home/forked_franz/IdeaProjects/netty-eventloop-arena-poc/results/ryzen9-7950x-node0/arena-v3/ring-alloc/topology/w3-io_uring-adaptive-ra-slab.jfr
Warm-up phase is over for thread #3.
Main benchmark duration is started for thread #3.
Main benchmark duration is over for thread #0. Stopping all clients.
Main benchmark duration is over for thread #2. Stopping all clients.Stopped all clients for thread #
Stopped all clients for thread #2
0
Main benchmark duration is over for thread #3. Stopping all clients.
Stopped all clients for thread #3
Main benchmark duration is over for thread #1. Stopping all clients.
Stopped all clients for thread #1

finished in 8.00s, 15441.88 req/s, 974.49MB/s
requests: 123535 total, 123663 started, 123535 done, 123535 succeeded, 0 failed, 0 errored, 0 timeout
status codes: 123655 2xx, 0 3xx, 0 4xx, 0 5xx
traffic: 7.61GB (8174594713) total, 120.76KB (123655) headers (space savings 90.00%), 7.54GB (8100214034) data
                     min         max         mean         sd        +/- sd
time for request:     3.69ms    253.35ms      8.26ms     11.19ms    95.87%
time for connect:       16us        52us        34us        13us    50.00%
time to 1st byte:   113.94ms    117.87ms    115.58ms      1.59ms    50.00%
req/s           :    1887.22     1966.72     1930.21       29.59    50.00%
dumped 1515858 events -> /home/forked_franz/IdeaProjects/netty-eventloop-arena-poc/results/ryzen9-7950x-node0/arena-v3/ring-alloc/topology/w3-io_uring-adaptive-ra-slab.tsv
================================================================================================
WORKLOAD w3-io_uring-adaptive-ra-slab   (w3-io_uring-adaptive-ra-slab.tsv)
================================================================================================
events: AllocateBuffer=757836 FreeBuffer=746490 ReallocateBuffer=11288 IterationEnd=244
pairs=757253  unpaired releases (alloc before window)=525  still live at window end=583  truncated stacks=745965  address reused with no release event=0
BALANCE CHECK: allocs(757836) - pairs(757253) - live-at-end(583) - reuse(0) = 0  (must be 0)
event-loop threads with markers: 4  iterations total=244  with reads>0=244 (100.0%)

(a) lifetime in event-loop ITERATIONS of the allocating thread
     iters : 0=95.67%  1=4.33%  2-3=0.00%  4-7=0.00%  8+=0.00%
  read-its : 0=95.67%  1=4.33%  2-3=0.00%  4-7=0.00%  8+=0.00%   (only iterations that saw >=1 channelRead)
  iters p50=0 p90=0 p99=1 p99.9=1 max=2
  wall-clock lifetime us: p50=405.9 p90=848.5 p99=15000.7 p99.9=29840.3 max=183935.4

(b) released on the allocating thread: 100.000%  (cross-thread: 0)

(c) nesting class at release: only=0.00%  youngest=0.00%  oldest=0.40%  middle=99.60%
     within same-iteration releases (724441, 95.67% of all): only=0.00%  youngest=0.00%  oldest=0.10%  middle=99.90%

(d) size bucket (power-of-two ceiling of the requested capacity)
     32768=4.33%  16384=1.90%  8192=0.01%  4096=0.01%  2048=0.00%  1024=0.00%  512=0.00%  256=1.40%  128=0.01%  64=0.01%
     exact sizes: 9=88.10%  32768=4.33%  13=2.82%  16384=1.90%  256=1.40%  15=1.40%

(e) release cause (first non-allocator frame of the FreeBuffer stack)
     write-completion        93.720%  top site: io.netty.channel.ChannelOutboundBuffer.remove
     other:no-site            4.765%  top site: io.netty.buffer.CompositeByteBuf$Component.free
     realloc-grow             1.491%  top site: io.netty.buffer.AdaptiveByteBuf.capacity
     decoder/cumulation       0.025%  top site: io.netty.handler.codec.ByteToMessageDecoder.channelRead

    cause x lifetime-in-iterations (row %% of all pairs)
    cause                         0        1      2-3      4-7       8+     share
    write-completion        91.383%   2.337%   0.000%   0.000%   0.000%   93.720%
    other:no-site            2.769%   1.996%   0.000%   0.000%   0.000%    4.765%
    realloc-grow             1.491%   0.000%   0.000%   0.000%   0.000%    1.491%
    decoder/cumulation       0.025%   0.000%   0.000%   0.000%   0.000%    0.025%

    cause x size bucket (row %% of all pairs)
    cause                         16     32768     16384       256      8192        64
    write-completion         92.314%    0.010%    0.001%    1.396%    0.000%    0.000%
    other:no-site             0.000%    4.322%    0.414%    0.002%    0.010%    0.000%
    realloc-grow              0.000%    0.000%    1.489%    0.000%    0.001%    0.000%
    decoder/cumulation        0.000%    0.000%    0.000%    0.007%    0.000%    0.009%

    max lifetime: 2 iterations (17539.9 us), size=32768, cause=other:no-site, site=io.netty.buffer.CompositeByteBuf$Component.free
    max wall-clock: 183935.4 us (1 iterations), size=16384, cause=other:no-site

(f) live buffers at end of iteration, per event-loop thread
    thread                          iters  avgLive  maxLive   avgAlloc maxAlloc
    multiThreadIoEventLoopGroup-3-1       68   134.32      182    3098.31     3685
    multiThreadIoEventLoopGroup-3-2       56   138.59      191    3188.30     3921
    multiThreadIoEventLoopGroup-3-3       55   134.87      187    3087.69     3698
    multiThreadIoEventLoopGroup-3-4       65   131.66      187    2974.52     3693
    live-at-marker over all markers: mean=134.717 p50=134 p90=163 p99=187 p99.9=191 max=191 ; markers with >0 live=244 (100.00%)
    allocations per iteration (all EL threads): mean=3083.59 p50=3048 p90=3473 p99=3698 max=3921  zero-alloc iterations=0.0%
    channelReads per iteration: mean=454.48 p50=455 p90=481 p99=503 max=513

(g) the buffers that DO cross an iteration boundary (32812, 4.333% of pairs)
     io.netty.channel.ChannelOutboundBuffer.remove               2.337% of all  iters p50=1 p99=1 max=1  bytes=1.7 MiB
     io.netty.buffer.CompositeByteBuf$Component.free             1.996% of all  iters p50=1 p99=1 max=2  bytes=441.7 MiB
     sizes of the crossing buffers: 32768=40.54%  16384=5.25%  8192=0.16%  4096=0.10%  2048=0.06%  1024=0.05%  512=0.03%  256=0.76%
     bytes held across a boundary: 443.4 MiB of 1260.0 MiB allocated in the window (35.19%)

    diagnostics: pairs whose stack had no non-plumbing frame=36084 (4.765%); pairs crossing >=1 marker=32812 (4.333%)

HEADLINE CLASSIFICATION
    ii-same-iter-out-of-order                 95.667%  (724439)
    iii-cross-iter-write-completion            2.337%  (17695)
    vi-cross-iter-other:other:no-site          1.996%  (15117)
    i-same-iter-LIFO                           0.000%  (2)
== cell end 23:51:11 rc=0
released (ringalloc) at 23:51:11 rc=0
### cell w5-io_uring-adaptive-ra-slab  2026-09-25T23:51:11+02:00
waiting for the bench lock (ringalloc) at 23:51:11
got the bench lock (ringalloc) at 23:51:11
== cell start 23:51:11 :: topology/run.sh w5-io_uring-adaptive-ra-slab h1agg 18080 4 3 1.5 -- h2load --h1 -c 64 -t 4 -D 8 -d /home/forked_franz/IdeaProjects/netty-eventloop-arena-poc/results/ryzen9-7950x-node0/arena-v3/ring-alloc/topology/body256k http://127.0.0.1:18080/
== scaling_max_freq set=2300000 readback=2300000, cpus=32 governor=performance
== loadavg 2.76 3.26 3.25 1/1277 2896186
== runnable samples: 2 2 2 2 2 2 max=2 (limit 4)
TRANSPORT transport=io_uring ringSize=128 cqSize=4096 singleIssuer=true bufferRing=on [bgId=1 entries=64 chunk=8192 incremental=true batchSize=32 batchAllocation=false alloc=slab allocClass=RegisteredSlabBufferRingAllocator[256x8192 per loop]] zeroCopyThreshold=-1 | IoUring features: CQE_F_SOCK_NONEMPTY_SUPPORTED=true, UNIX_DOMAIN_SOCKET_INQ_SUPPORTED=true, SPLICE_SUPPORTED=true, ACCEPT_NO_WAIT_SUPPORTED=true, ACCEPT_MULTISHOT_SUPPORTED=true, POLL_ADD_MULTISHOT_SUPPORTED=true, RECV_MULTISHOT_SUPPORTED=true, IORING_RECVSEND_BUNDLE_SUPPORTED=true, REGISTER_IOWQ_MAX_WORKERS_SUPPORTED=true, SETUP_SUBMIT_ALL_SUPPORTED=true, SETUP_CQE_MIXED_SUPPORTED=true, SETUP_CQ_SIZE_SUPPORTED=true, SETUP_SINGLE_ISSUER_SUPPORTED=true, SETUP_DEFER_TASKRUN_SUPPORTED=true, SETUP_NO_SQARRAY_SUPPORTED=true, REGISTER_BUFFER_RING_SUPPORTED=true, REGISTER_BUFFER_RING_INC_SUPPORTED=true, SEND_ZC_SUPPORTED=true, SENDMSG_ZC_SUPPORTED=true, ENTER_NO_IOWAIT_SUPPORTED=true
WINDOW DONE
-rw-r--r--. 1 forked_franz forked_franz 140073425 Sep 25 23:51 /home/forked_franz/IdeaProjects/netty-eventloop-arena-poc/results/ryzen9-7950x-node0/arena-v3/ring-alloc/topology/w5-io_uring-adaptive-ra-slab.jfr
Main benchmark duration is started for thread #0.
Application protocol: http/1.1
Main benchmark duration is over for thread #0. Stopping all clients.
Stopped all clients for thread #0
Main benchmark duration is over for thread #2. Stopping all clients.
Stopped all clients for thread #2
Main benchmark duration is over for thread #3. Stopping all clients.
Stopped all clients for thread #3
Main benchmark duration is over for thread #1. Stopping all clients.
Stopped all clients for thread #1

finished in 8.01s, 11997.88 req/s, 468.67KB/s
requests: 95983 total, 96047 started, 95983 done, 95983 succeeded, 0 failed, 0 errored, 0 timeout
status codes: 95983 2xx, 0 3xx, 0 4xx, 0 5xx
traffic: 3.66MB (3839320) total, 1.37MB (1440180) headers (space savings 0.00%), 187.52KB (192024) data
                     min         max         mean         sd        +/- sd
time for request:      861us    102.81ms      5.33ms      2.73ms    98.75%
time for connect:        2us       407us       197us       120us    56.25%
time to 1st byte:    79.98ms    102.82ms     92.91ms      5.77ms    67.19%
req/s           :     185.66      190.59      187.41        1.08    75.00%
dumped 11447466 events -> /home/forked_franz/IdeaProjects/netty-eventloop-arena-poc/results/ryzen9-7950x-node0/arena-v3/ring-alloc/topology/w5-io_uring-adaptive-ra-slab.tsv
================================================================================================
WORKLOAD w5-io_uring-adaptive-ra-slab   (w5-io_uring-adaptive-ra-slab.tsv)
================================================================================================
events: AllocateBuffer=40778 FreeBuffer=40779 ReallocateBuffer=0 IterationEnd=11365909
pairs=40777  unpaired releases (alloc before window)=2  still live at window end=1  truncated stacks=40777  address reused with no release event=0
BALANCE CHECK: allocs(40778) - pairs(40777) - live-at-end(1) - reuse(0) = 0  (must be 0)
event-loop threads with markers: 4  iterations total=11365909  with reads>0=172584 (1.5%)

(a) lifetime in event-loop ITERATIONS of the allocating thread
     iters : 0=99.53%  1=0.00%  2-3=0.00%  4-7=0.00%  8+=0.46%
  read-its : 0=99.53%  1=0.01%  2-3=0.03%  4-7=0.08%  8+=0.35%   (only iterations that saw >=1 channelRead)
  iters p50=0 p90=0 p99=0 p99.9=552 max=709
  wall-clock lifetime us: p50=15.5 p90=68.3 p99=294.5 p99.9=431.6 max=2687.8

(b) released on the allocating thread: 100.000%  (cross-thread: 0)

(c) nesting class at release: only=46.32%  youngest=0.00%  oldest=49.50%  middle=4.18%
     within same-iteration releases (40584, 99.53% of all): only=46.54%  youngest=0.00%  oldest=49.26%  middle=4.20%

(d) size bucket (power-of-two ceiling of the requested capacity)
     16384=0.57%  64=49.71%  2=49.72%
     exact sizes: 2=49.72%  52=49.71%  16384=0.57%

(e) release cause (first non-allocator frame of the FreeBuffer stack)
     codec-encoder           49.717%  top site: io.netty.handler.codec.http.HttpObjectEncoder.encodeFullHttpMessage
     write-completion        49.714%  top site: io.netty.channel.ChannelOutboundBuffer.remove
     aggregator               0.569%  top site: io.netty.handler.codec.http.HttpObjectAggregator$AggregatedFullHttpMessage.release

    cause x lifetime-in-iterations (row %% of all pairs)
    cause                         0        1      2-3      4-7       8+     share
    codec-encoder           49.717%   0.000%   0.000%   0.000%   0.000%   49.717%
    write-completion        49.709%   0.005%   0.000%   0.000%   0.000%   49.714%
    aggregator               0.101%   0.000%   0.005%   0.000%   0.463%    0.569%

    cause x size bucket (row %% of all pairs)
    cause                          2        64     16384
    codec-encoder            49.717%    0.000%    0.000%
    write-completion          0.000%   49.714%    0.000%
    aggregator                0.000%    0.000%    0.569%

    max lifetime: 709 iterations (401.6 us), size=16384, cause=aggregator, site=io.netty.handler.codec.http.HttpObjectAggregator$AggregatedFullHttpMessage.release
    max wall-clock: 2687.8 us (0 iterations), size=16384, cause=aggregator

(f) live buffers at end of iteration, per event-loop thread
    thread                          iters  avgLive  maxLive   avgAlloc maxAlloc
    multiThreadIoEventLoopGroup-3-1  2649722     0.01        1       0.00      143
    multiThreadIoEventLoopGroup-3-2  2805589     0.00        1       0.00      114
    multiThreadIoEventLoopGroup-3-3  2943530     0.01        1       0.00      114
    multiThreadIoEventLoopGroup-3-4  2967068     0.01        2       0.00      119
    live-at-marker over all markers: mean=0.005 p50=0 p90=0 p99=0 p99.9=1 max=2 ; markers with >0 live=60197 (0.53%)
    allocations per iteration (all EL threads): mean=0.00 p50=0 p90=0 p99=0 max=143  zero-alloc iterations=99.9%
    channelReads per iteration: mean=0.08 p50=0 p90=0 p99=3 max=4109

(g) the buffers that DO cross an iteration boundary (193, 0.473% of pairs)
     io.netty.handler.codec.http.HttpObjectAggregator$Aggregate  0.468% of all  iters p50=271 p99=689 max=709  bytes=3.0 MiB
     io.netty.channel.ChannelOutboundBuffer.remove               0.005% of all  iters p50=1 p99=1 max=1  bytes=0.0 MiB
     sizes of the crossing buffers: 16384=98.96%  64=1.04%
     bytes held across a boundary: 3.0 MiB of 4.7 MiB allocated in the window (63.92%)

    diagnostics: pairs whose stack had no non-plumbing frame=0 (0.000%); pairs crossing >=1 marker=193 (0.473%)

HEADLINE CLASSIFICATION
    ii-same-iter-out-of-order                 53.211%  (21698)
    i-same-iter-LIFO                          46.315%  (18886)
    iv-cross-iter-cumulation/aggregation       0.468%  (191)
    iii-cross-iter-write-completion            0.005%  (2)
== cell end 23:52:11 rc=0
released (ringalloc) at 23:52:11 rc=0
### cell w1-io_uring-adaptive-ra-slab2fixed  2026-09-25T23:52:11+02:00
waiting for the bench lock (ringalloc) at 23:52:11
got the bench lock (ringalloc) at 23:52:11
== cell start 23:52:11 :: topology/run.sh w1-io_uring-adaptive-ra-slab2fixed h1snoop 18080 4 3 1.5 -- h2load --h1 -c 64 -t 4 -D 8 -d /home/forked_franz/IdeaProjects/netty-eventloop-arena-poc/results/ryzen9-7950x-node0/arena-v3/ring-alloc/topology/body4k http://127.0.0.1:18080/
== scaling_max_freq set=2300000 readback=2300000, cpus=32 governor=performance
== loadavg 2.17 3.05 3.18 1/1274 2897009
== runnable samples: 2 9 2 2 2 3 max=9 (limit 4)
!! ABORT: runnable 9 > 4
released (ringalloc) at 23:52:16 rc=89
### cell w3-io_uring-adaptive-ra-slab2fixed  2026-09-25T23:52:16+02:00
waiting for the bench lock (ringalloc) at 23:52:16
got the bench lock (ringalloc) at 23:52:16
== cell start 23:52:16 :: topology/run.sh w3-io_uring-adaptive-ra-slab2fixed h2echo 18080 4 3 1.5 -- h2load -c 8 -m 16 -t 4 -D 8 -w 12 -d /home/forked_franz/IdeaProjects/netty-eventloop-arena-poc/results/ryzen9-7950x-node0/arena-v3/ring-alloc/topology/body64k http://127.0.0.1:18080/
== scaling_max_freq set=2300000 readback=2300000, cpus=32 governor=performance
== loadavg 1.99 3.00 3.17 2/1277 2897296
== runnable samples: 2 2 2 2 2 2 max=2 (limit 4)
TRANSPORT transport=io_uring ringSize=128 cqSize=4096 singleIssuer=true bufferRing=on [bgId=1 entries=64 chunk=8192 incremental=true batchSize=32 batchAllocation=false alloc=slab2fixed allocClass=SlabV2BufferRingAllocator/slab2fixed[256x8192 per loop, grow=true, maxRegion=33554432, timeHist=false, warmup=16384, reprovGap=65536, reprovRuns=1024, maxReprov=8]] zeroCopyThreshold=-1 | IoUring features: CQE_F_SOCK_NONEMPTY_SUPPORTED=true, UNIX_DOMAIN_SOCKET_INQ_SUPPORTED=true, SPLICE_SUPPORTED=true, ACCEPT_NO_WAIT_SUPPORTED=true, ACCEPT_MULTISHOT_SUPPORTED=true, POLL_ADD_MULTISHOT_SUPPORTED=true, RECV_MULTISHOT_SUPPORTED=true, IORING_RECVSEND_BUNDLE_SUPPORTED=true, REGISTER_IOWQ_MAX_WORKERS_SUPPORTED=true, SETUP_SUBMIT_ALL_SUPPORTED=true, SETUP_CQE_MIXED_SUPPORTED=true, SETUP_CQ_SIZE_SUPPORTED=true, SETUP_SINGLE_ISSUER_SUPPORTED=true, SETUP_DEFER_TASKRUN_SUPPORTED=true, SETUP_NO_SQARRAY_SUPPORTED=true, REGISTER_BUFFER_RING_SUPPORTED=true, REGISTER_BUFFER_RING_INC_SUPPORTED=true, SEND_ZC_SUPPORTED=true, SENDMSG_ZC_SUPPORTED=true, ENTER_NO_IOWAIT_SUPPORTED=true
WINDOW DONE
-rw-r--r--. 1 forked_franz forked_franz 71124156 Sep 25 23:52 /home/forked_franz/IdeaProjects/netty-eventloop-arena-poc/results/ryzen9-7950x-node0/arena-v3/ring-alloc/topology/w3-io_uring-adaptive-ra-slab2fixed.jfr
Main benchmark duration is started for thread #2.
Application protocol: h2c
Main benchmark duration is over for thread #1. Stopping all clients.
Stopped all clients for thread #1
Main benchmark duration is over for thread #3. Stopping all clients.
Main benchmark duration is over for thread #Stopped all clients for thread #3
Main benchmark duration is over for thread #0. Stopping all clients.
Stopped all clients for thread #0
2. Stopping all clients.
Stopped all clients for thread #2

finished in 8.00s, 13035.50 req/s, 822.64MB/s
requests: 104284 total, 104412 started, 104284 done, 104284 succeeded, 0 failed, 0 errored, 0 timeout
status codes: 104406 2xx, 0 3xx, 0 4xx, 0 5xx
traffic: 6.43GB (6900799635) total, 101.96KB (104406) headers (space savings 90.00%), 6.37GB (6838142433) data
                     min         max         mean         sd        +/- sd
time for request:     3.26ms    262.13ms      9.80ms     11.18ms    95.73%
time for connect:       13us        72us        38us        20us    62.50%
time to 1st byte:   112.98ms    113.79ms    113.24ms       343us    75.00%
req/s           :    1576.10     1660.98     1629.42       32.55    75.00%
dumped 2411270 events -> /home/forked_franz/IdeaProjects/netty-eventloop-arena-poc/results/ryzen9-7950x-node0/arena-v3/ring-alloc/topology/w3-io_uring-adaptive-ra-slab2fixed.tsv
================================================================================================
WORKLOAD w3-io_uring-adaptive-ra-slab2fixed   (w3-io_uring-adaptive-ra-slab2fixed.tsv)
================================================================================================
events: AllocateBuffer=1205425 FreeBuffer=1187243 ReallocateBuffer=18213 IterationEnd=389
pairs=1205048  unpaired releases (alloc before window)=408  still live at window end=377  truncated stacks=1186835  address reused with no release event=0
BALANCE CHECK: allocs(1205425) - pairs(1205048) - live-at-end(377) - reuse(0) = 0  (must be 0)
event-loop threads with markers: 4  iterations total=389  with reads>0=389 (100.0%)

(a) lifetime in event-loop ITERATIONS of the allocating thread
     iters : 0=95.70%  1=4.30%  2-3=0.00%  4-7=0.00%  8+=0.00%
  read-its : 0=95.70%  1=4.30%  2-3=0.00%  4-7=0.00%  8+=0.00%   (only iterations that saw >=1 channelRead)
  iters p50=0 p90=0 p99=1 p99.9=1 max=2
  wall-clock lifetime us: p50=377.5 p90=791.9 p99=13430.2 p99.9=30980.4 max=100557.4

(b) released on the allocating thread: 100.000%  (cross-thread: 0)

(c) nesting class at release: only=0.00%  youngest=0.00%  oldest=0.38%  middle=99.62%
     within same-iteration releases (1153274, 95.70% of all): only=0.00%  youngest=0.00%  oldest=0.08%  middle=99.92%

(d) size bucket (power-of-two ceiling of the requested capacity)
     32768=4.34%  16384=1.89%  8192=0.01%  4096=0.01%  2048=0.00%  1024=0.00%  512=0.00%  256=1.40%  128=0.01%  64=0.01%
     exact sizes: 9=88.11%  32768=4.34%  13=2.82%  16384=1.89%  256=1.40%  15=1.39%

(e) release cause (first non-allocator frame of the FreeBuffer stack)
     write-completion        93.731%  top site: io.netty.channel.ChannelOutboundBuffer.remove
     other:no-site            4.736%  top site: io.netty.buffer.CompositeByteBuf$Component.free
     realloc-grow             1.511%  top site: io.netty.buffer.AdaptiveByteBuf.capacity
     decoder/cumulation       0.022%  top site: io.netty.handler.codec.ByteToMessageDecoder.channelRead

    cause x lifetime-in-iterations (row %% of all pairs)
    cause                         0        1      2-3      4-7       8+     share
    write-completion        91.411%   2.320%   0.000%   0.000%   0.000%   93.731%
    other:no-site            2.759%   1.976%   0.000%   0.000%   0.000%    4.736%
    realloc-grow             1.511%   0.000%   0.000%   0.000%   0.000%    1.511%
    decoder/cumulation       0.022%   0.000%   0.000%   0.000%   0.000%    0.022%

    cause x size bucket (row %% of all pairs)
    cause                         16     32768     16384       256      8192        64
    write-completion         92.325%    0.010%    0.001%    1.395%    0.000%    0.000%
    other:no-site             0.000%    4.333%    0.376%    0.001%    0.011%    0.000%
    realloc-grow              0.000%    0.000%    1.510%    0.000%    0.001%    0.000%
    decoder/cumulation        0.000%    0.000%    0.000%    0.007%    0.000%    0.007%

    max lifetime: 2 iterations (11369.1 us), size=32768, cause=other:no-site, site=io.netty.buffer.CompositeByteBuf$Component.free
    max wall-clock: 100557.4 us (0 iterations), size=32768, cause=other:no-site

(f) live buffers at end of iteration, per event-loop thread
    thread                          iters  avgLive  maxLive   avgAlloc maxAlloc
    multiThreadIoEventLoopGroup-3-1       90   130.62      183    3133.19     3831
    multiThreadIoEventLoopGroup-3-2       99   134.05      204    3059.23     3619
    multiThreadIoEventLoopGroup-3-3       99   133.04      188    3068.12     3733
    multiThreadIoEventLoopGroup-3-4      101   134.53      184    3057.52     3700
    live-at-marker over all markers: mean=133.126 p50=133 p90=165 p99=188 p99.9=204 max=204 ; markers with >0 live=388 (99.74%)
    allocations per iteration (all EL threads): mean=3078.16 p50=3066 p90=3492 p99=3700 max=3831  zero-alloc iterations=0.3%
    channelReads per iteration: mean=453.21 p50=453 p90=478 p99=496 max=509

(g) the buffers that DO cross an iteration boundary (51774, 4.296% of pairs)
     io.netty.channel.ChannelOutboundBuffer.remove               2.320% of all  iters p50=1 p99=1 max=1  bytes=2.5 MiB
     io.netty.buffer.CompositeByteBuf$Component.free             1.977% of all  iters p50=1 p99=1 max=2  bytes=698.9 MiB
     sizes of the crossing buffers: 32768=40.81%  16384=4.93%  8192=0.14%  4096=0.11%  2048=0.06%  1024=0.03%  512=0.03%  256=0.77%
     bytes held across a boundary: 701.4 MiB of 2006.1 MiB allocated in the window (34.96%)

    diagnostics: pairs whose stack had no non-plumbing frame=57068 (4.736%); pairs crossing >=1 marker=51774 (4.296%)

HEADLINE CLASSIFICATION
    ii-same-iter-out-of-order                 95.704%  (1153274)
    iii-cross-iter-write-completion            2.320%  (27956)
    vi-cross-iter-other:other:no-site          1.977%  (23818)
== cell end 23:53:13 rc=0
released (ringalloc) at 23:53:13 rc=0
### cell w5-io_uring-adaptive-ra-slab2fixed  2026-09-25T23:53:13+02:00
waiting for the bench lock (ringalloc) at 23:53:14
got the bench lock (ringalloc) at 23:53:14
== cell start 23:53:14 :: topology/run.sh w5-io_uring-adaptive-ra-slab2fixed h1agg 18080 4 3 1.5 -- h2load --h1 -c 64 -t 4 -D 8 -d /home/forked_franz/IdeaProjects/netty-eventloop-arena-poc/results/ryzen9-7950x-node0/arena-v3/ring-alloc/topology/body256k http://127.0.0.1:18080/
== scaling_max_freq set=2300000 readback=2300000, cpus=32 governor=performance
== loadavg 1.96 2.83 3.10 1/1273 2898097
== runnable samples: 2 2 2 2 2 2 max=2 (limit 4)
TRANSPORT transport=io_uring ringSize=128 cqSize=4096 singleIssuer=true bufferRing=on [bgId=1 entries=64 chunk=8192 incremental=true batchSize=32 batchAllocation=false alloc=slab2fixed allocClass=SlabV2BufferRingAllocator/slab2fixed[256x8192 per loop, grow=true, maxRegion=33554432, timeHist=false, warmup=16384, reprovGap=65536, reprovRuns=1024, maxReprov=8]] zeroCopyThreshold=-1 | IoUring features: CQE_F_SOCK_NONEMPTY_SUPPORTED=true, UNIX_DOMAIN_SOCKET_INQ_SUPPORTED=true, SPLICE_SUPPORTED=true, ACCEPT_NO_WAIT_SUPPORTED=true, ACCEPT_MULTISHOT_SUPPORTED=true, POLL_ADD_MULTISHOT_SUPPORTED=true, RECV_MULTISHOT_SUPPORTED=true, IORING_RECVSEND_BUNDLE_SUPPORTED=true, REGISTER_IOWQ_MAX_WORKERS_SUPPORTED=true, SETUP_SUBMIT_ALL_SUPPORTED=true, SETUP_CQE_MIXED_SUPPORTED=true, SETUP_CQ_SIZE_SUPPORTED=true, SETUP_SINGLE_ISSUER_SUPPORTED=true, SETUP_DEFER_TASKRUN_SUPPORTED=true, SETUP_NO_SQARRAY_SUPPORTED=true, REGISTER_BUFFER_RING_SUPPORTED=true, REGISTER_BUFFER_RING_INC_SUPPORTED=true, SEND_ZC_SUPPORTED=true, SENDMSG_ZC_SUPPORTED=true, ENTER_NO_IOWAIT_SUPPORTED=true
WINDOW DONE
-rw-r--r--. 1 forked_franz forked_franz 137467952 Sep 25 23:53 /home/forked_franz/IdeaProjects/netty-eventloop-arena-poc/results/ryzen9-7950x-node0/arena-v3/ring-alloc/topology/w5-io_uring-adaptive-ra-slab2fixed.jfr
Main benchmark duration is started for thread #0.
Application protocol: http/1.1
Main benchmark duration is over for thread #3. Stopping all clients.
Stopped all clients for thread #3
Main benchmark duration is over for thread #2. Stopping all clients.
Main benchmark duration is over for thread #Stopped all clients for thread #2
0. Stopping all clients.
Stopped all clients for thread #0
Main benchmark duration is over for thread #1. Stopping all clients.
Stopped all clients for thread #1

finished in 8.00s, 11887.75 req/s, 464.37KB/s
requests: 95102 total, 95166 started, 95102 done, 95102 succeeded, 0 failed, 0 errored, 0 timeout
status codes: 95102 2xx, 0 3xx, 0 4xx, 0 5xx
traffic: 3.63MB (3804080) total, 1.36MB (1426800) headers (space savings 0.00%), 185.78KB (190240) data
                     min         max         mean         sd        +/- sd
time for request:     1.07ms    101.33ms      5.38ms      2.74ms    98.97%
time for connect:        2us       405us       201us       118us    56.25%
time to 1st byte:    80.23ms    101.34ms     94.15ms      5.65ms    78.13%
req/s           :     183.97      188.72      185.70        0.99    67.19%
dumped 11232200 events -> /home/forked_franz/IdeaProjects/netty-eventloop-arena-poc/results/ryzen9-7950x-node0/arena-v3/ring-alloc/topology/w5-io_uring-adaptive-ra-slab2fixed.tsv
================================================================================================
WORKLOAD w5-io_uring-adaptive-ra-slab2fixed   (w5-io_uring-adaptive-ra-slab2fixed.tsv)
================================================================================================
events: AllocateBuffer=40572 FreeBuffer=40575 ReallocateBuffer=0 IterationEnd=11151053
pairs=40572  unpaired releases (alloc before window)=3  still live at window end=0  truncated stacks=40572  address reused with no release event=0
BALANCE CHECK: allocs(40572) - pairs(40572) - live-at-end(0) - reuse(0) = 0  (must be 0)
event-loop threads with markers: 4  iterations total=11151053  with reads>0=197134 (1.8%)

(a) lifetime in event-loop ITERATIONS of the allocating thread
     iters : 0=99.51%  1=0.01%  2-3=0.00%  4-7=0.00%  8+=0.49%
  read-its : 0=99.51%  1=0.01%  2-3=0.02%  4-7=0.07%  8+=0.39%   (only iterations that saw >=1 channelRead)
  iters p50=0 p90=0 p99=0 p99.9=608 max=1000
  wall-clock lifetime us: p50=15.8 p90=62.6 p99=311.0 p99.9=483.2 max=2385.9

(b) released on the allocating thread: 100.000%  (cross-thread: 0)

(c) nesting class at release: only=47.27%  youngest=0.00%  oldest=49.54%  middle=3.19%
     within same-iteration releases (40372, 99.51% of all): only=47.50%  youngest=0.00%  oldest=49.29%  middle=3.21%

(d) size bucket (power-of-two ceiling of the requested capacity)
     16384=0.58%  64=49.71%  2=49.71%
     exact sizes: 2=49.71%  52=49.71%  16384=0.58%

(e) release cause (first non-allocator frame of the FreeBuffer stack)
     codec-encoder           49.712%  top site: io.netty.handler.codec.http.HttpObjectEncoder.encodeFullHttpMessage
     write-completion        49.712%  top site: io.netty.channel.ChannelOutboundBuffer.remove
     aggregator               0.577%  top site: io.netty.handler.codec.http.HttpObjectAggregator$AggregatedFullHttpMessage.release

    cause x lifetime-in-iterations (row %% of all pairs)
    cause                         0        1      2-3      4-7       8+     share
    codec-encoder           49.712%   0.000%   0.000%   0.000%   0.000%   49.712%
    write-completion        49.707%   0.005%   0.000%   0.000%   0.000%   49.712%
    aggregator               0.089%   0.002%   0.000%   0.000%   0.486%    0.577%

    cause x size bucket (row %% of all pairs)
    cause                          2        64     16384
    codec-encoder            49.712%    0.000%    0.000%
    write-completion          0.000%   49.712%    0.000%
    aggregator                0.000%    0.000%    0.577%

    max lifetime: 1000 iterations (405.9 us), size=16384, cause=aggregator, site=io.netty.handler.codec.http.HttpObjectAggregator$AggregatedFullHttpMessage.release
    max wall-clock: 2385.9 us (0 iterations), size=16384, cause=aggregator

(f) live buffers at end of iteration, per event-loop thread
    thread                          iters  avgLive  maxLive   avgAlloc maxAlloc
    multiThreadIoEventLoopGroup-3-1  2799907     0.01        2       0.00      213
    multiThreadIoEventLoopGroup-3-2  2807032     0.01        1       0.00      207
    multiThreadIoEventLoopGroup-3-3  2711948     0.01        1       0.00      203
    multiThreadIoEventLoopGroup-3-4  2832166     0.01        1       0.00      221
    live-at-marker over all markers: mean=0.007 p50=0 p90=0 p99=0 p99.9=1 max=2 ; markers with >0 live=76118 (0.68%)
    allocations per iteration (all EL threads): mean=0.00 p50=0 p90=0 p99=0 max=221  zero-alloc iterations=99.9%
    channelReads per iteration: mean=0.08 p50=0 p90=0 p99=3 max=3765

(g) the buffers that DO cross an iteration boundary (200, 0.493% of pairs)
     io.netty.handler.codec.http.HttpObjectAggregator$Aggregate  0.488% of all  iters p50=413 p99=746 max=1000  bytes=3.1 MiB
     io.netty.channel.ChannelOutboundBuffer.remove               0.005% of all  iters p50=1 p99=1 max=1  bytes=0.0 MiB
     sizes of the crossing buffers: 16384=99.00%  64=1.00%
     bytes held across a boundary: 3.1 MiB of 4.7 MiB allocated in the window (65.90%)

    diagnostics: pairs whose stack had no non-plumbing frame=0 (0.000%); pairs crossing >=1 marker=200 (0.493%)

HEADLINE CLASSIFICATION
    ii-same-iter-out-of-order                 52.240%  (21195)
    i-same-iter-LIFO                          47.267%  (19177)
    iv-cross-iter-cumulation/aggregation       0.488%  (198)
    iii-cross-iter-write-completion            0.005%  (2)
== cell end 23:54:12 rc=0
released (ringalloc) at 23:54:12 rc=0
### cell w1-io_uring-adaptive-ra-slab2  2026-09-25T23:54:12+02:00
waiting for the bench lock (ringalloc) at 23:54:12
got the bench lock (ringalloc) at 23:54:12
== cell start 23:54:12 :: topology/run.sh w1-io_uring-adaptive-ra-slab2 h1snoop 18080 4 3 1.5 -- h2load --h1 -c 64 -t 4 -D 8 -d /home/forked_franz/IdeaProjects/netty-eventloop-arena-poc/results/ryzen9-7950x-node0/arena-v3/ring-alloc/topology/body4k http://127.0.0.1:18080/
== scaling_max_freq set=2300000 readback=2300000, cpus=32 governor=performance
== loadavg 1.69 2.64 3.02 1/1279 2898903
== runnable samples: 2 3 2 2 2 3 max=3 (limit 4)
TRANSPORT transport=io_uring ringSize=128 cqSize=4096 singleIssuer=true bufferRing=on [bgId=1 entries=64 chunk=8192 incremental=true batchSize=32 batchAllocation=false alloc=slab2 allocClass=SlabV2BufferRingAllocator/slab2[256x8192 per loop, grow=true, maxRegion=33554432, timeHist=false, warmup=16384, reprovGap=65536, reprovRuns=1024, maxReprov=8]] zeroCopyThreshold=-1 | IoUring features: CQE_F_SOCK_NONEMPTY_SUPPORTED=true, UNIX_DOMAIN_SOCKET_INQ_SUPPORTED=true, SPLICE_SUPPORTED=true, ACCEPT_NO_WAIT_SUPPORTED=true, ACCEPT_MULTISHOT_SUPPORTED=true, POLL_ADD_MULTISHOT_SUPPORTED=true, RECV_MULTISHOT_SUPPORTED=true, IORING_RECVSEND_BUNDLE_SUPPORTED=true, REGISTER_IOWQ_MAX_WORKERS_SUPPORTED=true, SETUP_SUBMIT_ALL_SUPPORTED=true, SETUP_CQE_MIXED_SUPPORTED=true, SETUP_CQ_SIZE_SUPPORTED=true, SETUP_SINGLE_ISSUER_SUPPORTED=true, SETUP_DEFER_TASKRUN_SUPPORTED=true, SETUP_NO_SQARRAY_SUPPORTED=true, REGISTER_BUFFER_RING_SUPPORTED=true, REGISTER_BUFFER_RING_INC_SUPPORTED=true, SEND_ZC_SUPPORTED=true, SENDMSG_ZC_SUPPORTED=true, ENTER_NO_IOWAIT_SUPPORTED=true
WINDOW DONE
-rw-r--r--. 1 forked_franz forked_franz 22301606 Sep 25 23:54 /home/forked_franz/IdeaProjects/netty-eventloop-arena-poc/results/ryzen9-7950x-node0/arena-v3/ring-alloc/topology/w1-io_uring-adaptive-ra-slab2.jfr
Warm-up phase is over for thread #2.
Main benchmark duration is started for thread #2.
Main benchmark duration is over for thread #3. Stopping all clients.
Stopped all clients for thread #3
Main benchmark duration is over for thread #0. Stopping all clients.
Stopped all clients for thread #0
Main benchmark duration is over for thread #1. Stopping all clients.
Stopped all clients for thread #1
Main benchmark duration is over for thread #2. Stopping all clients.
Stopped all clients for thread #2

finished in 8.00s, 132209.12 req/s, 571.35MB/s
requests: 1057673 total, 1057737 started, 1057673 done, 1057673 succeeded, 0 failed, 0 errored, 0 timeout
status codes: 1057673 2xx, 0 3xx, 0 4xx, 0 5xx
traffic: 4.46GB (4792851200) total, 118.02MB (123751251) headers (space savings 0.00%), 4.31GB (4627985488) data
                     min         max         mean         sd        +/- sd
time for request:      112us     90.57ms       485us       885us    98.59%
time for connect:        2us       215us       107us        58us    60.94%
time to 1st byte:    86.58ms     90.58ms     88.67ms      1.37ms    50.00%
req/s           :    2033.57     2112.23     2065.69       16.00    81.25%
dumped 713725 events -> /home/forked_franz/IdeaProjects/netty-eventloop-arena-poc/results/ryzen9-7950x-node0/arena-v3/ring-alloc/topology/w1-io_uring-adaptive-ra-slab2.tsv
================================================================================================
WORKLOAD w1-io_uring-adaptive-ra-slab2   (w1-io_uring-adaptive-ra-slab2.tsv)
================================================================================================
events: AllocateBuffer=355278 FreeBuffer=355260 ReallocateBuffer=0 IterationEnd=3187
pairs=355214  unpaired releases (alloc before window)=46  still live at window end=64  truncated stacks=355214  address reused with no release event=0
BALANCE CHECK: allocs(355278) - pairs(355214) - live-at-end(64) - reuse(0) = 0  (must be 0)
event-loop threads with markers: 4  iterations total=3187  with reads>0=316 (9.9%)

(a) lifetime in event-loop ITERATIONS of the allocating thread
     iters : 0=98.51%  1=1.49%  2-3=0.00%  4-7=0.00%  8+=0.00%
  read-its : 0=98.51%  1=1.49%  2-3=0.00%  4-7=0.00%  8+=0.00%   (only iterations that saw >=1 channelRead)
  iters p50=0 p90=0 p99=1 p99.9=1 max=1
  wall-clock lifetime us: p50=241.0 p90=571.8 p99=1018.2 p99.9=1521.0 max=2580.7

(b) released on the allocating thread: 100.000%  (cross-thread: 0)

(c) nesting class at release: only=4.71%  youngest=0.00%  oldest=94.79%  middle=0.49%
     within same-iteration releases (349922, 98.51% of all): only=4.72%  youngest=0.00%  oldest=94.79%  middle=0.50%

(d) size bucket (power-of-two ceiling of the requested capacity)
     8192=50.26%  4096=0.01%  256=49.73%
     exact sizes: 208=49.73%  4370=24.88%  4381=24.81%  8192=0.53%  4392=0.04%  4096=0.01%

(e) release cause (first non-allocator frame of the FreeBuffer stack)
     write-completion        99.463%  top site: io.netty.channel.ChannelOutboundBuffer.remove
     handler                  0.537%  top site: io.netty.channel.SimpleChannelInboundHandler.channelRead

    cause x lifetime-in-iterations (row %% of all pairs)
    cause                         0        1      2-3      4-7       8+     share
    write-completion        97.973%   1.490%   0.000%   0.000%   0.000%   99.463%
    handler                  0.537%   0.000%   0.000%   0.000%   0.000%    0.537%

    cause x size bucket (row %% of all pairs)
    cause                       8192       256      4096
    write-completion         49.731%   49.731%    0.000%
    handler                   0.530%    0.000%    0.007%

    max lifetime: 1 iterations (960.2 us), size=208, cause=write-completion, site=io.netty.channel.ChannelOutboundBuffer.remove
    max wall-clock: 2580.7 us (0 iterations), size=4381, cause=write-completion

(f) live buffers at end of iteration, per event-loop thread
    thread                          iters  avgLive  maxLive   avgAlloc maxAlloc
    multiThreadIoEventLoopGroup-3-1     1257     1.08       32      69.71     1994
    multiThreadIoEventLoopGroup-3-2      637     2.10       32     137.19     1951
    multiThreadIoEventLoopGroup-3-3      331     3.89       32     265.22     2008
    multiThreadIoEventLoopGroup-3-4      962     1.36       32      92.85     1912
    live-at-marker over all markers: mean=1.660 p50=0 p90=0 p99=28 p99.9=32 max=32 ; markers with >0 live=249 (7.81%)
    allocations per iteration (all EL threads): mean=110.49 p50=0 p90=0 p99=1785 max=2008  zero-alloc iterations=90.1%
    channelReads per iteration: mean=83.90 p50=0 p90=0 p99=1352 max=1511

(g) the buffers that DO cross an iteration boundary (5292, 1.490% of pairs)
     io.netty.channel.ChannelOutboundBuffer.remove               1.490% of all  iters p50=1 p99=1 max=1  bytes=11.6 MiB
     sizes of the crossing buffers: 8192=50.00%  256=50.00%
     bytes held across a boundary: 11.6 MiB of 787.0 MiB allocated in the window (1.47%)

    diagnostics: pairs whose stack had no non-plumbing frame=0 (0.000%); pairs crossing >=1 marker=5292 (1.490%)

HEADLINE CLASSIFICATION
    ii-same-iter-out-of-order                 93.865%  (333423)
    i-same-iter-LIFO                           4.645%  (16499)
    iii-cross-iter-write-completion            1.490%  (5292)
== cell end 23:54:41 rc=0
released (ringalloc) at 23:54:41 rc=0
### cell w3-io_uring-adaptive-ra-slab2  2026-09-25T23:54:41+02:00
waiting for the bench lock (ringalloc) at 23:54:41
got the bench lock (ringalloc) at 23:54:41
== cell start 23:54:41 :: topology/run.sh w3-io_uring-adaptive-ra-slab2 h2echo 18080 4 3 1.5 -- h2load -c 8 -m 16 -t 4 -D 8 -w 12 -d /home/forked_franz/IdeaProjects/netty-eventloop-arena-poc/results/ryzen9-7950x-node0/arena-v3/ring-alloc/topology/body64k http://127.0.0.1:18080/
== scaling_max_freq set=2300000 readback=2300000, cpus=32 governor=performance
== loadavg 2.38 2.73 3.04 1/1282 2899537
== runnable samples: 2 1 2 3 2 2 max=3 (limit 4)
TRANSPORT transport=io_uring ringSize=128 cqSize=4096 singleIssuer=true bufferRing=on [bgId=1 entries=64 chunk=8192 incremental=true batchSize=32 batchAllocation=false alloc=slab2 allocClass=SlabV2BufferRingAllocator/slab2[256x8192 per loop, grow=true, maxRegion=33554432, timeHist=false, warmup=16384, reprovGap=65536, reprovRuns=1024, maxReprov=8]] zeroCopyThreshold=-1 | IoUring features: CQE_F_SOCK_NONEMPTY_SUPPORTED=true, UNIX_DOMAIN_SOCKET_INQ_SUPPORTED=true, SPLICE_SUPPORTED=true, ACCEPT_NO_WAIT_SUPPORTED=true, ACCEPT_MULTISHOT_SUPPORTED=true, POLL_ADD_MULTISHOT_SUPPORTED=true, RECV_MULTISHOT_SUPPORTED=true, IORING_RECVSEND_BUNDLE_SUPPORTED=true, REGISTER_IOWQ_MAX_WORKERS_SUPPORTED=true, SETUP_SUBMIT_ALL_SUPPORTED=true, SETUP_CQE_MIXED_SUPPORTED=true, SETUP_CQ_SIZE_SUPPORTED=true, SETUP_SINGLE_ISSUER_SUPPORTED=true, SETUP_DEFER_TASKRUN_SUPPORTED=true, SETUP_NO_SQARRAY_SUPPORTED=true, REGISTER_BUFFER_RING_SUPPORTED=true, REGISTER_BUFFER_RING_INC_SUPPORTED=true, SEND_ZC_SUPPORTED=true, SENDMSG_ZC_SUPPORTED=true, ENTER_NO_IOWAIT_SUPPORTED=true
WINDOW DONE
-rw-r--r--. 1 forked_franz forked_franz 63572452 Sep 25 23:54 /home/forked_franz/IdeaProjects/netty-eventloop-arena-poc/results/ryzen9-7950x-node0/arena-v3/ring-alloc/topology/w3-io_uring-adaptive-ra-slab2.jfr
Main benchmark duration is started for thread #0.
Application protocol: h2c
Main benchmark duration is over for thread #1. Stopping all clients.
Stopped all clients for thread #1
Main benchmark duration is over for thread #3. Stopping all clients.
Stopped all clients for thread #3
Main benchmark duration is over for thread #0. Stopping all clients.Main benchmark duration is over for thread #
2. Stopping all clients.
Stopped all clients for thread #0
Stopped all clients for thread #2

finished in 8.00s, 13702.00 req/s, 864.69MB/s
requests: 109616 total, 109744 started, 109616 done, 109616 succeeded, 0 failed, 0 errored, 0 timeout
status codes: 109737 2xx, 0 3xx, 0 4xx, 0 5xx
traffic: 6.76GB (7253526027) total, 107.17KB (109737) headers (space savings 90.00%), 6.69GB (7187705560) data
                     min         max         mean         sd        +/- sd
time for request:     3.86ms    240.99ms      9.32ms     10.77ms    94.91%
time for connect:       13us        41us        26us        12us    62.50%
time to 1st byte:   111.30ms    112.76ms    111.70ms       631us    75.00%
req/s           :    1698.60     1741.61     1712.73       17.82    75.00%
dumped 2153538 events -> /home/forked_franz/IdeaProjects/netty-eventloop-arena-poc/results/ryzen9-7950x-node0/arena-v3/ring-alloc/topology/w3-io_uring-adaptive-ra-slab2.tsv
================================================================================================
WORKLOAD w3-io_uring-adaptive-ra-slab2   (w3-io_uring-adaptive-ra-slab2.tsv)
================================================================================================
events: AllocateBuffer=1076560 FreeBuffer=1060660 ReallocateBuffer=15980 IterationEnd=338
pairs=1076174  unpaired releases (alloc before window)=466  still live at window end=386  truncated stacks=1060194  address reused with no release event=0
BALANCE CHECK: allocs(1076560) - pairs(1076174) - live-at-end(386) - reuse(0) = 0  (must be 0)
event-loop threads with markers: 4  iterations total=338  with reads>0=338 (100.0%)

(a) lifetime in event-loop ITERATIONS of the allocating thread
     iters : 0=95.82%  1=4.18%  2-3=0.00%  4-7=0.00%  8+=0.00%
  read-its : 0=95.82%  1=4.18%  2-3=0.00%  4-7=0.00%  8+=0.00%   (only iterations that saw >=1 channelRead)
  iters p50=0 p90=0 p99=1 p99.9=1 max=2
  wall-clock lifetime us: p50=397.3 p90=848.8 p99=14644.4 p99.9=30580.1 max=109527.5

(b) released on the allocating thread: 100.000%  (cross-thread: 0)

(c) nesting class at release: only=0.00%  youngest=0.00%  oldest=0.38%  middle=99.62%
     within same-iteration releases (1031165, 95.82% of all): only=0.00%  youngest=0.00%  oldest=0.09%  middle=99.91%

(d) size bucket (power-of-two ceiling of the requested capacity)
     32768=4.34%  16384=1.88%  8192=0.01%  4096=0.01%  2048=0.00%  1024=0.00%  512=0.00%  256=1.40%  128=0.01%  64=0.01%
     exact sizes: 9=88.13%  32768=4.34%  13=2.81%  16384=1.88%  256=1.40%  15=1.39%

(e) release cause (first non-allocator frame of the FreeBuffer stack)
     write-completion        93.728%  top site: io.netty.channel.ChannelOutboundBuffer.remove
     other:no-site            4.764%  top site: io.netty.buffer.CompositeByteBuf$Component.free
     realloc-grow             1.485%  top site: io.netty.buffer.AdaptiveByteBuf.capacity
     decoder/cumulation       0.023%  top site: io.netty.handler.codec.ByteToMessageDecoder.channelRead

    cause x lifetime-in-iterations (row %% of all pairs)
    cause                         0        1      2-3      4-7       8+     share
    write-completion        91.501%   2.226%   0.000%   0.000%   0.000%   93.728%
    other:no-site            2.808%   1.956%   0.000%   0.000%   0.000%    4.764%
    realloc-grow             1.485%   0.000%   0.000%   0.000%   0.000%    1.485%
    decoder/cumulation       0.023%   0.000%   0.000%   0.000%   0.000%    0.023%

    cause x size bucket (row %% of all pairs)
    cause                         16     32768     16384       256      8192       128
    write-completion         92.327%    0.010%    0.001%    1.390%    0.000%    0.000%
    other:no-site             0.000%    4.334%    0.399%    0.001%    0.013%    0.001%
    realloc-grow              0.000%    0.000%    1.483%    0.000%    0.001%    0.000%
    decoder/cumulation        0.000%    0.000%    0.000%    0.007%    0.000%    0.008%

    max lifetime: 2 iterations (18549.8 us), size=32768, cause=other:no-site, site=io.netty.buffer.CompositeByteBuf$Component.free
    max wall-clock: 109527.5 us (1 iterations), size=32768, cause=other:no-site

(f) live buffers at end of iteration, per event-loop thread
    thread                          iters  avgLive  maxLive   avgAlloc maxAlloc
    multiThreadIoEventLoopGroup-3-1       77   135.45      182    3207.97     3739
    multiThreadIoEventLoopGroup-3-2       86   131.92      182    3159.34     3743
    multiThreadIoEventLoopGroup-3-3       89   130.58      186    3143.45     3687
    multiThreadIoEventLoopGroup-3-4       86   135.56      191    3165.76     3807
    live-at-marker over all markers: mean=133.299 p50=132 p90=168 p99=183 p99.9=191 max=191 ; markers with >0 live=338 (100.00%)
    allocations per iteration (all EL threads): mean=3167.87 p50=3163 p90=3545 p99=3739 max=3807  zero-alloc iterations=0.0%
    channelReads per iteration: mean=458.49 p50=459 p90=486 p99=506 max=516

(g) the buffers that DO cross an iteration boundary (45009, 4.182% of pairs)
     io.netty.channel.ChannelOutboundBuffer.remove               2.226% of all  iters p50=1 p99=1 max=1  bytes=2.4 MiB
     io.netty.buffer.CompositeByteBuf$Component.free             1.956% of all  iters p50=1 p99=1 max=2  bytes=616.2 MiB
     io.netty.buffer.AdaptiveByteBuf.capacity                    0.000% of all  iters p50=1 p99=1 max=1  bytes=0.0 MiB
     sizes of the crossing buffers: 32768=41.30%  16384=5.18%  8192=0.18%  4096=0.12%  2048=0.06%  1024=0.03%  512=0.01%  256=0.83%
     bytes held across a boundary: 618.6 MiB of 1791.6 MiB allocated in the window (34.53%)

    diagnostics: pairs whose stack had no non-plumbing frame=51272 (4.764%); pairs crossing >=1 marker=45009 (4.182%)

HEADLINE CLASSIFICATION
    ii-same-iter-out-of-order                 95.818%  (1031165)
    iii-cross-iter-write-completion            2.226%  (23959)
    vi-cross-iter-other:other:no-site          1.956%  (21049)
    vi-cross-iter-other:realloc-grow           0.000%  (1)
== cell end 23:55:34 rc=0
released (ringalloc) at 23:55:34 rc=0
### cell w5-io_uring-adaptive-ra-slab2  2026-09-25T23:55:34+02:00
waiting for the bench lock (ringalloc) at 23:55:34
got the bench lock (ringalloc) at 23:55:34
== cell start 23:55:34 :: topology/run.sh w5-io_uring-adaptive-ra-slab2 h1agg 18080 4 3 1.5 -- h2load --h1 -c 64 -t 4 -D 8 -d /home/forked_franz/IdeaProjects/netty-eventloop-arena-poc/results/ryzen9-7950x-node0/arena-v3/ring-alloc/topology/body256k http://127.0.0.1:18080/
== scaling_max_freq set=2300000 readback=2300000, cpus=32 governor=performance
== loadavg 2.06 2.63 2.99 1/1285 2900314
== runnable samples: 2 2 2 2 2 2 max=2 (limit 4)
TRANSPORT transport=io_uring ringSize=128 cqSize=4096 singleIssuer=true bufferRing=on [bgId=1 entries=64 chunk=8192 incremental=true batchSize=32 batchAllocation=false alloc=slab2 allocClass=SlabV2BufferRingAllocator/slab2[256x8192 per loop, grow=true, maxRegion=33554432, timeHist=false, warmup=16384, reprovGap=65536, reprovRuns=1024, maxReprov=8]] zeroCopyThreshold=-1 | IoUring features: CQE_F_SOCK_NONEMPTY_SUPPORTED=true, UNIX_DOMAIN_SOCKET_INQ_SUPPORTED=true, SPLICE_SUPPORTED=true, ACCEPT_NO_WAIT_SUPPORTED=true, ACCEPT_MULTISHOT_SUPPORTED=true, POLL_ADD_MULTISHOT_SUPPORTED=true, RECV_MULTISHOT_SUPPORTED=true, IORING_RECVSEND_BUNDLE_SUPPORTED=true, REGISTER_IOWQ_MAX_WORKERS_SUPPORTED=true, SETUP_SUBMIT_ALL_SUPPORTED=true, SETUP_CQE_MIXED_SUPPORTED=true, SETUP_CQ_SIZE_SUPPORTED=true, SETUP_SINGLE_ISSUER_SUPPORTED=true, SETUP_DEFER_TASKRUN_SUPPORTED=true, SETUP_NO_SQARRAY_SUPPORTED=true, REGISTER_BUFFER_RING_SUPPORTED=true, REGISTER_BUFFER_RING_INC_SUPPORTED=true, SEND_ZC_SUPPORTED=true, SENDMSG_ZC_SUPPORTED=true, ENTER_NO_IOWAIT_SUPPORTED=true
WINDOW DONE
-rw-r--r--. 1 forked_franz forked_franz 136374941 Sep 25 23:55 /home/forked_franz/IdeaProjects/netty-eventloop-arena-poc/results/ryzen9-7950x-node0/arena-v3/ring-alloc/topology/w5-io_uring-adaptive-ra-slab2.jfr
Main benchmark duration is started for thread #0.
Application protocol: http/1.1
Main benchmark duration is over for thread #1. Stopping all clients.
Stopped all clients for thread #1
Main benchmark duration is over for thread #3. Stopping all clients.
Stopped all clients for thread #3
Main benchmark duration is over for thread #0. Stopping all clients.
Stopped all clients for thread #0
Main benchmark duration is over for thread #2. Stopping all clients.
Stopped all clients for thread #2

finished in 8.00s, 11891.88 req/s, 464.53KB/s
requests: 95135 total, 95199 started, 95135 done, 95135 succeeded, 0 failed, 0 errored, 0 timeout
status codes: 95135 2xx, 0 3xx, 0 4xx, 0 5xx
traffic: 3.63MB (3805400) total, 1.36MB (1427370) headers (space savings 0.00%), 185.86KB (190316) data
                     min         max         mean         sd        +/- sd
time for request:      643us    107.18ms      5.38ms      2.77ms    98.83%
time for connect:        2us       399us       200us       115us    59.38%
time to 1st byte:    81.00ms    107.22ms     95.85ms      6.28ms    73.44%
req/s           :     183.73      190.71      185.78        1.14    78.13%
dumped 11141596 events -> /home/forked_franz/IdeaProjects/netty-eventloop-arena-poc/results/ryzen9-7950x-node0/arena-v3/ring-alloc/topology/w5-io_uring-adaptive-ra-slab2.tsv
================================================================================================
WORKLOAD w5-io_uring-adaptive-ra-slab2   (w5-io_uring-adaptive-ra-slab2.tsv)
================================================================================================
events: AllocateBuffer=40433 FreeBuffer=40439 ReallocateBuffer=0 IterationEnd=11060724
pairs=40432  unpaired releases (alloc before window)=7  still live at window end=1  truncated stacks=40432  address reused with no release event=0
BALANCE CHECK: allocs(40433) - pairs(40432) - live-at-end(1) - reuse(0) = 0  (must be 0)
event-loop threads with markers: 4  iterations total=11060724  with reads>0=179533 (1.6%)

(a) lifetime in event-loop ITERATIONS of the allocating thread
     iters : 0=99.53%  1=0.00%  2-3=0.00%  4-7=0.00%  8+=0.46%
  read-its : 0=99.53%  1=0.01%  2-3=0.01%  4-7=0.05%  8+=0.39%   (only iterations that saw >=1 channelRead)
  iters p50=0 p90=0 p99=0 p99.9=570 max=691
  wall-clock lifetime us: p50=15.8 p90=64.2 p99=301.2 p99.9=456.7 max=672.2

(b) released on the allocating thread: 100.000%  (cross-thread: 0)

(c) nesting class at release: only=47.43%  youngest=0.00%  oldest=49.50%  middle=3.07%
     within same-iteration releases (40243, 99.53% of all): only=47.65%  youngest=0.00%  oldest=49.27%  middle=3.08%

(d) size bucket (power-of-two ceiling of the requested capacity)
     16384=0.57%  64=49.71%  2=49.72%
     exact sizes: 2=49.72%  52=49.71%  16384=0.57%

(e) release cause (first non-allocator frame of the FreeBuffer stack)
     codec-encoder           49.716%  top site: io.netty.handler.codec.http.HttpObjectEncoder.encodeFullHttpMessage
     write-completion        49.713%  top site: io.netty.channel.ChannelOutboundBuffer.remove
     aggregator               0.571%  top site: io.netty.handler.codec.http.HttpObjectAggregator$AggregatedFullHttpMessage.release

    cause x lifetime-in-iterations (row %% of all pairs)
    cause                         0        1      2-3      4-7       8+     share
    codec-encoder           49.716%   0.000%   0.000%   0.000%   0.000%   49.716%
    write-completion        49.713%   0.000%   0.000%   0.000%   0.000%   49.713%
    aggregator               0.104%   0.005%   0.005%   0.002%   0.455%    0.571%

    cause x size bucket (row %% of all pairs)
    cause                          2        64     16384
    codec-encoder            49.716%    0.000%    0.000%
    write-completion          0.000%   49.713%    0.000%
    aggregator                0.000%    0.000%    0.571%

    max lifetime: 691 iterations (317.4 us), size=16384, cause=aggregator, site=io.netty.handler.codec.http.HttpObjectAggregator$AggregatedFullHttpMessage.release
    max wall-clock: 672.2 us (0 iterations), size=52, cause=write-completion

(f) live buffers at end of iteration, per event-loop thread
    thread                          iters  avgLive  maxLive   avgAlloc maxAlloc
    multiThreadIoEventLoopGroup-3-1  2789922     0.01        1       0.00      161
    multiThreadIoEventLoopGroup-3-2  2656675     0.01        1       0.00      155
    multiThreadIoEventLoopGroup-3-3  2662822     0.01        1       0.00      132
    multiThreadIoEventLoopGroup-3-4  2951305     0.01        1       0.00      193
    live-at-marker over all markers: mean=0.006 p50=0 p90=0 p99=0 p99.9=1 max=1 ; markers with >0 live=66339 (0.60%)
    allocations per iteration (all EL threads): mean=0.00 p50=0 p90=0 p99=0 max=193  zero-alloc iterations=99.9%
    channelReads per iteration: mean=0.08 p50=0 p90=0 p99=3 max=3175

(g) the buffers that DO cross an iteration boundary (189, 0.467% of pairs)
     io.netty.handler.codec.http.HttpObjectAggregator$Aggregate  0.467% of all  iters p50=360 p99=655 max=691  bytes=3.0 MiB
     sizes of the crossing buffers: 16384=100.00%
     bytes held across a boundary: 3.0 MiB of 4.6 MiB allocated in the window (63.58%)

    diagnostics: pairs whose stack had no non-plumbing frame=0 (0.000%); pairs crossing >=1 marker=189 (0.467%)

HEADLINE CLASSIFICATION
    ii-same-iter-out-of-order                 52.105%  (21067)
    i-same-iter-LIFO                          47.428%  (19176)
    iv-cross-iter-cumulation/aggregation       0.467%  (189)
== cell end 23:56:31 rc=0
released (ringalloc) at 23:56:31 rc=0
### cell w1-io_uring-adaptive-ra-slab3fixed  2026-09-25T23:56:31+02:00
waiting for the bench lock (ringalloc) at 23:56:31
got the bench lock (ringalloc) at 23:56:31
== cell start 23:56:31 :: topology/run.sh w1-io_uring-adaptive-ra-slab3fixed h1snoop 18080 4 3 1.5 -- h2load --h1 -c 64 -t 4 -D 8 -d /home/forked_franz/IdeaProjects/netty-eventloop-arena-poc/results/ryzen9-7950x-node0/arena-v3/ring-alloc/topology/body4k http://127.0.0.1:18080/
== scaling_max_freq set=2300000 readback=2300000, cpus=32 governor=performance
== loadavg 2.04 2.58 2.95 1/1289 2901137
== runnable samples: 2 2 2 3 2 2 max=3 (limit 4)
TRANSPORT transport=io_uring ringSize=128 cqSize=4096 singleIssuer=true bufferRing=on [bgId=1 entries=64 chunk=8192 incremental=true batchSize=32 batchAllocation=false alloc=slab3fixed allocClass=SlabV2BufferRingAllocator/slab3fixed[256x8192 per loop, grow=true, maxRegion=33554432, timeHist=false, warmup=16384, reprovGap=65536, reprovRuns=1024, maxReprov=8]] zeroCopyThreshold=-1 | IoUring features: CQE_F_SOCK_NONEMPTY_SUPPORTED=true, UNIX_DOMAIN_SOCKET_INQ_SUPPORTED=true, SPLICE_SUPPORTED=true, ACCEPT_NO_WAIT_SUPPORTED=true, ACCEPT_MULTISHOT_SUPPORTED=true, POLL_ADD_MULTISHOT_SUPPORTED=true, RECV_MULTISHOT_SUPPORTED=true, IORING_RECVSEND_BUNDLE_SUPPORTED=true, REGISTER_IOWQ_MAX_WORKERS_SUPPORTED=true, SETUP_SUBMIT_ALL_SUPPORTED=true, SETUP_CQE_MIXED_SUPPORTED=true, SETUP_CQ_SIZE_SUPPORTED=true, SETUP_SINGLE_ISSUER_SUPPORTED=true, SETUP_DEFER_TASKRUN_SUPPORTED=true, SETUP_NO_SQARRAY_SUPPORTED=true, REGISTER_BUFFER_RING_SUPPORTED=true, REGISTER_BUFFER_RING_INC_SUPPORTED=true, SEND_ZC_SUPPORTED=true, SENDMSG_ZC_SUPPORTED=true, ENTER_NO_IOWAIT_SUPPORTED=true
WINDOW DONE
-rw-r--r--. 1 forked_franz forked_franz 21364064 Sep 25 23:56 /home/forked_franz/IdeaProjects/netty-eventloop-arena-poc/results/ryzen9-7950x-node0/arena-v3/ring-alloc/topology/w1-io_uring-adaptive-ra-slab3fixed.jfr
Main benchmark duration is started for thread #0.
Application protocol: http/1.1
Main benchmark duration is over for thread #1. Stopping all clients.
Stopped all clients for thread #1
Main benchmark duration is over for thread #2. Stopping all clients.
Stopped all clients for thread #2
Main benchmark duration is over for thread #3. Stopping all clients.
Stopped all clients for thread #3
Main benchmark duration is over for thread #0. Stopping all clients.
Stopped all clients for thread #0

finished in 8.00s, 131713.88 req/s, 569.21MB/s
requests: 1053711 total, 1053775 started, 1053711 done, 1053711 succeeded, 0 failed, 0 errored, 0 timeout
status codes: 1053711 2xx, 0 3xx, 0 4xx, 0 5xx
traffic: 4.45GB (4774897089) total, 117.57MB (123286293) headers (space savings 0.00%), 4.29GB (4610596954) data
                     min         max         mean         sd        +/- sd
time for request:      111us     86.83ms       487us       878us    97.75%
time for connect:        2us       209us       102us        56us    57.81%
time to 1st byte:    85.61ms     86.90ms     86.07ms       405us    68.75%
req/s           :    2031.58     2128.29     2057.96       16.14    60.94%
dumped 690415 events -> /home/forked_franz/IdeaProjects/netty-eventloop-arena-poc/results/ryzen9-7950x-node0/arena-v3/ring-alloc/topology/w1-io_uring-adaptive-ra-slab3fixed.tsv
================================================================================================
WORKLOAD w1-io_uring-adaptive-ra-slab3fixed   (w1-io_uring-adaptive-ra-slab3fixed.tsv)
================================================================================================
events: AllocateBuffer=337994 FreeBuffer=337945 ReallocateBuffer=0 IterationEnd=14476
pairs=337914  unpaired releases (alloc before window)=31  still live at window end=80  truncated stacks=337914  address reused with no release event=0
BALANCE CHECK: allocs(337994) - pairs(337914) - live-at-end(80) - reuse(0) = 0  (must be 0)
event-loop threads with markers: 4  iterations total=14476  with reads>0=417 (2.9%)

(a) lifetime in event-loop ITERATIONS of the allocating thread
     iters : 0=98.51%  1=1.49%  2-3=0.00%  4-7=0.00%  8+=0.00%
  read-its : 0=98.51%  1=1.49%  2-3=0.00%  4-7=0.00%  8+=0.00%   (only iterations that saw >=1 channelRead)
  iters p50=0 p90=0 p99=1 p99.9=1 max=1
  wall-clock lifetime us: p50=228.3 p90=613.4 p99=1438.7 p99.9=1939.6 max=3268.4

(b) released on the allocating thread: 100.000%  (cross-thread: 0)

(c) nesting class at release: only=5.02%  youngest=0.00%  oldest=94.50%  middle=0.48%
     within same-iteration releases (332886, 98.51% of all): only=5.02%  youngest=0.00%  oldest=94.49%  middle=0.49%

(d) size bucket (power-of-two ceiling of the requested capacity)
     8192=50.26%  4096=0.01%  256=49.73%
     exact sizes: 208=49.73%  4370=24.87%  4381=24.82%  8192=0.53%  4392=0.04%  4096=0.01%

(e) release cause (first non-allocator frame of the FreeBuffer stack)
     write-completion        99.462%  top site: io.netty.channel.ChannelOutboundBuffer.remove
     handler                  0.538%  top site: io.netty.channel.SimpleChannelInboundHandler.channelRead

    cause x lifetime-in-iterations (row %% of all pairs)
    cause                         0        1      2-3      4-7       8+     share
    write-completion        97.974%   1.488%   0.000%   0.000%   0.000%   99.462%
    handler                  0.538%   0.000%   0.000%   0.000%   0.000%    0.538%

    cause x size bucket (row %% of all pairs)
    cause                       8192       256      4096
    write-completion         49.731%   49.731%    0.000%
    handler                   0.533%    0.000%    0.005%

    max lifetime: 1 iterations (1544.2 us), size=208, cause=write-completion, site=io.netty.channel.ChannelOutboundBuffer.remove
    max wall-clock: 3268.4 us (0 iterations), size=4370, cause=write-completion

(f) live buffers at end of iteration, per event-loop thread
    thread                          iters  avgLive  maxLive   avgAlloc maxAlloc
    multiThreadIoEventLoopGroup-3-1     7497     0.16       32      11.04     2007
    multiThreadIoEventLoopGroup-3-2     1543     0.80       32      53.95     2015
    multiThreadIoEventLoopGroup-3-3     1677     0.77       32      50.23     2024
    multiThreadIoEventLoopGroup-3-4     3759     0.34       32      22.72     2014
    live-at-marker over all markers: mean=0.347 p50=0 p90=0 p99=20 p99.9=32 max=32 ; markers with >0 live=239 (1.65%)
    allocations per iteration (all EL threads): mean=23.19 p50=0 p90=0 p99=1270 max=2024  zero-alloc iterations=97.1%
    channelReads per iteration: mean=17.56 p50=0 p90=0 p99=956 max=1525

(g) the buffers that DO cross an iteration boundary (5028, 1.488% of pairs)
     io.netty.channel.ChannelOutboundBuffer.remove               1.488% of all  iters p50=1 p99=1 max=1  bytes=11.0 MiB
     sizes of the crossing buffers: 8192=50.00%  256=50.00%
     bytes held across a boundary: 11.0 MiB of 748.7 MiB allocated in the window (1.47%)

    diagnostics: pairs whose stack had no non-plumbing frame=0 (0.000%); pairs crossing >=1 marker=5028 (1.488%)

HEADLINE CLASSIFICATION
    ii-same-iter-out-of-order                 93.562%  (316160)
    i-same-iter-LIFO                           4.950%  (16726)
    iii-cross-iter-write-completion            1.488%  (5028)
== cell end 23:57:00 rc=0
released (ringalloc) at 23:57:00 rc=0
### cell w3-io_uring-adaptive-ra-slab3fixed  2026-09-25T23:57:00+02:00
waiting for the bench lock (ringalloc) at 23:57:00
got the bench lock (ringalloc) at 23:57:00
== cell start 23:57:00 :: topology/run.sh w3-io_uring-adaptive-ra-slab3fixed h2echo 18080 4 3 1.5 -- h2load -c 8 -m 16 -t 4 -D 8 -w 12 -d /home/forked_franz/IdeaProjects/netty-eventloop-arena-poc/results/ryzen9-7950x-node0/arena-v3/ring-alloc/topology/body64k http://127.0.0.1:18080/
== scaling_max_freq set=2300000 readback=2300000, cpus=32 governor=performance
== loadavg 2.42 2.63 2.96 1/1292 2901797
== runnable samples: 2 2 1 3 2 2 max=3 (limit 4)
TRANSPORT transport=io_uring ringSize=128 cqSize=4096 singleIssuer=true bufferRing=on [bgId=1 entries=64 chunk=8192 incremental=true batchSize=32 batchAllocation=false alloc=slab3fixed allocClass=SlabV2BufferRingAllocator/slab3fixed[256x8192 per loop, grow=true, maxRegion=33554432, timeHist=false, warmup=16384, reprovGap=65536, reprovRuns=1024, maxReprov=8]] zeroCopyThreshold=-1 | IoUring features: CQE_F_SOCK_NONEMPTY_SUPPORTED=true, UNIX_DOMAIN_SOCKET_INQ_SUPPORTED=true, SPLICE_SUPPORTED=true, ACCEPT_NO_WAIT_SUPPORTED=true, ACCEPT_MULTISHOT_SUPPORTED=true, POLL_ADD_MULTISHOT_SUPPORTED=true, RECV_MULTISHOT_SUPPORTED=true, IORING_RECVSEND_BUNDLE_SUPPORTED=true, REGISTER_IOWQ_MAX_WORKERS_SUPPORTED=true, SETUP_SUBMIT_ALL_SUPPORTED=true, SETUP_CQE_MIXED_SUPPORTED=true, SETUP_CQ_SIZE_SUPPORTED=true, SETUP_SINGLE_ISSUER_SUPPORTED=true, SETUP_DEFER_TASKRUN_SUPPORTED=true, SETUP_NO_SQARRAY_SUPPORTED=true, REGISTER_BUFFER_RING_SUPPORTED=true, REGISTER_BUFFER_RING_INC_SUPPORTED=true, SEND_ZC_SUPPORTED=true, SENDMSG_ZC_SUPPORTED=true, ENTER_NO_IOWAIT_SUPPORTED=true
WINDOW DONE
-rw-r--r--. 1 forked_franz forked_franz 74753052 Sep 25 23:57 /home/forked_franz/IdeaProjects/netty-eventloop-arena-poc/results/ryzen9-7950x-node0/arena-v3/ring-alloc/topology/w3-io_uring-adaptive-ra-slab3fixed.jfr
Main benchmark duration is started for thread #2.
Main benchmark duration is started for thread #1.
Main benchmark duration is over for thread #3. Stopping all clients.
Stopped all clients for thread #3
Main benchmark duration is over for thread #0. Stopping all clients.
Stopped all clients for thread #0
Main benchmark duration is over for thread #2. Stopping all clients.
Stopped all clients for thread #2
Main benchmark duration is over for thread #1. Stopping all clients.
Stopped all clients for thread #1

finished in 8.00s, 13439.88 req/s, 848.15MB/s
requests: 107519 total, 107647 started, 107519 done, 107519 succeeded, 0 failed, 0 errored, 0 timeout
status codes: 107639 2xx, 0 3xx, 0 4xx, 0 5xx
traffic: 6.63GB (7114775336) total, 105.12KB (107639) headers (space savings 90.00%), 6.57GB (7050160465) data
                     min         max         mean         sd        +/- sd
time for request:     3.65ms    235.52ms      9.50ms     11.32ms    95.81%
time for connect:       13us        45us        28us        12us    62.50%
time to 1st byte:   113.32ms    116.68ms    114.90ms      1.37ms    50.00%
req/s           :    1666.85     1707.09     1679.96       16.67    75.00%
dumped 2535113 events -> /home/forked_franz/IdeaProjects/netty-eventloop-arena-poc/results/ryzen9-7950x-node0/arena-v3/ring-alloc/topology/w3-io_uring-adaptive-ra-slab3fixed.tsv
================================================================================================
WORKLOAD w3-io_uring-adaptive-ra-slab3fixed   (w3-io_uring-adaptive-ra-slab3fixed.tsv)
================================================================================================
events: AllocateBuffer=1267409 FreeBuffer=1248228 ReallocateBuffer=19061 IterationEnd=415
pairs=1266934  unpaired releases (alloc before window)=355  still live at window end=475  truncated stacks=1247873  address reused with no release event=0
BALANCE CHECK: allocs(1267409) - pairs(1266934) - live-at-end(475) - reuse(0) = 0  (must be 0)
event-loop threads with markers: 4  iterations total=415  with reads>0=415 (100.0%)

(a) lifetime in event-loop ITERATIONS of the allocating thread
     iters : 0=95.64%  1=4.36%  2-3=0.00%  4-7=0.00%  8+=0.00%
  read-its : 0=95.64%  1=4.36%  2-3=0.00%  4-7=0.00%  8+=0.00%   (only iterations that saw >=1 channelRead)
  iters p50=0 p90=0 p99=1 p99.9=1 max=2
  wall-clock lifetime us: p50=377.9 p90=749.2 p99=13842.0 p99.9=24749.1 max=103158.8

(b) released on the allocating thread: 100.000%  (cross-thread: 0)

(c) nesting class at release: only=0.00%  youngest=0.00%  oldest=0.39%  middle=99.61%
     within same-iteration releases (1211677, 95.64% of all): only=0.00%  youngest=0.00%  oldest=0.08%  middle=99.92%

(d) size bucket (power-of-two ceiling of the requested capacity)
     32768=4.35%  16384=1.89%  8192=0.02%  4096=0.01%  2048=0.00%  1024=0.00%  512=0.00%  256=1.41%  128=0.01%  64=0.01%
     exact sizes: 9=88.08%  32768=4.35%  13=2.83%  16384=1.89%  256=1.41%  15=1.40%

(e) release cause (first non-allocator frame of the FreeBuffer stack)
     write-completion        93.718%  top site: io.netty.channel.ChannelOutboundBuffer.remove
     other:no-site            4.752%  top site: io.netty.buffer.CompositeByteBuf$Component.free
     realloc-grow             1.504%  top site: io.netty.buffer.AdaptiveByteBuf.capacity
     decoder/cumulation       0.026%  top site: io.netty.handler.codec.ByteToMessageDecoder.channelRead

    cause x lifetime-in-iterations (row %% of all pairs)
    cause                         0        1      2-3      4-7       8+     share
    write-completion        91.382%   2.336%   0.000%   0.000%   0.000%   93.718%
    other:no-site            2.726%   2.025%   0.000%   0.000%   0.000%    4.752%
    realloc-grow             1.504%   0.000%   0.000%   0.000%   0.000%    1.504%
    decoder/cumulation       0.026%   0.000%   0.000%   0.000%   0.000%    0.026%

    cause x size bucket (row %% of all pairs)
    cause                         16     32768     16384       256      8192        64
    write-completion         92.309%    0.009%    0.001%    1.399%    0.000%    0.000%
    other:no-site             0.000%    4.338%    0.382%    0.001%    0.015%    0.001%
    realloc-grow              0.000%    0.000%    1.503%    0.000%    0.002%    0.000%
    decoder/cumulation        0.000%    0.000%    0.000%    0.007%    0.000%    0.010%

    max lifetime: 2 iterations (14504.6 us), size=32768, cause=other:no-site, site=io.netty.buffer.CompositeByteBuf$Component.free
    max wall-clock: 103158.8 us (1 iterations), size=32768, cause=other:no-site

(f) live buffers at end of iteration, per event-loop thread
    thread                          iters  avgLive  maxLive   avgAlloc maxAlloc
    multiThreadIoEventLoopGroup-3-1      105   134.11      176    3055.06     3633
    multiThreadIoEventLoopGroup-3-2       99   131.65      188    3091.83     3707
    multiThreadIoEventLoopGroup-3-3      109   133.94      180    3052.63     3638
    multiThreadIoEventLoopGroup-3-4      102   133.53      182    2953.42     3620
    live-at-marker over all markers: mean=133.337 p50=132 p90=164 p99=180 p99.9=188 max=188 ; markers with >0 live=415 (100.00%)
    allocations per iteration (all EL threads): mean=3038.21 p50=3002 p90=3422 p99=3638 max=3707  zero-alloc iterations=0.0%
    channelReads per iteration: mean=450.34 p50=451 p90=474 p99=492 max=517

(g) the buffers that DO cross an iteration boundary (55257, 4.361% of pairs)
     io.netty.channel.ChannelOutboundBuffer.remove               2.336% of all  iters p50=1 p99=1 max=1  bytes=2.4 MiB
     io.netty.buffer.CompositeByteBuf$Component.free             2.025% of all  iters p50=1 p99=1 max=2  bytes=750.5 MiB
     sizes of the crossing buffers: 32768=40.95%  16384=5.10%  8192=0.24%  4096=0.10%  2048=0.06%  1024=0.03%  512=0.03%  256=0.80%
     bytes held across a boundary: 752.9 MiB of 2111.0 MiB allocated in the window (35.66%)

    diagnostics: pairs whose stack had no non-plumbing frame=60200 (4.752%); pairs crossing >=1 marker=55257 (4.361%)

HEADLINE CLASSIFICATION
    ii-same-iter-out-of-order                 95.638%  (1211676)
    iii-cross-iter-write-completion            2.336%  (29598)
    vi-cross-iter-other:other:no-site          2.025%  (25659)
    i-same-iter-LIFO                           0.000%  (1)
== cell end 23:57:59 rc=0
released (ringalloc) at 23:57:59 rc=0
### cell w5-io_uring-adaptive-ra-slab3fixed  2026-09-25T23:57:59+02:00
waiting for the bench lock (ringalloc) at 23:57:59
got the bench lock (ringalloc) at 23:57:59
== cell start 23:57:59 :: topology/run.sh w5-io_uring-adaptive-ra-slab3fixed h1agg 18080 4 3 1.5 -- h2load --h1 -c 64 -t 4 -D 8 -d /home/forked_franz/IdeaProjects/netty-eventloop-arena-poc/results/ryzen9-7950x-node0/arena-v3/ring-alloc/topology/body256k http://127.0.0.1:18080/
== scaling_max_freq set=2300000 readback=2300000, cpus=32 governor=performance
== loadavg 1.92 2.48 2.88 1/1289 2902617
== runnable samples: 2 2 2 2 2 2 max=2 (limit 4)
TRANSPORT transport=io_uring ringSize=128 cqSize=4096 singleIssuer=true bufferRing=on [bgId=1 entries=64 chunk=8192 incremental=true batchSize=32 batchAllocation=false alloc=slab3fixed allocClass=SlabV2BufferRingAllocator/slab3fixed[256x8192 per loop, grow=true, maxRegion=33554432, timeHist=false, warmup=16384, reprovGap=65536, reprovRuns=1024, maxReprov=8]] zeroCopyThreshold=-1 | IoUring features: CQE_F_SOCK_NONEMPTY_SUPPORTED=true, UNIX_DOMAIN_SOCKET_INQ_SUPPORTED=true, SPLICE_SUPPORTED=true, ACCEPT_NO_WAIT_SUPPORTED=true, ACCEPT_MULTISHOT_SUPPORTED=true, POLL_ADD_MULTISHOT_SUPPORTED=true, RECV_MULTISHOT_SUPPORTED=true, IORING_RECVSEND_BUNDLE_SUPPORTED=true, REGISTER_IOWQ_MAX_WORKERS_SUPPORTED=true, SETUP_SUBMIT_ALL_SUPPORTED=true, SETUP_CQE_MIXED_SUPPORTED=true, SETUP_CQ_SIZE_SUPPORTED=true, SETUP_SINGLE_ISSUER_SUPPORTED=true, SETUP_DEFER_TASKRUN_SUPPORTED=true, SETUP_NO_SQARRAY_SUPPORTED=true, REGISTER_BUFFER_RING_SUPPORTED=true, REGISTER_BUFFER_RING_INC_SUPPORTED=true, SEND_ZC_SUPPORTED=true, SENDMSG_ZC_SUPPORTED=true, ENTER_NO_IOWAIT_SUPPORTED=true
WINDOW DONE
-rw-r--r--. 1 forked_franz forked_franz 144993152 Sep 25 23:58 /home/forked_franz/IdeaProjects/netty-eventloop-arena-poc/results/ryzen9-7950x-node0/arena-v3/ring-alloc/topology/w5-io_uring-adaptive-ra-slab3fixed.jfr
Main benchmark duration is started for thread #0.
Application protocol: http/1.1
Main benchmark duration is over for thread #2. Stopping all clients.
Stopped all clients for thread #2
Main benchmark duration is over for thread #0. Stopping all clients.
Stopped all clients for thread #0
Main benchmark duration is over for thread #3. Stopping all clients.
Stopped all clients for thread #3
Main benchmark duration is over for thread #1. Stopping all clients.
Stopped all clients for thread #1

finished in 8.00s, 12079.88 req/s, 471.87KB/s
requests: 96639 total, 96703 started, 96639 done, 96639 succeeded, 0 failed, 0 errored, 0 timeout
status codes: 96639 2xx, 0 3xx, 0 4xx, 0 5xx
traffic: 3.69MB (3865560) total, 1.38MB (1449960) headers (space savings 0.00%), 188.80KB (193328) data
                     min         max         mean         sd        +/- sd
time for request:     1.20ms    101.79ms      5.30ms      2.71ms    98.82%
time for connect:        2us       411us       203us       120us    60.94%
time to 1st byte:    80.47ms    101.84ms     93.70ms      5.42ms    75.00%
req/s           :     186.09      191.20      188.72        1.10    67.19%
dumped 11856857 events -> /home/forked_franz/IdeaProjects/netty-eventloop-arena-poc/results/ryzen9-7950x-node0/arena-v3/ring-alloc/topology/w5-io_uring-adaptive-ra-slab3fixed.tsv
================================================================================================
WORKLOAD w5-io_uring-adaptive-ra-slab3fixed   (w5-io_uring-adaptive-ra-slab3fixed.tsv)
================================================================================================
events: AllocateBuffer=41447 FreeBuffer=41450 ReallocateBuffer=0 IterationEnd=11773960
pairs=41446  unpaired releases (alloc before window)=4  still live at window end=1  truncated stacks=41446  address reused with no release event=0
BALANCE CHECK: allocs(41447) - pairs(41446) - live-at-end(1) - reuse(0) = 0  (must be 0)
event-loop threads with markers: 4  iterations total=11773960  with reads>0=151522 (1.3%)

(a) lifetime in event-loop ITERATIONS of the allocating thread
     iters : 0=99.59%  1=0.01%  2-3=0.00%  4-7=0.01%  8+=0.38%
  read-its : 0=99.59%  1=0.04%  2-3=0.03%  4-7=0.06%  8+=0.29%   (only iterations that saw >=1 channelRead)
  iters p50=0 p90=0 p99=0 p99.9=572 max=720
  wall-clock lifetime us: p50=15.1 p90=84.6 p99=300.0 p99.9=444.1 max=1333.0

(b) released on the allocating thread: 100.000%  (cross-thread: 0)

(c) nesting class at release: only=44.60%  youngest=0.00%  oldest=49.46%  middle=5.94%
     within same-iteration releases (41275, 99.59% of all): only=44.78%  youngest=0.00%  oldest=49.25%  middle=5.96%

(d) size bucket (power-of-two ceiling of the requested capacity)
     16384=0.56%  8192=0.00%  64=49.72%  2=49.72%
     exact sizes: 2=49.72%  52=49.72%  16384=0.56%  8192=0.00%

(e) release cause (first non-allocator frame of the FreeBuffer stack)
     codec-encoder           49.718%  top site: io.netty.handler.codec.http.HttpObjectEncoder.encodeFullHttpMessage
     write-completion        49.715%  top site: io.netty.channel.ChannelOutboundBuffer.remove
     aggregator               0.567%  top site: io.netty.handler.codec.http.HttpObjectAggregator$AggregatedFullHttpMessage.release

    cause x lifetime-in-iterations (row %% of all pairs)
    cause                         0        1      2-3      4-7       8+     share
    codec-encoder           49.718%   0.000%   0.000%   0.000%   0.000%   49.718%
    write-completion        49.706%   0.010%   0.000%   0.000%   0.000%   49.715%
    aggregator               0.164%   0.005%   0.002%   0.012%   0.384%    0.567%

    cause x size bucket (row %% of all pairs)
    cause                          2        64     16384      8192
    codec-encoder            49.718%    0.000%    0.000%    0.000%
    write-completion          0.000%   49.715%    0.000%    0.000%
    aggregator                0.000%    0.000%    0.565%    0.002%

    max lifetime: 720 iterations (344.0 us), size=16384, cause=aggregator, site=io.netty.handler.codec.http.HttpObjectAggregator$AggregatedFullHttpMessage.release
    max wall-clock: 1333.0 us (0 iterations), size=16384, cause=aggregator

(f) live buffers at end of iteration, per event-loop thread
    thread                          iters  avgLive  maxLive   avgAlloc maxAlloc
    multiThreadIoEventLoopGroup-3-1  2998611     0.00        1       0.00      125
    multiThreadIoEventLoopGroup-3-2  2910483     0.01        1       0.00      109
    multiThreadIoEventLoopGroup-3-3  2975195     0.00        2       0.00       88
    multiThreadIoEventLoopGroup-3-4  2889671     0.01        3       0.00      116
    live-at-marker over all markers: mean=0.005 p50=0 p90=0 p99=0 p99.9=1 max=3 ; markers with >0 live=56349 (0.48%)
    allocations per iteration (all EL threads): mean=0.00 p50=0 p90=0 p99=0 max=125  zero-alloc iterations=99.9%
    channelReads per iteration: mean=0.08 p50=0 p90=0 p99=3 max=4224

(g) the buffers that DO cross an iteration boundary (171, 0.413% of pairs)
     io.netty.handler.codec.http.HttpObjectAggregator$Aggregate  0.403% of all  iters p50=330 p99=700 max=720  bytes=2.6 MiB
     io.netty.channel.ChannelOutboundBuffer.remove               0.010% of all  iters p50=1 p99=1 max=1  bytes=0.0 MiB
     sizes of the crossing buffers: 16384=97.66%  64=2.34%
     bytes held across a boundary: 2.6 MiB of 4.7 MiB allocated in the window (55.23%)

    diagnostics: pairs whose stack had no non-plumbing frame=0 (0.000%); pairs crossing >=1 marker=171 (0.413%)

HEADLINE CLASSIFICATION
    ii-same-iter-out-of-order                 54.990%  (22791)
    i-same-iter-LIFO                          44.598%  (18484)
    iv-cross-iter-cumulation/aggregation       0.403%  (167)
    iii-cross-iter-write-completion            0.010%  (4)
== cell end 23:59:01 rc=0
released (ringalloc) at 23:59:01 rc=0
### cell w1-io_uring-adaptive-ra-slab3  2026-09-25T23:59:01+02:00
waiting for the bench lock (ringalloc) at 23:59:01
got the bench lock (ringalloc) at 23:59:01
== cell start 23:59:01 :: topology/run.sh w1-io_uring-adaptive-ra-slab3 h1snoop 18080 4 3 1.5 -- h2load --h1 -c 64 -t 4 -D 8 -d /home/forked_franz/IdeaProjects/netty-eventloop-arena-poc/results/ryzen9-7950x-node0/arena-v3/ring-alloc/topology/body4k http://127.0.0.1:18080/
== scaling_max_freq set=2300000 readback=2300000, cpus=32 governor=performance
== loadavg 1.73 2.36 2.82 2/1294 2903450
== runnable samples: 3 2 2 2 2 2 max=3 (limit 4)
TRANSPORT transport=io_uring ringSize=128 cqSize=4096 singleIssuer=true bufferRing=on [bgId=1 entries=64 chunk=8192 incremental=true batchSize=32 batchAllocation=false alloc=slab3 allocClass=SlabV2BufferRingAllocator/slab3[256x8192 per loop, grow=true, maxRegion=33554432, timeHist=false, warmup=16384, reprovGap=65536, reprovRuns=1024, maxReprov=8]] zeroCopyThreshold=-1 | IoUring features: CQE_F_SOCK_NONEMPTY_SUPPORTED=true, UNIX_DOMAIN_SOCKET_INQ_SUPPORTED=true, SPLICE_SUPPORTED=true, ACCEPT_NO_WAIT_SUPPORTED=true, ACCEPT_MULTISHOT_SUPPORTED=true, POLL_ADD_MULTISHOT_SUPPORTED=true, RECV_MULTISHOT_SUPPORTED=true, IORING_RECVSEND_BUNDLE_SUPPORTED=true, REGISTER_IOWQ_MAX_WORKERS_SUPPORTED=true, SETUP_SUBMIT_ALL_SUPPORTED=true, SETUP_CQE_MIXED_SUPPORTED=true, SETUP_CQ_SIZE_SUPPORTED=true, SETUP_SINGLE_ISSUER_SUPPORTED=true, SETUP_DEFER_TASKRUN_SUPPORTED=true, SETUP_NO_SQARRAY_SUPPORTED=true, REGISTER_BUFFER_RING_SUPPORTED=true, REGISTER_BUFFER_RING_INC_SUPPORTED=true, SEND_ZC_SUPPORTED=true, SENDMSG_ZC_SUPPORTED=true, ENTER_NO_IOWAIT_SUPPORTED=true
WINDOW DONE
-rw-r--r--. 1 forked_franz forked_franz 21365493 Sep 25 23:59 /home/forked_franz/IdeaProjects/netty-eventloop-arena-poc/results/ryzen9-7950x-node0/arena-v3/ring-alloc/topology/w1-io_uring-adaptive-ra-slab3.jfr
Main benchmark duration is started for thread #0.
Application protocol: http/1.1
Main benchmark duration is over for thread #Main benchmark duration is over for thread #20. Stopping all clients.. Stopping all clients.

Stopped all clients for thread #0
Stopped all clients for thread #2
Main benchmark duration is over for thread #1. Stopping all clients.
Stopped all clients for thread #1
Main benchmark duration is over for thread #3. Stopping all clients.
Stopped all clients for thread #3

finished in 8.00s, 132035.62 req/s, 570.60MB/s
requests: 1056285 total, 1056349 started, 1056285 done, 1056285 succeeded, 0 failed, 0 errored, 0 timeout
status codes: 1056285 2xx, 0 3xx, 0 4xx, 0 5xx
traffic: 4.46GB (4786561522) total, 117.86MB (123588738) headers (space savings 0.00%), 4.30GB (4621907946) data
                     min         max         mean         sd        +/- sd
time for request:       62us     90.40ms       486us       935us    98.25%
time for connect:        2us       217us       109us        60us    62.50%
time to 1st byte:    87.55ms     90.40ms     88.56ms       989us    73.44%
req/s           :    2038.50     2136.19     2062.96       27.95    79.69%
dumped 698744 events -> /home/forked_franz/IdeaProjects/netty-eventloop-arena-poc/results/ryzen9-7950x-node0/arena-v3/ring-alloc/topology/w1-io_uring-adaptive-ra-slab3.tsv
================================================================================================
WORKLOAD w1-io_uring-adaptive-ra-slab3   (w1-io_uring-adaptive-ra-slab3.tsv)
================================================================================================
events: AllocateBuffer=335359 FreeBuffer=335360 ReallocateBuffer=0 IterationEnd=28025
pairs=335283  unpaired releases (alloc before window)=77  still live at window end=76  truncated stacks=335283  address reused with no release event=0
BALANCE CHECK: allocs(335359) - pairs(335283) - live-at-end(76) - reuse(0) = 0  (must be 0)
event-loop threads with markers: 4  iterations total=28025  with reads>0=437 (1.6%)

(a) lifetime in event-loop ITERATIONS of the allocating thread
     iters : 0=98.53%  1=1.47%  2-3=0.00%  4-7=0.00%  8+=0.00%
  read-its : 0=98.53%  1=1.47%  2-3=0.00%  4-7=0.00%  8+=0.00%   (only iterations that saw >=1 channelRead)
  iters p50=0 p90=0 p99=1 p99.9=1 max=1
  wall-clock lifetime us: p50=231.8 p90=594.6 p99=1336.1 p99.9=2012.7 max=2980.6

(b) released on the allocating thread: 100.000%  (cross-thread: 0)

(c) nesting class at release: only=4.89%  youngest=0.00%  oldest=94.62%  middle=0.48%
     within same-iteration releases (330365, 98.53% of all): only=4.89%  youngest=0.00%  oldest=94.61%  middle=0.49%

(d) size bucket (power-of-two ceiling of the requested capacity)
     8192=50.26%  4096=0.01%  256=49.73%
     exact sizes: 208=49.73%  4370=24.87%  4381=24.82%  8192=0.53%  4392=0.04%  4096=0.01%

(e) release cause (first non-allocator frame of the FreeBuffer stack)
     write-completion        99.467%  top site: io.netty.channel.ChannelOutboundBuffer.remove
     handler                  0.533%  top site: io.netty.channel.SimpleChannelInboundHandler.channelRead

    cause x lifetime-in-iterations (row %% of all pairs)
    cause                         0        1      2-3      4-7       8+     share
    write-completion        98.000%   1.467%   0.000%   0.000%   0.000%   99.467%
    handler                  0.533%   0.000%   0.000%   0.000%   0.000%    0.533%

    cause x size bucket (row %% of all pairs)
    cause                       8192       256      4096
    write-completion         49.734%   49.733%    0.000%
    handler                   0.526%    0.000%    0.007%

    max lifetime: 1 iterations (1749.4 us), size=208, cause=write-completion, site=io.netty.channel.ChannelOutboundBuffer.remove
    max wall-clock: 2980.6 us (0 iterations), size=208, cause=write-completion

(f) live buffers at end of iteration, per event-loop thread
    thread                          iters  avgLive  maxLive   avgAlloc maxAlloc
    multiThreadIoEventLoopGroup-3-1     7070     0.18       32      11.75     1972
    multiThreadIoEventLoopGroup-3-2     2063     0.59       32      40.37     1933
    multiThreadIoEventLoopGroup-3-3     7516     0.17       32      10.99     1967
    multiThreadIoEventLoopGroup-3-4    11376     0.11       32       7.46     1923
    live-at-marker over all markers: mean=0.175 p50=0 p90=0 p99=0 p99.9=26 max=32 ; markers with >0 live=234 (0.83%)
    allocations per iteration (all EL threads): mean=11.92 p50=0 p90=0 p99=14 max=1972  zero-alloc iterations=98.4%
    channelReads per iteration: mean=9.05 p50=0 p90=0 p99=10 max=1483

(g) the buffers that DO cross an iteration boundary (4918, 1.467% of pairs)
     io.netty.channel.ChannelOutboundBuffer.remove               1.467% of all  iters p50=1 p99=1 max=1  bytes=10.7 MiB
     sizes of the crossing buffers: 8192=50.00%  256=50.00%
     bytes held across a boundary: 10.7 MiB of 742.8 MiB allocated in the window (1.45%)

    diagnostics: pairs whose stack had no non-plumbing frame=0 (0.000%); pairs crossing >=1 marker=4918 (1.467%)

HEADLINE CLASSIFICATION
    ii-same-iter-out-of-order                 93.710%  (314195)
    i-same-iter-LIFO                           4.823%  (16170)
    iii-cross-iter-write-completion            1.467%  (4918)
== cell end 23:59:30 rc=0
released (ringalloc) at 23:59:30 rc=0
### cell w3-io_uring-adaptive-ra-slab3  2026-09-25T23:59:30+02:00
waiting for the bench lock (ringalloc) at 23:59:30
got the bench lock (ringalloc) at 23:59:30
== cell start 23:59:30 :: topology/run.sh w3-io_uring-adaptive-ra-slab3 h2echo 18080 4 3 1.5 -- h2load -c 8 -m 16 -t 4 -D 8 -w 12 -d /home/forked_franz/IdeaProjects/netty-eventloop-arena-poc/results/ryzen9-7950x-node0/arena-v3/ring-alloc/topology/body64k http://127.0.0.1:18080/
== scaling_max_freq set=2300000 readback=2300000, cpus=32 governor=performance
== loadavg 2.17 2.42 2.83 1/1295 2904097
== runnable samples: 2 2 2 3 2 2 max=3 (limit 4)
TRANSPORT transport=io_uring ringSize=128 cqSize=4096 singleIssuer=true bufferRing=on [bgId=1 entries=64 chunk=8192 incremental=true batchSize=32 batchAllocation=false alloc=slab3 allocClass=SlabV2BufferRingAllocator/slab3[256x8192 per loop, grow=true, maxRegion=33554432, timeHist=false, warmup=16384, reprovGap=65536, reprovRuns=1024, maxReprov=8]] zeroCopyThreshold=-1 | IoUring features: CQE_F_SOCK_NONEMPTY_SUPPORTED=true, UNIX_DOMAIN_SOCKET_INQ_SUPPORTED=true, SPLICE_SUPPORTED=true, ACCEPT_NO_WAIT_SUPPORTED=true, ACCEPT_MULTISHOT_SUPPORTED=true, POLL_ADD_MULTISHOT_SUPPORTED=true, RECV_MULTISHOT_SUPPORTED=true, IORING_RECVSEND_BUNDLE_SUPPORTED=true, REGISTER_IOWQ_MAX_WORKERS_SUPPORTED=true, SETUP_SUBMIT_ALL_SUPPORTED=true, SETUP_CQE_MIXED_SUPPORTED=true, SETUP_CQ_SIZE_SUPPORTED=true, SETUP_SINGLE_ISSUER_SUPPORTED=true, SETUP_DEFER_TASKRUN_SUPPORTED=true, SETUP_NO_SQARRAY_SUPPORTED=true, REGISTER_BUFFER_RING_SUPPORTED=true, REGISTER_BUFFER_RING_INC_SUPPORTED=true, SEND_ZC_SUPPORTED=true, SENDMSG_ZC_SUPPORTED=true, ENTER_NO_IOWAIT_SUPPORTED=true
WINDOW DONE
-rw-r--r--. 1 forked_franz forked_franz 48039139 Sep 25 23:59 /home/forked_franz/IdeaProjects/netty-eventloop-arena-poc/results/ryzen9-7950x-node0/arena-v3/ring-alloc/topology/w3-io_uring-adaptive-ra-slab3.jfr
Warm-up phase is over for thread #3.
Main benchmark duration is started for thread #3.
Main benchmark duration is over for thread #2. Stopping all clients.
Stopped all clients for thread #2
Main benchmark duration is over for thread #3. Stopping all clients.
Stopped all clients for thread #3
Main benchmark duration is over for thread #0. Stopping all clients.
Stopped all clients for thread #0
Main benchmark duration is over for thread #1. Stopping all clients.
Stopped all clients for thread #1

finished in 8.00s, 15130.12 req/s, 954.80MB/s
requests: 121041 total, 121169 started, 121041 done, 121041 succeeded, 0 failed, 0 errored, 0 timeout
status codes: 121161 2xx, 0 3xx, 0 4xx, 0 5xx
traffic: 7.46GB (8009402273) total, 118.32KB (121161) headers (space savings 90.00%), 7.39GB (7936495576) data
                     min         max         mean         sd        +/- sd
time for request:     3.85ms    241.34ms      8.43ms     10.38ms    95.25%
time for connect:       13us        39us        26us        12us    50.00%
time to 1st byte:   112.21ms    114.41ms    113.46ms       868us    62.50%
req/s           :    1869.85     1909.84     1891.24       14.15    62.50%
dumped 1623390 events -> /home/forked_franz/IdeaProjects/netty-eventloop-arena-poc/results/ryzen9-7950x-node0/arena-v3/ring-alloc/topology/w3-io_uring-adaptive-ra-slab3.tsv
================================================================================================
WORKLOAD w3-io_uring-adaptive-ra-slab3   (w3-io_uring-adaptive-ra-slab3.tsv)
================================================================================================
events: AllocateBuffer=811583 FreeBuffer=799408 ReallocateBuffer=12135 IterationEnd=264
pairs=811174  unpaired releases (alloc before window)=369  still live at window end=409  truncated stacks=799040  address reused with no release event=0
BALANCE CHECK: allocs(811583) - pairs(811174) - live-at-end(409) - reuse(0) = 0  (must be 0)
event-loop threads with markers: 4  iterations total=264  with reads>0=264 (100.0%)

(a) lifetime in event-loop ITERATIONS of the allocating thread
     iters : 0=95.66%  1=4.34%  2-3=0.00%  4-7=0.00%  8+=0.00%
  read-its : 0=95.66%  1=4.34%  2-3=0.00%  4-7=0.00%  8+=0.00%   (only iterations that saw >=1 channelRead)
  iters p50=0 p90=0 p99=1 p99.9=1 max=2
  wall-clock lifetime us: p50=416.9 p90=826.0 p99=14767.1 p99.9=28322.1 max=130938.1

(b) released on the allocating thread: 100.000%  (cross-thread: 0)

(c) nesting class at release: only=0.00%  youngest=0.00%  oldest=0.40%  middle=99.60%
     within same-iteration releases (775991, 95.66% of all): only=0.00%  youngest=0.00%  oldest=0.10%  middle=99.90%

(d) size bucket (power-of-two ceiling of the requested capacity)
     32768=4.31%  16384=1.90%  8192=0.02%  4096=0.01%  2048=0.00%  1024=0.00%  512=0.00%  256=1.41%  128=0.01%  64=0.01%
     exact sizes: 9=88.12%  32768=4.31%  13=2.82%  16384=1.90%  256=1.41%  15=1.40%

(e) release cause (first non-allocator frame of the FreeBuffer stack)
     write-completion        93.739%  top site: io.netty.channel.ChannelOutboundBuffer.remove
     other:no-site            4.738%  top site: io.netty.buffer.CompositeByteBuf$Component.free
     realloc-grow             1.496%  top site: io.netty.buffer.AdaptiveByteBuf.capacity
     decoder/cumulation       0.027%  top site: io.netty.handler.codec.ByteToMessageDecoder.channelRead

    cause x lifetime-in-iterations (row %% of all pairs)
    cause                         0        1      2-3      4-7       8+     share
    write-completion        91.389%   2.351%   0.000%   0.000%   0.000%   93.739%
    other:no-site            2.752%   1.986%   0.000%   0.000%   0.000%    4.738%
    realloc-grow             1.496%   0.000%   0.000%   0.000%   0.000%    1.496%
    decoder/cumulation       0.027%   0.000%   0.000%   0.000%   0.000%    0.027%

    cause x size bucket (row %% of all pairs)
    cause                         16     32768     16384       256      8192        64
    write-completion         92.334%    0.008%    0.000%    1.396%    0.000%    0.000%
    other:no-site             0.000%    4.301%    0.401%    0.001%    0.018%    0.000%
    realloc-grow              0.000%    0.000%    1.494%    0.000%    0.002%    0.000%
    decoder/cumulation        0.000%    0.000%    0.000%    0.009%    0.000%    0.008%

    max lifetime: 2 iterations (21015.7 us), size=32768, cause=other:no-site, site=io.netty.buffer.CompositeByteBuf$Component.free
    max wall-clock: 130938.1 us (0 iterations), size=32768, cause=other:no-site

(f) live buffers at end of iteration, per event-loop thread
    thread                          iters  avgLive  maxLive   avgAlloc maxAlloc
    multiThreadIoEventLoopGroup-3-1       70   135.27      182    3085.14     3599
    multiThreadIoEventLoopGroup-3-2       66   131.95      180    2946.80     3511
    multiThreadIoEventLoopGroup-3-3       63   133.87      188    3174.05     3692
    multiThreadIoEventLoopGroup-3-4       65   132.94      187    2993.37     3571
    live-at-marker over all markers: mean=133.534 p50=132 p90=163 p99=184 p99.9=188 max=188 ; markers with >0 live=264 (100.00%)
    allocations per iteration (all EL threads): mean=3049.18 p50=3066 p90=3409 p99=3652 max=3692  zero-alloc iterations=0.0%
    channelReads per iteration: mean=452.55 p50=453 p90=478 p99=496 max=508

(g) the buffers that DO cross an iteration boundary (35183, 4.337% of pairs)
     io.netty.channel.ChannelOutboundBuffer.remove               2.351% of all  iters p50=1 p99=1 max=1  bytes=1.5 MiB
     io.netty.buffer.CompositeByteBuf$Component.free             1.987% of all  iters p50=1 p99=1 max=2  bytes=469.8 MiB
     sizes of the crossing buffers: 32768=40.16%  16384=5.20%  8192=0.28%  4096=0.12%  2048=0.05%  1024=0.04%  512=0.05%  256=0.81%
     bytes held across a boundary: 471.3 MiB of 1343.7 MiB allocated in the window (35.08%)

    diagnostics: pairs whose stack had no non-plumbing frame=38435 (4.738%); pairs crossing >=1 marker=35183 (4.337%)

HEADLINE CLASSIFICATION
    ii-same-iter-out-of-order                 95.663%  (775990)
    iii-cross-iter-write-completion            2.351%  (19069)
    vi-cross-iter-other:other:no-site          1.987%  (16114)
    i-same-iter-LIFO                           0.000%  (1)
== cell end 00:00:15 rc=0
released (ringalloc) at 00:00:15 rc=0
### cell w5-io_uring-adaptive-ra-slab3  2026-09-26T00:00:15+02:00
waiting for the bench lock (ringalloc) at 00:00:15
got the bench lock (ringalloc) at 00:00:15
== cell start 00:00:15 :: topology/run.sh w5-io_uring-adaptive-ra-slab3 h1agg 18080 4 3 1.5 -- h2load --h1 -c 64 -t 4 -D 8 -d /home/forked_franz/IdeaProjects/netty-eventloop-arena-poc/results/ryzen9-7950x-node0/arena-v3/ring-alloc/topology/body256k http://127.0.0.1:18080/
== scaling_max_freq set=2300000 readback=2300000, cpus=32 governor=performance
== loadavg 2.08 2.39 2.79 2/1294 2904855
== runnable samples: 2 1 2 2 2 3 max=3 (limit 4)
TRANSPORT transport=io_uring ringSize=128 cqSize=4096 singleIssuer=true bufferRing=on [bgId=1 entries=64 chunk=8192 incremental=true batchSize=32 batchAllocation=false alloc=slab3 allocClass=SlabV2BufferRingAllocator/slab3[256x8192 per loop, grow=true, maxRegion=33554432, timeHist=false, warmup=16384, reprovGap=65536, reprovRuns=1024, maxReprov=8]] zeroCopyThreshold=-1 | IoUring features: CQE_F_SOCK_NONEMPTY_SUPPORTED=true, UNIX_DOMAIN_SOCKET_INQ_SUPPORTED=true, SPLICE_SUPPORTED=true, ACCEPT_NO_WAIT_SUPPORTED=true, ACCEPT_MULTISHOT_SUPPORTED=true, POLL_ADD_MULTISHOT_SUPPORTED=true, RECV_MULTISHOT_SUPPORTED=true, IORING_RECVSEND_BUNDLE_SUPPORTED=true, REGISTER_IOWQ_MAX_WORKERS_SUPPORTED=true, SETUP_SUBMIT_ALL_SUPPORTED=true, SETUP_CQE_MIXED_SUPPORTED=true, SETUP_CQ_SIZE_SUPPORTED=true, SETUP_SINGLE_ISSUER_SUPPORTED=true, SETUP_DEFER_TASKRUN_SUPPORTED=true, SETUP_NO_SQARRAY_SUPPORTED=true, REGISTER_BUFFER_RING_SUPPORTED=true, REGISTER_BUFFER_RING_INC_SUPPORTED=true, SEND_ZC_SUPPORTED=true, SENDMSG_ZC_SUPPORTED=true, ENTER_NO_IOWAIT_SUPPORTED=true
WINDOW DONE
-rw-r--r--. 1 forked_franz forked_franz 136981660 Sep 26 00:00 /home/forked_franz/IdeaProjects/netty-eventloop-arena-poc/results/ryzen9-7950x-node0/arena-v3/ring-alloc/topology/w5-io_uring-adaptive-ra-slab3.jfr
Main benchmark duration is started for thread #0.
Application protocol: http/1.1
Main benchmark duration is over for thread #3. Stopping all clients.
Stopped all clients for thread #3
Main benchmark duration is over for thread #1. Stopping all clients.
Stopped all clients for thread #1
Main benchmark duration is over for thread #0. Stopping all clients.
Stopped all clients for thread #0
Main benchmark duration is over for thread #2. Stopping all clients.
Stopped all clients for thread #2

finished in 8.00s, 11954.75 req/s, 466.98KB/s
requests: 95638 total, 95702 started, 95638 done, 95638 succeeded, 0 failed, 0 errored, 0 timeout
status codes: 95638 2xx, 0 3xx, 0 4xx, 0 5xx
traffic: 3.65MB (3825520) total, 1.37MB (1435035) headers (space savings 0.00%), 186.85KB (191338) data
                     min         max         mean         sd        +/- sd
time for request:     1.20ms    102.54ms      5.35ms      2.71ms    98.67%
time for connect:        2us       410us       204us       119us    57.81%
time to 1st byte:    78.98ms    102.54ms     94.27ms      6.16ms    75.00%
req/s           :     184.10      189.49      186.76        1.29    71.88%
dumped 11191318 events -> /home/forked_franz/IdeaProjects/netty-eventloop-arena-poc/results/ryzen9-7950x-node0/arena-v3/ring-alloc/topology/w5-io_uring-adaptive-ra-slab3.tsv
================================================================================================
WORKLOAD w5-io_uring-adaptive-ra-slab3   (w5-io_uring-adaptive-ra-slab3.tsv)
================================================================================================
events: AllocateBuffer=40728 FreeBuffer=40731 ReallocateBuffer=0 IterationEnd=11109859
pairs=40728  unpaired releases (alloc before window)=3  still live at window end=0  truncated stacks=40728  address reused with no release event=0
BALANCE CHECK: allocs(40728) - pairs(40728) - live-at-end(0) - reuse(0) = 0  (must be 0)
event-loop threads with markers: 4  iterations total=11109859  with reads>0=183807 (1.7%)

(a) lifetime in event-loop ITERATIONS of the allocating thread
     iters : 0=99.53%  1=0.00%  2-3=0.00%  4-7=0.00%  8+=0.47%
  read-its : 0=99.53%  1=0.00%  2-3=0.02%  4-7=0.07%  8+=0.38%   (only iterations that saw >=1 channelRead)
  iters p50=0 p90=0 p99=0 p99.9=596 max=714
  wall-clock lifetime us: p50=15.3 p90=68.4 p99=298.6 p99.9=445.8 max=2697.9

(b) released on the allocating thread: 100.000%  (cross-thread: 0)

(c) nesting class at release: only=46.91%  youngest=0.00%  oldest=49.50%  middle=3.59%
     within same-iteration releases (40536, 99.53% of all): only=47.14%  youngest=0.00%  oldest=49.26%  middle=3.60%

(d) size bucket (power-of-two ceiling of the requested capacity)
     16384=0.57%  64=49.71%  2=49.71%
     exact sizes: 2=49.71%  52=49.71%  16384=0.57%

(e) release cause (first non-allocator frame of the FreeBuffer stack)
     codec-encoder           49.713%  top site: io.netty.handler.codec.http.HttpObjectEncoder.encodeFullHttpMessage
     write-completion        49.713%  top site: io.netty.channel.ChannelOutboundBuffer.remove
     aggregator               0.575%  top site: io.netty.handler.codec.http.HttpObjectAggregator$AggregatedFullHttpMessage.release

    cause x lifetime-in-iterations (row %% of all pairs)
    cause                         0        1      2-3      4-7       8+     share
    codec-encoder           49.713%   0.000%   0.000%   0.000%   0.000%   49.713%
    write-completion        49.713%   0.000%   0.000%   0.000%   0.000%   49.713%
    aggregator               0.103%   0.000%   0.000%   0.002%   0.469%    0.575%

    cause x size bucket (row %% of all pairs)
    cause                          2        64     16384
    codec-encoder            49.713%    0.000%    0.000%
    write-completion          0.000%   49.713%    0.000%
    aggregator                0.000%    0.000%    0.575%

    max lifetime: 714 iterations (323.6 us), size=16384, cause=aggregator, site=io.netty.handler.codec.http.HttpObjectAggregator$AggregatedFullHttpMessage.release
    max wall-clock: 2697.9 us (0 iterations), size=16384, cause=aggregator

(f) live buffers at end of iteration, per event-loop thread
    thread                          iters  avgLive  maxLive   avgAlloc maxAlloc
    multiThreadIoEventLoopGroup-3-1  2766298     0.01        1       0.00      127
    multiThreadIoEventLoopGroup-3-2  2829029     0.01        1       0.00      144
    multiThreadIoEventLoopGroup-3-3  2697700     0.01        1       0.00      140
    multiThreadIoEventLoopGroup-3-4  2816832     0.01        1       0.00      133
    live-at-marker over all markers: mean=0.006 p50=0 p90=0 p99=0 p99.9=1 max=1 ; markers with >0 live=69803 (0.63%)
    allocations per iteration (all EL threads): mean=0.00 p50=0 p90=0 p99=0 max=144  zero-alloc iterations=99.9%
    channelReads per iteration: mean=0.08 p50=0 p90=0 p99=3 max=2484

(g) the buffers that DO cross an iteration boundary (192, 0.471% of pairs)
     io.netty.handler.codec.http.HttpObjectAggregator$Aggregate  0.471% of all  iters p50=354 p99=688 max=714  bytes=3.0 MiB
     sizes of the crossing buffers: 16384=100.00%
     bytes held across a boundary: 3.0 MiB of 4.7 MiB allocated in the window (63.84%)

    diagnostics: pairs whose stack had no non-plumbing frame=0 (0.000%); pairs crossing >=1 marker=192 (0.471%)

HEADLINE CLASSIFICATION
    ii-same-iter-out-of-order                 52.615%  (21429)
    i-same-iter-LIFO                          46.914%  (19107)
    iv-cross-iter-cumulation/aggregation       0.471%  (192)
== cell end 00:01:14 rc=0
released (ringalloc) at 00:01:14 rc=0
### cell w1-io_uring-adaptive-ra-slab3huge  2026-09-26T00:01:14+02:00
waiting for the bench lock (ringalloc) at 00:01:14
got the bench lock (ringalloc) at 00:01:14
== cell start 00:01:14 :: topology/run.sh w1-io_uring-adaptive-ra-slab3huge h1snoop 18080 4 3 1.5 -- h2load --h1 -c 64 -t 4 -D 8 -d /home/forked_franz/IdeaProjects/netty-eventloop-arena-poc/results/ryzen9-7950x-node0/arena-v3/ring-alloc/topology/body4k http://127.0.0.1:18080/
== scaling_max_freq set=2300000 readback=2300000, cpus=32 governor=performance
== loadavg 1.93 2.33 2.75 3/1298 2905661
== runnable samples: 4 3 2 2 2 2 max=4 (limit 4)
TRANSPORT transport=io_uring ringSize=128 cqSize=4096 singleIssuer=true bufferRing=on [bgId=1 entries=64 chunk=8192 incremental=true batchSize=32 batchAllocation=false alloc=slab3huge allocClass=SlabV2BufferRingAllocator/slab3huge[256x8192 per loop, grow=true, maxRegion=33554432, timeHist=false, warmup=16384, reprovGap=65536, reprovRuns=1024, maxReprov=8]] zeroCopyThreshold=-1 | IoUring features: CQE_F_SOCK_NONEMPTY_SUPPORTED=true, UNIX_DOMAIN_SOCKET_INQ_SUPPORTED=true, SPLICE_SUPPORTED=true, ACCEPT_NO_WAIT_SUPPORTED=true, ACCEPT_MULTISHOT_SUPPORTED=true, POLL_ADD_MULTISHOT_SUPPORTED=true, RECV_MULTISHOT_SUPPORTED=true, IORING_RECVSEND_BUNDLE_SUPPORTED=true, REGISTER_IOWQ_MAX_WORKERS_SUPPORTED=true, SETUP_SUBMIT_ALL_SUPPORTED=true, SETUP_CQE_MIXED_SUPPORTED=true, SETUP_CQ_SIZE_SUPPORTED=true, SETUP_SINGLE_ISSUER_SUPPORTED=true, SETUP_DEFER_TASKRUN_SUPPORTED=true, SETUP_NO_SQARRAY_SUPPORTED=true, REGISTER_BUFFER_RING_SUPPORTED=true, REGISTER_BUFFER_RING_INC_SUPPORTED=true, SEND_ZC_SUPPORTED=true, SENDMSG_ZC_SUPPORTED=true, ENTER_NO_IOWAIT_SUPPORTED=true
WINDOW DONE
-rw-r--r--. 1 forked_franz forked_franz 23674429 Sep 26 00:01 /home/forked_franz/IdeaProjects/netty-eventloop-arena-poc/results/ryzen9-7950x-node0/arena-v3/ring-alloc/topology/w1-io_uring-adaptive-ra-slab3huge.jfr
Main benchmark duration is started for thread #0.
Application protocol: http/1.1
Main benchmark duration is over for thread #1. Stopping all clients.
Stopped all clients for thread #1
Main benchmark duration is over for thread #3. Stopping all clients.
Stopped all clients for thread #3
Main benchmark duration is over for thread #2. Stopping all clients.
Main benchmark duration is over for thread #Stopped all clients for thread #2
0. Stopping all clients.
Stopped all clients for thread #0

finished in 8.00s, 135194.00 req/s, 584.25MB/s
requests: 1081552 total, 1081616 started, 1081552 done, 1081552 succeeded, 0 failed, 0 errored, 0 timeout
status codes: 1081552 2xx, 0 3xx, 0 4xx, 0 5xx
traffic: 4.56GB (4901059367) total, 120.68MB (126542988) headers (space savings 0.00%), 4.41GB (4732389761) data
                     min         max         mean         sd        +/- sd
time for request:       72us     87.04ms       476us       886us    98.55%
time for connect:        2us       203us       103us        58us    59.38%
time to 1st byte:    85.74ms     87.05ms     86.50ms       416us    59.38%
req/s           :    2083.92     2170.69     2112.33       22.70    51.56%
dumped 760222 events -> /home/forked_franz/IdeaProjects/netty-eventloop-arena-poc/results/ryzen9-7950x-node0/arena-v3/ring-alloc/topology/w1-io_uring-adaptive-ra-slab3huge.tsv
================================================================================================
WORKLOAD w1-io_uring-adaptive-ra-slab3huge   (w1-io_uring-adaptive-ra-slab3huge.tsv)
================================================================================================
events: AllocateBuffer=376728 FreeBuffer=376716 ReallocateBuffer=0 IterationEnd=6778
pairs=376654  unpaired releases (alloc before window)=62  still live at window end=74  truncated stacks=376654  address reused with no release event=0
BALANCE CHECK: allocs(376728) - pairs(376654) - live-at-end(74) - reuse(0) = 0  (must be 0)
event-loop threads with markers: 4  iterations total=6778  with reads>0=347 (5.1%)

(a) lifetime in event-loop ITERATIONS of the allocating thread
     iters : 0=98.47%  1=1.53%  2-3=0.00%  4-7=0.00%  8+=0.00%
  read-its : 0=98.47%  1=1.53%  2-3=0.00%  4-7=0.00%  8+=0.00%   (only iterations that saw >=1 channelRead)
  iters p50=0 p90=0 p99=1 p99.9=1 max=1
  wall-clock lifetime us: p50=232.6 p90=522.9 p99=1004.3 p99.9=1420.9 max=2931.2

(b) released on the allocating thread: 100.000%  (cross-thread: 0)

(c) nesting class at release: only=4.74%  youngest=0.00%  oldest=94.78%  middle=0.48%
     within same-iteration releases (370890, 98.47% of all): only=4.74%  youngest=0.00%  oldest=94.77%  middle=0.49%

(d) size bucket (power-of-two ceiling of the requested capacity)
     8192=50.26%  4096=0.01%  256=49.73%
     exact sizes: 208=49.73%  4370=24.88%  4381=24.81%  8192=0.53%  4392=0.05%  4096=0.01%

(e) release cause (first non-allocator frame of the FreeBuffer stack)
     write-completion        99.463%  top site: io.netty.channel.ChannelOutboundBuffer.remove
     handler                  0.537%  top site: io.netty.channel.SimpleChannelInboundHandler.channelRead

    cause x lifetime-in-iterations (row %% of all pairs)
    cause                         0        1      2-3      4-7       8+     share
    write-completion        97.932%   1.530%   0.000%   0.000%   0.000%   99.463%
    handler                  0.537%   0.000%   0.000%   0.000%   0.000%    0.537%

    cause x size bucket (row %% of all pairs)
    cause                       8192       256      4096
    write-completion         49.731%   49.731%    0.000%
    handler                   0.530%    0.000%    0.007%

    max lifetime: 1 iterations (1936.1 us), size=208, cause=write-completion, site=io.netty.channel.ChannelOutboundBuffer.remove
    max wall-clock: 2931.2 us (0 iterations), size=208, cause=write-completion

(f) live buffers at end of iteration, per event-loop thread
    thread                          iters  avgLive  maxLive   avgAlloc maxAlloc
    multiThreadIoEventLoopGroup-3-1       75    19.79       32    1268.95     1850
    multiThreadIoEventLoopGroup-3-2     2817     0.52       32      33.60     1950
    multiThreadIoEventLoopGroup-3-3     3415     0.41       32      26.91     1926
    multiThreadIoEventLoopGroup-3-4      471     3.01       32     197.48     1951
    live-at-marker over all markers: mean=0.850 p50=0 p90=0 p99=24 p99.9=32 max=32 ; markers with >0 live=272 (4.01%)
    allocations per iteration (all EL threads): mean=55.28 p50=0 p90=0 p99=1340 max=1951  zero-alloc iterations=94.9%
    channelReads per iteration: mean=42.20 p50=0 p90=0 p99=1025 max=1467

(g) the buffers that DO cross an iteration boundary (5764, 1.530% of pairs)
     io.netty.channel.ChannelOutboundBuffer.remove               1.530% of all  iters p50=1 p99=1 max=1  bytes=12.6 MiB
     sizes of the crossing buffers: 8192=50.00%  256=50.00%
     bytes held across a boundary: 12.6 MiB of 834.5 MiB allocated in the window (1.51%)

    diagnostics: pairs whose stack had no non-plumbing frame=0 (0.000%); pairs crossing >=1 marker=5764 (1.530%)

HEADLINE CLASSIFICATION
    ii-same-iter-out-of-order                 93.803%  (353313)
    i-same-iter-LIFO                           4.667%  (17577)
    iii-cross-iter-write-completion            1.530%  (5764)
== cell end 00:01:43 rc=0
released (ringalloc) at 00:01:43 rc=0
### cell w3-io_uring-adaptive-ra-slab3huge  2026-09-26T00:01:43+02:00
waiting for the bench lock (ringalloc) at 00:01:43
got the bench lock (ringalloc) at 00:01:43
== cell start 00:01:43 :: topology/run.sh w3-io_uring-adaptive-ra-slab3huge h2echo 18080 4 3 1.5 -- h2load -c 8 -m 16 -t 4 -D 8 -w 12 -d /home/forked_franz/IdeaProjects/netty-eventloop-arena-poc/results/ryzen9-7950x-node0/arena-v3/ring-alloc/topology/body64k http://127.0.0.1:18080/
== scaling_max_freq set=2300000 readback=2300000, cpus=32 governor=performance
== loadavg 2.49 2.45 2.78 2/1303 2906332
== runnable samples: 3 2 2 2 2 2 max=3 (limit 4)
TRANSPORT transport=io_uring ringSize=128 cqSize=4096 singleIssuer=true bufferRing=on [bgId=1 entries=64 chunk=8192 incremental=true batchSize=32 batchAllocation=false alloc=slab3huge allocClass=SlabV2BufferRingAllocator/slab3huge[256x8192 per loop, grow=true, maxRegion=33554432, timeHist=false, warmup=16384, reprovGap=65536, reprovRuns=1024, maxReprov=8]] zeroCopyThreshold=-1 | IoUring features: CQE_F_SOCK_NONEMPTY_SUPPORTED=true, UNIX_DOMAIN_SOCKET_INQ_SUPPORTED=true, SPLICE_SUPPORTED=true, ACCEPT_NO_WAIT_SUPPORTED=true, ACCEPT_MULTISHOT_SUPPORTED=true, POLL_ADD_MULTISHOT_SUPPORTED=true, RECV_MULTISHOT_SUPPORTED=true, IORING_RECVSEND_BUNDLE_SUPPORTED=true, REGISTER_IOWQ_MAX_WORKERS_SUPPORTED=true, SETUP_SUBMIT_ALL_SUPPORTED=true, SETUP_CQE_MIXED_SUPPORTED=true, SETUP_CQ_SIZE_SUPPORTED=true, SETUP_SINGLE_ISSUER_SUPPORTED=true, SETUP_DEFER_TASKRUN_SUPPORTED=true, SETUP_NO_SQARRAY_SUPPORTED=true, REGISTER_BUFFER_RING_SUPPORTED=true, REGISTER_BUFFER_RING_INC_SUPPORTED=true, SEND_ZC_SUPPORTED=true, SENDMSG_ZC_SUPPORTED=true, ENTER_NO_IOWAIT_SUPPORTED=true
WINDOW DONE
-rw-r--r--. 1 forked_franz forked_franz 56190619 Sep 26 00:01 /home/forked_franz/IdeaProjects/netty-eventloop-arena-poc/results/ryzen9-7950x-node0/arena-v3/ring-alloc/topology/w3-io_uring-adaptive-ra-slab3huge.jfr
.
Main benchmark duration is started for thread #3.
Main benchmark duration is over for thread #1. Stopping all clients.
Stopped all clients for thread #1
Main benchmark duration is over for thread #0. Stopping all clients.
Stopped all clients for thread #0
Main benchmark duration is over for thread #3. Stopping all clients.
Stopped all clients for thread #3
Main benchmark duration is over for thread #2. Stopping all clients.
Stopped all clients for thread #2

finished in 8.00s, 13746.25 req/s, 867.53MB/s
requests: 109970 total, 110098 started, 109970 done, 109970 succeeded, 0 failed, 0 errored, 0 timeout
status codes: 110089 2xx, 0 3xx, 0 4xx, 0 5xx
traffic: 6.78GB (7277411041) total, 107.51KB (110089) headers (space savings 90.00%), 6.72GB (7211191912) data
                     min         max         mean         sd        +/- sd
time for request:     3.78ms    218.16ms      9.28ms     12.20ms    96.79%
time for connect:       13us        55us        29us        15us    62.50%
time to 1st byte:   110.07ms    113.34ms    111.18ms      1.35ms    75.00%
req/s           :    1699.72     1757.35     1718.26       23.23    75.00%
dumped 1901500 events -> /home/forked_franz/IdeaProjects/netty-eventloop-arena-poc/results/ryzen9-7950x-node0/arena-v3/ring-alloc/topology/w3-io_uring-adaptive-ra-slab3huge.tsv
================================================================================================
WORKLOAD w3-io_uring-adaptive-ra-slab3huge   (w3-io_uring-adaptive-ra-slab3huge.tsv)
================================================================================================
events: AllocateBuffer=950533 FreeBuffer=936397 ReallocateBuffer=14266 IterationEnd=304
pairs=950157  unpaired releases (alloc before window)=506  still live at window end=376  truncated stacks=935891  address reused with no release event=0
BALANCE CHECK: allocs(950533) - pairs(950157) - live-at-end(376) - reuse(0) = 0  (must be 0)
event-loop threads with markers: 4  iterations total=304  with reads>0=304 (100.0%)

(a) lifetime in event-loop ITERATIONS of the allocating thread
     iters : 0=95.77%  1=4.23%  2-3=0.00%  4-7=0.00%  8+=0.00%
  read-its : 0=95.77%  1=4.23%  2-3=0.00%  4-7=0.00%  8+=0.00%   (only iterations that saw >=1 channelRead)
  iters p50=0 p90=0 p99=1 p99.9=1 max=1
  wall-clock lifetime us: p50=401.8 p90=785.5 p99=14596.5 p99.9=30971.8 max=206281.0

(b) released on the allocating thread: 100.000%  (cross-thread: 0)

(c) nesting class at release: only=0.00%  youngest=0.00%  oldest=0.42%  middle=99.58%
     within same-iteration releases (909920, 95.77% of all): only=0.00%  youngest=0.00%  oldest=0.12%  middle=99.88%

(d) size bucket (power-of-two ceiling of the requested capacity)
     32768=4.32%  16384=1.91%  8192=0.01%  4096=0.01%  2048=0.00%  1024=0.00%  512=0.00%  256=1.41%  128=0.01%  64=0.01%
     exact sizes: 9=88.10%  32768=4.32%  13=2.82%  16384=1.91%  256=1.41%  15=1.40%

(e) release cause (first non-allocator frame of the FreeBuffer stack)
     write-completion        93.720%  top site: io.netty.channel.ChannelOutboundBuffer.remove
     other:no-site            4.754%  top site: io.netty.buffer.CompositeByteBuf$Component.free
     realloc-grow             1.501%  top site: io.netty.buffer.AdaptiveByteBuf.capacity
     decoder/cumulation       0.025%  top site: io.netty.handler.codec.ByteToMessageDecoder.channelRead

    cause x lifetime-in-iterations (row %% of all pairs)
    cause                         0        1      2-3      4-7       8+     share
    write-completion        91.461%   2.259%   0.000%   0.000%   0.000%   93.720%
    other:no-site            2.778%   1.976%   0.000%   0.000%   0.000%    4.754%
    realloc-grow             1.501%   0.000%   0.000%   0.000%   0.000%    1.501%
    decoder/cumulation       0.025%   0.000%   0.000%   0.000%   0.000%    0.025%

    cause x size bucket (row %% of all pairs)
    cause                         16     32768     16384       256      8192        64
    write-completion         92.314%    0.009%    0.001%    1.396%    0.000%    0.000%
    other:no-site             0.000%    4.315%    0.407%    0.002%    0.014%    0.001%
    realloc-grow              0.000%    0.000%    1.500%    0.000%    0.001%    0.000%
    decoder/cumulation        0.000%    0.000%    0.000%    0.008%    0.000%    0.008%

    max lifetime: 1 iterations (6310.8 us), size=15, cause=write-completion, site=io.netty.channel.ChannelOutboundBuffer.remove
    max wall-clock: 206281.0 us (0 iterations), size=32768, cause=other:no-site

(f) live buffers at end of iteration, per event-loop thread
    thread                          iters  avgLive  maxLive   avgAlloc maxAlloc
    multiThreadIoEventLoopGroup-3-1       76   130.99      183    3034.13     3830
    multiThreadIoEventLoopGroup-3-2       83   129.77      184    3092.67     3546
    multiThreadIoEventLoopGroup-3-3       79   134.91      187    3123.22     3769
    multiThreadIoEventLoopGroup-3-4       66   134.52      187    3163.83     3646
    live-at-marker over all markers: mean=132.441 p50=134 p90=162 p99=183 p99.9=187 max=187 ; markers with >0 live=304 (100.00%)
    allocations per iteration (all EL threads): mean=3101.42 p50=3094 p90=3461 p99=3644 max=3830  zero-alloc iterations=0.0%
    channelReads per iteration: mean=455.06 p50=455 p90=478 p99=500 max=504

(g) the buffers that DO cross an iteration boundary (40237, 4.235% of pairs)
     io.netty.channel.ChannelOutboundBuffer.remove               2.259% of all  iters p50=1 p99=1 max=1  bytes=2.0 MiB
     io.netty.buffer.CompositeByteBuf$Component.free             1.976% of all  iters p50=1 p99=1 max=1  bytes=549.0 MiB
     sizes of the crossing buffers: 32768=41.18%  16384=5.10%  8192=0.23%  4096=0.12%  2048=0.05%  1024=0.03%  512=0.04%  256=0.78%
     bytes held across a boundary: 551.1 MiB of 1579.7 MiB allocated in the window (34.88%)

    diagnostics: pairs whose stack had no non-plumbing frame=45171 (4.754%); pairs crossing >=1 marker=40237 (4.235%)

HEADLINE CLASSIFICATION
    ii-same-iter-out-of-order                 95.765%  (909914)
    iii-cross-iter-write-completion            2.259%  (21464)
    vi-cross-iter-other:other:no-site          1.976%  (18773)
    i-same-iter-LIFO                           0.001%  (6)
== cell end 00:02:32 rc=0
released (ringalloc) at 00:02:32 rc=0
### cell w5-io_uring-adaptive-ra-slab3huge  2026-09-26T00:02:32+02:00
waiting for the bench lock (ringalloc) at 00:02:32
got the bench lock (ringalloc) at 00:02:32
== cell start 00:02:32 :: topology/run.sh w5-io_uring-adaptive-ra-slab3huge h1agg 18080 4 3 1.5 -- h2load --h1 -c 64 -t 4 -D 8 -d /home/forked_franz/IdeaProjects/netty-eventloop-arena-poc/results/ryzen9-7950x-node0/arena-v3/ring-alloc/topology/body256k http://127.0.0.1:18080/
== scaling_max_freq set=2300000 readback=2300000, cpus=32 governor=performance
== loadavg 2.59 2.54 2.80 1/1297 2907076
== runnable samples: 2 2 2 2 2 2 max=2 (limit 4)
TRANSPORT transport=io_uring ringSize=128 cqSize=4096 singleIssuer=true bufferRing=on [bgId=1 entries=64 chunk=8192 incremental=true batchSize=32 batchAllocation=false alloc=slab3huge allocClass=SlabV2BufferRingAllocator/slab3huge[256x8192 per loop, grow=true, maxRegion=33554432, timeHist=false, warmup=16384, reprovGap=65536, reprovRuns=1024, maxReprov=8]] zeroCopyThreshold=-1 | IoUring features: CQE_F_SOCK_NONEMPTY_SUPPORTED=true, UNIX_DOMAIN_SOCKET_INQ_SUPPORTED=true, SPLICE_SUPPORTED=true, ACCEPT_NO_WAIT_SUPPORTED=true, ACCEPT_MULTISHOT_SUPPORTED=true, POLL_ADD_MULTISHOT_SUPPORTED=true, RECV_MULTISHOT_SUPPORTED=true, IORING_RECVSEND_BUNDLE_SUPPORTED=true, REGISTER_IOWQ_MAX_WORKERS_SUPPORTED=true, SETUP_SUBMIT_ALL_SUPPORTED=true, SETUP_CQE_MIXED_SUPPORTED=true, SETUP_CQ_SIZE_SUPPORTED=true, SETUP_SINGLE_ISSUER_SUPPORTED=true, SETUP_DEFER_TASKRUN_SUPPORTED=true, SETUP_NO_SQARRAY_SUPPORTED=true, REGISTER_BUFFER_RING_SUPPORTED=true, REGISTER_BUFFER_RING_INC_SUPPORTED=true, SEND_ZC_SUPPORTED=true, SENDMSG_ZC_SUPPORTED=true, ENTER_NO_IOWAIT_SUPPORTED=true
WINDOW DONE
-rw-r--r--. 1 forked_franz forked_franz 139012769 Sep 26 00:02 /home/forked_franz/IdeaProjects/netty-eventloop-arena-poc/results/ryzen9-7950x-node0/arena-v3/ring-alloc/topology/w5-io_uring-adaptive-ra-slab3huge.jfr
Main benchmark duration is started for thread #0.
Application protocol: http/1.1
Main benchmark duration is over for thread #2. Stopping all clients.
Stopped all clients for thread #2
Main benchmark duration is over for thread #3. Stopping all clients.
Stopped all clients for thread #3
Main benchmark duration is over for thread #0. Stopping all clients.
Stopped all clients for thread #0
Main benchmark duration is over for thread #1. Stopping all clients.
Stopped all clients for thread #1

finished in 8.00s, 11930.88 req/s, 466.05KB/s
requests: 95447 total, 95511 started, 95447 done, 95447 succeeded, 0 failed, 0 errored, 0 timeout
status codes: 95447 2xx, 0 3xx, 0 4xx, 0 5xx
traffic: 3.64MB (3817880) total, 1.37MB (1432155) headers (space savings 0.00%), 186.48KB (190954) data
                     min         max         mean         sd        +/- sd
time for request:      824us    103.48ms      5.36ms      2.76ms    98.85%
time for connect:        2us       392us       197us       116us    56.25%
time to 1st byte:    78.55ms    103.48ms     93.48ms      6.17ms    76.56%
req/s           :     183.54      188.17      186.37        1.32    67.19%
dumped 11360706 events -> /home/forked_franz/IdeaProjects/netty-eventloop-arena-poc/results/ryzen9-7950x-node0/arena-v3/ring-alloc/topology/w5-io_uring-adaptive-ra-slab3huge.tsv
================================================================================================
WORKLOAD w5-io_uring-adaptive-ra-slab3huge   (w5-io_uring-adaptive-ra-slab3huge.tsv)
================================================================================================
events: AllocateBuffer=40689 FreeBuffer=40695 ReallocateBuffer=0 IterationEnd=11279322
pairs=40689  unpaired releases (alloc before window)=6  still live at window end=0  truncated stacks=40689  address reused with no release event=0
BALANCE CHECK: allocs(40689) - pairs(40689) - live-at-end(0) - reuse(0) = 0  (must be 0)
event-loop threads with markers: 4  iterations total=11279322  with reads>0=186815 (1.7%)

(a) lifetime in event-loop ITERATIONS of the allocating thread
     iters : 0=99.50%  1=0.04%  2-3=0.00%  4-7=0.01%  8+=0.45%
  read-its : 0=99.50%  1=0.04%  2-3=0.02%  4-7=0.05%  8+=0.38%   (only iterations that saw >=1 channelRead)
  iters p50=0 p90=0 p99=0 p99.9=619 max=717
  wall-clock lifetime us: p50=15.2 p90=71.4 p99=405.4 p99.9=581.2 max=5376.3

(b) released on the allocating thread: 100.000%  (cross-thread: 0)

(c) nesting class at release: only=46.13%  youngest=0.00%  oldest=49.47%  middle=4.40%
     within same-iteration releases (40487, 99.50% of all): only=46.34%  youngest=0.00%  oldest=49.24%  middle=4.42%

(d) size bucket (power-of-two ceiling of the requested capacity)
     16384=0.58%  64=49.71%  2=49.71%
     exact sizes: 2=49.71%  52=49.71%  16384=0.58%

(e) release cause (first non-allocator frame of the FreeBuffer stack)
     codec-encoder           49.711%  top site: io.netty.handler.codec.http.HttpObjectEncoder.encodeFullHttpMessage
     write-completion        49.711%  top site: io.netty.channel.ChannelOutboundBuffer.remove
     aggregator               0.578%  top site: io.netty.handler.codec.http.HttpObjectAggregator$AggregatedFullHttpMessage.release

    cause x lifetime-in-iterations (row %% of all pairs)
    cause                         0        1      2-3      4-7       8+     share
    codec-encoder           49.711%   0.000%   0.000%   0.000%   0.000%   49.711%
    write-completion        49.674%   0.037%   0.000%   0.000%   0.000%   49.711%
    aggregator               0.118%   0.002%   0.000%   0.007%   0.450%    0.578%

    cause x size bucket (row %% of all pairs)
    cause                          2        64     16384
    codec-encoder            49.711%    0.000%    0.000%
    write-completion          0.000%   49.711%    0.000%
    aggregator                0.000%    0.000%    0.578%

    max lifetime: 717 iterations (331.0 us), size=16384, cause=aggregator, site=io.netty.handler.codec.http.HttpObjectAggregator$AggregatedFullHttpMessage.release
    max wall-clock: 5376.3 us (1 iterations), size=16384, cause=aggregator

(f) live buffers at end of iteration, per event-loop thread
    thread                          iters  avgLive  maxLive   avgAlloc maxAlloc
    multiThreadIoEventLoopGroup-3-1  2676059     0.01        2       0.00      118
    multiThreadIoEventLoopGroup-3-2  2890887     0.01        2       0.00      258
    multiThreadIoEventLoopGroup-3-3  2948641     0.01        3       0.00      257
    multiThreadIoEventLoopGroup-3-4  2763735     0.01        2       0.00      258
    live-at-marker over all markers: mean=0.007 p50=0 p90=0 p99=0 p99.9=1 max=3 ; markers with >0 live=75322 (0.67%)
    allocations per iteration (all EL threads): mean=0.00 p50=0 p90=0 p99=0 max=258  zero-alloc iterations=99.9%
    channelReads per iteration: mean=0.08 p50=0 p90=0 p99=3 max=4225

(g) the buffers that DO cross an iteration boundary (202, 0.496% of pairs)
     io.netty.handler.codec.http.HttpObjectAggregator$Aggregate  0.460% of all  iters p50=427 p99=689 max=717  bytes=2.9 MiB
     io.netty.channel.ChannelOutboundBuffer.remove               0.037% of all  iters p50=1 p99=1 max=1  bytes=0.0 MiB
     sizes of the crossing buffers: 16384=92.57%  64=7.43%
     bytes held across a boundary: 2.9 MiB of 4.7 MiB allocated in the window (62.00%)

    diagnostics: pairs whose stack had no non-plumbing frame=0 (0.000%); pairs crossing >=1 marker=202 (0.496%)

HEADLINE CLASSIFICATION
    ii-same-iter-out-of-order                 53.390%  (21724)
    i-same-iter-LIFO                          46.113%  (18763)
    iv-cross-iter-cumulation/aggregation       0.460%  (187)
    iii-cross-iter-write-completion            0.037%  (15)
== cell end 00:03:30 rc=0
released (ringalloc) at 00:03:30 rc=0
### cell w1-io_uring-adaptive-ra-arena-ringfalse  2026-09-26T00:03:30+02:00
waiting for the bench lock (ringalloc) at 00:03:30
got the bench lock (ringalloc) at 00:03:30
== cell start 00:03:30 :: topology/run.sh w1-io_uring-adaptive-ra-arena-ringfalse h1snoop 18080 4 3 1.5 -- h2load --h1 -c 64 -t 4 -D 8 -d /home/forked_franz/IdeaProjects/netty-eventloop-arena-poc/results/ryzen9-7950x-node0/arena-v3/ring-alloc/topology/body4k http://127.0.0.1:18080/
== scaling_max_freq set=2300000 readback=2300000, cpus=32 governor=performance
== loadavg 2.15 2.47 2.76 1/1301 2907893
== runnable samples: 2 2 2 2 2 4 max=4 (limit 4)
TRANSPORT transport=io_uring ringSize=128 cqSize=4096 singleIssuer=true bufferRing=on [bgId=1 entries=64 chunk=8192 incremental=true batchSize=32 batchAllocation=false alloc=arena allocClass=CycleArenaAllocator (ring only, channels untouched)] zeroCopyThreshold=-1 | IoUring features: CQE_F_SOCK_NONEMPTY_SUPPORTED=true, UNIX_DOMAIN_SOCKET_INQ_SUPPORTED=true, SPLICE_SUPPORTED=true, ACCEPT_NO_WAIT_SUPPORTED=true, ACCEPT_MULTISHOT_SUPPORTED=true, POLL_ADD_MULTISHOT_SUPPORTED=true, RECV_MULTISHOT_SUPPORTED=true, IORING_RECVSEND_BUNDLE_SUPPORTED=true, REGISTER_IOWQ_MAX_WORKERS_SUPPORTED=true, SETUP_SUBMIT_ALL_SUPPORTED=true, SETUP_CQE_MIXED_SUPPORTED=true, SETUP_CQ_SIZE_SUPPORTED=true, SETUP_SINGLE_ISSUER_SUPPORTED=true, SETUP_DEFER_TASKRUN_SUPPORTED=true, SETUP_NO_SQARRAY_SUPPORTED=true, REGISTER_BUFFER_RING_SUPPORTED=true, REGISTER_BUFFER_RING_INC_SUPPORTED=true, SEND_ZC_SUPPORTED=true, SENDMSG_ZC_SUPPORTED=true, ENTER_NO_IOWAIT_SUPPORTED=true
WINDOW DONE
-rw-r--r--. 1 forked_franz forked_franz 30488809 Sep 26 00:03 /home/forked_franz/IdeaProjects/netty-eventloop-arena-poc/results/ryzen9-7950x-node0/arena-v3/ring-alloc/topology/w1-io_uring-adaptive-ra-arena-ringfalse.jfr
Main benchmark duration is started for thread #0.
Application protocol: http/1.1
Main benchmark duration is over for thread #3. Stopping all clients.
Stopped all clients for thread #3
Main benchmark duration is over for thread #1. Stopping all clients.
Stopped all clients for thread #1
Main benchmark duration is over for thread #2. Stopping all clients.
Stopped all clients for thread #2
Main benchmark duration is over for thread #0. Stopping all clients.
Stopped all clients for thread #0

finished in 8.00s, 124829.25 req/s, 539.46MB/s
requests: 998634 total, 998698 started, 998634 done, 998634 succeeded, 0 failed, 0 errored, 0 timeout
status codes: 998634 2xx, 0 3xx, 0 4xx, 0 5xx
traffic: 4.21GB (4525316010) total, 111.43MB (116842635) headers (space savings 0.00%), 4.07GB (4369620986) data
                     min         max         mean         sd        +/- sd
time for request:       85us     87.36ms       512us       921us    98.05%
time for connect:        2us       211us       103us        60us    59.38%
time to 1st byte:    85.50ms     87.36ms     86.33ms       596us    60.94%
req/s           :    1932.14     1991.25     1950.38       18.75    79.69%
dumped 972972 events -> /home/forked_franz/IdeaProjects/netty-eventloop-arena-poc/results/ryzen9-7950x-node0/arena-v3/ring-alloc/topology/w1-io_uring-adaptive-ra-arena-ringfalse.tsv
================================================================================================
WORKLOAD w1-io_uring-adaptive-ra-arena-ringfalse   (w1-io_uring-adaptive-ra-arena-ringfalse.tsv)
================================================================================================
events: AllocateBuffer=485460 FreeBuffer=484351 ReallocateBuffer=1121 IterationEnd=2040
pairs=485389  unpaired releases (alloc before window)=83  still live at window end=71  truncated stacks=484268  address reused with no release event=0
BALANCE CHECK: allocs(485460) - pairs(485389) - live-at-end(71) - reuse(0) = 0  (must be 0)
event-loop threads with markers: 4  iterations total=2040  with reads>0=246 (12.1%)

(a) lifetime in event-loop ITERATIONS of the allocating thread
     iters : 0=97.70%  1=2.28%  2-3=0.00%  4-7=0.00%  8+=0.02%
  read-its : 0=97.70%  1=2.29%  2-3=0.00%  4-7=0.01%  8+=0.00%   (only iterations that saw >=1 channelRead)
  iters p50=0 p90=0 p99=1 p99.9=1 max=312
  wall-clock lifetime us: p50=224.9 p90=693.7 p99=3850.7 p99.9=8011.7 max=10579.5

(b) released on the allocating thread: 100.000%  (cross-thread: 0)

(c) nesting class at release: only=2.73%  youngest=0.00%  oldest=43.77%  middle=53.50%
     within same-iteration releases (474208, 97.70% of all): only=2.79%  youngest=0.00%  oldest=43.40%  middle=53.81%

(d) size bucket (power-of-two ceiling of the requested capacity)
     8192=47.02%  4096=10.96%  2048=5.16%  1024=2.78%  512=1.48%  256=31.97%  128=0.32%  64=0.32%
     exact sizes: 208=31.05%  8192=15.97%  4370=15.53%  4381=15.49%  4096=10.96%  2048=5.16%

(e) release cause (first non-allocator frame of the FreeBuffer stack)
     write-completion        62.099%  top site: io.netty.channel.ChannelOutboundBuffer.remove
     handler                 37.549%  top site: io.netty.channel.SimpleChannelInboundHandler.channelRead
     realloc-grow             0.231%  top site: io.netty.buffer.AdaptiveByteBuf.capacity
     decoder/cumulation       0.121%  top site: io.netty.handler.codec.ByteToMessageDecoder.expandCumulation

    cause x lifetime-in-iterations (row %% of all pairs)
    cause                         0        1      2-3      4-7       8+     share
    write-completion        61.167%   0.932%   0.000%   0.000%   0.000%   62.099%
    handler                 36.208%   1.318%   0.000%   0.000%   0.024%   37.549%
    realloc-grow             0.231%   0.000%   0.000%   0.000%   0.000%    0.231%
    decoder/cumulation       0.091%   0.029%   0.000%   0.000%   0.000%    0.121%

    cause x size bucket (row %% of all pairs)
    cause                       8192       256      4096      2048      1024       512
    write-completion         31.049%   31.049%    0.000%    0.000%    0.000%    0.000%
    handler                  15.863%    0.924%   10.960%    5.156%    2.775%    1.479%
    realloc-grow              0.000%    0.000%    0.000%    0.000%    0.000%    0.000%
    decoder/cumulation        0.108%    0.000%    0.000%    0.000%    0.000%    0.000%

    max lifetime: 312 iterations (2498.9 us), size=8192, cause=handler, site=io.netty.channel.SimpleChannelInboundHandler.channelRead
    max wall-clock: 10579.5 us (0 iterations), size=8192, cause=handler

(f) live buffers at end of iteration, per event-loop thread
    thread                          iters  avgLive  maxLive   avgAlloc maxAlloc
    multiThreadIoEventLoopGroup-3-1      618    17.47       64     191.42     2960
    multiThreadIoEventLoopGroup-3-2      111    26.37       64    1120.16     2951
    multiThreadIoEventLoopGroup-3-3     1035    12.77       64     115.70     2914
    multiThreadIoEventLoopGroup-3-4      276    10.27       64     432.99     2945
    live-at-marker over all markers: mean=14.597 p50=0 p90=36 p99=62 p99.9=64 max=64 ; markers with >0 live=912 (44.71%)
    allocations per iteration (all EL threads): mean=236.22 p50=0 p90=1808 p99=2846 max=2960  zero-alloc iterations=87.9%
    channelReads per iteration: mean=112.32 p50=0 p90=881 p99=1416 max=1478

(g) the buffers that DO cross an iteration boundary (11181, 2.304% of pairs)
     io.netty.channel.SimpleChannelInboundHandler.channelRead    1.342% of all  iters p50=1 p99=68 max=312  bytes=50.9 MiB
     io.netty.channel.ChannelOutboundBuffer.remove               0.932% of all  iters p50=1 p99=1 max=1  bytes=9.9 MiB
     io.netty.handler.codec.ByteToMessageDecoder.expandCumulati  0.027% of all  iters p50=1 p99=51 max=312  bytes=1.0 MiB
     io.netty.handler.codec.ByteToMessageDecoder.channelRead     0.002% of all  iters p50=1 p99=1 max=1  bytes=0.1 MiB
     io.netty.handler.codec.ByteToMessageDecoder$1.cumulate      0.001% of all  iters p50=1 p99=1 max=1  bytes=0.0 MiB
     sizes of the crossing buffers: 8192=79.77%  256=20.23%
     bytes held across a boundary: 61.9 MiB of 1539.1 MiB allocated in the window (4.02%)

    diagnostics: pairs whose stack had no non-plumbing frame=0 (0.000%); pairs crossing >=1 marker=11181 (2.304%)

HEADLINE CLASSIFICATION
    ii-same-iter-out-of-order                 94.971%  (460978)
    i-same-iter-LIFO                           2.726%  (13230)
    vi-cross-iter-other:handler                1.342%  (6512)
    iii-cross-iter-write-completion            0.932%  (4524)
    iv-cross-iter-cumulation/aggregation       0.030%  (145)
== cell end 00:04:04 rc=0
released (ringalloc) at 00:04:04 rc=0
### cell w3-io_uring-adaptive-ra-arena-ringfalse  2026-09-26T00:04:04+02:00
waiting for the bench lock (ringalloc) at 00:04:04
got the bench lock (ringalloc) at 00:04:04
== cell start 00:04:04 :: topology/run.sh w3-io_uring-adaptive-ra-arena-ringfalse h2echo 18080 4 3 1.5 -- h2load -c 8 -m 16 -t 4 -D 8 -w 12 -d /home/forked_franz/IdeaProjects/netty-eventloop-arena-poc/results/ryzen9-7950x-node0/arena-v3/ring-alloc/topology/body64k http://127.0.0.1:18080/
== scaling_max_freq set=2300000 readback=2300000, cpus=32 governor=performance
== loadavg 2.42 2.53 2.77 1/1303 2908590
== runnable samples: 2 3 2 2 3 2 max=3 (limit 4)
TRANSPORT transport=io_uring ringSize=128 cqSize=4096 singleIssuer=true bufferRing=on [bgId=1 entries=64 chunk=8192 incremental=true batchSize=32 batchAllocation=false alloc=arena allocClass=CycleArenaAllocator (ring only, channels untouched)] zeroCopyThreshold=-1 | IoUring features: CQE_F_SOCK_NONEMPTY_SUPPORTED=true, UNIX_DOMAIN_SOCKET_INQ_SUPPORTED=true, SPLICE_SUPPORTED=true, ACCEPT_NO_WAIT_SUPPORTED=true, ACCEPT_MULTISHOT_SUPPORTED=true, POLL_ADD_MULTISHOT_SUPPORTED=true, RECV_MULTISHOT_SUPPORTED=true, IORING_RECVSEND_BUNDLE_SUPPORTED=true, REGISTER_IOWQ_MAX_WORKERS_SUPPORTED=true, SETUP_SUBMIT_ALL_SUPPORTED=true, SETUP_CQE_MIXED_SUPPORTED=true, SETUP_CQ_SIZE_SUPPORTED=true, SETUP_SINGLE_ISSUER_SUPPORTED=true, SETUP_DEFER_TASKRUN_SUPPORTED=true, SETUP_NO_SQARRAY_SUPPORTED=true, REGISTER_BUFFER_RING_SUPPORTED=true, REGISTER_BUFFER_RING_INC_SUPPORTED=true, SEND_ZC_SUPPORTED=true, SENDMSG_ZC_SUPPORTED=true, ENTER_NO_IOWAIT_SUPPORTED=true
WINDOW DONE
-rw-r--r--. 1 forked_franz forked_franz 41943978 Sep 26 00:04 /home/forked_franz/IdeaProjects/netty-eventloop-arena-poc/results/ryzen9-7950x-node0/arena-v3/ring-alloc/topology/w3-io_uring-adaptive-ra-arena-ringfalse.jfr
.
Main benchmark duration is started for thread #3.
Main benchmark duration is over for thread #1. Stopping all clients.
Stopped all clients for thread #1
Main benchmark duration is over for thread #0. Stopping all clients.
Stopped all clients for thread #0
Main benchmark duration is over for thread #2. Stopping all clients.
Stopped all clients for thread #2
Main benchmark duration is over for thread #3. Stopping all clients.
Stopped all clients for thread #3

finished in 8.00s, 15391.75 req/s, 971.25MB/s
requests: 123134 total, 123262 started, 123134 done, 123134 succeeded, 0 failed, 0 errored, 0 timeout
status codes: 123256 2xx, 0 3xx, 0 4xx, 0 5xx
traffic: 7.59GB (8147430667) total, 120.37KB (123256) headers (space savings 90.00%), 7.52GB (8073258053) data
                     min         max         mean         sd        +/- sd
time for request:     3.86ms    244.20ms      8.29ms     12.16ms    96.32%
time for connect:        9us       119us        36us        35us    87.50%
time to 1st byte:   115.23ms    117.68ms    116.19ms      1.03ms    75.00%
req/s           :    1885.09     1945.23     1923.94       23.75    75.00%
dumped 1410178 events -> /home/forked_franz/IdeaProjects/netty-eventloop-arena-poc/results/ryzen9-7950x-node0/arena-v3/ring-alloc/topology/w3-io_uring-adaptive-ra-arena-ringfalse.tsv
================================================================================================
WORKLOAD w3-io_uring-adaptive-ra-arena-ringfalse   (w3-io_uring-adaptive-ra-arena-ringfalse.tsv)
================================================================================================
events: AllocateBuffer=704972 FreeBuffer=691230 ReallocateBuffer=13765 IterationEnd=211
pairs=704376  unpaired releases (alloc before window)=619  still live at window end=596  truncated stacks=690611  address reused with no release event=0
BALANCE CHECK: allocs(704972) - pairs(704376) - live-at-end(596) - reuse(0) = 0  (must be 0)
event-loop threads with markers: 4  iterations total=211  with reads>0=211 (100.0%)

(a) lifetime in event-loop ITERATIONS of the allocating thread
     iters : 0=94.42%  1=5.58%  2-3=0.00%  4-7=0.00%  8+=0.00%
  read-its : 0=94.42%  1=5.58%  2-3=0.00%  4-7=0.00%  8+=0.00%   (only iterations that saw >=1 channelRead)
  iters p50=0 p90=0 p99=1 p99.9=1 max=2
  wall-clock lifetime us: p50=443.7 p90=1102.1 p99=18674.6 p99.9=32764.4 max=239529.7

(b) released on the allocating thread: 100.000%  (cross-thread: 0)

(c) nesting class at release: only=0.00%  youngest=0.00%  oldest=0.49%  middle=99.51%
     within same-iteration releases (665088, 94.42% of all): only=0.00%  youngest=0.00%  oldest=0.09%  middle=99.91%

(d) size bucket (power-of-two ceiling of the requested capacity)
     32768=4.10%  16384=1.79%  8192=3.51%  4096=0.28%  2048=0.15%  1024=0.09%  512=0.24%  256=1.79%  128=0.31%  64=0.19%
     exact sizes: 9=83.56%  32768=4.10%  8192=3.51%  13=2.67%  256=1.79%  16384=1.79%

(e) release cause (first non-allocator frame of the FreeBuffer stack)
     write-completion        88.873%  top site: io.netty.channel.ChannelOutboundBuffer.remove
     other:no-site            5.424%  top site: io.netty.buffer.CompositeByteBuf$Component.free
     decoder/cumulation       3.749%  top site: io.netty.handler.codec.ByteToMessageDecoder$1.cumulate
     realloc-grow             1.954%  top site: io.netty.buffer.AdaptiveByteBuf.capacity

    cause x lifetime-in-iterations (row %% of all pairs)
    cause                         0        1      2-3      4-7       8+     share
    write-completion        86.712%   2.161%   0.000%   0.000%   0.000%   88.873%
    other:no-site            2.883%   2.541%   0.001%   0.000%   0.000%    5.424%
    decoder/cumulation       2.874%   0.875%   0.000%   0.000%   0.000%    3.749%
    realloc-grow             1.954%   0.000%   0.000%   0.000%   0.000%    1.954%

    cause x size bucket (row %% of all pairs)
    cause                         16     32768      8192       256     16384       128
    write-completion         87.542%    0.010%    0.000%    1.320%    0.000%    0.000%
    other:no-site             0.000%    4.090%    0.587%    0.024%    0.365%    0.016%
    decoder/cumulation        0.000%    0.000%    2.694%    0.438%    0.000%    0.284%
    realloc-grow              0.000%    0.000%    0.233%    0.013%    1.428%    0.012%

    max lifetime: 2 iterations (22840.6 us), size=8192, cause=other:no-site, site=io.netty.buffer.CompositeByteBuf$Component.free
    max wall-clock: 239529.7 us (0 iterations), size=32768, cause=other:no-site

(f) live buffers at end of iteration, per event-loop thread
    thread                          iters  avgLive  maxLive   avgAlloc maxAlloc
    multiThreadIoEventLoopGroup-3-1       54   177.81      235    3213.39     3827
    multiThreadIoEventLoopGroup-3-2       50   185.48      231    3400.98     3813
    multiThreadIoEventLoopGroup-3-3       52   194.02      244    3380.69     3937
    multiThreadIoEventLoopGroup-3-4       55   188.55      230    3215.29     3699
    live-at-marker over all markers: mean=186.422 p50=187 p90=218 p99=235 p99.9=244 max=244 ; markers with >0 live=211 (100.00%)
    allocations per iteration (all EL threads): mean=3299.57 p50=3290 p90=3722 p99=3827 max=3937  zero-alloc iterations=0.0%
    channelReads per iteration: mean=457.28 p50=458 p90=482 p99=499 max=503

(g) the buffers that DO cross an iteration boundary (39288, 5.578% of pairs)
     io.netty.buffer.CompositeByteBuf$Component.free             2.542% of all  iters p50=1 p99=1 max=2  bytes=410.9 MiB
     io.netty.channel.ChannelOutboundBuffer.remove               2.161% of all  iters p50=1 p99=1 max=1  bytes=1.7 MiB
     io.netty.handler.codec.ByteToMessageDecoder$1.cumulate      0.805% of all  iters p50=1 p99=1 max=1  bytes=44.3 MiB
     io.netty.handler.codec.ByteToMessageDecoder.expandCumulati  0.069% of all  iters p50=1 p99=1 max=1  bytes=3.8 MiB
     io.netty.handler.codec.ByteToMessageDecoder.channelRead     0.001% of all  iters p50=1 p99=1 max=1  bytes=0.0 MiB
     sizes of the crossing buffers: 32768=29.43%  16384=3.49%  8192=24.10%  4096=1.75%  2048=0.95%  1024=0.56%  512=0.59%  256=0.81%
     bytes held across a boundary: 460.7 MiB of 1313.2 MiB allocated in the window (35.08%)

    diagnostics: pairs whose stack had no non-plumbing frame=38208 (5.424%); pairs crossing >=1 marker=39288 (5.578%)

HEADLINE CLASSIFICATION
    ii-same-iter-out-of-order                 94.422%  (665086)
    vi-cross-iter-other:other:no-site          2.542%  (17902)
    iii-cross-iter-write-completion            2.161%  (15224)
    iv-cross-iter-cumulation/aggregation       0.875%  (6162)
    i-same-iter-LIFO                           0.000%  (2)
== cell end 00:04:44 rc=0
released (ringalloc) at 00:04:44 rc=0
### cell w5-io_uring-adaptive-ra-arena-ringfalse  2026-09-26T00:04:44+02:00
waiting for the bench lock (ringalloc) at 00:04:44
got the bench lock (ringalloc) at 00:04:44
== cell start 00:04:44 :: topology/run.sh w5-io_uring-adaptive-ra-arena-ringfalse h1agg 18080 4 3 1.5 -- h2load --h1 -c 64 -t 4 -D 8 -d /home/forked_franz/IdeaProjects/netty-eventloop-arena-poc/results/ryzen9-7950x-node0/arena-v3/ring-alloc/topology/body256k http://127.0.0.1:18080/
== scaling_max_freq set=2300000 readback=2300000, cpus=32 governor=performance
== loadavg 2.52 2.58 2.78 1/1299 2909270
== runnable samples: 2 2 2 2 2 2 max=2 (limit 4)
TRANSPORT transport=io_uring ringSize=128 cqSize=4096 singleIssuer=true bufferRing=on [bgId=1 entries=64 chunk=8192 incremental=true batchSize=32 batchAllocation=false alloc=arena allocClass=CycleArenaAllocator (ring only, channels untouched)] zeroCopyThreshold=-1 | IoUring features: CQE_F_SOCK_NONEMPTY_SUPPORTED=true, UNIX_DOMAIN_SOCKET_INQ_SUPPORTED=true, SPLICE_SUPPORTED=true, ACCEPT_NO_WAIT_SUPPORTED=true, ACCEPT_MULTISHOT_SUPPORTED=true, POLL_ADD_MULTISHOT_SUPPORTED=true, RECV_MULTISHOT_SUPPORTED=true, IORING_RECVSEND_BUNDLE_SUPPORTED=true, REGISTER_IOWQ_MAX_WORKERS_SUPPORTED=true, SETUP_SUBMIT_ALL_SUPPORTED=true, SETUP_CQE_MIXED_SUPPORTED=true, SETUP_CQ_SIZE_SUPPORTED=true, SETUP_SINGLE_ISSUER_SUPPORTED=true, SETUP_DEFER_TASKRUN_SUPPORTED=true, SETUP_NO_SQARRAY_SUPPORTED=true, REGISTER_BUFFER_RING_SUPPORTED=true, REGISTER_BUFFER_RING_INC_SUPPORTED=true, SEND_ZC_SUPPORTED=true, SENDMSG_ZC_SUPPORTED=true, ENTER_NO_IOWAIT_SUPPORTED=true
WINDOW DONE
-rw-r--r--. 1 forked_franz forked_franz 73437141 Sep 26 00:04 /home/forked_franz/IdeaProjects/netty-eventloop-arena-poc/results/ryzen9-7950x-node0/arena-v3/ring-alloc/topology/w5-io_uring-adaptive-ra-arena-ringfalse.jfr
Main benchmark duration is started for thread #0.
Application protocol: http/1.1
Main benchmark duration is over for thread #1. Stopping all clients.
Stopped all clients for thread #1
Main benchmark duration is over for thread #2. Stopping all clients.
Stopped all clients for thread #2
Main benchmark duration is over for thread #3. Stopping all clients.
Stopped all clients for thread #3
Main benchmark duration is over for thread #0. Stopping all clients.
Stopped all clients for thread #0

finished in 8.00s, 12208.00 req/s, 476.88KB/s
requests: 97664 total, 97728 started, 97664 done, 97664 succeeded, 0 failed, 0 errored, 0 timeout
status codes: 97664 2xx, 0 3xx, 0 4xx, 0 5xx
traffic: 3.73MB (3906560) total, 1.40MB (1465290) headers (space savings 0.00%), 190.79KB (195372) data
                     min         max         mean         sd        +/- sd
time for request:     1.09ms    137.40ms      5.24ms      4.46ms    98.88%
time for connect:        2us       408us       203us       119us    56.25%
time to 1st byte:    83.94ms    106.64ms     97.45ms      5.49ms    70.31%
req/s           :     187.33      194.99      190.72        1.84    56.25%
dumped 3542001 events -> /home/forked_franz/IdeaProjects/netty-eventloop-arena-poc/results/ryzen9-7950x-node0/arena-v3/ring-alloc/topology/w5-io_uring-adaptive-ra-arena-ringfalse.tsv
================================================================================================
WORKLOAD w5-io_uring-adaptive-ra-arena-ringfalse   (w5-io_uring-adaptive-ra-arena-ringfalse.tsv)
================================================================================================
events: AllocateBuffer=802310 FreeBuffer=802386 ReallocateBuffer=101 IterationEnd=1937204
pairs=802137  unpaired releases (alloc before window)=350  still live at window end=173  truncated stacks=802036  address reused with no release event=0
BALANCE CHECK: allocs(802310) - pairs(802137) - live-at-end(173) - reuse(0) = 0  (must be 0)
event-loop threads with markers: 4  iterations total=1937204  with reads>0=31656 (1.6%)

(a) lifetime in event-loop ITERATIONS of the allocating thread
     iters : 0=81.13%  1=0.78%  2-3=0.36%  4-7=0.64%  8+=17.10%
  read-its : 0=81.13%  1=3.08%  2-3=3.60%  4-7=4.96%  8+=7.24%   (only iterations that saw >=1 channelRead)
  iters p50=0 p90=135 p99=965 p99.9=2194 max=3479
  wall-clock lifetime us: p50=307.3 p90=916.1 p99=1626.0 p99.9=4120.3 max=11074.5

(b) released on the allocating thread: 100.000%  (cross-thread: 0)

(c) nesting class at release: only=0.45%  youngest=0.00%  oldest=65.98%  middle=33.57%
     within same-iteration releases (650780, 81.13% of all): only=0.55%  youngest=0.00%  oldest=61.09%  middle=38.36%

(d) size bucket (power-of-two ceiling of the requested capacity)
     16384=0.03%  8192=87.41%  4096=3.60%  2048=1.69%  1024=0.83%  512=0.42%  256=0.22%  128=0.25%  64=2.83%  2=2.73%
     exact sizes: 8192=87.41%  4096=3.60%  2=2.73%  52=2.73%  2048=1.69%  1024=0.83%

(e) release cause (first non-allocator frame of the FreeBuffer stack)
     aggregator              94.492%  top site: io.netty.handler.codec.http.HttpObjectAggregator$AggregatedFullHttpMessage.release
     codec-encoder            2.732%  top site: io.netty.handler.codec.http.HttpObjectEncoder.encodeFullHttpMessage
     write-completion         2.732%  top site: io.netty.channel.ChannelOutboundBuffer.remove
     decoder/cumulation       0.024%  top site: io.netty.handler.codec.ByteToMessageDecoder$1.cumulate
     realloc-grow             0.013%  top site: io.netty.buffer.AdaptiveByteBuf.capacity
     other:no-site            0.006%  top site: io.netty.buffer.CompositeByteBuf$Component.free

    cause x lifetime-in-iterations (row %% of all pairs)
    cause                         0        1      2-3      4-7       8+     share
    aggregator              75.638%   0.767%   0.356%   0.636%  17.095%   94.492%
    codec-encoder            2.732%   0.000%   0.000%   0.000%   0.000%    2.732%
    write-completion         2.723%   0.009%   0.000%   0.000%   0.000%    2.732%
    decoder/cumulation       0.019%   0.000%   0.000%   0.000%   0.005%    0.024%
    realloc-grow             0.013%   0.000%   0.000%   0.000%   0.000%    0.013%
    other:no-site            0.005%   0.000%   0.000%   0.000%   0.001%    0.006%

    cause x size bucket (row %% of all pairs)
    cause                       8192      4096        64         2      2048      1024
    aggregator               87.381%    3.599%    0.087%    0.000%    1.693%    0.827%
    codec-encoder             0.000%    0.000%    0.000%    2.732%    0.000%    0.000%
    write-completion          0.000%    0.000%    2.732%    0.000%    0.000%    0.000%
    decoder/cumulation        0.024%    0.000%    0.000%    0.000%    0.000%    0.000%
    realloc-grow              0.000%    0.000%    0.008%    0.000%    0.000%    0.000%
    other:no-site             0.006%    0.000%    0.000%    0.000%    0.000%    0.000%

    max lifetime: 3479 iterations (1570.5 us), size=8192, cause=aggregator, site=io.netty.handler.codec.http.HttpObjectAggregator$AggregatedFullHttpMessage.release
    max wall-clock: 11074.5 us (1 iterations), size=8192, cause=aggregator

(f) live buffers at end of iteration, per event-loop thread
    thread                          iters  avgLive  maxLive   avgAlloc maxAlloc
    multiThreadIoEventLoopGroup-3-1   434302    21.43      114       0.48     4362
    multiThreadIoEventLoopGroup-3-2   553545    19.73      114       0.36     4362
    multiThreadIoEventLoopGroup-3-3   540391    20.91      115       0.37     4364
    multiThreadIoEventLoopGroup-3-4   408966    22.19      129       0.48     4363
    live-at-marker over all markers: mean=20.961 p50=9 p90=64 p99=80 p99.9=92 max=129 ; markers with >0 live=1073896 (55.44%)
    allocations per iteration (all EL threads): mean=0.41 p50=0 p90=0 p99=3 max=4364  zero-alloc iterations=98.8%
    channelReads per iteration: mean=0.41 p50=0 p90=0 p99=3 max=4225

(g) the buffers that DO cross an iteration boundary (151357, 18.869% of pairs)
     io.netty.handler.codec.http.HttpObjectAggregator$Aggregate 18.854% of all  iters p50=148 p99=1785 max=3479  bytes=1041.1 MiB
     io.netty.channel.ChannelOutboundBuffer.remove               0.009% of all  iters p50=1 p99=1 max=1  bytes=0.0 MiB
     io.netty.handler.codec.ByteToMessageDecoder$1.cumulate      0.003% of all  iters p50=385 p99=1291 max=1291  bytes=0.2 MiB
     io.netty.handler.codec.ByteToMessageDecoder.expandCumulati  0.002% of all  iters p50=389 p99=1279 max=1279  bytes=0.1 MiB
     io.netty.buffer.CompositeByteBuf$Component.free             0.001% of all  iters p50=151 p99=178 max=178  bytes=0.1 MiB
     sizes of the crossing buffers: 16384=0.02%  8192=81.76%  4096=9.69%  2048=4.28%  1024=2.21%  512=1.00%  256=0.58%  128=0.23%
     bytes held across a boundary: 1041.5 MiB of 5630.2 MiB allocated in the window (18.50%)

    diagnostics: pairs whose stack had no non-plumbing frame=51 (0.006%); pairs crossing >=1 marker=151357 (18.869%)

HEADLINE CLASSIFICATION
    ii-same-iter-out-of-order                 80.682%  (647183)
    iv-cross-iter-cumulation/aggregation      18.859%  (151278)
    i-same-iter-LIFO                           0.448%  (3597)
    iii-cross-iter-write-completion            0.009%  (69)
    vi-cross-iter-other:other:no-site          0.001%  (10)
== cell end 00:05:29 rc=0
released (ringalloc) at 00:05:29 rc=0
### cell w1-io_uring-adaptive-ra-arena-ringtrue  2026-09-26T00:05:29+02:00
waiting for the bench lock (ringalloc) at 00:05:29
got the bench lock (ringalloc) at 00:05:29
== cell start 00:05:29 :: topology/run.sh w1-io_uring-adaptive-ra-arena-ringtrue h1snoop 18080 4 3 1.5 -- h2load --h1 -c 64 -t 4 -D 8 -d /home/forked_franz/IdeaProjects/netty-eventloop-arena-poc/results/ryzen9-7950x-node0/arena-v3/ring-alloc/topology/body4k http://127.0.0.1:18080/
== scaling_max_freq set=2300000 readback=2300000, cpus=32 governor=performance
== loadavg 2.45 2.59 2.77 1/1302 2910011
== runnable samples: 2 2 2 2 3 2 max=3 (limit 4)
TRANSPORT transport=io_uring ringSize=128 cqSize=4096 singleIssuer=true bufferRing=on [bgId=1 entries=64 chunk=8192 incremental=true batchSize=32 batchAllocation=false alloc=arena allocClass=CycleArenaAllocator (ring only, channels untouched)] zeroCopyThreshold=-1 | IoUring features: CQE_F_SOCK_NONEMPTY_SUPPORTED=true, UNIX_DOMAIN_SOCKET_INQ_SUPPORTED=true, SPLICE_SUPPORTED=true, ACCEPT_NO_WAIT_SUPPORTED=true, ACCEPT_MULTISHOT_SUPPORTED=true, POLL_ADD_MULTISHOT_SUPPORTED=true, RECV_MULTISHOT_SUPPORTED=true, IORING_RECVSEND_BUNDLE_SUPPORTED=true, REGISTER_IOWQ_MAX_WORKERS_SUPPORTED=true, SETUP_SUBMIT_ALL_SUPPORTED=true, SETUP_CQE_MIXED_SUPPORTED=true, SETUP_CQ_SIZE_SUPPORTED=true, SETUP_SINGLE_ISSUER_SUPPORTED=true, SETUP_DEFER_TASKRUN_SUPPORTED=true, SETUP_NO_SQARRAY_SUPPORTED=true, REGISTER_BUFFER_RING_SUPPORTED=true, REGISTER_BUFFER_RING_INC_SUPPORTED=true, SEND_ZC_SUPPORTED=true, SENDMSG_ZC_SUPPORTED=true, ENTER_NO_IOWAIT_SUPPORTED=true
WINDOW DONE
-rw-r--r--. 1 forked_franz forked_franz 33228625 Sep 26 00:05 /home/forked_franz/IdeaProjects/netty-eventloop-arena-poc/results/ryzen9-7950x-node0/arena-v3/ring-alloc/topology/w1-io_uring-adaptive-ra-arena-ringtrue.jfr
Main benchmark duration is started for thread #0.
Application protocol: http/1.1
Main benchmark duration is over for thread #1. Stopping all clients.
Stopped all clients for thread #1
Main benchmark duration is over for thread #2. Stopping all clients.
Stopped all clients for thread #2
Main benchmark duration is over for thread #3. Stopping all clients.
Stopped all clients for thread #3
Main benchmark duration is over for thread #0. Stopping all clients.
Stopped all clients for thread #0

finished in 8.00s, 127419.12 req/s, 550.65MB/s
requests: 1019353 total, 1019417 started, 1019353 done, 1019353 succeeded, 0 failed, 0 errored, 0 timeout
status codes: 1019353 2xx, 0 3xx, 0 4xx, 0 5xx
traffic: 4.30GB (4619204208) total, 113.74MB (119265822) headers (space savings 0.00%), 4.15GB (4460242027) data
                     min         max         mean         sd        +/- sd
time for request:       72us     88.27ms       502us       927us    98.03%
time for connect:        2us       211us       106us        57us    59.38%
time to 1st byte:    86.00ms     88.32ms     87.12ms       805us    54.69%
req/s           :    1949.36     2021.78     1990.86       18.07    73.44%
dumped 1061746 events -> /home/forked_franz/IdeaProjects/netty-eventloop-arena-poc/results/ryzen9-7950x-node0/arena-v3/ring-alloc/topology/w1-io_uring-adaptive-ra-arena-ringtrue.tsv
================================================================================================
WORKLOAD w1-io_uring-adaptive-ra-arena-ringtrue   (w1-io_uring-adaptive-ra-arena-ringtrue.tsv)
================================================================================================
events: AllocateBuffer=529696 FreeBuffer=528060 ReallocateBuffer=1630 IterationEnd=2360
pairs=529622  unpaired releases (alloc before window)=68  still live at window end=74  truncated stacks=527992  address reused with no release event=0
BALANCE CHECK: allocs(529696) - pairs(529622) - live-at-end(74) - reuse(0) = 0  (must be 0)
event-loop threads with markers: 4  iterations total=2360  with reads>0=254 (10.8%)

(a) lifetime in event-loop ITERATIONS of the allocating thread
     iters : 0=99.15%  1=0.85%  2-3=0.00%  4-7=0.00%  8+=0.00%
  read-its : 0=99.15%  1=0.85%  2-3=0.00%  4-7=0.00%  8+=0.00%   (only iterations that saw >=1 channelRead)
  iters p50=0 p90=0 p99=0 p99.9=1 max=1
  wall-clock lifetime us: p50=195.3 p90=399.3 p99=1377.1 p99.9=2106.8 max=4461.4

(b) released on the allocating thread: 100.000%  (cross-thread: 0)

(c) nesting class at release: only=4.00%  youngest=0.00%  oldest=56.94%  middle=39.06%
     within same-iteration releases (525118, 99.15% of all): only=3.99%  youngest=0.00%  oldest=56.61%  middle=39.39%

(d) size bucket (power-of-two ceiling of the requested capacity)
     8192=43.03%  4096=14.24%  2048=6.70%  1024=3.62%  512=1.93%  256=29.65%  128=0.41%  64=0.42%
     exact sizes: 208=28.47%  8192=14.55%  4370=14.25%  4096=14.24%  4381=14.20%  2048=6.70%

(e) release cause (first non-allocator frame of the FreeBuffer stack)
     write-completion        56.942%  top site: io.netty.channel.ChannelOutboundBuffer.remove
     handler                 42.733%  top site: io.netty.channel.SimpleChannelInboundHandler.channelRead
     realloc-grow             0.308%  top site: io.netty.buffer.AdaptiveByteBuf.capacity
     decoder/cumulation       0.016%  top site: io.netty.handler.codec.ByteToMessageDecoder.channelRead

    cause x lifetime-in-iterations (row %% of all pairs)
    cause                         0        1      2-3      4-7       8+     share
    write-completion        56.092%   0.850%   0.000%   0.000%   0.000%   56.942%
    handler                 42.733%   0.000%   0.000%   0.000%   0.000%   42.733%
    realloc-grow             0.308%   0.000%   0.000%   0.000%   0.000%    0.308%
    decoder/cumulation       0.016%   0.000%   0.000%   0.000%   0.000%    0.016%

    cause x size bucket (row %% of all pairs)
    cause                       8192       256      4096      2048      1024       512
    write-completion         28.471%   28.471%    0.000%    0.000%    0.000%    0.000%
    handler                  14.554%    1.183%   14.242%    6.698%    3.623%    1.926%
    realloc-grow              0.000%    0.000%    0.000%    0.000%    0.000%    0.000%
    decoder/cumulation        0.000%    0.000%    0.000%    0.000%    0.000%    0.000%

    max lifetime: 1 iterations (4461.4 us), size=208, cause=write-completion, site=io.netty.channel.ChannelOutboundBuffer.remove
    max wall-clock: 4461.4 us (1 iterations), size=208, cause=write-completion

(f) live buffers at end of iteration, per event-loop thread
    thread                          iters  avgLive  maxLive   avgAlloc maxAlloc
    multiThreadIoEventLoopGroup-3-1     1153     1.02       30     118.33     3291
    multiThreadIoEventLoopGroup-3-2      132     8.38       32     985.58     3505
    multiThreadIoEventLoopGroup-3-3      968     1.15       32     135.45     3516
    multiThreadIoEventLoopGroup-3-4      107    10.37       32    1191.73     3491
    live-at-marker over all markers: mean=1.908 p50=0 p90=0 p99=28 p99.9=32 max=32 ; markers with >0 live=212 (8.98%)
    allocations per iteration (all EL threads): mean=222.53 p50=0 p90=11 p99=3031 max=3516  zero-alloc iterations=89.2%
    channelReads per iteration: mean=96.75 p50=0 p90=5 p99=1305 max=1514

(g) the buffers that DO cross an iteration boundary (4504, 0.850% of pairs)
     io.netty.channel.ChannelOutboundBuffer.remove               0.850% of all  iters p50=1 p99=1 max=1  bytes=9.8 MiB
     sizes of the crossing buffers: 8192=50.00%  256=50.00%
     bytes held across a boundary: 9.8 MiB of 1650.9 MiB allocated in the window (0.60%)

    diagnostics: pairs whose stack had no non-plumbing frame=0 (0.000%); pairs crossing >=1 marker=4504 (0.850%)

HEADLINE CLASSIFICATION
    ii-same-iter-out-of-order                 95.191%  (504153)
    i-same-iter-LIFO                           3.958%  (20965)
    iii-cross-iter-write-completion            0.850%  (4504)
== cell end 00:06:05 rc=0
released (ringalloc) at 00:06:05 rc=0
### cell w3-io_uring-adaptive-ra-arena-ringtrue  2026-09-26T00:06:05+02:00
waiting for the bench lock (ringalloc) at 00:06:05
got the bench lock (ringalloc) at 00:06:05
== cell start 00:06:05 :: topology/run.sh w3-io_uring-adaptive-ra-arena-ringtrue h2echo 18080 4 3 1.5 -- h2load -c 8 -m 16 -t 4 -D 8 -w 12 -d /home/forked_franz/IdeaProjects/netty-eventloop-arena-poc/results/ryzen9-7950x-node0/arena-v3/ring-alloc/topology/body64k http://127.0.0.1:18080/
== scaling_max_freq set=2300000 readback=2300000, cpus=32 governor=performance
== loadavg 2.61 2.65 2.79 1/1300 2910710
== runnable samples: 2 2 2 2 2 4 max=4 (limit 4)
TRANSPORT transport=io_uring ringSize=128 cqSize=4096 singleIssuer=true bufferRing=on [bgId=1 entries=64 chunk=8192 incremental=true batchSize=32 batchAllocation=false alloc=arena allocClass=CycleArenaAllocator (ring only, channels untouched)] zeroCopyThreshold=-1 | IoUring features: CQE_F_SOCK_NONEMPTY_SUPPORTED=true, UNIX_DOMAIN_SOCKET_INQ_SUPPORTED=true, SPLICE_SUPPORTED=true, ACCEPT_NO_WAIT_SUPPORTED=true, ACCEPT_MULTISHOT_SUPPORTED=true, POLL_ADD_MULTISHOT_SUPPORTED=true, RECV_MULTISHOT_SUPPORTED=true, IORING_RECVSEND_BUNDLE_SUPPORTED=true, REGISTER_IOWQ_MAX_WORKERS_SUPPORTED=true, SETUP_SUBMIT_ALL_SUPPORTED=true, SETUP_CQE_MIXED_SUPPORTED=true, SETUP_CQ_SIZE_SUPPORTED=true, SETUP_SINGLE_ISSUER_SUPPORTED=true, SETUP_DEFER_TASKRUN_SUPPORTED=true, SETUP_NO_SQARRAY_SUPPORTED=true, REGISTER_BUFFER_RING_SUPPORTED=true, REGISTER_BUFFER_RING_INC_SUPPORTED=true, SEND_ZC_SUPPORTED=true, SENDMSG_ZC_SUPPORTED=true, ENTER_NO_IOWAIT_SUPPORTED=true
WINDOW DONE
-rw-r--r--. 1 forked_franz forked_franz 48943247 Sep 26 00:06 /home/forked_franz/IdeaProjects/netty-eventloop-arena-poc/results/ryzen9-7950x-node0/arena-v3/ring-alloc/topology/w3-io_uring-adaptive-ra-arena-ringtrue.jfr
Main benchmark duration is started for thread #0.
Application protocol: h2c
Main benchmark duration is over for thread #2. Stopping all clients.
Stopped all clients for thread #2
Main benchmark duration is over for thread #3. Stopping all clients.
Stopped all clients for thread #3Main benchmark duration is over for thread #Main benchmark duration is over for thread #
1. Stopping all clients.
Stopped all clients for thread #1
0. Stopping all clients.
Stopped all clients for thread #0

finished in 8.00s, 15340.75 req/s, 968.10MB/s
requests: 122726 total, 122854 started, 122726 done, 122726 succeeded, 0 failed, 0 errored, 0 timeout
status codes: 122849 2xx, 0 3xx, 0 4xx, 0 5xx
traffic: 7.56GB (8120979566) total, 119.97KB (122849) headers (space savings 90.00%), 7.49GB (8046834821) data
                     min         max         mean         sd        +/- sd
time for request:     4.07ms    236.42ms      8.31ms     10.66ms    96.11%
time for connect:       12us        47us        28us        14us    50.00%
time to 1st byte:   112.38ms    115.94ms    113.84ms      1.43ms    50.00%
req/s           :    1886.35     1936.84     1917.57       19.79    75.00%
dumped 1650299 events -> /home/forked_franz/IdeaProjects/netty-eventloop-arena-poc/results/ryzen9-7950x-node0/arena-v3/ring-alloc/topology/w3-io_uring-adaptive-ra-arena-ringtrue.tsv
================================================================================================
WORKLOAD w3-io_uring-adaptive-ra-arena-ringtrue   (w3-io_uring-adaptive-ra-arena-ringtrue.tsv)
================================================================================================
events: AllocateBuffer=824968 FreeBuffer=806819 ReallocateBuffer=18253 IterationEnd=259
pairs=824474  unpaired releases (alloc before window)=598  still live at window end=494  truncated stacks=806221  address reused with no release event=0
BALANCE CHECK: allocs(824968) - pairs(824474) - live-at-end(494) - reuse(0) = 0  (must be 0)
event-loop threads with markers: 4  iterations total=259  with reads>0=259 (100.0%)

(a) lifetime in event-loop ITERATIONS of the allocating thread
     iters : 0=95.19%  1=4.81%  2-3=0.00%  4-7=0.00%  8+=0.00%
  read-its : 0=95.19%  1=4.81%  2-3=0.00%  4-7=0.00%  8+=0.00%   (only iterations that saw >=1 channelRead)
  iters p50=0 p90=0 p99=1 p99.9=1 max=2
  wall-clock lifetime us: p50=391.9 p90=871.3 p99=16264.6 p99.9=39856.7 max=141171.7

(b) released on the allocating thread: 100.000%  (cross-thread: 0)

(c) nesting class at release: only=0.00%  youngest=0.00%  oldest=0.58%  middle=99.42%
     within same-iteration releases (784798, 95.19% of all): only=0.00%  youngest=0.00%  oldest=0.14%  middle=99.86%

(d) size bucket (power-of-two ceiling of the requested capacity)
     32768=4.21%  16384=1.85%  8192=0.81%  4096=0.38%  2048=0.20%  1024=0.13%  512=0.35%  256=2.06%  128=0.46%  64=0.33%
     exact sizes: 9=85.13%  32768=4.21%  13=2.73%  256=2.06%  16384=1.85%  15=1.35%

(e) release cause (first non-allocator frame of the FreeBuffer stack)
     write-completion        90.582%  top site: io.netty.channel.ChannelOutboundBuffer.remove
     other:no-site            5.598%  top site: io.netty.buffer.CompositeByteBuf$Component.free
     realloc-grow             2.214%  top site: io.netty.buffer.AdaptiveByteBuf.capacity
     decoder/cumulation       1.607%  top site: io.netty.handler.codec.ByteToMessageDecoder.channelRead

    cause x lifetime-in-iterations (row %% of all pairs)
    cause                         0        1      2-3      4-7       8+     share
    write-completion        88.336%   2.245%   0.000%   0.000%   0.000%   90.582%
    other:no-site            3.031%   2.567%   0.000%   0.000%   0.000%    5.598%
    realloc-grow             2.214%   0.000%   0.000%   0.000%   0.000%    2.214%
    decoder/cumulation       1.607%   0.000%   0.000%   0.000%   0.000%    1.607%

    cause x size bucket (row %% of all pairs)
    cause                         16     32768       256     16384      8192       128
    write-completion         89.217%    0.012%    1.352%    0.000%    0.000%    0.000%
    other:no-site             0.000%    4.201%    0.040%    0.381%    0.472%    0.020%
    realloc-grow              0.000%    0.000%    0.021%    1.465%    0.336%    0.016%
    decoder/cumulation        0.000%    0.000%    0.643%    0.000%    0.000%    0.426%

    max lifetime: 2 iterations (19088.8 us), size=32768, cause=other:no-site, site=io.netty.buffer.CompositeByteBuf$Component.free
    max wall-clock: 141171.7 us (1 iterations), size=16384, cause=other:no-site

(f) live buffers at end of iteration, per event-loop thread
    thread                          iters  avgLive  maxLive   avgAlloc maxAlloc
    multiThreadIoEventLoopGroup-3-1       73   148.73      194    3114.68     3755
    multiThreadIoEventLoopGroup-3-2       56   158.11      209    3245.39     3706
    multiThreadIoEventLoopGroup-3-3       68   154.35      220    3128.22     3683
    multiThreadIoEventLoopGroup-3-4       62   154.16      202    3185.37     3794
    live-at-marker over all markers: mean=153.533 p50=152 p90=186 p99=208 p99.9=220 max=220 ; markers with >0 live=259 (100.00%)
    allocations per iteration (all EL threads): mean=3163.42 p50=3126 p90=3559 p99=3706 max=3794  zero-alloc iterations=0.0%
    channelReads per iteration: mean=453.37 p50=454 p90=478 p99=502 max=506

(g) the buffers that DO cross an iteration boundary (39676, 4.812% of pairs)
     io.netty.buffer.CompositeByteBuf$Component.free             2.567% of all  iters p50=1 p99=1 max=2  bytes=489.1 MiB
     io.netty.channel.ChannelOutboundBuffer.remove               2.245% of all  iters p50=1 p99=1 max=1  bytes=2.2 MiB
     sizes of the crossing buffers: 32768=35.37%  16384=4.26%  8192=6.37%  4096=2.94%  2048=1.46%  1024=0.90%  512=1.22%  256=1.28%
     bytes held across a boundary: 491.4 MiB of 1404.8 MiB allocated in the window (34.98%)

    diagnostics: pairs whose stack had no non-plumbing frame=46152 (5.598%); pairs crossing >=1 marker=39676 (4.812%)

HEADLINE CLASSIFICATION
    ii-same-iter-out-of-order                 95.188%  (784797)
    vi-cross-iter-other:other:no-site          2.567%  (21163)
    iii-cross-iter-write-completion            2.245%  (18513)
    i-same-iter-LIFO                           0.000%  (1)
== cell end 00:06:49 rc=0
released (ringalloc) at 00:06:49 rc=0
### cell w5-io_uring-adaptive-ra-arena-ringtrue  2026-09-26T00:06:49+02:00
waiting for the bench lock (ringalloc) at 00:06:49
got the bench lock (ringalloc) at 00:06:49
== cell start 00:06:49 :: topology/run.sh w5-io_uring-adaptive-ra-arena-ringtrue h1agg 18080 4 3 1.5 -- h2load --h1 -c 64 -t 4 -D 8 -d /home/forked_franz/IdeaProjects/netty-eventloop-arena-poc/results/ryzen9-7950x-node0/arena-v3/ring-alloc/topology/body256k http://127.0.0.1:18080/
== scaling_max_freq set=2300000 readback=2300000, cpus=32 governor=performance
== loadavg 2.38 2.61 2.77 1/1293 2911435
== runnable samples: 2 2 2 2 2 4 max=4 (limit 4)
TRANSPORT transport=io_uring ringSize=128 cqSize=4096 singleIssuer=true bufferRing=on [bgId=1 entries=64 chunk=8192 incremental=true batchSize=32 batchAllocation=false alloc=arena allocClass=CycleArenaAllocator (ring only, channels untouched)] zeroCopyThreshold=-1 | IoUring features: CQE_F_SOCK_NONEMPTY_SUPPORTED=true, UNIX_DOMAIN_SOCKET_INQ_SUPPORTED=true, SPLICE_SUPPORTED=true, ACCEPT_NO_WAIT_SUPPORTED=true, ACCEPT_MULTISHOT_SUPPORTED=true, POLL_ADD_MULTISHOT_SUPPORTED=true, RECV_MULTISHOT_SUPPORTED=true, IORING_RECVSEND_BUNDLE_SUPPORTED=true, REGISTER_IOWQ_MAX_WORKERS_SUPPORTED=true, SETUP_SUBMIT_ALL_SUPPORTED=true, SETUP_CQE_MIXED_SUPPORTED=true, SETUP_CQ_SIZE_SUPPORTED=true, SETUP_SINGLE_ISSUER_SUPPORTED=true, SETUP_DEFER_TASKRUN_SUPPORTED=true, SETUP_NO_SQARRAY_SUPPORTED=true, REGISTER_BUFFER_RING_SUPPORTED=true, REGISTER_BUFFER_RING_INC_SUPPORTED=true, SEND_ZC_SUPPORTED=true, SENDMSG_ZC_SUPPORTED=true, ENTER_NO_IOWAIT_SUPPORTED=true
WINDOW DONE
-rw-r--r--. 1 forked_franz forked_franz 68800602 Sep 26 00:07 /home/forked_franz/IdeaProjects/netty-eventloop-arena-poc/results/ryzen9-7950x-node0/arena-v3/ring-alloc/topology/w5-io_uring-adaptive-ra-arena-ringtrue.jfr
Warm-up phase is over for thread #2.
Main benchmark duration is started for thread #2.
Main benchmark duration is over for thread #1. Stopping all clients.
Stopped all clients for thread #1
Main benchmark duration is over for thread #0. Stopping all clients.
Stopped all clients for thread #0
Main benchmark duration is over for thread #2. Stopping all clients.
Stopped all clients for thread #2
Main benchmark duration is over for thread #3. Stopping all clients.
Stopped all clients for thread #3

finished in 8.00s, 12382.62 req/s, 483.70KB/s
requests: 99061 total, 99125 started, 99061 done, 99061 succeeded, 0 failed, 0 errored, 0 timeout
status codes: 99061 2xx, 0 3xx, 0 4xx, 0 5xx
traffic: 3.78MB (3962440) total, 1.42MB (1486245) headers (space savings 0.00%), 193.52KB (198166) data
                     min         max         mean         sd        +/- sd
time for request:     1.45ms    114.71ms      5.17ms      4.01ms    98.99%
time for connect:        2us       404us       200us       118us    59.38%
time to 1st byte:    85.54ms    108.10ms     98.25ms      5.52ms    68.75%
req/s           :     190.11      197.58      193.45        1.66    68.75%
dumped 3259588 events -> /home/forked_franz/IdeaProjects/netty-eventloop-arena-poc/results/ryzen9-7950x-node0/arena-v3/ring-alloc/topology/w5-io_uring-adaptive-ra-arena-ringtrue.tsv
================================================================================================
WORKLOAD w5-io_uring-adaptive-ra-arena-ringtrue   (w5-io_uring-adaptive-ra-arena-ringtrue.tsv)
================================================================================================
events: AllocateBuffer=769502 FreeBuffer=769255 ReallocateBuffer=206 IterationEnd=1720625
pairs=769372  unpaired releases (alloc before window)=89  still live at window end=130  truncated stacks=769166  address reused with no release event=0
BALANCE CHECK: allocs(769502) - pairs(769372) - live-at-end(130) - reuse(0) = 0  (must be 0)
event-loop threads with markers: 4  iterations total=1720625  with reads>0=24561 (1.4%)

(a) lifetime in event-loop ITERATIONS of the allocating thread
     iters : 0=85.80%  1=0.53%  2-3=0.46%  4-7=0.74%  8+=12.47%
  read-its : 0=85.80%  1=2.82%  2-3=3.64%  4-7=4.34%  8+=3.40%   (only iterations that saw >=1 channelRead)
  iters p50=0 p90=30 p99=396 p99.9=525 max=876
  wall-clock lifetime us: p50=144.3 p90=380.9 p99=737.0 p99.9=3855.1 max=107566.0

(b) released on the allocating thread: 100.000%  (cross-thread: 0)

(c) nesting class at release: only=0.53%  youngest=0.00%  oldest=54.92%  middle=44.55%
     within same-iteration releases (660140, 85.80% of all): only=0.62%  youngest=0.00%  oldest=49.28%  middle=50.10%

(d) size bucket (power-of-two ceiling of the requested capacity)
     16384=0.03%  8192=85.83%  4096=4.27%  2048=2.15%  1024=1.07%  512=0.53%  256=0.28%  128=0.36%  64=2.80%  2=2.68%
     exact sizes: 8192=85.83%  4096=4.27%  2=2.68%  52=2.68%  2048=2.15%  1024=1.07%

(e) release cause (first non-allocator frame of the FreeBuffer stack)
     aggregator              94.604%  top site: io.netty.handler.codec.http.HttpObjectAggregator$AggregatedFullHttpMessage.release
     codec-encoder            2.683%  top site: io.netty.handler.codec.http.HttpObjectEncoder.encodeFullHttpMessage
     write-completion         2.682%  top site: io.netty.channel.ChannelOutboundBuffer.remove
     realloc-grow             0.027%  top site: io.netty.buffer.AdaptiveByteBuf.capacity
     other:no-site            0.004%  top site: io.netty.buffer.CompositeByteBuf$Component.free
     decoder/cumulation       0.000%  top site: io.netty.handler.codec.ByteToMessageDecoder.channelRead

    cause x lifetime-in-iterations (row %% of all pairs)
    cause                         0        1      2-3      4-7       8+     share
    aggregator              80.421%   0.517%   0.459%   0.737%  12.469%   94.604%
    codec-encoder            2.683%   0.000%   0.000%   0.000%   0.000%    2.683%
    write-completion         2.668%   0.015%   0.000%   0.000%   0.000%    2.682%
    realloc-grow             0.027%   0.000%   0.000%   0.000%   0.000%    0.027%
    other:no-site            0.004%   0.000%   0.000%   0.000%   0.000%    0.004%
    decoder/cumulation       0.000%   0.000%   0.000%   0.000%   0.000%    0.000%

    cause x size bucket (row %% of all pairs)
    cause                       8192      4096        64         2      2048      1024
    aggregator               85.825%    4.265%    0.097%    0.000%    2.147%    1.069%
    codec-encoder             0.000%    0.000%    0.000%    2.683%    0.000%    0.000%
    write-completion          0.000%    0.000%    2.682%    0.000%    0.000%    0.000%
    realloc-grow              0.000%    0.000%    0.017%    0.000%    0.000%    0.000%
    other:no-site             0.004%    0.000%    0.000%    0.000%    0.000%    0.000%
    decoder/cumulation        0.000%    0.000%    0.000%    0.000%    0.000%    0.000%

    max lifetime: 876 iterations (428.1 us), size=8192, cause=aggregator, site=io.netty.handler.codec.http.HttpObjectAggregator$AggregatedFullHttpMessage.release
    max wall-clock: 107566.0 us (0 iterations), size=8192, cause=aggregator

(f) live buffers at end of iteration, per event-loop thread
    thread                          iters  avgLive  maxLive   avgAlloc maxAlloc
    multiThreadIoEventLoopGroup-3-1   443034     7.88       90       0.42     4483
    multiThreadIoEventLoopGroup-3-2   404721    10.64       87       0.47     4480
    multiThreadIoEventLoopGroup-3-3   419928     8.76       90       0.44     4483
    multiThreadIoEventLoopGroup-3-4   452942     8.39       90       0.43     4481
    live-at-marker over all markers: mean=8.877 p50=0 p90=32 p99=45 p99.9=66 max=90 ; markers with >0 live=676053 (39.29%)
    allocations per iteration (all EL threads): mean=0.44 p50=0 p90=0 p99=3 max=4483  zero-alloc iterations=98.6%
    channelReads per iteration: mean=0.43 p50=0 p90=0 p99=3 max=4227

(g) the buffers that DO cross an iteration boundary (109232, 14.198% of pairs)
     io.netty.handler.codec.http.HttpObjectAggregator$Aggregate 14.183% of all  iters p50=92 p99=516 max=876  bytes=687.8 MiB
     io.netty.channel.ChannelOutboundBuffer.remove               0.015% of all  iters p50=1 p99=1 max=1  bytes=0.0 MiB
     io.netty.buffer.CompositeByteBuf$Component.free             0.000% of all  iters p50=199 p99=199 max=199  bytes=0.0 MiB
     sizes of the crossing buffers: 16384=0.03%  8192=70.83%  4096=14.55%  2048=7.39%  1024=3.53%  512=1.92%  256=0.85%  128=0.50%
     bytes held across a boundary: 687.8 MiB of 5334.6 MiB allocated in the window (12.89%)

    diagnostics: pairs whose stack had no non-plumbing frame=33 (0.004%); pairs crossing >=1 marker=109232 (14.198%)

HEADLINE CLASSIFICATION
    ii-same-iter-out-of-order                 85.270%  (656044)
    iv-cross-iter-cumulation/aggregation      14.183%  (109119)
    i-same-iter-LIFO                           0.532%  (4096)
    iii-cross-iter-write-completion            0.015%  (112)
    vi-cross-iter-other:other:no-site          0.000%  (1)
== cell end 00:07:31 rc=0
released (ringalloc) at 00:07:31 rc=0
