TRANSPORT transport=io_uring ringSize=128 cqSize=4096 singleIssuer=true bufferRing[bgId=1 entries=64 chunk=8192 incremental=true batchSize=32 batchAllocation=false] zeroCopyThreshold=4096 | IoUring features: CQE_F_SOCK_NONEMPTY_SUPPORTED=true, UNIX_DOMAIN_SOCKET_INQ_SUPPORTED=true, SPLICE_SUPPORTED=true, ACCEPT_NO_WAIT_SUPPORTED=true, ACCEPT_MULTISHOT_SUPPORTED=true, POLL_ADD_MULTISHOT_SUPPORTED=true, RECV_MULTISHOT_SUPPORTED=true, IORING_RECVSEND_BUNDLE_SUPPORTED=true, REGISTER_IOWQ_MAX_WORKERS_SUPPORTED=true, SETUP_SUBMIT_ALL_SUPPORTED=true, SETUP_CQE_MIXED_SUPPORTED=true, SETUP_CQ_SIZE_SUPPORTED=true, SETUP_SINGLE_ISSUER_SUPPORTED=true, SETUP_DEFER_TASKRUN_SUPPORTED=true, SETUP_NO_SQARRAY_SUPPORTED=true, REGISTER_BUFFER_RING_SUPPORTED=true, REGISTER_BUFFER_RING_INC_SUPPORTED=true, SEND_ZC_SUPPORTED=true, SENDMSG_ZC_SUPPORTED=true, ENTER_NO_IOWAIT_SUPPORTED=true
READY proxy2 port=18443 loops=4 markers=8 allocator=arena transport=io_uring pid=944017
00:06:30.702 [multiThreadIoEventLoopGroup-4-2] WARN  i.n.channel.uring.IoUringIoHandler - Unexpected exception in the IO event loop.
java.lang.IllegalStateException: arena buffer of Thread[#26,multiThreadIoEventLoopGroup-3-1,10,main] touched from Thread[#31,multiThreadIoEventLoopGroup-4-2,10,main] (event-loop arena buffers are thread confined)
	at io.netty.buffer.CycleArenaAllocator$ArenaBuf.violation(CycleArenaAllocator.java:1279)
	at io.netty.buffer.CycleArenaAllocator$ArenaBuf.retain(CycleArenaAllocator.java:1182)
	at io.netty.buffer.AbstractDerivedByteBuf.retain0(AbstractDerivedByteBuf.java:58)
	at io.netty.buffer.AbstractDerivedByteBuf.retain(AbstractDerivedByteBuf.java:54)
	at io.netty.channel.uring.IoUringSocketChannel$IoUringSocketUnsafe.handleWriteCompleteZeroCopy(IoUringSocketChannel.java:220)
	at io.netty.channel.uring.IoUringSocketChannel$IoUringSocketUnsafe.writeComplete0(IoUringSocketChannel.java:186)
	at io.netty.channel.uring.AbstractIoUringChannel$AbstractUringUnsafe.writeComplete(AbstractIoUringChannel.java:1003)
	at io.netty.channel.uring.AbstractIoUringChannel$AbstractUringUnsafe.handle(AbstractIoUringChannel.java:474)
	at io.netty.channel.uring.IoUringIoHandler$DefaultIoUringIoRegistration.handle(IoUringIoHandler.java:705)
	at io.netty.channel.uring.IoUringIoHandler.handleFastPath(IoUringIoHandler.java:318)
	at io.netty.channel.uring.IoUringIoHandler.handle(IoUringIoHandler.java:298)
	at io.netty.channel.uring.CompletionQueue.process(CompletionQueue.java:151)
	at io.netty.channel.uring.IoUringIoHandler.processCompletionsAndHandleOverflow(IoUringIoHandler.java:213)
	at io.netty.channel.uring.IoUringIoHandler.run(IoUringIoHandler.java:188)
	at io.netty.channel.SingleThreadIoEventLoop.runIo(SingleThreadIoEventLoop.java:225)
	at io.netty.channel.SingleThreadIoEventLoop.run(SingleThreadIoEventLoop.java:196)
	at io.netty.util.concurrent.SingleThreadEventExecutor$5.run(SingleThreadEventExecutor.java:1204)
	at io.netty.util.internal.ThreadExecutorMap$2.run(ThreadExecutorMap.java:74)
	at io.netty.util.concurrent.FastThreadLocalRunnable.run(FastThreadLocalRunnable.java:30)
	at java.base/java.lang.Thread.run(Thread.java:1583)
00:06:30.702 [multiThreadIoEventLoopGroup-4-4] WARN  i.n.channel.uring.IoUringIoHandler - Unexpected exception in the IO event loop.
java.lang.IllegalStateException: arena buffer of Thread[#28,multiThreadIoEventLoopGroup-3-3,10,main] touched from Thread[#33,multiThreadIoEventLoopGroup-4-4,10,main] (event-loop arena buffers are thread confined)
	at io.netty.buffer.CycleArenaAllocator$ArenaBuf.violation(CycleArenaAllocator.java:1279)
	at io.netty.buffer.CycleArenaAllocator$ArenaBuf.retain(CycleArenaAllocator.java:1182)
	at io.netty.buffer.AbstractDerivedByteBuf.retain0(AbstractDerivedByteBuf.java:58)
	at io.netty.buffer.AbstractDerivedByteBuf.retain(AbstractDerivedByteBuf.java:54)
	at io.netty.channel.uring.IoUringSocketChannel$IoUringSocketUnsafe.handleWriteCompleteZeroCopy(IoUringSocketChannel.java:220)
	at io.netty.channel.uring.IoUringSocketChannel$IoUringSocketUnsafe.writeComplete0(IoUringSocketChannel.java:186)
	at io.netty.channel.uring.AbstractIoUringChannel$AbstractUringUnsafe.writeComplete(AbstractIoUringChannel.java:1003)
	at io.netty.channel.uring.AbstractIoUringChannel$AbstractUringUnsafe.handle(AbstractIoUringChannel.java:474)
	at io.netty.channel.uring.IoUringIoHandler$DefaultIoUringIoRegistration.handle(IoUringIoHandler.java:705)
	at io.netty.channel.uring.IoUringIoHandler.handleFastPath(IoUringIoHandler.java:318)
	at io.netty.channel.uring.IoUringIoHandler.handle(IoUringIoHandler.java:298)
	at io.netty.channel.uring.CompletionQueue.process(CompletionQueue.java:151)
	at io.netty.channel.uring.IoUringIoHandler.processCompletionsAndHandleOverflow(IoUringIoHandler.java:213)
	at io.netty.channel.uring.IoUringIoHandler.run(IoUringIoHandler.java:188)
	at io.netty.channel.SingleThreadIoEventLoop.runIo(SingleThreadIoEventLoop.java:225)
	at io.netty.channel.SingleThreadIoEventLoop.run(SingleThreadIoEventLoop.java:196)
	at io.netty.util.concurrent.SingleThreadEventExecutor$5.run(SingleThreadEventExecutor.java:1204)
	at io.netty.util.internal.ThreadExecutorMap$2.run(ThreadExecutorMap.java:74)
	at io.netty.util.concurrent.FastThreadLocalRunnable.run(FastThreadLocalRunnable.java:30)
	at java.base/java.lang.Thread.run(Thread.java:1583)
00:06:30.702 [multiThreadIoEventLoopGroup-4-1] WARN  i.n.channel.uring.IoUringIoHandler - Unexpected exception in the IO event loop.
java.lang.IllegalStateException: arena buffer of Thread[#29,multiThreadIoEventLoopGroup-3-4,10,main] touched from Thread[#30,multiThreadIoEventLoopGroup-4-1,10,main] (event-loop arena buffers are thread confined)
	at io.netty.buffer.CycleArenaAllocator$ArenaBuf.violation(CycleArenaAllocator.java:1279)
	at io.netty.buffer.CycleArenaAllocator$ArenaBuf.retain(CycleArenaAllocator.java:1182)
	at io.netty.buffer.AbstractDerivedByteBuf.retain0(AbstractDerivedByteBuf.java:58)
	at io.netty.buffer.AbstractDerivedByteBuf.retain(AbstractDerivedByteBuf.java:54)
	at io.netty.channel.uring.IoUringSocketChannel$IoUringSocketUnsafe.handleWriteCompleteZeroCopy(IoUringSocketChannel.java:220)
	at io.netty.channel.uring.IoUringSocketChannel$IoUringSocketUnsafe.writeComplete0(IoUringSocketChannel.java:186)
	at io.netty.channel.uring.AbstractIoUringChannel$AbstractUringUnsafe.writeComplete(AbstractIoUringChannel.java:1003)
	at io.netty.channel.uring.AbstractIoUringChannel$AbstractUringUnsafe.handle(AbstractIoUringChannel.java:474)
	at io.netty.channel.uring.IoUringIoHandler$DefaultIoUringIoRegistration.handle(IoUringIoHandler.java:705)
	at io.netty.channel.uring.IoUringIoHandler.handleFastPath(IoUringIoHandler.java:318)
	at io.netty.channel.uring.IoUringIoHandler.handle(IoUringIoHandler.java:298)
	at io.netty.channel.uring.CompletionQueue.process(CompletionQueue.java:151)
	at io.netty.channel.uring.IoUringIoHandler.processCompletionsAndHandleOverflow(IoUringIoHandler.java:213)
	at io.netty.channel.uring.IoUringIoHandler.run(IoUringIoHandler.java:188)
	at io.netty.channel.SingleThreadIoEventLoop.runIo(SingleThreadIoEventLoop.java:225)
	at io.netty.channel.SingleThreadIoEventLoop.run(SingleThreadIoEventLoop.java:196)
	at io.netty.util.concurrent.SingleThreadEventExecutor$5.run(SingleThreadEventExecutor.java:1204)
	at io.netty.util.internal.ThreadExecutorMap$2.run(ThreadExecutorMap.java:74)
	at io.netty.util.concurrent.FastThreadLocalRunnable.run(FastThreadLocalRunnable.java:30)
	at java.base/java.lang.Thread.run(Thread.java:1583)
00:06:30.702 [multiThreadIoEventLoopGroup-4-3] WARN  i.n.channel.uring.IoUringIoHandler - Unexpected exception in the IO event loop.
java.lang.IllegalStateException: arena buffer of Thread[#27,multiThreadIoEventLoopGroup-3-2,10,main] touched from Thread[#32,multiThreadIoEventLoopGroup-4-3,10,main] (event-loop arena buffers are thread confined)
	at io.netty.buffer.CycleArenaAllocator$ArenaBuf.violation(CycleArenaAllocator.java:1279)
	at io.netty.buffer.CycleArenaAllocator$ArenaBuf.retain(CycleArenaAllocator.java:1182)
	at io.netty.buffer.AbstractDerivedByteBuf.retain0(AbstractDerivedByteBuf.java:58)
	at io.netty.buffer.AbstractDerivedByteBuf.retain(AbstractDerivedByteBuf.java:54)
	at io.netty.channel.uring.IoUringSocketChannel$IoUringSocketUnsafe.handleWriteCompleteZeroCopy(IoUringSocketChannel.java:220)
	at io.netty.channel.uring.IoUringSocketChannel$IoUringSocketUnsafe.writeComplete0(IoUringSocketChannel.java:186)
	at io.netty.channel.uring.AbstractIoUringChannel$AbstractUringUnsafe.writeComplete(AbstractIoUringChannel.java:1003)
	at io.netty.channel.uring.AbstractIoUringChannel$AbstractUringUnsafe.handle(AbstractIoUringChannel.java:474)
	at io.netty.channel.uring.IoUringIoHandler$DefaultIoUringIoRegistration.handle(IoUringIoHandler.java:705)
	at io.netty.channel.uring.IoUringIoHandler.handleFastPath(IoUringIoHandler.java:318)
	at io.netty.channel.uring.IoUringIoHandler.handle(IoUringIoHandler.java:298)
	at io.netty.channel.uring.CompletionQueue.process(CompletionQueue.java:151)
	at io.netty.channel.uring.IoUringIoHandler.processCompletionsAndHandleOverflow(IoUringIoHandler.java:213)
	at io.netty.channel.uring.IoUringIoHandler.run(IoUringIoHandler.java:188)
	at io.netty.channel.SingleThreadIoEventLoop.runIo(SingleThreadIoEventLoop.java:225)
	at io.netty.channel.SingleThreadIoEventLoop.run(SingleThreadIoEventLoop.java:196)
	at io.netty.util.concurrent.SingleThreadEventExecutor$5.run(SingleThreadEventExecutor.java:1204)
	at io.netty.util.internal.ThreadExecutorMap$2.run(ThreadExecutorMap.java:74)
	at io.netty.util.concurrent.FastThreadLocalRunnable.run(FastThreadLocalRunnable.java:30)
	at java.base/java.lang.Thread.run(Thread.java:1583)
00:06:30.806 [multiThreadIoEventLoopGroup-4-2] WARN  i.n.channel.uring.IoUringIoHandler - Unexpected exception in the IO event loop.
java.lang.IllegalStateException: arena buffer of Thread[#26,multiThreadIoEventLoopGroup-3-1,10,main] touched from Thread[#31,multiThreadIoEventLoopGroup-4-2,10,main] (event-loop arena buffers are thread confined)
	at io.netty.buffer.CycleArenaAllocator$ArenaBuf.violation(CycleArenaAllocator.java:1279)
	at io.netty.buffer.CycleArenaAllocator$ArenaBuf.release(CycleArenaAllocator.java:1208)
	at io.netty.buffer.AbstractDerivedByteBuf.release0(AbstractDerivedByteBuf.java:98)
	at io.netty.buffer.AbstractDerivedByteBuf.release(AbstractDerivedByteBuf.java:94)
	at io.netty.channel.uring.IoUringSocketChannel$IoUringSocketUnsafe.handleWriteCompleteZeroCopy(IoUringSocketChannel.java:289)
	at io.netty.channel.uring.IoUringSocketChannel$IoUringSocketUnsafe.writeComplete0(IoUringSocketChannel.java:186)
	at io.netty.channel.uring.AbstractIoUringChannel$AbstractUringUnsafe.writeComplete(AbstractIoUringChannel.java:1003)
	at io.netty.channel.uring.AbstractIoUringChannel$AbstractUringUnsafe.handle(AbstractIoUringChannel.java:474)
	at io.netty.channel.uring.IoUringIoHandler$DefaultIoUringIoRegistration.handle(IoUringIoHandler.java:705)
	at io.netty.channel.uring.IoUringIoHandler.handleFastPath(IoUringIoHandler.java:318)
	at io.netty.channel.uring.IoUringIoHandler.handle(IoUringIoHandler.java:298)
	at io.netty.channel.uring.CompletionQueue.process(CompletionQueue.java:151)
	at io.netty.channel.uring.IoUringIoHandler.processCompletionsAndHandleOverflow(IoUringIoHandler.java:213)
	at io.netty.channel.uring.IoUringIoHandler.run(IoUringIoHandler.java:188)
	at io.netty.channel.SingleThreadIoEventLoop.runIo(SingleThreadIoEventLoop.java:225)
	at io.netty.channel.SingleThreadIoEventLoop.run(SingleThreadIoEventLoop.java:196)
	at io.netty.util.concurrent.SingleThreadEventExecutor$5.run(SingleThreadEventExecutor.java:1204)
	at io.netty.util.internal.ThreadExecutorMap$2.run(ThreadExecutorMap.java:74)
	at io.netty.util.concurrent.FastThreadLocalRunnable.run(FastThreadLocalRunnable.java:30)
	at java.base/java.lang.Thread.run(Thread.java:1583)
00:06:30.806 [multiThreadIoEventLoopGroup-4-1] WARN  i.n.channel.uring.IoUringIoHandler - Unexpected exception in the IO event loop.
java.lang.IllegalStateException: arena buffer of Thread[#29,multiThreadIoEventLoopGroup-3-4,10,main] touched from Thread[#30,multiThreadIoEventLoopGroup-4-1,10,main] (event-loop arena buffers are thread confined)
	at io.netty.buffer.CycleArenaAllocator$ArenaBuf.violation(CycleArenaAllocator.java:1279)
	at io.netty.buffer.CycleArenaAllocator$ArenaBuf.release(CycleArenaAllocator.java:1208)
	at io.netty.buffer.AbstractDerivedByteBuf.release0(AbstractDerivedByteBuf.java:98)
	at io.netty.buffer.AbstractDerivedByteBuf.release(AbstractDerivedByteBuf.java:94)
	at io.netty.channel.uring.IoUringSocketChannel$IoUringSocketUnsafe.handleWriteCompleteZeroCopy(IoUringSocketChannel.java:289)
	at io.netty.channel.uring.IoUringSocketChannel$IoUringSocketUnsafe.writeComplete0(IoUringSocketChannel.java:186)
	at io.netty.channel.uring.AbstractIoUringChannel$AbstractUringUnsafe.writeComplete(AbstractIoUringChannel.java:1003)
	at io.netty.channel.uring.AbstractIoUringChannel$AbstractUringUnsafe.handle(AbstractIoUringChannel.java:474)
	at io.netty.channel.uring.IoUringIoHandler$DefaultIoUringIoRegistration.handle(IoUringIoHandler.java:705)
	at io.netty.channel.uring.IoUringIoHandler.handleFastPath(IoUringIoHandler.java:318)
	at io.netty.channel.uring.IoUringIoHandler.handle(IoUringIoHandler.java:298)
	at io.netty.channel.uring.CompletionQueue.process(CompletionQueue.java:151)
	at io.netty.channel.uring.IoUringIoHandler.processCompletionsAndHandleOverflow(IoUringIoHandler.java:213)
	at io.netty.channel.uring.IoUringIoHandler.run(IoUringIoHandler.java:188)
	at io.netty.channel.SingleThreadIoEventLoop.runIo(SingleThreadIoEventLoop.java:225)
	at io.netty.channel.SingleThreadIoEventLoop.run(SingleThreadIoEventLoop.java:196)
	at io.netty.util.concurrent.SingleThreadEventExecutor$5.run(SingleThreadEventExecutor.java:1204)
	at io.netty.util.internal.ThreadExecutorMap$2.run(ThreadExecutorMap.java:74)
	at io.netty.util.concurrent.FastThreadLocalRunnable.run(FastThreadLocalRunnable.java:30)
	at java.base/java.lang.Thread.run(Thread.java:1583)
00:06:30.806 [multiThreadIoEventLoopGroup-4-3] WARN  i.n.channel.uring.IoUringIoHandler - Unexpected exception in the IO event loop.
java.lang.IllegalStateException: arena buffer of Thread[#27,multiThreadIoEventLoopGroup-3-2,10,main] touched from Thread[#32,multiThreadIoEventLoopGroup-4-3,10,main] (event-loop arena buffers are thread confined)
	at io.netty.buffer.CycleArenaAllocator$ArenaBuf.violation(CycleArenaAllocator.java:1279)
	at io.netty.buffer.CycleArenaAllocator$ArenaBuf.release(CycleArenaAllocator.java:1208)
	at io.netty.buffer.AbstractDerivedByteBuf.release0(AbstractDerivedByteBuf.java:98)
	at io.netty.buffer.AbstractDerivedByteBuf.release(AbstractDerivedByteBuf.java:94)
	at io.netty.channel.uring.IoUringSocketChannel$IoUringSocketUnsafe.handleWriteCompleteZeroCopy(IoUringSocketChannel.java:289)
	at io.netty.channel.uring.IoUringSocketChannel$IoUringSocketUnsafe.writeComplete0(IoUringSocketChannel.java:186)
	at io.netty.channel.uring.AbstractIoUringChannel$AbstractUringUnsafe.writeComplete(AbstractIoUringChannel.java:1003)
	at io.netty.channel.uring.AbstractIoUringChannel$AbstractUringUnsafe.handle(AbstractIoUringChannel.java:474)
	at io.netty.channel.uring.IoUringIoHandler$DefaultIoUringIoRegistration.handle(IoUringIoHandler.java:705)
	at io.netty.channel.uring.IoUringIoHandler.handleFastPath(IoUringIoHandler.java:318)
	at io.netty.channel.uring.IoUringIoHandler.handle(IoUringIoHandler.java:298)
	at io.netty.channel.uring.CompletionQueue.process(CompletionQueue.java:151)
	at io.netty.channel.uring.IoUringIoHandler.processCompletionsAndHandleOverflow(IoUringIoHandler.java:213)
	at io.netty.channel.uring.IoUringIoHandler.run(IoUringIoHandler.java:188)
	at io.netty.channel.SingleThreadIoEventLoop.runIo(SingleThreadIoEventLoop.java:225)
	at io.netty.channel.SingleThreadIoEventLoop.run(SingleThreadIoEventLoop.java:196)
	at io.netty.util.concurrent.SingleThreadEventExecutor$5.run(SingleThreadEventExecutor.java:1204)
	at io.netty.util.internal.ThreadExecutorMap$2.run(ThreadExecutorMap.java:74)
	at io.netty.util.concurrent.FastThreadLocalRunnable.run(FastThreadLocalRunnable.java:30)
	at java.base/java.lang.Thread.run(Thread.java:1583)
00:06:30.806 [multiThreadIoEventLoopGroup-4-4] WARN  i.n.channel.uring.IoUringIoHandler - Unexpected exception in the IO event loop.
java.lang.IllegalStateException: arena buffer of Thread[#28,multiThreadIoEventLoopGroup-3-3,10,main] touched from Thread[#33,multiThreadIoEventLoopGroup-4-4,10,main] (event-loop arena buffers are thread confined)
	at io.netty.buffer.CycleArenaAllocator$ArenaBuf.violation(CycleArenaAllocator.java:1279)
	at io.netty.buffer.CycleArenaAllocator$ArenaBuf.release(CycleArenaAllocator.java:1208)
	at io.netty.buffer.AbstractDerivedByteBuf.release0(AbstractDerivedByteBuf.java:98)
	at io.netty.buffer.AbstractDerivedByteBuf.release(AbstractDerivedByteBuf.java:94)
	at io.netty.channel.uring.IoUringSocketChannel$IoUringSocketUnsafe.handleWriteCompleteZeroCopy(IoUringSocketChannel.java:289)
	at io.netty.channel.uring.IoUringSocketChannel$IoUringSocketUnsafe.writeComplete0(IoUringSocketChannel.java:186)
	at io.netty.channel.uring.AbstractIoUringChannel$AbstractUringUnsafe.writeComplete(AbstractIoUringChannel.java:1003)
	at io.netty.channel.uring.AbstractIoUringChannel$AbstractUringUnsafe.handle(AbstractIoUringChannel.java:474)
	at io.netty.channel.uring.IoUringIoHandler$DefaultIoUringIoRegistration.handle(IoUringIoHandler.java:705)
	at io.netty.channel.uring.IoUringIoHandler.handleFastPath(IoUringIoHandler.java:318)
	at io.netty.channel.uring.IoUringIoHandler.handle(IoUringIoHandler.java:298)
	at io.netty.channel.uring.CompletionQueue.process(CompletionQueue.java:151)
	at io.netty.channel.uring.IoUringIoHandler.processCompletionsAndHandleOverflow(IoUringIoHandler.java:213)
	at io.netty.channel.uring.IoUringIoHandler.run(IoUringIoHandler.java:188)
	at io.netty.channel.SingleThreadIoEventLoop.runIo(SingleThreadIoEventLoop.java:225)
	at io.netty.channel.SingleThreadIoEventLoop.run(SingleThreadIoEventLoop.java:196)
	at io.netty.util.concurrent.SingleThreadEventExecutor$5.run(SingleThreadEventExecutor.java:1204)
	at io.netty.util.internal.ThreadExecutorMap$2.run(ThreadExecutorMap.java:74)
	at io.netty.util.concurrent.FastThreadLocalRunnable.run(FastThreadLocalRunnable.java:30)
	at java.base/java.lang.Thread.run(Thread.java:1583)
00:06:30.907 [multiThreadIoEventLoopGroup-3-3] WARN  i.n.channel.uring.IoUringIoHandler - Unexpected exception in the IO event loop.
java.lang.IllegalStateException: arena buffer of Thread[#33,multiThreadIoEventLoopGroup-4-4,10,main] touched from Thread[#28,multiThreadIoEventLoopGroup-3-3,10,main] (event-loop arena buffers are thread confined)
	at io.netty.buffer.CycleArenaAllocator$ArenaBuf.violation(CycleArenaAllocator.java:1279)
	at io.netty.buffer.CycleArenaAllocator$ArenaBuf.retain(CycleArenaAllocator.java:1182)
	at io.netty.buffer.AbstractDerivedByteBuf.retain0(AbstractDerivedByteBuf.java:58)
	at io.netty.buffer.AbstractDerivedByteBuf.retain(AbstractDerivedByteBuf.java:54)
	at io.netty.channel.uring.IoUringSocketChannel$IoUringSocketUnsafe.handleWriteCompleteZeroCopy(IoUringSocketChannel.java:220)
	at io.netty.channel.uring.IoUringSocketChannel$IoUringSocketUnsafe.writeComplete0(IoUringSocketChannel.java:186)
	at io.netty.channel.uring.AbstractIoUringChannel$AbstractUringUnsafe.writeComplete(AbstractIoUringChannel.java:1003)
	at io.netty.channel.uring.AbstractIoUringChannel$AbstractUringUnsafe.handle(AbstractIoUringChannel.java:474)
	at io.netty.channel.uring.IoUringIoHandler$DefaultIoUringIoRegistration.handle(IoUringIoHandler.java:705)
	at io.netty.channel.uring.IoUringIoHandler.handleFastPath(IoUringIoHandler.java:318)
	at io.netty.channel.uring.IoUringIoHandler.handle(IoUringIoHandler.java:298)
	at io.netty.channel.uring.CompletionQueue.process(CompletionQueue.java:151)
	at io.netty.channel.uring.IoUringIoHandler.processCompletionsAndHandleOverflow(IoUringIoHandler.java:213)
	at io.netty.channel.uring.IoUringIoHandler.run(IoUringIoHandler.java:188)
	at io.netty.channel.SingleThreadIoEventLoop.runIo(SingleThreadIoEventLoop.java:225)
	at io.netty.channel.SingleThreadIoEventLoop.run(SingleThreadIoEventLoop.java:196)
	at io.netty.util.concurrent.SingleThreadEventExecutor$5.run(SingleThreadEventExecutor.java:1204)
	at io.netty.util.internal.ThreadExecutorMap$2.run(ThreadExecutorMap.java:74)
	at io.netty.util.concurrent.FastThreadLocalRunnable.run(FastThreadLocalRunnable.java:30)
	at java.base/java.lang.Thread.run(Thread.java:1583)
00:06:30.907 [multiThreadIoEventLoopGroup-3-1] WARN  i.n.channel.uring.IoUringIoHandler - Unexpected exception in the IO event loop.
java.lang.IllegalStateException: arena buffer of Thread[#31,multiThreadIoEventLoopGroup-4-2,10,main] touched from Thread[#26,multiThreadIoEventLoopGroup-3-1,10,main] (event-loop arena buffers are thread confined)
	at io.netty.buffer.CycleArenaAllocator$ArenaBuf.violation(CycleArenaAllocator.java:1279)
	at io.netty.buffer.CycleArenaAllocator$ArenaBuf.retain(CycleArenaAllocator.java:1182)
	at io.netty.buffer.AbstractDerivedByteBuf.retain0(AbstractDerivedByteBuf.java:58)
	at io.netty.buffer.AbstractDerivedByteBuf.retain(AbstractDerivedByteBuf.java:54)
	at io.netty.channel.uring.IoUringSocketChannel$IoUringSocketUnsafe.handleWriteCompleteZeroCopy(IoUringSocketChannel.java:220)
	at io.netty.channel.uring.IoUringSocketChannel$IoUringSocketUnsafe.writeComplete0(IoUringSocketChannel.java:186)
	at io.netty.channel.uring.AbstractIoUringChannel$AbstractUringUnsafe.writeComplete(AbstractIoUringChannel.java:1003)
	at io.netty.channel.uring.AbstractIoUringChannel$AbstractUringUnsafe.handle(AbstractIoUringChannel.java:474)
	at io.netty.channel.uring.IoUringIoHandler$DefaultIoUringIoRegistration.handle(IoUringIoHandler.java:705)
	at io.netty.channel.uring.IoUringIoHandler.handleFastPath(IoUringIoHandler.java:318)
	at io.netty.channel.uring.IoUringIoHandler.handle(IoUringIoHandler.java:298)
	at io.netty.channel.uring.CompletionQueue.process(CompletionQueue.java:151)
	at io.netty.channel.uring.IoUringIoHandler.processCompletionsAndHandleOverflow(IoUringIoHandler.java:213)
	at io.netty.channel.uring.IoUringIoHandler.run(IoUringIoHandler.java:188)
	at io.netty.channel.SingleThreadIoEventLoop.runIo(SingleThreadIoEventLoop.java:225)
	at io.netty.channel.SingleThreadIoEventLoop.run(SingleThreadIoEventLoop.java:196)
	at io.netty.util.concurrent.SingleThreadEventExecutor$5.run(SingleThreadEventExecutor.java:1204)
	at io.netty.util.internal.ThreadExecutorMap$2.run(ThreadExecutorMap.java:74)
	at io.netty.util.concurrent.FastThreadLocalRunnable.run(FastThreadLocalRunnable.java:30)
	at java.base/java.lang.Thread.run(Thread.java:1583)
00:06:30.907 [multiThreadIoEventLoopGroup-3-4] WARN  i.n.channel.uring.IoUringIoHandler - Unexpected exception in the IO event loop.
java.lang.IllegalStateException: arena buffer of Thread[#30,multiThreadIoEventLoopGroup-4-1,10,main] touched from Thread[#29,multiThreadIoEventLoopGroup-3-4,10,main] (event-loop arena buffers are thread confined)
	at io.netty.buffer.CycleArenaAllocator$ArenaBuf.violation(CycleArenaAllocator.java:1279)
	at io.netty.buffer.CycleArenaAllocator$ArenaBuf.retain(CycleArenaAllocator.java:1182)
	at io.netty.buffer.AbstractDerivedByteBuf.retain0(AbstractDerivedByteBuf.java:58)
	at io.netty.buffer.AbstractDerivedByteBuf.retain(AbstractDerivedByteBuf.java:54)
	at io.netty.channel.uring.IoUringSocketChannel$IoUringSocketUnsafe.handleWriteCompleteZeroCopy(IoUringSocketChannel.java:220)
	at io.netty.channel.uring.IoUringSocketChannel$IoUringSocketUnsafe.writeComplete0(IoUringSocketChannel.java:186)
	at io.netty.channel.uring.AbstractIoUringChannel$AbstractUringUnsafe.writeComplete(AbstractIoUringChannel.java:1003)
	at io.netty.channel.uring.AbstractIoUringChannel$AbstractUringUnsafe.handle(AbstractIoUringChannel.java:474)
	at io.netty.channel.uring.IoUringIoHandler$DefaultIoUringIoRegistration.handle(IoUringIoHandler.java:705)
	at io.netty.channel.uring.IoUringIoHandler.handleFastPath(IoUringIoHandler.java:318)
	at io.netty.channel.uring.IoUringIoHandler.handle(IoUringIoHandler.java:298)
	at io.netty.channel.uring.CompletionQueue.process(CompletionQueue.java:151)
	at io.netty.channel.uring.IoUringIoHandler.processCompletionsAndHandleOverflow(IoUringIoHandler.java:213)
	at io.netty.channel.uring.IoUringIoHandler.run(IoUringIoHandler.java:188)
	at io.netty.channel.SingleThreadIoEventLoop.runIo(SingleThreadIoEventLoop.java:225)
	at io.netty.channel.SingleThreadIoEventLoop.run(SingleThreadIoEventLoop.java:196)
	at io.netty.util.concurrent.SingleThreadEventExecutor$5.run(SingleThreadEventExecutor.java:1204)
	at io.netty.util.internal.ThreadExecutorMap$2.run(ThreadExecutorMap.java:74)
	at io.netty.util.concurrent.FastThreadLocalRunnable.run(FastThreadLocalRunnable.java:30)
	at java.base/java.lang.Thread.run(Thread.java:1583)
00:06:30.907 [multiThreadIoEventLoopGroup-3-2] WARN  i.n.channel.uring.IoUringIoHandler - Unexpected exception in the IO event loop.
java.lang.IllegalStateException: arena buffer of Thread[#32,multiThreadIoEventLoopGroup-4-3,10,main] touched from Thread[#27,multiThreadIoEventLoopGroup-3-2,10,main] (event-loop arena buffers are thread confined)
	at io.netty.buffer.CycleArenaAllocator$ArenaBuf.violation(CycleArenaAllocator.java:1279)
	at io.netty.buffer.CycleArenaAllocator$ArenaBuf.retain(CycleArenaAllocator.java:1182)
	at io.netty.buffer.AbstractDerivedByteBuf.retain0(AbstractDerivedByteBuf.java:58)
	at io.netty.buffer.AbstractDerivedByteBuf.retain(AbstractDerivedByteBuf.java:54)
	at io.netty.channel.uring.IoUringSocketChannel$IoUringSocketUnsafe.handleWriteCompleteZeroCopy(IoUringSocketChannel.java:220)
	at io.netty.channel.uring.IoUringSocketChannel$IoUringSocketUnsafe.writeComplete0(IoUringSocketChannel.java:186)
	at io.netty.channel.uring.AbstractIoUringChannel$AbstractUringUnsafe.writeComplete(AbstractIoUringChannel.java:1003)
	at io.netty.channel.uring.AbstractIoUringChannel$AbstractUringUnsafe.handle(AbstractIoUringChannel.java:474)
	at io.netty.channel.uring.IoUringIoHandler$DefaultIoUringIoRegistration.handle(IoUringIoHandler.java:705)
	at io.netty.channel.uring.IoUringIoHandler.handleFastPath(IoUringIoHandler.java:318)
	at io.netty.channel.uring.IoUringIoHandler.handle(IoUringIoHandler.java:298)
	at io.netty.channel.uring.CompletionQueue.process(CompletionQueue.java:151)
	at io.netty.channel.uring.IoUringIoHandler.processCompletionsAndHandleOverflow(IoUringIoHandler.java:213)
	at io.netty.channel.uring.IoUringIoHandler.run(IoUringIoHandler.java:188)
	at io.netty.channel.SingleThreadIoEventLoop.runIo(SingleThreadIoEventLoop.java:225)
	at io.netty.channel.SingleThreadIoEventLoop.run(SingleThreadIoEventLoop.java:196)
	at io.netty.util.concurrent.SingleThreadEventExecutor$5.run(SingleThreadEventExecutor.java:1204)
	at io.netty.util.internal.ThreadExecutorMap$2.run(ThreadExecutorMap.java:74)
	at io.netty.util.concurrent.FastThreadLocalRunnable.run(FastThreadLocalRunnable.java:30)
	at java.base/java.lang.Thread.run(Thread.java:1583)
00:06:30.908 [multiThreadIoEventLoopGroup-4-4] WARN  io.netty.util.ReferenceCountUtil - Failed to release a message: UnpooledSlicedByteBuf(ridx: 0, widx: 3997, cap: 3997/3997, unwrapped: CycleArenaAllocator$ArenaBuf(ridx: 0, widx: 8192, cap: 8192))
java.lang.IllegalStateException: arena buffer of Thread[#29,multiThreadIoEventLoopGroup-3-4,10,main] touched from Thread[#33,multiThreadIoEventLoopGroup-4-4,10,main] (event-loop arena buffers are thread confined)
	at io.netty.buffer.CycleArenaAllocator$ArenaBuf.violation(CycleArenaAllocator.java:1279)
	at io.netty.buffer.CycleArenaAllocator$ArenaBuf.release(CycleArenaAllocator.java:1208)
	at io.netty.buffer.AbstractDerivedByteBuf.release0(AbstractDerivedByteBuf.java:98)
	at io.netty.buffer.AbstractDerivedByteBuf.release(AbstractDerivedByteBuf.java:94)
	at io.netty.util.ReferenceCountUtil.release(ReferenceCountUtil.java:90)
	at io.netty.util.ReferenceCountUtil.safeRelease(ReferenceCountUtil.java:116)
	at io.netty.channel.ChannelOutboundBuffer.remove(ChannelOutboundBuffer.java:300)
	at io.netty.channel.ChannelOutboundBuffer.removeBytes(ChannelOutboundBuffer.java:382)
	at io.netty.channel.uring.AbstractIoUringStreamChannel$IoUringStreamUnsafe.writeComplete0(AbstractIoUringStreamChannel.java:692)
	at io.netty.channel.uring.IoUringSocketChannel$IoUringSocketUnsafe.writeComplete0(IoUringSocketChannel.java:188)
	at io.netty.channel.uring.AbstractIoUringChannel$AbstractUringUnsafe.writeComplete(AbstractIoUringChannel.java:1003)
	at io.netty.channel.uring.AbstractIoUringChannel$AbstractUringUnsafe.handle(AbstractIoUringChannel.java:474)
	at io.netty.channel.uring.IoUringIoHandler$DefaultIoUringIoRegistration.handle(IoUringIoHandler.java:705)
	at io.netty.channel.uring.IoUringIoHandler.handleFastPath(IoUringIoHandler.java:318)
	at io.netty.channel.uring.IoUringIoHandler.handle(IoUringIoHandler.java:298)
	at io.netty.channel.uring.CompletionQueue.process(CompletionQueue.java:151)
	at io.netty.channel.uring.IoUringIoHandler.processCompletionsAndHandleOverflow(IoUringIoHandler.java:213)
	at io.netty.channel.uring.IoUringIoHandler.run(IoUringIoHandler.java:188)
	at io.netty.channel.SingleThreadIoEventLoop.runIo(SingleThreadIoEventLoop.java:225)
	at io.netty.channel.SingleThreadIoEventLoop.run(SingleThreadIoEventLoop.java:196)
	at io.netty.util.concurrent.SingleThreadEventExecutor$5.run(SingleThreadEventExecutor.java:1204)
	at io.netty.util.internal.ThreadExecutorMap$2.run(ThreadExecutorMap.java:74)
	at io.netty.util.concurrent.FastThreadLocalRunnable.run(FastThreadLocalRunnable.java:30)
	at java.base/java.lang.Thread.run(Thread.java:1583)
00:06:30.908 [multiThreadIoEventLoopGroup-4-2] WARN  io.netty.util.ReferenceCountUtil - Failed to release a message: UnpooledSlicedByteBuf(ridx: 0, widx: 3997, cap: 3997/3997, unwrapped: CycleArenaAllocator$ArenaBuf(ridx: 0, widx: 8192, cap: 8192))
java.lang.IllegalStateException: arena buffer of Thread[#27,multiThreadIoEventLoopGroup-3-2,10,main] touched from Thread[#31,multiThreadIoEventLoopGroup-4-2,10,main] (event-loop arena buffers are thread confined)
	at io.netty.buffer.CycleArenaAllocator$ArenaBuf.violation(CycleArenaAllocator.java:1279)
	at io.netty.buffer.CycleArenaAllocator$ArenaBuf.release(CycleArenaAllocator.java:1208)
	at io.netty.buffer.AbstractDerivedByteBuf.release0(AbstractDerivedByteBuf.java:98)
	at io.netty.buffer.AbstractDerivedByteBuf.release(AbstractDerivedByteBuf.java:94)
	at io.netty.util.ReferenceCountUtil.release(ReferenceCountUtil.java:90)
	at io.netty.util.ReferenceCountUtil.safeRelease(ReferenceCountUtil.java:116)
	at io.netty.channel.ChannelOutboundBuffer.remove(ChannelOutboundBuffer.java:300)
	at io.netty.channel.ChannelOutboundBuffer.removeBytes(ChannelOutboundBuffer.java:382)
	at io.netty.channel.uring.AbstractIoUringStreamChannel$IoUringStreamUnsafe.writeComplete0(AbstractIoUringStreamChannel.java:692)
	at io.netty.channel.uring.IoUringSocketChannel$IoUringSocketUnsafe.writeComplete0(IoUringSocketChannel.java:188)
	at io.netty.channel.uring.AbstractIoUringChannel$AbstractUringUnsafe.writeComplete(AbstractIoUringChannel.java:1003)
	at io.netty.channel.uring.AbstractIoUringChannel$AbstractUringUnsafe.handle(AbstractIoUringChannel.java:474)
	at io.netty.channel.uring.IoUringIoHandler$DefaultIoUringIoRegistration.handle(IoUringIoHandler.java:705)
	at io.netty.channel.uring.IoUringIoHandler.handleFastPath(IoUringIoHandler.java:318)
	at io.netty.channel.uring.IoUringIoHandler.handle(IoUringIoHandler.java:298)
	at io.netty.channel.uring.CompletionQueue.process(CompletionQueue.java:151)
	at io.netty.channel.uring.IoUringIoHandler.processCompletionsAndHandleOverflow(IoUringIoHandler.java:213)
	at io.netty.channel.uring.IoUringIoHandler.run(IoUringIoHandler.java:188)
	at io.netty.channel.SingleThreadIoEventLoop.runIo(SingleThreadIoEventLoop.java:225)
	at io.netty.channel.SingleThreadIoEventLoop.run(SingleThreadIoEventLoop.java:196)
	at io.netty.util.concurrent.SingleThreadEventExecutor$5.run(SingleThreadEventExecutor.java:1204)
	at io.netty.util.internal.ThreadExecutorMap$2.run(ThreadExecutorMap.java:74)
	at io.netty.util.concurrent.FastThreadLocalRunnable.run(FastThreadLocalRunnable.java:30)
	at java.base/java.lang.Thread.run(Thread.java:1583)
00:06:30.908 [multiThreadIoEventLoopGroup-4-1] WARN  io.netty.util.ReferenceCountUtil - Failed to release a message: UnpooledSlicedByteBuf(ridx: 0, widx: 3997, cap: 3997/3997, unwrapped: CycleArenaAllocator$ArenaBuf(ridx: 0, widx: 8192, cap: 8192))
java.lang.IllegalStateException: arena buffer of Thread[#26,multiThreadIoEventLoopGroup-3-1,10,main] touched from Thread[#30,multiThreadIoEventLoopGroup-4-1,10,main] (event-loop arena buffers are thread confined)
	at io.netty.buffer.CycleArenaAllocator$ArenaBuf.violation(CycleArenaAllocator.java:1279)
	at io.netty.buffer.CycleArenaAllocator$ArenaBuf.release(CycleArenaAllocator.java:1208)
	at io.netty.buffer.AbstractDerivedByteBuf.release0(AbstractDerivedByteBuf.java:98)
	at io.netty.buffer.AbstractDerivedByteBuf.release(AbstractDerivedByteBuf.java:94)
	at io.netty.util.ReferenceCountUtil.release(ReferenceCountUtil.java:90)
	at io.netty.util.ReferenceCountUtil.safeRelease(ReferenceCountUtil.java:116)
	at io.netty.channel.ChannelOutboundBuffer.remove(ChannelOutboundBuffer.java:300)
	at io.netty.channel.ChannelOutboundBuffer.removeBytes(ChannelOutboundBuffer.java:382)
	at io.netty.channel.uring.AbstractIoUringStreamChannel$IoUringStreamUnsafe.writeComplete0(AbstractIoUringStreamChannel.java:692)
	at io.netty.channel.uring.IoUringSocketChannel$IoUringSocketUnsafe.writeComplete0(IoUringSocketChannel.java:188)
	at io.netty.channel.uring.AbstractIoUringChannel$AbstractUringUnsafe.writeComplete(AbstractIoUringChannel.java:1003)
	at io.netty.channel.uring.AbstractIoUringChannel$AbstractUringUnsafe.handle(AbstractIoUringChannel.java:474)
	at io.netty.channel.uring.IoUringIoHandler$DefaultIoUringIoRegistration.handle(IoUringIoHandler.java:705)
	at io.netty.channel.uring.IoUringIoHandler.handleFastPath(IoUringIoHandler.java:318)
	at io.netty.channel.uring.IoUringIoHandler.handle(IoUringIoHandler.java:298)
	at io.netty.channel.uring.CompletionQueue.process(CompletionQueue.java:151)
	at io.netty.channel.uring.IoUringIoHandler.processCompletionsAndHandleOverflow(IoUringIoHandler.java:213)
	at io.netty.channel.uring.IoUringIoHandler.run(IoUringIoHandler.java:188)
	at io.netty.channel.SingleThreadIoEventLoop.runIo(SingleThreadIoEventLoop.java:225)
	at io.netty.channel.SingleThreadIoEventLoop.run(SingleThreadIoEventLoop.java:196)
	at io.netty.util.concurrent.SingleThreadEventExecutor$5.run(SingleThreadEventExecutor.java:1204)
	at io.netty.util.internal.ThreadExecutorMap$2.run(ThreadExecutorMap.java:74)
	at io.netty.util.concurrent.FastThreadLocalRunnable.run(FastThreadLocalRunnable.java:30)
	at java.base/java.lang.Thread.run(Thread.java:1583)
00:06:30.908 [multiThreadIoEventLoopGroup-4-3] WARN  io.netty.util.ReferenceCountUtil - Failed to release a message: UnpooledSlicedByteBuf(ridx: 0, widx: 3997, cap: 3997/3997, unwrapped: CycleArenaAllocator$ArenaBuf(ridx: 0, widx: 8192, cap: 8192))
java.lang.IllegalStateException: arena buffer of Thread[#28,multiThreadIoEventLoopGroup-3-3,10,main] touched from Thread[#32,multiThreadIoEventLoopGroup-4-3,10,main] (event-loop arena buffers are thread confined)
	at io.netty.buffer.CycleArenaAllocator$ArenaBuf.violation(CycleArenaAllocator.java:1279)
	at io.netty.buffer.CycleArenaAllocator$ArenaBuf.release(CycleArenaAllocator.java:1208)
	at io.netty.buffer.AbstractDerivedByteBuf.release0(AbstractDerivedByteBuf.java:98)
	at io.netty.buffer.AbstractDerivedByteBuf.release(AbstractDerivedByteBuf.java:94)
	at io.netty.util.ReferenceCountUtil.release(ReferenceCountUtil.java:90)
	at io.netty.util.ReferenceCountUtil.safeRelease(ReferenceCountUtil.java:116)
	at io.netty.channel.ChannelOutboundBuffer.remove(ChannelOutboundBuffer.java:300)
	at io.netty.channel.ChannelOutboundBuffer.removeBytes(ChannelOutboundBuffer.java:382)
	at io.netty.channel.uring.AbstractIoUringStreamChannel$IoUringStreamUnsafe.writeComplete0(AbstractIoUringStreamChannel.java:692)
	at io.netty.channel.uring.IoUringSocketChannel$IoUringSocketUnsafe.writeComplete0(IoUringSocketChannel.java:188)
	at io.netty.channel.uring.AbstractIoUringChannel$AbstractUringUnsafe.writeComplete(AbstractIoUringChannel.java:1003)
	at io.netty.channel.uring.AbstractIoUringChannel$AbstractUringUnsafe.handle(AbstractIoUringChannel.java:474)
	at io.netty.channel.uring.IoUringIoHandler$DefaultIoUringIoRegistration.handle(IoUringIoHandler.java:705)
	at io.netty.channel.uring.IoUringIoHandler.handleFastPath(IoUringIoHandler.java:318)
	at io.netty.channel.uring.IoUringIoHandler.handle(IoUringIoHandler.java:298)
	at io.netty.channel.uring.CompletionQueue.process(CompletionQueue.java:151)
	at io.netty.channel.uring.IoUringIoHandler.processCompletionsAndHandleOverflow(IoUringIoHandler.java:213)
	at io.netty.channel.uring.IoUringIoHandler.run(IoUringIoHandler.java:188)
	at io.netty.channel.SingleThreadIoEventLoop.runIo(SingleThreadIoEventLoop.java:225)
	at io.netty.channel.SingleThreadIoEventLoop.run(SingleThreadIoEventLoop.java:196)
	at io.netty.util.concurrent.SingleThreadEventExecutor$5.run(SingleThreadEventExecutor.java:1204)
	at io.netty.util.internal.ThreadExecutorMap$2.run(ThreadExecutorMap.java:74)
	at io.netty.util.concurrent.FastThreadLocalRunnable.run(FastThreadLocalRunnable.java:30)
	at java.base/java.lang.Thread.run(Thread.java:1583)
00:06:30.909 [multiThreadIoEventLoopGroup-4-3] WARN  i.n.channel.uring.IoUringIoHandler - Unexpected exception in the IO event loop.
java.lang.IllegalStateException: arena buffer of Thread[#28,multiThreadIoEventLoopGroup-3-3,10,main] touched from Thread[#32,multiThreadIoEventLoopGroup-4-3,10,main] (event-loop arena buffers are thread confined)
	at io.netty.buffer.CycleArenaAllocator$ArenaBuf.violation(CycleArenaAllocator.java:1279)
	at io.netty.buffer.CycleArenaAllocator$ArenaBuf.retain(CycleArenaAllocator.java:1182)
	at io.netty.buffer.AbstractDerivedByteBuf.retain0(AbstractDerivedByteBuf.java:58)
	at io.netty.buffer.AbstractDerivedByteBuf.retain(AbstractDerivedByteBuf.java:54)
	at io.netty.channel.uring.IoUringSocketChannel$IoUringSocketUnsafe.handleWriteCompleteZeroCopy(IoUringSocketChannel.java:220)
	at io.netty.channel.uring.IoUringSocketChannel$IoUringSocketUnsafe.writeComplete0(IoUringSocketChannel.java:186)
	at io.netty.channel.uring.AbstractIoUringChannel$AbstractUringUnsafe.writeComplete(AbstractIoUringChannel.java:1003)
	at io.netty.channel.uring.AbstractIoUringChannel$AbstractUringUnsafe.handle(AbstractIoUringChannel.java:474)
	at io.netty.channel.uring.IoUringIoHandler$DefaultIoUringIoRegistration.handle(IoUringIoHandler.java:705)
	at io.netty.channel.uring.IoUringIoHandler.handleFastPath(IoUringIoHandler.java:318)
	at io.netty.channel.uring.IoUringIoHandler.handle(IoUringIoHandler.java:298)
	at io.netty.channel.uring.CompletionQueue.process(CompletionQueue.java:151)
	at io.netty.channel.uring.IoUringIoHandler.processCompletionsAndHandleOverflow(IoUringIoHandler.java:213)
	at io.netty.channel.uring.IoUringIoHandler.run(IoUringIoHandler.java:188)
	at io.netty.channel.SingleThreadIoEventLoop.runIo(SingleThreadIoEventLoop.java:225)
	at io.netty.channel.SingleThreadIoEventLoop.run(SingleThreadIoEventLoop.java:196)
	at io.netty.util.concurrent.SingleThreadEventExecutor$5.run(SingleThreadEventExecutor.java:1204)
	at io.netty.util.internal.ThreadExecutorMap$2.run(ThreadExecutorMap.java:74)
	at io.netty.util.concurrent.FastThreadLocalRunnable.run(FastThreadLocalRunnable.java:30)
	at java.base/java.lang.Thread.run(Thread.java:1583)
00:06:30.909 [multiThreadIoEventLoopGroup-4-1] WARN  i.n.channel.uring.IoUringIoHandler - Unexpected exception in the IO event loop.
java.lang.IllegalStateException: arena buffer of Thread[#27,multiThreadIoEventLoopGroup-3-2,10,main] touched from Thread[#30,multiThreadIoEventLoopGroup-4-1,10,main] (event-loop arena buffers are thread confined)
	at io.netty.buffer.CycleArenaAllocator$ArenaBuf.violation(CycleArenaAllocator.java:1279)
	at io.netty.buffer.CycleArenaAllocator$ArenaBuf.retain(CycleArenaAllocator.java:1182)
	at io.netty.buffer.AbstractDerivedByteBuf.retain0(AbstractDerivedByteBuf.java:58)
	at io.netty.buffer.AbstractDerivedByteBuf.retain(AbstractDerivedByteBuf.java:54)
	at io.netty.channel.uring.IoUringSocketChannel$IoUringSocketUnsafe.handleWriteCompleteZeroCopy(IoUringSocketChannel.java:220)
	at io.netty.channel.uring.IoUringSocketChannel$IoUringSocketUnsafe.writeComplete0(IoUringSocketChannel.java:186)
	at io.netty.channel.uring.AbstractIoUringChannel$AbstractUringUnsafe.writeComplete(AbstractIoUringChannel.java:1003)
	at io.netty.channel.uring.AbstractIoUringChannel$AbstractUringUnsafe.handle(AbstractIoUringChannel.java:474)
	at io.netty.channel.uring.IoUringIoHandler$DefaultIoUringIoRegistration.handle(IoUringIoHandler.java:705)
	at io.netty.channel.uring.IoUringIoHandler.handleFastPath(IoUringIoHandler.java:318)
	at io.netty.channel.uring.IoUringIoHandler.handle(IoUringIoHandler.java:298)
	at io.netty.channel.uring.CompletionQueue.process(CompletionQueue.java:151)
	at io.netty.channel.uring.IoUringIoHandler.processCompletionsAndHandleOverflow(IoUringIoHandler.java:213)
	at io.netty.channel.uring.IoUringIoHandler.run(IoUringIoHandler.java:188)
	at io.netty.channel.SingleThreadIoEventLoop.runIo(SingleThreadIoEventLoop.java:225)
	at io.netty.channel.SingleThreadIoEventLoop.run(SingleThreadIoEventLoop.java:196)
	at io.netty.util.concurrent.SingleThreadEventExecutor$5.run(SingleThreadEventExecutor.java:1204)
	at io.netty.util.internal.ThreadExecutorMap$2.run(ThreadExecutorMap.java:74)
	at io.netty.util.concurrent.FastThreadLocalRunnable.run(FastThreadLocalRunnable.java:30)
	at java.base/java.lang.Thread.run(Thread.java:1583)
00:06:30.909 [multiThreadIoEventLoopGroup-4-4] WARN  i.n.channel.uring.IoUringIoHandler - Unexpected exception in the IO event loop.
java.lang.IllegalStateException: arena buffer of Thread[#29,multiThreadIoEventLoopGroup-3-4,10,main] touched from Thread[#33,multiThreadIoEventLoopGroup-4-4,10,main] (event-loop arena buffers are thread confined)
	at io.netty.buffer.CycleArenaAllocator$ArenaBuf.violation(CycleArenaAllocator.java:1279)
	at io.netty.buffer.CycleArenaAllocator$ArenaBuf.retain(CycleArenaAllocator.java:1182)
	at io.netty.buffer.AbstractDerivedByteBuf.retain0(AbstractDerivedByteBuf.java:58)
	at io.netty.buffer.AbstractDerivedByteBuf.retain(AbstractDerivedByteBuf.java:54)
	at io.netty.channel.uring.IoUringSocketChannel$IoUringSocketUnsafe.handleWriteCompleteZeroCopy(IoUringSocketChannel.java:220)
	at io.netty.channel.uring.IoUringSocketChannel$IoUringSocketUnsafe.writeComplete0(IoUringSocketChannel.java:186)
	at io.netty.channel.uring.AbstractIoUringChannel$AbstractUringUnsafe.writeComplete(AbstractIoUringChannel.java:1003)
	at io.netty.channel.uring.AbstractIoUringChannel$AbstractUringUnsafe.handle(AbstractIoUringChannel.java:474)
	at io.netty.channel.uring.IoUringIoHandler$DefaultIoUringIoRegistration.handle(IoUringIoHandler.java:705)
	at io.netty.channel.uring.IoUringIoHandler.handleFastPath(IoUringIoHandler.java:318)
	at io.netty.channel.uring.IoUringIoHandler.handle(IoUringIoHandler.java:298)
	at io.netty.channel.uring.CompletionQueue.process(CompletionQueue.java:151)
	at io.netty.channel.uring.IoUringIoHandler.processCompletionsAndHandleOverflow(IoUringIoHandler.java:213)
	at io.netty.channel.uring.IoUringIoHandler.run(IoUringIoHandler.java:188)
	at io.netty.channel.SingleThreadIoEventLoop.runIo(SingleThreadIoEventLoop.java:225)
	at io.netty.channel.SingleThreadIoEventLoop.run(SingleThreadIoEventLoop.java:196)
	at io.netty.util.concurrent.SingleThreadEventExecutor$5.run(SingleThreadEventExecutor.java:1204)
	at io.netty.util.internal.ThreadExecutorMap$2.run(ThreadExecutorMap.java:74)
	at io.netty.util.concurrent.FastThreadLocalRunnable.run(FastThreadLocalRunnable.java:30)
	at java.base/java.lang.Thread.run(Thread.java:1583)
00:06:30.909 [multiThreadIoEventLoopGroup-4-2] WARN  i.n.channel.uring.IoUringIoHandler - Unexpected exception in the IO event loop.
java.lang.IllegalStateException: arena buffer of Thread[#26,multiThreadIoEventLoopGroup-3-1,10,main] touched from Thread[#31,multiThreadIoEventLoopGroup-4-2,10,main] (event-loop arena buffers are thread confined)
	at io.netty.buffer.CycleArenaAllocator$ArenaBuf.violation(CycleArenaAllocator.java:1279)
	at io.netty.buffer.CycleArenaAllocator$ArenaBuf.retain(CycleArenaAllocator.java:1182)
	at io.netty.buffer.AbstractDerivedByteBuf.retain0(AbstractDerivedByteBuf.java:58)
	at io.netty.buffer.AbstractDerivedByteBuf.retain(AbstractDerivedByteBuf.java:54)
	at io.netty.channel.uring.IoUringSocketChannel$IoUringSocketUnsafe.handleWriteCompleteZeroCopy(IoUringSocketChannel.java:220)
	at io.netty.channel.uring.IoUringSocketChannel$IoUringSocketUnsafe.writeComplete0(IoUringSocketChannel.java:186)
	at io.netty.channel.uring.AbstractIoUringChannel$AbstractUringUnsafe.writeComplete(AbstractIoUringChannel.java:1003)
	at io.netty.channel.uring.AbstractIoUringChannel$AbstractUringUnsafe.handle(AbstractIoUringChannel.java:474)
	at io.netty.channel.uring.IoUringIoHandler$DefaultIoUringIoRegistration.handle(IoUringIoHandler.java:705)
	at io.netty.channel.uring.IoUringIoHandler.handleFastPath(IoUringIoHandler.java:318)
	at io.netty.channel.uring.IoUringIoHandler.handle(IoUringIoHandler.java:298)
	at io.netty.channel.uring.CompletionQueue.process(CompletionQueue.java:151)
	at io.netty.channel.uring.IoUringIoHandler.processCompletionsAndHandleOverflow(IoUringIoHandler.java:213)
	at io.netty.channel.uring.IoUringIoHandler.run(IoUringIoHandler.java:188)
	at io.netty.channel.SingleThreadIoEventLoop.runIo(SingleThreadIoEventLoop.java:225)
	at io.netty.channel.SingleThreadIoEventLoop.run(SingleThreadIoEventLoop.java:196)
	at io.netty.util.concurrent.SingleThreadEventExecutor$5.run(SingleThreadEventExecutor.java:1204)
	at io.netty.util.internal.ThreadExecutorMap$2.run(ThreadExecutorMap.java:74)
	at io.netty.util.concurrent.FastThreadLocalRunnable.run(FastThreadLocalRunnable.java:30)
	at java.base/java.lang.Thread.run(Thread.java:1583)
00:06:31.007 [multiThreadIoEventLoopGroup-3-2] WARN  i.n.channel.uring.IoUringIoHandler - Unexpected exception in the IO event loop.
java.lang.IllegalStateException: arena buffer of Thread[#32,multiThreadIoEventLoopGroup-4-3,10,main] touched from Thread[#27,multiThreadIoEventLoopGroup-3-2,10,main] (event-loop arena buffers are thread confined)
	at io.netty.buffer.CycleArenaAllocator$ArenaBuf.violation(CycleArenaAllocator.java:1279)
	at io.netty.buffer.CycleArenaAllocator$ArenaBuf.release(CycleArenaAllocator.java:1208)
	at io.netty.buffer.AbstractDerivedByteBuf.release0(AbstractDerivedByteBuf.java:98)
	at io.netty.buffer.AbstractDerivedByteBuf.release(AbstractDerivedByteBuf.java:94)
	at io.netty.channel.uring.IoUringSocketChannel$IoUringSocketUnsafe.handleWriteCompleteZeroCopy(IoUringSocketChannel.java:289)
	at io.netty.channel.uring.IoUringSocketChannel$IoUringSocketUnsafe.writeComplete0(IoUringSocketChannel.java:186)
	at io.netty.channel.uring.AbstractIoUringChannel$AbstractUringUnsafe.writeComplete(AbstractIoUringChannel.java:1003)
	at io.netty.channel.uring.AbstractIoUringChannel$AbstractUringUnsafe.handle(AbstractIoUringChannel.java:474)
	at io.netty.channel.uring.IoUringIoHandler$DefaultIoUringIoRegistration.handle(IoUringIoHandler.java:705)
	at io.netty.channel.uring.IoUringIoHandler.handleFastPath(IoUringIoHandler.java:318)
	at io.netty.channel.uring.IoUringIoHandler.handle(IoUringIoHandler.java:298)
	at io.netty.channel.uring.CompletionQueue.process(CompletionQueue.java:151)
	at io.netty.channel.uring.IoUringIoHandler.processCompletionsAndHandleOverflow(IoUringIoHandler.java:213)
	at io.netty.channel.uring.IoUringIoHandler.run(IoUringIoHandler.java:188)
	at io.netty.channel.SingleThreadIoEventLoop.runIo(SingleThreadIoEventLoop.java:225)
	at io.netty.channel.SingleThreadIoEventLoop.run(SingleThreadIoEventLoop.java:196)
	at io.netty.util.concurrent.SingleThreadEventExecutor$5.run(SingleThreadEventExecutor.java:1204)
	at io.netty.util.internal.ThreadExecutorMap$2.run(ThreadExecutorMap.java:74)
	at io.netty.util.concurrent.FastThreadLocalRunnable.run(FastThreadLocalRunnable.java:30)
	at java.base/java.lang.Thread.run(Thread.java:1583)
00:06:31.007 [multiThreadIoEventLoopGroup-3-3] WARN  i.n.channel.uring.IoUringIoHandler - Unexpected exception in the IO event loop.
java.lang.IllegalStateException: arena buffer of Thread[#33,multiThreadIoEventLoopGroup-4-4,10,main] touched from Thread[#28,multiThreadIoEventLoopGroup-3-3,10,main] (event-loop arena buffers are thread confined)
	at io.netty.buffer.CycleArenaAllocator$ArenaBuf.violation(CycleArenaAllocator.java:1279)
	at io.netty.buffer.CycleArenaAllocator$ArenaBuf.release(CycleArenaAllocator.java:1208)
	at io.netty.buffer.AbstractDerivedByteBuf.release0(AbstractDerivedByteBuf.java:98)
	at io.netty.buffer.AbstractDerivedByteBuf.release(AbstractDerivedByteBuf.java:94)
	at io.netty.channel.uring.IoUringSocketChannel$IoUringSocketUnsafe.handleWriteCompleteZeroCopy(IoUringSocketChannel.java:289)
	at io.netty.channel.uring.IoUringSocketChannel$IoUringSocketUnsafe.writeComplete0(IoUringSocketChannel.java:186)
	at io.netty.channel.uring.AbstractIoUringChannel$AbstractUringUnsafe.writeComplete(AbstractIoUringChannel.java:1003)
	at io.netty.channel.uring.AbstractIoUringChannel$AbstractUringUnsafe.handle(AbstractIoUringChannel.java:474)
	at io.netty.channel.uring.IoUringIoHandler$DefaultIoUringIoRegistration.handle(IoUringIoHandler.java:705)
	at io.netty.channel.uring.IoUringIoHandler.handleFastPath(IoUringIoHandler.java:318)
	at io.netty.channel.uring.IoUringIoHandler.handle(IoUringIoHandler.java:298)
	at io.netty.channel.uring.CompletionQueue.process(CompletionQueue.java:151)
	at io.netty.channel.uring.IoUringIoHandler.processCompletionsAndHandleOverflow(IoUringIoHandler.java:213)
	at io.netty.channel.uring.IoUringIoHandler.run(IoUringIoHandler.java:188)
	at io.netty.channel.SingleThreadIoEventLoop.runIo(SingleThreadIoEventLoop.java:225)
	at io.netty.channel.SingleThreadIoEventLoop.run(SingleThreadIoEventLoop.java:196)
	at io.netty.util.concurrent.SingleThreadEventExecutor$5.run(SingleThreadEventExecutor.java:1204)
	at io.netty.util.internal.ThreadExecutorMap$2.run(ThreadExecutorMap.java:74)
	at io.netty.util.concurrent.FastThreadLocalRunnable.run(FastThreadLocalRunnable.java:30)
	at java.base/java.lang.Thread.run(Thread.java:1583)
00:06:31.007 [multiThreadIoEventLoopGroup-3-4] WARN  i.n.channel.uring.IoUringIoHandler - Unexpected exception in the IO event loop.
java.lang.IllegalStateException: arena buffer of Thread[#30,multiThreadIoEventLoopGroup-4-1,10,main] touched from Thread[#29,multiThreadIoEventLoopGroup-3-4,10,main] (event-loop arena buffers are thread confined)
	at io.netty.buffer.CycleArenaAllocator$ArenaBuf.violation(CycleArenaAllocator.java:1279)
	at io.netty.buffer.CycleArenaAllocator$ArenaBuf.release(CycleArenaAllocator.java:1208)
	at io.netty.buffer.AbstractDerivedByteBuf.release0(AbstractDerivedByteBuf.java:98)
	at io.netty.buffer.AbstractDerivedByteBuf.release(AbstractDerivedByteBuf.java:94)
	at io.netty.channel.uring.IoUringSocketChannel$IoUringSocketUnsafe.handleWriteCompleteZeroCopy(IoUringSocketChannel.java:289)
	at io.netty.channel.uring.IoUringSocketChannel$IoUringSocketUnsafe.writeComplete0(IoUringSocketChannel.java:186)
	at io.netty.channel.uring.AbstractIoUringChannel$AbstractUringUnsafe.writeComplete(AbstractIoUringChannel.java:1003)
	at io.netty.channel.uring.AbstractIoUringChannel$AbstractUringUnsafe.handle(AbstractIoUringChannel.java:474)
	at io.netty.channel.uring.IoUringIoHandler$DefaultIoUringIoRegistration.handle(IoUringIoHandler.java:705)
	at io.netty.channel.uring.IoUringIoHandler.handleFastPath(IoUringIoHandler.java:318)
	at io.netty.channel.uring.IoUringIoHandler.handle(IoUringIoHandler.java:298)
	at io.netty.channel.uring.CompletionQueue.process(CompletionQueue.java:151)
	at io.netty.channel.uring.IoUringIoHandler.processCompletionsAndHandleOverflow(IoUringIoHandler.java:213)
	at io.netty.channel.uring.IoUringIoHandler.run(IoUringIoHandler.java:188)
	at io.netty.channel.SingleThreadIoEventLoop.runIo(SingleThreadIoEventLoop.java:225)
	at io.netty.channel.SingleThreadIoEventLoop.run(SingleThreadIoEventLoop.java:196)
	at io.netty.util.concurrent.SingleThreadEventExecutor$5.run(SingleThreadEventExecutor.java:1204)
	at io.netty.util.internal.ThreadExecutorMap$2.run(ThreadExecutorMap.java:74)
	at io.netty.util.concurrent.FastThreadLocalRunnable.run(FastThreadLocalRunnable.java:30)
	at java.base/java.lang.Thread.run(Thread.java:1583)
00:06:31.007 [multiThreadIoEventLoopGroup-3-1] WARN  i.n.channel.uring.IoUringIoHandler - Unexpected exception in the IO event loop.
java.lang.IllegalStateException: arena buffer of Thread[#31,multiThreadIoEventLoopGroup-4-2,10,main] touched from Thread[#26,multiThreadIoEventLoopGroup-3-1,10,main] (event-loop arena buffers are thread confined)
	at io.netty.buffer.CycleArenaAllocator$ArenaBuf.violation(CycleArenaAllocator.java:1279)
	at io.netty.buffer.CycleArenaAllocator$ArenaBuf.release(CycleArenaAllocator.java:1208)
	at io.netty.buffer.AbstractDerivedByteBuf.release0(AbstractDerivedByteBuf.java:98)
	at io.netty.buffer.AbstractDerivedByteBuf.release(AbstractDerivedByteBuf.java:94)
	at io.netty.channel.uring.IoUringSocketChannel$IoUringSocketUnsafe.handleWriteCompleteZeroCopy(IoUringSocketChannel.java:289)
	at io.netty.channel.uring.IoUringSocketChannel$IoUringSocketUnsafe.writeComplete0(IoUringSocketChannel.java:186)
	at io.netty.channel.uring.AbstractIoUringChannel$AbstractUringUnsafe.writeComplete(AbstractIoUringChannel.java:1003)
	at io.netty.channel.uring.AbstractIoUringChannel$AbstractUringUnsafe.handle(AbstractIoUringChannel.java:474)
	at io.netty.channel.uring.IoUringIoHandler$DefaultIoUringIoRegistration.handle(IoUringIoHandler.java:705)
	at io.netty.channel.uring.IoUringIoHandler.handleFastPath(IoUringIoHandler.java:318)
	at io.netty.channel.uring.IoUringIoHandler.handle(IoUringIoHandler.java:298)
	at io.netty.channel.uring.CompletionQueue.process(CompletionQueue.java:151)
	at io.netty.channel.uring.IoUringIoHandler.processCompletionsAndHandleOverflow(IoUringIoHandler.java:213)
	at io.netty.channel.uring.IoUringIoHandler.run(IoUringIoHandler.java:188)
	at io.netty.channel.SingleThreadIoEventLoop.runIo(SingleThreadIoEventLoop.java:225)
	at io.netty.channel.SingleThreadIoEventLoop.run(SingleThreadIoEventLoop.java:196)
	at io.netty.util.concurrent.SingleThreadEventExecutor$5.run(SingleThreadEventExecutor.java:1204)
	at io.netty.util.internal.ThreadExecutorMap$2.run(ThreadExecutorMap.java:74)
	at io.netty.util.concurrent.FastThreadLocalRunnable.run(FastThreadLocalRunnable.java:30)
	at java.base/java.lang.Thread.run(Thread.java:1583)
00:06:31.009 [multiThreadIoEventLoopGroup-4-4] WARN  i.n.channel.uring.IoUringIoHandler - Unexpected exception in the IO event loop.
java.lang.IllegalStateException: arena buffer of Thread[#26,multiThreadIoEventLoopGroup-3-1,10,main] touched from Thread[#33,multiThreadIoEventLoopGroup-4-4,10,main] (event-loop arena buffers are thread confined)
	at io.netty.buffer.CycleArenaAllocator$ArenaBuf.violation(CycleArenaAllocator.java:1279)
	at io.netty.buffer.CycleArenaAllocator$ArenaBuf.retain(CycleArenaAllocator.java:1182)
	at io.netty.buffer.AbstractDerivedByteBuf.retain0(AbstractDerivedByteBuf.java:58)
	at io.netty.buffer.AbstractDerivedByteBuf.retain(AbstractDerivedByteBuf.java:54)
	at io.netty.channel.uring.IoUringSocketChannel$IoUringSocketUnsafe.handleWriteCompleteZeroCopy(IoUringSocketChannel.java:220)
	at io.netty.channel.uring.IoUringSocketChannel$IoUringSocketUnsafe.writeComplete0(IoUringSocketChannel.java:186)
	at io.netty.channel.uring.AbstractIoUringChannel$AbstractUringUnsafe.writeComplete(AbstractIoUringChannel.java:1003)
	at io.netty.channel.uring.AbstractIoUringChannel$AbstractUringUnsafe.handle(AbstractIoUringChannel.java:474)
	at io.netty.channel.uring.IoUringIoHandler$DefaultIoUringIoRegistration.handle(IoUringIoHandler.java:705)
	at io.netty.channel.uring.IoUringIoHandler.handleFastPath(IoUringIoHandler.java:318)
	at io.netty.channel.uring.IoUringIoHandler.handle(IoUringIoHandler.java:298)
	at io.netty.channel.uring.CompletionQueue.process(CompletionQueue.java:151)
	at io.netty.channel.uring.IoUringIoHandler.processCompletionsAndHandleOverflow(IoUringIoHandler.java:213)
	at io.netty.channel.uring.IoUringIoHandler.run(IoUringIoHandler.java:188)
	at io.netty.channel.SingleThreadIoEventLoop.runIo(SingleThreadIoEventLoop.java:225)
	at io.netty.channel.SingleThreadIoEventLoop.run(SingleThreadIoEventLoop.java:196)
	at io.netty.util.concurrent.SingleThreadEventExecutor$5.run(SingleThreadEventExecutor.java:1204)
	at io.netty.util.internal.ThreadExecutorMap$2.run(ThreadExecutorMap.java:74)
	at io.netty.util.concurrent.FastThreadLocalRunnable.run(FastThreadLocalRunnable.java:30)
	at java.base/java.lang.Thread.run(Thread.java:1583)
00:06:31.009 [multiThreadIoEventLoopGroup-4-1] WARN  io.netty.util.ReferenceCountUtil - Failed to release a message: UnpooledSlicedByteBuf(ridx: 0, widx: 3799, cap: 3799/3799, unwrapped: CycleArenaAllocator$ArenaBuf(ridx: 0, widx: 8192, cap: 8192))
java.lang.IllegalStateException: arena buffer of Thread[#27,multiThreadIoEventLoopGroup-3-2,10,main] touched from Thread[#30,multiThreadIoEventLoopGroup-4-1,10,main] (event-loop arena buffers are thread confined)
	at io.netty.buffer.CycleArenaAllocator$ArenaBuf.violation(CycleArenaAllocator.java:1279)
	at io.netty.buffer.CycleArenaAllocator$ArenaBuf.release(CycleArenaAllocator.java:1208)
	at io.netty.buffer.AbstractDerivedByteBuf.release0(AbstractDerivedByteBuf.java:98)
	at io.netty.buffer.AbstractDerivedByteBuf.release(AbstractDerivedByteBuf.java:94)
	at io.netty.util.ReferenceCountUtil.release(ReferenceCountUtil.java:90)
	at io.netty.util.ReferenceCountUtil.safeRelease(ReferenceCountUtil.java:116)
	at io.netty.channel.ChannelOutboundBuffer.remove(ChannelOutboundBuffer.java:300)
	at io.netty.channel.ChannelOutboundBuffer.removeBytes(ChannelOutboundBuffer.java:382)
	at io.netty.channel.uring.AbstractIoUringStreamChannel$IoUringStreamUnsafe.writeComplete0(AbstractIoUringStreamChannel.java:692)
	at io.netty.channel.uring.IoUringSocketChannel$IoUringSocketUnsafe.writeComplete0(IoUringSocketChannel.java:188)
	at io.netty.channel.uring.AbstractIoUringChannel$AbstractUringUnsafe.writeComplete(AbstractIoUringChannel.java:1003)
	at io.netty.channel.uring.AbstractIoUringChannel$AbstractUringUnsafe.handle(AbstractIoUringChannel.java:474)
	at io.netty.channel.uring.IoUringIoHandler$DefaultIoUringIoRegistration.handle(IoUringIoHandler.java:705)
	at io.netty.channel.uring.IoUringIoHandler.handleFastPath(IoUringIoHandler.java:318)
	at io.netty.channel.uring.IoUringIoHandler.handle(IoUringIoHandler.java:298)
	at io.netty.channel.uring.CompletionQueue.process(CompletionQueue.java:151)
	at io.netty.channel.uring.IoUringIoHandler.processCompletionsAndHandleOverflow(IoUringIoHandler.java:213)
	at io.netty.channel.uring.IoUringIoHandler.run(IoUringIoHandler.java:188)
	at io.netty.channel.SingleThreadIoEventLoop.runIo(SingleThreadIoEventLoop.java:225)
	at io.netty.channel.SingleThreadIoEventLoop.run(SingleThreadIoEventLoop.java:196)
	at io.netty.util.concurrent.SingleThreadEventExecutor$5.run(SingleThreadEventExecutor.java:1204)
	at io.netty.util.internal.ThreadExecutorMap$2.run(ThreadExecutorMap.java:74)
	at io.netty.util.concurrent.FastThreadLocalRunnable.run(FastThreadLocalRunnable.java:30)
	at java.base/java.lang.Thread.run(Thread.java:1583)
00:06:31.009 [multiThreadIoEventLoopGroup-4-3] WARN  io.netty.util.ReferenceCountUtil - Failed to release a message: UnpooledSlicedByteBuf(ridx: 0, widx: 3799, cap: 3799/3799, unwrapped: CycleArenaAllocator$ArenaBuf(ridx: 0, widx: 8192, cap: 8192))
java.lang.IllegalStateException: arena buffer of Thread[#28,multiThreadIoEventLoopGroup-3-3,10,main] touched from Thread[#32,multiThreadIoEventLoopGroup-4-3,10,main] (event-loop arena buffers are thread confined)
	at io.netty.buffer.CycleArenaAllocator$ArenaBuf.violation(CycleArenaAllocator.java:1279)
	at io.netty.buffer.CycleArenaAllocator$ArenaBuf.release(CycleArenaAllocator.java:1208)
	at io.netty.buffer.AbstractDerivedByteBuf.release0(AbstractDerivedByteBuf.java:98)
	at io.netty.buffer.AbstractDerivedByteBuf.release(AbstractDerivedByteBuf.java:94)
	at io.netty.util.ReferenceCountUtil.release(ReferenceCountUtil.java:90)
	at io.netty.util.ReferenceCountUtil.safeRelease(ReferenceCountUtil.java:116)
	at io.netty.channel.ChannelOutboundBuffer.remove(ChannelOutboundBuffer.java:300)
	at io.netty.channel.ChannelOutboundBuffer.removeBytes(ChannelOutboundBuffer.java:382)
	at io.netty.channel.uring.AbstractIoUringStreamChannel$IoUringStreamUnsafe.writeComplete0(AbstractIoUringStreamChannel.java:692)
	at io.netty.channel.uring.IoUringSocketChannel$IoUringSocketUnsafe.writeComplete0(IoUringSocketChannel.java:188)
	at io.netty.channel.uring.AbstractIoUringChannel$AbstractUringUnsafe.writeComplete(AbstractIoUringChannel.java:1003)
	at io.netty.channel.uring.AbstractIoUringChannel$AbstractUringUnsafe.handle(AbstractIoUringChannel.java:474)
	at io.netty.channel.uring.IoUringIoHandler$DefaultIoUringIoRegistration.handle(IoUringIoHandler.java:705)
	at io.netty.channel.uring.IoUringIoHandler.handleFastPath(IoUringIoHandler.java:318)
	at io.netty.channel.uring.IoUringIoHandler.handle(IoUringIoHandler.java:298)
	at io.netty.channel.uring.CompletionQueue.process(CompletionQueue.java:151)
	at io.netty.channel.uring.IoUringIoHandler.processCompletionsAndHandleOverflow(IoUringIoHandler.java:213)
	at io.netty.channel.uring.IoUringIoHandler.run(IoUringIoHandler.java:188)
	at io.netty.channel.SingleThreadIoEventLoop.runIo(SingleThreadIoEventLoop.java:225)
	at io.netty.channel.SingleThreadIoEventLoop.run(SingleThreadIoEventLoop.java:196)
	at io.netty.util.concurrent.SingleThreadEventExecutor$5.run(SingleThreadEventExecutor.java:1204)
	at io.netty.util.internal.ThreadExecutorMap$2.run(ThreadExecutorMap.java:74)
	at io.netty.util.concurrent.FastThreadLocalRunnable.run(FastThreadLocalRunnable.java:30)
	at java.base/java.lang.Thread.run(Thread.java:1583)
00:06:31.009 [multiThreadIoEventLoopGroup-4-2] WARN  io.netty.util.ReferenceCountUtil - Failed to release a message: UnpooledSlicedByteBuf(ridx: 0, widx: 3799, cap: 3799/3799, unwrapped: CycleArenaAllocator$ArenaBuf(ridx: 0, widx: 8192, cap: 8192))
java.lang.IllegalStateException: arena buffer of Thread[#26,multiThreadIoEventLoopGroup-3-1,10,main] touched from Thread[#31,multiThreadIoEventLoopGroup-4-2,10,main] (event-loop arena buffers are thread confined)
	at io.netty.buffer.CycleArenaAllocator$ArenaBuf.violation(CycleArenaAllocator.java:1279)
	at io.netty.buffer.CycleArenaAllocator$ArenaBuf.release(CycleArenaAllocator.java:1208)
	at io.netty.buffer.AbstractDerivedByteBuf.release0(AbstractDerivedByteBuf.java:98)
	at io.netty.buffer.AbstractDerivedByteBuf.release(AbstractDerivedByteBuf.java:94)
	at io.netty.util.ReferenceCountUtil.release(ReferenceCountUtil.java:90)
	at io.netty.util.ReferenceCountUtil.safeRelease(ReferenceCountUtil.java:116)
	at io.netty.channel.ChannelOutboundBuffer.remove(ChannelOutboundBuffer.java:300)
	at io.netty.channel.ChannelOutboundBuffer.removeBytes(ChannelOutboundBuffer.java:382)
	at io.netty.channel.uring.AbstractIoUringStreamChannel$IoUringStreamUnsafe.writeComplete0(AbstractIoUringStreamChannel.java:692)
	at io.netty.channel.uring.IoUringSocketChannel$IoUringSocketUnsafe.writeComplete0(IoUringSocketChannel.java:188)
	at io.netty.channel.uring.AbstractIoUringChannel$AbstractUringUnsafe.writeComplete(AbstractIoUringChannel.java:1003)
	at io.netty.channel.uring.AbstractIoUringChannel$AbstractUringUnsafe.handle(AbstractIoUringChannel.java:474)
	at io.netty.channel.uring.IoUringIoHandler$DefaultIoUringIoRegistration.handle(IoUringIoHandler.java:705)
	at io.netty.channel.uring.IoUringIoHandler.handleFastPath(IoUringIoHandler.java:318)
	at io.netty.channel.uring.IoUringIoHandler.handle(IoUringIoHandler.java:298)
	at io.netty.channel.uring.CompletionQueue.process(CompletionQueue.java:151)
	at io.netty.channel.uring.IoUringIoHandler.processCompletionsAndHandleOverflow(IoUringIoHandler.java:213)
	at io.netty.channel.uring.IoUringIoHandler.run(IoUringIoHandler.java:188)
	at io.netty.channel.SingleThreadIoEventLoop.runIo(SingleThreadIoEventLoop.java:225)
	at io.netty.channel.SingleThreadIoEventLoop.run(SingleThreadIoEventLoop.java:196)
	at io.netty.util.concurrent.SingleThreadEventExecutor$5.run(SingleThreadEventExecutor.java:1204)
	at io.netty.util.internal.ThreadExecutorMap$2.run(ThreadExecutorMap.java:74)
	at io.netty.util.concurrent.FastThreadLocalRunnable.run(FastThreadLocalRunnable.java:30)
	at java.base/java.lang.Thread.run(Thread.java:1583)
00:06:31.009 [multiThreadIoEventLoopGroup-4-3] WARN  i.n.channel.uring.IoUringIoHandler - Unexpected exception in the IO event loop.
java.lang.IllegalStateException: arena buffer of Thread[#27,multiThreadIoEventLoopGroup-3-2,10,main] touched from Thread[#32,multiThreadIoEventLoopGroup-4-3,10,main] (event-loop arena buffers are thread confined)
	at io.netty.buffer.CycleArenaAllocator$ArenaBuf.violation(CycleArenaAllocator.java:1279)
	at io.netty.buffer.CycleArenaAllocator$ArenaBuf.retain(CycleArenaAllocator.java:1182)
	at io.netty.buffer.AbstractDerivedByteBuf.retain0(AbstractDerivedByteBuf.java:58)
	at io.netty.buffer.AbstractDerivedByteBuf.retain(AbstractDerivedByteBuf.java:54)
	at io.netty.channel.uring.IoUringSocketChannel$IoUringSocketUnsafe.handleWriteCompleteZeroCopy(IoUringSocketChannel.java:220)
	at io.netty.channel.uring.IoUringSocketChannel$IoUringSocketUnsafe.writeComplete0(IoUringSocketChannel.java:186)
	at io.netty.channel.uring.AbstractIoUringChannel$AbstractUringUnsafe.writeComplete(AbstractIoUringChannel.java:1003)
	at io.netty.channel.uring.AbstractIoUringChannel$AbstractUringUnsafe.handle(AbstractIoUringChannel.java:474)
	at io.netty.channel.uring.IoUringIoHandler$DefaultIoUringIoRegistration.handle(IoUringIoHandler.java:705)
	at io.netty.channel.uring.IoUringIoHandler.handleFastPath(IoUringIoHandler.java:318)
	at io.netty.channel.uring.IoUringIoHandler.handle(IoUringIoHandler.java:298)
	at io.netty.channel.uring.CompletionQueue.process(CompletionQueue.java:151)
	at io.netty.channel.uring.IoUringIoHandler.processCompletionsAndHandleOverflow(IoUringIoHandler.java:213)
	at io.netty.channel.uring.IoUringIoHandler.run(IoUringIoHandler.java:188)
	at io.netty.channel.SingleThreadIoEventLoop.runIo(SingleThreadIoEventLoop.java:225)
	at io.netty.channel.SingleThreadIoEventLoop.run(SingleThreadIoEventLoop.java:196)
	at io.netty.util.concurrent.SingleThreadEventExecutor$5.run(SingleThreadEventExecutor.java:1204)
	at io.netty.util.internal.ThreadExecutorMap$2.run(ThreadExecutorMap.java:74)
	at io.netty.util.concurrent.FastThreadLocalRunnable.run(FastThreadLocalRunnable.java:30)
	at java.base/java.lang.Thread.run(Thread.java:1583)
00:06:31.009 [multiThreadIoEventLoopGroup-4-1] WARN  io.netty.util.ReferenceCountUtil - Failed to release a message: UnpooledSlicedByteBuf(ridx: 0, widx: 3799, cap: 3799/3799, unwrapped: CycleArenaAllocator$ArenaBuf(ridx: 0, widx: 8192, cap: 8192))
java.lang.IllegalStateException: arena buffer of Thread[#29,multiThreadIoEventLoopGroup-3-4,10,main] touched from Thread[#30,multiThreadIoEventLoopGroup-4-1,10,main] (event-loop arena buffers are thread confined)
	at io.netty.buffer.CycleArenaAllocator$ArenaBuf.violation(CycleArenaAllocator.java:1279)
	at io.netty.buffer.CycleArenaAllocator$ArenaBuf.release(CycleArenaAllocator.java:1208)
	at io.netty.buffer.AbstractDerivedByteBuf.release0(AbstractDerivedByteBuf.java:98)
	at io.netty.buffer.AbstractDerivedByteBuf.release(AbstractDerivedByteBuf.java:94)
	at io.netty.util.ReferenceCountUtil.release(ReferenceCountUtil.java:90)
	at io.netty.util.ReferenceCountUtil.safeRelease(ReferenceCountUtil.java:116)
	at io.netty.channel.ChannelOutboundBuffer.remove(ChannelOutboundBuffer.java:300)
	at io.netty.channel.ChannelOutboundBuffer.removeBytes(ChannelOutboundBuffer.java:382)
	at io.netty.channel.uring.AbstractIoUringStreamChannel$IoUringStreamUnsafe.writeComplete0(AbstractIoUringStreamChannel.java:692)
	at io.netty.channel.uring.IoUringSocketChannel$IoUringSocketUnsafe.writeComplete0(IoUringSocketChannel.java:188)
	at io.netty.channel.uring.AbstractIoUringChannel$AbstractUringUnsafe.writeComplete(AbstractIoUringChannel.java:1003)
	at io.netty.channel.uring.AbstractIoUringChannel$AbstractUringUnsafe.handle(AbstractIoUringChannel.java:474)
	at io.netty.channel.uring.IoUringIoHandler$DefaultIoUringIoRegistration.handle(IoUringIoHandler.java:705)
	at io.netty.channel.uring.IoUringIoHandler.handleFastPath(IoUringIoHandler.java:318)
	at io.netty.channel.uring.IoUringIoHandler.handle(IoUringIoHandler.java:298)
	at io.netty.channel.uring.CompletionQueue.process(CompletionQueue.java:151)
	at io.netty.channel.uring.IoUringIoHandler.processCompletionsAndHandleOverflow(IoUringIoHandler.java:213)
	at io.netty.channel.uring.IoUringIoHandler.run(IoUringIoHandler.java:188)
	at io.netty.channel.SingleThreadIoEventLoop.runIo(SingleThreadIoEventLoop.java:225)
	at io.netty.channel.SingleThreadIoEventLoop.run(SingleThreadIoEventLoop.java:196)
	at io.netty.util.concurrent.SingleThreadEventExecutor$5.run(SingleThreadEventExecutor.java:1204)
	at io.netty.util.internal.ThreadExecutorMap$2.run(ThreadExecutorMap.java:74)
	at io.netty.util.concurrent.FastThreadLocalRunnable.run(FastThreadLocalRunnable.java:30)
	at java.base/java.lang.Thread.run(Thread.java:1583)
00:06:31.009 [multiThreadIoEventLoopGroup-4-2] WARN  i.n.channel.uring.IoUringIoHandler - Unexpected exception in the IO event loop.
java.lang.IllegalStateException: arena buffer of Thread[#28,multiThreadIoEventLoopGroup-3-3,10,main] touched from Thread[#31,multiThreadIoEventLoopGroup-4-2,10,main] (event-loop arena buffers are thread confined)
	at io.netty.buffer.CycleArenaAllocator$ArenaBuf.violation(CycleArenaAllocator.java:1279)
	at io.netty.buffer.CycleArenaAllocator$ArenaBuf.retain(CycleArenaAllocator.java:1182)
	at io.netty.buffer.AbstractDerivedByteBuf.retain0(AbstractDerivedByteBuf.java:58)
	at io.netty.buffer.AbstractDerivedByteBuf.retain(AbstractDerivedByteBuf.java:54)
	at io.netty.channel.uring.IoUringSocketChannel$IoUringSocketUnsafe.handleWriteCompleteZeroCopy(IoUringSocketChannel.java:220)
	at io.netty.channel.uring.IoUringSocketChannel$IoUringSocketUnsafe.writeComplete0(IoUringSocketChannel.java:186)
	at io.netty.channel.uring.AbstractIoUringChannel$AbstractUringUnsafe.writeComplete(AbstractIoUringChannel.java:1003)
	at io.netty.channel.uring.AbstractIoUringChannel$AbstractUringUnsafe.handle(AbstractIoUringChannel.java:474)
	at io.netty.channel.uring.IoUringIoHandler$DefaultIoUringIoRegistration.handle(IoUringIoHandler.java:705)
	at io.netty.channel.uring.IoUringIoHandler.handleFastPath(IoUringIoHandler.java:318)
	at io.netty.channel.uring.IoUringIoHandler.handle(IoUringIoHandler.java:298)
	at io.netty.channel.uring.CompletionQueue.process(CompletionQueue.java:151)
	at io.netty.channel.uring.IoUringIoHandler.processCompletionsAndHandleOverflow(IoUringIoHandler.java:213)
	at io.netty.channel.uring.IoUringIoHandler.run(IoUringIoHandler.java:188)
	at io.netty.channel.SingleThreadIoEventLoop.runIo(SingleThreadIoEventLoop.java:225)
	at io.netty.channel.SingleThreadIoEventLoop.run(SingleThreadIoEventLoop.java:196)
	at io.netty.util.concurrent.SingleThreadEventExecutor$5.run(SingleThreadEventExecutor.java:1204)
	at io.netty.util.internal.ThreadExecutorMap$2.run(ThreadExecutorMap.java:74)
	at io.netty.util.concurrent.FastThreadLocalRunnable.run(FastThreadLocalRunnable.java:30)
	at java.base/java.lang.Thread.run(Thread.java:1583)
00:06:31.009 [multiThreadIoEventLoopGroup-4-1] WARN  i.n.channel.uring.IoUringIoHandler - Unexpected exception in the IO event loop.
java.lang.IllegalStateException: arena buffer of Thread[#29,multiThreadIoEventLoopGroup-3-4,10,main] touched from Thread[#30,multiThreadIoEventLoopGroup-4-1,10,main] (event-loop arena buffers are thread confined)
	at io.netty.buffer.CycleArenaAllocator$ArenaBuf.violation(CycleArenaAllocator.java:1279)
	at io.netty.buffer.CycleArenaAllocator$ArenaBuf.retain(CycleArenaAllocator.java:1182)
	at io.netty.buffer.AbstractDerivedByteBuf.retain0(AbstractDerivedByteBuf.java:58)
	at io.netty.buffer.AbstractDerivedByteBuf.retain(AbstractDerivedByteBuf.java:54)
	at io.netty.channel.uring.IoUringSocketChannel$IoUringSocketUnsafe.handleWriteCompleteZeroCopy(IoUringSocketChannel.java:220)
	at io.netty.channel.uring.IoUringSocketChannel$IoUringSocketUnsafe.writeComplete0(IoUringSocketChannel.java:186)
	at io.netty.channel.uring.AbstractIoUringChannel$AbstractUringUnsafe.writeComplete(AbstractIoUringChannel.java:1003)
	at io.netty.channel.uring.AbstractIoUringChannel$AbstractUringUnsafe.handle(AbstractIoUringChannel.java:474)
	at io.netty.channel.uring.IoUringIoHandler$DefaultIoUringIoRegistration.handle(IoUringIoHandler.java:705)
	at io.netty.channel.uring.IoUringIoHandler.handleFastPath(IoUringIoHandler.java:318)
	at io.netty.channel.uring.IoUringIoHandler.handle(IoUringIoHandler.java:298)
	at io.netty.channel.uring.CompletionQueue.process(CompletionQueue.java:151)
	at io.netty.channel.uring.IoUringIoHandler.processCompletionsAndHandleOverflow(IoUringIoHandler.java:213)
	at io.netty.channel.uring.IoUringIoHandler.run(IoUringIoHandler.java:188)
	at io.netty.channel.SingleThreadIoEventLoop.runIo(SingleThreadIoEventLoop.java:225)
	at io.netty.channel.SingleThreadIoEventLoop.run(SingleThreadIoEventLoop.java:196)
	at io.netty.util.concurrent.SingleThreadEventExecutor$5.run(SingleThreadEventExecutor.java:1204)
	at io.netty.util.internal.ThreadExecutorMap$2.run(ThreadExecutorMap.java:74)
	at io.netty.util.concurrent.FastThreadLocalRunnable.run(FastThreadLocalRunnable.java:30)
	at java.base/java.lang.Thread.run(Thread.java:1583)
00:06:31.109 [multiThreadIoEventLoopGroup-4-4] WARN  io.netty.util.ReferenceCountUtil - Failed to release a message: UnpooledSlicedByteBuf(ridx: 0, widx: 3601, cap: 3601/3601, unwrapped: CycleArenaAllocator$ArenaBuf(ridx: 0, widx: 8192, cap: 8192))
java.lang.IllegalStateException: arena buffer of Thread[#26,multiThreadIoEventLoopGroup-3-1,10,main] touched from Thread[#33,multiThreadIoEventLoopGroup-4-4,10,main] (event-loop arena buffers are thread confined)
	at io.netty.buffer.CycleArenaAllocator$ArenaBuf.violation(CycleArenaAllocator.java:1279)
	at io.netty.buffer.CycleArenaAllocator$ArenaBuf.release(CycleArenaAllocator.java:1208)
	at io.netty.buffer.AbstractDerivedByteBuf.release0(AbstractDerivedByteBuf.java:98)
	at io.netty.buffer.AbstractDerivedByteBuf.release(AbstractDerivedByteBuf.java:94)
	at io.netty.util.ReferenceCountUtil.release(ReferenceCountUtil.java:90)
	at io.netty.util.ReferenceCountUtil.safeRelease(ReferenceCountUtil.java:116)
	at io.netty.channel.ChannelOutboundBuffer.remove(ChannelOutboundBuffer.java:300)
	at io.netty.channel.ChannelOutboundBuffer.removeBytes(ChannelOutboundBuffer.java:382)
	at io.netty.channel.uring.AbstractIoUringStreamChannel$IoUringStreamUnsafe.writeComplete0(AbstractIoUringStreamChannel.java:692)
	at io.netty.channel.uring.IoUringSocketChannel$IoUringSocketUnsafe.writeComplete0(IoUringSocketChannel.java:188)
	at io.netty.channel.uring.AbstractIoUringChannel$AbstractUringUnsafe.writeComplete(AbstractIoUringChannel.java:1003)
	at io.netty.channel.uring.AbstractIoUringChannel$AbstractUringUnsafe.handle(AbstractIoUringChannel.java:474)
	at io.netty.channel.uring.IoUringIoHandler$DefaultIoUringIoRegistration.handle(IoUringIoHandler.java:705)
	at io.netty.channel.uring.IoUringIoHandler.handleFastPath(IoUringIoHandler.java:318)
	at io.netty.channel.uring.IoUringIoHandler.handle(IoUringIoHandler.java:298)
	at io.netty.channel.uring.CompletionQueue.process(CompletionQueue.java:151)
	at io.netty.channel.uring.IoUringIoHandler.processCompletionsAndHandleOverflow(IoUringIoHandler.java:213)
	at io.netty.channel.uring.IoUringIoHandler.run(IoUringIoHandler.java:188)
	at io.netty.channel.SingleThreadIoEventLoop.runIo(SingleThreadIoEventLoop.java:225)
	at io.netty.channel.SingleThreadIoEventLoop.run(SingleThreadIoEventLoop.java:196)
	at io.netty.util.concurrent.SingleThreadEventExecutor$5.run(SingleThreadEventExecutor.java:1204)
	at io.netty.util.internal.ThreadExecutorMap$2.run(ThreadExecutorMap.java:74)
	at io.netty.util.concurrent.FastThreadLocalRunnable.run(FastThreadLocalRunnable.java:30)
	at java.base/java.lang.Thread.run(Thread.java:1583)
00:06:31.109 [multiThreadIoEventLoopGroup-4-3] WARN  io.netty.util.ReferenceCountUtil - Failed to release a message: UnpooledSlicedByteBuf(ridx: 0, widx: 3601, cap: 3601/3601, unwrapped: CycleArenaAllocator$ArenaBuf(ridx: 0, widx: 8192, cap: 8192))
java.lang.IllegalStateException: arena buffer of Thread[#28,multiThreadIoEventLoopGroup-3-3,10,main] touched from Thread[#32,multiThreadIoEventLoopGroup-4-3,10,main] (event-loop arena buffers are thread confined)
	at io.netty.buffer.CycleArenaAllocator$ArenaBuf.violation(CycleArenaAllocator.java:1279)
	at io.netty.buffer.CycleArenaAllocator$ArenaBuf.release(CycleArenaAllocator.java:1208)
	at io.netty.buffer.AbstractDerivedByteBuf.release0(AbstractDerivedByteBuf.java:98)
	at io.netty.buffer.AbstractDerivedByteBuf.release(AbstractDerivedByteBuf.java:94)
	at io.netty.util.ReferenceCountUtil.release(ReferenceCountUtil.java:90)
	at io.netty.util.ReferenceCountUtil.safeRelease(ReferenceCountUtil.java:116)
	at io.netty.channel.ChannelOutboundBuffer.remove(ChannelOutboundBuffer.java:300)
	at io.netty.channel.ChannelOutboundBuffer.removeBytes(ChannelOutboundBuffer.java:382)
	at io.netty.channel.uring.AbstractIoUringStreamChannel$IoUringStreamUnsafe.writeComplete0(AbstractIoUringStreamChannel.java:692)
	at io.netty.channel.uring.IoUringSocketChannel$IoUringSocketUnsafe.writeComplete0(IoUringSocketChannel.java:188)
	at io.netty.channel.uring.AbstractIoUringChannel$AbstractUringUnsafe.writeComplete(AbstractIoUringChannel.java:1003)
	at io.netty.channel.uring.AbstractIoUringChannel$AbstractUringUnsafe.handle(AbstractIoUringChannel.java:474)
	at io.netty.channel.uring.IoUringIoHandler$DefaultIoUringIoRegistration.handle(IoUringIoHandler.java:705)
	at io.netty.channel.uring.IoUringIoHandler.handleFastPath(IoUringIoHandler.java:318)
	at io.netty.channel.uring.IoUringIoHandler.handle(IoUringIoHandler.java:298)
	at io.netty.channel.uring.CompletionQueue.process(CompletionQueue.java:151)
	at io.netty.channel.uring.IoUringIoHandler.processCompletionsAndHandleOverflow(IoUringIoHandler.java:213)
	at io.netty.channel.uring.IoUringIoHandler.run(IoUringIoHandler.java:188)
	at io.netty.channel.SingleThreadIoEventLoop.runIo(SingleThreadIoEventLoop.java:225)
	at io.netty.channel.SingleThreadIoEventLoop.run(SingleThreadIoEventLoop.java:196)
	at io.netty.util.concurrent.SingleThreadEventExecutor$5.run(SingleThreadEventExecutor.java:1204)
	at io.netty.util.internal.ThreadExecutorMap$2.run(ThreadExecutorMap.java:74)
	at io.netty.util.concurrent.FastThreadLocalRunnable.run(FastThreadLocalRunnable.java:30)
	at java.base/java.lang.Thread.run(Thread.java:1583)
00:06:31.109 [multiThreadIoEventLoopGroup-4-4] WARN  i.n.channel.uring.IoUringIoHandler - Unexpected exception in the IO event loop.
java.lang.IllegalStateException: arena buffer of Thread[#26,multiThreadIoEventLoopGroup-3-1,10,main] touched from Thread[#33,multiThreadIoEventLoopGroup-4-4,10,main] (event-loop arena buffers are thread confined)
	at io.netty.buffer.CycleArenaAllocator$ArenaBuf.violation(CycleArenaAllocator.java:1279)
	at io.netty.buffer.CycleArenaAllocator$ArenaBuf.retain(CycleArenaAllocator.java:1182)
	at io.netty.buffer.AbstractDerivedByteBuf.retain0(AbstractDerivedByteBuf.java:58)
	at io.netty.buffer.AbstractDerivedByteBuf.retain(AbstractDerivedByteBuf.java:54)
	at io.netty.channel.uring.IoUringSocketChannel$IoUringSocketUnsafe.handleWriteCompleteZeroCopy(IoUringSocketChannel.java:220)
	at io.netty.channel.uring.IoUringSocketChannel$IoUringSocketUnsafe.writeComplete0(IoUringSocketChannel.java:186)
	at io.netty.channel.uring.AbstractIoUringChannel$AbstractUringUnsafe.writeComplete(AbstractIoUringChannel.java:1003)
	at io.netty.channel.uring.AbstractIoUringChannel$AbstractUringUnsafe.handle(AbstractIoUringChannel.java:474)
	at io.netty.channel.uring.IoUringIoHandler$DefaultIoUringIoRegistration.handle(IoUringIoHandler.java:705)
	at io.netty.channel.uring.IoUringIoHandler.handleFastPath(IoUringIoHandler.java:318)
	at io.netty.channel.uring.IoUringIoHandler.handle(IoUringIoHandler.java:298)
	at io.netty.channel.uring.CompletionQueue.process(CompletionQueue.java:151)
	at io.netty.channel.uring.IoUringIoHandler.processCompletionsAndHandleOverflow(IoUringIoHandler.java:213)
	at io.netty.channel.uring.IoUringIoHandler.run(IoUringIoHandler.java:188)
	at io.netty.channel.SingleThreadIoEventLoop.runIo(SingleThreadIoEventLoop.java:225)
	at io.netty.channel.SingleThreadIoEventLoop.run(SingleThreadIoEventLoop.java:196)
	at io.netty.util.concurrent.SingleThreadEventExecutor$5.run(SingleThreadEventExecutor.java:1204)
	at io.netty.util.internal.ThreadExecutorMap$2.run(ThreadExecutorMap.java:74)
	at io.netty.util.concurrent.FastThreadLocalRunnable.run(FastThreadLocalRunnable.java:30)
	at java.base/java.lang.Thread.run(Thread.java:1583)
00:06:31.109 [multiThreadIoEventLoopGroup-4-2] WARN  io.netty.util.ReferenceCountUtil - Failed to release a message: UnpooledSlicedByteBuf(ridx: 0, widx: 3601, cap: 3601/3601, unwrapped: CycleArenaAllocator$ArenaBuf(ridx: 0, widx: 8192, cap: 8192))
java.lang.IllegalStateException: arena buffer of Thread[#27,multiThreadIoEventLoopGroup-3-2,10,main] touched from Thread[#31,multiThreadIoEventLoopGroup-4-2,10,main] (event-loop arena buffers are thread confined)
	at io.netty.buffer.CycleArenaAllocator$ArenaBuf.violation(CycleArenaAllocator.java:1279)
	at io.netty.buffer.CycleArenaAllocator$ArenaBuf.release(CycleArenaAllocator.java:1208)
	at io.netty.buffer.AbstractDerivedByteBuf.release0(AbstractDerivedByteBuf.java:98)
	at io.netty.buffer.AbstractDerivedByteBuf.release(AbstractDerivedByteBuf.java:94)
	at io.netty.util.ReferenceCountUtil.release(ReferenceCountUtil.java:90)
	at io.netty.util.ReferenceCountUtil.safeRelease(ReferenceCountUtil.java:116)
	at io.netty.channel.ChannelOutboundBuffer.remove(ChannelOutboundBuffer.java:300)
	at io.netty.channel.ChannelOutboundBuffer.removeBytes(ChannelOutboundBuffer.java:382)
	at io.netty.channel.uring.AbstractIoUringStreamChannel$IoUringStreamUnsafe.writeComplete0(AbstractIoUringStreamChannel.java:692)
	at io.netty.channel.uring.IoUringSocketChannel$IoUringSocketUnsafe.writeComplete0(IoUringSocketChannel.java:188)
	at io.netty.channel.uring.AbstractIoUringChannel$AbstractUringUnsafe.writeComplete(AbstractIoUringChannel.java:1003)
	at io.netty.channel.uring.AbstractIoUringChannel$AbstractUringUnsafe.handle(AbstractIoUringChannel.java:474)
	at io.netty.channel.uring.IoUringIoHandler$DefaultIoUringIoRegistration.handle(IoUringIoHandler.java:705)
	at io.netty.channel.uring.IoUringIoHandler.handleFastPath(IoUringIoHandler.java:318)
	at io.netty.channel.uring.IoUringIoHandler.handle(IoUringIoHandler.java:298)
	at io.netty.channel.uring.CompletionQueue.process(CompletionQueue.java:151)
	at io.netty.channel.uring.IoUringIoHandler.processCompletionsAndHandleOverflow(IoUringIoHandler.java:213)
	at io.netty.channel.uring.IoUringIoHandler.run(IoUringIoHandler.java:188)
	at io.netty.channel.SingleThreadIoEventLoop.runIo(SingleThreadIoEventLoop.java:225)
	at io.netty.channel.SingleThreadIoEventLoop.run(SingleThreadIoEventLoop.java:196)
	at io.netty.util.concurrent.SingleThreadEventExecutor$5.run(SingleThreadEventExecutor.java:1204)
	at io.netty.util.internal.ThreadExecutorMap$2.run(ThreadExecutorMap.java:74)
	at io.netty.util.concurrent.FastThreadLocalRunnable.run(FastThreadLocalRunnable.java:30)
	at java.base/java.lang.Thread.run(Thread.java:1583)
00:06:31.109 [multiThreadIoEventLoopGroup-4-1] WARN  i.n.channel.uring.IoUringIoHandler - Unexpected exception in the IO event loop.
java.lang.IllegalStateException: arena buffer of Thread[#28,multiThreadIoEventLoopGroup-3-3,10,main] touched from Thread[#30,multiThreadIoEventLoopGroup-4-1,10,main] (event-loop arena buffers are thread confined)
	at io.netty.buffer.CycleArenaAllocator$ArenaBuf.violation(CycleArenaAllocator.java:1279)
	at io.netty.buffer.CycleArenaAllocator$ArenaBuf.retain(CycleArenaAllocator.java:1182)
	at io.netty.buffer.AbstractDerivedByteBuf.retain0(AbstractDerivedByteBuf.java:58)
	at io.netty.buffer.AbstractDerivedByteBuf.retain(AbstractDerivedByteBuf.java:54)
	at io.netty.channel.uring.IoUringSocketChannel$IoUringSocketUnsafe.handleWriteCompleteZeroCopy(IoUringSocketChannel.java:220)
	at io.netty.channel.uring.IoUringSocketChannel$IoUringSocketUnsafe.writeComplete0(IoUringSocketChannel.java:186)
	at io.netty.channel.uring.AbstractIoUringChannel$AbstractUringUnsafe.writeComplete(AbstractIoUringChannel.java:1003)
	at io.netty.channel.uring.AbstractIoUringChannel$AbstractUringUnsafe.handle(AbstractIoUringChannel.java:474)
	at io.netty.channel.uring.IoUringIoHandler$DefaultIoUringIoRegistration.handle(IoUringIoHandler.java:705)
	at io.netty.channel.uring.IoUringIoHandler.handleFastPath(IoUringIoHandler.java:318)
	at io.netty.channel.uring.IoUringIoHandler.handle(IoUringIoHandler.java:298)
	at io.netty.channel.uring.CompletionQueue.process(CompletionQueue.java:151)
	at io.netty.channel.uring.IoUringIoHandler.processCompletionsAndHandleOverflow(IoUringIoHandler.java:213)
	at io.netty.channel.uring.IoUringIoHandler.run(IoUringIoHandler.java:188)
	at io.netty.channel.SingleThreadIoEventLoop.runIo(SingleThreadIoEventLoop.java:225)
	at io.netty.channel.SingleThreadIoEventLoop.run(SingleThreadIoEventLoop.java:196)
	at io.netty.util.concurrent.SingleThreadEventExecutor$5.run(SingleThreadEventExecutor.java:1204)
	at io.netty.util.internal.ThreadExecutorMap$2.run(ThreadExecutorMap.java:74)
	at io.netty.util.concurrent.FastThreadLocalRunnable.run(FastThreadLocalRunnable.java:30)
	at java.base/java.lang.Thread.run(Thread.java:1583)
00:06:31.109 [multiThreadIoEventLoopGroup-4-3] WARN  io.netty.util.ReferenceCountUtil - Failed to release a message: UnpooledSlicedByteBuf(ridx: 0, widx: 3601, cap: 3601/3601, unwrapped: CycleArenaAllocator$ArenaBuf(ridx: 0, widx: 8192, cap: 8192))
java.lang.IllegalStateException: arena buffer of Thread[#29,multiThreadIoEventLoopGroup-3-4,10,main] touched from Thread[#32,multiThreadIoEventLoopGroup-4-3,10,main] (event-loop arena buffers are thread confined)
	at io.netty.buffer.CycleArenaAllocator$ArenaBuf.violation(CycleArenaAllocator.java:1279)
	at io.netty.buffer.CycleArenaAllocator$ArenaBuf.release(CycleArenaAllocator.java:1208)
	at io.netty.buffer.AbstractDerivedByteBuf.release0(AbstractDerivedByteBuf.java:98)
	at io.netty.buffer.AbstractDerivedByteBuf.release(AbstractDerivedByteBuf.java:94)
	at io.netty.util.ReferenceCountUtil.release(ReferenceCountUtil.java:90)
	at io.netty.util.ReferenceCountUtil.safeRelease(ReferenceCountUtil.java:116)
	at io.netty.channel.ChannelOutboundBuffer.remove(ChannelOutboundBuffer.java:300)
	at io.netty.channel.ChannelOutboundBuffer.removeBytes(ChannelOutboundBuffer.java:382)
	at io.netty.channel.uring.AbstractIoUringStreamChannel$IoUringStreamUnsafe.writeComplete0(AbstractIoUringStreamChannel.java:692)
	at io.netty.channel.uring.IoUringSocketChannel$IoUringSocketUnsafe.writeComplete0(IoUringSocketChannel.java:188)
	at io.netty.channel.uring.AbstractIoUringChannel$AbstractUringUnsafe.writeComplete(AbstractIoUringChannel.java:1003)
	at io.netty.channel.uring.AbstractIoUringChannel$AbstractUringUnsafe.handle(AbstractIoUringChannel.java:474)
	at io.netty.channel.uring.IoUringIoHandler$DefaultIoUringIoRegistration.handle(IoUringIoHandler.java:705)
	at io.netty.channel.uring.IoUringIoHandler.handleFastPath(IoUringIoHandler.java:318)
	at io.netty.channel.uring.IoUringIoHandler.handle(IoUringIoHandler.java:298)
	at io.netty.channel.uring.CompletionQueue.process(CompletionQueue.java:151)
	at io.netty.channel.uring.IoUringIoHandler.processCompletionsAndHandleOverflow(IoUringIoHandler.java:213)
	at io.netty.channel.uring.IoUringIoHandler.run(IoUringIoHandler.java:188)
	at io.netty.channel.SingleThreadIoEventLoop.runIo(SingleThreadIoEventLoop.java:225)
	at io.netty.channel.SingleThreadIoEventLoop.run(SingleThreadIoEventLoop.java:196)
	at io.netty.util.concurrent.SingleThreadEventExecutor$5.run(SingleThreadEventExecutor.java:1204)
	at io.netty.util.internal.ThreadExecutorMap$2.run(ThreadExecutorMap.java:74)
	at io.netty.util.concurrent.FastThreadLocalRunnable.run(FastThreadLocalRunnable.java:30)
	at java.base/java.lang.Thread.run(Thread.java:1583)
00:06:31.109 [multiThreadIoEventLoopGroup-4-2] WARN  i.n.channel.uring.IoUringIoHandler - Unexpected exception in the IO event loop.
java.lang.IllegalStateException: arena buffer of Thread[#28,multiThreadIoEventLoopGroup-3-3,10,main] touched from Thread[#31,multiThreadIoEventLoopGroup-4-2,10,main] (event-loop arena buffers are thread confined)
	at io.netty.buffer.CycleArenaAllocator$ArenaBuf.violation(CycleArenaAllocator.java:1279)
	at io.netty.buffer.CycleArenaAllocator$ArenaBuf.retain(CycleArenaAllocator.java:1182)
	at io.netty.buffer.AbstractDerivedByteBuf.retain0(AbstractDerivedByteBuf.java:58)
	at io.netty.buffer.AbstractDerivedByteBuf.retain(AbstractDerivedByteBuf.java:54)
	at io.netty.channel.uring.IoUringSocketChannel$IoUringSocketUnsafe.handleWriteCompleteZeroCopy(IoUringSocketChannel.java:220)
	at io.netty.channel.uring.IoUringSocketChannel$IoUringSocketUnsafe.writeComplete0(IoUringSocketChannel.java:186)
	at io.netty.channel.uring.AbstractIoUringChannel$AbstractUringUnsafe.writeComplete(AbstractIoUringChannel.java:1003)
	at io.netty.channel.uring.AbstractIoUringChannel$AbstractUringUnsafe.handle(AbstractIoUringChannel.java:474)
	at io.netty.channel.uring.IoUringIoHandler$DefaultIoUringIoRegistration.handle(IoUringIoHandler.java:705)
	at io.netty.channel.uring.IoUringIoHandler.handleFastPath(IoUringIoHandler.java:318)
	at io.netty.channel.uring.IoUringIoHandler.handle(IoUringIoHandler.java:298)
	at io.netty.channel.uring.CompletionQueue.process(CompletionQueue.java:151)
	at io.netty.channel.uring.IoUringIoHandler.processCompletionsAndHandleOverflow(IoUringIoHandler.java:213)
	at io.netty.channel.uring.IoUringIoHandler.run(IoUringIoHandler.java:188)
	at io.netty.channel.SingleThreadIoEventLoop.runIo(SingleThreadIoEventLoop.java:225)
	at io.netty.channel.SingleThreadIoEventLoop.run(SingleThreadIoEventLoop.java:196)
	at io.netty.util.concurrent.SingleThreadEventExecutor$5.run(SingleThreadEventExecutor.java:1204)
	at io.netty.util.internal.ThreadExecutorMap$2.run(ThreadExecutorMap.java:74)
	at io.netty.util.concurrent.FastThreadLocalRunnable.run(FastThreadLocalRunnable.java:30)
	at java.base/java.lang.Thread.run(Thread.java:1583)
00:06:31.109 [multiThreadIoEventLoopGroup-4-3] WARN  i.n.channel.uring.IoUringIoHandler - Unexpected exception in the IO event loop.
java.lang.IllegalStateException: arena buffer of Thread[#28,multiThreadIoEventLoopGroup-3-3,10,main] touched from Thread[#32,multiThreadIoEventLoopGroup-4-3,10,main] (event-loop arena buffers are thread confined)
	at io.netty.buffer.CycleArenaAllocator$ArenaBuf.violation(CycleArenaAllocator.java:1279)
	at io.netty.buffer.CycleArenaAllocator$ArenaBuf.retain(CycleArenaAllocator.java:1182)
	at io.netty.buffer.AbstractDerivedByteBuf.retain0(AbstractDerivedByteBuf.java:58)
	at io.netty.buffer.AbstractDerivedByteBuf.retain(AbstractDerivedByteBuf.java:54)
	at io.netty.channel.uring.IoUringSocketChannel$IoUringSocketUnsafe.handleWriteCompleteZeroCopy(IoUringSocketChannel.java:220)
	at io.netty.channel.uring.IoUringSocketChannel$IoUringSocketUnsafe.writeComplete0(IoUringSocketChannel.java:186)
	at io.netty.channel.uring.AbstractIoUringChannel$AbstractUringUnsafe.writeComplete(AbstractIoUringChannel.java:1003)
	at io.netty.channel.uring.AbstractIoUringChannel$AbstractUringUnsafe.handle(AbstractIoUringChannel.java:474)
	at io.netty.channel.uring.IoUringIoHandler$DefaultIoUringIoRegistration.handle(IoUringIoHandler.java:705)
	at io.netty.channel.uring.IoUringIoHandler.handleFastPath(IoUringIoHandler.java:318)
	at io.netty.channel.uring.IoUringIoHandler.handle(IoUringIoHandler.java:298)
	at io.netty.channel.uring.CompletionQueue.process(CompletionQueue.java:151)
	at io.netty.channel.uring.IoUringIoHandler.processCompletionsAndHandleOverflow(IoUringIoHandler.java:213)
	at io.netty.channel.uring.IoUringIoHandler.run(IoUringIoHandler.java:188)
	at io.netty.channel.SingleThreadIoEventLoop.runIo(SingleThreadIoEventLoop.java:225)
	at io.netty.channel.SingleThreadIoEventLoop.run(SingleThreadIoEventLoop.java:196)
	at io.netty.util.concurrent.SingleThreadEventExecutor$5.run(SingleThreadEventExecutor.java:1204)
	at io.netty.util.internal.ThreadExecutorMap$2.run(ThreadExecutorMap.java:74)
	at io.netty.util.concurrent.FastThreadLocalRunnable.run(FastThreadLocalRunnable.java:30)
	at java.base/java.lang.Thread.run(Thread.java:1583)
00:06:31.210 [multiThreadIoEventLoopGroup-4-2] WARN  io.netty.util.ReferenceCountUtil - Failed to release a message: UnpooledSlicedByteBuf(ridx: 0, widx: 3403, cap: 3403/3403, unwrapped: CycleArenaAllocator$ArenaBuf(ridx: 0, widx: 8192, cap: 8192))
java.lang.IllegalStateException: arena buffer of Thread[#28,multiThreadIoEventLoopGroup-3-3,10,main] touched from Thread[#31,multiThreadIoEventLoopGroup-4-2,10,main] (event-loop arena buffers are thread confined)
	at io.netty.buffer.CycleArenaAllocator$ArenaBuf.violation(CycleArenaAllocator.java:1279)
	at io.netty.buffer.CycleArenaAllocator$ArenaBuf.release(CycleArenaAllocator.java:1208)
	at io.netty.buffer.AbstractDerivedByteBuf.release0(AbstractDerivedByteBuf.java:98)
	at io.netty.buffer.AbstractDerivedByteBuf.release(AbstractDerivedByteBuf.java:94)
	at io.netty.util.ReferenceCountUtil.release(ReferenceCountUtil.java:90)
	at io.netty.util.ReferenceCountUtil.safeRelease(ReferenceCountUtil.java:116)
	at io.netty.channel.ChannelOutboundBuffer.remove(ChannelOutboundBuffer.java:300)
	at io.netty.channel.ChannelOutboundBuffer.removeBytes(ChannelOutboundBuffer.java:382)
	at io.netty.channel.uring.AbstractIoUringStreamChannel$IoUringStreamUnsafe.writeComplete0(AbstractIoUringStreamChannel.java:692)
	at io.netty.channel.uring.IoUringSocketChannel$IoUringSocketUnsafe.writeComplete0(IoUringSocketChannel.java:188)
	at io.netty.channel.uring.AbstractIoUringChannel$AbstractUringUnsafe.writeComplete(AbstractIoUringChannel.java:1003)
	at io.netty.channel.uring.AbstractIoUringChannel$AbstractUringUnsafe.handle(AbstractIoUringChannel.java:474)
	at io.netty.channel.uring.IoUringIoHandler$DefaultIoUringIoRegistration.handle(IoUringIoHandler.java:705)
	at io.netty.channel.uring.IoUringIoHandler.handleFastPath(IoUringIoHandler.java:318)
	at io.netty.channel.uring.IoUringIoHandler.handle(IoUringIoHandler.java:298)
	at io.netty.channel.uring.CompletionQueue.process(CompletionQueue.java:151)
	at io.netty.channel.uring.IoUringIoHandler.processCompletionsAndHandleOverflow(IoUringIoHandler.java:213)
	at io.netty.channel.uring.IoUringIoHandler.run(IoUringIoHandler.java:188)
	at io.netty.channel.SingleThreadIoEventLoop.runIo(SingleThreadIoEventLoop.java:225)
	at io.netty.channel.SingleThreadIoEventLoop.run(SingleThreadIoEventLoop.java:196)
	at io.netty.util.concurrent.SingleThreadEventExecutor$5.run(SingleThreadEventExecutor.java:1204)
	at io.netty.util.internal.ThreadExecutorMap$2.run(ThreadExecutorMap.java:74)
	at io.netty.util.concurrent.FastThreadLocalRunnable.run(FastThreadLocalRunnable.java:30)
	at java.base/java.lang.Thread.run(Thread.java:1583)
00:06:31.210 [multiThreadIoEventLoopGroup-4-3] WARN  i.n.channel.uring.IoUringIoHandler - Unexpected exception in the IO event loop.
java.lang.IllegalStateException: arena buffer of Thread[#28,multiThreadIoEventLoopGroup-3-3,10,main] touched from Thread[#32,multiThreadIoEventLoopGroup-4-3,10,main] (event-loop arena buffers are thread confined)
	at io.netty.buffer.CycleArenaAllocator$ArenaBuf.violation(CycleArenaAllocator.java:1279)
	at io.netty.buffer.CycleArenaAllocator$ArenaBuf.retain(CycleArenaAllocator.java:1182)
	at io.netty.buffer.AbstractDerivedByteBuf.retain0(AbstractDerivedByteBuf.java:58)
	at io.netty.buffer.AbstractDerivedByteBuf.retain(AbstractDerivedByteBuf.java:54)
	at io.netty.channel.uring.IoUringSocketChannel$IoUringSocketUnsafe.handleWriteCompleteZeroCopy(IoUringSocketChannel.java:220)
	at io.netty.channel.uring.IoUringSocketChannel$IoUringSocketUnsafe.writeComplete0(IoUringSocketChannel.java:186)
	at io.netty.channel.uring.AbstractIoUringChannel$AbstractUringUnsafe.writeComplete(AbstractIoUringChannel.java:1003)
	at io.netty.channel.uring.AbstractIoUringChannel$AbstractUringUnsafe.handle(AbstractIoUringChannel.java:474)
	at io.netty.channel.uring.IoUringIoHandler$DefaultIoUringIoRegistration.handle(IoUringIoHandler.java:705)
	at io.netty.channel.uring.IoUringIoHandler.handleFastPath(IoUringIoHandler.java:318)
	at io.netty.channel.uring.IoUringIoHandler.handle(IoUringIoHandler.java:298)
	at io.netty.channel.uring.CompletionQueue.process(CompletionQueue.java:151)
	at io.netty.channel.uring.IoUringIoHandler.processCompletionsAndHandleOverflow(IoUringIoHandler.java:213)
	at io.netty.channel.uring.IoUringIoHandler.run(IoUringIoHandler.java:188)
	at io.netty.channel.SingleThreadIoEventLoop.runIo(SingleThreadIoEventLoop.java:225)
	at io.netty.channel.SingleThreadIoEventLoop.run(SingleThreadIoEventLoop.java:196)
	at io.netty.util.concurrent.SingleThreadEventExecutor$5.run(SingleThreadEventExecutor.java:1204)
	at io.netty.util.internal.ThreadExecutorMap$2.run(ThreadExecutorMap.java:74)
	at io.netty.util.concurrent.FastThreadLocalRunnable.run(FastThreadLocalRunnable.java:30)
	at java.base/java.lang.Thread.run(Thread.java:1583)
00:06:31.209 [multiThreadIoEventLoopGroup-4-4] WARN  i.n.channel.uring.IoUringIoHandler - Unexpected exception in the IO event loop.
java.lang.IllegalStateException: arena buffer of Thread[#29,multiThreadIoEventLoopGroup-3-4,10,main] touched from Thread[#33,multiThreadIoEventLoopGroup-4-4,10,main] (event-loop arena buffers are thread confined)
	at io.netty.buffer.CycleArenaAllocator$ArenaBuf.violation(CycleArenaAllocator.java:1279)
	at io.netty.buffer.CycleArenaAllocator$ArenaBuf.retain(CycleArenaAllocator.java:1182)
	at io.netty.buffer.AbstractDerivedByteBuf.retain0(AbstractDerivedByteBuf.java:58)
	at io.netty.buffer.AbstractDerivedByteBuf.retain(AbstractDerivedByteBuf.java:54)
	at io.netty.channel.uring.IoUringSocketChannel$IoUringSocketUnsafe.handleWriteCompleteZeroCopy(IoUringSocketChannel.java:220)
	at io.netty.channel.uring.IoUringSocketChannel$IoUringSocketUnsafe.writeComplete0(IoUringSocketChannel.java:186)
	at io.netty.channel.uring.AbstractIoUringChannel$AbstractUringUnsafe.writeComplete(AbstractIoUringChannel.java:1003)
	at io.netty.channel.uring.AbstractIoUringChannel$AbstractUringUnsafe.handle(AbstractIoUringChannel.java:474)
	at io.netty.channel.uring.IoUringIoHandler$DefaultIoUringIoRegistration.handle(IoUringIoHandler.java:705)
	at io.netty.channel.uring.IoUringIoHandler.handleFastPath(IoUringIoHandler.java:318)
	at io.netty.channel.uring.IoUringIoHandler.handle(IoUringIoHandler.java:298)
	at io.netty.channel.uring.CompletionQueue.process(CompletionQueue.java:151)
	at io.netty.channel.uring.IoUringIoHandler.processCompletionsAndHandleOverflow(IoUringIoHandler.java:213)
	at io.netty.channel.uring.IoUringIoHandler.run(IoUringIoHandler.java:188)
	at io.netty.channel.SingleThreadIoEventLoop.runIo(SingleThreadIoEventLoop.java:225)
	at io.netty.channel.SingleThreadIoEventLoop.run(SingleThreadIoEventLoop.java:196)
	at io.netty.util.concurrent.SingleThreadEventExecutor$5.run(SingleThreadEventExecutor.java:1204)
	at io.netty.util.internal.ThreadExecutorMap$2.run(ThreadExecutorMap.java:74)
	at io.netty.util.concurrent.FastThreadLocalRunnable.run(FastThreadLocalRunnable.java:30)
	at java.base/java.lang.Thread.run(Thread.java:1583)
00:06:31.210 [multiThreadIoEventLoopGroup-4-1] WARN  io.netty.util.ReferenceCountUtil - Failed to release a message: UnpooledSlicedByteBuf(ridx: 0, widx: 3403, cap: 3403/3403, unwrapped: CycleArenaAllocator$ArenaBuf(ridx: 0, widx: 8192, cap: 8192))
java.lang.IllegalStateException: arena buffer of Thread[#29,multiThreadIoEventLoopGroup-3-4,10,main] touched from Thread[#30,multiThreadIoEventLoopGroup-4-1,10,main] (event-loop arena buffers are thread confined)
	at io.netty.buffer.CycleArenaAllocator$ArenaBuf.violation(CycleArenaAllocator.java:1279)
	at io.netty.buffer.CycleArenaAllocator$ArenaBuf.release(CycleArenaAllocator.java:1208)
	at io.netty.buffer.AbstractDerivedByteBuf.release0(AbstractDerivedByteBuf.java:98)
	at io.netty.buffer.AbstractDerivedByteBuf.release(AbstractDerivedByteBuf.java:94)
	at io.netty.util.ReferenceCountUtil.release(ReferenceCountUtil.java:90)
	at io.netty.util.ReferenceCountUtil.safeRelease(ReferenceCountUtil.java:116)
	at io.netty.channel.ChannelOutboundBuffer.remove(ChannelOutboundBuffer.java:300)
	at io.netty.channel.ChannelOutboundBuffer.removeBytes(ChannelOutboundBuffer.java:382)
	at io.netty.channel.uring.AbstractIoUringStreamChannel$IoUringStreamUnsafe.writeComplete0(AbstractIoUringStreamChannel.java:692)
	at io.netty.channel.uring.IoUringSocketChannel$IoUringSocketUnsafe.writeComplete0(IoUringSocketChannel.java:188)
	at io.netty.channel.uring.AbstractIoUringChannel$AbstractUringUnsafe.writeComplete(AbstractIoUringChannel.java:1003)
	at io.netty.channel.uring.AbstractIoUringChannel$AbstractUringUnsafe.handle(AbstractIoUringChannel.java:474)
	at io.netty.channel.uring.IoUringIoHandler$DefaultIoUringIoRegistration.handle(IoUringIoHandler.java:705)
	at io.netty.channel.uring.IoUringIoHandler.handleFastPath(IoUringIoHandler.java:318)
	at io.netty.channel.uring.IoUringIoHandler.handle(IoUringIoHandler.java:298)
	at io.netty.channel.uring.CompletionQueue.process(CompletionQueue.java:151)
	at io.netty.channel.uring.IoUringIoHandler.processCompletionsAndHandleOverflow(IoUringIoHandler.java:213)
	at io.netty.channel.uring.IoUringIoHandler.run(IoUringIoHandler.java:188)
	at io.netty.channel.SingleThreadIoEventLoop.runIo(SingleThreadIoEventLoop.java:225)
	at io.netty.channel.SingleThreadIoEventLoop.run(SingleThreadIoEventLoop.java:196)
	at io.netty.util.concurrent.SingleThreadEventExecutor$5.run(SingleThreadEventExecutor.java:1204)
	at io.netty.util.internal.ThreadExecutorMap$2.run(ThreadExecutorMap.java:74)
	at io.netty.util.concurrent.FastThreadLocalRunnable.run(FastThreadLocalRunnable.java:30)
	at java.base/java.lang.Thread.run(Thread.java:1583)
00:06:31.210 [multiThreadIoEventLoopGroup-4-2] WARN  io.netty.util.ReferenceCountUtil - Failed to release a message: UnpooledSlicedByteBuf(ridx: 0, widx: 3205, cap: 3205/3205, unwrapped: CycleArenaAllocator$ArenaBuf(ridx: 0, widx: 8192, cap: 8192))
java.lang.IllegalStateException: arena buffer of Thread[#28,multiThreadIoEventLoopGroup-3-3,10,main] touched from Thread[#31,multiThreadIoEventLoopGroup-4-2,10,main] (event-loop arena buffers are thread confined)
	at io.netty.buffer.CycleArenaAllocator$ArenaBuf.violation(CycleArenaAllocator.java:1279)
	at io.netty.buffer.CycleArenaAllocator$ArenaBuf.release(CycleArenaAllocator.java:1208)
	at io.netty.buffer.AbstractDerivedByteBuf.release0(AbstractDerivedByteBuf.java:98)
	at io.netty.buffer.AbstractDerivedByteBuf.release(AbstractDerivedByteBuf.java:94)
	at io.netty.util.ReferenceCountUtil.release(ReferenceCountUtil.java:90)
	at io.netty.util.ReferenceCountUtil.safeRelease(ReferenceCountUtil.java:116)
	at io.netty.channel.ChannelOutboundBuffer.remove(ChannelOutboundBuffer.java:300)
	at io.netty.channel.ChannelOutboundBuffer.removeBytes(ChannelOutboundBuffer.java:382)
	at io.netty.channel.uring.AbstractIoUringStreamChannel$IoUringStreamUnsafe.writeComplete0(AbstractIoUringStreamChannel.java:692)
	at io.netty.channel.uring.IoUringSocketChannel$IoUringSocketUnsafe.writeComplete0(IoUringSocketChannel.java:188)
	at io.netty.channel.uring.AbstractIoUringChannel$AbstractUringUnsafe.writeComplete(AbstractIoUringChannel.java:1003)
	at io.netty.channel.uring.AbstractIoUringChannel$AbstractUringUnsafe.handle(AbstractIoUringChannel.java:474)
	at io.netty.channel.uring.IoUringIoHandler$DefaultIoUringIoRegistration.handle(IoUringIoHandler.java:705)
	at io.netty.channel.uring.IoUringIoHandler.handleFastPath(IoUringIoHandler.java:318)
	at io.netty.channel.uring.IoUringIoHandler.handle(IoUringIoHandler.java:298)
	at io.netty.channel.uring.CompletionQueue.process(CompletionQueue.java:151)
	at io.netty.channel.uring.IoUringIoHandler.processCompletionsAndHandleOverflow(IoUringIoHandler.java:213)
	at io.netty.channel.uring.IoUringIoHandler.run(IoUringIoHandler.java:188)
	at io.netty.channel.SingleThreadIoEventLoop.runIo(SingleThreadIoEventLoop.java:225)
	at io.netty.channel.SingleThreadIoEventLoop.run(SingleThreadIoEventLoop.java:196)
	at io.netty.util.concurrent.SingleThreadEventExecutor$5.run(SingleThreadEventExecutor.java:1204)
	at io.netty.util.internal.ThreadExecutorMap$2.run(ThreadExecutorMap.java:74)
	at io.netty.util.concurrent.FastThreadLocalRunnable.run(FastThreadLocalRunnable.java:30)
	at java.base/java.lang.Thread.run(Thread.java:1583)
00:06:31.210 [multiThreadIoEventLoopGroup-4-1] WARN  i.n.channel.uring.IoUringIoHandler - Unexpected exception in the IO event loop.
java.lang.IllegalStateException: arena buffer of Thread[#27,multiThreadIoEventLoopGroup-3-2,10,main] touched from Thread[#30,multiThreadIoEventLoopGroup-4-1,10,main] (event-loop arena buffers are thread confined)
	at io.netty.buffer.CycleArenaAllocator$ArenaBuf.violation(CycleArenaAllocator.java:1279)
	at io.netty.buffer.CycleArenaAllocator$ArenaBuf.retain(CycleArenaAllocator.java:1182)
	at io.netty.buffer.AbstractDerivedByteBuf.retain0(AbstractDerivedByteBuf.java:58)
	at io.netty.buffer.AbstractDerivedByteBuf.retain(AbstractDerivedByteBuf.java:54)
	at io.netty.channel.uring.IoUringSocketChannel$IoUringSocketUnsafe.handleWriteCompleteZeroCopy(IoUringSocketChannel.java:220)
	at io.netty.channel.uring.IoUringSocketChannel$IoUringSocketUnsafe.writeComplete0(IoUringSocketChannel.java:186)
	at io.netty.channel.uring.AbstractIoUringChannel$AbstractUringUnsafe.writeComplete(AbstractIoUringChannel.java:1003)
	at io.netty.channel.uring.AbstractIoUringChannel$AbstractUringUnsafe.handle(AbstractIoUringChannel.java:474)
	at io.netty.channel.uring.IoUringIoHandler$DefaultIoUringIoRegistration.handle(IoUringIoHandler.java:705)
	at io.netty.channel.uring.IoUringIoHandler.handleFastPath(IoUringIoHandler.java:318)
	at io.netty.channel.uring.IoUringIoHandler.handle(IoUringIoHandler.java:298)
	at io.netty.channel.uring.CompletionQueue.process(CompletionQueue.java:151)
	at io.netty.channel.uring.IoUringIoHandler.processCompletionsAndHandleOverflow(IoUringIoHandler.java:213)
	at io.netty.channel.uring.IoUringIoHandler.run(IoUringIoHandler.java:188)
	at io.netty.channel.SingleThreadIoEventLoop.runIo(SingleThreadIoEventLoop.java:225)
	at io.netty.channel.SingleThreadIoEventLoop.run(SingleThreadIoEventLoop.java:196)
	at io.netty.util.concurrent.SingleThreadEventExecutor$5.run(SingleThreadEventExecutor.java:1204)
	at io.netty.util.internal.ThreadExecutorMap$2.run(ThreadExecutorMap.java:74)
	at io.netty.util.concurrent.FastThreadLocalRunnable.run(FastThreadLocalRunnable.java:30)
	at java.base/java.lang.Thread.run(Thread.java:1583)
00:06:31.210 [multiThreadIoEventLoopGroup-4-2] WARN  i.n.channel.uring.IoUringIoHandler - Unexpected exception in the IO event loop.
java.lang.IllegalStateException: arena buffer of Thread[#28,multiThreadIoEventLoopGroup-3-3,10,main] touched from Thread[#31,multiThreadIoEventLoopGroup-4-2,10,main] (event-loop arena buffers are thread confined)
	at io.netty.buffer.CycleArenaAllocator$ArenaBuf.violation(CycleArenaAllocator.java:1279)
	at io.netty.buffer.CycleArenaAllocator$ArenaBuf.retain(CycleArenaAllocator.java:1182)
	at io.netty.buffer.AbstractDerivedByteBuf.retain0(AbstractDerivedByteBuf.java:58)
	at io.netty.buffer.AbstractDerivedByteBuf.retain(AbstractDerivedByteBuf.java:54)
	at io.netty.channel.uring.IoUringSocketChannel$IoUringSocketUnsafe.handleWriteCompleteZeroCopy(IoUringSocketChannel.java:220)
	at io.netty.channel.uring.IoUringSocketChannel$IoUringSocketUnsafe.writeComplete0(IoUringSocketChannel.java:186)
	at io.netty.channel.uring.AbstractIoUringChannel$AbstractUringUnsafe.writeComplete(AbstractIoUringChannel.java:1003)
	at io.netty.channel.uring.AbstractIoUringChannel$AbstractUringUnsafe.handle(AbstractIoUringChannel.java:474)
	at io.netty.channel.uring.IoUringIoHandler$DefaultIoUringIoRegistration.handle(IoUringIoHandler.java:705)
	at io.netty.channel.uring.IoUringIoHandler.handleFastPath(IoUringIoHandler.java:318)
	at io.netty.channel.uring.IoUringIoHandler.handle(IoUringIoHandler.java:298)
	at io.netty.channel.uring.CompletionQueue.process(CompletionQueue.java:151)
	at io.netty.channel.uring.IoUringIoHandler.processCompletionsAndHandleOverflow(IoUringIoHandler.java:213)
	at io.netty.channel.uring.IoUringIoHandler.run(IoUringIoHandler.java:188)
	at io.netty.channel.SingleThreadIoEventLoop.runIo(SingleThreadIoEventLoop.java:225)
	at io.netty.channel.SingleThreadIoEventLoop.run(SingleThreadIoEventLoop.java:196)
	at io.netty.util.concurrent.SingleThreadEventExecutor$5.run(SingleThreadEventExecutor.java:1204)
	at io.netty.util.internal.ThreadExecutorMap$2.run(ThreadExecutorMap.java:74)
	at io.netty.util.concurrent.FastThreadLocalRunnable.run(FastThreadLocalRunnable.java:30)
	at java.base/java.lang.Thread.run(Thread.java:1583)
00:06:31.310 [multiThreadIoEventLoopGroup-4-4] WARN  i.n.channel.uring.IoUringIoHandler - Unexpected exception in the IO event loop.
java.lang.IllegalStateException: arena buffer of Thread[#29,multiThreadIoEventLoopGroup-3-4,10,main] touched from Thread[#33,multiThreadIoEventLoopGroup-4-4,10,main] (event-loop arena buffers are thread confined)
	at io.netty.buffer.CycleArenaAllocator$ArenaBuf.violation(CycleArenaAllocator.java:1279)
	at io.netty.buffer.CycleArenaAllocator$ArenaBuf.retain(CycleArenaAllocator.java:1182)
	at io.netty.buffer.AbstractDerivedByteBuf.retain0(AbstractDerivedByteBuf.java:58)
	at io.netty.buffer.AbstractDerivedByteBuf.retain(AbstractDerivedByteBuf.java:54)
	at io.netty.channel.uring.IoUringSocketChannel$IoUringSocketUnsafe.handleWriteCompleteZeroCopy(IoUringSocketChannel.java:220)
	at io.netty.channel.uring.IoUringSocketChannel$IoUringSocketUnsafe.writeComplete0(IoUringSocketChannel.java:186)
	at io.netty.channel.uring.AbstractIoUringChannel$AbstractUringUnsafe.writeComplete(AbstractIoUringChannel.java:1003)
	at io.netty.channel.uring.AbstractIoUringChannel$AbstractUringUnsafe.handle(AbstractIoUringChannel.java:474)
	at io.netty.channel.uring.IoUringIoHandler$DefaultIoUringIoRegistration.handle(IoUringIoHandler.java:705)
	at io.netty.channel.uring.IoUringIoHandler.handleFastPath(IoUringIoHandler.java:318)
	at io.netty.channel.uring.IoUringIoHandler.handle(IoUringIoHandler.java:298)
	at io.netty.channel.uring.CompletionQueue.process(CompletionQueue.java:151)
	at io.netty.channel.uring.IoUringIoHandler.processCompletionsAndHandleOverflow(IoUringIoHandler.java:213)
	at io.netty.channel.uring.IoUringIoHandler.run(IoUringIoHandler.java:188)
	at io.netty.channel.SingleThreadIoEventLoop.runIo(SingleThreadIoEventLoop.java:225)
	at io.netty.channel.SingleThreadIoEventLoop.run(SingleThreadIoEventLoop.java:196)
	at io.netty.util.concurrent.SingleThreadEventExecutor$5.run(SingleThreadEventExecutor.java:1204)
	at io.netty.util.internal.ThreadExecutorMap$2.run(ThreadExecutorMap.java:74)
	at io.netty.util.concurrent.FastThreadLocalRunnable.run(FastThreadLocalRunnable.java:30)
	at java.base/java.lang.Thread.run(Thread.java:1583)
00:06:31.310 [multiThreadIoEventLoopGroup-4-3] WARN  io.netty.util.ReferenceCountUtil - Failed to release a message: UnpooledSlicedByteBuf(ridx: 0, widx: 2809, cap: 2809/2809, unwrapped: CycleArenaAllocator$ArenaBuf(ridx: 0, widx: 8192, cap: 8192))
java.lang.IllegalStateException: arena buffer of Thread[#29,multiThreadIoEventLoopGroup-3-4,10,main] touched from Thread[#32,multiThreadIoEventLoopGroup-4-3,10,main] (event-loop arena buffers are thread confined)
	at io.netty.buffer.CycleArenaAllocator$ArenaBuf.violation(CycleArenaAllocator.java:1279)
	at io.netty.buffer.CycleArenaAllocator$ArenaBuf.release(CycleArenaAllocator.java:1208)
	at io.netty.buffer.AbstractDerivedByteBuf.release0(AbstractDerivedByteBuf.java:98)
	at io.netty.buffer.AbstractDerivedByteBuf.release(AbstractDerivedByteBuf.java:94)
	at io.netty.util.ReferenceCountUtil.release(ReferenceCountUtil.java:90)
	at io.netty.util.ReferenceCountUtil.safeRelease(ReferenceCountUtil.java:116)
	at io.netty.channel.ChannelOutboundBuffer.remove(ChannelOutboundBuffer.java:300)
	at io.netty.channel.ChannelOutboundBuffer.removeBytes(ChannelOutboundBuffer.java:382)
	at io.netty.channel.uring.AbstractIoUringStreamChannel$IoUringStreamUnsafe.writeComplete0(AbstractIoUringStreamChannel.java:692)
	at io.netty.channel.uring.IoUringSocketChannel$IoUringSocketUnsafe.writeComplete0(IoUringSocketChannel.java:188)
	at io.netty.channel.uring.AbstractIoUringChannel$AbstractUringUnsafe.writeComplete(AbstractIoUringChannel.java:1003)
	at io.netty.channel.uring.AbstractIoUringChannel$AbstractUringUnsafe.handle(AbstractIoUringChannel.java:474)
	at io.netty.channel.uring.IoUringIoHandler$DefaultIoUringIoRegistration.handle(IoUringIoHandler.java:705)
	at io.netty.channel.uring.IoUringIoHandler.handleFastPath(IoUringIoHandler.java:318)
	at io.netty.channel.uring.IoUringIoHandler.handle(IoUringIoHandler.java:298)
	at io.netty.channel.uring.CompletionQueue.process(CompletionQueue.java:151)
	at io.netty.channel.uring.IoUringIoHandler.processCompletionsAndHandleOverflow(IoUringIoHandler.java:213)
	at io.netty.channel.uring.IoUringIoHandler.run(IoUringIoHandler.java:188)
	at io.netty.channel.SingleThreadIoEventLoop.runIo(SingleThreadIoEventLoop.java:225)
	at io.netty.channel.SingleThreadIoEventLoop.run(SingleThreadIoEventLoop.java:196)
	at io.netty.util.concurrent.SingleThreadEventExecutor$5.run(SingleThreadEventExecutor.java:1204)
	at io.netty.util.internal.ThreadExecutorMap$2.run(ThreadExecutorMap.java:74)
	at io.netty.util.concurrent.FastThreadLocalRunnable.run(FastThreadLocalRunnable.java:30)
	at java.base/java.lang.Thread.run(Thread.java:1583)
00:06:31.310 [multiThreadIoEventLoopGroup-4-2] WARN  io.netty.util.ReferenceCountUtil - Failed to release a message: UnpooledSlicedByteBuf(ridx: 0, widx: 3007, cap: 3007/3007, unwrapped: CycleArenaAllocator$ArenaBuf(ridx: 0, widx: 8192, cap: 8192))
java.lang.IllegalStateException: arena buffer of Thread[#28,multiThreadIoEventLoopGroup-3-3,10,main] touched from Thread[#31,multiThreadIoEventLoopGroup-4-2,10,main] (event-loop arena buffers are thread confined)
	at io.netty.buffer.CycleArenaAllocator$ArenaBuf.violation(CycleArenaAllocator.java:1279)
	at io.netty.buffer.CycleArenaAllocator$ArenaBuf.release(CycleArenaAllocator.java:1208)
	at io.netty.buffer.AbstractDerivedByteBuf.release0(AbstractDerivedByteBuf.java:98)
	at io.netty.buffer.AbstractDerivedByteBuf.release(AbstractDerivedByteBuf.java:94)
	at io.netty.util.ReferenceCountUtil.release(ReferenceCountUtil.java:90)
	at io.netty.util.ReferenceCountUtil.safeRelease(ReferenceCountUtil.java:116)
	at io.netty.channel.ChannelOutboundBuffer.remove(ChannelOutboundBuffer.java:300)
	at io.netty.channel.ChannelOutboundBuffer.removeBytes(ChannelOutboundBuffer.java:382)
	at io.netty.channel.uring.AbstractIoUringStreamChannel$IoUringStreamUnsafe.writeComplete0(AbstractIoUringStreamChannel.java:692)
	at io.netty.channel.uring.IoUringSocketChannel$IoUringSocketUnsafe.writeComplete0(IoUringSocketChannel.java:188)
	at io.netty.channel.uring.AbstractIoUringChannel$AbstractUringUnsafe.writeComplete(AbstractIoUringChannel.java:1003)
	at io.netty.channel.uring.AbstractIoUringChannel$AbstractUringUnsafe.handle(AbstractIoUringChannel.java:474)
	at io.netty.channel.uring.IoUringIoHandler$DefaultIoUringIoRegistration.handle(IoUringIoHandler.java:705)
	at io.netty.channel.uring.IoUringIoHandler.handleFastPath(IoUringIoHandler.java:318)
	at io.netty.channel.uring.IoUringIoHandler.handle(IoUringIoHandler.java:298)
	at io.netty.channel.uring.CompletionQueue.process(CompletionQueue.java:151)
	at io.netty.channel.uring.IoUringIoHandler.processCompletionsAndHandleOverflow(IoUringIoHandler.java:213)
	at io.netty.channel.uring.IoUringIoHandler.run(IoUringIoHandler.java:188)
	at io.netty.channel.SingleThreadIoEventLoop.runIo(SingleThreadIoEventLoop.java:225)
	at io.netty.channel.SingleThreadIoEventLoop.run(SingleThreadIoEventLoop.java:196)
	at io.netty.util.concurrent.SingleThreadEventExecutor$5.run(SingleThreadEventExecutor.java:1204)
	at io.netty.util.internal.ThreadExecutorMap$2.run(ThreadExecutorMap.java:74)
	at io.netty.util.concurrent.FastThreadLocalRunnable.run(FastThreadLocalRunnable.java:30)
	at java.base/java.lang.Thread.run(Thread.java:1583)
00:06:31.310 [multiThreadIoEventLoopGroup-4-1] WARN  io.netty.util.ReferenceCountUtil - Failed to release a message: UnpooledSlicedByteBuf(ridx: 0, widx: 3403, cap: 3403/3403, unwrapped: CycleArenaAllocator$ArenaBuf(ridx: 0, widx: 8192, cap: 8192))
java.lang.IllegalStateException: arena buffer of Thread[#27,multiThreadIoEventLoopGroup-3-2,10,main] touched from Thread[#30,multiThreadIoEventLoopGroup-4-1,10,main] (event-loop arena buffers are thread confined)
	at io.netty.buffer.CycleArenaAllocator$ArenaBuf.violation(CycleArenaAllocator.java:1279)
	at io.netty.buffer.CycleArenaAllocator$ArenaBuf.release(CycleArenaAllocator.java:1208)
	at io.netty.buffer.AbstractDerivedByteBuf.release0(AbstractDerivedByteBuf.java:98)
	at io.netty.buffer.AbstractDerivedByteBuf.release(AbstractDerivedByteBuf.java:94)
	at io.netty.util.ReferenceCountUtil.release(ReferenceCountUtil.java:90)
	at io.netty.util.ReferenceCountUtil.safeRelease(ReferenceCountUtil.java:116)
	at io.netty.channel.ChannelOutboundBuffer.remove(ChannelOutboundBuffer.java:300)
	at io.netty.channel.ChannelOutboundBuffer.removeBytes(ChannelOutboundBuffer.java:382)
	at io.netty.channel.uring.AbstractIoUringStreamChannel$IoUringStreamUnsafe.writeComplete0(AbstractIoUringStreamChannel.java:692)
	at io.netty.channel.uring.IoUringSocketChannel$IoUringSocketUnsafe.writeComplete0(IoUringSocketChannel.java:188)
	at io.netty.channel.uring.AbstractIoUringChannel$AbstractUringUnsafe.writeComplete(AbstractIoUringChannel.java:1003)
	at io.netty.channel.uring.AbstractIoUringChannel$AbstractUringUnsafe.handle(AbstractIoUringChannel.java:474)
	at io.netty.channel.uring.IoUringIoHandler$DefaultIoUringIoRegistration.handle(IoUringIoHandler.java:705)
	at io.netty.channel.uring.IoUringIoHandler.handleFastPath(IoUringIoHandler.java:318)
	at io.netty.channel.uring.IoUringIoHandler.handle(IoUringIoHandler.java:298)
	at io.netty.channel.uring.CompletionQueue.process(CompletionQueue.java:151)
	at io.netty.channel.uring.IoUringIoHandler.processCompletionsAndHandleOverflow(IoUringIoHandler.java:213)
	at io.netty.channel.uring.IoUringIoHandler.run(IoUringIoHandler.java:188)
	at io.netty.channel.SingleThreadIoEventLoop.runIo(SingleThreadIoEventLoop.java:225)
	at io.netty.channel.SingleThreadIoEventLoop.run(SingleThreadIoEventLoop.java:196)
	at io.netty.util.concurrent.SingleThreadEventExecutor$5.run(SingleThreadEventExecutor.java:1204)
	at io.netty.util.internal.ThreadExecutorMap$2.run(ThreadExecutorMap.java:74)
	at io.netty.util.concurrent.FastThreadLocalRunnable.run(FastThreadLocalRunnable.java:30)
	at java.base/java.lang.Thread.run(Thread.java:1583)
00:06:31.310 [multiThreadIoEventLoopGroup-4-2] WARN  io.netty.util.ReferenceCountUtil - Failed to release a message: UnpooledSlicedByteBuf(ridx: 0, widx: 3205, cap: 3205/3205, unwrapped: CycleArenaAllocator$ArenaBuf(ridx: 0, widx: 8192, cap: 8192))
java.lang.IllegalStateException: arena buffer of Thread[#29,multiThreadIoEventLoopGroup-3-4,10,main] touched from Thread[#31,multiThreadIoEventLoopGroup-4-2,10,main] (event-loop arena buffers are thread confined)
	at io.netty.buffer.CycleArenaAllocator$ArenaBuf.violation(CycleArenaAllocator.java:1279)
	at io.netty.buffer.CycleArenaAllocator$ArenaBuf.release(CycleArenaAllocator.java:1208)
	at io.netty.buffer.AbstractDerivedByteBuf.release0(AbstractDerivedByteBuf.java:98)
	at io.netty.buffer.AbstractDerivedByteBuf.release(AbstractDerivedByteBuf.java:94)
	at io.netty.util.ReferenceCountUtil.release(ReferenceCountUtil.java:90)
	at io.netty.util.ReferenceCountUtil.safeRelease(ReferenceCountUtil.java:116)
	at io.netty.channel.ChannelOutboundBuffer.remove(ChannelOutboundBuffer.java:300)
	at io.netty.channel.ChannelOutboundBuffer.removeBytes(ChannelOutboundBuffer.java:382)
	at io.netty.channel.uring.AbstractIoUringStreamChannel$IoUringStreamUnsafe.writeComplete0(AbstractIoUringStreamChannel.java:692)
	at io.netty.channel.uring.IoUringSocketChannel$IoUringSocketUnsafe.writeComplete0(IoUringSocketChannel.java:188)
	at io.netty.channel.uring.AbstractIoUringChannel$AbstractUringUnsafe.writeComplete(AbstractIoUringChannel.java:1003)
	at io.netty.channel.uring.AbstractIoUringChannel$AbstractUringUnsafe.handle(AbstractIoUringChannel.java:474)
	at io.netty.channel.uring.IoUringIoHandler$DefaultIoUringIoRegistration.handle(IoUringIoHandler.java:705)
	at io.netty.channel.uring.IoUringIoHandler.handleFastPath(IoUringIoHandler.java:318)
	at io.netty.channel.uring.IoUringIoHandler.handle(IoUringIoHandler.java:298)
	at io.netty.channel.uring.CompletionQueue.process(CompletionQueue.java:151)
	at io.netty.channel.uring.IoUringIoHandler.processCompletionsAndHandleOverflow(IoUringIoHandler.java:213)
	at io.netty.channel.uring.IoUringIoHandler.run(IoUringIoHandler.java:188)
	at io.netty.channel.SingleThreadIoEventLoop.runIo(SingleThreadIoEventLoop.java:225)
	at io.netty.channel.SingleThreadIoEventLoop.run(SingleThreadIoEventLoop.java:196)
	at io.netty.util.concurrent.SingleThreadEventExecutor$5.run(SingleThreadEventExecutor.java:1204)
	at io.netty.util.internal.ThreadExecutorMap$2.run(ThreadExecutorMap.java:74)
	at io.netty.util.concurrent.FastThreadLocalRunnable.run(FastThreadLocalRunnable.java:30)
	at java.base/java.lang.Thread.run(Thread.java:1583)
00:06:31.310 [multiThreadIoEventLoopGroup-4-3] WARN  io.netty.util.ReferenceCountUtil - Failed to release a message: UnpooledSlicedByteBuf(ridx: 0, widx: 2809, cap: 2809/2809, unwrapped: CycleArenaAllocator$ArenaBuf(ridx: 0, widx: 8192, cap: 8192))
java.lang.IllegalStateException: arena buffer of Thread[#27,multiThreadIoEventLoopGroup-3-2,10,main] touched from Thread[#32,multiThreadIoEventLoopGroup-4-3,10,main] (event-loop arena buffers are thread confined)
	at io.netty.buffer.CycleArenaAllocator$ArenaBuf.violation(CycleArenaAllocator.java:1279)
	at io.netty.buffer.CycleArenaAllocator$ArenaBuf.release(CycleArenaAllocator.java:1208)
	at io.netty.buffer.AbstractDerivedByteBuf.release0(AbstractDerivedByteBuf.java:98)
	at io.netty.buffer.AbstractDerivedByteBuf.release(AbstractDerivedByteBuf.java:94)
	at io.netty.util.ReferenceCountUtil.release(ReferenceCountUtil.java:90)
	at io.netty.util.ReferenceCountUtil.safeRelease(ReferenceCountUtil.java:116)
	at io.netty.channel.ChannelOutboundBuffer.remove(ChannelOutboundBuffer.java:300)
	at io.netty.channel.ChannelOutboundBuffer.removeBytes(ChannelOutboundBuffer.java:382)
	at io.netty.channel.uring.AbstractIoUringStreamChannel$IoUringStreamUnsafe.writeComplete0(AbstractIoUringStreamChannel.java:692)
	at io.netty.channel.uring.IoUringSocketChannel$IoUringSocketUnsafe.writeComplete0(IoUringSocketChannel.java:188)
	at io.netty.channel.uring.AbstractIoUringChannel$AbstractUringUnsafe.writeComplete(AbstractIoUringChannel.java:1003)
	at io.netty.channel.uring.AbstractIoUringChannel$AbstractUringUnsafe.handle(AbstractIoUringChannel.java:474)
	at io.netty.channel.uring.IoUringIoHandler$DefaultIoUringIoRegistration.handle(IoUringIoHandler.java:705)
	at io.netty.channel.uring.IoUringIoHandler.handleFastPath(IoUringIoHandler.java:318)
	at io.netty.channel.uring.IoUringIoHandler.handle(IoUringIoHandler.java:298)
	at io.netty.channel.uring.CompletionQueue.process(CompletionQueue.java:151)
	at io.netty.channel.uring.IoUringIoHandler.processCompletionsAndHandleOverflow(IoUringIoHandler.java:213)
	at io.netty.channel.uring.IoUringIoHandler.run(IoUringIoHandler.java:188)
	at io.netty.channel.SingleThreadIoEventLoop.runIo(SingleThreadIoEventLoop.java:225)
	at io.netty.channel.SingleThreadIoEventLoop.run(SingleThreadIoEventLoop.java:196)
	at io.netty.util.concurrent.SingleThreadEventExecutor$5.run(SingleThreadEventExecutor.java:1204)
	at io.netty.util.internal.ThreadExecutorMap$2.run(ThreadExecutorMap.java:74)
	at io.netty.util.concurrent.FastThreadLocalRunnable.run(FastThreadLocalRunnable.java:30)
	at java.base/java.lang.Thread.run(Thread.java:1583)
00:06:31.310 [multiThreadIoEventLoopGroup-4-1] WARN  io.netty.util.ReferenceCountUtil - Failed to release a message: UnpooledSlicedByteBuf(ridx: 0, widx: 2809, cap: 2809/2809, unwrapped: CycleArenaAllocator$ArenaBuf(ridx: 0, widx: 8192, cap: 8192))
java.lang.IllegalStateException: arena buffer of Thread[#28,multiThreadIoEventLoopGroup-3-3,10,main] touched from Thread[#30,multiThreadIoEventLoopGroup-4-1,10,main] (event-loop arena buffers are thread confined)
	at io.netty.buffer.CycleArenaAllocator$ArenaBuf.violation(CycleArenaAllocator.java:1279)
	at io.netty.buffer.CycleArenaAllocator$ArenaBuf.release(CycleArenaAllocator.java:1208)
	at io.netty.buffer.AbstractDerivedByteBuf.release0(AbstractDerivedByteBuf.java:98)
	at io.netty.buffer.AbstractDerivedByteBuf.release(AbstractDerivedByteBuf.java:94)
	at io.netty.util.ReferenceCountUtil.release(ReferenceCountUtil.java:90)
	at io.netty.util.ReferenceCountUtil.safeRelease(ReferenceCountUtil.java:116)
	at io.netty.channel.ChannelOutboundBuffer.remove(ChannelOutboundBuffer.java:300)
	at io.netty.channel.ChannelOutboundBuffer.removeBytes(ChannelOutboundBuffer.java:382)
	at io.netty.channel.uring.AbstractIoUringStreamChannel$IoUringStreamUnsafe.writeComplete0(AbstractIoUringStreamChannel.java:692)
	at io.netty.channel.uring.IoUringSocketChannel$IoUringSocketUnsafe.writeComplete0(IoUringSocketChannel.java:188)
	at io.netty.channel.uring.AbstractIoUringChannel$AbstractUringUnsafe.writeComplete(AbstractIoUringChannel.java:1003)
	at io.netty.channel.uring.AbstractIoUringChannel$AbstractUringUnsafe.handle(AbstractIoUringChannel.java:474)
	at io.netty.channel.uring.IoUringIoHandler$DefaultIoUringIoRegistration.handle(IoUringIoHandler.java:705)
	at io.netty.channel.uring.IoUringIoHandler.handleFastPath(IoUringIoHandler.java:318)
	at io.netty.channel.uring.IoUringIoHandler.handle(IoUringIoHandler.java:298)
	at io.netty.channel.uring.CompletionQueue.process(CompletionQueue.java:151)
	at io.netty.channel.uring.IoUringIoHandler.processCompletionsAndHandleOverflow(IoUringIoHandler.java:213)
	at io.netty.channel.uring.IoUringIoHandler.run(IoUringIoHandler.java:188)
	at io.netty.channel.SingleThreadIoEventLoop.runIo(SingleThreadIoEventLoop.java:225)
	at io.netty.channel.SingleThreadIoEventLoop.run(SingleThreadIoEventLoop.java:196)
	at io.netty.util.concurrent.SingleThreadEventExecutor$5.run(SingleThreadEventExecutor.java:1204)
	at io.netty.util.internal.ThreadExecutorMap$2.run(ThreadExecutorMap.java:74)
	at io.netty.util.concurrent.FastThreadLocalRunnable.run(FastThreadLocalRunnable.java:30)
	at java.base/java.lang.Thread.run(Thread.java:1583)
00:06:31.310 [multiThreadIoEventLoopGroup-4-2] WARN  i.n.channel.uring.IoUringIoHandler - Unexpected exception in the IO event loop.
java.lang.IllegalStateException: arena buffer of Thread[#26,multiThreadIoEventLoopGroup-3-1,10,main] touched from Thread[#31,multiThreadIoEventLoopGroup-4-2,10,main] (event-loop arena buffers are thread confined)
	at io.netty.buffer.CycleArenaAllocator$ArenaBuf.violation(CycleArenaAllocator.java:1279)
	at io.netty.buffer.CycleArenaAllocator$ArenaBuf.retain(CycleArenaAllocator.java:1182)
	at io.netty.buffer.AbstractDerivedByteBuf.retain0(AbstractDerivedByteBuf.java:58)
	at io.netty.buffer.AbstractDerivedByteBuf.retain(AbstractDerivedByteBuf.java:54)
	at io.netty.channel.uring.IoUringSocketChannel$IoUringSocketUnsafe.handleWriteCompleteZeroCopy(IoUringSocketChannel.java:220)
	at io.netty.channel.uring.IoUringSocketChannel$IoUringSocketUnsafe.writeComplete0(IoUringSocketChannel.java:186)
	at io.netty.channel.uring.AbstractIoUringChannel$AbstractUringUnsafe.writeComplete(AbstractIoUringChannel.java:1003)
	at io.netty.channel.uring.AbstractIoUringChannel$AbstractUringUnsafe.handle(AbstractIoUringChannel.java:474)
	at io.netty.channel.uring.IoUringIoHandler$DefaultIoUringIoRegistration.handle(IoUringIoHandler.java:705)
	at io.netty.channel.uring.IoUringIoHandler.handleFastPath(IoUringIoHandler.java:318)
	at io.netty.channel.uring.IoUringIoHandler.handle(IoUringIoHandler.java:298)
	at io.netty.channel.uring.CompletionQueue.process(CompletionQueue.java:151)
	at io.netty.channel.uring.IoUringIoHandler.processCompletionsAndHandleOverflow(IoUringIoHandler.java:213)
	at io.netty.channel.uring.IoUringIoHandler.run(IoUringIoHandler.java:188)
	at io.netty.channel.SingleThreadIoEventLoop.runIo(SingleThreadIoEventLoop.java:225)
	at io.netty.channel.SingleThreadIoEventLoop.run(SingleThreadIoEventLoop.java:196)
	at io.netty.util.concurrent.SingleThreadEventExecutor$5.run(SingleThreadEventExecutor.java:1204)
	at io.netty.util.internal.ThreadExecutorMap$2.run(ThreadExecutorMap.java:74)
	at io.netty.util.concurrent.FastThreadLocalRunnable.run(FastThreadLocalRunnable.java:30)
	at java.base/java.lang.Thread.run(Thread.java:1583)
00:06:31.310 [multiThreadIoEventLoopGroup-4-1] WARN  i.n.channel.uring.IoUringIoHandler - Unexpected exception in the IO event loop.
java.lang.IllegalStateException: arena buffer of Thread[#27,multiThreadIoEventLoopGroup-3-2,10,main] touched from Thread[#30,multiThreadIoEventLoopGroup-4-1,10,main] (event-loop arena buffers are thread confined)
	at io.netty.buffer.CycleArenaAllocator$ArenaBuf.violation(CycleArenaAllocator.java:1279)
	at io.netty.buffer.CycleArenaAllocator$ArenaBuf.retain(CycleArenaAllocator.java:1182)
	at io.netty.buffer.AbstractDerivedByteBuf.retain0(AbstractDerivedByteBuf.java:58)
	at io.netty.buffer.AbstractDerivedByteBuf.retain(AbstractDerivedByteBuf.java:54)
	at io.netty.channel.uring.IoUringSocketChannel$IoUringSocketUnsafe.handleWriteCompleteZeroCopy(IoUringSocketChannel.java:220)
	at io.netty.channel.uring.IoUringSocketChannel$IoUringSocketUnsafe.writeComplete0(IoUringSocketChannel.java:186)
	at io.netty.channel.uring.AbstractIoUringChannel$AbstractUringUnsafe.writeComplete(AbstractIoUringChannel.java:1003)
	at io.netty.channel.uring.AbstractIoUringChannel$AbstractUringUnsafe.handle(AbstractIoUringChannel.java:474)
	at io.netty.channel.uring.IoUringIoHandler$DefaultIoUringIoRegistration.handle(IoUringIoHandler.java:705)
	at io.netty.channel.uring.IoUringIoHandler.handleFastPath(IoUringIoHandler.java:318)
	at io.netty.channel.uring.IoUringIoHandler.handle(IoUringIoHandler.java:298)
	at io.netty.channel.uring.CompletionQueue.process(CompletionQueue.java:151)
	at io.netty.channel.uring.IoUringIoHandler.processCompletionsAndHandleOverflow(IoUringIoHandler.java:213)
	at io.netty.channel.uring.IoUringIoHandler.run(IoUringIoHandler.java:188)
	at io.netty.channel.SingleThreadIoEventLoop.runIo(SingleThreadIoEventLoop.java:225)
	at io.netty.channel.SingleThreadIoEventLoop.run(SingleThreadIoEventLoop.java:196)
	at io.netty.util.concurrent.SingleThreadEventExecutor$5.run(SingleThreadEventExecutor.java:1204)
	at io.netty.util.internal.ThreadExecutorMap$2.run(ThreadExecutorMap.java:74)
	at io.netty.util.concurrent.FastThreadLocalRunnable.run(FastThreadLocalRunnable.java:30)
	at java.base/java.lang.Thread.run(Thread.java:1583)
00:06:31.310 [multiThreadIoEventLoopGroup-4-3] WARN  io.netty.util.ReferenceCountUtil - Failed to release a message: UnpooledSlicedByteBuf(ridx: 0, widx: 2809, cap: 2809/2809, unwrapped: CycleArenaAllocator$ArenaBuf(ridx: 0, widx: 8192, cap: 8192))
java.lang.IllegalStateException: arena buffer of Thread[#26,multiThreadIoEventLoopGroup-3-1,10,main] touched from Thread[#32,multiThreadIoEventLoopGroup-4-3,10,main] (event-loop arena buffers are thread confined)
	at io.netty.buffer.CycleArenaAllocator$ArenaBuf.violation(CycleArenaAllocator.java:1279)
	at io.netty.buffer.CycleArenaAllocator$ArenaBuf.release(CycleArenaAllocator.java:1208)
	at io.netty.buffer.AbstractDerivedByteBuf.release0(AbstractDerivedByteBuf.java:98)
	at io.netty.buffer.AbstractDerivedByteBuf.release(AbstractDerivedByteBuf.java:94)
	at io.netty.util.ReferenceCountUtil.release(ReferenceCountUtil.java:90)
	at io.netty.util.ReferenceCountUtil.safeRelease(ReferenceCountUtil.java:116)
	at io.netty.channel.ChannelOutboundBuffer.remove(ChannelOutboundBuffer.java:300)
	at io.netty.channel.ChannelOutboundBuffer.removeBytes(ChannelOutboundBuffer.java:382)
	at io.netty.channel.uring.AbstractIoUringStreamChannel$IoUringStreamUnsafe.writeComplete0(AbstractIoUringStreamChannel.java:692)
	at io.netty.channel.uring.IoUringSocketChannel$IoUringSocketUnsafe.writeComplete0(IoUringSocketChannel.java:188)
	at io.netty.channel.uring.AbstractIoUringChannel$AbstractUringUnsafe.writeComplete(AbstractIoUringChannel.java:1003)
	at io.netty.channel.uring.AbstractIoUringChannel$AbstractUringUnsafe.handle(AbstractIoUringChannel.java:474)
	at io.netty.channel.uring.IoUringIoHandler$DefaultIoUringIoRegistration.handle(IoUringIoHandler.java:705)
	at io.netty.channel.uring.IoUringIoHandler.handleFastPath(IoUringIoHandler.java:318)
	at io.netty.channel.uring.IoUringIoHandler.handle(IoUringIoHandler.java:298)
	at io.netty.channel.uring.CompletionQueue.process(CompletionQueue.java:151)
	at io.netty.channel.uring.IoUringIoHandler.processCompletionsAndHandleOverflow(IoUringIoHandler.java:213)
	at io.netty.channel.uring.IoUringIoHandler.run(IoUringIoHandler.java:188)
	at io.netty.channel.SingleThreadIoEventLoop.runIo(SingleThreadIoEventLoop.java:225)
	at io.netty.channel.SingleThreadIoEventLoop.run(SingleThreadIoEventLoop.java:196)
	at io.netty.util.concurrent.SingleThreadEventExecutor$5.run(SingleThreadEventExecutor.java:1204)
	at io.netty.util.internal.ThreadExecutorMap$2.run(ThreadExecutorMap.java:74)
	at io.netty.util.concurrent.FastThreadLocalRunnable.run(FastThreadLocalRunnable.java:30)
	at java.base/java.lang.Thread.run(Thread.java:1583)
00:06:31.310 [multiThreadIoEventLoopGroup-4-3] WARN  io.netty.util.ReferenceCountUtil - Failed to release a message: UnpooledSlicedByteBuf(ridx: 0, widx: 2611, cap: 2611/2611, unwrapped: CycleArenaAllocator$ArenaBuf(ridx: 0, widx: 8192, cap: 8192))
java.lang.IllegalStateException: arena buffer of Thread[#29,multiThreadIoEventLoopGroup-3-4,10,main] touched from Thread[#32,multiThreadIoEventLoopGroup-4-3,10,main] (event-loop arena buffers are thread confined)
	at io.netty.buffer.CycleArenaAllocator$ArenaBuf.violation(CycleArenaAllocator.java:1279)
	at io.netty.buffer.CycleArenaAllocator$ArenaBuf.release(CycleArenaAllocator.java:1208)
	at io.netty.buffer.AbstractDerivedByteBuf.release0(AbstractDerivedByteBuf.java:98)
	at io.netty.buffer.AbstractDerivedByteBuf.release(AbstractDerivedByteBuf.java:94)
	at io.netty.util.ReferenceCountUtil.release(ReferenceCountUtil.java:90)
	at io.netty.util.ReferenceCountUtil.safeRelease(ReferenceCountUtil.java:116)
	at io.netty.channel.ChannelOutboundBuffer.remove(ChannelOutboundBuffer.java:300)
	at io.netty.channel.ChannelOutboundBuffer.removeBytes(ChannelOutboundBuffer.java:382)
	at io.netty.channel.uring.AbstractIoUringStreamChannel$IoUringStreamUnsafe.writeComplete0(AbstractIoUringStreamChannel.java:692)
	at io.netty.channel.uring.IoUringSocketChannel$IoUringSocketUnsafe.writeComplete0(IoUringSocketChannel.java:188)
	at io.netty.channel.uring.AbstractIoUringChannel$AbstractUringUnsafe.writeComplete(AbstractIoUringChannel.java:1003)
	at io.netty.channel.uring.AbstractIoUringChannel$AbstractUringUnsafe.handle(AbstractIoUringChannel.java:474)
	at io.netty.channel.uring.IoUringIoHandler$DefaultIoUringIoRegistration.handle(IoUringIoHandler.java:705)
	at io.netty.channel.uring.IoUringIoHandler.handleFastPath(IoUringIoHandler.java:318)
	at io.netty.channel.uring.IoUringIoHandler.handle(IoUringIoHandler.java:298)
	at io.netty.channel.uring.CompletionQueue.process(CompletionQueue.java:151)
	at io.netty.channel.uring.IoUringIoHandler.processCompletionsAndHandleOverflow(IoUringIoHandler.java:213)
	at io.netty.channel.uring.IoUringIoHandler.run(IoUringIoHandler.java:188)
	at io.netty.channel.SingleThreadIoEventLoop.runIo(SingleThreadIoEventLoop.java:225)
	at io.netty.channel.SingleThreadIoEventLoop.run(SingleThreadIoEventLoop.java:196)
	at io.netty.util.concurrent.SingleThreadEventExecutor$5.run(SingleThreadEventExecutor.java:1204)
	at io.netty.util.internal.ThreadExecutorMap$2.run(ThreadExecutorMap.java:74)
	at io.netty.util.concurrent.FastThreadLocalRunnable.run(FastThreadLocalRunnable.java:30)
	at java.base/java.lang.Thread.run(Thread.java:1583)
00:06:31.310 [multiThreadIoEventLoopGroup-4-3] WARN  i.n.channel.uring.IoUringIoHandler - Unexpected exception in the IO event loop.
java.lang.IllegalStateException: arena buffer of Thread[#27,multiThreadIoEventLoopGroup-3-2,10,main] touched from Thread[#32,multiThreadIoEventLoopGroup-4-3,10,main] (event-loop arena buffers are thread confined)
	at io.netty.buffer.CycleArenaAllocator$ArenaBuf.violation(CycleArenaAllocator.java:1279)
	at io.netty.buffer.CycleArenaAllocator$ArenaBuf.retain(CycleArenaAllocator.java:1182)
	at io.netty.buffer.AbstractDerivedByteBuf.retain0(AbstractDerivedByteBuf.java:58)
	at io.netty.buffer.AbstractDerivedByteBuf.retain(AbstractDerivedByteBuf.java:54)
	at io.netty.channel.uring.IoUringSocketChannel$IoUringSocketUnsafe.handleWriteCompleteZeroCopy(IoUringSocketChannel.java:220)
	at io.netty.channel.uring.IoUringSocketChannel$IoUringSocketUnsafe.writeComplete0(IoUringSocketChannel.java:186)
	at io.netty.channel.uring.AbstractIoUringChannel$AbstractUringUnsafe.writeComplete(AbstractIoUringChannel.java:1003)
	at io.netty.channel.uring.AbstractIoUringChannel$AbstractUringUnsafe.handle(AbstractIoUringChannel.java:474)
	at io.netty.channel.uring.IoUringIoHandler$DefaultIoUringIoRegistration.handle(IoUringIoHandler.java:705)
	at io.netty.channel.uring.IoUringIoHandler.handleFastPath(IoUringIoHandler.java:318)
	at io.netty.channel.uring.IoUringIoHandler.handle(IoUringIoHandler.java:298)
	at io.netty.channel.uring.CompletionQueue.process(CompletionQueue.java:151)
	at io.netty.channel.uring.IoUringIoHandler.processCompletionsAndHandleOverflow(IoUringIoHandler.java:213)
	at io.netty.channel.uring.IoUringIoHandler.run(IoUringIoHandler.java:188)
	at io.netty.channel.SingleThreadIoEventLoop.runIo(SingleThreadIoEventLoop.java:225)
	at io.netty.channel.SingleThreadIoEventLoop.run(SingleThreadIoEventLoop.java:196)
	at io.netty.util.concurrent.SingleThreadEventExecutor$5.run(SingleThreadEventExecutor.java:1204)
	at io.netty.util.internal.ThreadExecutorMap$2.run(ThreadExecutorMap.java:74)
	at io.netty.util.concurrent.FastThreadLocalRunnable.run(FastThreadLocalRunnable.java:30)
	at java.base/java.lang.Thread.run(Thread.java:1583)
00:06:31.410 [multiThreadIoEventLoopGroup-4-2] WARN  io.netty.util.ReferenceCountUtil - Failed to release a message: UnpooledSlicedByteBuf(ridx: 0, widx: 3205, cap: 3205/3205, unwrapped: CycleArenaAllocator$ArenaBuf(ridx: 0, widx: 8192, cap: 8192))
java.lang.IllegalStateException: arena buffer of Thread[#26,multiThreadIoEventLoopGroup-3-1,10,main] touched from Thread[#31,multiThreadIoEventLoopGroup-4-2,10,main] (event-loop arena buffers are thread confined)
	at io.netty.buffer.CycleArenaAllocator$ArenaBuf.violation(CycleArenaAllocator.java:1279)
	at io.netty.buffer.CycleArenaAllocator$ArenaBuf.release(CycleArenaAllocator.java:1208)
	at io.netty.buffer.AbstractDerivedByteBuf.release0(AbstractDerivedByteBuf.java:98)
	at io.netty.buffer.AbstractDerivedByteBuf.release(AbstractDerivedByteBuf.java:94)
	at io.netty.util.ReferenceCountUtil.release(ReferenceCountUtil.java:90)
	at io.netty.util.ReferenceCountUtil.safeRelease(ReferenceCountUtil.java:116)
	at io.netty.channel.ChannelOutboundBuffer.remove(ChannelOutboundBuffer.java:300)
	at io.netty.channel.ChannelOutboundBuffer.removeBytes(ChannelOutboundBuffer.java:382)
	at io.netty.channel.uring.AbstractIoUringStreamChannel$IoUringStreamUnsafe.writeComplete0(AbstractIoUringStreamChannel.java:692)
	at io.netty.channel.uring.IoUringSocketChannel$IoUringSocketUnsafe.writeComplete0(IoUringSocketChannel.java:188)
	at io.netty.channel.uring.AbstractIoUringChannel$AbstractUringUnsafe.writeComplete(AbstractIoUringChannel.java:1003)
	at io.netty.channel.uring.AbstractIoUringChannel$AbstractUringUnsafe.handle(AbstractIoUringChannel.java:474)
	at io.netty.channel.uring.IoUringIoHandler$DefaultIoUringIoRegistration.handle(IoUringIoHandler.java:705)
	at io.netty.channel.uring.IoUringIoHandler.handleFastPath(IoUringIoHandler.java:318)
	at io.netty.channel.uring.IoUringIoHandler.handle(IoUringIoHandler.java:298)
	at io.netty.channel.uring.CompletionQueue.process(CompletionQueue.java:151)
	at io.netty.channel.uring.IoUringIoHandler.processCompletionsAndHandleOverflow(IoUringIoHandler.java:213)
	at io.netty.channel.uring.IoUringIoHandler.run(IoUringIoHandler.java:188)
	at io.netty.channel.SingleThreadIoEventLoop.runIo(SingleThreadIoEventLoop.java:225)
	at io.netty.channel.SingleThreadIoEventLoop.run(SingleThreadIoEventLoop.java:196)
	at io.netty.util.concurrent.SingleThreadEventExecutor$5.run(SingleThreadEventExecutor.java:1204)
	at io.netty.util.internal.ThreadExecutorMap$2.run(ThreadExecutorMap.java:74)
	at io.netty.util.concurrent.FastThreadLocalRunnable.run(FastThreadLocalRunnable.java:30)
	at java.base/java.lang.Thread.run(Thread.java:1583)
00:06:31.410 [multiThreadIoEventLoopGroup-4-4] WARN  io.netty.util.ReferenceCountUtil - Failed to release a message: UnpooledSlicedByteBuf(ridx: 0, widx: 3403, cap: 3403/3403, unwrapped: CycleArenaAllocator$ArenaBuf(ridx: 0, widx: 8192, cap: 8192))
java.lang.IllegalStateException: arena buffer of Thread[#26,multiThreadIoEventLoopGroup-3-1,10,main] touched from Thread[#33,multiThreadIoEventLoopGroup-4-4,10,main] (event-loop arena buffers are thread confined)
	at io.netty.buffer.CycleArenaAllocator$ArenaBuf.violation(CycleArenaAllocator.java:1279)
	at io.netty.buffer.CycleArenaAllocator$ArenaBuf.release(CycleArenaAllocator.java:1208)
	at io.netty.buffer.AbstractDerivedByteBuf.release0(AbstractDerivedByteBuf.java:98)
	at io.netty.buffer.AbstractDerivedByteBuf.release(AbstractDerivedByteBuf.java:94)
	at io.netty.util.ReferenceCountUtil.release(ReferenceCountUtil.java:90)
	at io.netty.util.ReferenceCountUtil.safeRelease(ReferenceCountUtil.java:116)
	at io.netty.channel.ChannelOutboundBuffer.remove(ChannelOutboundBuffer.java:300)
	at io.netty.channel.ChannelOutboundBuffer.removeBytes(ChannelOutboundBuffer.java:382)
	at io.netty.channel.uring.AbstractIoUringStreamChannel$IoUringStreamUnsafe.writeComplete0(AbstractIoUringStreamChannel.java:692)
	at io.netty.channel.uring.IoUringSocketChannel$IoUringSocketUnsafe.writeComplete0(IoUringSocketChannel.java:188)
	at io.netty.channel.uring.AbstractIoUringChannel$AbstractUringUnsafe.writeComplete(AbstractIoUringChannel.java:1003)
	at io.netty.channel.uring.AbstractIoUringChannel$AbstractUringUnsafe.handle(AbstractIoUringChannel.java:474)
	at io.netty.channel.uring.IoUringIoHandler$DefaultIoUringIoRegistration.handle(IoUringIoHandler.java:705)
	at io.netty.channel.uring.IoUringIoHandler.handleFastPath(IoUringIoHandler.java:318)
	at io.netty.channel.uring.IoUringIoHandler.handle(IoUringIoHandler.java:298)
	at io.netty.channel.uring.CompletionQueue.process(CompletionQueue.java:151)
	at io.netty.channel.uring.IoUringIoHandler.processCompletionsAndHandleOverflow(IoUringIoHandler.java:213)
	at io.netty.channel.uring.IoUringIoHandler.run(IoUringIoHandler.java:188)
	at io.netty.channel.SingleThreadIoEventLoop.runIo(SingleThreadIoEventLoop.java:225)
	at io.netty.channel.SingleThreadIoEventLoop.run(SingleThreadIoEventLoop.java:196)
	at io.netty.util.concurrent.SingleThreadEventExecutor$5.run(SingleThreadEventExecutor.java:1204)
	at io.netty.util.internal.ThreadExecutorMap$2.run(ThreadExecutorMap.java:74)
	at io.netty.util.concurrent.FastThreadLocalRunnable.run(FastThreadLocalRunnable.java:30)
	at java.base/java.lang.Thread.run(Thread.java:1583)
00:06:31.410 [multiThreadIoEventLoopGroup-4-1] WARN  io.netty.util.ReferenceCountUtil - Failed to release a message: UnpooledSlicedByteBuf(ridx: 0, widx: 2611, cap: 2611/2611, unwrapped: CycleArenaAllocator$ArenaBuf(ridx: 0, widx: 8192, cap: 8192))
java.lang.IllegalStateException: arena buffer of Thread[#28,multiThreadIoEventLoopGroup-3-3,10,main] touched from Thread[#30,multiThreadIoEventLoopGroup-4-1,10,main] (event-loop arena buffers are thread confined)
	at io.netty.buffer.CycleArenaAllocator$ArenaBuf.violation(CycleArenaAllocator.java:1279)
	at io.netty.buffer.CycleArenaAllocator$ArenaBuf.release(CycleArenaAllocator.java:1208)
	at io.netty.buffer.AbstractDerivedByteBuf.release0(AbstractDerivedByteBuf.java:98)
	at io.netty.buffer.AbstractDerivedByteBuf.release(AbstractDerivedByteBuf.java:94)
	at io.netty.util.ReferenceCountUtil.release(ReferenceCountUtil.java:90)
	at io.netty.util.ReferenceCountUtil.safeRelease(ReferenceCountUtil.java:116)
	at io.netty.channel.ChannelOutboundBuffer.remove(ChannelOutboundBuffer.java:300)
	at io.netty.channel.ChannelOutboundBuffer.removeBytes(ChannelOutboundBuffer.java:382)
	at io.netty.channel.uring.AbstractIoUringStreamChannel$IoUringStreamUnsafe.writeComplete0(AbstractIoUringStreamChannel.java:692)
	at io.netty.channel.uring.IoUringSocketChannel$IoUringSocketUnsafe.writeComplete0(IoUringSocketChannel.java:188)
	at io.netty.channel.uring.AbstractIoUringChannel$AbstractUringUnsafe.writeComplete(AbstractIoUringChannel.java:1003)
	at io.netty.channel.uring.AbstractIoUringChannel$AbstractUringUnsafe.handle(AbstractIoUringChannel.java:474)
	at io.netty.channel.uring.IoUringIoHandler$DefaultIoUringIoRegistration.handle(IoUringIoHandler.java:705)
	at io.netty.channel.uring.IoUringIoHandler.handleFastPath(IoUringIoHandler.java:318)
	at io.netty.channel.uring.IoUringIoHandler.handle(IoUringIoHandler.java:298)
	at io.netty.channel.uring.CompletionQueue.process(CompletionQueue.java:151)
	at io.netty.channel.uring.IoUringIoHandler.processCompletionsAndHandleOverflow(IoUringIoHandler.java:213)
	at io.netty.channel.uring.IoUringIoHandler.run(IoUringIoHandler.java:188)
	at io.netty.channel.SingleThreadIoEventLoop.runIo(SingleThreadIoEventLoop.java:225)
	at io.netty.channel.SingleThreadIoEventLoop.run(SingleThreadIoEventLoop.java:196)
	at io.netty.util.concurrent.SingleThreadEventExecutor$5.run(SingleThreadEventExecutor.java:1204)
	at io.netty.util.internal.ThreadExecutorMap$2.run(ThreadExecutorMap.java:74)
	at io.netty.util.concurrent.FastThreadLocalRunnable.run(FastThreadLocalRunnable.java:30)
	at java.base/java.lang.Thread.run(Thread.java:1583)
00:06:31.411 [multiThreadIoEventLoopGroup-4-3] WARN  io.netty.util.ReferenceCountUtil - Failed to release a message: UnpooledSlicedByteBuf(ridx: 0, widx: 2611, cap: 2611/2611, unwrapped: CycleArenaAllocator$ArenaBuf(ridx: 0, widx: 8192, cap: 8192))
java.lang.IllegalStateException: arena buffer of Thread[#26,multiThreadIoEventLoopGroup-3-1,10,main] touched from Thread[#32,multiThreadIoEventLoopGroup-4-3,10,main] (event-loop arena buffers are thread confined)
	at io.netty.buffer.CycleArenaAllocator$ArenaBuf.violation(CycleArenaAllocator.java:1279)
	at io.netty.buffer.CycleArenaAllocator$ArenaBuf.release(CycleArenaAllocator.java:1208)
	at io.netty.buffer.AbstractDerivedByteBuf.release0(AbstractDerivedByteBuf.java:98)
	at io.netty.buffer.AbstractDerivedByteBuf.release(AbstractDerivedByteBuf.java:94)
	at io.netty.util.ReferenceCountUtil.release(ReferenceCountUtil.java:90)
	at io.netty.util.ReferenceCountUtil.safeRelease(ReferenceCountUtil.java:116)
	at io.netty.channel.ChannelOutboundBuffer.remove(ChannelOutboundBuffer.java:300)
	at io.netty.channel.ChannelOutboundBuffer.removeBytes(ChannelOutboundBuffer.java:382)
	at io.netty.channel.uring.AbstractIoUringStreamChannel$IoUringStreamUnsafe.writeComplete0(AbstractIoUringStreamChannel.java:692)
	at io.netty.channel.uring.IoUringSocketChannel$IoUringSocketUnsafe.writeComplete0(IoUringSocketChannel.java:188)
	at io.netty.channel.uring.AbstractIoUringChannel$AbstractUringUnsafe.writeComplete(AbstractIoUringChannel.java:1003)
	at io.netty.channel.uring.AbstractIoUringChannel$AbstractUringUnsafe.handle(AbstractIoUringChannel.java:474)
	at io.netty.channel.uring.IoUringIoHandler$DefaultIoUringIoRegistration.handle(IoUringIoHandler.java:705)
	at io.netty.channel.uring.IoUringIoHandler.handleFastPath(IoUringIoHandler.java:318)
	at io.netty.channel.uring.IoUringIoHandler.handle(IoUringIoHandler.java:298)
	at io.netty.channel.uring.CompletionQueue.process(CompletionQueue.java:151)
	at io.netty.channel.uring.IoUringIoHandler.processCompletionsAndHandleOverflow(IoUringIoHandler.java:213)
	at io.netty.channel.uring.IoUringIoHandler.run(IoUringIoHandler.java:188)
	at io.netty.channel.SingleThreadIoEventLoop.runIo(SingleThreadIoEventLoop.java:225)
	at io.netty.channel.SingleThreadIoEventLoop.run(SingleThreadIoEventLoop.java:196)
	at io.netty.util.concurrent.SingleThreadEventExecutor$5.run(SingleThreadEventExecutor.java:1204)
	at io.netty.util.internal.ThreadExecutorMap$2.run(ThreadExecutorMap.java:74)
	at io.netty.util.concurrent.FastThreadLocalRunnable.run(FastThreadLocalRunnable.java:30)
	at java.base/java.lang.Thread.run(Thread.java:1583)
00:06:31.411 [multiThreadIoEventLoopGroup-4-4] WARN  io.netty.util.ReferenceCountUtil - Failed to release a message: UnpooledSlicedByteBuf(ridx: 0, widx: 3205, cap: 3205/3205, unwrapped: CycleArenaAllocator$ArenaBuf(ridx: 0, widx: 8192, cap: 8192))
java.lang.IllegalStateException: arena buffer of Thread[#27,multiThreadIoEventLoopGroup-3-2,10,main] touched from Thread[#33,multiThreadIoEventLoopGroup-4-4,10,main] (event-loop arena buffers are thread confined)
	at io.netty.buffer.CycleArenaAllocator$ArenaBuf.violation(CycleArenaAllocator.java:1279)
	at io.netty.buffer.CycleArenaAllocator$ArenaBuf.release(CycleArenaAllocator.java:1208)
	at io.netty.buffer.AbstractDerivedByteBuf.release0(AbstractDerivedByteBuf.java:98)
	at io.netty.buffer.AbstractDerivedByteBuf.release(AbstractDerivedByteBuf.java:94)
	at io.netty.util.ReferenceCountUtil.release(ReferenceCountUtil.java:90)
	at io.netty.util.ReferenceCountUtil.safeRelease(ReferenceCountUtil.java:116)
	at io.netty.channel.ChannelOutboundBuffer.remove(ChannelOutboundBuffer.java:300)
	at io.netty.channel.ChannelOutboundBuffer.removeBytes(ChannelOutboundBuffer.java:382)
	at io.netty.channel.uring.AbstractIoUringStreamChannel$IoUringStreamUnsafe.writeComplete0(AbstractIoUringStreamChannel.java:692)
	at io.netty.channel.uring.IoUringSocketChannel$IoUringSocketUnsafe.writeComplete0(IoUringSocketChannel.java:188)
	at io.netty.channel.uring.AbstractIoUringChannel$AbstractUringUnsafe.writeComplete(AbstractIoUringChannel.java:1003)
	at io.netty.channel.uring.AbstractIoUringChannel$AbstractUringUnsafe.handle(AbstractIoUringChannel.java:474)
	at io.netty.channel.uring.IoUringIoHandler$DefaultIoUringIoRegistration.handle(IoUringIoHandler.java:705)
	at io.netty.channel.uring.IoUringIoHandler.handleFastPath(IoUringIoHandler.java:318)
	at io.netty.channel.uring.IoUringIoHandler.handle(IoUringIoHandler.java:298)
	at io.netty.channel.uring.CompletionQueue.process(CompletionQueue.java:151)
	at io.netty.channel.uring.IoUringIoHandler.processCompletionsAndHandleOverflow(IoUringIoHandler.java:213)
	at io.netty.channel.uring.IoUringIoHandler.run(IoUringIoHandler.java:188)
	at io.netty.channel.SingleThreadIoEventLoop.runIo(SingleThreadIoEventLoop.java:225)
	at io.netty.channel.SingleThreadIoEventLoop.run(SingleThreadIoEventLoop.java:196)
	at io.netty.util.concurrent.SingleThreadEventExecutor$5.run(SingleThreadEventExecutor.java:1204)
	at io.netty.util.internal.ThreadExecutorMap$2.run(ThreadExecutorMap.java:74)
	at io.netty.util.concurrent.FastThreadLocalRunnable.run(FastThreadLocalRunnable.java:30)
	at java.base/java.lang.Thread.run(Thread.java:1583)
00:06:31.411 [multiThreadIoEventLoopGroup-4-2] WARN  i.n.channel.uring.IoUringIoHandler - Unexpected exception in the IO event loop.
java.lang.IllegalStateException: arena buffer of Thread[#26,multiThreadIoEventLoopGroup-3-1,10,main] touched from Thread[#31,multiThreadIoEventLoopGroup-4-2,10,main] (event-loop arena buffers are thread confined)
	at io.netty.buffer.CycleArenaAllocator$ArenaBuf.violation(CycleArenaAllocator.java:1279)
	at io.netty.buffer.CycleArenaAllocator$ArenaBuf.retain(CycleArenaAllocator.java:1182)
	at io.netty.buffer.AbstractDerivedByteBuf.retain0(AbstractDerivedByteBuf.java:58)
	at io.netty.buffer.AbstractDerivedByteBuf.retain(AbstractDerivedByteBuf.java:54)
	at io.netty.channel.uring.IoUringSocketChannel$IoUringSocketUnsafe.handleWriteCompleteZeroCopy(IoUringSocketChannel.java:220)
	at io.netty.channel.uring.IoUringSocketChannel$IoUringSocketUnsafe.writeComplete0(IoUringSocketChannel.java:186)
	at io.netty.channel.uring.AbstractIoUringChannel$AbstractUringUnsafe.writeComplete(AbstractIoUringChannel.java:1003)
	at io.netty.channel.uring.AbstractIoUringChannel$AbstractUringUnsafe.handle(AbstractIoUringChannel.java:474)
	at io.netty.channel.uring.IoUringIoHandler$DefaultIoUringIoRegistration.handle(IoUringIoHandler.java:705)
	at io.netty.channel.uring.IoUringIoHandler.handleFastPath(IoUringIoHandler.java:318)
	at io.netty.channel.uring.IoUringIoHandler.handle(IoUringIoHandler.java:298)
	at io.netty.channel.uring.CompletionQueue.process(CompletionQueue.java:151)
	at io.netty.channel.uring.IoUringIoHandler.processCompletionsAndHandleOverflow(IoUringIoHandler.java:213)
	at io.netty.channel.uring.IoUringIoHandler.run(IoUringIoHandler.java:188)
	at io.netty.channel.SingleThreadIoEventLoop.runIo(SingleThreadIoEventLoop.java:225)
	at io.netty.channel.SingleThreadIoEventLoop.run(SingleThreadIoEventLoop.java:196)
	at io.netty.util.concurrent.SingleThreadEventExecutor$5.run(SingleThreadEventExecutor.java:1204)
	at io.netty.util.internal.ThreadExecutorMap$2.run(ThreadExecutorMap.java:74)
	at io.netty.util.concurrent.FastThreadLocalRunnable.run(FastThreadLocalRunnable.java:30)
	at java.base/java.lang.Thread.run(Thread.java:1583)
00:06:31.411 [multiThreadIoEventLoopGroup-4-1] WARN  io.netty.util.ReferenceCountUtil - Failed to release a message: UnpooledSlicedByteBuf(ridx: 0, widx: 3007, cap: 3007/3007, unwrapped: CycleArenaAllocator$ArenaBuf(ridx: 0, widx: 8192, cap: 8192))
java.lang.IllegalStateException: arena buffer of Thread[#26,multiThreadIoEventLoopGroup-3-1,10,main] touched from Thread[#30,multiThreadIoEventLoopGroup-4-1,10,main] (event-loop arena buffers are thread confined)
	at io.netty.buffer.CycleArenaAllocator$ArenaBuf.violation(CycleArenaAllocator.java:1279)
	at io.netty.buffer.CycleArenaAllocator$ArenaBuf.release(CycleArenaAllocator.java:1208)
	at io.netty.buffer.AbstractDerivedByteBuf.release0(AbstractDerivedByteBuf.java:98)
	at io.netty.buffer.AbstractDerivedByteBuf.release(AbstractDerivedByteBuf.java:94)
	at io.netty.util.ReferenceCountUtil.release(ReferenceCountUtil.java:90)
	at io.netty.util.ReferenceCountUtil.safeRelease(ReferenceCountUtil.java:116)
	at io.netty.channel.ChannelOutboundBuffer.remove(ChannelOutboundBuffer.java:300)
	at io.netty.channel.ChannelOutboundBuffer.removeBytes(ChannelOutboundBuffer.java:382)
	at io.netty.channel.uring.AbstractIoUringStreamChannel$IoUringStreamUnsafe.writeComplete0(AbstractIoUringStreamChannel.java:692)
	at io.netty.channel.uring.IoUringSocketChannel$IoUringSocketUnsafe.writeComplete0(IoUringSocketChannel.java:188)
	at io.netty.channel.uring.AbstractIoUringChannel$AbstractUringUnsafe.writeComplete(AbstractIoUringChannel.java:1003)
	at io.netty.channel.uring.AbstractIoUringChannel$AbstractUringUnsafe.handle(AbstractIoUringChannel.java:474)
	at io.netty.channel.uring.IoUringIoHandler$DefaultIoUringIoRegistration.handle(IoUringIoHandler.java:705)
	at io.netty.channel.uring.IoUringIoHandler.handleFastPath(IoUringIoHandler.java:318)
	at io.netty.channel.uring.IoUringIoHandler.handle(IoUringIoHandler.java:298)
	at io.netty.channel.uring.CompletionQueue.process(CompletionQueue.java:151)
	at io.netty.channel.uring.IoUringIoHandler.processCompletionsAndHandleOverflow(IoUringIoHandler.java:213)
	at io.netty.channel.uring.IoUringIoHandler.run(IoUringIoHandler.java:188)
	at io.netty.channel.SingleThreadIoEventLoop.runIo(SingleThreadIoEventLoop.java:225)
	at io.netty.channel.SingleThreadIoEventLoop.run(SingleThreadIoEventLoop.java:196)
	at io.netty.util.concurrent.SingleThreadEventExecutor$5.run(SingleThreadEventExecutor.java:1204)
	at io.netty.util.internal.ThreadExecutorMap$2.run(ThreadExecutorMap.java:74)
	at io.netty.util.concurrent.FastThreadLocalRunnable.run(FastThreadLocalRunnable.java:30)
	at java.base/java.lang.Thread.run(Thread.java:1583)
00:06:31.411 [multiThreadIoEventLoopGroup-4-3] WARN  io.netty.util.ReferenceCountUtil - Failed to release a message: UnpooledSlicedByteBuf(ridx: 0, widx: 2611, cap: 2611/2611, unwrapped: CycleArenaAllocator$ArenaBuf(ridx: 0, widx: 8192, cap: 8192))
java.lang.IllegalStateException: arena buffer of Thread[#27,multiThreadIoEventLoopGroup-3-2,10,main] touched from Thread[#32,multiThreadIoEventLoopGroup-4-3,10,main] (event-loop arena buffers are thread confined)
	at io.netty.buffer.CycleArenaAllocator$ArenaBuf.violation(CycleArenaAllocator.java:1279)
	at io.netty.buffer.CycleArenaAllocator$ArenaBuf.release(CycleArenaAllocator.java:1208)
	at io.netty.buffer.AbstractDerivedByteBuf.release0(AbstractDerivedByteBuf.java:98)
	at io.netty.buffer.AbstractDerivedByteBuf.release(AbstractDerivedByteBuf.java:94)
	at io.netty.util.ReferenceCountUtil.release(ReferenceCountUtil.java:90)
	at io.netty.util.ReferenceCountUtil.safeRelease(ReferenceCountUtil.java:116)
	at io.netty.channel.ChannelOutboundBuffer.remove(ChannelOutboundBuffer.java:300)
	at io.netty.channel.ChannelOutboundBuffer.removeBytes(ChannelOutboundBuffer.java:382)
	at io.netty.channel.uring.AbstractIoUringStreamChannel$IoUringStreamUnsafe.writeComplete0(AbstractIoUringStreamChannel.java:692)
	at io.netty.channel.uring.IoUringSocketChannel$IoUringSocketUnsafe.writeComplete0(IoUringSocketChannel.java:188)
	at io.netty.channel.uring.AbstractIoUringChannel$AbstractUringUnsafe.writeComplete(AbstractIoUringChannel.java:1003)
	at io.netty.channel.uring.AbstractIoUringChannel$AbstractUringUnsafe.handle(AbstractIoUringChannel.java:474)
	at io.netty.channel.uring.IoUringIoHandler$DefaultIoUringIoRegistration.handle(IoUringIoHandler.java:705)
	at io.netty.channel.uring.IoUringIoHandler.handleFastPath(IoUringIoHandler.java:318)
	at io.netty.channel.uring.IoUringIoHandler.handle(IoUringIoHandler.java:298)
	at io.netty.channel.uring.CompletionQueue.process(CompletionQueue.java:151)
	at io.netty.channel.uring.IoUringIoHandler.processCompletionsAndHandleOverflow(IoUringIoHandler.java:213)
	at io.netty.channel.uring.IoUringIoHandler.run(IoUringIoHandler.java:188)
	at io.netty.channel.SingleThreadIoEventLoop.runIo(SingleThreadIoEventLoop.java:225)
	at io.netty.channel.SingleThreadIoEventLoop.run(SingleThreadIoEventLoop.java:196)
	at io.netty.util.concurrent.SingleThreadEventExecutor$5.run(SingleThreadEventExecutor.java:1204)
	at io.netty.util.internal.ThreadExecutorMap$2.run(ThreadExecutorMap.java:74)
	at io.netty.util.concurrent.FastThreadLocalRunnable.run(FastThreadLocalRunnable.java:30)
	at java.base/java.lang.Thread.run(Thread.java:1583)
00:06:31.411 [multiThreadIoEventLoopGroup-4-4] WARN  i.n.channel.uring.IoUringIoHandler - Unexpected exception in the IO event loop.
java.lang.IllegalStateException: arena buffer of Thread[#29,multiThreadIoEventLoopGroup-3-4,10,main] touched from Thread[#33,multiThreadIoEventLoopGroup-4-4,10,main] (event-loop arena buffers are thread confined)
	at io.netty.buffer.CycleArenaAllocator$ArenaBuf.violation(CycleArenaAllocator.java:1279)
	at io.netty.buffer.CycleArenaAllocator$ArenaBuf.retain(CycleArenaAllocator.java:1182)
	at io.netty.buffer.AbstractDerivedByteBuf.retain0(AbstractDerivedByteBuf.java:58)
	at io.netty.buffer.AbstractDerivedByteBuf.retain(AbstractDerivedByteBuf.java:54)
	at io.netty.channel.uring.IoUringSocketChannel$IoUringSocketUnsafe.handleWriteCompleteZeroCopy(IoUringSocketChannel.java:220)
	at io.netty.channel.uring.IoUringSocketChannel$IoUringSocketUnsafe.writeComplete0(IoUringSocketChannel.java:186)
	at io.netty.channel.uring.AbstractIoUringChannel$AbstractUringUnsafe.writeComplete(AbstractIoUringChannel.java:1003)
	at io.netty.channel.uring.AbstractIoUringChannel$AbstractUringUnsafe.handle(AbstractIoUringChannel.java:474)
	at io.netty.channel.uring.IoUringIoHandler$DefaultIoUringIoRegistration.handle(IoUringIoHandler.java:705)
	at io.netty.channel.uring.IoUringIoHandler.handleFastPath(IoUringIoHandler.java:318)
	at io.netty.channel.uring.IoUringIoHandler.handle(IoUringIoHandler.java:298)
	at io.netty.channel.uring.CompletionQueue.process(CompletionQueue.java:151)
	at io.netty.channel.uring.IoUringIoHandler.processCompletionsAndHandleOverflow(IoUringIoHandler.java:213)
	at io.netty.channel.uring.IoUringIoHandler.run(IoUringIoHandler.java:188)
	at io.netty.channel.SingleThreadIoEventLoop.runIo(SingleThreadIoEventLoop.java:225)
	at io.netty.channel.SingleThreadIoEventLoop.run(SingleThreadIoEventLoop.java:196)
	at io.netty.util.concurrent.SingleThreadEventExecutor$5.run(SingleThreadEventExecutor.java:1204)
	at io.netty.util.internal.ThreadExecutorMap$2.run(ThreadExecutorMap.java:74)
	at io.netty.util.concurrent.FastThreadLocalRunnable.run(FastThreadLocalRunnable.java:30)
	at java.base/java.lang.Thread.run(Thread.java:1583)
00:06:31.411 [multiThreadIoEventLoopGroup-4-3] WARN  i.n.channel.uring.IoUringIoHandler - Unexpected exception in the IO event loop.
java.lang.IllegalStateException: arena buffer of Thread[#28,multiThreadIoEventLoopGroup-3-3,10,main] touched from Thread[#32,multiThreadIoEventLoopGroup-4-3,10,main] (event-loop arena buffers are thread confined)
	at io.netty.buffer.CycleArenaAllocator$ArenaBuf.violation(CycleArenaAllocator.java:1279)
	at io.netty.buffer.CycleArenaAllocator$ArenaBuf.release(CycleArenaAllocator.java:1208)
	at io.netty.buffer.AbstractDerivedByteBuf.release0(AbstractDerivedByteBuf.java:98)
	at io.netty.buffer.AbstractDerivedByteBuf.release(AbstractDerivedByteBuf.java:94)
	at io.netty.channel.uring.IoUringSocketChannel$IoUringSocketUnsafe.handleWriteCompleteZeroCopy(IoUringSocketChannel.java:289)
	at io.netty.channel.uring.IoUringSocketChannel$IoUringSocketUnsafe.writeComplete0(IoUringSocketChannel.java:186)
	at io.netty.channel.uring.AbstractIoUringChannel$AbstractUringUnsafe.writeComplete(AbstractIoUringChannel.java:1003)
	at io.netty.channel.uring.AbstractIoUringChannel$AbstractUringUnsafe.handle(AbstractIoUringChannel.java:474)
	at io.netty.channel.uring.IoUringIoHandler$DefaultIoUringIoRegistration.handle(IoUringIoHandler.java:705)
	at io.netty.channel.uring.IoUringIoHandler.handleFastPath(IoUringIoHandler.java:318)
	at io.netty.channel.uring.IoUringIoHandler.handle(IoUringIoHandler.java:298)
	at io.netty.channel.uring.CompletionQueue.process(CompletionQueue.java:151)
	at io.netty.channel.uring.IoUringIoHandler.processCompletionsAndHandleOverflow(IoUringIoHandler.java:213)
	at io.netty.channel.uring.IoUringIoHandler.run(IoUringIoHandler.java:188)
	at io.netty.channel.SingleThreadIoEventLoop.runIo(SingleThreadIoEventLoop.java:225)
	at io.netty.channel.SingleThreadIoEventLoop.run(SingleThreadIoEventLoop.java:196)
	at io.netty.util.concurrent.SingleThreadEventExecutor$5.run(SingleThreadEventExecutor.java:1204)
	at io.netty.util.internal.ThreadExecutorMap$2.run(ThreadExecutorMap.java:74)
	at io.netty.util.concurrent.FastThreadLocalRunnable.run(FastThreadLocalRunnable.java:30)
	at java.base/java.lang.Thread.run(Thread.java:1583)
00:06:31.411 [multiThreadIoEventLoopGroup-4-1] WARN  i.n.channel.uring.IoUringIoHandler - Unexpected exception in the IO event loop.
java.lang.IllegalStateException: arena buffer of Thread[#26,multiThreadIoEventLoopGroup-3-1,10,main] touched from Thread[#30,multiThreadIoEventLoopGroup-4-1,10,main] (event-loop arena buffers are thread confined)
	at io.netty.buffer.CycleArenaAllocator$ArenaBuf.violation(CycleArenaAllocator.java:1279)
	at io.netty.buffer.CycleArenaAllocator$ArenaBuf.retain(CycleArenaAllocator.java:1182)
	at io.netty.buffer.AbstractDerivedByteBuf.retain0(AbstractDerivedByteBuf.java:58)
	at io.netty.buffer.AbstractDerivedByteBuf.retain(AbstractDerivedByteBuf.java:54)
	at io.netty.channel.uring.IoUringSocketChannel$IoUringSocketUnsafe.handleWriteCompleteZeroCopy(IoUringSocketChannel.java:220)
	at io.netty.channel.uring.IoUringSocketChannel$IoUringSocketUnsafe.writeComplete0(IoUringSocketChannel.java:186)
	at io.netty.channel.uring.AbstractIoUringChannel$AbstractUringUnsafe.writeComplete(AbstractIoUringChannel.java:1003)
	at io.netty.channel.uring.AbstractIoUringChannel$AbstractUringUnsafe.handle(AbstractIoUringChannel.java:474)
	at io.netty.channel.uring.IoUringIoHandler$DefaultIoUringIoRegistration.handle(IoUringIoHandler.java:705)
	at io.netty.channel.uring.IoUringIoHandler.handleFastPath(IoUringIoHandler.java:318)
	at io.netty.channel.uring.IoUringIoHandler.handle(IoUringIoHandler.java:298)
	at io.netty.channel.uring.CompletionQueue.process(CompletionQueue.java:151)
	at io.netty.channel.uring.IoUringIoHandler.processCompletionsAndHandleOverflow(IoUringIoHandler.java:213)
	at io.netty.channel.uring.IoUringIoHandler.run(IoUringIoHandler.java:188)
	at io.netty.channel.SingleThreadIoEventLoop.runIo(SingleThreadIoEventLoop.java:225)
	at io.netty.channel.SingleThreadIoEventLoop.run(SingleThreadIoEventLoop.java:196)
	at io.netty.util.concurrent.SingleThreadEventExecutor$5.run(SingleThreadEventExecutor.java:1204)
	at io.netty.util.internal.ThreadExecutorMap$2.run(ThreadExecutorMap.java:74)
	at io.netty.util.concurrent.FastThreadLocalRunnable.run(FastThreadLocalRunnable.java:30)
	at java.base/java.lang.Thread.run(Thread.java:1583)
00:06:31.511 [multiThreadIoEventLoopGroup-4-2] WARN  i.n.channel.uring.IoUringIoHandler - Unexpected exception in the IO event loop.
java.lang.IllegalStateException: arena buffer of Thread[#27,multiThreadIoEventLoopGroup-3-2,10,main] touched from Thread[#31,multiThreadIoEventLoopGroup-4-2,10,main] (event-loop arena buffers are thread confined)
	at io.netty.buffer.CycleArenaAllocator$ArenaBuf.violation(CycleArenaAllocator.java:1279)
	at io.netty.buffer.CycleArenaAllocator$ArenaBuf.retain(CycleArenaAllocator.java:1182)
	at io.netty.buffer.AbstractDerivedByteBuf.retain0(AbstractDerivedByteBuf.java:58)
	at io.netty.buffer.AbstractDerivedByteBuf.retain(AbstractDerivedByteBuf.java:54)
	at io.netty.channel.uring.IoUringSocketChannel$IoUringSocketUnsafe.handleWriteCompleteZeroCopy(IoUringSocketChannel.java:220)
	at io.netty.channel.uring.IoUringSocketChannel$IoUringSocketUnsafe.writeComplete0(IoUringSocketChannel.java:186)
	at io.netty.channel.uring.AbstractIoUringChannel$AbstractUringUnsafe.writeComplete(AbstractIoUringChannel.java:1003)
	at io.netty.channel.uring.AbstractIoUringChannel$AbstractUringUnsafe.handle(AbstractIoUringChannel.java:474)
	at io.netty.channel.uring.IoUringIoHandler$DefaultIoUringIoRegistration.handle(IoUringIoHandler.java:705)
	at io.netty.channel.uring.IoUringIoHandler.handleFastPath(IoUringIoHandler.java:318)
	at io.netty.channel.uring.IoUringIoHandler.handle(IoUringIoHandler.java:298)
	at io.netty.channel.uring.CompletionQueue.process(CompletionQueue.java:151)
	at io.netty.channel.uring.IoUringIoHandler.processCompletionsAndHandleOverflow(IoUringIoHandler.java:213)
	at io.netty.channel.uring.IoUringIoHandler.run(IoUringIoHandler.java:188)
	at io.netty.channel.SingleThreadIoEventLoop.runIo(SingleThreadIoEventLoop.java:225)
	at io.netty.channel.SingleThreadIoEventLoop.run(SingleThreadIoEventLoop.java:196)
	at io.netty.util.concurrent.SingleThreadEventExecutor$5.run(SingleThreadEventExecutor.java:1204)
	at io.netty.util.internal.ThreadExecutorMap$2.run(ThreadExecutorMap.java:74)
	at io.netty.util.concurrent.FastThreadLocalRunnable.run(FastThreadLocalRunnable.java:30)
	at java.base/java.lang.Thread.run(Thread.java:1583)
00:06:31.511 [multiThreadIoEventLoopGroup-4-1] WARN  i.n.channel.uring.IoUringIoHandler - Unexpected exception in the IO event loop.
java.lang.IllegalStateException: arena buffer of Thread[#26,multiThreadIoEventLoopGroup-3-1,10,main] touched from Thread[#30,multiThreadIoEventLoopGroup-4-1,10,main] (event-loop arena buffers are thread confined)
	at io.netty.buffer.CycleArenaAllocator$ArenaBuf.violation(CycleArenaAllocator.java:1279)
	at io.netty.buffer.CycleArenaAllocator$ArenaBuf.retain(CycleArenaAllocator.java:1182)
	at io.netty.buffer.AbstractDerivedByteBuf.retain0(AbstractDerivedByteBuf.java:58)
	at io.netty.buffer.AbstractDerivedByteBuf.retain(AbstractDerivedByteBuf.java:54)
	at io.netty.channel.uring.IoUringSocketChannel$IoUringSocketUnsafe.handleWriteCompleteZeroCopy(IoUringSocketChannel.java:220)
	at io.netty.channel.uring.IoUringSocketChannel$IoUringSocketUnsafe.writeComplete0(IoUringSocketChannel.java:186)
	at io.netty.channel.uring.AbstractIoUringChannel$AbstractUringUnsafe.writeComplete(AbstractIoUringChannel.java:1003)
	at io.netty.channel.uring.AbstractIoUringChannel$AbstractUringUnsafe.handle(AbstractIoUringChannel.java:474)
	at io.netty.channel.uring.IoUringIoHandler$DefaultIoUringIoRegistration.handle(IoUringIoHandler.java:705)
	at io.netty.channel.uring.IoUringIoHandler.handleFastPath(IoUringIoHandler.java:318)
	at io.netty.channel.uring.IoUringIoHandler.handle(IoUringIoHandler.java:298)
	at io.netty.channel.uring.CompletionQueue.process(CompletionQueue.java:151)
	at io.netty.channel.uring.IoUringIoHandler.processCompletionsAndHandleOverflow(IoUringIoHandler.java:213)
	at io.netty.channel.uring.IoUringIoHandler.run(IoUringIoHandler.java:188)
	at io.netty.channel.SingleThreadIoEventLoop.runIo(SingleThreadIoEventLoop.java:225)
	at io.netty.channel.SingleThreadIoEventLoop.run(SingleThreadIoEventLoop.java:196)
	at io.netty.util.concurrent.SingleThreadEventExecutor$5.run(SingleThreadEventExecutor.java:1204)
	at io.netty.util.internal.ThreadExecutorMap$2.run(ThreadExecutorMap.java:74)
	at io.netty.util.concurrent.FastThreadLocalRunnable.run(FastThreadLocalRunnable.java:30)
	at java.base/java.lang.Thread.run(Thread.java:1583)
00:06:31.511 [multiThreadIoEventLoopGroup-4-3] WARN  i.n.channel.uring.IoUringIoHandler - Unexpected exception in the IO event loop.
java.lang.IllegalStateException: arena buffer of Thread[#27,multiThreadIoEventLoopGroup-3-2,10,main] touched from Thread[#32,multiThreadIoEventLoopGroup-4-3,10,main] (event-loop arena buffers are thread confined)
	at io.netty.buffer.CycleArenaAllocator$ArenaBuf.violation(CycleArenaAllocator.java:1279)
	at io.netty.buffer.CycleArenaAllocator$ArenaBuf.release(CycleArenaAllocator.java:1208)
	at io.netty.buffer.AbstractDerivedByteBuf.release0(AbstractDerivedByteBuf.java:98)
	at io.netty.buffer.AbstractDerivedByteBuf.release(AbstractDerivedByteBuf.java:94)
	at io.netty.channel.uring.IoUringSocketChannel$IoUringSocketUnsafe.handleWriteCompleteZeroCopy(IoUringSocketChannel.java:289)
	at io.netty.channel.uring.IoUringSocketChannel$IoUringSocketUnsafe.writeComplete0(IoUringSocketChannel.java:186)
	at io.netty.channel.uring.AbstractIoUringChannel$AbstractUringUnsafe.writeComplete(AbstractIoUringChannel.java:1003)
	at io.netty.channel.uring.AbstractIoUringChannel$AbstractUringUnsafe.handle(AbstractIoUringChannel.java:474)
	at io.netty.channel.uring.IoUringIoHandler$DefaultIoUringIoRegistration.handle(IoUringIoHandler.java:705)
	at io.netty.channel.uring.IoUringIoHandler.handleFastPath(IoUringIoHandler.java:318)
	at io.netty.channel.uring.IoUringIoHandler.handle(IoUringIoHandler.java:298)
	at io.netty.channel.uring.CompletionQueue.process(CompletionQueue.java:151)
	at io.netty.channel.uring.IoUringIoHandler.processCompletionsAndHandleOverflow(IoUringIoHandler.java:213)
	at io.netty.channel.uring.IoUringIoHandler.run(IoUringIoHandler.java:188)
	at io.netty.channel.SingleThreadIoEventLoop.runIo(SingleThreadIoEventLoop.java:225)
	at io.netty.channel.SingleThreadIoEventLoop.run(SingleThreadIoEventLoop.java:196)
	at io.netty.util.concurrent.SingleThreadEventExecutor$5.run(SingleThreadEventExecutor.java:1204)
	at io.netty.util.internal.ThreadExecutorMap$2.run(ThreadExecutorMap.java:74)
	at io.netty.util.concurrent.FastThreadLocalRunnable.run(FastThreadLocalRunnable.java:30)
	at java.base/java.lang.Thread.run(Thread.java:1583)
00:06:31.511 [multiThreadIoEventLoopGroup-4-4] WARN  i.n.channel.uring.IoUringIoHandler - Unexpected exception in the IO event loop.
java.lang.IllegalStateException: arena buffer of Thread[#27,multiThreadIoEventLoopGroup-3-2,10,main] touched from Thread[#33,multiThreadIoEventLoopGroup-4-4,10,main] (event-loop arena buffers are thread confined)
	at io.netty.buffer.CycleArenaAllocator$ArenaBuf.violation(CycleArenaAllocator.java:1279)
	at io.netty.buffer.CycleArenaAllocator$ArenaBuf.retain(CycleArenaAllocator.java:1182)
	at io.netty.buffer.AbstractDerivedByteBuf.retain0(AbstractDerivedByteBuf.java:58)
	at io.netty.buffer.AbstractDerivedByteBuf.retain(AbstractDerivedByteBuf.java:54)
	at io.netty.channel.uring.IoUringSocketChannel$IoUringSocketUnsafe.handleWriteCompleteZeroCopy(IoUringSocketChannel.java:220)
	at io.netty.channel.uring.IoUringSocketChannel$IoUringSocketUnsafe.writeComplete0(IoUringSocketChannel.java:186)
	at io.netty.channel.uring.AbstractIoUringChannel$AbstractUringUnsafe.writeComplete(AbstractIoUringChannel.java:1003)
	at io.netty.channel.uring.AbstractIoUringChannel$AbstractUringUnsafe.handle(AbstractIoUringChannel.java:474)
	at io.netty.channel.uring.IoUringIoHandler$DefaultIoUringIoRegistration.handle(IoUringIoHandler.java:705)
	at io.netty.channel.uring.IoUringIoHandler.handleFastPath(IoUringIoHandler.java:318)
	at io.netty.channel.uring.IoUringIoHandler.handle(IoUringIoHandler.java:298)
	at io.netty.channel.uring.CompletionQueue.process(CompletionQueue.java:151)
	at io.netty.channel.uring.IoUringIoHandler.processCompletionsAndHandleOverflow(IoUringIoHandler.java:213)
	at io.netty.channel.uring.IoUringIoHandler.run(IoUringIoHandler.java:188)
	at io.netty.channel.SingleThreadIoEventLoop.runIo(SingleThreadIoEventLoop.java:225)
	at io.netty.channel.SingleThreadIoEventLoop.run(SingleThreadIoEventLoop.java:196)
	at io.netty.util.concurrent.SingleThreadEventExecutor$5.run(SingleThreadEventExecutor.java:1204)
	at io.netty.util.internal.ThreadExecutorMap$2.run(ThreadExecutorMap.java:74)
	at io.netty.util.concurrent.FastThreadLocalRunnable.run(FastThreadLocalRunnable.java:30)
	at java.base/java.lang.Thread.run(Thread.java:1583)
00:06:31.611 [multiThreadIoEventLoopGroup-4-3] WARN  i.n.channel.uring.IoUringIoHandler - Unexpected exception in the IO event loop.
java.lang.IllegalStateException: arena buffer of Thread[#28,multiThreadIoEventLoopGroup-3-3,10,main] touched from Thread[#32,multiThreadIoEventLoopGroup-4-3,10,main] (event-loop arena buffers are thread confined)
	at io.netty.buffer.CycleArenaAllocator$ArenaBuf.violation(CycleArenaAllocator.java:1279)
	at io.netty.buffer.CycleArenaAllocator$ArenaBuf.release(CycleArenaAllocator.java:1208)
	at io.netty.buffer.AbstractDerivedByteBuf.release0(AbstractDerivedByteBuf.java:98)
	at io.netty.buffer.AbstractDerivedByteBuf.release(AbstractDerivedByteBuf.java:94)
	at io.netty.channel.uring.IoUringSocketChannel$IoUringSocketUnsafe.handleWriteCompleteZeroCopy(IoUringSocketChannel.java:289)
	at io.netty.channel.uring.IoUringSocketChannel$IoUringSocketUnsafe.writeComplete0(IoUringSocketChannel.java:186)
	at io.netty.channel.uring.AbstractIoUringChannel$AbstractUringUnsafe.writeComplete(AbstractIoUringChannel.java:1003)
	at io.netty.channel.uring.AbstractIoUringChannel$AbstractUringUnsafe.handle(AbstractIoUringChannel.java:474)
	at io.netty.channel.uring.IoUringIoHandler$DefaultIoUringIoRegistration.handle(IoUringIoHandler.java:705)
	at io.netty.channel.uring.IoUringIoHandler.handleFastPath(IoUringIoHandler.java:318)
	at io.netty.channel.uring.IoUringIoHandler.handle(IoUringIoHandler.java:298)
	at io.netty.channel.uring.CompletionQueue.process(CompletionQueue.java:151)
	at io.netty.channel.uring.IoUringIoHandler.processCompletionsAndHandleOverflow(IoUringIoHandler.java:213)
	at io.netty.channel.uring.IoUringIoHandler.run(IoUringIoHandler.java:188)
	at io.netty.channel.SingleThreadIoEventLoop.runIo(SingleThreadIoEventLoop.java:225)
	at io.netty.channel.SingleThreadIoEventLoop.run(SingleThreadIoEventLoop.java:196)
	at io.netty.util.concurrent.SingleThreadEventExecutor$5.run(SingleThreadEventExecutor.java:1204)
	at io.netty.util.internal.ThreadExecutorMap$2.run(ThreadExecutorMap.java:74)
	at io.netty.util.concurrent.FastThreadLocalRunnable.run(FastThreadLocalRunnable.java:30)
	at java.base/java.lang.Thread.run(Thread.java:1583)
00:06:31.611 [multiThreadIoEventLoopGroup-4-2] WARN  i.n.channel.uring.IoUringIoHandler - Unexpected exception in the IO event loop.
java.lang.IllegalStateException: arena buffer of Thread[#26,multiThreadIoEventLoopGroup-3-1,10,main] touched from Thread[#31,multiThreadIoEventLoopGroup-4-2,10,main] (event-loop arena buffers are thread confined)
	at io.netty.buffer.CycleArenaAllocator$ArenaBuf.violation(CycleArenaAllocator.java:1279)
	at io.netty.buffer.CycleArenaAllocator$ArenaBuf.release(CycleArenaAllocator.java:1208)
	at io.netty.buffer.AbstractDerivedByteBuf.release0(AbstractDerivedByteBuf.java:98)
	at io.netty.buffer.AbstractDerivedByteBuf.release(AbstractDerivedByteBuf.java:94)
	at io.netty.channel.uring.IoUringSocketChannel$IoUringSocketUnsafe.handleWriteCompleteZeroCopy(IoUringSocketChannel.java:289)
	at io.netty.channel.uring.IoUringSocketChannel$IoUringSocketUnsafe.writeComplete0(IoUringSocketChannel.java:186)
	at io.netty.channel.uring.AbstractIoUringChannel$AbstractUringUnsafe.writeComplete(AbstractIoUringChannel.java:1003)
	at io.netty.channel.uring.AbstractIoUringChannel$AbstractUringUnsafe.handle(AbstractIoUringChannel.java:474)
	at io.netty.channel.uring.IoUringIoHandler$DefaultIoUringIoRegistration.handle(IoUringIoHandler.java:705)
	at io.netty.channel.uring.IoUringIoHandler.handleFastPath(IoUringIoHandler.java:318)
	at io.netty.channel.uring.IoUringIoHandler.handle(IoUringIoHandler.java:298)
	at io.netty.channel.uring.CompletionQueue.process(CompletionQueue.java:151)
	at io.netty.channel.uring.IoUringIoHandler.processCompletionsAndHandleOverflow(IoUringIoHandler.java:213)
	at io.netty.channel.uring.IoUringIoHandler.run(IoUringIoHandler.java:188)
	at io.netty.channel.SingleThreadIoEventLoop.runIo(SingleThreadIoEventLoop.java:225)
	at io.netty.channel.SingleThreadIoEventLoop.run(SingleThreadIoEventLoop.java:196)
	at io.netty.util.concurrent.SingleThreadEventExecutor$5.run(SingleThreadEventExecutor.java:1204)
	at io.netty.util.internal.ThreadExecutorMap$2.run(ThreadExecutorMap.java:74)
	at io.netty.util.concurrent.FastThreadLocalRunnable.run(FastThreadLocalRunnable.java:30)
	at java.base/java.lang.Thread.run(Thread.java:1583)
00:06:31.611 [multiThreadIoEventLoopGroup-4-4] WARN  io.netty.util.ReferenceCountUtil - Failed to release a message: UnpooledSlicedByteBuf(ridx: 0, widx: 3007, cap: 3007/3007, unwrapped: CycleArenaAllocator$ArenaBuf(ridx: 0, widx: 8192, cap: 8192))
java.lang.IllegalStateException: arena buffer of Thread[#29,multiThreadIoEventLoopGroup-3-4,10,main] touched from Thread[#33,multiThreadIoEventLoopGroup-4-4,10,main] (event-loop arena buffers are thread confined)
	at io.netty.buffer.CycleArenaAllocator$ArenaBuf.violation(CycleArenaAllocator.java:1279)
	at io.netty.buffer.CycleArenaAllocator$ArenaBuf.release(CycleArenaAllocator.java:1208)
	at io.netty.buffer.AbstractDerivedByteBuf.release0(AbstractDerivedByteBuf.java:98)
	at io.netty.buffer.AbstractDerivedByteBuf.release(AbstractDerivedByteBuf.java:94)
	at io.netty.util.ReferenceCountUtil.release(ReferenceCountUtil.java:90)
	at io.netty.util.ReferenceCountUtil.safeRelease(ReferenceCountUtil.java:116)
	at io.netty.channel.ChannelOutboundBuffer.remove(ChannelOutboundBuffer.java:300)
	at io.netty.channel.ChannelOutboundBuffer.removeBytes(ChannelOutboundBuffer.java:382)
	at io.netty.channel.uring.AbstractIoUringStreamChannel$IoUringStreamUnsafe.writeComplete0(AbstractIoUringStreamChannel.java:692)
	at io.netty.channel.uring.IoUringSocketChannel$IoUringSocketUnsafe.writeComplete0(IoUringSocketChannel.java:188)
	at io.netty.channel.uring.AbstractIoUringChannel$AbstractUringUnsafe.writeComplete(AbstractIoUringChannel.java:1003)
	at io.netty.channel.uring.AbstractIoUringChannel$AbstractUringUnsafe.handle(AbstractIoUringChannel.java:474)
	at io.netty.channel.uring.IoUringIoHandler$DefaultIoUringIoRegistration.handle(IoUringIoHandler.java:705)
	at io.netty.channel.uring.IoUringIoHandler.handleFastPath(IoUringIoHandler.java:318)
	at io.netty.channel.uring.IoUringIoHandler.handle(IoUringIoHandler.java:298)
	at io.netty.channel.uring.CompletionQueue.process(CompletionQueue.java:151)
	at io.netty.channel.uring.IoUringIoHandler.processCompletionsAndHandleOverflow(IoUringIoHandler.java:213)
	at io.netty.channel.uring.IoUringIoHandler.run(IoUringIoHandler.java:188)
	at io.netty.channel.SingleThreadIoEventLoop.runIo(SingleThreadIoEventLoop.java:225)
	at io.netty.channel.SingleThreadIoEventLoop.run(SingleThreadIoEventLoop.java:196)
	at io.netty.util.concurrent.SingleThreadEventExecutor$5.run(SingleThreadEventExecutor.java:1204)
	at io.netty.util.internal.ThreadExecutorMap$2.run(ThreadExecutorMap.java:74)
	at io.netty.util.concurrent.FastThreadLocalRunnable.run(FastThreadLocalRunnable.java:30)
	at java.base/java.lang.Thread.run(Thread.java:1583)
00:06:31.611 [multiThreadIoEventLoopGroup-4-1] WARN  i.n.channel.uring.IoUringIoHandler - Unexpected exception in the IO event loop.
java.lang.IllegalStateException: arena buffer of Thread[#27,multiThreadIoEventLoopGroup-3-2,10,main] touched from Thread[#30,multiThreadIoEventLoopGroup-4-1,10,main] (event-loop arena buffers are thread confined)
	at io.netty.buffer.CycleArenaAllocator$ArenaBuf.violation(CycleArenaAllocator.java:1279)
	at io.netty.buffer.CycleArenaAllocator$ArenaBuf.release(CycleArenaAllocator.java:1208)
	at io.netty.buffer.AbstractDerivedByteBuf.release0(AbstractDerivedByteBuf.java:98)
	at io.netty.buffer.AbstractDerivedByteBuf.release(AbstractDerivedByteBuf.java:94)
	at io.netty.channel.uring.IoUringSocketChannel$IoUringSocketUnsafe.handleWriteCompleteZeroCopy(IoUringSocketChannel.java:289)
	at io.netty.channel.uring.IoUringSocketChannel$IoUringSocketUnsafe.writeComplete0(IoUringSocketChannel.java:186)
	at io.netty.channel.uring.AbstractIoUringChannel$AbstractUringUnsafe.writeComplete(AbstractIoUringChannel.java:1003)
	at io.netty.channel.uring.AbstractIoUringChannel$AbstractUringUnsafe.handle(AbstractIoUringChannel.java:474)
	at io.netty.channel.uring.IoUringIoHandler$DefaultIoUringIoRegistration.handle(IoUringIoHandler.java:705)
	at io.netty.channel.uring.IoUringIoHandler.handleFastPath(IoUringIoHandler.java:318)
	at io.netty.channel.uring.IoUringIoHandler.handle(IoUringIoHandler.java:298)
	at io.netty.channel.uring.CompletionQueue.process(CompletionQueue.java:151)
	at io.netty.channel.uring.IoUringIoHandler.processCompletionsAndHandleOverflow(IoUringIoHandler.java:213)
	at io.netty.channel.uring.IoUringIoHandler.run(IoUringIoHandler.java:188)
	at io.netty.channel.SingleThreadIoEventLoop.runIo(SingleThreadIoEventLoop.java:225)
	at io.netty.channel.SingleThreadIoEventLoop.run(SingleThreadIoEventLoop.java:196)
	at io.netty.util.concurrent.SingleThreadEventExecutor$5.run(SingleThreadEventExecutor.java:1204)
	at io.netty.util.internal.ThreadExecutorMap$2.run(ThreadExecutorMap.java:74)
	at io.netty.util.concurrent.FastThreadLocalRunnable.run(FastThreadLocalRunnable.java:30)
	at java.base/java.lang.Thread.run(Thread.java:1583)
00:06:31.612 [multiThreadIoEventLoopGroup-4-4] WARN  io.netty.util.ReferenceCountUtil - Failed to release a message: UnpooledSlicedByteBuf(ridx: 0, widx: 3007, cap: 3007/3007, unwrapped: CycleArenaAllocator$ArenaBuf(ridx: 0, widx: 8192, cap: 8192))
java.lang.IllegalStateException: arena buffer of Thread[#27,multiThreadIoEventLoopGroup-3-2,10,main] touched from Thread[#33,multiThreadIoEventLoopGroup-4-4,10,main] (event-loop arena buffers are thread confined)
	at io.netty.buffer.CycleArenaAllocator$ArenaBuf.violation(CycleArenaAllocator.java:1279)
	at io.netty.buffer.CycleArenaAllocator$ArenaBuf.release(CycleArenaAllocator.java:1208)
	at io.netty.buffer.AbstractDerivedByteBuf.release0(AbstractDerivedByteBuf.java:98)
	at io.netty.buffer.AbstractDerivedByteBuf.release(AbstractDerivedByteBuf.java:94)
	at io.netty.util.ReferenceCountUtil.release(ReferenceCountUtil.java:90)
	at io.netty.util.ReferenceCountUtil.safeRelease(ReferenceCountUtil.java:116)
	at io.netty.channel.ChannelOutboundBuffer.remove(ChannelOutboundBuffer.java:300)
	at io.netty.channel.ChannelOutboundBuffer.removeBytes(ChannelOutboundBuffer.java:382)
	at io.netty.channel.uring.AbstractIoUringStreamChannel$IoUringStreamUnsafe.writeComplete0(AbstractIoUringStreamChannel.java:692)
	at io.netty.channel.uring.IoUringSocketChannel$IoUringSocketUnsafe.writeComplete0(IoUringSocketChannel.java:188)
	at io.netty.channel.uring.AbstractIoUringChannel$AbstractUringUnsafe.writeComplete(AbstractIoUringChannel.java:1003)
	at io.netty.channel.uring.AbstractIoUringChannel$AbstractUringUnsafe.handle(AbstractIoUringChannel.java:474)
	at io.netty.channel.uring.IoUringIoHandler$DefaultIoUringIoRegistration.handle(IoUringIoHandler.java:705)
	at io.netty.channel.uring.IoUringIoHandler.handleFastPath(IoUringIoHandler.java:318)
	at io.netty.channel.uring.IoUringIoHandler.handle(IoUringIoHandler.java:298)
	at io.netty.channel.uring.CompletionQueue.process(CompletionQueue.java:151)
	at io.netty.channel.uring.IoUringIoHandler.processCompletionsAndHandleOverflow(IoUringIoHandler.java:213)
	at io.netty.channel.uring.IoUringIoHandler.run(IoUringIoHandler.java:188)
	at io.netty.channel.SingleThreadIoEventLoop.runIo(SingleThreadIoEventLoop.java:225)
	at io.netty.channel.SingleThreadIoEventLoop.run(SingleThreadIoEventLoop.java:196)
	at io.netty.util.concurrent.SingleThreadEventExecutor$5.run(SingleThreadEventExecutor.java:1204)
	at io.netty.util.internal.ThreadExecutorMap$2.run(ThreadExecutorMap.java:74)
	at io.netty.util.concurrent.FastThreadLocalRunnable.run(FastThreadLocalRunnable.java:30)
	at java.base/java.lang.Thread.run(Thread.java:1583)
00:06:31.612 [multiThreadIoEventLoopGroup-4-4] WARN  i.n.channel.uring.IoUringIoHandler - Unexpected exception in the IO event loop.
java.lang.IllegalStateException: arena buffer of Thread[#29,multiThreadIoEventLoopGroup-3-4,10,main] touched from Thread[#33,multiThreadIoEventLoopGroup-4-4,10,main] (event-loop arena buffers are thread confined)
	at io.netty.buffer.CycleArenaAllocator$ArenaBuf.violation(CycleArenaAllocator.java:1279)
	at io.netty.buffer.CycleArenaAllocator$ArenaBuf.retain(CycleArenaAllocator.java:1182)
	at io.netty.buffer.AbstractDerivedByteBuf.retain0(AbstractDerivedByteBuf.java:58)
	at io.netty.buffer.AbstractDerivedByteBuf.retain(AbstractDerivedByteBuf.java:54)
	at io.netty.channel.uring.IoUringSocketChannel$IoUringSocketUnsafe.handleWriteCompleteZeroCopy(IoUringSocketChannel.java:220)
	at io.netty.channel.uring.IoUringSocketChannel$IoUringSocketUnsafe.writeComplete0(IoUringSocketChannel.java:186)
	at io.netty.channel.uring.AbstractIoUringChannel$AbstractUringUnsafe.writeComplete(AbstractIoUringChannel.java:1003)
	at io.netty.channel.uring.AbstractIoUringChannel$AbstractUringUnsafe.handle(AbstractIoUringChannel.java:474)
	at io.netty.channel.uring.IoUringIoHandler$DefaultIoUringIoRegistration.handle(IoUringIoHandler.java:705)
	at io.netty.channel.uring.IoUringIoHandler.handleFastPath(IoUringIoHandler.java:318)
	at io.netty.channel.uring.IoUringIoHandler.handle(IoUringIoHandler.java:298)
	at io.netty.channel.uring.CompletionQueue.process(CompletionQueue.java:151)
	at io.netty.channel.uring.IoUringIoHandler.processCompletionsAndHandleOverflow(IoUringIoHandler.java:213)
	at io.netty.channel.uring.IoUringIoHandler.run(IoUringIoHandler.java:188)
	at io.netty.channel.SingleThreadIoEventLoop.runIo(SingleThreadIoEventLoop.java:225)
	at io.netty.channel.SingleThreadIoEventLoop.run(SingleThreadIoEventLoop.java:196)
	at io.netty.util.concurrent.SingleThreadEventExecutor$5.run(SingleThreadEventExecutor.java:1204)
	at io.netty.util.internal.ThreadExecutorMap$2.run(ThreadExecutorMap.java:74)
	at io.netty.util.concurrent.FastThreadLocalRunnable.run(FastThreadLocalRunnable.java:30)
	at java.base/java.lang.Thread.run(Thread.java:1583)
00:06:31.712 [multiThreadIoEventLoopGroup-4-1] WARN  i.n.channel.uring.IoUringIoHandler - Unexpected exception in the IO event loop.
java.lang.IllegalStateException: arena buffer of Thread[#29,multiThreadIoEventLoopGroup-3-4,10,main] touched from Thread[#30,multiThreadIoEventLoopGroup-4-1,10,main] (event-loop arena buffers are thread confined)
	at io.netty.buffer.CycleArenaAllocator$ArenaBuf.violation(CycleArenaAllocator.java:1279)
	at io.netty.buffer.CycleArenaAllocator$ArenaBuf.release(CycleArenaAllocator.java:1208)
	at io.netty.buffer.AbstractDerivedByteBuf.release0(AbstractDerivedByteBuf.java:98)
	at io.netty.buffer.AbstractDerivedByteBuf.release(AbstractDerivedByteBuf.java:94)
	at io.netty.channel.uring.IoUringSocketChannel$IoUringSocketUnsafe.handleWriteCompleteZeroCopy(IoUringSocketChannel.java:289)
	at io.netty.channel.uring.IoUringSocketChannel$IoUringSocketUnsafe.writeComplete0(IoUringSocketChannel.java:186)
	at io.netty.channel.uring.AbstractIoUringChannel$AbstractUringUnsafe.writeComplete(AbstractIoUringChannel.java:1003)
	at io.netty.channel.uring.AbstractIoUringChannel$AbstractUringUnsafe.handle(AbstractIoUringChannel.java:474)
	at io.netty.channel.uring.IoUringIoHandler$DefaultIoUringIoRegistration.handle(IoUringIoHandler.java:705)
	at io.netty.channel.uring.IoUringIoHandler.handleFastPath(IoUringIoHandler.java:318)
	at io.netty.channel.uring.IoUringIoHandler.handle(IoUringIoHandler.java:298)
	at io.netty.channel.uring.CompletionQueue.process(CompletionQueue.java:151)
	at io.netty.channel.uring.IoUringIoHandler.processCompletionsAndHandleOverflow(IoUringIoHandler.java:213)
	at io.netty.channel.uring.IoUringIoHandler.run(IoUringIoHandler.java:188)
	at io.netty.channel.SingleThreadIoEventLoop.runIo(SingleThreadIoEventLoop.java:225)
	at io.netty.channel.SingleThreadIoEventLoop.run(SingleThreadIoEventLoop.java:196)
	at io.netty.util.concurrent.SingleThreadEventExecutor$5.run(SingleThreadEventExecutor.java:1204)
	at io.netty.util.internal.ThreadExecutorMap$2.run(ThreadExecutorMap.java:74)
	at io.netty.util.concurrent.FastThreadLocalRunnable.run(FastThreadLocalRunnable.java:30)
	at java.base/java.lang.Thread.run(Thread.java:1583)
00:06:31.712 [multiThreadIoEventLoopGroup-4-2] WARN  i.n.channel.uring.IoUringIoHandler - Unexpected exception in the IO event loop.
java.lang.IllegalStateException: arena buffer of Thread[#28,multiThreadIoEventLoopGroup-3-3,10,main] touched from Thread[#31,multiThreadIoEventLoopGroup-4-2,10,main] (event-loop arena buffers are thread confined)
	at io.netty.buffer.CycleArenaAllocator$ArenaBuf.violation(CycleArenaAllocator.java:1279)
	at io.netty.buffer.CycleArenaAllocator$ArenaBuf.release(CycleArenaAllocator.java:1208)
	at io.netty.buffer.AbstractDerivedByteBuf.release0(AbstractDerivedByteBuf.java:98)
	at io.netty.buffer.AbstractDerivedByteBuf.release(AbstractDerivedByteBuf.java:94)
	at io.netty.channel.uring.IoUringSocketChannel$IoUringSocketUnsafe.handleWriteCompleteZeroCopy(IoUringSocketChannel.java:289)
	at io.netty.channel.uring.IoUringSocketChannel$IoUringSocketUnsafe.writeComplete0(IoUringSocketChannel.java:186)
	at io.netty.channel.uring.AbstractIoUringChannel$AbstractUringUnsafe.writeComplete(AbstractIoUringChannel.java:1003)
	at io.netty.channel.uring.AbstractIoUringChannel$AbstractUringUnsafe.handle(AbstractIoUringChannel.java:474)
	at io.netty.channel.uring.IoUringIoHandler$DefaultIoUringIoRegistration.handle(IoUringIoHandler.java:705)
	at io.netty.channel.uring.IoUringIoHandler.handleFastPath(IoUringIoHandler.java:318)
	at io.netty.channel.uring.IoUringIoHandler.handle(IoUringIoHandler.java:298)
	at io.netty.channel.uring.CompletionQueue.process(CompletionQueue.java:151)
	at io.netty.channel.uring.IoUringIoHandler.processCompletionsAndHandleOverflow(IoUringIoHandler.java:213)
	at io.netty.channel.uring.IoUringIoHandler.run(IoUringIoHandler.java:188)
	at io.netty.channel.SingleThreadIoEventLoop.runIo(SingleThreadIoEventLoop.java:225)
	at io.netty.channel.SingleThreadIoEventLoop.run(SingleThreadIoEventLoop.java:196)
	at io.netty.util.concurrent.SingleThreadEventExecutor$5.run(SingleThreadEventExecutor.java:1204)
	at io.netty.util.internal.ThreadExecutorMap$2.run(ThreadExecutorMap.java:74)
	at io.netty.util.concurrent.FastThreadLocalRunnable.run(FastThreadLocalRunnable.java:30)
	at java.base/java.lang.Thread.run(Thread.java:1583)
00:06:31.712 [multiThreadIoEventLoopGroup-4-3] WARN  i.n.channel.uring.IoUringIoHandler - Unexpected exception in the IO event loop.
java.lang.IllegalStateException: arena buffer of Thread[#28,multiThreadIoEventLoopGroup-3-3,10,main] touched from Thread[#32,multiThreadIoEventLoopGroup-4-3,10,main] (event-loop arena buffers are thread confined)
	at io.netty.buffer.CycleArenaAllocator$ArenaBuf.violation(CycleArenaAllocator.java:1279)
	at io.netty.buffer.CycleArenaAllocator$ArenaBuf.release(CycleArenaAllocator.java:1208)
	at io.netty.buffer.AbstractDerivedByteBuf.release0(AbstractDerivedByteBuf.java:98)
	at io.netty.buffer.AbstractDerivedByteBuf.release(AbstractDerivedByteBuf.java:94)
	at io.netty.channel.uring.IoUringSocketChannel$IoUringSocketUnsafe.handleWriteCompleteZeroCopy(IoUringSocketChannel.java:289)
	at io.netty.channel.uring.IoUringSocketChannel$IoUringSocketUnsafe.writeComplete0(IoUringSocketChannel.java:186)
	at io.netty.channel.uring.AbstractIoUringChannel$AbstractUringUnsafe.writeComplete(AbstractIoUringChannel.java:1003)
	at io.netty.channel.uring.AbstractIoUringChannel$AbstractUringUnsafe.handle(AbstractIoUringChannel.java:474)
	at io.netty.channel.uring.IoUringIoHandler$DefaultIoUringIoRegistration.handle(IoUringIoHandler.java:705)
	at io.netty.channel.uring.IoUringIoHandler.handleFastPath(IoUringIoHandler.java:318)
	at io.netty.channel.uring.IoUringIoHandler.handle(IoUringIoHandler.java:298)
	at io.netty.channel.uring.CompletionQueue.process(CompletionQueue.java:151)
	at io.netty.channel.uring.IoUringIoHandler.processCompletionsAndHandleOverflow(IoUringIoHandler.java:213)
	at io.netty.channel.uring.IoUringIoHandler.run(IoUringIoHandler.java:188)
	at io.netty.channel.SingleThreadIoEventLoop.runIo(SingleThreadIoEventLoop.java:225)
	at io.netty.channel.SingleThreadIoEventLoop.run(SingleThreadIoEventLoop.java:196)
	at io.netty.util.concurrent.SingleThreadEventExecutor$5.run(SingleThreadEventExecutor.java:1204)
	at io.netty.util.internal.ThreadExecutorMap$2.run(ThreadExecutorMap.java:74)
	at io.netty.util.concurrent.FastThreadLocalRunnable.run(FastThreadLocalRunnable.java:30)
	at java.base/java.lang.Thread.run(Thread.java:1583)
00:06:31.712 [multiThreadIoEventLoopGroup-4-4] WARN  i.n.channel.uring.IoUringIoHandler - Unexpected exception in the IO event loop.
java.lang.IllegalStateException: arena buffer of Thread[#29,multiThreadIoEventLoopGroup-3-4,10,main] touched from Thread[#33,multiThreadIoEventLoopGroup-4-4,10,main] (event-loop arena buffers are thread confined)
	at io.netty.buffer.CycleArenaAllocator$ArenaBuf.violation(CycleArenaAllocator.java:1279)
	at io.netty.buffer.CycleArenaAllocator$ArenaBuf.retain(CycleArenaAllocator.java:1182)
	at io.netty.buffer.AbstractDerivedByteBuf.retain0(AbstractDerivedByteBuf.java:58)
	at io.netty.buffer.AbstractDerivedByteBuf.retain(AbstractDerivedByteBuf.java:54)
	at io.netty.channel.uring.IoUringSocketChannel$IoUringSocketUnsafe.handleWriteCompleteZeroCopy(IoUringSocketChannel.java:220)
	at io.netty.channel.uring.IoUringSocketChannel$IoUringSocketUnsafe.writeComplete0(IoUringSocketChannel.java:186)
	at io.netty.channel.uring.AbstractIoUringChannel$AbstractUringUnsafe.writeComplete(AbstractIoUringChannel.java:1003)
	at io.netty.channel.uring.AbstractIoUringChannel$AbstractUringUnsafe.handle(AbstractIoUringChannel.java:474)
	at io.netty.channel.uring.IoUringIoHandler$DefaultIoUringIoRegistration.handle(IoUringIoHandler.java:705)
	at io.netty.channel.uring.IoUringIoHandler.handleFastPath(IoUringIoHandler.java:318)
	at io.netty.channel.uring.IoUringIoHandler.handle(IoUringIoHandler.java:298)
	at io.netty.channel.uring.CompletionQueue.process(CompletionQueue.java:151)
	at io.netty.channel.uring.IoUringIoHandler.processCompletionsAndHandleOverflow(IoUringIoHandler.java:213)
	at io.netty.channel.uring.IoUringIoHandler.run(IoUringIoHandler.java:188)
	at io.netty.channel.SingleThreadIoEventLoop.runIo(SingleThreadIoEventLoop.java:225)
	at io.netty.channel.SingleThreadIoEventLoop.run(SingleThreadIoEventLoop.java:196)
	at io.netty.util.concurrent.SingleThreadEventExecutor$5.run(SingleThreadEventExecutor.java:1204)
	at io.netty.util.internal.ThreadExecutorMap$2.run(ThreadExecutorMap.java:74)
	at io.netty.util.concurrent.FastThreadLocalRunnable.run(FastThreadLocalRunnable.java:30)
	at java.base/java.lang.Thread.run(Thread.java:1583)
00:06:31.812 [multiThreadIoEventLoopGroup-4-1] WARN  i.n.channel.uring.IoUringIoHandler - Unexpected exception in the IO event loop.
java.lang.IllegalStateException: arena buffer of Thread[#28,multiThreadIoEventLoopGroup-3-3,10,main] touched from Thread[#30,multiThreadIoEventLoopGroup-4-1,10,main] (event-loop arena buffers are thread confined)
	at io.netty.buffer.CycleArenaAllocator$ArenaBuf.violation(CycleArenaAllocator.java:1279)
	at io.netty.buffer.CycleArenaAllocator$ArenaBuf.release(CycleArenaAllocator.java:1208)
	at io.netty.buffer.AbstractDerivedByteBuf.release0(AbstractDerivedByteBuf.java:98)
	at io.netty.buffer.AbstractDerivedByteBuf.release(AbstractDerivedByteBuf.java:94)
	at io.netty.channel.uring.IoUringSocketChannel$IoUringSocketUnsafe.handleWriteCompleteZeroCopy(IoUringSocketChannel.java:289)
	at io.netty.channel.uring.IoUringSocketChannel$IoUringSocketUnsafe.writeComplete0(IoUringSocketChannel.java:186)
	at io.netty.channel.uring.AbstractIoUringChannel$AbstractUringUnsafe.writeComplete(AbstractIoUringChannel.java:1003)
	at io.netty.channel.uring.AbstractIoUringChannel$AbstractUringUnsafe.handle(AbstractIoUringChannel.java:474)
	at io.netty.channel.uring.IoUringIoHandler$DefaultIoUringIoRegistration.handle(IoUringIoHandler.java:705)
	at io.netty.channel.uring.IoUringIoHandler.handleFastPath(IoUringIoHandler.java:318)
	at io.netty.channel.uring.IoUringIoHandler.handle(IoUringIoHandler.java:298)
	at io.netty.channel.uring.CompletionQueue.process(CompletionQueue.java:151)
	at io.netty.channel.uring.IoUringIoHandler.processCompletionsAndHandleOverflow(IoUringIoHandler.java:213)
	at io.netty.channel.uring.IoUringIoHandler.run(IoUringIoHandler.java:188)
	at io.netty.channel.SingleThreadIoEventLoop.runIo(SingleThreadIoEventLoop.java:225)
	at io.netty.channel.SingleThreadIoEventLoop.run(SingleThreadIoEventLoop.java:196)
	at io.netty.util.concurrent.SingleThreadEventExecutor$5.run(SingleThreadEventExecutor.java:1204)
	at io.netty.util.internal.ThreadExecutorMap$2.run(ThreadExecutorMap.java:74)
	at io.netty.util.concurrent.FastThreadLocalRunnable.run(FastThreadLocalRunnable.java:30)
	at java.base/java.lang.Thread.run(Thread.java:1583)
00:06:31.812 [multiThreadIoEventLoopGroup-4-3] WARN  i.n.channel.uring.IoUringIoHandler - Unexpected exception in the IO event loop.
java.lang.IllegalStateException: arena buffer of Thread[#27,multiThreadIoEventLoopGroup-3-2,10,main] touched from Thread[#32,multiThreadIoEventLoopGroup-4-3,10,main] (event-loop arena buffers are thread confined)
	at io.netty.buffer.CycleArenaAllocator$ArenaBuf.violation(CycleArenaAllocator.java:1279)
	at io.netty.buffer.CycleArenaAllocator$ArenaBuf.release(CycleArenaAllocator.java:1208)
	at io.netty.buffer.AbstractDerivedByteBuf.release0(AbstractDerivedByteBuf.java:98)
	at io.netty.buffer.AbstractDerivedByteBuf.release(AbstractDerivedByteBuf.java:94)
	at io.netty.channel.uring.IoUringSocketChannel$IoUringSocketUnsafe.handleWriteCompleteZeroCopy(IoUringSocketChannel.java:289)
	at io.netty.channel.uring.IoUringSocketChannel$IoUringSocketUnsafe.writeComplete0(IoUringSocketChannel.java:186)
	at io.netty.channel.uring.AbstractIoUringChannel$AbstractUringUnsafe.writeComplete(AbstractIoUringChannel.java:1003)
	at io.netty.channel.uring.AbstractIoUringChannel$AbstractUringUnsafe.handle(AbstractIoUringChannel.java:474)
	at io.netty.channel.uring.IoUringIoHandler$DefaultIoUringIoRegistration.handle(IoUringIoHandler.java:705)
	at io.netty.channel.uring.IoUringIoHandler.handleFastPath(IoUringIoHandler.java:318)
	at io.netty.channel.uring.IoUringIoHandler.handle(IoUringIoHandler.java:298)
	at io.netty.channel.uring.CompletionQueue.process(CompletionQueue.java:151)
	at io.netty.channel.uring.IoUringIoHandler.processCompletionsAndHandleOverflow(IoUringIoHandler.java:213)
	at io.netty.channel.uring.IoUringIoHandler.run(IoUringIoHandler.java:188)
	at io.netty.channel.SingleThreadIoEventLoop.runIo(SingleThreadIoEventLoop.java:225)
	at io.netty.channel.SingleThreadIoEventLoop.run(SingleThreadIoEventLoop.java:196)
	at io.netty.util.concurrent.SingleThreadEventExecutor$5.run(SingleThreadEventExecutor.java:1204)
	at io.netty.util.internal.ThreadExecutorMap$2.run(ThreadExecutorMap.java:74)
	at io.netty.util.concurrent.FastThreadLocalRunnable.run(FastThreadLocalRunnable.java:30)
	at java.base/java.lang.Thread.run(Thread.java:1583)
00:06:31.812 [multiThreadIoEventLoopGroup-4-2] WARN  i.n.channel.uring.IoUringIoHandler - Unexpected exception in the IO event loop.
java.lang.IllegalStateException: arena buffer of Thread[#28,multiThreadIoEventLoopGroup-3-3,10,main] touched from Thread[#31,multiThreadIoEventLoopGroup-4-2,10,main] (event-loop arena buffers are thread confined)
	at io.netty.buffer.CycleArenaAllocator$ArenaBuf.violation(CycleArenaAllocator.java:1279)
	at io.netty.buffer.CycleArenaAllocator$ArenaBuf.release(CycleArenaAllocator.java:1208)
	at io.netty.buffer.AbstractDerivedByteBuf.release0(AbstractDerivedByteBuf.java:98)
	at io.netty.buffer.AbstractDerivedByteBuf.release(AbstractDerivedByteBuf.java:94)
	at io.netty.channel.uring.IoUringSocketChannel$IoUringSocketUnsafe.handleWriteCompleteZeroCopy(IoUringSocketChannel.java:289)
	at io.netty.channel.uring.IoUringSocketChannel$IoUringSocketUnsafe.writeComplete0(IoUringSocketChannel.java:186)
	at io.netty.channel.uring.AbstractIoUringChannel$AbstractUringUnsafe.writeComplete(AbstractIoUringChannel.java:1003)
	at io.netty.channel.uring.AbstractIoUringChannel$AbstractUringUnsafe.handle(AbstractIoUringChannel.java:474)
	at io.netty.channel.uring.IoUringIoHandler$DefaultIoUringIoRegistration.handle(IoUringIoHandler.java:705)
	at io.netty.channel.uring.IoUringIoHandler.handleFastPath(IoUringIoHandler.java:318)
	at io.netty.channel.uring.IoUringIoHandler.handle(IoUringIoHandler.java:298)
	at io.netty.channel.uring.CompletionQueue.process(CompletionQueue.java:151)
	at io.netty.channel.uring.IoUringIoHandler.processCompletionsAndHandleOverflow(IoUringIoHandler.java:213)
	at io.netty.channel.uring.IoUringIoHandler.run(IoUringIoHandler.java:188)
	at io.netty.channel.SingleThreadIoEventLoop.runIo(SingleThreadIoEventLoop.java:225)
	at io.netty.channel.SingleThreadIoEventLoop.run(SingleThreadIoEventLoop.java:196)
	at io.netty.util.concurrent.SingleThreadEventExecutor$5.run(SingleThreadEventExecutor.java:1204)
	at io.netty.util.internal.ThreadExecutorMap$2.run(ThreadExecutorMap.java:74)
	at io.netty.util.concurrent.FastThreadLocalRunnable.run(FastThreadLocalRunnable.java:30)
	at java.base/java.lang.Thread.run(Thread.java:1583)
00:06:31.812 [multiThreadIoEventLoopGroup-4-4] WARN  i.n.channel.uring.IoUringIoHandler - Unexpected exception in the IO event loop.
java.lang.IllegalStateException: arena buffer of Thread[#29,multiThreadIoEventLoopGroup-3-4,10,main] touched from Thread[#33,multiThreadIoEventLoopGroup-4-4,10,main] (event-loop arena buffers are thread confined)
	at io.netty.buffer.CycleArenaAllocator$ArenaBuf.violation(CycleArenaAllocator.java:1279)
	at io.netty.buffer.CycleArenaAllocator$ArenaBuf.release(CycleArenaAllocator.java:1208)
	at io.netty.buffer.AbstractDerivedByteBuf.release0(AbstractDerivedByteBuf.java:98)
	at io.netty.buffer.AbstractDerivedByteBuf.release(AbstractDerivedByteBuf.java:94)
	at io.netty.channel.uring.IoUringSocketChannel$IoUringSocketUnsafe.handleWriteCompleteZeroCopy(IoUringSocketChannel.java:289)
	at io.netty.channel.uring.IoUringSocketChannel$IoUringSocketUnsafe.writeComplete0(IoUringSocketChannel.java:186)
	at io.netty.channel.uring.AbstractIoUringChannel$AbstractUringUnsafe.writeComplete(AbstractIoUringChannel.java:1003)
	at io.netty.channel.uring.AbstractIoUringChannel$AbstractUringUnsafe.handle(AbstractIoUringChannel.java:474)
	at io.netty.channel.uring.IoUringIoHandler$DefaultIoUringIoRegistration.handle(IoUringIoHandler.java:705)
	at io.netty.channel.uring.IoUringIoHandler.handleFastPath(IoUringIoHandler.java:318)
	at io.netty.channel.uring.IoUringIoHandler.handle(IoUringIoHandler.java:298)
	at io.netty.channel.uring.CompletionQueue.process(CompletionQueue.java:151)
	at io.netty.channel.uring.IoUringIoHandler.processCompletionsAndHandleOverflow(IoUringIoHandler.java:213)
	at io.netty.channel.uring.IoUringIoHandler.run(IoUringIoHandler.java:188)
	at io.netty.channel.SingleThreadIoEventLoop.runIo(SingleThreadIoEventLoop.java:225)
	at io.netty.channel.SingleThreadIoEventLoop.run(SingleThreadIoEventLoop.java:196)
	at io.netty.util.concurrent.SingleThreadEventExecutor$5.run(SingleThreadEventExecutor.java:1204)
	at io.netty.util.internal.ThreadExecutorMap$2.run(ThreadExecutorMap.java:74)
	at io.netty.util.concurrent.FastThreadLocalRunnable.run(FastThreadLocalRunnable.java:30)
	at java.base/java.lang.Thread.run(Thread.java:1583)
00:06:31.912 [multiThreadIoEventLoopGroup-4-2] WARN  i.n.channel.uring.IoUringIoHandler - Unexpected exception in the IO event loop.
java.lang.IllegalStateException: arena buffer of Thread[#28,multiThreadIoEventLoopGroup-3-3,10,main] touched from Thread[#31,multiThreadIoEventLoopGroup-4-2,10,main] (event-loop arena buffers are thread confined)
	at io.netty.buffer.CycleArenaAllocator$ArenaBuf.violation(CycleArenaAllocator.java:1279)
	at io.netty.buffer.CycleArenaAllocator$ArenaBuf.release(CycleArenaAllocator.java:1208)
	at io.netty.buffer.AbstractDerivedByteBuf.release0(AbstractDerivedByteBuf.java:98)
	at io.netty.buffer.AbstractDerivedByteBuf.release(AbstractDerivedByteBuf.java:94)
	at io.netty.channel.uring.IoUringSocketChannel$IoUringSocketUnsafe.handleWriteCompleteZeroCopy(IoUringSocketChannel.java:289)
	at io.netty.channel.uring.IoUringSocketChannel$IoUringSocketUnsafe.writeComplete0(IoUringSocketChannel.java:186)
	at io.netty.channel.uring.AbstractIoUringChannel$AbstractUringUnsafe.writeComplete(AbstractIoUringChannel.java:1003)
	at io.netty.channel.uring.AbstractIoUringChannel$AbstractUringUnsafe.handle(AbstractIoUringChannel.java:474)
	at io.netty.channel.uring.IoUringIoHandler$DefaultIoUringIoRegistration.handle(IoUringIoHandler.java:705)
	at io.netty.channel.uring.IoUringIoHandler.handleFastPath(IoUringIoHandler.java:318)
	at io.netty.channel.uring.IoUringIoHandler.handle(IoUringIoHandler.java:298)
	at io.netty.channel.uring.CompletionQueue.process(CompletionQueue.java:151)
	at io.netty.channel.uring.IoUringIoHandler.processCompletionsAndHandleOverflow(IoUringIoHandler.java:213)
	at io.netty.channel.uring.IoUringIoHandler.run(IoUringIoHandler.java:188)
	at io.netty.channel.SingleThreadIoEventLoop.runIo(SingleThreadIoEventLoop.java:225)
	at io.netty.channel.SingleThreadIoEventLoop.run(SingleThreadIoEventLoop.java:196)
	at io.netty.util.concurrent.SingleThreadEventExecutor$5.run(SingleThreadEventExecutor.java:1204)
	at io.netty.util.internal.ThreadExecutorMap$2.run(ThreadExecutorMap.java:74)
	at io.netty.util.concurrent.FastThreadLocalRunnable.run(FastThreadLocalRunnable.java:30)
	at java.base/java.lang.Thread.run(Thread.java:1583)
00:06:31.912 [multiThreadIoEventLoopGroup-4-1] WARN  i.n.channel.uring.IoUringIoHandler - Unexpected exception in the IO event loop.
java.lang.IllegalStateException: arena buffer of Thread[#27,multiThreadIoEventLoopGroup-3-2,10,main] touched from Thread[#30,multiThreadIoEventLoopGroup-4-1,10,main] (event-loop arena buffers are thread confined)
	at io.netty.buffer.CycleArenaAllocator$ArenaBuf.violation(CycleArenaAllocator.java:1279)
	at io.netty.buffer.CycleArenaAllocator$ArenaBuf.release(CycleArenaAllocator.java:1208)
	at io.netty.buffer.AbstractDerivedByteBuf.release0(AbstractDerivedByteBuf.java:98)
	at io.netty.buffer.AbstractDerivedByteBuf.release(AbstractDerivedByteBuf.java:94)
	at io.netty.channel.uring.IoUringSocketChannel$IoUringSocketUnsafe.handleWriteCompleteZeroCopy(IoUringSocketChannel.java:289)
	at io.netty.channel.uring.IoUringSocketChannel$IoUringSocketUnsafe.writeComplete0(IoUringSocketChannel.java:186)
	at io.netty.channel.uring.AbstractIoUringChannel$AbstractUringUnsafe.writeComplete(AbstractIoUringChannel.java:1003)
	at io.netty.channel.uring.AbstractIoUringChannel$AbstractUringUnsafe.handle(AbstractIoUringChannel.java:474)
	at io.netty.channel.uring.IoUringIoHandler$DefaultIoUringIoRegistration.handle(IoUringIoHandler.java:705)
	at io.netty.channel.uring.IoUringIoHandler.handleFastPath(IoUringIoHandler.java:318)
	at io.netty.channel.uring.IoUringIoHandler.handle(IoUringIoHandler.java:298)
	at io.netty.channel.uring.CompletionQueue.process(CompletionQueue.java:151)
	at io.netty.channel.uring.IoUringIoHandler.processCompletionsAndHandleOverflow(IoUringIoHandler.java:213)
	at io.netty.channel.uring.IoUringIoHandler.run(IoUringIoHandler.java:188)
	at io.netty.channel.SingleThreadIoEventLoop.runIo(SingleThreadIoEventLoop.java:225)
	at io.netty.channel.SingleThreadIoEventLoop.run(SingleThreadIoEventLoop.java:196)
	at io.netty.util.concurrent.SingleThreadEventExecutor$5.run(SingleThreadEventExecutor.java:1204)
	at io.netty.util.internal.ThreadExecutorMap$2.run(ThreadExecutorMap.java:74)
	at io.netty.util.concurrent.FastThreadLocalRunnable.run(FastThreadLocalRunnable.java:30)
	at java.base/java.lang.Thread.run(Thread.java:1583)
00:06:31.912 [multiThreadIoEventLoopGroup-4-4] WARN  i.n.channel.uring.IoUringIoHandler - Unexpected exception in the IO event loop.
java.lang.IllegalStateException: arena buffer of Thread[#26,multiThreadIoEventLoopGroup-3-1,10,main] touched from Thread[#33,multiThreadIoEventLoopGroup-4-4,10,main] (event-loop arena buffers are thread confined)
	at io.netty.buffer.CycleArenaAllocator$ArenaBuf.violation(CycleArenaAllocator.java:1279)
	at io.netty.buffer.CycleArenaAllocator$ArenaBuf.release(CycleArenaAllocator.java:1208)
	at io.netty.buffer.AbstractDerivedByteBuf.release0(AbstractDerivedByteBuf.java:98)
	at io.netty.buffer.AbstractDerivedByteBuf.release(AbstractDerivedByteBuf.java:94)
	at io.netty.channel.uring.IoUringSocketChannel$IoUringSocketUnsafe.handleWriteCompleteZeroCopy(IoUringSocketChannel.java:289)
	at io.netty.channel.uring.IoUringSocketChannel$IoUringSocketUnsafe.writeComplete0(IoUringSocketChannel.java:186)
	at io.netty.channel.uring.AbstractIoUringChannel$AbstractUringUnsafe.writeComplete(AbstractIoUringChannel.java:1003)
	at io.netty.channel.uring.AbstractIoUringChannel$AbstractUringUnsafe.handle(AbstractIoUringChannel.java:474)
	at io.netty.channel.uring.IoUringIoHandler$DefaultIoUringIoRegistration.handle(IoUringIoHandler.java:705)
	at io.netty.channel.uring.IoUringIoHandler.handleFastPath(IoUringIoHandler.java:318)
	at io.netty.channel.uring.IoUringIoHandler.handle(IoUringIoHandler.java:298)
	at io.netty.channel.uring.CompletionQueue.process(CompletionQueue.java:151)
	at io.netty.channel.uring.IoUringIoHandler.processCompletionsAndHandleOverflow(IoUringIoHandler.java:213)
	at io.netty.channel.uring.IoUringIoHandler.run(IoUringIoHandler.java:188)
	at io.netty.channel.SingleThreadIoEventLoop.runIo(SingleThreadIoEventLoop.java:225)
	at io.netty.channel.SingleThreadIoEventLoop.run(SingleThreadIoEventLoop.java:196)
	at io.netty.util.concurrent.SingleThreadEventExecutor$5.run(SingleThreadEventExecutor.java:1204)
	at io.netty.util.internal.ThreadExecutorMap$2.run(ThreadExecutorMap.java:74)
	at io.netty.util.concurrent.FastThreadLocalRunnable.run(FastThreadLocalRunnable.java:30)
	at java.base/java.lang.Thread.run(Thread.java:1583)
00:06:31.913 [multiThreadIoEventLoopGroup-4-3] WARN  io.netty.util.ReferenceCountUtil - Failed to release a message: UnpooledSlicedByteBuf(ridx: 0, widx: 198, cap: 198/198, unwrapped: CycleArenaAllocator$ArenaBuf(ridx: 0, widx: 8192, cap: 8192))
java.lang.IllegalStateException: arena buffer of Thread[#28,multiThreadIoEventLoopGroup-3-3,10,main] touched from Thread[#32,multiThreadIoEventLoopGroup-4-3,10,main] (event-loop arena buffers are thread confined)
	at io.netty.buffer.CycleArenaAllocator$ArenaBuf.violation(CycleArenaAllocator.java:1279)
	at io.netty.buffer.CycleArenaAllocator$ArenaBuf.release(CycleArenaAllocator.java:1208)
	at io.netty.buffer.AbstractDerivedByteBuf.release0(AbstractDerivedByteBuf.java:98)
	at io.netty.buffer.AbstractDerivedByteBuf.release(AbstractDerivedByteBuf.java:94)
	at io.netty.util.ReferenceCountUtil.release(ReferenceCountUtil.java:90)
	at io.netty.util.ReferenceCountUtil.safeRelease(ReferenceCountUtil.java:116)
	at io.netty.channel.ChannelOutboundBuffer.remove(ChannelOutboundBuffer.java:300)
	at io.netty.channel.ChannelOutboundBuffer.removeBytes(ChannelOutboundBuffer.java:382)
	at io.netty.channel.uring.AbstractIoUringStreamChannel$IoUringStreamUnsafe.writeComplete0(AbstractIoUringStreamChannel.java:692)
	at io.netty.channel.uring.IoUringSocketChannel$IoUringSocketUnsafe.writeComplete0(IoUringSocketChannel.java:188)
	at io.netty.channel.uring.AbstractIoUringChannel$AbstractUringUnsafe.writeComplete(AbstractIoUringChannel.java:1003)
	at io.netty.channel.uring.AbstractIoUringChannel$AbstractUringUnsafe.handle(AbstractIoUringChannel.java:474)
	at io.netty.channel.uring.IoUringIoHandler$DefaultIoUringIoRegistration.handle(IoUringIoHandler.java:705)
	at io.netty.channel.uring.IoUringIoHandler.handleFastPath(IoUringIoHandler.java:318)
	at io.netty.channel.uring.IoUringIoHandler.handle(IoUringIoHandler.java:298)
	at io.netty.channel.uring.CompletionQueue.process(CompletionQueue.java:151)
	at io.netty.channel.uring.IoUringIoHandler.processCompletionsAndHandleOverflow(IoUringIoHandler.java:213)
	at io.netty.channel.uring.IoUringIoHandler.run(IoUringIoHandler.java:188)
	at io.netty.channel.SingleThreadIoEventLoop.runIo(SingleThreadIoEventLoop.java:225)
	at io.netty.channel.SingleThreadIoEventLoop.run(SingleThreadIoEventLoop.java:196)
	at io.netty.util.concurrent.SingleThreadEventExecutor$5.run(SingleThreadEventExecutor.java:1204)
	at io.netty.util.internal.ThreadExecutorMap$2.run(ThreadExecutorMap.java:74)
	at io.netty.util.concurrent.FastThreadLocalRunnable.run(FastThreadLocalRunnable.java:30)
	at java.base/java.lang.Thread.run(Thread.java:1583)
00:06:31.913 [multiThreadIoEventLoopGroup-4-3] WARN  io.netty.util.ReferenceCountUtil - Failed to release a message: UnpooledSlicedByteBuf(ridx: 0, widx: 396, cap: 396/396, unwrapped: CycleArenaAllocator$ArenaBuf(ridx: 0, widx: 8192, cap: 8192))
java.lang.IllegalStateException: arena buffer of Thread[#28,multiThreadIoEventLoopGroup-3-3,10,main] touched from Thread[#32,multiThreadIoEventLoopGroup-4-3,10,main] (event-loop arena buffers are thread confined)
	at io.netty.buffer.CycleArenaAllocator$ArenaBuf.violation(CycleArenaAllocator.java:1279)
	at io.netty.buffer.CycleArenaAllocator$ArenaBuf.release(CycleArenaAllocator.java:1208)
	at io.netty.buffer.AbstractDerivedByteBuf.release0(AbstractDerivedByteBuf.java:98)
	at io.netty.buffer.AbstractDerivedByteBuf.release(AbstractDerivedByteBuf.java:94)
	at io.netty.util.ReferenceCountUtil.release(ReferenceCountUtil.java:90)
	at io.netty.util.ReferenceCountUtil.safeRelease(ReferenceCountUtil.java:116)
	at io.netty.channel.ChannelOutboundBuffer.remove(ChannelOutboundBuffer.java:300)
	at io.netty.channel.ChannelOutboundBuffer.removeBytes(ChannelOutboundBuffer.java:382)
	at io.netty.channel.uring.AbstractIoUringStreamChannel$IoUringStreamUnsafe.writeComplete0(AbstractIoUringStreamChannel.java:692)
	at io.netty.channel.uring.IoUringSocketChannel$IoUringSocketUnsafe.writeComplete0(IoUringSocketChannel.java:188)
	at io.netty.channel.uring.AbstractIoUringChannel$AbstractUringUnsafe.writeComplete(AbstractIoUringChannel.java:1003)
	at io.netty.channel.uring.AbstractIoUringChannel$AbstractUringUnsafe.handle(AbstractIoUringChannel.java:474)
	at io.netty.channel.uring.IoUringIoHandler$DefaultIoUringIoRegistration.handle(IoUringIoHandler.java:705)
	at io.netty.channel.uring.IoUringIoHandler.handleFastPath(IoUringIoHandler.java:318)
	at io.netty.channel.uring.IoUringIoHandler.handle(IoUringIoHandler.java:298)
	at io.netty.channel.uring.CompletionQueue.process(CompletionQueue.java:151)
	at io.netty.channel.uring.IoUringIoHandler.processCompletionsAndHandleOverflow(IoUringIoHandler.java:213)
	at io.netty.channel.uring.IoUringIoHandler.run(IoUringIoHandler.java:188)
	at io.netty.channel.SingleThreadIoEventLoop.runIo(SingleThreadIoEventLoop.java:225)
	at io.netty.channel.SingleThreadIoEventLoop.run(SingleThreadIoEventLoop.java:196)
	at io.netty.util.concurrent.SingleThreadEventExecutor$5.run(SingleThreadEventExecutor.java:1204)
	at io.netty.util.internal.ThreadExecutorMap$2.run(ThreadExecutorMap.java:74)
	at io.netty.util.concurrent.FastThreadLocalRunnable.run(FastThreadLocalRunnable.java:30)
	at java.base/java.lang.Thread.run(Thread.java:1583)
00:06:31.913 [multiThreadIoEventLoopGroup-4-3] WARN  io.netty.util.ReferenceCountUtil - Failed to release a message: UnpooledSlicedByteBuf(ridx: 0, widx: 594, cap: 594/594, unwrapped: CycleArenaAllocator$ArenaBuf(ridx: 0, widx: 8192, cap: 8192))
java.lang.IllegalStateException: arena buffer of Thread[#28,multiThreadIoEventLoopGroup-3-3,10,main] touched from Thread[#32,multiThreadIoEventLoopGroup-4-3,10,main] (event-loop arena buffers are thread confined)
	at io.netty.buffer.CycleArenaAllocator$ArenaBuf.violation(CycleArenaAllocator.java:1279)
	at io.netty.buffer.CycleArenaAllocator$ArenaBuf.release(CycleArenaAllocator.java:1208)
	at io.netty.buffer.AbstractDerivedByteBuf.release0(AbstractDerivedByteBuf.java:98)
	at io.netty.buffer.AbstractDerivedByteBuf.release(AbstractDerivedByteBuf.java:94)
	at io.netty.util.ReferenceCountUtil.release(ReferenceCountUtil.java:90)
	at io.netty.util.ReferenceCountUtil.safeRelease(ReferenceCountUtil.java:116)
	at io.netty.channel.ChannelOutboundBuffer.remove(ChannelOutboundBuffer.java:300)
	at io.netty.channel.ChannelOutboundBuffer.removeBytes(ChannelOutboundBuffer.java:382)
	at io.netty.channel.uring.AbstractIoUringStreamChannel$IoUringStreamUnsafe.writeComplete0(AbstractIoUringStreamChannel.java:692)
	at io.netty.channel.uring.IoUringSocketChannel$IoUringSocketUnsafe.writeComplete0(IoUringSocketChannel.java:188)
	at io.netty.channel.uring.AbstractIoUringChannel$AbstractUringUnsafe.writeComplete(AbstractIoUringChannel.java:1003)
	at io.netty.channel.uring.AbstractIoUringChannel$AbstractUringUnsafe.handle(AbstractIoUringChannel.java:474)
	at io.netty.channel.uring.IoUringIoHandler$DefaultIoUringIoRegistration.handle(IoUringIoHandler.java:705)
	at io.netty.channel.uring.IoUringIoHandler.handleFastPath(IoUringIoHandler.java:318)
	at io.netty.channel.uring.IoUringIoHandler.handle(IoUringIoHandler.java:298)
	at io.netty.channel.uring.CompletionQueue.process(CompletionQueue.java:151)
	at io.netty.channel.uring.IoUringIoHandler.processCompletionsAndHandleOverflow(IoUringIoHandler.java:213)
	at io.netty.channel.uring.IoUringIoHandler.run(IoUringIoHandler.java:188)
	at io.netty.channel.SingleThreadIoEventLoop.runIo(SingleThreadIoEventLoop.java:225)
	at io.netty.channel.SingleThreadIoEventLoop.run(SingleThreadIoEventLoop.java:196)
	at io.netty.util.concurrent.SingleThreadEventExecutor$5.run(SingleThreadEventExecutor.java:1204)
	at io.netty.util.internal.ThreadExecutorMap$2.run(ThreadExecutorMap.java:74)
	at io.netty.util.concurrent.FastThreadLocalRunnable.run(FastThreadLocalRunnable.java:30)
	at java.base/java.lang.Thread.run(Thread.java:1583)
00:06:31.913 [multiThreadIoEventLoopGroup-4-3] WARN  io.netty.util.ReferenceCountUtil - Failed to release a message: UnpooledSlicedByteBuf(ridx: 0, widx: 594, cap: 594/594, unwrapped: CycleArenaAllocator$ArenaBuf(ridx: 0, widx: 8192, cap: 8192))
java.lang.IllegalStateException: arena buffer of Thread[#29,multiThreadIoEventLoopGroup-3-4,10,main] touched from Thread[#32,multiThreadIoEventLoopGroup-4-3,10,main] (event-loop arena buffers are thread confined)
	at io.netty.buffer.CycleArenaAllocator$ArenaBuf.violation(CycleArenaAllocator.java:1279)
	at io.netty.buffer.CycleArenaAllocator$ArenaBuf.release(CycleArenaAllocator.java:1208)
	at io.netty.buffer.AbstractDerivedByteBuf.release0(AbstractDerivedByteBuf.java:98)
	at io.netty.buffer.AbstractDerivedByteBuf.release(AbstractDerivedByteBuf.java:94)
	at io.netty.util.ReferenceCountUtil.release(ReferenceCountUtil.java:90)
	at io.netty.util.ReferenceCountUtil.safeRelease(ReferenceCountUtil.java:116)
	at io.netty.channel.ChannelOutboundBuffer.remove(ChannelOutboundBuffer.java:300)
	at io.netty.channel.ChannelOutboundBuffer.removeBytes(ChannelOutboundBuffer.java:382)
	at io.netty.channel.uring.AbstractIoUringStreamChannel$IoUringStreamUnsafe.writeComplete0(AbstractIoUringStreamChannel.java:692)
	at io.netty.channel.uring.IoUringSocketChannel$IoUringSocketUnsafe.writeComplete0(IoUringSocketChannel.java:188)
	at io.netty.channel.uring.AbstractIoUringChannel$AbstractUringUnsafe.writeComplete(AbstractIoUringChannel.java:1003)
	at io.netty.channel.uring.AbstractIoUringChannel$AbstractUringUnsafe.handle(AbstractIoUringChannel.java:474)
	at io.netty.channel.uring.IoUringIoHandler$DefaultIoUringIoRegistration.handle(IoUringIoHandler.java:705)
	at io.netty.channel.uring.IoUringIoHandler.handleFastPath(IoUringIoHandler.java:318)
	at io.netty.channel.uring.IoUringIoHandler.handle(IoUringIoHandler.java:298)
	at io.netty.channel.uring.CompletionQueue.process(CompletionQueue.java:151)
	at io.netty.channel.uring.IoUringIoHandler.processCompletionsAndHandleOverflow(IoUringIoHandler.java:213)
	at io.netty.channel.uring.IoUringIoHandler.run(IoUringIoHandler.java:188)
	at io.netty.channel.SingleThreadIoEventLoop.runIo(SingleThreadIoEventLoop.java:225)
	at io.netty.channel.SingleThreadIoEventLoop.run(SingleThreadIoEventLoop.java:196)
	at io.netty.util.concurrent.SingleThreadEventExecutor$5.run(SingleThreadEventExecutor.java:1204)
	at io.netty.util.internal.ThreadExecutorMap$2.run(ThreadExecutorMap.java:74)
	at io.netty.util.concurrent.FastThreadLocalRunnable.run(FastThreadLocalRunnable.java:30)
	at java.base/java.lang.Thread.run(Thread.java:1583)
00:06:31.913 [multiThreadIoEventLoopGroup-4-3] WARN  io.netty.util.ReferenceCountUtil - Failed to release a message: UnpooledSlicedByteBuf(ridx: 0, widx: 1386, cap: 1386/1386, unwrapped: CycleArenaAllocator$ArenaBuf(ridx: 0, widx: 8192, cap: 8192))
java.lang.IllegalStateException: arena buffer of Thread[#29,multiThreadIoEventLoopGroup-3-4,10,main] touched from Thread[#32,multiThreadIoEventLoopGroup-4-3,10,main] (event-loop arena buffers are thread confined)
	at io.netty.buffer.CycleArenaAllocator$ArenaBuf.violation(CycleArenaAllocator.java:1279)
	at io.netty.buffer.CycleArenaAllocator$ArenaBuf.release(CycleArenaAllocator.java:1208)
	at io.netty.buffer.AbstractDerivedByteBuf.release0(AbstractDerivedByteBuf.java:98)
	at io.netty.buffer.AbstractDerivedByteBuf.release(AbstractDerivedByteBuf.java:94)
	at io.netty.util.ReferenceCountUtil.release(ReferenceCountUtil.java:90)
	at io.netty.util.ReferenceCountUtil.safeRelease(ReferenceCountUtil.java:116)
	at io.netty.channel.ChannelOutboundBuffer.remove(ChannelOutboundBuffer.java:300)
	at io.netty.channel.ChannelOutboundBuffer.removeBytes(ChannelOutboundBuffer.java:382)
	at io.netty.channel.uring.AbstractIoUringStreamChannel$IoUringStreamUnsafe.writeComplete0(AbstractIoUringStreamChannel.java:692)
	at io.netty.channel.uring.IoUringSocketChannel$IoUringSocketUnsafe.writeComplete0(IoUringSocketChannel.java:188)
	at io.netty.channel.uring.AbstractIoUringChannel$AbstractUringUnsafe.writeComplete(AbstractIoUringChannel.java:1003)
	at io.netty.channel.uring.AbstractIoUringChannel$AbstractUringUnsafe.handle(AbstractIoUringChannel.java:474)
	at io.netty.channel.uring.IoUringIoHandler$DefaultIoUringIoRegistration.handle(IoUringIoHandler.java:705)
	at io.netty.channel.uring.IoUringIoHandler.handleFastPath(IoUringIoHandler.java:318)
	at io.netty.channel.uring.IoUringIoHandler.handle(IoUringIoHandler.java:298)
	at io.netty.channel.uring.CompletionQueue.process(CompletionQueue.java:151)
	at io.netty.channel.uring.IoUringIoHandler.processCompletionsAndHandleOverflow(IoUringIoHandler.java:213)
	at io.netty.channel.uring.IoUringIoHandler.run(IoUringIoHandler.java:188)
	at io.netty.channel.SingleThreadIoEventLoop.runIo(SingleThreadIoEventLoop.java:225)
	at io.netty.channel.SingleThreadIoEventLoop.run(SingleThreadIoEventLoop.java:196)
	at io.netty.util.concurrent.SingleThreadEventExecutor$5.run(SingleThreadEventExecutor.java:1204)
	at io.netty.util.internal.ThreadExecutorMap$2.run(ThreadExecutorMap.java:74)
	at io.netty.util.concurrent.FastThreadLocalRunnable.run(FastThreadLocalRunnable.java:30)
	at java.base/java.lang.Thread.run(Thread.java:1583)
00:06:31.913 [multiThreadIoEventLoopGroup-4-3] WARN  io.netty.util.ReferenceCountUtil - Failed to release a message: UnpooledSlicedByteBuf(ridx: 0, widx: 1386, cap: 1386/1386, unwrapped: CycleArenaAllocator$ArenaBuf(ridx: 0, widx: 8192, cap: 8192))
java.lang.IllegalStateException: arena buffer of Thread[#27,multiThreadIoEventLoopGroup-3-2,10,main] touched from Thread[#32,multiThreadIoEventLoopGroup-4-3,10,main] (event-loop arena buffers are thread confined)
	at io.netty.buffer.CycleArenaAllocator$ArenaBuf.violation(CycleArenaAllocator.java:1279)
	at io.netty.buffer.CycleArenaAllocator$ArenaBuf.release(CycleArenaAllocator.java:1208)
	at io.netty.buffer.AbstractDerivedByteBuf.release0(AbstractDerivedByteBuf.java:98)
	at io.netty.buffer.AbstractDerivedByteBuf.release(AbstractDerivedByteBuf.java:94)
	at io.netty.util.ReferenceCountUtil.release(ReferenceCountUtil.java:90)
	at io.netty.util.ReferenceCountUtil.safeRelease(ReferenceCountUtil.java:116)
	at io.netty.channel.ChannelOutboundBuffer.remove(ChannelOutboundBuffer.java:300)
	at io.netty.channel.ChannelOutboundBuffer.removeBytes(ChannelOutboundBuffer.java:382)
	at io.netty.channel.uring.AbstractIoUringStreamChannel$IoUringStreamUnsafe.writeComplete0(AbstractIoUringStreamChannel.java:692)
	at io.netty.channel.uring.IoUringSocketChannel$IoUringSocketUnsafe.writeComplete0(IoUringSocketChannel.java:188)
	at io.netty.channel.uring.AbstractIoUringChannel$AbstractUringUnsafe.writeComplete(AbstractIoUringChannel.java:1003)
	at io.netty.channel.uring.AbstractIoUringChannel$AbstractUringUnsafe.handle(AbstractIoUringChannel.java:474)
	at io.netty.channel.uring.IoUringIoHandler$DefaultIoUringIoRegistration.handle(IoUringIoHandler.java:705)
	at io.netty.channel.uring.IoUringIoHandler.handleFastPath(IoUringIoHandler.java:318)
	at io.netty.channel.uring.IoUringIoHandler.handle(IoUringIoHandler.java:298)
	at io.netty.channel.uring.CompletionQueue.process(CompletionQueue.java:151)
	at io.netty.channel.uring.IoUringIoHandler.processCompletionsAndHandleOverflow(IoUringIoHandler.java:213)
	at io.netty.channel.uring.IoUringIoHandler.run(IoUringIoHandler.java:188)
	at io.netty.channel.SingleThreadIoEventLoop.runIo(SingleThreadIoEventLoop.java:225)
	at io.netty.channel.SingleThreadIoEventLoop.run(SingleThreadIoEventLoop.java:196)
	at io.netty.util.concurrent.SingleThreadEventExecutor$5.run(SingleThreadEventExecutor.java:1204)
	at io.netty.util.internal.ThreadExecutorMap$2.run(ThreadExecutorMap.java:74)
	at io.netty.util.concurrent.FastThreadLocalRunnable.run(FastThreadLocalRunnable.java:30)
	at java.base/java.lang.Thread.run(Thread.java:1583)
00:06:31.913 [multiThreadIoEventLoopGroup-4-3] WARN  io.netty.util.ReferenceCountUtil - Failed to release a message: UnpooledSlicedByteBuf(ridx: 0, widx: 1386, cap: 1386/1386, unwrapped: CycleArenaAllocator$ArenaBuf(ridx: 0, widx: 8192, cap: 8192))
java.lang.IllegalStateException: arena buffer of Thread[#26,multiThreadIoEventLoopGroup-3-1,10,main] touched from Thread[#32,multiThreadIoEventLoopGroup-4-3,10,main] (event-loop arena buffers are thread confined)
	at io.netty.buffer.CycleArenaAllocator$ArenaBuf.violation(CycleArenaAllocator.java:1279)
	at io.netty.buffer.CycleArenaAllocator$ArenaBuf.release(CycleArenaAllocator.java:1208)
	at io.netty.buffer.AbstractDerivedByteBuf.release0(AbstractDerivedByteBuf.java:98)
	at io.netty.buffer.AbstractDerivedByteBuf.release(AbstractDerivedByteBuf.java:94)
	at io.netty.util.ReferenceCountUtil.release(ReferenceCountUtil.java:90)
	at io.netty.util.ReferenceCountUtil.safeRelease(ReferenceCountUtil.java:116)
	at io.netty.channel.ChannelOutboundBuffer.remove(ChannelOutboundBuffer.java:300)
	at io.netty.channel.ChannelOutboundBuffer.removeBytes(ChannelOutboundBuffer.java:382)
	at io.netty.channel.uring.AbstractIoUringStreamChannel$IoUringStreamUnsafe.writeComplete0(AbstractIoUringStreamChannel.java:692)
	at io.netty.channel.uring.IoUringSocketChannel$IoUringSocketUnsafe.writeComplete0(IoUringSocketChannel.java:188)
	at io.netty.channel.uring.AbstractIoUringChannel$AbstractUringUnsafe.writeComplete(AbstractIoUringChannel.java:1003)
	at io.netty.channel.uring.AbstractIoUringChannel$AbstractUringUnsafe.handle(AbstractIoUringChannel.java:474)
	at io.netty.channel.uring.IoUringIoHandler$DefaultIoUringIoRegistration.handle(IoUringIoHandler.java:705)
	at io.netty.channel.uring.IoUringIoHandler.handleFastPath(IoUringIoHandler.java:318)
	at io.netty.channel.uring.IoUringIoHandler.handle(IoUringIoHandler.java:298)
	at io.netty.channel.uring.CompletionQueue.process(CompletionQueue.java:151)
	at io.netty.channel.uring.IoUringIoHandler.processCompletionsAndHandleOverflow(IoUringIoHandler.java:213)
	at io.netty.channel.uring.IoUringIoHandler.run(IoUringIoHandler.java:188)
	at io.netty.channel.SingleThreadIoEventLoop.runIo(SingleThreadIoEventLoop.java:225)
	at io.netty.channel.SingleThreadIoEventLoop.run(SingleThreadIoEventLoop.java:196)
	at io.netty.util.concurrent.SingleThreadEventExecutor$5.run(SingleThreadEventExecutor.java:1204)
	at io.netty.util.internal.ThreadExecutorMap$2.run(ThreadExecutorMap.java:74)
	at io.netty.util.concurrent.FastThreadLocalRunnable.run(FastThreadLocalRunnable.java:30)
	at java.base/java.lang.Thread.run(Thread.java:1583)
00:06:31.913 [multiThreadIoEventLoopGroup-4-3] WARN  io.netty.util.ReferenceCountUtil - Failed to release a message: UnpooledSlicedByteBuf(ridx: 0, widx: 1584, cap: 1584/1584, unwrapped: CycleArenaAllocator$ArenaBuf(ridx: 0, widx: 1584, cap: 8192))
java.lang.IllegalStateException: arena buffer of Thread[#29,multiThreadIoEventLoopGroup-3-4,10,main] touched from Thread[#32,multiThreadIoEventLoopGroup-4-3,10,main] (event-loop arena buffers are thread confined)
	at io.netty.buffer.CycleArenaAllocator$ArenaBuf.violation(CycleArenaAllocator.java:1279)
	at io.netty.buffer.CycleArenaAllocator$ArenaBuf.release(CycleArenaAllocator.java:1208)
	at io.netty.buffer.AbstractDerivedByteBuf.release0(AbstractDerivedByteBuf.java:98)
	at io.netty.buffer.AbstractDerivedByteBuf.release(AbstractDerivedByteBuf.java:94)
	at io.netty.util.ReferenceCountUtil.release(ReferenceCountUtil.java:90)
	at io.netty.util.ReferenceCountUtil.safeRelease(ReferenceCountUtil.java:116)
	at io.netty.channel.ChannelOutboundBuffer.remove(ChannelOutboundBuffer.java:300)
	at io.netty.channel.ChannelOutboundBuffer.removeBytes(ChannelOutboundBuffer.java:382)
	at io.netty.channel.uring.AbstractIoUringStreamChannel$IoUringStreamUnsafe.writeComplete0(AbstractIoUringStreamChannel.java:692)
	at io.netty.channel.uring.IoUringSocketChannel$IoUringSocketUnsafe.writeComplete0(IoUringSocketChannel.java:188)
	at io.netty.channel.uring.AbstractIoUringChannel$AbstractUringUnsafe.writeComplete(AbstractIoUringChannel.java:1003)
	at io.netty.channel.uring.AbstractIoUringChannel$AbstractUringUnsafe.handle(AbstractIoUringChannel.java:474)
	at io.netty.channel.uring.IoUringIoHandler$DefaultIoUringIoRegistration.handle(IoUringIoHandler.java:705)
	at io.netty.channel.uring.IoUringIoHandler.handleFastPath(IoUringIoHandler.java:318)
	at io.netty.channel.uring.IoUringIoHandler.handle(IoUringIoHandler.java:298)
	at io.netty.channel.uring.CompletionQueue.process(CompletionQueue.java:151)
	at io.netty.channel.uring.IoUringIoHandler.processCompletionsAndHandleOverflow(IoUringIoHandler.java:213)
	at io.netty.channel.uring.IoUringIoHandler.run(IoUringIoHandler.java:188)
	at io.netty.channel.SingleThreadIoEventLoop.runIo(SingleThreadIoEventLoop.java:225)
	at io.netty.channel.SingleThreadIoEventLoop.run(SingleThreadIoEventLoop.java:196)
	at io.netty.util.concurrent.SingleThreadEventExecutor$5.run(SingleThreadEventExecutor.java:1204)
	at io.netty.util.internal.ThreadExecutorMap$2.run(ThreadExecutorMap.java:74)
	at io.netty.util.concurrent.FastThreadLocalRunnable.run(FastThreadLocalRunnable.java:30)
	at java.base/java.lang.Thread.run(Thread.java:1583)
00:06:31.913 [multiThreadIoEventLoopGroup-4-3] WARN  io.netty.util.ReferenceCountUtil - Failed to release a message: UnpooledSlicedByteBuf(ridx: 0, widx: 1584, cap: 1584/1584, unwrapped: CycleArenaAllocator$ArenaBuf(ridx: 0, widx: 1584, cap: 8192))
java.lang.IllegalStateException: arena buffer of Thread[#26,multiThreadIoEventLoopGroup-3-1,10,main] touched from Thread[#32,multiThreadIoEventLoopGroup-4-3,10,main] (event-loop arena buffers are thread confined)
	at io.netty.buffer.CycleArenaAllocator$ArenaBuf.violation(CycleArenaAllocator.java:1279)
	at io.netty.buffer.CycleArenaAllocator$ArenaBuf.release(CycleArenaAllocator.java:1208)
	at io.netty.buffer.AbstractDerivedByteBuf.release0(AbstractDerivedByteBuf.java:98)
	at io.netty.buffer.AbstractDerivedByteBuf.release(AbstractDerivedByteBuf.java:94)
	at io.netty.util.ReferenceCountUtil.release(ReferenceCountUtil.java:90)
	at io.netty.util.ReferenceCountUtil.safeRelease(ReferenceCountUtil.java:116)
	at io.netty.channel.ChannelOutboundBuffer.remove(ChannelOutboundBuffer.java:300)
	at io.netty.channel.ChannelOutboundBuffer.removeBytes(ChannelOutboundBuffer.java:382)
	at io.netty.channel.uring.AbstractIoUringStreamChannel$IoUringStreamUnsafe.writeComplete0(AbstractIoUringStreamChannel.java:692)
	at io.netty.channel.uring.IoUringSocketChannel$IoUringSocketUnsafe.writeComplete0(IoUringSocketChannel.java:188)
	at io.netty.channel.uring.AbstractIoUringChannel$AbstractUringUnsafe.writeComplete(AbstractIoUringChannel.java:1003)
	at io.netty.channel.uring.AbstractIoUringChannel$AbstractUringUnsafe.handle(AbstractIoUringChannel.java:474)
	at io.netty.channel.uring.IoUringIoHandler$DefaultIoUringIoRegistration.handle(IoUringIoHandler.java:705)
	at io.netty.channel.uring.IoUringIoHandler.handleFastPath(IoUringIoHandler.java:318)
	at io.netty.channel.uring.IoUringIoHandler.handle(IoUringIoHandler.java:298)
	at io.netty.channel.uring.CompletionQueue.process(CompletionQueue.java:151)
	at io.netty.channel.uring.IoUringIoHandler.processCompletionsAndHandleOverflow(IoUringIoHandler.java:213)
	at io.netty.channel.uring.IoUringIoHandler.run(IoUringIoHandler.java:188)
	at io.netty.channel.SingleThreadIoEventLoop.runIo(SingleThreadIoEventLoop.java:225)
	at io.netty.channel.SingleThreadIoEventLoop.run(SingleThreadIoEventLoop.java:196)
	at io.netty.util.concurrent.SingleThreadEventExecutor$5.run(SingleThreadEventExecutor.java:1204)
	at io.netty.util.internal.ThreadExecutorMap$2.run(ThreadExecutorMap.java:74)
	at io.netty.util.concurrent.FastThreadLocalRunnable.run(FastThreadLocalRunnable.java:30)
	at java.base/java.lang.Thread.run(Thread.java:1583)
00:06:31.913 [multiThreadIoEventLoopGroup-4-3] WARN  io.netty.util.ReferenceCountUtil - Failed to release a message: UnpooledSlicedByteBuf(ridx: 0, widx: 1584, cap: 1584/1584, unwrapped: CycleArenaAllocator$ArenaBuf(ridx: 0, widx: 1584, cap: 8192))
java.lang.IllegalStateException: arena buffer of Thread[#27,multiThreadIoEventLoopGroup-3-2,10,main] touched from Thread[#32,multiThreadIoEventLoopGroup-4-3,10,main] (event-loop arena buffers are thread confined)
	at io.netty.buffer.CycleArenaAllocator$ArenaBuf.violation(CycleArenaAllocator.java:1279)
	at io.netty.buffer.CycleArenaAllocator$ArenaBuf.release(CycleArenaAllocator.java:1208)
	at io.netty.buffer.AbstractDerivedByteBuf.release0(AbstractDerivedByteBuf.java:98)
	at io.netty.buffer.AbstractDerivedByteBuf.release(AbstractDerivedByteBuf.java:94)
	at io.netty.util.ReferenceCountUtil.release(ReferenceCountUtil.java:90)
	at io.netty.util.ReferenceCountUtil.safeRelease(ReferenceCountUtil.java:116)
	at io.netty.channel.ChannelOutboundBuffer.remove(ChannelOutboundBuffer.java:300)
	at io.netty.channel.ChannelOutboundBuffer.removeBytes(ChannelOutboundBuffer.java:382)
	at io.netty.channel.uring.AbstractIoUringStreamChannel$IoUringStreamUnsafe.writeComplete0(AbstractIoUringStreamChannel.java:692)
	at io.netty.channel.uring.IoUringSocketChannel$IoUringSocketUnsafe.writeComplete0(IoUringSocketChannel.java:188)
	at io.netty.channel.uring.AbstractIoUringChannel$AbstractUringUnsafe.writeComplete(AbstractIoUringChannel.java:1003)
	at io.netty.channel.uring.AbstractIoUringChannel$AbstractUringUnsafe.handle(AbstractIoUringChannel.java:474)
	at io.netty.channel.uring.IoUringIoHandler$DefaultIoUringIoRegistration.handle(IoUringIoHandler.java:705)
	at io.netty.channel.uring.IoUringIoHandler.handleFastPath(IoUringIoHandler.java:318)
	at io.netty.channel.uring.IoUringIoHandler.handle(IoUringIoHandler.java:298)
	at io.netty.channel.uring.CompletionQueue.process(CompletionQueue.java:151)
	at io.netty.channel.uring.IoUringIoHandler.processCompletionsAndHandleOverflow(IoUringIoHandler.java:213)
	at io.netty.channel.uring.IoUringIoHandler.run(IoUringIoHandler.java:188)
	at io.netty.channel.SingleThreadIoEventLoop.runIo(SingleThreadIoEventLoop.java:225)
	at io.netty.channel.SingleThreadIoEventLoop.run(SingleThreadIoEventLoop.java:196)
	at io.netty.util.concurrent.SingleThreadEventExecutor$5.run(SingleThreadEventExecutor.java:1204)
	at io.netty.util.internal.ThreadExecutorMap$2.run(ThreadExecutorMap.java:74)
	at io.netty.util.concurrent.FastThreadLocalRunnable.run(FastThreadLocalRunnable.java:30)
	at java.base/java.lang.Thread.run(Thread.java:1583)
00:06:31.914 [multiThreadIoEventLoopGroup-3-3] WARN  io.netty.util.ReferenceCountUtil - Failed to release a message: UnpooledSlicedByteBuf(ridx: 0, widx: 3655, cap: 3655/3655, unwrapped: CycleArenaAllocator$ArenaBuf(ridx: 0, widx: 8192, cap: 8192))
java.lang.IllegalStateException: arena buffer of Thread[#32,multiThreadIoEventLoopGroup-4-3,10,main] touched from Thread[#28,multiThreadIoEventLoopGroup-3-3,10,main] (event-loop arena buffers are thread confined)
	at io.netty.buffer.CycleArenaAllocator$ArenaBuf.violation(CycleArenaAllocator.java:1279)
	at io.netty.buffer.CycleArenaAllocator$ArenaBuf.release(CycleArenaAllocator.java:1208)
	at io.netty.buffer.AbstractDerivedByteBuf.release0(AbstractDerivedByteBuf.java:98)
	at io.netty.buffer.AbstractDerivedByteBuf.release(AbstractDerivedByteBuf.java:94)
	at io.netty.util.ReferenceCountUtil.release(ReferenceCountUtil.java:90)
	at io.netty.util.ReferenceCountUtil.safeRelease(ReferenceCountUtil.java:116)
	at io.netty.channel.ChannelOutboundBuffer.remove(ChannelOutboundBuffer.java:300)
	at io.netty.channel.ChannelOutboundBuffer.removeBytes(ChannelOutboundBuffer.java:382)
	at io.netty.channel.uring.AbstractIoUringStreamChannel$IoUringStreamUnsafe.writeComplete0(AbstractIoUringStreamChannel.java:692)
	at io.netty.channel.uring.IoUringSocketChannel$IoUringSocketUnsafe.writeComplete0(IoUringSocketChannel.java:188)
	at io.netty.channel.uring.AbstractIoUringChannel$AbstractUringUnsafe.writeComplete(AbstractIoUringChannel.java:1003)
	at io.netty.channel.uring.AbstractIoUringChannel$AbstractUringUnsafe.handle(AbstractIoUringChannel.java:474)
	at io.netty.channel.uring.IoUringIoHandler$DefaultIoUringIoRegistration.handle(IoUringIoHandler.java:705)
	at io.netty.channel.uring.IoUringIoHandler.handleFastPath(IoUringIoHandler.java:318)
	at io.netty.channel.uring.IoUringIoHandler.handle(IoUringIoHandler.java:298)
	at io.netty.channel.uring.CompletionQueue.process(CompletionQueue.java:151)
	at io.netty.channel.uring.IoUringIoHandler.processCompletionsAndHandleOverflow(IoUringIoHandler.java:213)
	at io.netty.channel.uring.IoUringIoHandler.run(IoUringIoHandler.java:188)
	at io.netty.channel.SingleThreadIoEventLoop.runIo(SingleThreadIoEventLoop.java:225)
	at io.netty.channel.SingleThreadIoEventLoop.run(SingleThreadIoEventLoop.java:196)
	at io.netty.util.concurrent.SingleThreadEventExecutor$5.run(SingleThreadEventExecutor.java:1204)
	at io.netty.util.internal.ThreadExecutorMap$2.run(ThreadExecutorMap.java:74)
	at io.netty.util.concurrent.FastThreadLocalRunnable.run(FastThreadLocalRunnable.java:30)
	at java.base/java.lang.Thread.run(Thread.java:1583)
00:06:31.914 [multiThreadIoEventLoopGroup-3-2] WARN  i.n.channel.uring.IoUringIoHandler - Unexpected exception in the IO event loop.
java.lang.IllegalStateException: arena buffer of Thread[#32,multiThreadIoEventLoopGroup-4-3,10,main] touched from Thread[#27,multiThreadIoEventLoopGroup-3-2,10,main] (event-loop arena buffers are thread confined)
	at io.netty.buffer.CycleArenaAllocator$ArenaBuf.violation(CycleArenaAllocator.java:1279)
	at io.netty.buffer.CycleArenaAllocator$ArenaBuf.retain(CycleArenaAllocator.java:1182)
	at io.netty.buffer.AbstractDerivedByteBuf.retain0(AbstractDerivedByteBuf.java:58)
	at io.netty.buffer.AbstractDerivedByteBuf.retain(AbstractDerivedByteBuf.java:54)
	at io.netty.channel.uring.IoUringSocketChannel$IoUringSocketUnsafe.handleWriteCompleteZeroCopy(IoUringSocketChannel.java:220)
	at io.netty.channel.uring.IoUringSocketChannel$IoUringSocketUnsafe.writeComplete0(IoUringSocketChannel.java:186)
	at io.netty.channel.uring.AbstractIoUringChannel$AbstractUringUnsafe.writeComplete(AbstractIoUringChannel.java:1003)
	at io.netty.channel.uring.AbstractIoUringChannel$AbstractUringUnsafe.handle(AbstractIoUringChannel.java:474)
	at io.netty.channel.uring.IoUringIoHandler$DefaultIoUringIoRegistration.handle(IoUringIoHandler.java:705)
	at io.netty.channel.uring.IoUringIoHandler.handleFastPath(IoUringIoHandler.java:318)
	at io.netty.channel.uring.IoUringIoHandler.handle(IoUringIoHandler.java:298)
	at io.netty.channel.uring.CompletionQueue.process(CompletionQueue.java:151)
	at io.netty.channel.uring.IoUringIoHandler.processCompletionsAndHandleOverflow(IoUringIoHandler.java:213)
	at io.netty.channel.uring.IoUringIoHandler.run(IoUringIoHandler.java:188)
	at io.netty.channel.SingleThreadIoEventLoop.runIo(SingleThreadIoEventLoop.java:225)
	at io.netty.channel.SingleThreadIoEventLoop.run(SingleThreadIoEventLoop.java:196)
	at io.netty.util.concurrent.SingleThreadEventExecutor$5.run(SingleThreadEventExecutor.java:1204)
	at io.netty.util.internal.ThreadExecutorMap$2.run(ThreadExecutorMap.java:74)
	at io.netty.util.concurrent.FastThreadLocalRunnable.run(FastThreadLocalRunnable.java:30)
	at java.base/java.lang.Thread.run(Thread.java:1583)
00:06:31.914 [multiThreadIoEventLoopGroup-3-4] WARN  i.n.channel.uring.IoUringIoHandler - Unexpected exception in the IO event loop.
java.lang.IllegalStateException: arena buffer of Thread[#32,multiThreadIoEventLoopGroup-4-3,10,main] touched from Thread[#29,multiThreadIoEventLoopGroup-3-4,10,main] (event-loop arena buffers are thread confined)
	at io.netty.buffer.CycleArenaAllocator$ArenaBuf.violation(CycleArenaAllocator.java:1279)
	at io.netty.buffer.CycleArenaAllocator$ArenaBuf.retain(CycleArenaAllocator.java:1182)
	at io.netty.buffer.AbstractDerivedByteBuf.retain0(AbstractDerivedByteBuf.java:58)
	at io.netty.buffer.AbstractDerivedByteBuf.retain(AbstractDerivedByteBuf.java:54)
	at io.netty.channel.uring.IoUringSocketChannel$IoUringSocketUnsafe.handleWriteCompleteZeroCopy(IoUringSocketChannel.java:220)
	at io.netty.channel.uring.IoUringSocketChannel$IoUringSocketUnsafe.writeComplete0(IoUringSocketChannel.java:186)
	at io.netty.channel.uring.AbstractIoUringChannel$AbstractUringUnsafe.writeComplete(AbstractIoUringChannel.java:1003)
	at io.netty.channel.uring.AbstractIoUringChannel$AbstractUringUnsafe.handle(AbstractIoUringChannel.java:474)
	at io.netty.channel.uring.IoUringIoHandler$DefaultIoUringIoRegistration.handle(IoUringIoHandler.java:705)
	at io.netty.channel.uring.IoUringIoHandler.handleFastPath(IoUringIoHandler.java:318)
	at io.netty.channel.uring.IoUringIoHandler.handle(IoUringIoHandler.java:298)
	at io.netty.channel.uring.CompletionQueue.process(CompletionQueue.java:151)
	at io.netty.channel.uring.IoUringIoHandler.processCompletionsAndHandleOverflow(IoUringIoHandler.java:213)
	at io.netty.channel.uring.IoUringIoHandler.run(IoUringIoHandler.java:188)
	at io.netty.channel.SingleThreadIoEventLoop.runIo(SingleThreadIoEventLoop.java:225)
	at io.netty.channel.SingleThreadIoEventLoop.run(SingleThreadIoEventLoop.java:196)
	at io.netty.util.concurrent.SingleThreadEventExecutor$5.run(SingleThreadEventExecutor.java:1204)
	at io.netty.util.internal.ThreadExecutorMap$2.run(ThreadExecutorMap.java:74)
	at io.netty.util.concurrent.FastThreadLocalRunnable.run(FastThreadLocalRunnable.java:30)
	at java.base/java.lang.Thread.run(Thread.java:1583)
00:06:31.914 [multiThreadIoEventLoopGroup-3-3] WARN  io.netty.util.ReferenceCountUtil - Failed to release a message: UnpooledSlicedByteBuf(ridx: 0, widx: 882, cap: 882/882, unwrapped: CycleArenaAllocator$ArenaBuf(ridx: 0, widx: 8192, cap: 8192))
java.lang.IllegalStateException: arena buffer of Thread[#32,multiThreadIoEventLoopGroup-4-3,10,main] touched from Thread[#28,multiThreadIoEventLoopGroup-3-3,10,main] (event-loop arena buffers are thread confined)
	at io.netty.buffer.CycleArenaAllocator$ArenaBuf.violation(CycleArenaAllocator.java:1279)
	at io.netty.buffer.CycleArenaAllocator$ArenaBuf.release(CycleArenaAllocator.java:1208)
	at io.netty.buffer.AbstractDerivedByteBuf.release0(AbstractDerivedByteBuf.java:98)
	at io.netty.buffer.AbstractDerivedByteBuf.release(AbstractDerivedByteBuf.java:94)
	at io.netty.util.ReferenceCountUtil.release(ReferenceCountUtil.java:90)
	at io.netty.util.ReferenceCountUtil.safeRelease(ReferenceCountUtil.java:116)
	at io.netty.channel.ChannelOutboundBuffer.remove(ChannelOutboundBuffer.java:300)
	at io.netty.channel.ChannelOutboundBuffer.removeBytes(ChannelOutboundBuffer.java:382)
	at io.netty.channel.uring.AbstractIoUringStreamChannel$IoUringStreamUnsafe.writeComplete0(AbstractIoUringStreamChannel.java:692)
	at io.netty.channel.uring.IoUringSocketChannel$IoUringSocketUnsafe.writeComplete0(IoUringSocketChannel.java:188)
	at io.netty.channel.uring.AbstractIoUringChannel$AbstractUringUnsafe.writeComplete(AbstractIoUringChannel.java:1003)
	at io.netty.channel.uring.AbstractIoUringChannel$AbstractUringUnsafe.handle(AbstractIoUringChannel.java:474)
	at io.netty.channel.uring.IoUringIoHandler$DefaultIoUringIoRegistration.handle(IoUringIoHandler.java:705)
	at io.netty.channel.uring.IoUringIoHandler.handleFastPath(IoUringIoHandler.java:318)
	at io.netty.channel.uring.IoUringIoHandler.handle(IoUringIoHandler.java:298)
	at io.netty.channel.uring.CompletionQueue.process(CompletionQueue.java:151)
	at io.netty.channel.uring.IoUringIoHandler.processCompletionsAndHandleOverflow(IoUringIoHandler.java:213)
	at io.netty.channel.uring.IoUringIoHandler.run(IoUringIoHandler.java:188)
	at io.netty.channel.SingleThreadIoEventLoop.runIo(SingleThreadIoEventLoop.java:225)
	at io.netty.channel.SingleThreadIoEventLoop.run(SingleThreadIoEventLoop.java:196)
	at io.netty.util.concurrent.SingleThreadEventExecutor$5.run(SingleThreadEventExecutor.java:1204)
	at io.netty.util.internal.ThreadExecutorMap$2.run(ThreadExecutorMap.java:74)
	at io.netty.util.concurrent.FastThreadLocalRunnable.run(FastThreadLocalRunnable.java:30)
	at java.base/java.lang.Thread.run(Thread.java:1583)
00:06:31.914 [multiThreadIoEventLoopGroup-3-1] WARN  io.netty.util.ReferenceCountUtil - Failed to release a message: UnpooledSlicedByteBuf(ridx: 0, widx: 138, cap: 138/138, unwrapped: CycleArenaAllocator$ArenaBuf(ridx: 0, widx: 8192, cap: 8192))
java.lang.IllegalStateException: arena buffer of Thread[#32,multiThreadIoEventLoopGroup-4-3,10,main] touched from Thread[#26,multiThreadIoEventLoopGroup-3-1,10,main] (event-loop arena buffers are thread confined)
	at io.netty.buffer.CycleArenaAllocator$ArenaBuf.violation(CycleArenaAllocator.java:1279)
	at io.netty.buffer.CycleArenaAllocator$ArenaBuf.release(CycleArenaAllocator.java:1208)
	at io.netty.buffer.AbstractDerivedByteBuf.release0(AbstractDerivedByteBuf.java:98)
	at io.netty.buffer.AbstractDerivedByteBuf.release(AbstractDerivedByteBuf.java:94)
	at io.netty.util.ReferenceCountUtil.release(ReferenceCountUtil.java:90)
	at io.netty.util.ReferenceCountUtil.safeRelease(ReferenceCountUtil.java:116)
	at io.netty.channel.ChannelOutboundBuffer.remove(ChannelOutboundBuffer.java:300)
	at io.netty.channel.ChannelOutboundBuffer.removeBytes(ChannelOutboundBuffer.java:382)
	at io.netty.channel.uring.AbstractIoUringStreamChannel$IoUringStreamUnsafe.writeComplete0(AbstractIoUringStreamChannel.java:692)
	at io.netty.channel.uring.IoUringSocketChannel$IoUringSocketUnsafe.writeComplete0(IoUringSocketChannel.java:188)
	at io.netty.channel.uring.AbstractIoUringChannel$AbstractUringUnsafe.writeComplete(AbstractIoUringChannel.java:1003)
	at io.netty.channel.uring.AbstractIoUringChannel$AbstractUringUnsafe.handle(AbstractIoUringChannel.java:474)
	at io.netty.channel.uring.IoUringIoHandler$DefaultIoUringIoRegistration.handle(IoUringIoHandler.java:705)
	at io.netty.channel.uring.IoUringIoHandler.handleFastPath(IoUringIoHandler.java:318)
	at io.netty.channel.uring.IoUringIoHandler.handle(IoUringIoHandler.java:298)
	at io.netty.channel.uring.CompletionQueue.process(CompletionQueue.java:151)
	at io.netty.channel.uring.IoUringIoHandler.processCompletionsAndHandleOverflow(IoUringIoHandler.java:213)
	at io.netty.channel.uring.IoUringIoHandler.run(IoUringIoHandler.java:188)
	at io.netty.channel.SingleThreadIoEventLoop.runIo(SingleThreadIoEventLoop.java:225)
	at io.netty.channel.SingleThreadIoEventLoop.run(SingleThreadIoEventLoop.java:196)
	at io.netty.util.concurrent.SingleThreadEventExecutor$5.run(SingleThreadEventExecutor.java:1204)
	at io.netty.util.internal.ThreadExecutorMap$2.run(ThreadExecutorMap.java:74)
	at io.netty.util.concurrent.FastThreadLocalRunnable.run(FastThreadLocalRunnable.java:30)
	at java.base/java.lang.Thread.run(Thread.java:1583)
00:06:31.914 [multiThreadIoEventLoopGroup-3-3] WARN  io.netty.util.ReferenceCountUtil - Failed to release a message: UnpooledSlicedByteBuf(ridx: 0, widx: 2784, cap: 2784/2784, unwrapped: CycleArenaAllocator$ArenaBuf(ridx: 0, widx: 8192, cap: 8192))
java.lang.IllegalStateException: arena buffer of Thread[#32,multiThreadIoEventLoopGroup-4-3,10,main] touched from Thread[#28,multiThreadIoEventLoopGroup-3-3,10,main] (event-loop arena buffers are thread confined)
	at io.netty.buffer.CycleArenaAllocator$ArenaBuf.violation(CycleArenaAllocator.java:1279)
	at io.netty.buffer.CycleArenaAllocator$ArenaBuf.release(CycleArenaAllocator.java:1208)
	at io.netty.buffer.AbstractDerivedByteBuf.release0(AbstractDerivedByteBuf.java:98)
	at io.netty.buffer.AbstractDerivedByteBuf.release(AbstractDerivedByteBuf.java:94)
	at io.netty.util.ReferenceCountUtil.release(ReferenceCountUtil.java:90)
	at io.netty.util.ReferenceCountUtil.safeRelease(ReferenceCountUtil.java:116)
	at io.netty.channel.ChannelOutboundBuffer.remove(ChannelOutboundBuffer.java:300)
	at io.netty.channel.ChannelOutboundBuffer.removeBytes(ChannelOutboundBuffer.java:382)
	at io.netty.channel.uring.AbstractIoUringStreamChannel$IoUringStreamUnsafe.writeComplete0(AbstractIoUringStreamChannel.java:692)
	at io.netty.channel.uring.IoUringSocketChannel$IoUringSocketUnsafe.writeComplete0(IoUringSocketChannel.java:188)
	at io.netty.channel.uring.AbstractIoUringChannel$AbstractUringUnsafe.writeComplete(AbstractIoUringChannel.java:1003)
	at io.netty.channel.uring.AbstractIoUringChannel$AbstractUringUnsafe.handle(AbstractIoUringChannel.java:474)
	at io.netty.channel.uring.IoUringIoHandler$DefaultIoUringIoRegistration.handle(IoUringIoHandler.java:705)
	at io.netty.channel.uring.IoUringIoHandler.handleFastPath(IoUringIoHandler.java:318)
	at io.netty.channel.uring.IoUringIoHandler.handle(IoUringIoHandler.java:298)
	at io.netty.channel.uring.CompletionQueue.process(CompletionQueue.java:151)
	at io.netty.channel.uring.IoUringIoHandler.processCompletionsAndHandleOverflow(IoUringIoHandler.java:213)
	at io.netty.channel.uring.IoUringIoHandler.run(IoUringIoHandler.java:188)
	at io.netty.channel.SingleThreadIoEventLoop.runIo(SingleThreadIoEventLoop.java:225)
	at io.netty.channel.SingleThreadIoEventLoop.run(SingleThreadIoEventLoop.java:196)
	at io.netty.util.concurrent.SingleThreadEventExecutor$5.run(SingleThreadEventExecutor.java:1204)
	at io.netty.util.internal.ThreadExecutorMap$2.run(ThreadExecutorMap.java:74)
	at io.netty.util.concurrent.FastThreadLocalRunnable.run(FastThreadLocalRunnable.java:30)
	at java.base/java.lang.Thread.run(Thread.java:1583)
00:06:31.914 [multiThreadIoEventLoopGroup-3-1] WARN  i.n.channel.uring.IoUringIoHandler - Unexpected exception in the IO event loop.
java.lang.IllegalStateException: arena buffer of Thread[#32,multiThreadIoEventLoopGroup-4-3,10,main] touched from Thread[#26,multiThreadIoEventLoopGroup-3-1,10,main] (event-loop arena buffers are thread confined)
	at io.netty.buffer.CycleArenaAllocator$ArenaBuf.violation(CycleArenaAllocator.java:1279)
	at io.netty.buffer.CycleArenaAllocator$ArenaBuf.retain(CycleArenaAllocator.java:1182)
	at io.netty.buffer.AbstractDerivedByteBuf.retain0(AbstractDerivedByteBuf.java:58)
	at io.netty.buffer.AbstractDerivedByteBuf.retain(AbstractDerivedByteBuf.java:54)
	at io.netty.channel.uring.IoUringSocketChannel$IoUringSocketUnsafe.handleWriteCompleteZeroCopy(IoUringSocketChannel.java:220)
	at io.netty.channel.uring.IoUringSocketChannel$IoUringSocketUnsafe.writeComplete0(IoUringSocketChannel.java:186)
	at io.netty.channel.uring.AbstractIoUringChannel$AbstractUringUnsafe.writeComplete(AbstractIoUringChannel.java:1003)
	at io.netty.channel.uring.AbstractIoUringChannel$AbstractUringUnsafe.handle(AbstractIoUringChannel.java:474)
	at io.netty.channel.uring.IoUringIoHandler$DefaultIoUringIoRegistration.handle(IoUringIoHandler.java:705)
	at io.netty.channel.uring.IoUringIoHandler.handleFastPath(IoUringIoHandler.java:318)
	at io.netty.channel.uring.IoUringIoHandler.handle(IoUringIoHandler.java:298)
	at io.netty.channel.uring.CompletionQueue.process(CompletionQueue.java:151)
	at io.netty.channel.uring.IoUringIoHandler.processCompletionsAndHandleOverflow(IoUringIoHandler.java:213)
	at io.netty.channel.uring.IoUringIoHandler.run(IoUringIoHandler.java:188)
	at io.netty.channel.SingleThreadIoEventLoop.runIo(SingleThreadIoEventLoop.java:225)
	at io.netty.channel.SingleThreadIoEventLoop.run(SingleThreadIoEventLoop.java:196)
	at io.netty.util.concurrent.SingleThreadEventExecutor$5.run(SingleThreadEventExecutor.java:1204)
	at io.netty.util.internal.ThreadExecutorMap$2.run(ThreadExecutorMap.java:74)
	at io.netty.util.concurrent.FastThreadLocalRunnable.run(FastThreadLocalRunnable.java:30)
	at java.base/java.lang.Thread.run(Thread.java:1583)
00:06:31.914 [multiThreadIoEventLoopGroup-3-3] WARN  io.netty.util.ReferenceCountUtil - Failed to release a message: UnpooledSlicedByteBuf(ridx: 0, widx: 1902, cap: 1902/1902, unwrapped: CycleArenaAllocator$ArenaBuf(ridx: 0, widx: 8192, cap: 8192))
java.lang.IllegalStateException: arena buffer of Thread[#32,multiThreadIoEventLoopGroup-4-3,10,main] touched from Thread[#28,multiThreadIoEventLoopGroup-3-3,10,main] (event-loop arena buffers are thread confined)
	at io.netty.buffer.CycleArenaAllocator$ArenaBuf.violation(CycleArenaAllocator.java:1279)
	at io.netty.buffer.CycleArenaAllocator$ArenaBuf.release(CycleArenaAllocator.java:1208)
	at io.netty.buffer.AbstractDerivedByteBuf.release0(AbstractDerivedByteBuf.java:98)
	at io.netty.buffer.AbstractDerivedByteBuf.release(AbstractDerivedByteBuf.java:94)
	at io.netty.util.ReferenceCountUtil.release(ReferenceCountUtil.java:90)
	at io.netty.util.ReferenceCountUtil.safeRelease(ReferenceCountUtil.java:116)
	at io.netty.channel.ChannelOutboundBuffer.remove(ChannelOutboundBuffer.java:300)
	at io.netty.channel.ChannelOutboundBuffer.removeBytes(ChannelOutboundBuffer.java:382)
	at io.netty.channel.uring.AbstractIoUringStreamChannel$IoUringStreamUnsafe.writeComplete0(AbstractIoUringStreamChannel.java:692)
	at io.netty.channel.uring.IoUringSocketChannel$IoUringSocketUnsafe.writeComplete0(IoUringSocketChannel.java:188)
	at io.netty.channel.uring.AbstractIoUringChannel$AbstractUringUnsafe.writeComplete(AbstractIoUringChannel.java:1003)
	at io.netty.channel.uring.AbstractIoUringChannel$AbstractUringUnsafe.handle(AbstractIoUringChannel.java:474)
	at io.netty.channel.uring.IoUringIoHandler$DefaultIoUringIoRegistration.handle(IoUringIoHandler.java:705)
	at io.netty.channel.uring.IoUringIoHandler.handleFastPath(IoUringIoHandler.java:318)
	at io.netty.channel.uring.IoUringIoHandler.handle(IoUringIoHandler.java:298)
	at io.netty.channel.uring.CompletionQueue.process(CompletionQueue.java:151)
	at io.netty.channel.uring.IoUringIoHandler.processCompletionsAndHandleOverflow(IoUringIoHandler.java:213)
	at io.netty.channel.uring.IoUringIoHandler.run(IoUringIoHandler.java:188)
	at io.netty.channel.SingleThreadIoEventLoop.runIo(SingleThreadIoEventLoop.java:225)
	at io.netty.channel.SingleThreadIoEventLoop.run(SingleThreadIoEventLoop.java:196)
	at io.netty.util.concurrent.SingleThreadEventExecutor$5.run(SingleThreadEventExecutor.java:1204)
	at io.netty.util.internal.ThreadExecutorMap$2.run(ThreadExecutorMap.java:74)
	at io.netty.util.concurrent.FastThreadLocalRunnable.run(FastThreadLocalRunnable.java:30)
	at java.base/java.lang.Thread.run(Thread.java:1583)
00:06:31.914 [multiThreadIoEventLoopGroup-3-3] WARN  io.netty.util.ReferenceCountUtil - Failed to release a message: UnpooledSlicedByteBuf(ridx: 0, widx: 1020, cap: 1020/1020, unwrapped: CycleArenaAllocator$ArenaBuf(ridx: 0, widx: 8192, cap: 8192))
java.lang.IllegalStateException: arena buffer of Thread[#32,multiThreadIoEventLoopGroup-4-3,10,main] touched from Thread[#28,multiThreadIoEventLoopGroup-3-3,10,main] (event-loop arena buffers are thread confined)
	at io.netty.buffer.CycleArenaAllocator$ArenaBuf.violation(CycleArenaAllocator.java:1279)
	at io.netty.buffer.CycleArenaAllocator$ArenaBuf.release(CycleArenaAllocator.java:1208)
	at io.netty.buffer.AbstractDerivedByteBuf.release0(AbstractDerivedByteBuf.java:98)
	at io.netty.buffer.AbstractDerivedByteBuf.release(AbstractDerivedByteBuf.java:94)
	at io.netty.util.ReferenceCountUtil.release(ReferenceCountUtil.java:90)
	at io.netty.util.ReferenceCountUtil.safeRelease(ReferenceCountUtil.java:116)
	at io.netty.channel.ChannelOutboundBuffer.remove(ChannelOutboundBuffer.java:300)
	at io.netty.channel.ChannelOutboundBuffer.removeBytes(ChannelOutboundBuffer.java:382)
	at io.netty.channel.uring.AbstractIoUringStreamChannel$IoUringStreamUnsafe.writeComplete0(AbstractIoUringStreamChannel.java:692)
	at io.netty.channel.uring.IoUringSocketChannel$IoUringSocketUnsafe.writeComplete0(IoUringSocketChannel.java:188)
	at io.netty.channel.uring.AbstractIoUringChannel$AbstractUringUnsafe.writeComplete(AbstractIoUringChannel.java:1003)
	at io.netty.channel.uring.AbstractIoUringChannel$AbstractUringUnsafe.handle(AbstractIoUringChannel.java:474)
	at io.netty.channel.uring.IoUringIoHandler$DefaultIoUringIoRegistration.handle(IoUringIoHandler.java:705)
	at io.netty.channel.uring.IoUringIoHandler.handleFastPath(IoUringIoHandler.java:318)
	at io.netty.channel.uring.IoUringIoHandler.handle(IoUringIoHandler.java:298)
	at io.netty.channel.uring.CompletionQueue.process(CompletionQueue.java:151)
	at io.netty.channel.uring.IoUringIoHandler.processCompletionsAndHandleOverflow(IoUringIoHandler.java:213)
	at io.netty.channel.uring.IoUringIoHandler.run(IoUringIoHandler.java:188)
	at io.netty.channel.SingleThreadIoEventLoop.runIo(SingleThreadIoEventLoop.java:225)
	at io.netty.channel.SingleThreadIoEventLoop.run(SingleThreadIoEventLoop.java:196)
	at io.netty.util.concurrent.SingleThreadEventExecutor$5.run(SingleThreadEventExecutor.java:1204)
	at io.netty.util.internal.ThreadExecutorMap$2.run(ThreadExecutorMap.java:74)
	at io.netty.util.concurrent.FastThreadLocalRunnable.run(FastThreadLocalRunnable.java:30)
	at java.base/java.lang.Thread.run(Thread.java:1583)
00:06:31.914 [multiThreadIoEventLoopGroup-3-3] WARN  i.n.channel.uring.IoUringIoHandler - Unexpected exception in the IO event loop.
java.lang.IllegalStateException: arena buffer of Thread[#32,multiThreadIoEventLoopGroup-4-3,10,main] touched from Thread[#28,multiThreadIoEventLoopGroup-3-3,10,main] (event-loop arena buffers are thread confined)
	at io.netty.buffer.CycleArenaAllocator$ArenaBuf.violation(CycleArenaAllocator.java:1279)
	at io.netty.buffer.CycleArenaAllocator$ArenaBuf.retain(CycleArenaAllocator.java:1182)
	at io.netty.buffer.AbstractDerivedByteBuf.retain0(AbstractDerivedByteBuf.java:58)
	at io.netty.buffer.AbstractDerivedByteBuf.retain(AbstractDerivedByteBuf.java:54)
	at io.netty.channel.uring.IoUringSocketChannel$IoUringSocketUnsafe.handleWriteCompleteZeroCopy(IoUringSocketChannel.java:220)
	at io.netty.channel.uring.IoUringSocketChannel$IoUringSocketUnsafe.writeComplete0(IoUringSocketChannel.java:186)
	at io.netty.channel.uring.AbstractIoUringChannel$AbstractUringUnsafe.writeComplete(AbstractIoUringChannel.java:1003)
	at io.netty.channel.uring.AbstractIoUringChannel$AbstractUringUnsafe.handle(AbstractIoUringChannel.java:474)
	at io.netty.channel.uring.IoUringIoHandler$DefaultIoUringIoRegistration.handle(IoUringIoHandler.java:705)
	at io.netty.channel.uring.IoUringIoHandler.handleFastPath(IoUringIoHandler.java:318)
	at io.netty.channel.uring.IoUringIoHandler.handle(IoUringIoHandler.java:298)
	at io.netty.channel.uring.CompletionQueue.process(CompletionQueue.java:151)
	at io.netty.channel.uring.IoUringIoHandler.processCompletionsAndHandleOverflow(IoUringIoHandler.java:213)
	at io.netty.channel.uring.IoUringIoHandler.run(IoUringIoHandler.java:188)
	at io.netty.channel.SingleThreadIoEventLoop.runIo(SingleThreadIoEventLoop.java:225)
	at io.netty.channel.SingleThreadIoEventLoop.run(SingleThreadIoEventLoop.java:196)
	at io.netty.util.concurrent.SingleThreadEventExecutor$5.run(SingleThreadEventExecutor.java:1204)
	at io.netty.util.internal.ThreadExecutorMap$2.run(ThreadExecutorMap.java:74)
	at io.netty.util.concurrent.FastThreadLocalRunnable.run(FastThreadLocalRunnable.java:30)
	at java.base/java.lang.Thread.run(Thread.java:1583)
00:06:32.012 [multiThreadIoEventLoopGroup-4-4] WARN  i.n.channel.uring.IoUringIoHandler - Unexpected exception in the IO event loop.
java.lang.IllegalStateException: arena buffer of Thread[#26,multiThreadIoEventLoopGroup-3-1,10,main] touched from Thread[#33,multiThreadIoEventLoopGroup-4-4,10,main] (event-loop arena buffers are thread confined)
	at io.netty.buffer.CycleArenaAllocator$ArenaBuf.violation(CycleArenaAllocator.java:1279)
	at io.netty.buffer.CycleArenaAllocator$ArenaBuf.release(CycleArenaAllocator.java:1208)
	at io.netty.buffer.AbstractDerivedByteBuf.release0(AbstractDerivedByteBuf.java:98)
	at io.netty.buffer.AbstractDerivedByteBuf.release(AbstractDerivedByteBuf.java:94)
	at io.netty.channel.uring.IoUringSocketChannel$IoUringSocketUnsafe.handleWriteCompleteZeroCopy(IoUringSocketChannel.java:289)
	at io.netty.channel.uring.IoUringSocketChannel$IoUringSocketUnsafe.writeComplete0(IoUringSocketChannel.java:186)
	at io.netty.channel.uring.AbstractIoUringChannel$AbstractUringUnsafe.writeComplete(AbstractIoUringChannel.java:1003)
	at io.netty.channel.uring.AbstractIoUringChannel$AbstractUringUnsafe.handle(AbstractIoUringChannel.java:474)
	at io.netty.channel.uring.IoUringIoHandler$DefaultIoUringIoRegistration.handle(IoUringIoHandler.java:705)
	at io.netty.channel.uring.IoUringIoHandler.handleFastPath(IoUringIoHandler.java:318)
	at io.netty.channel.uring.IoUringIoHandler.handle(IoUringIoHandler.java:298)
	at io.netty.channel.uring.CompletionQueue.process(CompletionQueue.java:151)
	at io.netty.channel.uring.IoUringIoHandler.processCompletionsAndHandleOverflow(IoUringIoHandler.java:213)
	at io.netty.channel.uring.IoUringIoHandler.run(IoUringIoHandler.java:188)
	at io.netty.channel.SingleThreadIoEventLoop.runIo(SingleThreadIoEventLoop.java:225)
	at io.netty.channel.SingleThreadIoEventLoop.run(SingleThreadIoEventLoop.java:196)
	at io.netty.util.concurrent.SingleThreadEventExecutor$5.run(SingleThreadEventExecutor.java:1204)
	at io.netty.util.internal.ThreadExecutorMap$2.run(ThreadExecutorMap.java:74)
	at io.netty.util.concurrent.FastThreadLocalRunnable.run(FastThreadLocalRunnable.java:30)
	at java.base/java.lang.Thread.run(Thread.java:1583)
00:06:32.012 [multiThreadIoEventLoopGroup-4-1] WARN  i.n.channel.uring.IoUringIoHandler - Unexpected exception in the IO event loop.
java.lang.IllegalStateException: arena buffer of Thread[#27,multiThreadIoEventLoopGroup-3-2,10,main] touched from Thread[#30,multiThreadIoEventLoopGroup-4-1,10,main] (event-loop arena buffers are thread confined)
	at io.netty.buffer.CycleArenaAllocator$ArenaBuf.violation(CycleArenaAllocator.java:1279)
	at io.netty.buffer.CycleArenaAllocator$ArenaBuf.release(CycleArenaAllocator.java:1208)
	at io.netty.buffer.AbstractDerivedByteBuf.release0(AbstractDerivedByteBuf.java:98)
	at io.netty.buffer.AbstractDerivedByteBuf.release(AbstractDerivedByteBuf.java:94)
	at io.netty.channel.uring.IoUringSocketChannel$IoUringSocketUnsafe.handleWriteCompleteZeroCopy(IoUringSocketChannel.java:289)
	at io.netty.channel.uring.IoUringSocketChannel$IoUringSocketUnsafe.writeComplete0(IoUringSocketChannel.java:186)
	at io.netty.channel.uring.AbstractIoUringChannel$AbstractUringUnsafe.writeComplete(AbstractIoUringChannel.java:1003)
	at io.netty.channel.uring.AbstractIoUringChannel$AbstractUringUnsafe.handle(AbstractIoUringChannel.java:474)
	at io.netty.channel.uring.IoUringIoHandler$DefaultIoUringIoRegistration.handle(IoUringIoHandler.java:705)
	at io.netty.channel.uring.IoUringIoHandler.handleFastPath(IoUringIoHandler.java:318)
	at io.netty.channel.uring.IoUringIoHandler.handle(IoUringIoHandler.java:298)
	at io.netty.channel.uring.CompletionQueue.process(CompletionQueue.java:151)
	at io.netty.channel.uring.IoUringIoHandler.processCompletionsAndHandleOverflow(IoUringIoHandler.java:213)
	at io.netty.channel.uring.IoUringIoHandler.run(IoUringIoHandler.java:188)
	at io.netty.channel.SingleThreadIoEventLoop.runIo(SingleThreadIoEventLoop.java:225)
	at io.netty.channel.SingleThreadIoEventLoop.run(SingleThreadIoEventLoop.java:196)
	at io.netty.util.concurrent.SingleThreadEventExecutor$5.run(SingleThreadEventExecutor.java:1204)
	at io.netty.util.internal.ThreadExecutorMap$2.run(ThreadExecutorMap.java:74)
	at io.netty.util.concurrent.FastThreadLocalRunnable.run(FastThreadLocalRunnable.java:30)
	at java.base/java.lang.Thread.run(Thread.java:1583)
00:06:32.012 [multiThreadIoEventLoopGroup-4-2] WARN  i.n.channel.uring.IoUringIoHandler - Unexpected exception in the IO event loop.
java.lang.IllegalStateException: arena buffer of Thread[#26,multiThreadIoEventLoopGroup-3-1,10,main] touched from Thread[#31,multiThreadIoEventLoopGroup-4-2,10,main] (event-loop arena buffers are thread confined)
	at io.netty.buffer.CycleArenaAllocator$ArenaBuf.violation(CycleArenaAllocator.java:1279)
	at io.netty.buffer.CycleArenaAllocator$ArenaBuf.release(CycleArenaAllocator.java:1208)
	at io.netty.buffer.AbstractDerivedByteBuf.release0(AbstractDerivedByteBuf.java:98)
	at io.netty.buffer.AbstractDerivedByteBuf.release(AbstractDerivedByteBuf.java:94)
	at io.netty.channel.uring.IoUringSocketChannel$IoUringSocketUnsafe.handleWriteCompleteZeroCopy(IoUringSocketChannel.java:289)
	at io.netty.channel.uring.IoUringSocketChannel$IoUringSocketUnsafe.writeComplete0(IoUringSocketChannel.java:186)
	at io.netty.channel.uring.AbstractIoUringChannel$AbstractUringUnsafe.writeComplete(AbstractIoUringChannel.java:1003)
	at io.netty.channel.uring.AbstractIoUringChannel$AbstractUringUnsafe.handle(AbstractIoUringChannel.java:474)
	at io.netty.channel.uring.IoUringIoHandler$DefaultIoUringIoRegistration.handle(IoUringIoHandler.java:705)
	at io.netty.channel.uring.IoUringIoHandler.handleFastPath(IoUringIoHandler.java:318)
	at io.netty.channel.uring.IoUringIoHandler.handle(IoUringIoHandler.java:298)
	at io.netty.channel.uring.CompletionQueue.process(CompletionQueue.java:151)
	at io.netty.channel.uring.IoUringIoHandler.processCompletionsAndHandleOverflow(IoUringIoHandler.java:213)
	at io.netty.channel.uring.IoUringIoHandler.run(IoUringIoHandler.java:188)
	at io.netty.channel.SingleThreadIoEventLoop.runIo(SingleThreadIoEventLoop.java:225)
	at io.netty.channel.SingleThreadIoEventLoop.run(SingleThreadIoEventLoop.java:196)
	at io.netty.util.concurrent.SingleThreadEventExecutor$5.run(SingleThreadEventExecutor.java:1204)
	at io.netty.util.internal.ThreadExecutorMap$2.run(ThreadExecutorMap.java:74)
	at io.netty.util.concurrent.FastThreadLocalRunnable.run(FastThreadLocalRunnable.java:30)
	at java.base/java.lang.Thread.run(Thread.java:1583)
00:06:32.014 [multiThreadIoEventLoopGroup-3-2] WARN  i.n.channel.uring.IoUringIoHandler - Unexpected exception in the IO event loop.
java.lang.IllegalStateException: arena buffer of Thread[#32,multiThreadIoEventLoopGroup-4-3,10,main] touched from Thread[#27,multiThreadIoEventLoopGroup-3-2,10,main] (event-loop arena buffers are thread confined)
	at io.netty.buffer.CycleArenaAllocator$ArenaBuf.violation(CycleArenaAllocator.java:1279)
	at io.netty.buffer.CycleArenaAllocator$ArenaBuf.release(CycleArenaAllocator.java:1208)
	at io.netty.buffer.AbstractDerivedByteBuf.release0(AbstractDerivedByteBuf.java:98)
	at io.netty.buffer.AbstractDerivedByteBuf.release(AbstractDerivedByteBuf.java:94)
	at io.netty.channel.uring.IoUringSocketChannel$IoUringSocketUnsafe.handleWriteCompleteZeroCopy(IoUringSocketChannel.java:289)
	at io.netty.channel.uring.IoUringSocketChannel$IoUringSocketUnsafe.writeComplete0(IoUringSocketChannel.java:186)
	at io.netty.channel.uring.AbstractIoUringChannel$AbstractUringUnsafe.writeComplete(AbstractIoUringChannel.java:1003)
	at io.netty.channel.uring.AbstractIoUringChannel$AbstractUringUnsafe.handle(AbstractIoUringChannel.java:474)
	at io.netty.channel.uring.IoUringIoHandler$DefaultIoUringIoRegistration.handle(IoUringIoHandler.java:705)
	at io.netty.channel.uring.IoUringIoHandler.handleFastPath(IoUringIoHandler.java:318)
	at io.netty.channel.uring.IoUringIoHandler.handle(IoUringIoHandler.java:298)
	at io.netty.channel.uring.CompletionQueue.process(CompletionQueue.java:151)
	at io.netty.channel.uring.IoUringIoHandler.processCompletionsAndHandleOverflow(IoUringIoHandler.java:213)
	at io.netty.channel.uring.IoUringIoHandler.run(IoUringIoHandler.java:188)
	at io.netty.channel.SingleThreadIoEventLoop.runIo(SingleThreadIoEventLoop.java:225)
	at io.netty.channel.SingleThreadIoEventLoop.run(SingleThreadIoEventLoop.java:196)
	at io.netty.util.concurrent.SingleThreadEventExecutor$5.run(SingleThreadEventExecutor.java:1204)
	at io.netty.util.internal.ThreadExecutorMap$2.run(ThreadExecutorMap.java:74)
	at io.netty.util.concurrent.FastThreadLocalRunnable.run(FastThreadLocalRunnable.java:30)
	at java.base/java.lang.Thread.run(Thread.java:1583)
00:06:32.014 [multiThreadIoEventLoopGroup-3-4] WARN  i.n.channel.uring.IoUringIoHandler - Unexpected exception in the IO event loop.
java.lang.IllegalStateException: arena buffer of Thread[#32,multiThreadIoEventLoopGroup-4-3,10,main] touched from Thread[#29,multiThreadIoEventLoopGroup-3-4,10,main] (event-loop arena buffers are thread confined)
	at io.netty.buffer.CycleArenaAllocator$ArenaBuf.violation(CycleArenaAllocator.java:1279)
	at io.netty.buffer.CycleArenaAllocator$ArenaBuf.release(CycleArenaAllocator.java:1208)
	at io.netty.buffer.AbstractDerivedByteBuf.release0(AbstractDerivedByteBuf.java:98)
	at io.netty.buffer.AbstractDerivedByteBuf.release(AbstractDerivedByteBuf.java:94)
	at io.netty.channel.uring.IoUringSocketChannel$IoUringSocketUnsafe.handleWriteCompleteZeroCopy(IoUringSocketChannel.java:289)
	at io.netty.channel.uring.IoUringSocketChannel$IoUringSocketUnsafe.writeComplete0(IoUringSocketChannel.java:186)
	at io.netty.channel.uring.AbstractIoUringChannel$AbstractUringUnsafe.writeComplete(AbstractIoUringChannel.java:1003)
	at io.netty.channel.uring.AbstractIoUringChannel$AbstractUringUnsafe.handle(AbstractIoUringChannel.java:474)
	at io.netty.channel.uring.IoUringIoHandler$DefaultIoUringIoRegistration.handle(IoUringIoHandler.java:705)
	at io.netty.channel.uring.IoUringIoHandler.handleFastPath(IoUringIoHandler.java:318)
	at io.netty.channel.uring.IoUringIoHandler.handle(IoUringIoHandler.java:298)
	at io.netty.channel.uring.CompletionQueue.process(CompletionQueue.java:151)
	at io.netty.channel.uring.IoUringIoHandler.processCompletionsAndHandleOverflow(IoUringIoHandler.java:213)
	at io.netty.channel.uring.IoUringIoHandler.run(IoUringIoHandler.java:188)
	at io.netty.channel.SingleThreadIoEventLoop.runIo(SingleThreadIoEventLoop.java:225)
	at io.netty.channel.SingleThreadIoEventLoop.run(SingleThreadIoEventLoop.java:196)
	at io.netty.util.concurrent.SingleThreadEventExecutor$5.run(SingleThreadEventExecutor.java:1204)
	at io.netty.util.internal.ThreadExecutorMap$2.run(ThreadExecutorMap.java:74)
	at io.netty.util.concurrent.FastThreadLocalRunnable.run(FastThreadLocalRunnable.java:30)
	at java.base/java.lang.Thread.run(Thread.java:1583)
00:06:32.014 [multiThreadIoEventLoopGroup-3-1] WARN  i.n.channel.uring.IoUringIoHandler - Unexpected exception in the IO event loop.
java.lang.IllegalStateException: arena buffer of Thread[#32,multiThreadIoEventLoopGroup-4-3,10,main] touched from Thread[#26,multiThreadIoEventLoopGroup-3-1,10,main] (event-loop arena buffers are thread confined)
	at io.netty.buffer.CycleArenaAllocator$ArenaBuf.violation(CycleArenaAllocator.java:1279)
	at io.netty.buffer.CycleArenaAllocator$ArenaBuf.release(CycleArenaAllocator.java:1208)
	at io.netty.buffer.AbstractDerivedByteBuf.release0(AbstractDerivedByteBuf.java:98)
	at io.netty.buffer.AbstractDerivedByteBuf.release(AbstractDerivedByteBuf.java:94)
	at io.netty.channel.uring.IoUringSocketChannel$IoUringSocketUnsafe.handleWriteCompleteZeroCopy(IoUringSocketChannel.java:289)
	at io.netty.channel.uring.IoUringSocketChannel$IoUringSocketUnsafe.writeComplete0(IoUringSocketChannel.java:186)
	at io.netty.channel.uring.AbstractIoUringChannel$AbstractUringUnsafe.writeComplete(AbstractIoUringChannel.java:1003)
	at io.netty.channel.uring.AbstractIoUringChannel$AbstractUringUnsafe.handle(AbstractIoUringChannel.java:474)
	at io.netty.channel.uring.IoUringIoHandler$DefaultIoUringIoRegistration.handle(IoUringIoHandler.java:705)
	at io.netty.channel.uring.IoUringIoHandler.handleFastPath(IoUringIoHandler.java:318)
	at io.netty.channel.uring.IoUringIoHandler.handle(IoUringIoHandler.java:298)
	at io.netty.channel.uring.CompletionQueue.process(CompletionQueue.java:151)
	at io.netty.channel.uring.IoUringIoHandler.processCompletionsAndHandleOverflow(IoUringIoHandler.java:213)
	at io.netty.channel.uring.IoUringIoHandler.run(IoUringIoHandler.java:188)
	at io.netty.channel.SingleThreadIoEventLoop.runIo(SingleThreadIoEventLoop.java:225)
	at io.netty.channel.SingleThreadIoEventLoop.run(SingleThreadIoEventLoop.java:196)
	at io.netty.util.concurrent.SingleThreadEventExecutor$5.run(SingleThreadEventExecutor.java:1204)
	at io.netty.util.internal.ThreadExecutorMap$2.run(ThreadExecutorMap.java:74)
	at io.netty.util.concurrent.FastThreadLocalRunnable.run(FastThreadLocalRunnable.java:30)
	at java.base/java.lang.Thread.run(Thread.java:1583)
00:06:32.014 [multiThreadIoEventLoopGroup-3-3] WARN  io.netty.util.ReferenceCountUtil - Failed to release a message: UnpooledSlicedByteBuf(ridx: 0, widx: 2889, cap: 2889/2889, unwrapped: CycleArenaAllocator$ArenaBuf(ridx: 0, widx: 8192, cap: 8192))
java.lang.IllegalStateException: arena buffer of Thread[#32,multiThreadIoEventLoopGroup-4-3,10,main] touched from Thread[#28,multiThreadIoEventLoopGroup-3-3,10,main] (event-loop arena buffers are thread confined)
	at io.netty.buffer.CycleArenaAllocator$ArenaBuf.violation(CycleArenaAllocator.java:1279)
	at io.netty.buffer.CycleArenaAllocator$ArenaBuf.release(CycleArenaAllocator.java:1208)
	at io.netty.buffer.AbstractDerivedByteBuf.release0(AbstractDerivedByteBuf.java:98)
	at io.netty.buffer.AbstractDerivedByteBuf.release(AbstractDerivedByteBuf.java:94)
	at io.netty.util.ReferenceCountUtil.release(ReferenceCountUtil.java:90)
	at io.netty.util.ReferenceCountUtil.safeRelease(ReferenceCountUtil.java:116)
	at io.netty.channel.ChannelOutboundBuffer.remove(ChannelOutboundBuffer.java:300)
	at io.netty.channel.ChannelOutboundBuffer.removeBytes(ChannelOutboundBuffer.java:382)
	at io.netty.channel.uring.AbstractIoUringStreamChannel$IoUringStreamUnsafe.writeComplete0(AbstractIoUringStreamChannel.java:692)
	at io.netty.channel.uring.IoUringSocketChannel$IoUringSocketUnsafe.writeComplete0(IoUringSocketChannel.java:188)
	at io.netty.channel.uring.AbstractIoUringChannel$AbstractUringUnsafe.writeComplete(AbstractIoUringChannel.java:1003)
	at io.netty.channel.uring.AbstractIoUringChannel$AbstractUringUnsafe.handle(AbstractIoUringChannel.java:474)
	at io.netty.channel.uring.IoUringIoHandler$DefaultIoUringIoRegistration.handle(IoUringIoHandler.java:705)
	at io.netty.channel.uring.IoUringIoHandler.handleFastPath(IoUringIoHandler.java:318)
	at io.netty.channel.uring.IoUringIoHandler.handle(IoUringIoHandler.java:298)
	at io.netty.channel.uring.CompletionQueue.process(CompletionQueue.java:151)
	at io.netty.channel.uring.IoUringIoHandler.processCompletionsAndHandleOverflow(IoUringIoHandler.java:213)
	at io.netty.channel.uring.IoUringIoHandler.run(IoUringIoHandler.java:188)
	at io.netty.channel.SingleThreadIoEventLoop.runIo(SingleThreadIoEventLoop.java:225)
	at io.netty.channel.SingleThreadIoEventLoop.run(SingleThreadIoEventLoop.java:196)
	at io.netty.util.concurrent.SingleThreadEventExecutor$5.run(SingleThreadEventExecutor.java:1204)
	at io.netty.util.internal.ThreadExecutorMap$2.run(ThreadExecutorMap.java:74)
	at io.netty.util.concurrent.FastThreadLocalRunnable.run(FastThreadLocalRunnable.java:30)
	at java.base/java.lang.Thread.run(Thread.java:1583)
00:06:32.014 [multiThreadIoEventLoopGroup-3-3] WARN  i.n.channel.uring.IoUringIoHandler - Unexpected exception in the IO event loop.
java.lang.IllegalStateException: arena buffer of Thread[#32,multiThreadIoEventLoopGroup-4-3,10,main] touched from Thread[#28,multiThreadIoEventLoopGroup-3-3,10,main] (event-loop arena buffers are thread confined)
	at io.netty.buffer.CycleArenaAllocator$ArenaBuf.violation(CycleArenaAllocator.java:1279)
	at io.netty.buffer.CycleArenaAllocator$ArenaBuf.release(CycleArenaAllocator.java:1208)
	at io.netty.buffer.AbstractDerivedByteBuf.release0(AbstractDerivedByteBuf.java:98)
	at io.netty.buffer.AbstractDerivedByteBuf.release(AbstractDerivedByteBuf.java:94)
	at io.netty.channel.uring.IoUringSocketChannel$IoUringSocketUnsafe.handleWriteCompleteZeroCopy(IoUringSocketChannel.java:289)
	at io.netty.channel.uring.IoUringSocketChannel$IoUringSocketUnsafe.writeComplete0(IoUringSocketChannel.java:186)
	at io.netty.channel.uring.AbstractIoUringChannel$AbstractUringUnsafe.writeComplete(AbstractIoUringChannel.java:1003)
	at io.netty.channel.uring.AbstractIoUringChannel$AbstractUringUnsafe.handle(AbstractIoUringChannel.java:474)
	at io.netty.channel.uring.IoUringIoHandler$DefaultIoUringIoRegistration.handle(IoUringIoHandler.java:705)
	at io.netty.channel.uring.IoUringIoHandler.handleFastPath(IoUringIoHandler.java:318)
	at io.netty.channel.uring.IoUringIoHandler.handle(IoUringIoHandler.java:298)
	at io.netty.channel.uring.CompletionQueue.process(CompletionQueue.java:151)
	at io.netty.channel.uring.IoUringIoHandler.processCompletionsAndHandleOverflow(IoUringIoHandler.java:213)
	at io.netty.channel.uring.IoUringIoHandler.run(IoUringIoHandler.java:188)
	at io.netty.channel.SingleThreadIoEventLoop.runIo(SingleThreadIoEventLoop.java:225)
	at io.netty.channel.SingleThreadIoEventLoop.run(SingleThreadIoEventLoop.java:196)
	at io.netty.util.concurrent.SingleThreadEventExecutor$5.run(SingleThreadEventExecutor.java:1204)
	at io.netty.util.internal.ThreadExecutorMap$2.run(ThreadExecutorMap.java:74)
	at io.netty.util.concurrent.FastThreadLocalRunnable.run(FastThreadLocalRunnable.java:30)
	at java.base/java.lang.Thread.run(Thread.java:1583)
00:06:32.113 [multiThreadIoEventLoopGroup-4-4] WARN  i.n.channel.uring.IoUringIoHandler - Unexpected exception in the IO event loop.
java.lang.IllegalStateException: arena buffer of Thread[#29,multiThreadIoEventLoopGroup-3-4,10,main] touched from Thread[#33,multiThreadIoEventLoopGroup-4-4,10,main] (event-loop arena buffers are thread confined)
	at io.netty.buffer.CycleArenaAllocator$ArenaBuf.violation(CycleArenaAllocator.java:1279)
	at io.netty.buffer.CycleArenaAllocator$ArenaBuf.release(CycleArenaAllocator.java:1208)
	at io.netty.buffer.AbstractDerivedByteBuf.release0(AbstractDerivedByteBuf.java:98)
	at io.netty.buffer.AbstractDerivedByteBuf.release(AbstractDerivedByteBuf.java:94)
	at io.netty.channel.uring.IoUringSocketChannel$IoUringSocketUnsafe.handleWriteCompleteZeroCopy(IoUringSocketChannel.java:289)
	at io.netty.channel.uring.IoUringSocketChannel$IoUringSocketUnsafe.writeComplete0(IoUringSocketChannel.java:186)
	at io.netty.channel.uring.AbstractIoUringChannel$AbstractUringUnsafe.writeComplete(AbstractIoUringChannel.java:1003)
	at io.netty.channel.uring.AbstractIoUringChannel$AbstractUringUnsafe.handle(AbstractIoUringChannel.java:474)
	at io.netty.channel.uring.IoUringIoHandler$DefaultIoUringIoRegistration.handle(IoUringIoHandler.java:705)
	at io.netty.channel.uring.IoUringIoHandler.handleFastPath(IoUringIoHandler.java:318)
	at io.netty.channel.uring.IoUringIoHandler.handle(IoUringIoHandler.java:298)
	at io.netty.channel.uring.CompletionQueue.process(CompletionQueue.java:151)
	at io.netty.channel.uring.IoUringIoHandler.processCompletionsAndHandleOverflow(IoUringIoHandler.java:213)
	at io.netty.channel.uring.IoUringIoHandler.run(IoUringIoHandler.java:188)
	at io.netty.channel.SingleThreadIoEventLoop.runIo(SingleThreadIoEventLoop.java:225)
	at io.netty.channel.SingleThreadIoEventLoop.run(SingleThreadIoEventLoop.java:196)
	at io.netty.util.concurrent.SingleThreadEventExecutor$5.run(SingleThreadEventExecutor.java:1204)
	at io.netty.util.internal.ThreadExecutorMap$2.run(ThreadExecutorMap.java:74)
	at io.netty.util.concurrent.FastThreadLocalRunnable.run(FastThreadLocalRunnable.java:30)
	at java.base/java.lang.Thread.run(Thread.java:1583)
00:06:32.113 [multiThreadIoEventLoopGroup-4-1] WARN  i.n.channel.uring.IoUringIoHandler - Unexpected exception in the IO event loop.
java.lang.IllegalStateException: arena buffer of Thread[#26,multiThreadIoEventLoopGroup-3-1,10,main] touched from Thread[#30,multiThreadIoEventLoopGroup-4-1,10,main] (event-loop arena buffers are thread confined)
	at io.netty.buffer.CycleArenaAllocator$ArenaBuf.violation(CycleArenaAllocator.java:1279)
	at io.netty.buffer.CycleArenaAllocator$ArenaBuf.release(CycleArenaAllocator.java:1208)
	at io.netty.buffer.AbstractDerivedByteBuf.release0(AbstractDerivedByteBuf.java:98)
	at io.netty.buffer.AbstractDerivedByteBuf.release(AbstractDerivedByteBuf.java:94)
	at io.netty.channel.uring.IoUringSocketChannel$IoUringSocketUnsafe.handleWriteCompleteZeroCopy(IoUringSocketChannel.java:289)
	at io.netty.channel.uring.IoUringSocketChannel$IoUringSocketUnsafe.writeComplete0(IoUringSocketChannel.java:186)
	at io.netty.channel.uring.AbstractIoUringChannel$AbstractUringUnsafe.writeComplete(AbstractIoUringChannel.java:1003)
	at io.netty.channel.uring.AbstractIoUringChannel$AbstractUringUnsafe.handle(AbstractIoUringChannel.java:474)
	at io.netty.channel.uring.IoUringIoHandler$DefaultIoUringIoRegistration.handle(IoUringIoHandler.java:705)
	at io.netty.channel.uring.IoUringIoHandler.handleFastPath(IoUringIoHandler.java:318)
	at io.netty.channel.uring.IoUringIoHandler.handle(IoUringIoHandler.java:298)
	at io.netty.channel.uring.CompletionQueue.process(CompletionQueue.java:151)
	at io.netty.channel.uring.IoUringIoHandler.processCompletionsAndHandleOverflow(IoUringIoHandler.java:213)
	at io.netty.channel.uring.IoUringIoHandler.run(IoUringIoHandler.java:188)
	at io.netty.channel.SingleThreadIoEventLoop.runIo(SingleThreadIoEventLoop.java:225)
	at io.netty.channel.SingleThreadIoEventLoop.run(SingleThreadIoEventLoop.java:196)
	at io.netty.util.concurrent.SingleThreadEventExecutor$5.run(SingleThreadEventExecutor.java:1204)
	at io.netty.util.internal.ThreadExecutorMap$2.run(ThreadExecutorMap.java:74)
	at io.netty.util.concurrent.FastThreadLocalRunnable.run(FastThreadLocalRunnable.java:30)
	at java.base/java.lang.Thread.run(Thread.java:1583)
00:06:32.113 [multiThreadIoEventLoopGroup-4-2] WARN  i.n.channel.uring.IoUringIoHandler - Unexpected exception in the IO event loop.
java.lang.IllegalStateException: arena buffer of Thread[#26,multiThreadIoEventLoopGroup-3-1,10,main] touched from Thread[#31,multiThreadIoEventLoopGroup-4-2,10,main] (event-loop arena buffers are thread confined)
	at io.netty.buffer.CycleArenaAllocator$ArenaBuf.violation(CycleArenaAllocator.java:1279)
	at io.netty.buffer.CycleArenaAllocator$ArenaBuf.release(CycleArenaAllocator.java:1208)
	at io.netty.buffer.AbstractDerivedByteBuf.release0(AbstractDerivedByteBuf.java:98)
	at io.netty.buffer.AbstractDerivedByteBuf.release(AbstractDerivedByteBuf.java:94)
	at io.netty.channel.uring.IoUringSocketChannel$IoUringSocketUnsafe.handleWriteCompleteZeroCopy(IoUringSocketChannel.java:289)
	at io.netty.channel.uring.IoUringSocketChannel$IoUringSocketUnsafe.writeComplete0(IoUringSocketChannel.java:186)
	at io.netty.channel.uring.AbstractIoUringChannel$AbstractUringUnsafe.writeComplete(AbstractIoUringChannel.java:1003)
	at io.netty.channel.uring.AbstractIoUringChannel$AbstractUringUnsafe.handle(AbstractIoUringChannel.java:474)
	at io.netty.channel.uring.IoUringIoHandler$DefaultIoUringIoRegistration.handle(IoUringIoHandler.java:705)
	at io.netty.channel.uring.IoUringIoHandler.handleFastPath(IoUringIoHandler.java:318)
	at io.netty.channel.uring.IoUringIoHandler.handle(IoUringIoHandler.java:298)
	at io.netty.channel.uring.CompletionQueue.process(CompletionQueue.java:151)
	at io.netty.channel.uring.IoUringIoHandler.processCompletionsAndHandleOverflow(IoUringIoHandler.java:213)
	at io.netty.channel.uring.IoUringIoHandler.run(IoUringIoHandler.java:188)
	at io.netty.channel.SingleThreadIoEventLoop.runIo(SingleThreadIoEventLoop.java:225)
	at io.netty.channel.SingleThreadIoEventLoop.run(SingleThreadIoEventLoop.java:196)
	at io.netty.util.concurrent.SingleThreadEventExecutor$5.run(SingleThreadEventExecutor.java:1204)
	at io.netty.util.internal.ThreadExecutorMap$2.run(ThreadExecutorMap.java:74)
	at io.netty.util.concurrent.FastThreadLocalRunnable.run(FastThreadLocalRunnable.java:30)
	at java.base/java.lang.Thread.run(Thread.java:1583)
00:06:32.114 [multiThreadIoEventLoopGroup-3-2] WARN  i.n.channel.uring.IoUringIoHandler - Unexpected exception in the IO event loop.
java.lang.IllegalStateException: arena buffer of Thread[#32,multiThreadIoEventLoopGroup-4-3,10,main] touched from Thread[#27,multiThreadIoEventLoopGroup-3-2,10,main] (event-loop arena buffers are thread confined)
	at io.netty.buffer.CycleArenaAllocator$ArenaBuf.violation(CycleArenaAllocator.java:1279)
	at io.netty.buffer.CycleArenaAllocator$ArenaBuf.retain(CycleArenaAllocator.java:1182)
	at io.netty.buffer.AbstractDerivedByteBuf.retain0(AbstractDerivedByteBuf.java:58)
	at io.netty.buffer.AbstractDerivedByteBuf.retain(AbstractDerivedByteBuf.java:54)
	at io.netty.channel.uring.IoUringSocketChannel$IoUringSocketUnsafe.handleWriteCompleteZeroCopy(IoUringSocketChannel.java:220)
	at io.netty.channel.uring.IoUringSocketChannel$IoUringSocketUnsafe.writeComplete0(IoUringSocketChannel.java:186)
	at io.netty.channel.uring.AbstractIoUringChannel$AbstractUringUnsafe.writeComplete(AbstractIoUringChannel.java:1003)
	at io.netty.channel.uring.AbstractIoUringChannel$AbstractUringUnsafe.handle(AbstractIoUringChannel.java:474)
	at io.netty.channel.uring.IoUringIoHandler$DefaultIoUringIoRegistration.handle(IoUringIoHandler.java:705)
	at io.netty.channel.uring.IoUringIoHandler.handleFastPath(IoUringIoHandler.java:318)
	at io.netty.channel.uring.IoUringIoHandler.handle(IoUringIoHandler.java:298)
	at io.netty.channel.uring.CompletionQueue.process(CompletionQueue.java:151)
	at io.netty.channel.uring.IoUringIoHandler.processCompletionsAndHandleOverflow(IoUringIoHandler.java:213)
	at io.netty.channel.uring.IoUringIoHandler.run(IoUringIoHandler.java:188)
	at io.netty.channel.SingleThreadIoEventLoop.runIo(SingleThreadIoEventLoop.java:225)
	at io.netty.channel.SingleThreadIoEventLoop.run(SingleThreadIoEventLoop.java:196)
	at io.netty.util.concurrent.SingleThreadEventExecutor$5.run(SingleThreadEventExecutor.java:1204)
	at io.netty.util.internal.ThreadExecutorMap$2.run(ThreadExecutorMap.java:74)
	at io.netty.util.concurrent.FastThreadLocalRunnable.run(FastThreadLocalRunnable.java:30)
	at java.base/java.lang.Thread.run(Thread.java:1583)
00:06:32.114 [multiThreadIoEventLoopGroup-4-3] WARN  i.n.channel.uring.IoUringIoHandler - Unexpected exception in the IO event loop.
java.lang.IllegalStateException: arena buffer of Thread[#29,multiThreadIoEventLoopGroup-3-4,10,main] touched from Thread[#32,multiThreadIoEventLoopGroup-4-3,10,main] (event-loop arena buffers are thread confined)
	at io.netty.buffer.CycleArenaAllocator$ArenaBuf.violation(CycleArenaAllocator.java:1279)
	at io.netty.buffer.CycleArenaAllocator$ArenaBuf.retain(CycleArenaAllocator.java:1182)
	at io.netty.buffer.AbstractDerivedByteBuf.retain0(AbstractDerivedByteBuf.java:58)
	at io.netty.buffer.AbstractDerivedByteBuf.retain(AbstractDerivedByteBuf.java:54)
	at io.netty.channel.uring.IoUringSocketChannel$IoUringSocketUnsafe.handleWriteCompleteZeroCopy(IoUringSocketChannel.java:220)
	at io.netty.channel.uring.IoUringSocketChannel$IoUringSocketUnsafe.writeComplete0(IoUringSocketChannel.java:186)
	at io.netty.channel.uring.AbstractIoUringChannel$AbstractUringUnsafe.writeComplete(AbstractIoUringChannel.java:1003)
	at io.netty.channel.uring.AbstractIoUringChannel$AbstractUringUnsafe.handle(AbstractIoUringChannel.java:474)
	at io.netty.channel.uring.IoUringIoHandler$DefaultIoUringIoRegistration.handle(IoUringIoHandler.java:705)
	at io.netty.channel.uring.IoUringIoHandler.handleFastPath(IoUringIoHandler.java:318)
	at io.netty.channel.uring.IoUringIoHandler.handle(IoUringIoHandler.java:298)
	at io.netty.channel.uring.CompletionQueue.process(CompletionQueue.java:151)
	at io.netty.channel.uring.IoUringIoHandler.processCompletionsAndHandleOverflow(IoUringIoHandler.java:213)
	at io.netty.channel.uring.IoUringIoHandler.run(IoUringIoHandler.java:188)
	at io.netty.channel.SingleThreadIoEventLoop.runIo(SingleThreadIoEventLoop.java:225)
	at io.netty.channel.SingleThreadIoEventLoop.run(SingleThreadIoEventLoop.java:196)
	at io.netty.util.concurrent.SingleThreadEventExecutor$5.run(SingleThreadEventExecutor.java:1204)
	at io.netty.util.internal.ThreadExecutorMap$2.run(ThreadExecutorMap.java:74)
	at io.netty.util.concurrent.FastThreadLocalRunnable.run(FastThreadLocalRunnable.java:30)
	at java.base/java.lang.Thread.run(Thread.java:1583)
00:06:32.114 [multiThreadIoEventLoopGroup-3-4] WARN  i.n.channel.uring.IoUringIoHandler - Unexpected exception in the IO event loop.
java.lang.IllegalStateException: arena buffer of Thread[#32,multiThreadIoEventLoopGroup-4-3,10,main] touched from Thread[#29,multiThreadIoEventLoopGroup-3-4,10,main] (event-loop arena buffers are thread confined)
	at io.netty.buffer.CycleArenaAllocator$ArenaBuf.violation(CycleArenaAllocator.java:1279)
	at io.netty.buffer.CycleArenaAllocator$ArenaBuf.retain(CycleArenaAllocator.java:1182)
	at io.netty.buffer.AbstractDerivedByteBuf.retain0(AbstractDerivedByteBuf.java:58)
	at io.netty.buffer.AbstractDerivedByteBuf.retain(AbstractDerivedByteBuf.java:54)
	at io.netty.channel.uring.IoUringSocketChannel$IoUringSocketUnsafe.handleWriteCompleteZeroCopy(IoUringSocketChannel.java:220)
	at io.netty.channel.uring.IoUringSocketChannel$IoUringSocketUnsafe.writeComplete0(IoUringSocketChannel.java:186)
	at io.netty.channel.uring.AbstractIoUringChannel$AbstractUringUnsafe.writeComplete(AbstractIoUringChannel.java:1003)
	at io.netty.channel.uring.AbstractIoUringChannel$AbstractUringUnsafe.handle(AbstractIoUringChannel.java:474)
	at io.netty.channel.uring.IoUringIoHandler$DefaultIoUringIoRegistration.handle(IoUringIoHandler.java:705)
	at io.netty.channel.uring.IoUringIoHandler.handleFastPath(IoUringIoHandler.java:318)
	at io.netty.channel.uring.IoUringIoHandler.handle(IoUringIoHandler.java:298)
	at io.netty.channel.uring.CompletionQueue.process(CompletionQueue.java:151)
	at io.netty.channel.uring.IoUringIoHandler.processCompletionsAndHandleOverflow(IoUringIoHandler.java:213)
	at io.netty.channel.uring.IoUringIoHandler.run(IoUringIoHandler.java:188)
	at io.netty.channel.SingleThreadIoEventLoop.runIo(SingleThreadIoEventLoop.java:225)
	at io.netty.channel.SingleThreadIoEventLoop.run(SingleThreadIoEventLoop.java:196)
	at io.netty.util.concurrent.SingleThreadEventExecutor$5.run(SingleThreadEventExecutor.java:1204)
	at io.netty.util.internal.ThreadExecutorMap$2.run(ThreadExecutorMap.java:74)
	at io.netty.util.concurrent.FastThreadLocalRunnable.run(FastThreadLocalRunnable.java:30)
	at java.base/java.lang.Thread.run(Thread.java:1583)
00:06:32.114 [multiThreadIoEventLoopGroup-3-1] WARN  io.netty.util.ReferenceCountUtil - Failed to release a message: UnpooledSlicedByteBuf(ridx: 0, widx: 2007, cap: 2007/2007, unwrapped: CycleArenaAllocator$ArenaBuf(ridx: 0, widx: 8192, cap: 8192))
java.lang.IllegalStateException: arena buffer of Thread[#32,multiThreadIoEventLoopGroup-4-3,10,main] touched from Thread[#26,multiThreadIoEventLoopGroup-3-1,10,main] (event-loop arena buffers are thread confined)
	at io.netty.buffer.CycleArenaAllocator$ArenaBuf.violation(CycleArenaAllocator.java:1279)
	at io.netty.buffer.CycleArenaAllocator$ArenaBuf.release(CycleArenaAllocator.java:1208)
	at io.netty.buffer.AbstractDerivedByteBuf.release0(AbstractDerivedByteBuf.java:98)
	at io.netty.buffer.AbstractDerivedByteBuf.release(AbstractDerivedByteBuf.java:94)
	at io.netty.util.ReferenceCountUtil.release(ReferenceCountUtil.java:90)
	at io.netty.util.ReferenceCountUtil.safeRelease(ReferenceCountUtil.java:116)
	at io.netty.channel.ChannelOutboundBuffer.remove(ChannelOutboundBuffer.java:300)
	at io.netty.channel.ChannelOutboundBuffer.removeBytes(ChannelOutboundBuffer.java:382)
	at io.netty.channel.uring.AbstractIoUringStreamChannel$IoUringStreamUnsafe.writeComplete0(AbstractIoUringStreamChannel.java:692)
	at io.netty.channel.uring.IoUringSocketChannel$IoUringSocketUnsafe.writeComplete0(IoUringSocketChannel.java:188)
	at io.netty.channel.uring.AbstractIoUringChannel$AbstractUringUnsafe.writeComplete(AbstractIoUringChannel.java:1003)
	at io.netty.channel.uring.AbstractIoUringChannel$AbstractUringUnsafe.handle(AbstractIoUringChannel.java:474)
	at io.netty.channel.uring.IoUringIoHandler$DefaultIoUringIoRegistration.handle(IoUringIoHandler.java:705)
	at io.netty.channel.uring.IoUringIoHandler.handleFastPath(IoUringIoHandler.java:318)
	at io.netty.channel.uring.IoUringIoHandler.handle(IoUringIoHandler.java:298)
	at io.netty.channel.uring.CompletionQueue.process(CompletionQueue.java:151)
	at io.netty.channel.uring.IoUringIoHandler.processCompletionsAndHandleOverflow(IoUringIoHandler.java:213)
	at io.netty.channel.uring.IoUringIoHandler.run(IoUringIoHandler.java:188)
	at io.netty.channel.SingleThreadIoEventLoop.runIo(SingleThreadIoEventLoop.java:225)
	at io.netty.channel.SingleThreadIoEventLoop.run(SingleThreadIoEventLoop.java:196)
	at io.netty.util.concurrent.SingleThreadEventExecutor$5.run(SingleThreadEventExecutor.java:1204)
	at io.netty.util.internal.ThreadExecutorMap$2.run(ThreadExecutorMap.java:74)
	at io.netty.util.concurrent.FastThreadLocalRunnable.run(FastThreadLocalRunnable.java:30)
	at java.base/java.lang.Thread.run(Thread.java:1583)
00:06:32.115 [multiThreadIoEventLoopGroup-3-1] WARN  io.netty.util.ReferenceCountUtil - Failed to release a message: UnpooledSlicedByteBuf(ridx: 0, widx: 2530, cap: 2530/2530, unwrapped: CycleArenaAllocator$ArenaBuf(ridx: 0, widx: 7078, cap: 8192))
java.lang.IllegalStateException: arena buffer of Thread[#32,multiThreadIoEventLoopGroup-4-3,10,main] touched from Thread[#26,multiThreadIoEventLoopGroup-3-1,10,main] (event-loop arena buffers are thread confined)
	at io.netty.buffer.CycleArenaAllocator$ArenaBuf.violation(CycleArenaAllocator.java:1279)
	at io.netty.buffer.CycleArenaAllocator$ArenaBuf.release(CycleArenaAllocator.java:1208)
	at io.netty.buffer.AbstractDerivedByteBuf.release0(AbstractDerivedByteBuf.java:98)
	at io.netty.buffer.AbstractDerivedByteBuf.release(AbstractDerivedByteBuf.java:94)
	at io.netty.util.ReferenceCountUtil.release(ReferenceCountUtil.java:90)
	at io.netty.util.ReferenceCountUtil.safeRelease(ReferenceCountUtil.java:116)
	at io.netty.channel.ChannelOutboundBuffer.remove(ChannelOutboundBuffer.java:300)
	at io.netty.channel.ChannelOutboundBuffer.removeBytes(ChannelOutboundBuffer.java:382)
	at io.netty.channel.uring.AbstractIoUringStreamChannel$IoUringStreamUnsafe.writeComplete0(AbstractIoUringStreamChannel.java:692)
	at io.netty.channel.uring.IoUringSocketChannel$IoUringSocketUnsafe.writeComplete0(IoUringSocketChannel.java:188)
	at io.netty.channel.uring.AbstractIoUringChannel$AbstractUringUnsafe.writeComplete(AbstractIoUringChannel.java:1003)
	at io.netty.channel.uring.AbstractIoUringChannel$AbstractUringUnsafe.handle(AbstractIoUringChannel.java:474)
	at io.netty.channel.uring.IoUringIoHandler$DefaultIoUringIoRegistration.handle(IoUringIoHandler.java:705)
	at io.netty.channel.uring.IoUringIoHandler.handleFastPath(IoUringIoHandler.java:318)
	at io.netty.channel.uring.IoUringIoHandler.handle(IoUringIoHandler.java:298)
	at io.netty.channel.uring.CompletionQueue.process(CompletionQueue.java:151)
	at io.netty.channel.uring.IoUringIoHandler.processCompletionsAndHandleOverflow(IoUringIoHandler.java:213)
	at io.netty.channel.uring.IoUringIoHandler.run(IoUringIoHandler.java:188)
	at io.netty.channel.SingleThreadIoEventLoop.runIo(SingleThreadIoEventLoop.java:225)
	at io.netty.channel.SingleThreadIoEventLoop.run(SingleThreadIoEventLoop.java:196)
	at io.netty.util.concurrent.SingleThreadEventExecutor$5.run(SingleThreadEventExecutor.java:1204)
	at io.netty.util.internal.ThreadExecutorMap$2.run(ThreadExecutorMap.java:74)
	at io.netty.util.concurrent.FastThreadLocalRunnable.run(FastThreadLocalRunnable.java:30)
	at java.base/java.lang.Thread.run(Thread.java:1583)
00:06:32.115 [multiThreadIoEventLoopGroup-3-3] WARN  io.netty.util.ReferenceCountUtil - Failed to release a message: UnpooledSlicedByteBuf(ridx: 0, widx: 1753, cap: 1753/1753, unwrapped: CycleArenaAllocator$ArenaBuf(ridx: 0, widx: 8192, cap: 8192))
java.lang.IllegalStateException: arena buffer of Thread[#32,multiThreadIoEventLoopGroup-4-3,10,main] touched from Thread[#28,multiThreadIoEventLoopGroup-3-3,10,main] (event-loop arena buffers are thread confined)
	at io.netty.buffer.CycleArenaAllocator$ArenaBuf.violation(CycleArenaAllocator.java:1279)
	at io.netty.buffer.CycleArenaAllocator$ArenaBuf.release(CycleArenaAllocator.java:1208)
	at io.netty.buffer.AbstractDerivedByteBuf.release0(AbstractDerivedByteBuf.java:98)
	at io.netty.buffer.AbstractDerivedByteBuf.release(AbstractDerivedByteBuf.java:94)
	at io.netty.util.ReferenceCountUtil.release(ReferenceCountUtil.java:90)
	at io.netty.util.ReferenceCountUtil.safeRelease(ReferenceCountUtil.java:116)
	at io.netty.channel.ChannelOutboundBuffer.remove(ChannelOutboundBuffer.java:300)
	at io.netty.channel.ChannelOutboundBuffer.removeBytes(ChannelOutboundBuffer.java:382)
	at io.netty.channel.uring.AbstractIoUringStreamChannel$IoUringStreamUnsafe.writeComplete0(AbstractIoUringStreamChannel.java:692)
	at io.netty.channel.uring.IoUringSocketChannel$IoUringSocketUnsafe.writeComplete0(IoUringSocketChannel.java:188)
	at io.netty.channel.uring.AbstractIoUringChannel$AbstractUringUnsafe.writeComplete(AbstractIoUringChannel.java:1003)
	at io.netty.channel.uring.AbstractIoUringChannel$AbstractUringUnsafe.handle(AbstractIoUringChannel.java:474)
	at io.netty.channel.uring.IoUringIoHandler$DefaultIoUringIoRegistration.handle(IoUringIoHandler.java:705)
	at io.netty.channel.uring.IoUringIoHandler.handleFastPath(IoUringIoHandler.java:318)
	at io.netty.channel.uring.IoUringIoHandler.handle(IoUringIoHandler.java:298)
	at io.netty.channel.uring.CompletionQueue.process(CompletionQueue.java:151)
	at io.netty.channel.uring.IoUringIoHandler.processCompletionsAndHandleOverflow(IoUringIoHandler.java:213)
	at io.netty.channel.uring.IoUringIoHandler.run(IoUringIoHandler.java:188)
	at io.netty.channel.SingleThreadIoEventLoop.runIo(SingleThreadIoEventLoop.java:225)
	at io.netty.channel.SingleThreadIoEventLoop.run(SingleThreadIoEventLoop.java:196)
	at io.netty.util.concurrent.SingleThreadEventExecutor$5.run(SingleThreadEventExecutor.java:1204)
	at io.netty.util.internal.ThreadExecutorMap$2.run(ThreadExecutorMap.java:74)
	at io.netty.util.concurrent.FastThreadLocalRunnable.run(FastThreadLocalRunnable.java:30)
	at java.base/java.lang.Thread.run(Thread.java:1583)
00:06:32.115 [multiThreadIoEventLoopGroup-3-3] WARN  io.netty.util.ReferenceCountUtil - Failed to release a message: UnpooledSlicedByteBuf(ridx: 0, widx: 2635, cap: 2635/2635, unwrapped: CycleArenaAllocator$ArenaBuf(ridx: 0, widx: 8192, cap: 8192))
java.lang.IllegalStateException: arena buffer of Thread[#32,multiThreadIoEventLoopGroup-4-3,10,main] touched from Thread[#28,multiThreadIoEventLoopGroup-3-3,10,main] (event-loop arena buffers are thread confined)
	at io.netty.buffer.CycleArenaAllocator$ArenaBuf.violation(CycleArenaAllocator.java:1279)
	at io.netty.buffer.CycleArenaAllocator$ArenaBuf.release(CycleArenaAllocator.java:1208)
	at io.netty.buffer.AbstractDerivedByteBuf.release0(AbstractDerivedByteBuf.java:98)
	at io.netty.buffer.AbstractDerivedByteBuf.release(AbstractDerivedByteBuf.java:94)
	at io.netty.util.ReferenceCountUtil.release(ReferenceCountUtil.java:90)
	at io.netty.util.ReferenceCountUtil.safeRelease(ReferenceCountUtil.java:116)
	at io.netty.channel.ChannelOutboundBuffer.remove(ChannelOutboundBuffer.java:300)
	at io.netty.channel.ChannelOutboundBuffer.removeBytes(ChannelOutboundBuffer.java:382)
	at io.netty.channel.uring.AbstractIoUringStreamChannel$IoUringStreamUnsafe.writeComplete0(AbstractIoUringStreamChannel.java:692)
	at io.netty.channel.uring.IoUringSocketChannel$IoUringSocketUnsafe.writeComplete0(IoUringSocketChannel.java:188)
	at io.netty.channel.uring.AbstractIoUringChannel$AbstractUringUnsafe.writeComplete(AbstractIoUringChannel.java:1003)
	at io.netty.channel.uring.AbstractIoUringChannel$AbstractUringUnsafe.handle(AbstractIoUringChannel.java:474)
	at io.netty.channel.uring.IoUringIoHandler$DefaultIoUringIoRegistration.handle(IoUringIoHandler.java:705)
	at io.netty.channel.uring.IoUringIoHandler.handleFastPath(IoUringIoHandler.java:318)
	at io.netty.channel.uring.IoUringIoHandler.handle(IoUringIoHandler.java:298)
	at io.netty.channel.uring.CompletionQueue.process(CompletionQueue.java:151)
	at io.netty.channel.uring.IoUringIoHandler.processCompletionsAndHandleOverflow(IoUringIoHandler.java:213)
	at io.netty.channel.uring.IoUringIoHandler.run(IoUringIoHandler.java:188)
	at io.netty.channel.SingleThreadIoEventLoop.runIo(SingleThreadIoEventLoop.java:225)
	at io.netty.channel.SingleThreadIoEventLoop.run(SingleThreadIoEventLoop.java:196)
	at io.netty.util.concurrent.SingleThreadEventExecutor$5.run(SingleThreadEventExecutor.java:1204)
	at io.netty.util.internal.ThreadExecutorMap$2.run(ThreadExecutorMap.java:74)
	at io.netty.util.concurrent.FastThreadLocalRunnable.run(FastThreadLocalRunnable.java:30)
	at java.base/java.lang.Thread.run(Thread.java:1583)
00:06:32.115 [multiThreadIoEventLoopGroup-3-3] WARN  io.netty.util.ReferenceCountUtil - Failed to release a message: UnpooledSlicedByteBuf(ridx: 0, widx: 3517, cap: 3517/3517, unwrapped: CycleArenaAllocator$ArenaBuf(ridx: 0, widx: 8192, cap: 8192))
java.lang.IllegalStateException: arena buffer of Thread[#32,multiThreadIoEventLoopGroup-4-3,10,main] touched from Thread[#28,multiThreadIoEventLoopGroup-3-3,10,main] (event-loop arena buffers are thread confined)
	at io.netty.buffer.CycleArenaAllocator$ArenaBuf.violation(CycleArenaAllocator.java:1279)
	at io.netty.buffer.CycleArenaAllocator$ArenaBuf.release(CycleArenaAllocator.java:1208)
	at io.netty.buffer.AbstractDerivedByteBuf.release0(AbstractDerivedByteBuf.java:98)
	at io.netty.buffer.AbstractDerivedByteBuf.release(AbstractDerivedByteBuf.java:94)
	at io.netty.util.ReferenceCountUtil.release(ReferenceCountUtil.java:90)
	at io.netty.util.ReferenceCountUtil.safeRelease(ReferenceCountUtil.java:116)
	at io.netty.channel.ChannelOutboundBuffer.remove(ChannelOutboundBuffer.java:300)
	at io.netty.channel.ChannelOutboundBuffer.removeBytes(ChannelOutboundBuffer.java:382)
	at io.netty.channel.uring.AbstractIoUringStreamChannel$IoUringStreamUnsafe.writeComplete0(AbstractIoUringStreamChannel.java:692)
	at io.netty.channel.uring.IoUringSocketChannel$IoUringSocketUnsafe.writeComplete0(IoUringSocketChannel.java:188)
	at io.netty.channel.uring.AbstractIoUringChannel$AbstractUringUnsafe.writeComplete(AbstractIoUringChannel.java:1003)
	at io.netty.channel.uring.AbstractIoUringChannel$AbstractUringUnsafe.handle(AbstractIoUringChannel.java:474)
	at io.netty.channel.uring.IoUringIoHandler$DefaultIoUringIoRegistration.handle(IoUringIoHandler.java:705)
	at io.netty.channel.uring.IoUringIoHandler.handleFastPath(IoUringIoHandler.java:318)
	at io.netty.channel.uring.IoUringIoHandler.handle(IoUringIoHandler.java:298)
	at io.netty.channel.uring.CompletionQueue.process(CompletionQueue.java:151)
	at io.netty.channel.uring.IoUringIoHandler.processCompletionsAndHandleOverflow(IoUringIoHandler.java:213)
	at io.netty.channel.uring.IoUringIoHandler.run(IoUringIoHandler.java:188)
	at io.netty.channel.SingleThreadIoEventLoop.runIo(SingleThreadIoEventLoop.java:225)
	at io.netty.channel.SingleThreadIoEventLoop.run(SingleThreadIoEventLoop.java:196)
	at io.netty.util.concurrent.SingleThreadEventExecutor$5.run(SingleThreadEventExecutor.java:1204)
	at io.netty.util.internal.ThreadExecutorMap$2.run(ThreadExecutorMap.java:74)
	at io.netty.util.concurrent.FastThreadLocalRunnable.run(FastThreadLocalRunnable.java:30)
	at java.base/java.lang.Thread.run(Thread.java:1583)
00:06:32.115 [multiThreadIoEventLoopGroup-3-3] WARN  io.netty.util.ReferenceCountUtil - Failed to release a message: UnpooledSlicedByteBuf(ridx: 0, widx: 1648, cap: 1648/1648, unwrapped: CycleArenaAllocator$ArenaBuf(ridx: 0, widx: 8192, cap: 8192))
java.lang.IllegalStateException: arena buffer of Thread[#32,multiThreadIoEventLoopGroup-4-3,10,main] touched from Thread[#28,multiThreadIoEventLoopGroup-3-3,10,main] (event-loop arena buffers are thread confined)
	at io.netty.buffer.CycleArenaAllocator$ArenaBuf.violation(CycleArenaAllocator.java:1279)
	at io.netty.buffer.CycleArenaAllocator$ArenaBuf.release(CycleArenaAllocator.java:1208)
	at io.netty.buffer.AbstractDerivedByteBuf.release0(AbstractDerivedByteBuf.java:98)
	at io.netty.buffer.AbstractDerivedByteBuf.release(AbstractDerivedByteBuf.java:94)
	at io.netty.util.ReferenceCountUtil.release(ReferenceCountUtil.java:90)
	at io.netty.util.ReferenceCountUtil.safeRelease(ReferenceCountUtil.java:116)
	at io.netty.channel.ChannelOutboundBuffer.remove(ChannelOutboundBuffer.java:300)
	at io.netty.channel.ChannelOutboundBuffer.removeBytes(ChannelOutboundBuffer.java:382)
	at io.netty.channel.uring.AbstractIoUringStreamChannel$IoUringStreamUnsafe.writeComplete0(AbstractIoUringStreamChannel.java:692)
	at io.netty.channel.uring.IoUringSocketChannel$IoUringSocketUnsafe.writeComplete0(IoUringSocketChannel.java:188)
	at io.netty.channel.uring.AbstractIoUringChannel$AbstractUringUnsafe.writeComplete(AbstractIoUringChannel.java:1003)
	at io.netty.channel.uring.AbstractIoUringChannel$AbstractUringUnsafe.handle(AbstractIoUringChannel.java:474)
	at io.netty.channel.uring.IoUringIoHandler$DefaultIoUringIoRegistration.handle(IoUringIoHandler.java:705)
	at io.netty.channel.uring.IoUringIoHandler.handleFastPath(IoUringIoHandler.java:318)
	at io.netty.channel.uring.IoUringIoHandler.handle(IoUringIoHandler.java:298)
	at io.netty.channel.uring.CompletionQueue.process(CompletionQueue.java:151)
	at io.netty.channel.uring.IoUringIoHandler.processCompletionsAndHandleOverflow(IoUringIoHandler.java:213)
	at io.netty.channel.uring.IoUringIoHandler.run(IoUringIoHandler.java:188)
	at io.netty.channel.SingleThreadIoEventLoop.runIo(SingleThreadIoEventLoop.java:225)
	at io.netty.channel.SingleThreadIoEventLoop.run(SingleThreadIoEventLoop.java:196)
	at io.netty.util.concurrent.SingleThreadEventExecutor$5.run(SingleThreadEventExecutor.java:1204)
	at io.netty.util.internal.ThreadExecutorMap$2.run(ThreadExecutorMap.java:74)
	at io.netty.util.concurrent.FastThreadLocalRunnable.run(FastThreadLocalRunnable.java:30)
	at java.base/java.lang.Thread.run(Thread.java:1583)
00:06:32.213 [multiThreadIoEventLoopGroup-4-4] WARN  i.n.channel.uring.IoUringIoHandler - Unexpected exception in the IO event loop.
java.lang.IllegalStateException: arena buffer of Thread[#29,multiThreadIoEventLoopGroup-3-4,10,main] touched from Thread[#33,multiThreadIoEventLoopGroup-4-4,10,main] (event-loop arena buffers are thread confined)
	at io.netty.buffer.CycleArenaAllocator$ArenaBuf.violation(CycleArenaAllocator.java:1279)
	at io.netty.buffer.CycleArenaAllocator$ArenaBuf.release(CycleArenaAllocator.java:1208)
	at io.netty.buffer.AbstractDerivedByteBuf.release0(AbstractDerivedByteBuf.java:98)
	at io.netty.buffer.AbstractDerivedByteBuf.release(AbstractDerivedByteBuf.java:94)
	at io.netty.channel.uring.IoUringSocketChannel$IoUringSocketUnsafe.handleWriteCompleteZeroCopy(IoUringSocketChannel.java:289)
	at io.netty.channel.uring.IoUringSocketChannel$IoUringSocketUnsafe.writeComplete0(IoUringSocketChannel.java:186)
	at io.netty.channel.uring.AbstractIoUringChannel$AbstractUringUnsafe.writeComplete(AbstractIoUringChannel.java:1003)
	at io.netty.channel.uring.AbstractIoUringChannel$AbstractUringUnsafe.handle(AbstractIoUringChannel.java:474)
	at io.netty.channel.uring.IoUringIoHandler$DefaultIoUringIoRegistration.handle(IoUringIoHandler.java:705)
	at io.netty.channel.uring.IoUringIoHandler.handleFastPath(IoUringIoHandler.java:318)
	at io.netty.channel.uring.IoUringIoHandler.handle(IoUringIoHandler.java:298)
	at io.netty.channel.uring.CompletionQueue.process(CompletionQueue.java:151)
	at io.netty.channel.uring.IoUringIoHandler.processCompletionsAndHandleOverflow(IoUringIoHandler.java:213)
	at io.netty.channel.uring.IoUringIoHandler.run(IoUringIoHandler.java:188)
	at io.netty.channel.SingleThreadIoEventLoop.runIo(SingleThreadIoEventLoop.java:225)
	at io.netty.channel.SingleThreadIoEventLoop.run(SingleThreadIoEventLoop.java:196)
	at io.netty.util.concurrent.SingleThreadEventExecutor$5.run(SingleThreadEventExecutor.java:1204)
	at io.netty.util.internal.ThreadExecutorMap$2.run(ThreadExecutorMap.java:74)
	at io.netty.util.concurrent.FastThreadLocalRunnable.run(FastThreadLocalRunnable.java:30)
	at java.base/java.lang.Thread.run(Thread.java:1583)
00:06:32.213 [multiThreadIoEventLoopGroup-4-2] WARN  i.n.channel.uring.IoUringIoHandler - Unexpected exception in the IO event loop.
java.lang.IllegalStateException: arena buffer of Thread[#27,multiThreadIoEventLoopGroup-3-2,10,main] touched from Thread[#31,multiThreadIoEventLoopGroup-4-2,10,main] (event-loop arena buffers are thread confined)
	at io.netty.buffer.CycleArenaAllocator$ArenaBuf.violation(CycleArenaAllocator.java:1279)
	at io.netty.buffer.CycleArenaAllocator$ArenaBuf.release(CycleArenaAllocator.java:1208)
	at io.netty.buffer.AbstractDerivedByteBuf.release0(AbstractDerivedByteBuf.java:98)
	at io.netty.buffer.AbstractDerivedByteBuf.release(AbstractDerivedByteBuf.java:94)
	at io.netty.channel.uring.IoUringSocketChannel$IoUringSocketUnsafe.handleWriteCompleteZeroCopy(IoUringSocketChannel.java:289)
	at io.netty.channel.uring.IoUringSocketChannel$IoUringSocketUnsafe.writeComplete0(IoUringSocketChannel.java:186)
	at io.netty.channel.uring.AbstractIoUringChannel$AbstractUringUnsafe.writeComplete(AbstractIoUringChannel.java:1003)
	at io.netty.channel.uring.AbstractIoUringChannel$AbstractUringUnsafe.handle(AbstractIoUringChannel.java:474)
	at io.netty.channel.uring.IoUringIoHandler$DefaultIoUringIoRegistration.handle(IoUringIoHandler.java:705)
	at io.netty.channel.uring.IoUringIoHandler.handleFastPath(IoUringIoHandler.java:318)
	at io.netty.channel.uring.IoUringIoHandler.handle(IoUringIoHandler.java:298)
	at io.netty.channel.uring.CompletionQueue.process(CompletionQueue.java:151)
	at io.netty.channel.uring.IoUringIoHandler.processCompletionsAndHandleOverflow(IoUringIoHandler.java:213)
	at io.netty.channel.uring.IoUringIoHandler.run(IoUringIoHandler.java:188)
	at io.netty.channel.SingleThreadIoEventLoop.runIo(SingleThreadIoEventLoop.java:225)
	at io.netty.channel.SingleThreadIoEventLoop.run(SingleThreadIoEventLoop.java:196)
	at io.netty.util.concurrent.SingleThreadEventExecutor$5.run(SingleThreadEventExecutor.java:1204)
	at io.netty.util.internal.ThreadExecutorMap$2.run(ThreadExecutorMap.java:74)
	at io.netty.util.concurrent.FastThreadLocalRunnable.run(FastThreadLocalRunnable.java:30)
	at java.base/java.lang.Thread.run(Thread.java:1583)
00:06:32.213 [multiThreadIoEventLoopGroup-4-1] WARN  i.n.channel.uring.IoUringIoHandler - Unexpected exception in the IO event loop.
java.lang.IllegalStateException: arena buffer of Thread[#26,multiThreadIoEventLoopGroup-3-1,10,main] touched from Thread[#30,multiThreadIoEventLoopGroup-4-1,10,main] (event-loop arena buffers are thread confined)
	at io.netty.buffer.CycleArenaAllocator$ArenaBuf.violation(CycleArenaAllocator.java:1279)
	at io.netty.buffer.CycleArenaAllocator$ArenaBuf.release(CycleArenaAllocator.java:1208)
	at io.netty.buffer.AbstractDerivedByteBuf.release0(AbstractDerivedByteBuf.java:98)
	at io.netty.buffer.AbstractDerivedByteBuf.release(AbstractDerivedByteBuf.java:94)
	at io.netty.channel.uring.IoUringSocketChannel$IoUringSocketUnsafe.handleWriteCompleteZeroCopy(IoUringSocketChannel.java:289)
	at io.netty.channel.uring.IoUringSocketChannel$IoUringSocketUnsafe.writeComplete0(IoUringSocketChannel.java:186)
	at io.netty.channel.uring.AbstractIoUringChannel$AbstractUringUnsafe.writeComplete(AbstractIoUringChannel.java:1003)
	at io.netty.channel.uring.AbstractIoUringChannel$AbstractUringUnsafe.handle(AbstractIoUringChannel.java:474)
	at io.netty.channel.uring.IoUringIoHandler$DefaultIoUringIoRegistration.handle(IoUringIoHandler.java:705)
	at io.netty.channel.uring.IoUringIoHandler.handleFastPath(IoUringIoHandler.java:318)
	at io.netty.channel.uring.IoUringIoHandler.handle(IoUringIoHandler.java:298)
	at io.netty.channel.uring.CompletionQueue.process(CompletionQueue.java:151)
	at io.netty.channel.uring.IoUringIoHandler.processCompletionsAndHandleOverflow(IoUringIoHandler.java:213)
	at io.netty.channel.uring.IoUringIoHandler.run(IoUringIoHandler.java:188)
	at io.netty.channel.SingleThreadIoEventLoop.runIo(SingleThreadIoEventLoop.java:225)
	at io.netty.channel.SingleThreadIoEventLoop.run(SingleThreadIoEventLoop.java:196)
	at io.netty.util.concurrent.SingleThreadEventExecutor$5.run(SingleThreadEventExecutor.java:1204)
	at io.netty.util.internal.ThreadExecutorMap$2.run(ThreadExecutorMap.java:74)
	at io.netty.util.concurrent.FastThreadLocalRunnable.run(FastThreadLocalRunnable.java:30)
	at java.base/java.lang.Thread.run(Thread.java:1583)
00:06:32.214 [multiThreadIoEventLoopGroup-3-2] WARN  io.netty.util.ReferenceCountUtil - Failed to release a message: UnpooledSlicedByteBuf(ridx: 0, widx: 3793, cap: 3793/3793, unwrapped: CycleArenaAllocator$ArenaBuf(ridx: 0, widx: 8192, cap: 8192))
java.lang.IllegalStateException: arena buffer of Thread[#32,multiThreadIoEventLoopGroup-4-3,10,main] touched from Thread[#27,multiThreadIoEventLoopGroup-3-2,10,main] (event-loop arena buffers are thread confined)
	at io.netty.buffer.CycleArenaAllocator$ArenaBuf.violation(CycleArenaAllocator.java:1279)
	at io.netty.buffer.CycleArenaAllocator$ArenaBuf.release(CycleArenaAllocator.java:1208)
	at io.netty.buffer.AbstractDerivedByteBuf.release0(AbstractDerivedByteBuf.java:98)
	at io.netty.buffer.AbstractDerivedByteBuf.release(AbstractDerivedByteBuf.java:94)
	at io.netty.util.ReferenceCountUtil.release(ReferenceCountUtil.java:90)
	at io.netty.util.ReferenceCountUtil.safeRelease(ReferenceCountUtil.java:116)
	at io.netty.channel.ChannelOutboundBuffer.remove(ChannelOutboundBuffer.java:300)
	at io.netty.channel.ChannelOutboundBuffer.removeBytes(ChannelOutboundBuffer.java:382)
	at io.netty.channel.uring.AbstractIoUringStreamChannel$IoUringStreamUnsafe.writeComplete0(AbstractIoUringStreamChannel.java:692)
	at io.netty.channel.uring.IoUringSocketChannel$IoUringSocketUnsafe.writeComplete0(IoUringSocketChannel.java:188)
	at io.netty.channel.uring.AbstractIoUringChannel$AbstractUringUnsafe.writeComplete(AbstractIoUringChannel.java:1003)
	at io.netty.channel.uring.AbstractIoUringChannel$AbstractUringUnsafe.handle(AbstractIoUringChannel.java:474)
	at io.netty.channel.uring.IoUringIoHandler$DefaultIoUringIoRegistration.handle(IoUringIoHandler.java:705)
	at io.netty.channel.uring.IoUringIoHandler.handleFastPath(IoUringIoHandler.java:318)
	at io.netty.channel.uring.IoUringIoHandler.handle(IoUringIoHandler.java:298)
	at io.netty.channel.uring.CompletionQueue.process(CompletionQueue.java:151)
	at io.netty.channel.uring.IoUringIoHandler.processCompletionsAndHandleOverflow(IoUringIoHandler.java:213)
	at io.netty.channel.uring.IoUringIoHandler.run(IoUringIoHandler.java:188)
	at io.netty.channel.SingleThreadIoEventLoop.runIo(SingleThreadIoEventLoop.java:225)
	at io.netty.channel.SingleThreadIoEventLoop.run(SingleThreadIoEventLoop.java:196)
	at io.netty.util.concurrent.SingleThreadEventExecutor$5.run(SingleThreadEventExecutor.java:1204)
	at io.netty.util.internal.ThreadExecutorMap$2.run(ThreadExecutorMap.java:74)
	at io.netty.util.concurrent.FastThreadLocalRunnable.run(FastThreadLocalRunnable.java:30)
	at java.base/java.lang.Thread.run(Thread.java:1583)
00:06:32.214 [multiThreadIoEventLoopGroup-4-3] WARN  i.n.channel.uring.IoUringIoHandler - Unexpected exception in the IO event loop.
java.lang.IllegalStateException: arena buffer of Thread[#29,multiThreadIoEventLoopGroup-3-4,10,main] touched from Thread[#32,multiThreadIoEventLoopGroup-4-3,10,main] (event-loop arena buffers are thread confined)
	at io.netty.buffer.CycleArenaAllocator$ArenaBuf.violation(CycleArenaAllocator.java:1279)
	at io.netty.buffer.CycleArenaAllocator$ArenaBuf.release(CycleArenaAllocator.java:1208)
	at io.netty.buffer.AbstractDerivedByteBuf.release0(AbstractDerivedByteBuf.java:98)
	at io.netty.buffer.AbstractDerivedByteBuf.release(AbstractDerivedByteBuf.java:94)
	at io.netty.channel.uring.IoUringSocketChannel$IoUringSocketUnsafe.handleWriteCompleteZeroCopy(IoUringSocketChannel.java:289)
	at io.netty.channel.uring.IoUringSocketChannel$IoUringSocketUnsafe.writeComplete0(IoUringSocketChannel.java:186)
	at io.netty.channel.uring.AbstractIoUringChannel$AbstractUringUnsafe.writeComplete(AbstractIoUringChannel.java:1003)
	at io.netty.channel.uring.AbstractIoUringChannel$AbstractUringUnsafe.handle(AbstractIoUringChannel.java:474)
	at io.netty.channel.uring.IoUringIoHandler$DefaultIoUringIoRegistration.handle(IoUringIoHandler.java:705)
	at io.netty.channel.uring.IoUringIoHandler.handleFastPath(IoUringIoHandler.java:318)
	at io.netty.channel.uring.IoUringIoHandler.handle(IoUringIoHandler.java:298)
	at io.netty.channel.uring.CompletionQueue.process(CompletionQueue.java:151)
	at io.netty.channel.uring.IoUringIoHandler.processCompletionsAndHandleOverflow(IoUringIoHandler.java:213)
	at io.netty.channel.uring.IoUringIoHandler.run(IoUringIoHandler.java:188)
	at io.netty.channel.SingleThreadIoEventLoop.runIo(SingleThreadIoEventLoop.java:225)
	at io.netty.channel.SingleThreadIoEventLoop.run(SingleThreadIoEventLoop.java:196)
	at io.netty.util.concurrent.SingleThreadEventExecutor$5.run(SingleThreadEventExecutor.java:1204)
	at io.netty.util.internal.ThreadExecutorMap$2.run(ThreadExecutorMap.java:74)
	at io.netty.util.concurrent.FastThreadLocalRunnable.run(FastThreadLocalRunnable.java:30)
	at java.base/java.lang.Thread.run(Thread.java:1583)
00:06:32.214 [multiThreadIoEventLoopGroup-3-4] WARN  i.n.channel.uring.IoUringIoHandler - Unexpected exception in the IO event loop.
java.lang.IllegalStateException: arena buffer of Thread[#32,multiThreadIoEventLoopGroup-4-3,10,main] touched from Thread[#29,multiThreadIoEventLoopGroup-3-4,10,main] (event-loop arena buffers are thread confined)
	at io.netty.buffer.CycleArenaAllocator$ArenaBuf.violation(CycleArenaAllocator.java:1279)
	at io.netty.buffer.CycleArenaAllocator$ArenaBuf.retain(CycleArenaAllocator.java:1182)
	at io.netty.buffer.AbstractDerivedByteBuf.retain0(AbstractDerivedByteBuf.java:58)
	at io.netty.buffer.AbstractDerivedByteBuf.retain(AbstractDerivedByteBuf.java:54)
	at io.netty.channel.uring.IoUringSocketChannel$IoUringSocketUnsafe.handleWriteCompleteZeroCopy(IoUringSocketChannel.java:220)
	at io.netty.channel.uring.IoUringSocketChannel$IoUringSocketUnsafe.writeComplete0(IoUringSocketChannel.java:186)
	at io.netty.channel.uring.AbstractIoUringChannel$AbstractUringUnsafe.writeComplete(AbstractIoUringChannel.java:1003)
	at io.netty.channel.uring.AbstractIoUringChannel$AbstractUringUnsafe.handle(AbstractIoUringChannel.java:474)
	at io.netty.channel.uring.IoUringIoHandler$DefaultIoUringIoRegistration.handle(IoUringIoHandler.java:705)
	at io.netty.channel.uring.IoUringIoHandler.handleFastPath(IoUringIoHandler.java:318)
	at io.netty.channel.uring.IoUringIoHandler.handle(IoUringIoHandler.java:298)
	at io.netty.channel.uring.CompletionQueue.process(CompletionQueue.java:151)
	at io.netty.channel.uring.IoUringIoHandler.processCompletionsAndHandleOverflow(IoUringIoHandler.java:213)
	at io.netty.channel.uring.IoUringIoHandler.run(IoUringIoHandler.java:188)
	at io.netty.channel.SingleThreadIoEventLoop.runIo(SingleThreadIoEventLoop.java:225)
	at io.netty.channel.SingleThreadIoEventLoop.run(SingleThreadIoEventLoop.java:196)
	at io.netty.util.concurrent.SingleThreadEventExecutor$5.run(SingleThreadEventExecutor.java:1204)
	at io.netty.util.internal.ThreadExecutorMap$2.run(ThreadExecutorMap.java:74)
	at io.netty.util.concurrent.FastThreadLocalRunnable.run(FastThreadLocalRunnable.java:30)
	at java.base/java.lang.Thread.run(Thread.java:1583)
00:06:32.214 [multiThreadIoEventLoopGroup-3-2] WARN  i.n.channel.uring.IoUringIoHandler - Unexpected exception in the IO event loop.
java.lang.IllegalStateException: arena buffer of Thread[#32,multiThreadIoEventLoopGroup-4-3,10,main] touched from Thread[#27,multiThreadIoEventLoopGroup-3-2,10,main] (event-loop arena buffers are thread confined)
	at io.netty.buffer.CycleArenaAllocator$ArenaBuf.violation(CycleArenaAllocator.java:1279)
	at io.netty.buffer.CycleArenaAllocator$ArenaBuf.retain(CycleArenaAllocator.java:1182)
	at io.netty.buffer.AbstractDerivedByteBuf.retain0(AbstractDerivedByteBuf.java:58)
	at io.netty.buffer.AbstractDerivedByteBuf.retain(AbstractDerivedByteBuf.java:54)
	at io.netty.channel.uring.IoUringSocketChannel$IoUringSocketUnsafe.handleWriteCompleteZeroCopy(IoUringSocketChannel.java:220)
	at io.netty.channel.uring.IoUringSocketChannel$IoUringSocketUnsafe.writeComplete0(IoUringSocketChannel.java:186)
	at io.netty.channel.uring.AbstractIoUringChannel$AbstractUringUnsafe.writeComplete(AbstractIoUringChannel.java:1003)
	at io.netty.channel.uring.AbstractIoUringChannel$AbstractUringUnsafe.handle(AbstractIoUringChannel.java:474)
	at io.netty.channel.uring.IoUringIoHandler$DefaultIoUringIoRegistration.handle(IoUringIoHandler.java:705)
	at io.netty.channel.uring.IoUringIoHandler.handleFastPath(IoUringIoHandler.java:318)
	at io.netty.channel.uring.IoUringIoHandler.handle(IoUringIoHandler.java:298)
	at io.netty.channel.uring.CompletionQueue.process(CompletionQueue.java:151)
	at io.netty.channel.uring.IoUringIoHandler.processCompletionsAndHandleOverflow(IoUringIoHandler.java:213)
	at io.netty.channel.uring.IoUringIoHandler.run(IoUringIoHandler.java:188)
	at io.netty.channel.SingleThreadIoEventLoop.runIo(SingleThreadIoEventLoop.java:225)
	at io.netty.channel.SingleThreadIoEventLoop.run(SingleThreadIoEventLoop.java:196)
	at io.netty.util.concurrent.SingleThreadEventExecutor$5.run(SingleThreadEventExecutor.java:1204)
	at io.netty.util.internal.ThreadExecutorMap$2.run(ThreadExecutorMap.java:74)
	at io.netty.util.concurrent.FastThreadLocalRunnable.run(FastThreadLocalRunnable.java:30)
	at java.base/java.lang.Thread.run(Thread.java:1583)
00:06:32.313 [multiThreadIoEventLoopGroup-4-4] WARN  i.n.channel.uring.IoUringIoHandler - Unexpected exception in the IO event loop.
java.lang.IllegalStateException: arena buffer of Thread[#29,multiThreadIoEventLoopGroup-3-4,10,main] touched from Thread[#33,multiThreadIoEventLoopGroup-4-4,10,main] (event-loop arena buffers are thread confined)
	at io.netty.buffer.CycleArenaAllocator$ArenaBuf.violation(CycleArenaAllocator.java:1279)
	at io.netty.buffer.CycleArenaAllocator$ArenaBuf.release(CycleArenaAllocator.java:1208)
	at io.netty.buffer.AbstractDerivedByteBuf.release0(AbstractDerivedByteBuf.java:98)
	at io.netty.buffer.AbstractDerivedByteBuf.release(AbstractDerivedByteBuf.java:94)
	at io.netty.channel.uring.IoUringSocketChannel$IoUringSocketUnsafe.handleWriteCompleteZeroCopy(IoUringSocketChannel.java:289)
	at io.netty.channel.uring.IoUringSocketChannel$IoUringSocketUnsafe.writeComplete0(IoUringSocketChannel.java:186)
	at io.netty.channel.uring.AbstractIoUringChannel$AbstractUringUnsafe.writeComplete(AbstractIoUringChannel.java:1003)
	at io.netty.channel.uring.AbstractIoUringChannel$AbstractUringUnsafe.handle(AbstractIoUringChannel.java:474)
	at io.netty.channel.uring.IoUringIoHandler$DefaultIoUringIoRegistration.handle(IoUringIoHandler.java:705)
	at io.netty.channel.uring.IoUringIoHandler.handleFastPath(IoUringIoHandler.java:318)
	at io.netty.channel.uring.IoUringIoHandler.handle(IoUringIoHandler.java:298)
	at io.netty.channel.uring.CompletionQueue.process(CompletionQueue.java:151)
	at io.netty.channel.uring.IoUringIoHandler.processCompletionsAndHandleOverflow(IoUringIoHandler.java:213)
	at io.netty.channel.uring.IoUringIoHandler.run(IoUringIoHandler.java:188)
	at io.netty.channel.SingleThreadIoEventLoop.runIo(SingleThreadIoEventLoop.java:225)
	at io.netty.channel.SingleThreadIoEventLoop.run(SingleThreadIoEventLoop.java:196)
	at io.netty.util.concurrent.SingleThreadEventExecutor$5.run(SingleThreadEventExecutor.java:1204)
	at io.netty.util.internal.ThreadExecutorMap$2.run(ThreadExecutorMap.java:74)
	at io.netty.util.concurrent.FastThreadLocalRunnable.run(FastThreadLocalRunnable.java:30)
	at java.base/java.lang.Thread.run(Thread.java:1583)
00:06:32.314 [multiThreadIoEventLoopGroup-4-2] WARN  io.netty.util.ReferenceCountUtil - Failed to release a message: UnpooledSlicedByteBuf(ridx: 0, widx: 198, cap: 198/198, unwrapped: CycleArenaAllocator$ArenaBuf(ridx: 0, widx: 8192, cap: 8192))
java.lang.IllegalStateException: arena buffer of Thread[#27,multiThreadIoEventLoopGroup-3-2,10,main] touched from Thread[#31,multiThreadIoEventLoopGroup-4-2,10,main] (event-loop arena buffers are thread confined)
	at io.netty.buffer.CycleArenaAllocator$ArenaBuf.violation(CycleArenaAllocator.java:1279)
	at io.netty.buffer.CycleArenaAllocator$ArenaBuf.release(CycleArenaAllocator.java:1208)
	at io.netty.buffer.AbstractDerivedByteBuf.release0(AbstractDerivedByteBuf.java:98)
	at io.netty.buffer.AbstractDerivedByteBuf.release(AbstractDerivedByteBuf.java:94)
	at io.netty.util.ReferenceCountUtil.release(ReferenceCountUtil.java:90)
	at io.netty.util.ReferenceCountUtil.safeRelease(ReferenceCountUtil.java:116)
	at io.netty.channel.ChannelOutboundBuffer.remove(ChannelOutboundBuffer.java:300)
	at io.netty.channel.ChannelOutboundBuffer.removeBytes(ChannelOutboundBuffer.java:382)
	at io.netty.channel.uring.AbstractIoUringStreamChannel$IoUringStreamUnsafe.writeComplete0(AbstractIoUringStreamChannel.java:692)
	at io.netty.channel.uring.IoUringSocketChannel$IoUringSocketUnsafe.writeComplete0(IoUringSocketChannel.java:188)
	at io.netty.channel.uring.AbstractIoUringChannel$AbstractUringUnsafe.writeComplete(AbstractIoUringChannel.java:1003)
	at io.netty.channel.uring.AbstractIoUringChannel$AbstractUringUnsafe.handle(AbstractIoUringChannel.java:474)
	at io.netty.channel.uring.IoUringIoHandler$DefaultIoUringIoRegistration.handle(IoUringIoHandler.java:705)
	at io.netty.channel.uring.IoUringIoHandler.handleFastPath(IoUringIoHandler.java:318)
	at io.netty.channel.uring.IoUringIoHandler.handle(IoUringIoHandler.java:298)
	at io.netty.channel.uring.CompletionQueue.process(CompletionQueue.java:151)
	at io.netty.channel.uring.IoUringIoHandler.processCompletionsAndHandleOverflow(IoUringIoHandler.java:213)
	at io.netty.channel.uring.IoUringIoHandler.run(IoUringIoHandler.java:188)
	at io.netty.channel.SingleThreadIoEventLoop.runIo(SingleThreadIoEventLoop.java:225)
	at io.netty.channel.SingleThreadIoEventLoop.run(SingleThreadIoEventLoop.java:196)
	at io.netty.util.concurrent.SingleThreadEventExecutor$5.run(SingleThreadEventExecutor.java:1204)
	at io.netty.util.internal.ThreadExecutorMap$2.run(ThreadExecutorMap.java:74)
	at io.netty.util.concurrent.FastThreadLocalRunnable.run(FastThreadLocalRunnable.java:30)
	at java.base/java.lang.Thread.run(Thread.java:1583)
00:06:32.314 [multiThreadIoEventLoopGroup-4-1] WARN  io.netty.util.ReferenceCountUtil - Failed to release a message: UnpooledSlicedByteBuf(ridx: 0, widx: 198, cap: 198/198, unwrapped: CycleArenaAllocator$ArenaBuf(ridx: 0, widx: 8192, cap: 8192))
java.lang.IllegalStateException: arena buffer of Thread[#26,multiThreadIoEventLoopGroup-3-1,10,main] touched from Thread[#30,multiThreadIoEventLoopGroup-4-1,10,main] (event-loop arena buffers are thread confined)
	at io.netty.buffer.CycleArenaAllocator$ArenaBuf.violation(CycleArenaAllocator.java:1279)
	at io.netty.buffer.CycleArenaAllocator$ArenaBuf.release(CycleArenaAllocator.java:1208)
	at io.netty.buffer.AbstractDerivedByteBuf.release0(AbstractDerivedByteBuf.java:98)
	at io.netty.buffer.AbstractDerivedByteBuf.release(AbstractDerivedByteBuf.java:94)
	at io.netty.util.ReferenceCountUtil.release(ReferenceCountUtil.java:90)
	at io.netty.util.ReferenceCountUtil.safeRelease(ReferenceCountUtil.java:116)
	at io.netty.channel.ChannelOutboundBuffer.remove(ChannelOutboundBuffer.java:300)
	at io.netty.channel.ChannelOutboundBuffer.removeBytes(ChannelOutboundBuffer.java:382)
	at io.netty.channel.uring.AbstractIoUringStreamChannel$IoUringStreamUnsafe.writeComplete0(AbstractIoUringStreamChannel.java:692)
	at io.netty.channel.uring.IoUringSocketChannel$IoUringSocketUnsafe.writeComplete0(IoUringSocketChannel.java:188)
	at io.netty.channel.uring.AbstractIoUringChannel$AbstractUringUnsafe.writeComplete(AbstractIoUringChannel.java:1003)
	at io.netty.channel.uring.AbstractIoUringChannel$AbstractUringUnsafe.handle(AbstractIoUringChannel.java:474)
	at io.netty.channel.uring.IoUringIoHandler$DefaultIoUringIoRegistration.handle(IoUringIoHandler.java:705)
	at io.netty.channel.uring.IoUringIoHandler.handleFastPath(IoUringIoHandler.java:318)
	at io.netty.channel.uring.IoUringIoHandler.handle(IoUringIoHandler.java:298)
	at io.netty.channel.uring.CompletionQueue.process(CompletionQueue.java:151)
	at io.netty.channel.uring.IoUringIoHandler.processCompletionsAndHandleOverflow(IoUringIoHandler.java:213)
	at io.netty.channel.uring.IoUringIoHandler.run(IoUringIoHandler.java:188)
	at io.netty.channel.SingleThreadIoEventLoop.runIo(SingleThreadIoEventLoop.java:225)
	at io.netty.channel.SingleThreadIoEventLoop.run(SingleThreadIoEventLoop.java:196)
	at io.netty.util.concurrent.SingleThreadEventExecutor$5.run(SingleThreadEventExecutor.java:1204)
	at io.netty.util.internal.ThreadExecutorMap$2.run(ThreadExecutorMap.java:74)
	at io.netty.util.concurrent.FastThreadLocalRunnable.run(FastThreadLocalRunnable.java:30)
	at java.base/java.lang.Thread.run(Thread.java:1583)
00:06:32.314 [multiThreadIoEventLoopGroup-4-2] WARN  io.netty.util.ReferenceCountUtil - Failed to release a message: UnpooledSlicedByteBuf(ridx: 0, widx: 396, cap: 396/396, unwrapped: CycleArenaAllocator$ArenaBuf(ridx: 0, widx: 8192, cap: 8192))
java.lang.IllegalStateException: arena buffer of Thread[#26,multiThreadIoEventLoopGroup-3-1,10,main] touched from Thread[#31,multiThreadIoEventLoopGroup-4-2,10,main] (event-loop arena buffers are thread confined)
	at io.netty.buffer.CycleArenaAllocator$ArenaBuf.violation(CycleArenaAllocator.java:1279)
	at io.netty.buffer.CycleArenaAllocator$ArenaBuf.release(CycleArenaAllocator.java:1208)
	at io.netty.buffer.AbstractDerivedByteBuf.release0(AbstractDerivedByteBuf.java:98)
	at io.netty.buffer.AbstractDerivedByteBuf.release(AbstractDerivedByteBuf.java:94)
	at io.netty.util.ReferenceCountUtil.release(ReferenceCountUtil.java:90)
	at io.netty.util.ReferenceCountUtil.safeRelease(ReferenceCountUtil.java:116)
	at io.netty.channel.ChannelOutboundBuffer.remove(ChannelOutboundBuffer.java:300)
	at io.netty.channel.ChannelOutboundBuffer.removeBytes(ChannelOutboundBuffer.java:382)
	at io.netty.channel.uring.AbstractIoUringStreamChannel$IoUringStreamUnsafe.writeComplete0(AbstractIoUringStreamChannel.java:692)
	at io.netty.channel.uring.IoUringSocketChannel$IoUringSocketUnsafe.writeComplete0(IoUringSocketChannel.java:188)
	at io.netty.channel.uring.AbstractIoUringChannel$AbstractUringUnsafe.writeComplete(AbstractIoUringChannel.java:1003)
	at io.netty.channel.uring.AbstractIoUringChannel$AbstractUringUnsafe.handle(AbstractIoUringChannel.java:474)
	at io.netty.channel.uring.IoUringIoHandler$DefaultIoUringIoRegistration.handle(IoUringIoHandler.java:705)
	at io.netty.channel.uring.IoUringIoHandler.handleFastPath(IoUringIoHandler.java:318)
	at io.netty.channel.uring.IoUringIoHandler.handle(IoUringIoHandler.java:298)
	at io.netty.channel.uring.CompletionQueue.process(CompletionQueue.java:151)
	at io.netty.channel.uring.IoUringIoHandler.processCompletionsAndHandleOverflow(IoUringIoHandler.java:213)
	at io.netty.channel.uring.IoUringIoHandler.run(IoUringIoHandler.java:188)
	at io.netty.channel.SingleThreadIoEventLoop.runIo(SingleThreadIoEventLoop.java:225)
	at io.netty.channel.SingleThreadIoEventLoop.run(SingleThreadIoEventLoop.java:196)
	at io.netty.util.concurrent.SingleThreadEventExecutor$5.run(SingleThreadEventExecutor.java:1204)
	at io.netty.util.internal.ThreadExecutorMap$2.run(ThreadExecutorMap.java:74)
	at io.netty.util.concurrent.FastThreadLocalRunnable.run(FastThreadLocalRunnable.java:30)
	at java.base/java.lang.Thread.run(Thread.java:1583)
00:06:32.314 [multiThreadIoEventLoopGroup-4-1] WARN  io.netty.util.ReferenceCountUtil - Failed to release a message: UnpooledSlicedByteBuf(ridx: 0, widx: 396, cap: 396/396, unwrapped: CycleArenaAllocator$ArenaBuf(ridx: 0, widx: 8192, cap: 8192))
java.lang.IllegalStateException: arena buffer of Thread[#27,multiThreadIoEventLoopGroup-3-2,10,main] touched from Thread[#30,multiThreadIoEventLoopGroup-4-1,10,main] (event-loop arena buffers are thread confined)
	at io.netty.buffer.CycleArenaAllocator$ArenaBuf.violation(CycleArenaAllocator.java:1279)
	at io.netty.buffer.CycleArenaAllocator$ArenaBuf.release(CycleArenaAllocator.java:1208)
	at io.netty.buffer.AbstractDerivedByteBuf.release0(AbstractDerivedByteBuf.java:98)
	at io.netty.buffer.AbstractDerivedByteBuf.release(AbstractDerivedByteBuf.java:94)
	at io.netty.util.ReferenceCountUtil.release(ReferenceCountUtil.java:90)
	at io.netty.util.ReferenceCountUtil.safeRelease(ReferenceCountUtil.java:116)
	at io.netty.channel.ChannelOutboundBuffer.remove(ChannelOutboundBuffer.java:300)
	at io.netty.channel.ChannelOutboundBuffer.removeBytes(ChannelOutboundBuffer.java:382)
	at io.netty.channel.uring.AbstractIoUringStreamChannel$IoUringStreamUnsafe.writeComplete0(AbstractIoUringStreamChannel.java:692)
	at io.netty.channel.uring.IoUringSocketChannel$IoUringSocketUnsafe.writeComplete0(IoUringSocketChannel.java:188)
	at io.netty.channel.uring.AbstractIoUringChannel$AbstractUringUnsafe.writeComplete(AbstractIoUringChannel.java:1003)
	at io.netty.channel.uring.AbstractIoUringChannel$AbstractUringUnsafe.handle(AbstractIoUringChannel.java:474)
	at io.netty.channel.uring.IoUringIoHandler$DefaultIoUringIoRegistration.handle(IoUringIoHandler.java:705)
	at io.netty.channel.uring.IoUringIoHandler.handleFastPath(IoUringIoHandler.java:318)
	at io.netty.channel.uring.IoUringIoHandler.handle(IoUringIoHandler.java:298)
	at io.netty.channel.uring.CompletionQueue.process(CompletionQueue.java:151)
	at io.netty.channel.uring.IoUringIoHandler.processCompletionsAndHandleOverflow(IoUringIoHandler.java:213)
	at io.netty.channel.uring.IoUringIoHandler.run(IoUringIoHandler.java:188)
	at io.netty.channel.SingleThreadIoEventLoop.runIo(SingleThreadIoEventLoop.java:225)
	at io.netty.channel.SingleThreadIoEventLoop.run(SingleThreadIoEventLoop.java:196)
	at io.netty.util.concurrent.SingleThreadEventExecutor$5.run(SingleThreadEventExecutor.java:1204)
	at io.netty.util.internal.ThreadExecutorMap$2.run(ThreadExecutorMap.java:74)
	at io.netty.util.concurrent.FastThreadLocalRunnable.run(FastThreadLocalRunnable.java:30)
	at java.base/java.lang.Thread.run(Thread.java:1583)
00:06:32.314 [multiThreadIoEventLoopGroup-4-2] WARN  io.netty.util.ReferenceCountUtil - Failed to release a message: UnpooledSlicedByteBuf(ridx: 0, widx: 594, cap: 594/594, unwrapped: CycleArenaAllocator$ArenaBuf(ridx: 0, widx: 8192, cap: 8192))
java.lang.IllegalStateException: arena buffer of Thread[#27,multiThreadIoEventLoopGroup-3-2,10,main] touched from Thread[#31,multiThreadIoEventLoopGroup-4-2,10,main] (event-loop arena buffers are thread confined)
	at io.netty.buffer.CycleArenaAllocator$ArenaBuf.violation(CycleArenaAllocator.java:1279)
	at io.netty.buffer.CycleArenaAllocator$ArenaBuf.release(CycleArenaAllocator.java:1208)
	at io.netty.buffer.AbstractDerivedByteBuf.release0(AbstractDerivedByteBuf.java:98)
	at io.netty.buffer.AbstractDerivedByteBuf.release(AbstractDerivedByteBuf.java:94)
	at io.netty.util.ReferenceCountUtil.release(ReferenceCountUtil.java:90)
	at io.netty.util.ReferenceCountUtil.safeRelease(ReferenceCountUtil.java:116)
	at io.netty.channel.ChannelOutboundBuffer.remove(ChannelOutboundBuffer.java:300)
	at io.netty.channel.ChannelOutboundBuffer.removeBytes(ChannelOutboundBuffer.java:382)
	at io.netty.channel.uring.AbstractIoUringStreamChannel$IoUringStreamUnsafe.writeComplete0(AbstractIoUringStreamChannel.java:692)
	at io.netty.channel.uring.IoUringSocketChannel$IoUringSocketUnsafe.writeComplete0(IoUringSocketChannel.java:188)
	at io.netty.channel.uring.AbstractIoUringChannel$AbstractUringUnsafe.writeComplete(AbstractIoUringChannel.java:1003)
	at io.netty.channel.uring.AbstractIoUringChannel$AbstractUringUnsafe.handle(AbstractIoUringChannel.java:474)
	at io.netty.channel.uring.IoUringIoHandler$DefaultIoUringIoRegistration.handle(IoUringIoHandler.java:705)
	at io.netty.channel.uring.IoUringIoHandler.handleFastPath(IoUringIoHandler.java:318)
	at io.netty.channel.uring.IoUringIoHandler.handle(IoUringIoHandler.java:298)
	at io.netty.channel.uring.CompletionQueue.process(CompletionQueue.java:151)
	at io.netty.channel.uring.IoUringIoHandler.processCompletionsAndHandleOverflow(IoUringIoHandler.java:213)
	at io.netty.channel.uring.IoUringIoHandler.run(IoUringIoHandler.java:188)
	at io.netty.channel.SingleThreadIoEventLoop.runIo(SingleThreadIoEventLoop.java:225)
	at io.netty.channel.SingleThreadIoEventLoop.run(SingleThreadIoEventLoop.java:196)
	at io.netty.util.concurrent.SingleThreadEventExecutor$5.run(SingleThreadEventExecutor.java:1204)
	at io.netty.util.internal.ThreadExecutorMap$2.run(ThreadExecutorMap.java:74)
	at io.netty.util.concurrent.FastThreadLocalRunnable.run(FastThreadLocalRunnable.java:30)
	at java.base/java.lang.Thread.run(Thread.java:1583)
00:06:32.314 [multiThreadIoEventLoopGroup-4-1] WARN  io.netty.util.ReferenceCountUtil - Failed to release a message: UnpooledSlicedByteBuf(ridx: 0, widx: 396, cap: 396/396, unwrapped: CycleArenaAllocator$ArenaBuf(ridx: 0, widx: 8192, cap: 8192))
java.lang.IllegalStateException: arena buffer of Thread[#29,multiThreadIoEventLoopGroup-3-4,10,main] touched from Thread[#30,multiThreadIoEventLoopGroup-4-1,10,main] (event-loop arena buffers are thread confined)
	at io.netty.buffer.CycleArenaAllocator$ArenaBuf.violation(CycleArenaAllocator.java:1279)
	at io.netty.buffer.CycleArenaAllocator$ArenaBuf.release(CycleArenaAllocator.java:1208)
	at io.netty.buffer.AbstractDerivedByteBuf.release0(AbstractDerivedByteBuf.java:98)
	at io.netty.buffer.AbstractDerivedByteBuf.release(AbstractDerivedByteBuf.java:94)
	at io.netty.util.ReferenceCountUtil.release(ReferenceCountUtil.java:90)
	at io.netty.util.ReferenceCountUtil.safeRelease(ReferenceCountUtil.java:116)
	at io.netty.channel.ChannelOutboundBuffer.remove(ChannelOutboundBuffer.java:300)
	at io.netty.channel.ChannelOutboundBuffer.removeBytes(ChannelOutboundBuffer.java:382)
	at io.netty.channel.uring.AbstractIoUringStreamChannel$IoUringStreamUnsafe.writeComplete0(AbstractIoUringStreamChannel.java:692)
	at io.netty.channel.uring.IoUringSocketChannel$IoUringSocketUnsafe.writeComplete0(IoUringSocketChannel.java:188)
	at io.netty.channel.uring.AbstractIoUringChannel$AbstractUringUnsafe.writeComplete(AbstractIoUringChannel.java:1003)
	at io.netty.channel.uring.AbstractIoUringChannel$AbstractUringUnsafe.handle(AbstractIoUringChannel.java:474)
	at io.netty.channel.uring.IoUringIoHandler$DefaultIoUringIoRegistration.handle(IoUringIoHandler.java:705)
	at io.netty.channel.uring.IoUringIoHandler.handleFastPath(IoUringIoHandler.java:318)
	at io.netty.channel.uring.IoUringIoHandler.handle(IoUringIoHandler.java:298)
	at io.netty.channel.uring.CompletionQueue.process(CompletionQueue.java:151)
	at io.netty.channel.uring.IoUringIoHandler.processCompletionsAndHandleOverflow(IoUringIoHandler.java:213)
	at io.netty.channel.uring.IoUringIoHandler.run(IoUringIoHandler.java:188)
	at io.netty.channel.SingleThreadIoEventLoop.runIo(SingleThreadIoEventLoop.java:225)
	at io.netty.channel.SingleThreadIoEventLoop.run(SingleThreadIoEventLoop.java:196)
	at io.netty.util.concurrent.SingleThreadEventExecutor$5.run(SingleThreadEventExecutor.java:1204)
	at io.netty.util.internal.ThreadExecutorMap$2.run(ThreadExecutorMap.java:74)
	at io.netty.util.concurrent.FastThreadLocalRunnable.run(FastThreadLocalRunnable.java:30)
	at java.base/java.lang.Thread.run(Thread.java:1583)
00:06:32.314 [multiThreadIoEventLoopGroup-4-2] WARN  io.netty.util.ReferenceCountUtil - Failed to release a message: UnpooledSlicedByteBuf(ridx: 0, widx: 792, cap: 792/792, unwrapped: CycleArenaAllocator$ArenaBuf(ridx: 0, widx: 8192, cap: 8192))
java.lang.IllegalStateException: arena buffer of Thread[#28,multiThreadIoEventLoopGroup-3-3,10,main] touched from Thread[#31,multiThreadIoEventLoopGroup-4-2,10,main] (event-loop arena buffers are thread confined)
	at io.netty.buffer.CycleArenaAllocator$ArenaBuf.violation(CycleArenaAllocator.java:1279)
	at io.netty.buffer.CycleArenaAllocator$ArenaBuf.release(CycleArenaAllocator.java:1208)
	at io.netty.buffer.AbstractDerivedByteBuf.release0(AbstractDerivedByteBuf.java:98)
	at io.netty.buffer.AbstractDerivedByteBuf.release(AbstractDerivedByteBuf.java:94)
	at io.netty.util.ReferenceCountUtil.release(ReferenceCountUtil.java:90)
	at io.netty.util.ReferenceCountUtil.safeRelease(ReferenceCountUtil.java:116)
	at io.netty.channel.ChannelOutboundBuffer.remove(ChannelOutboundBuffer.java:300)
	at io.netty.channel.ChannelOutboundBuffer.removeBytes(ChannelOutboundBuffer.java:382)
	at io.netty.channel.uring.AbstractIoUringStreamChannel$IoUringStreamUnsafe.writeComplete0(AbstractIoUringStreamChannel.java:692)
	at io.netty.channel.uring.IoUringSocketChannel$IoUringSocketUnsafe.writeComplete0(IoUringSocketChannel.java:188)
	at io.netty.channel.uring.AbstractIoUringChannel$AbstractUringUnsafe.writeComplete(AbstractIoUringChannel.java:1003)
	at io.netty.channel.uring.AbstractIoUringChannel$AbstractUringUnsafe.handle(AbstractIoUringChannel.java:474)
	at io.netty.channel.uring.IoUringIoHandler$DefaultIoUringIoRegistration.handle(IoUringIoHandler.java:705)
	at io.netty.channel.uring.IoUringIoHandler.handleFastPath(IoUringIoHandler.java:318)
	at io.netty.channel.uring.IoUringIoHandler.handle(IoUringIoHandler.java:298)
	at io.netty.channel.uring.CompletionQueue.process(CompletionQueue.java:151)
	at io.netty.channel.uring.IoUringIoHandler.processCompletionsAndHandleOverflow(IoUringIoHandler.java:213)
	at io.netty.channel.uring.IoUringIoHandler.run(IoUringIoHandler.java:188)
	at io.netty.channel.SingleThreadIoEventLoop.runIo(SingleThreadIoEventLoop.java:225)
	at io.netty.channel.SingleThreadIoEventLoop.run(SingleThreadIoEventLoop.java:196)
	at io.netty.util.concurrent.SingleThreadEventExecutor$5.run(SingleThreadEventExecutor.java:1204)
	at io.netty.util.internal.ThreadExecutorMap$2.run(ThreadExecutorMap.java:74)
	at io.netty.util.concurrent.FastThreadLocalRunnable.run(FastThreadLocalRunnable.java:30)
	at java.base/java.lang.Thread.run(Thread.java:1583)
00:06:32.314 [multiThreadIoEventLoopGroup-4-1] WARN  io.netty.util.ReferenceCountUtil - Failed to release a message: UnpooledSlicedByteBuf(ridx: 0, widx: 792, cap: 792/792, unwrapped: CycleArenaAllocator$ArenaBuf(ridx: 0, widx: 8192, cap: 8192))
java.lang.IllegalStateException: arena buffer of Thread[#29,multiThreadIoEventLoopGroup-3-4,10,main] touched from Thread[#30,multiThreadIoEventLoopGroup-4-1,10,main] (event-loop arena buffers are thread confined)
	at io.netty.buffer.CycleArenaAllocator$ArenaBuf.violation(CycleArenaAllocator.java:1279)
	at io.netty.buffer.CycleArenaAllocator$ArenaBuf.release(CycleArenaAllocator.java:1208)
	at io.netty.buffer.AbstractDerivedByteBuf.release0(AbstractDerivedByteBuf.java:98)
	at io.netty.buffer.AbstractDerivedByteBuf.release(AbstractDerivedByteBuf.java:94)
	at io.netty.util.ReferenceCountUtil.release(ReferenceCountUtil.java:90)
	at io.netty.util.ReferenceCountUtil.safeRelease(ReferenceCountUtil.java:116)
	at io.netty.channel.ChannelOutboundBuffer.remove(ChannelOutboundBuffer.java:300)
	at io.netty.channel.ChannelOutboundBuffer.removeBytes(ChannelOutboundBuffer.java:382)
	at io.netty.channel.uring.AbstractIoUringStreamChannel$IoUringStreamUnsafe.writeComplete0(AbstractIoUringStreamChannel.java:692)
	at io.netty.channel.uring.IoUringSocketChannel$IoUringSocketUnsafe.writeComplete0(IoUringSocketChannel.java:188)
	at io.netty.channel.uring.AbstractIoUringChannel$AbstractUringUnsafe.writeComplete(AbstractIoUringChannel.java:1003)
	at io.netty.channel.uring.AbstractIoUringChannel$AbstractUringUnsafe.handle(AbstractIoUringChannel.java:474)
	at io.netty.channel.uring.IoUringIoHandler$DefaultIoUringIoRegistration.handle(IoUringIoHandler.java:705)
	at io.netty.channel.uring.IoUringIoHandler.handleFastPath(IoUringIoHandler.java:318)
	at io.netty.channel.uring.IoUringIoHandler.handle(IoUringIoHandler.java:298)
	at io.netty.channel.uring.CompletionQueue.process(CompletionQueue.java:151)
	at io.netty.channel.uring.IoUringIoHandler.processCompletionsAndHandleOverflow(IoUringIoHandler.java:213)
	at io.netty.channel.uring.IoUringIoHandler.run(IoUringIoHandler.java:188)
	at io.netty.channel.SingleThreadIoEventLoop.runIo(SingleThreadIoEventLoop.java:225)
	at io.netty.channel.SingleThreadIoEventLoop.run(SingleThreadIoEventLoop.java:196)
	at io.netty.util.concurrent.SingleThreadEventExecutor$5.run(SingleThreadEventExecutor.java:1204)
	at io.netty.util.internal.ThreadExecutorMap$2.run(ThreadExecutorMap.java:74)
	at io.netty.util.concurrent.FastThreadLocalRunnable.run(FastThreadLocalRunnable.java:30)
	at java.base/java.lang.Thread.run(Thread.java:1583)
00:06:32.314 [multiThreadIoEventLoopGroup-4-2] WARN  io.netty.util.ReferenceCountUtil - Failed to release a message: UnpooledSlicedByteBuf(ridx: 0, widx: 990, cap: 990/990, unwrapped: CycleArenaAllocator$ArenaBuf(ridx: 0, widx: 8192, cap: 8192))
java.lang.IllegalStateException: arena buffer of Thread[#28,multiThreadIoEventLoopGroup-3-3,10,main] touched from Thread[#31,multiThreadIoEventLoopGroup-4-2,10,main] (event-loop arena buffers are thread confined)
	at io.netty.buffer.CycleArenaAllocator$ArenaBuf.violation(CycleArenaAllocator.java:1279)
	at io.netty.buffer.CycleArenaAllocator$ArenaBuf.release(CycleArenaAllocator.java:1208)
	at io.netty.buffer.AbstractDerivedByteBuf.release0(AbstractDerivedByteBuf.java:98)
	at io.netty.buffer.AbstractDerivedByteBuf.release(AbstractDerivedByteBuf.java:94)
	at io.netty.util.ReferenceCountUtil.release(ReferenceCountUtil.java:90)
	at io.netty.util.ReferenceCountUtil.safeRelease(ReferenceCountUtil.java:116)
	at io.netty.channel.ChannelOutboundBuffer.remove(ChannelOutboundBuffer.java:300)
	at io.netty.channel.ChannelOutboundBuffer.removeBytes(ChannelOutboundBuffer.java:382)
	at io.netty.channel.uring.AbstractIoUringStreamChannel$IoUringStreamUnsafe.writeComplete0(AbstractIoUringStreamChannel.java:692)
	at io.netty.channel.uring.IoUringSocketChannel$IoUringSocketUnsafe.writeComplete0(IoUringSocketChannel.java:188)
	at io.netty.channel.uring.AbstractIoUringChannel$AbstractUringUnsafe.writeComplete(AbstractIoUringChannel.java:1003)
	at io.netty.channel.uring.AbstractIoUringChannel$AbstractUringUnsafe.handle(AbstractIoUringChannel.java:474)
	at io.netty.channel.uring.IoUringIoHandler$DefaultIoUringIoRegistration.handle(IoUringIoHandler.java:705)
	at io.netty.channel.uring.IoUringIoHandler.handleFastPath(IoUringIoHandler.java:318)
	at io.netty.channel.uring.IoUringIoHandler.handle(IoUringIoHandler.java:298)
	at io.netty.channel.uring.CompletionQueue.process(CompletionQueue.java:151)
	at io.netty.channel.uring.IoUringIoHandler.processCompletionsAndHandleOverflow(IoUringIoHandler.java:213)
	at io.netty.channel.uring.IoUringIoHandler.run(IoUringIoHandler.java:188)
	at io.netty.channel.SingleThreadIoEventLoop.runIo(SingleThreadIoEventLoop.java:225)
	at io.netty.channel.SingleThreadIoEventLoop.run(SingleThreadIoEventLoop.java:196)
	at io.netty.util.concurrent.SingleThreadEventExecutor$5.run(SingleThreadEventExecutor.java:1204)
	at io.netty.util.internal.ThreadExecutorMap$2.run(ThreadExecutorMap.java:74)
	at io.netty.util.concurrent.FastThreadLocalRunnable.run(FastThreadLocalRunnable.java:30)
	at java.base/java.lang.Thread.run(Thread.java:1583)
00:06:32.314 [multiThreadIoEventLoopGroup-4-2] WARN  io.netty.util.ReferenceCountUtil - Failed to release a message: UnpooledSlicedByteBuf(ridx: 0, widx: 1188, cap: 1188/1188, unwrapped: CycleArenaAllocator$ArenaBuf(ridx: 0, widx: 8192, cap: 8192))
java.lang.IllegalStateException: arena buffer of Thread[#28,multiThreadIoEventLoopGroup-3-3,10,main] touched from Thread[#31,multiThreadIoEventLoopGroup-4-2,10,main] (event-loop arena buffers are thread confined)
	at io.netty.buffer.CycleArenaAllocator$ArenaBuf.violation(CycleArenaAllocator.java:1279)
	at io.netty.buffer.CycleArenaAllocator$ArenaBuf.release(CycleArenaAllocator.java:1208)
	at io.netty.buffer.AbstractDerivedByteBuf.release0(AbstractDerivedByteBuf.java:98)
	at io.netty.buffer.AbstractDerivedByteBuf.release(AbstractDerivedByteBuf.java:94)
	at io.netty.util.ReferenceCountUtil.release(ReferenceCountUtil.java:90)
	at io.netty.util.ReferenceCountUtil.safeRelease(ReferenceCountUtil.java:116)
	at io.netty.channel.ChannelOutboundBuffer.remove(ChannelOutboundBuffer.java:300)
	at io.netty.channel.ChannelOutboundBuffer.removeBytes(ChannelOutboundBuffer.java:382)
	at io.netty.channel.uring.AbstractIoUringStreamChannel$IoUringStreamUnsafe.writeComplete0(AbstractIoUringStreamChannel.java:692)
	at io.netty.channel.uring.IoUringSocketChannel$IoUringSocketUnsafe.writeComplete0(IoUringSocketChannel.java:188)
	at io.netty.channel.uring.AbstractIoUringChannel$AbstractUringUnsafe.writeComplete(AbstractIoUringChannel.java:1003)
	at io.netty.channel.uring.AbstractIoUringChannel$AbstractUringUnsafe.handle(AbstractIoUringChannel.java:474)
	at io.netty.channel.uring.IoUringIoHandler$DefaultIoUringIoRegistration.handle(IoUringIoHandler.java:705)
	at io.netty.channel.uring.IoUringIoHandler.handleFastPath(IoUringIoHandler.java:318)
	at io.netty.channel.uring.IoUringIoHandler.handle(IoUringIoHandler.java:298)
	at io.netty.channel.uring.CompletionQueue.process(CompletionQueue.java:151)
	at io.netty.channel.uring.IoUringIoHandler.processCompletionsAndHandleOverflow(IoUringIoHandler.java:213)
	at io.netty.channel.uring.IoUringIoHandler.run(IoUringIoHandler.java:188)
	at io.netty.channel.SingleThreadIoEventLoop.runIo(SingleThreadIoEventLoop.java:225)
	at io.netty.channel.SingleThreadIoEventLoop.run(SingleThreadIoEventLoop.java:196)
	at io.netty.util.concurrent.SingleThreadEventExecutor$5.run(SingleThreadEventExecutor.java:1204)
	at io.netty.util.internal.ThreadExecutorMap$2.run(ThreadExecutorMap.java:74)
	at io.netty.util.concurrent.FastThreadLocalRunnable.run(FastThreadLocalRunnable.java:30)
	at java.base/java.lang.Thread.run(Thread.java:1583)
00:06:32.314 [multiThreadIoEventLoopGroup-4-1] WARN  io.netty.util.ReferenceCountUtil - Failed to release a message: UnpooledSlicedByteBuf(ridx: 0, widx: 792, cap: 792/792, unwrapped: CycleArenaAllocator$ArenaBuf(ridx: 0, widx: 8192, cap: 8192))
java.lang.IllegalStateException: arena buffer of Thread[#27,multiThreadIoEventLoopGroup-3-2,10,main] touched from Thread[#30,multiThreadIoEventLoopGroup-4-1,10,main] (event-loop arena buffers are thread confined)
	at io.netty.buffer.CycleArenaAllocator$ArenaBuf.violation(CycleArenaAllocator.java:1279)
	at io.netty.buffer.CycleArenaAllocator$ArenaBuf.release(CycleArenaAllocator.java:1208)
	at io.netty.buffer.AbstractDerivedByteBuf.release0(AbstractDerivedByteBuf.java:98)
	at io.netty.buffer.AbstractDerivedByteBuf.release(AbstractDerivedByteBuf.java:94)
	at io.netty.util.ReferenceCountUtil.release(ReferenceCountUtil.java:90)
	at io.netty.util.ReferenceCountUtil.safeRelease(ReferenceCountUtil.java:116)
	at io.netty.channel.ChannelOutboundBuffer.remove(ChannelOutboundBuffer.java:300)
	at io.netty.channel.ChannelOutboundBuffer.removeBytes(ChannelOutboundBuffer.java:382)
	at io.netty.channel.uring.AbstractIoUringStreamChannel$IoUringStreamUnsafe.writeComplete0(AbstractIoUringStreamChannel.java:692)
	at io.netty.channel.uring.IoUringSocketChannel$IoUringSocketUnsafe.writeComplete0(IoUringSocketChannel.java:188)
	at io.netty.channel.uring.AbstractIoUringChannel$AbstractUringUnsafe.writeComplete(AbstractIoUringChannel.java:1003)
	at io.netty.channel.uring.AbstractIoUringChannel$AbstractUringUnsafe.handle(AbstractIoUringChannel.java:474)
	at io.netty.channel.uring.IoUringIoHandler$DefaultIoUringIoRegistration.handle(IoUringIoHandler.java:705)
	at io.netty.channel.uring.IoUringIoHandler.handleFastPath(IoUringIoHandler.java:318)
	at io.netty.channel.uring.IoUringIoHandler.handle(IoUringIoHandler.java:298)
	at io.netty.channel.uring.CompletionQueue.process(CompletionQueue.java:151)
	at io.netty.channel.uring.IoUringIoHandler.processCompletionsAndHandleOverflow(IoUringIoHandler.java:213)
	at io.netty.channel.uring.IoUringIoHandler.run(IoUringIoHandler.java:188)
	at io.netty.channel.SingleThreadIoEventLoop.runIo(SingleThreadIoEventLoop.java:225)
	at io.netty.channel.SingleThreadIoEventLoop.run(SingleThreadIoEventLoop.java:196)
	at io.netty.util.concurrent.SingleThreadEventExecutor$5.run(SingleThreadEventExecutor.java:1204)
	at io.netty.util.internal.ThreadExecutorMap$2.run(ThreadExecutorMap.java:74)
	at io.netty.util.concurrent.FastThreadLocalRunnable.run(FastThreadLocalRunnable.java:30)
	at java.base/java.lang.Thread.run(Thread.java:1583)
00:06:32.314 [multiThreadIoEventLoopGroup-4-2] WARN  io.netty.util.ReferenceCountUtil - Failed to release a message: UnpooledSlicedByteBuf(ridx: 0, widx: 990, cap: 990/990, unwrapped: CycleArenaAllocator$ArenaBuf(ridx: 0, widx: 8192, cap: 8192))
java.lang.IllegalStateException: arena buffer of Thread[#29,multiThreadIoEventLoopGroup-3-4,10,main] touched from Thread[#31,multiThreadIoEventLoopGroup-4-2,10,main] (event-loop arena buffers are thread confined)
	at io.netty.buffer.CycleArenaAllocator$ArenaBuf.violation(CycleArenaAllocator.java:1279)
	at io.netty.buffer.CycleArenaAllocator$ArenaBuf.release(CycleArenaAllocator.java:1208)
	at io.netty.buffer.AbstractDerivedByteBuf.release0(AbstractDerivedByteBuf.java:98)
	at io.netty.buffer.AbstractDerivedByteBuf.release(AbstractDerivedByteBuf.java:94)
	at io.netty.util.ReferenceCountUtil.release(ReferenceCountUtil.java:90)
	at io.netty.util.ReferenceCountUtil.safeRelease(ReferenceCountUtil.java:116)
	at io.netty.channel.ChannelOutboundBuffer.remove(ChannelOutboundBuffer.java:300)
	at io.netty.channel.ChannelOutboundBuffer.removeBytes(ChannelOutboundBuffer.java:382)
	at io.netty.channel.uring.AbstractIoUringStreamChannel$IoUringStreamUnsafe.writeComplete0(AbstractIoUringStreamChannel.java:692)
	at io.netty.channel.uring.IoUringSocketChannel$IoUringSocketUnsafe.writeComplete0(IoUringSocketChannel.java:188)
	at io.netty.channel.uring.AbstractIoUringChannel$AbstractUringUnsafe.writeComplete(AbstractIoUringChannel.java:1003)
	at io.netty.channel.uring.AbstractIoUringChannel$AbstractUringUnsafe.handle(AbstractIoUringChannel.java:474)
	at io.netty.channel.uring.IoUringIoHandler$DefaultIoUringIoRegistration.handle(IoUringIoHandler.java:705)
	at io.netty.channel.uring.IoUringIoHandler.handleFastPath(IoUringIoHandler.java:318)
	at io.netty.channel.uring.IoUringIoHandler.handle(IoUringIoHandler.java:298)
	at io.netty.channel.uring.CompletionQueue.process(CompletionQueue.java:151)
	at io.netty.channel.uring.IoUringIoHandler.processCompletionsAndHandleOverflow(IoUringIoHandler.java:213)
	at io.netty.channel.uring.IoUringIoHandler.run(IoUringIoHandler.java:188)
	at io.netty.channel.SingleThreadIoEventLoop.runIo(SingleThreadIoEventLoop.java:225)
	at io.netty.channel.SingleThreadIoEventLoop.run(SingleThreadIoEventLoop.java:196)
	at io.netty.util.concurrent.SingleThreadEventExecutor$5.run(SingleThreadEventExecutor.java:1204)
	at io.netty.util.internal.ThreadExecutorMap$2.run(ThreadExecutorMap.java:74)
	at io.netty.util.concurrent.FastThreadLocalRunnable.run(FastThreadLocalRunnable.java:30)
	at java.base/java.lang.Thread.run(Thread.java:1583)
00:06:32.314 [multiThreadIoEventLoopGroup-4-1] WARN  io.netty.util.ReferenceCountUtil - Failed to release a message: UnpooledSlicedByteBuf(ridx: 0, widx: 1386, cap: 1386/1386, unwrapped: CycleArenaAllocator$ArenaBuf(ridx: 0, widx: 8192, cap: 8192))
java.lang.IllegalStateException: arena buffer of Thread[#28,multiThreadIoEventLoopGroup-3-3,10,main] touched from Thread[#30,multiThreadIoEventLoopGroup-4-1,10,main] (event-loop arena buffers are thread confined)
	at io.netty.buffer.CycleArenaAllocator$ArenaBuf.violation(CycleArenaAllocator.java:1279)
	at io.netty.buffer.CycleArenaAllocator$ArenaBuf.release(CycleArenaAllocator.java:1208)
	at io.netty.buffer.AbstractDerivedByteBuf.release0(AbstractDerivedByteBuf.java:98)
	at io.netty.buffer.AbstractDerivedByteBuf.release(AbstractDerivedByteBuf.java:94)
	at io.netty.util.ReferenceCountUtil.release(ReferenceCountUtil.java:90)
	at io.netty.util.ReferenceCountUtil.safeRelease(ReferenceCountUtil.java:116)
	at io.netty.channel.ChannelOutboundBuffer.remove(ChannelOutboundBuffer.java:300)
	at io.netty.channel.ChannelOutboundBuffer.removeBytes(ChannelOutboundBuffer.java:382)
	at io.netty.channel.uring.AbstractIoUringStreamChannel$IoUringStreamUnsafe.writeComplete0(AbstractIoUringStreamChannel.java:692)
	at io.netty.channel.uring.IoUringSocketChannel$IoUringSocketUnsafe.writeComplete0(IoUringSocketChannel.java:188)
	at io.netty.channel.uring.AbstractIoUringChannel$AbstractUringUnsafe.writeComplete(AbstractIoUringChannel.java:1003)
	at io.netty.channel.uring.AbstractIoUringChannel$AbstractUringUnsafe.handle(AbstractIoUringChannel.java:474)
	at io.netty.channel.uring.IoUringIoHandler$DefaultIoUringIoRegistration.handle(IoUringIoHandler.java:705)
	at io.netty.channel.uring.IoUringIoHandler.handleFastPath(IoUringIoHandler.java:318)
	at io.netty.channel.uring.IoUringIoHandler.handle(IoUringIoHandler.java:298)
	at io.netty.channel.uring.CompletionQueue.process(CompletionQueue.java:151)
	at io.netty.channel.uring.IoUringIoHandler.processCompletionsAndHandleOverflow(IoUringIoHandler.java:213)
	at io.netty.channel.uring.IoUringIoHandler.run(IoUringIoHandler.java:188)
	at io.netty.channel.SingleThreadIoEventLoop.runIo(SingleThreadIoEventLoop.java:225)
	at io.netty.channel.SingleThreadIoEventLoop.run(SingleThreadIoEventLoop.java:196)
	at io.netty.util.concurrent.SingleThreadEventExecutor$5.run(SingleThreadEventExecutor.java:1204)
	at io.netty.util.internal.ThreadExecutorMap$2.run(ThreadExecutorMap.java:74)
	at io.netty.util.concurrent.FastThreadLocalRunnable.run(FastThreadLocalRunnable.java:30)
	at java.base/java.lang.Thread.run(Thread.java:1583)
00:06:32.314 [multiThreadIoEventLoopGroup-4-2] WARN  io.netty.util.ReferenceCountUtil - Failed to release a message: UnpooledSlicedByteBuf(ridx: 0, widx: 990, cap: 990/990, unwrapped: CycleArenaAllocator$ArenaBuf(ridx: 0, widx: 8192, cap: 8192))
java.lang.IllegalStateException: arena buffer of Thread[#26,multiThreadIoEventLoopGroup-3-1,10,main] touched from Thread[#31,multiThreadIoEventLoopGroup-4-2,10,main] (event-loop arena buffers are thread confined)
	at io.netty.buffer.CycleArenaAllocator$ArenaBuf.violation(CycleArenaAllocator.java:1279)
	at io.netty.buffer.CycleArenaAllocator$ArenaBuf.release(CycleArenaAllocator.java:1208)
	at io.netty.buffer.AbstractDerivedByteBuf.release0(AbstractDerivedByteBuf.java:98)
	at io.netty.buffer.AbstractDerivedByteBuf.release(AbstractDerivedByteBuf.java:94)
	at io.netty.util.ReferenceCountUtil.release(ReferenceCountUtil.java:90)
	at io.netty.util.ReferenceCountUtil.safeRelease(ReferenceCountUtil.java:116)
	at io.netty.channel.ChannelOutboundBuffer.remove(ChannelOutboundBuffer.java:300)
	at io.netty.channel.ChannelOutboundBuffer.removeBytes(ChannelOutboundBuffer.java:382)
	at io.netty.channel.uring.AbstractIoUringStreamChannel$IoUringStreamUnsafe.writeComplete0(AbstractIoUringStreamChannel.java:692)
	at io.netty.channel.uring.IoUringSocketChannel$IoUringSocketUnsafe.writeComplete0(IoUringSocketChannel.java:188)
	at io.netty.channel.uring.AbstractIoUringChannel$AbstractUringUnsafe.writeComplete(AbstractIoUringChannel.java:1003)
	at io.netty.channel.uring.AbstractIoUringChannel$AbstractUringUnsafe.handle(AbstractIoUringChannel.java:474)
	at io.netty.channel.uring.IoUringIoHandler$DefaultIoUringIoRegistration.handle(IoUringIoHandler.java:705)
	at io.netty.channel.uring.IoUringIoHandler.handleFastPath(IoUringIoHandler.java:318)
	at io.netty.channel.uring.IoUringIoHandler.handle(IoUringIoHandler.java:298)
	at io.netty.channel.uring.CompletionQueue.process(CompletionQueue.java:151)
	at io.netty.channel.uring.IoUringIoHandler.processCompletionsAndHandleOverflow(IoUringIoHandler.java:213)
	at io.netty.channel.uring.IoUringIoHandler.run(IoUringIoHandler.java:188)
	at io.netty.channel.SingleThreadIoEventLoop.runIo(SingleThreadIoEventLoop.java:225)
	at io.netty.channel.SingleThreadIoEventLoop.run(SingleThreadIoEventLoop.java:196)
	at io.netty.util.concurrent.SingleThreadEventExecutor$5.run(SingleThreadEventExecutor.java:1204)
	at io.netty.util.internal.ThreadExecutorMap$2.run(ThreadExecutorMap.java:74)
	at io.netty.util.concurrent.FastThreadLocalRunnable.run(FastThreadLocalRunnable.java:30)
	at java.base/java.lang.Thread.run(Thread.java:1583)
00:06:32.314 [multiThreadIoEventLoopGroup-4-1] WARN  io.netty.util.ReferenceCountUtil - Failed to release a message: UnpooledSlicedByteBuf(ridx: 0, widx: 1584, cap: 1584/1584, unwrapped: CycleArenaAllocator$ArenaBuf(ridx: 0, widx: 8192, cap: 8192))
java.lang.IllegalStateException: arena buffer of Thread[#28,multiThreadIoEventLoopGroup-3-3,10,main] touched from Thread[#30,multiThreadIoEventLoopGroup-4-1,10,main] (event-loop arena buffers are thread confined)
	at io.netty.buffer.CycleArenaAllocator$ArenaBuf.violation(CycleArenaAllocator.java:1279)
	at io.netty.buffer.CycleArenaAllocator$ArenaBuf.release(CycleArenaAllocator.java:1208)
	at io.netty.buffer.AbstractDerivedByteBuf.release0(AbstractDerivedByteBuf.java:98)
	at io.netty.buffer.AbstractDerivedByteBuf.release(AbstractDerivedByteBuf.java:94)
	at io.netty.util.ReferenceCountUtil.release(ReferenceCountUtil.java:90)
	at io.netty.util.ReferenceCountUtil.safeRelease(ReferenceCountUtil.java:116)
	at io.netty.channel.ChannelOutboundBuffer.remove(ChannelOutboundBuffer.java:300)
	at io.netty.channel.ChannelOutboundBuffer.removeBytes(ChannelOutboundBuffer.java:382)
	at io.netty.channel.uring.AbstractIoUringStreamChannel$IoUringStreamUnsafe.writeComplete0(AbstractIoUringStreamChannel.java:692)
	at io.netty.channel.uring.IoUringSocketChannel$IoUringSocketUnsafe.writeComplete0(IoUringSocketChannel.java:188)
	at io.netty.channel.uring.AbstractIoUringChannel$AbstractUringUnsafe.writeComplete(AbstractIoUringChannel.java:1003)
	at io.netty.channel.uring.AbstractIoUringChannel$AbstractUringUnsafe.handle(AbstractIoUringChannel.java:474)
	at io.netty.channel.uring.IoUringIoHandler$DefaultIoUringIoRegistration.handle(IoUringIoHandler.java:705)
	at io.netty.channel.uring.IoUringIoHandler.handleFastPath(IoUringIoHandler.java:318)
	at io.netty.channel.uring.IoUringIoHandler.handle(IoUringIoHandler.java:298)
	at io.netty.channel.uring.CompletionQueue.process(CompletionQueue.java:151)
	at io.netty.channel.uring.IoUringIoHandler.processCompletionsAndHandleOverflow(IoUringIoHandler.java:213)
	at io.netty.channel.uring.IoUringIoHandler.run(IoUringIoHandler.java:188)
	at io.netty.channel.SingleThreadIoEventLoop.runIo(SingleThreadIoEventLoop.java:225)
	at io.netty.channel.SingleThreadIoEventLoop.run(SingleThreadIoEventLoop.java:196)
	at io.netty.util.concurrent.SingleThreadEventExecutor$5.run(SingleThreadEventExecutor.java:1204)
	at io.netty.util.internal.ThreadExecutorMap$2.run(ThreadExecutorMap.java:74)
	at io.netty.util.concurrent.FastThreadLocalRunnable.run(FastThreadLocalRunnable.java:30)
	at java.base/java.lang.Thread.run(Thread.java:1583)
00:06:32.314 [multiThreadIoEventLoopGroup-4-1] WARN  io.netty.util.ReferenceCountUtil - Failed to release a message: UnpooledSlicedByteBuf(ridx: 0, widx: 1188, cap: 1188/1188, unwrapped: CycleArenaAllocator$ArenaBuf(ridx: 0, widx: 8192, cap: 8192))
java.lang.IllegalStateException: arena buffer of Thread[#26,multiThreadIoEventLoopGroup-3-1,10,main] touched from Thread[#30,multiThreadIoEventLoopGroup-4-1,10,main] (event-loop arena buffers are thread confined)
	at io.netty.buffer.CycleArenaAllocator$ArenaBuf.violation(CycleArenaAllocator.java:1279)
	at io.netty.buffer.CycleArenaAllocator$ArenaBuf.release(CycleArenaAllocator.java:1208)
	at io.netty.buffer.AbstractDerivedByteBuf.release0(AbstractDerivedByteBuf.java:98)
	at io.netty.buffer.AbstractDerivedByteBuf.release(AbstractDerivedByteBuf.java:94)
	at io.netty.util.ReferenceCountUtil.release(ReferenceCountUtil.java:90)
	at io.netty.util.ReferenceCountUtil.safeRelease(ReferenceCountUtil.java:116)
	at io.netty.channel.ChannelOutboundBuffer.remove(ChannelOutboundBuffer.java:300)
	at io.netty.channel.ChannelOutboundBuffer.removeBytes(ChannelOutboundBuffer.java:382)
	at io.netty.channel.uring.AbstractIoUringStreamChannel$IoUringStreamUnsafe.writeComplete0(AbstractIoUringStreamChannel.java:692)
	at io.netty.channel.uring.IoUringSocketChannel$IoUringSocketUnsafe.writeComplete0(IoUringSocketChannel.java:188)
	at io.netty.channel.uring.AbstractIoUringChannel$AbstractUringUnsafe.writeComplete(AbstractIoUringChannel.java:1003)
	at io.netty.channel.uring.AbstractIoUringChannel$AbstractUringUnsafe.handle(AbstractIoUringChannel.java:474)
	at io.netty.channel.uring.IoUringIoHandler$DefaultIoUringIoRegistration.handle(IoUringIoHandler.java:705)
	at io.netty.channel.uring.IoUringIoHandler.handleFastPath(IoUringIoHandler.java:318)
	at io.netty.channel.uring.IoUringIoHandler.handle(IoUringIoHandler.java:298)
	at io.netty.channel.uring.CompletionQueue.process(CompletionQueue.java:151)
	at io.netty.channel.uring.IoUringIoHandler.processCompletionsAndHandleOverflow(IoUringIoHandler.java:213)
	at io.netty.channel.uring.IoUringIoHandler.run(IoUringIoHandler.java:188)
	at io.netty.channel.SingleThreadIoEventLoop.runIo(SingleThreadIoEventLoop.java:225)
	at io.netty.channel.SingleThreadIoEventLoop.run(SingleThreadIoEventLoop.java:196)
	at io.netty.util.concurrent.SingleThreadEventExecutor$5.run(SingleThreadEventExecutor.java:1204)
	at io.netty.util.internal.ThreadExecutorMap$2.run(ThreadExecutorMap.java:74)
	at io.netty.util.concurrent.FastThreadLocalRunnable.run(FastThreadLocalRunnable.java:30)
	at java.base/java.lang.Thread.run(Thread.java:1583)
00:06:32.314 [multiThreadIoEventLoopGroup-3-3] WARN  i.n.channel.uring.IoUringIoHandler - Unexpected exception in the IO event loop.
java.lang.IllegalStateException: arena buffer of Thread[#31,multiThreadIoEventLoopGroup-4-2,10,main] touched from Thread[#28,multiThreadIoEventLoopGroup-3-3,10,main] (event-loop arena buffers are thread confined)
	at io.netty.buffer.CycleArenaAllocator$ArenaBuf.violation(CycleArenaAllocator.java:1279)
	at io.netty.buffer.CycleArenaAllocator$ArenaBuf.retain(CycleArenaAllocator.java:1182)
	at io.netty.buffer.AbstractDerivedByteBuf.retain0(AbstractDerivedByteBuf.java:58)
	at io.netty.buffer.AbstractDerivedByteBuf.retain(AbstractDerivedByteBuf.java:54)
	at io.netty.channel.uring.IoUringSocketChannel$IoUringSocketUnsafe.handleWriteCompleteZeroCopy(IoUringSocketChannel.java:220)
	at io.netty.channel.uring.IoUringSocketChannel$IoUringSocketUnsafe.writeComplete0(IoUringSocketChannel.java:186)
	at io.netty.channel.uring.AbstractIoUringChannel$AbstractUringUnsafe.writeComplete(AbstractIoUringChannel.java:1003)
	at io.netty.channel.uring.AbstractIoUringChannel$AbstractUringUnsafe.handle(AbstractIoUringChannel.java:474)
	at io.netty.channel.uring.IoUringIoHandler$DefaultIoUringIoRegistration.handle(IoUringIoHandler.java:705)
	at io.netty.channel.uring.IoUringIoHandler.handleFastPath(IoUringIoHandler.java:318)
	at io.netty.channel.uring.IoUringIoHandler.handle(IoUringIoHandler.java:298)
	at io.netty.channel.uring.CompletionQueue.process(CompletionQueue.java:151)
	at io.netty.channel.uring.IoUringIoHandler.processCompletionsAndHandleOverflow(IoUringIoHandler.java:213)
	at io.netty.channel.uring.IoUringIoHandler.run(IoUringIoHandler.java:188)
	at io.netty.channel.SingleThreadIoEventLoop.runIo(SingleThreadIoEventLoop.java:225)
	at io.netty.channel.SingleThreadIoEventLoop.run(SingleThreadIoEventLoop.java:196)
	at io.netty.util.concurrent.SingleThreadEventExecutor$5.run(SingleThreadEventExecutor.java:1204)
	at io.netty.util.internal.ThreadExecutorMap$2.run(ThreadExecutorMap.java:74)
	at io.netty.util.concurrent.FastThreadLocalRunnable.run(FastThreadLocalRunnable.java:30)
	at java.base/java.lang.Thread.run(Thread.java:1583)
00:06:32.314 [multiThreadIoEventLoopGroup-3-1] WARN  io.netty.util.ReferenceCountUtil - Failed to release a message: UnpooledSlicedByteBuf(ridx: 0, widx: 3666, cap: 3666/3666, unwrapped: CycleArenaAllocator$ArenaBuf(ridx: 0, widx: 8192, cap: 8192))
java.lang.IllegalStateException: arena buffer of Thread[#31,multiThreadIoEventLoopGroup-4-2,10,main] touched from Thread[#26,multiThreadIoEventLoopGroup-3-1,10,main] (event-loop arena buffers are thread confined)
	at io.netty.buffer.CycleArenaAllocator$ArenaBuf.violation(CycleArenaAllocator.java:1279)
	at io.netty.buffer.CycleArenaAllocator$ArenaBuf.release(CycleArenaAllocator.java:1208)
	at io.netty.buffer.AbstractDerivedByteBuf.release0(AbstractDerivedByteBuf.java:98)
	at io.netty.buffer.AbstractDerivedByteBuf.release(AbstractDerivedByteBuf.java:94)
	at io.netty.util.ReferenceCountUtil.release(ReferenceCountUtil.java:90)
	at io.netty.util.ReferenceCountUtil.safeRelease(ReferenceCountUtil.java:116)
	at io.netty.channel.ChannelOutboundBuffer.remove(ChannelOutboundBuffer.java:300)
	at io.netty.channel.ChannelOutboundBuffer.removeBytes(ChannelOutboundBuffer.java:382)
	at io.netty.channel.uring.AbstractIoUringStreamChannel$IoUringStreamUnsafe.writeComplete0(AbstractIoUringStreamChannel.java:692)
	at io.netty.channel.uring.IoUringSocketChannel$IoUringSocketUnsafe.writeComplete0(IoUringSocketChannel.java:188)
	at io.netty.channel.uring.AbstractIoUringChannel$AbstractUringUnsafe.writeComplete(AbstractIoUringChannel.java:1003)
	at io.netty.channel.uring.AbstractIoUringChannel$AbstractUringUnsafe.handle(AbstractIoUringChannel.java:474)
	at io.netty.channel.uring.IoUringIoHandler$DefaultIoUringIoRegistration.handle(IoUringIoHandler.java:705)
	at io.netty.channel.uring.IoUringIoHandler.handleFastPath(IoUringIoHandler.java:318)
	at io.netty.channel.uring.IoUringIoHandler.handle(IoUringIoHandler.java:298)
	at io.netty.channel.uring.CompletionQueue.process(CompletionQueue.java:151)
	at io.netty.channel.uring.IoUringIoHandler.processCompletionsAndHandleOverflow(IoUringIoHandler.java:213)
	at io.netty.channel.uring.IoUringIoHandler.run(IoUringIoHandler.java:188)
	at io.netty.channel.SingleThreadIoEventLoop.runIo(SingleThreadIoEventLoop.java:225)
	at io.netty.channel.SingleThreadIoEventLoop.run(SingleThreadIoEventLoop.java:196)
	at io.netty.util.concurrent.SingleThreadEventExecutor$5.run(SingleThreadEventExecutor.java:1204)
	at io.netty.util.internal.ThreadExecutorMap$2.run(ThreadExecutorMap.java:74)
	at io.netty.util.concurrent.FastThreadLocalRunnable.run(FastThreadLocalRunnable.java:30)
	at java.base/java.lang.Thread.run(Thread.java:1583)
00:06:32.314 [multiThreadIoEventLoopGroup-3-4] WARN  i.n.channel.uring.IoUringIoHandler - Unexpected exception in the IO event loop.
java.lang.IllegalStateException: arena buffer of Thread[#32,multiThreadIoEventLoopGroup-4-3,10,main] touched from Thread[#29,multiThreadIoEventLoopGroup-3-4,10,main] (event-loop arena buffers are thread confined)
	at io.netty.buffer.CycleArenaAllocator$ArenaBuf.violation(CycleArenaAllocator.java:1279)
	at io.netty.buffer.CycleArenaAllocator$ArenaBuf.release(CycleArenaAllocator.java:1208)
	at io.netty.buffer.AbstractDerivedByteBuf.release0(AbstractDerivedByteBuf.java:98)
	at io.netty.buffer.AbstractDerivedByteBuf.release(AbstractDerivedByteBuf.java:94)
	at io.netty.channel.uring.IoUringSocketChannel$IoUringSocketUnsafe.handleWriteCompleteZeroCopy(IoUringSocketChannel.java:289)
	at io.netty.channel.uring.IoUringSocketChannel$IoUringSocketUnsafe.writeComplete0(IoUringSocketChannel.java:186)
	at io.netty.channel.uring.AbstractIoUringChannel$AbstractUringUnsafe.writeComplete(AbstractIoUringChannel.java:1003)
	at io.netty.channel.uring.AbstractIoUringChannel$AbstractUringUnsafe.handle(AbstractIoUringChannel.java:474)
	at io.netty.channel.uring.IoUringIoHandler$DefaultIoUringIoRegistration.handle(IoUringIoHandler.java:705)
	at io.netty.channel.uring.IoUringIoHandler.handleFastPath(IoUringIoHandler.java:318)
	at io.netty.channel.uring.IoUringIoHandler.handle(IoUringIoHandler.java:298)
	at io.netty.channel.uring.CompletionQueue.process(CompletionQueue.java:151)
	at io.netty.channel.uring.IoUringIoHandler.processCompletionsAndHandleOverflow(IoUringIoHandler.java:213)
	at io.netty.channel.uring.IoUringIoHandler.run(IoUringIoHandler.java:188)
	at io.netty.channel.SingleThreadIoEventLoop.runIo(SingleThreadIoEventLoop.java:225)
	at io.netty.channel.SingleThreadIoEventLoop.run(SingleThreadIoEventLoop.java:196)
	at io.netty.util.concurrent.SingleThreadEventExecutor$5.run(SingleThreadEventExecutor.java:1204)
	at io.netty.util.internal.ThreadExecutorMap$2.run(ThreadExecutorMap.java:74)
	at io.netty.util.concurrent.FastThreadLocalRunnable.run(FastThreadLocalRunnable.java:30)
	at java.base/java.lang.Thread.run(Thread.java:1583)
00:06:32.314 [multiThreadIoEventLoopGroup-3-2] WARN  i.n.channel.uring.IoUringIoHandler - Unexpected exception in the IO event loop.
java.lang.IllegalStateException: arena buffer of Thread[#32,multiThreadIoEventLoopGroup-4-3,10,main] touched from Thread[#27,multiThreadIoEventLoopGroup-3-2,10,main] (event-loop arena buffers are thread confined)
	at io.netty.buffer.CycleArenaAllocator$ArenaBuf.violation(CycleArenaAllocator.java:1279)
	at io.netty.buffer.CycleArenaAllocator$ArenaBuf.release(CycleArenaAllocator.java:1208)
	at io.netty.buffer.AbstractDerivedByteBuf.release0(AbstractDerivedByteBuf.java:98)
	at io.netty.buffer.AbstractDerivedByteBuf.release(AbstractDerivedByteBuf.java:94)
	at io.netty.channel.uring.IoUringSocketChannel$IoUringSocketUnsafe.handleWriteCompleteZeroCopy(IoUringSocketChannel.java:289)
	at io.netty.channel.uring.IoUringSocketChannel$IoUringSocketUnsafe.writeComplete0(IoUringSocketChannel.java:186)
	at io.netty.channel.uring.AbstractIoUringChannel$AbstractUringUnsafe.writeComplete(AbstractIoUringChannel.java:1003)
	at io.netty.channel.uring.AbstractIoUringChannel$AbstractUringUnsafe.handle(AbstractIoUringChannel.java:474)
	at io.netty.channel.uring.IoUringIoHandler$DefaultIoUringIoRegistration.handle(IoUringIoHandler.java:705)
	at io.netty.channel.uring.IoUringIoHandler.handleFastPath(IoUringIoHandler.java:318)
	at io.netty.channel.uring.IoUringIoHandler.handle(IoUringIoHandler.java:298)
	at io.netty.channel.uring.CompletionQueue.process(CompletionQueue.java:151)
	at io.netty.channel.uring.IoUringIoHandler.processCompletionsAndHandleOverflow(IoUringIoHandler.java:213)
	at io.netty.channel.uring.IoUringIoHandler.run(IoUringIoHandler.java:188)
	at io.netty.channel.SingleThreadIoEventLoop.runIo(SingleThreadIoEventLoop.java:225)
	at io.netty.channel.SingleThreadIoEventLoop.run(SingleThreadIoEventLoop.java:196)
	at io.netty.util.concurrent.SingleThreadEventExecutor$5.run(SingleThreadEventExecutor.java:1204)
	at io.netty.util.internal.ThreadExecutorMap$2.run(ThreadExecutorMap.java:74)
	at io.netty.util.concurrent.FastThreadLocalRunnable.run(FastThreadLocalRunnable.java:30)
	at java.base/java.lang.Thread.run(Thread.java:1583)
00:06:32.315 [multiThreadIoEventLoopGroup-3-1] WARN  i.n.channel.uring.IoUringIoHandler - Unexpected exception in the IO event loop.
java.lang.IllegalStateException: arena buffer of Thread[#30,multiThreadIoEventLoopGroup-4-1,10,main] touched from Thread[#26,multiThreadIoEventLoopGroup-3-1,10,main] (event-loop arena buffers are thread confined)
	at io.netty.buffer.CycleArenaAllocator$ArenaBuf.violation(CycleArenaAllocator.java:1279)
	at io.netty.buffer.CycleArenaAllocator$ArenaBuf.retain(CycleArenaAllocator.java:1182)
	at io.netty.buffer.AbstractDerivedByteBuf.retain0(AbstractDerivedByteBuf.java:58)
	at io.netty.buffer.AbstractDerivedByteBuf.retain(AbstractDerivedByteBuf.java:54)
	at io.netty.channel.uring.IoUringSocketChannel$IoUringSocketUnsafe.handleWriteCompleteZeroCopy(IoUringSocketChannel.java:220)
	at io.netty.channel.uring.IoUringSocketChannel$IoUringSocketUnsafe.writeComplete0(IoUringSocketChannel.java:186)
	at io.netty.channel.uring.AbstractIoUringChannel$AbstractUringUnsafe.writeComplete(AbstractIoUringChannel.java:1003)
	at io.netty.channel.uring.AbstractIoUringChannel$AbstractUringUnsafe.handle(AbstractIoUringChannel.java:474)
	at io.netty.channel.uring.IoUringIoHandler$DefaultIoUringIoRegistration.handle(IoUringIoHandler.java:705)
	at io.netty.channel.uring.IoUringIoHandler.handleFastPath(IoUringIoHandler.java:318)
	at io.netty.channel.uring.IoUringIoHandler.handle(IoUringIoHandler.java:298)
	at io.netty.channel.uring.CompletionQueue.process(CompletionQueue.java:151)
	at io.netty.channel.uring.IoUringIoHandler.processCompletionsAndHandleOverflow(IoUringIoHandler.java:213)
	at io.netty.channel.uring.IoUringIoHandler.run(IoUringIoHandler.java:188)
	at io.netty.channel.SingleThreadIoEventLoop.runIo(SingleThreadIoEventLoop.java:225)
	at io.netty.channel.SingleThreadIoEventLoop.run(SingleThreadIoEventLoop.java:196)
	at io.netty.util.concurrent.SingleThreadEventExecutor$5.run(SingleThreadEventExecutor.java:1204)
	at io.netty.util.internal.ThreadExecutorMap$2.run(ThreadExecutorMap.java:74)
	at io.netty.util.concurrent.FastThreadLocalRunnable.run(FastThreadLocalRunnable.java:30)
	at java.base/java.lang.Thread.run(Thread.java:1583)
00:06:32.315 [multiThreadIoEventLoopGroup-4-3] WARN  i.n.channel.uring.IoUringIoHandler - Unexpected exception in the IO event loop.
java.lang.IllegalStateException: arena buffer of Thread[#26,multiThreadIoEventLoopGroup-3-1,10,main] touched from Thread[#32,multiThreadIoEventLoopGroup-4-3,10,main] (event-loop arena buffers are thread confined)
	at io.netty.buffer.CycleArenaAllocator$ArenaBuf.violation(CycleArenaAllocator.java:1279)
	at io.netty.buffer.CycleArenaAllocator$ArenaBuf.retain(CycleArenaAllocator.java:1182)
	at io.netty.buffer.AbstractDerivedByteBuf.retain0(AbstractDerivedByteBuf.java:58)
	at io.netty.buffer.AbstractDerivedByteBuf.retain(AbstractDerivedByteBuf.java:54)
	at io.netty.channel.uring.IoUringSocketChannel$IoUringSocketUnsafe.handleWriteCompleteZeroCopy(IoUringSocketChannel.java:220)
	at io.netty.channel.uring.IoUringSocketChannel$IoUringSocketUnsafe.writeComplete0(IoUringSocketChannel.java:186)
	at io.netty.channel.uring.AbstractIoUringChannel$AbstractUringUnsafe.writeComplete(AbstractIoUringChannel.java:1003)
	at io.netty.channel.uring.AbstractIoUringChannel$AbstractUringUnsafe.handle(AbstractIoUringChannel.java:474)
	at io.netty.channel.uring.IoUringIoHandler$DefaultIoUringIoRegistration.handle(IoUringIoHandler.java:705)
	at io.netty.channel.uring.IoUringIoHandler.handleFastPath(IoUringIoHandler.java:318)
	at io.netty.channel.uring.IoUringIoHandler.handle(IoUringIoHandler.java:298)
	at io.netty.channel.uring.CompletionQueue.process(CompletionQueue.java:151)
	at io.netty.channel.uring.IoUringIoHandler.processCompletionsAndHandleOverflow(IoUringIoHandler.java:213)
	at io.netty.channel.uring.IoUringIoHandler.run(IoUringIoHandler.java:188)
	at io.netty.channel.SingleThreadIoEventLoop.runIo(SingleThreadIoEventLoop.java:225)
	at io.netty.channel.SingleThreadIoEventLoop.run(SingleThreadIoEventLoop.java:196)
	at io.netty.util.concurrent.SingleThreadEventExecutor$5.run(SingleThreadEventExecutor.java:1204)
	at io.netty.util.internal.ThreadExecutorMap$2.run(ThreadExecutorMap.java:74)
	at io.netty.util.concurrent.FastThreadLocalRunnable.run(FastThreadLocalRunnable.java:30)
	at java.base/java.lang.Thread.run(Thread.java:1583)
00:06:32.414 [multiThreadIoEventLoopGroup-4-4] WARN  i.n.channel.uring.IoUringIoHandler - Unexpected exception in the IO event loop.
java.lang.IllegalStateException: arena buffer of Thread[#27,multiThreadIoEventLoopGroup-3-2,10,main] touched from Thread[#33,multiThreadIoEventLoopGroup-4-4,10,main] (event-loop arena buffers are thread confined)
	at io.netty.buffer.CycleArenaAllocator$ArenaBuf.violation(CycleArenaAllocator.java:1279)
	at io.netty.buffer.CycleArenaAllocator$ArenaBuf.release(CycleArenaAllocator.java:1208)
	at io.netty.buffer.AbstractDerivedByteBuf.release0(AbstractDerivedByteBuf.java:98)
	at io.netty.buffer.AbstractDerivedByteBuf.release(AbstractDerivedByteBuf.java:94)
	at io.netty.channel.uring.IoUringSocketChannel$IoUringSocketUnsafe.handleWriteCompleteZeroCopy(IoUringSocketChannel.java:289)
	at io.netty.channel.uring.IoUringSocketChannel$IoUringSocketUnsafe.writeComplete0(IoUringSocketChannel.java:186)
	at io.netty.channel.uring.AbstractIoUringChannel$AbstractUringUnsafe.writeComplete(AbstractIoUringChannel.java:1003)
	at io.netty.channel.uring.AbstractIoUringChannel$AbstractUringUnsafe.handle(AbstractIoUringChannel.java:474)
	at io.netty.channel.uring.IoUringIoHandler$DefaultIoUringIoRegistration.handle(IoUringIoHandler.java:705)
	at io.netty.channel.uring.IoUringIoHandler.handleFastPath(IoUringIoHandler.java:318)
	at io.netty.channel.uring.IoUringIoHandler.handle(IoUringIoHandler.java:298)
	at io.netty.channel.uring.CompletionQueue.process(CompletionQueue.java:151)
	at io.netty.channel.uring.IoUringIoHandler.processCompletionsAndHandleOverflow(IoUringIoHandler.java:213)
	at io.netty.channel.uring.IoUringIoHandler.run(IoUringIoHandler.java:188)
	at io.netty.channel.SingleThreadIoEventLoop.runIo(SingleThreadIoEventLoop.java:225)
	at io.netty.channel.SingleThreadIoEventLoop.run(SingleThreadIoEventLoop.java:196)
	at io.netty.util.concurrent.SingleThreadEventExecutor$5.run(SingleThreadEventExecutor.java:1204)
	at io.netty.util.internal.ThreadExecutorMap$2.run(ThreadExecutorMap.java:74)
	at io.netty.util.concurrent.FastThreadLocalRunnable.run(FastThreadLocalRunnable.java:30)
	at java.base/java.lang.Thread.run(Thread.java:1583)
00:06:32.414 [multiThreadIoEventLoopGroup-3-3] WARN  i.n.channel.uring.IoUringIoHandler - Unexpected exception in the IO event loop.
java.lang.IllegalStateException: arena buffer of Thread[#31,multiThreadIoEventLoopGroup-4-2,10,main] touched from Thread[#28,multiThreadIoEventLoopGroup-3-3,10,main] (event-loop arena buffers are thread confined)
	at io.netty.buffer.CycleArenaAllocator$ArenaBuf.violation(CycleArenaAllocator.java:1279)
	at io.netty.buffer.CycleArenaAllocator$ArenaBuf.release(CycleArenaAllocator.java:1208)
	at io.netty.buffer.AbstractDerivedByteBuf.release0(AbstractDerivedByteBuf.java:98)
	at io.netty.buffer.AbstractDerivedByteBuf.release(AbstractDerivedByteBuf.java:94)
	at io.netty.channel.uring.IoUringSocketChannel$IoUringSocketUnsafe.handleWriteCompleteZeroCopy(IoUringSocketChannel.java:289)
	at io.netty.channel.uring.IoUringSocketChannel$IoUringSocketUnsafe.writeComplete0(IoUringSocketChannel.java:186)
	at io.netty.channel.uring.AbstractIoUringChannel$AbstractUringUnsafe.writeComplete(AbstractIoUringChannel.java:1003)
	at io.netty.channel.uring.AbstractIoUringChannel$AbstractUringUnsafe.handle(AbstractIoUringChannel.java:474)
	at io.netty.channel.uring.IoUringIoHandler$DefaultIoUringIoRegistration.handle(IoUringIoHandler.java:705)
	at io.netty.channel.uring.IoUringIoHandler.handleFastPath(IoUringIoHandler.java:318)
	at io.netty.channel.uring.IoUringIoHandler.handle(IoUringIoHandler.java:298)
	at io.netty.channel.uring.CompletionQueue.process(CompletionQueue.java:151)
	at io.netty.channel.uring.IoUringIoHandler.processCompletionsAndHandleOverflow(IoUringIoHandler.java:213)
	at io.netty.channel.uring.IoUringIoHandler.run(IoUringIoHandler.java:188)
	at io.netty.channel.SingleThreadIoEventLoop.runIo(SingleThreadIoEventLoop.java:225)
	at io.netty.channel.SingleThreadIoEventLoop.run(SingleThreadIoEventLoop.java:196)
	at io.netty.util.concurrent.SingleThreadEventExecutor$5.run(SingleThreadEventExecutor.java:1204)
	at io.netty.util.internal.ThreadExecutorMap$2.run(ThreadExecutorMap.java:74)
	at io.netty.util.concurrent.FastThreadLocalRunnable.run(FastThreadLocalRunnable.java:30)
	at java.base/java.lang.Thread.run(Thread.java:1583)
00:06:32.415 [multiThreadIoEventLoopGroup-3-4] WARN  i.n.channel.uring.IoUringIoHandler - Unexpected exception in the IO event loop.
java.lang.IllegalStateException: arena buffer of Thread[#32,multiThreadIoEventLoopGroup-4-3,10,main] touched from Thread[#29,multiThreadIoEventLoopGroup-3-4,10,main] (event-loop arena buffers are thread confined)
	at io.netty.buffer.CycleArenaAllocator$ArenaBuf.violation(CycleArenaAllocator.java:1279)
	at io.netty.buffer.CycleArenaAllocator$ArenaBuf.release(CycleArenaAllocator.java:1208)
	at io.netty.buffer.AbstractDerivedByteBuf.release0(AbstractDerivedByteBuf.java:98)
	at io.netty.buffer.AbstractDerivedByteBuf.release(AbstractDerivedByteBuf.java:94)
	at io.netty.channel.uring.IoUringSocketChannel$IoUringSocketUnsafe.handleWriteCompleteZeroCopy(IoUringSocketChannel.java:289)
	at io.netty.channel.uring.IoUringSocketChannel$IoUringSocketUnsafe.writeComplete0(IoUringSocketChannel.java:186)
	at io.netty.channel.uring.AbstractIoUringChannel$AbstractUringUnsafe.writeComplete(AbstractIoUringChannel.java:1003)
	at io.netty.channel.uring.AbstractIoUringChannel$AbstractUringUnsafe.handle(AbstractIoUringChannel.java:474)
	at io.netty.channel.uring.IoUringIoHandler$DefaultIoUringIoRegistration.handle(IoUringIoHandler.java:705)
	at io.netty.channel.uring.IoUringIoHandler.handleFastPath(IoUringIoHandler.java:318)
	at io.netty.channel.uring.IoUringIoHandler.handle(IoUringIoHandler.java:298)
	at io.netty.channel.uring.CompletionQueue.process(CompletionQueue.java:151)
	at io.netty.channel.uring.IoUringIoHandler.processCompletionsAndHandleOverflow(IoUringIoHandler.java:213)
	at io.netty.channel.uring.IoUringIoHandler.run(IoUringIoHandler.java:188)
	at io.netty.channel.SingleThreadIoEventLoop.runIo(SingleThreadIoEventLoop.java:225)
	at io.netty.channel.SingleThreadIoEventLoop.run(SingleThreadIoEventLoop.java:196)
	at io.netty.util.concurrent.SingleThreadEventExecutor$5.run(SingleThreadEventExecutor.java:1204)
	at io.netty.util.internal.ThreadExecutorMap$2.run(ThreadExecutorMap.java:74)
	at io.netty.util.concurrent.FastThreadLocalRunnable.run(FastThreadLocalRunnable.java:30)
	at java.base/java.lang.Thread.run(Thread.java:1583)
00:06:32.415 [multiThreadIoEventLoopGroup-3-2] WARN  i.n.channel.uring.IoUringIoHandler - Unexpected exception in the IO event loop.
java.lang.IllegalStateException: arena buffer of Thread[#32,multiThreadIoEventLoopGroup-4-3,10,main] touched from Thread[#27,multiThreadIoEventLoopGroup-3-2,10,main] (event-loop arena buffers are thread confined)
	at io.netty.buffer.CycleArenaAllocator$ArenaBuf.violation(CycleArenaAllocator.java:1279)
	at io.netty.buffer.CycleArenaAllocator$ArenaBuf.release(CycleArenaAllocator.java:1208)
	at io.netty.buffer.AbstractDerivedByteBuf.release0(AbstractDerivedByteBuf.java:98)
	at io.netty.buffer.AbstractDerivedByteBuf.release(AbstractDerivedByteBuf.java:94)
	at io.netty.channel.uring.IoUringSocketChannel$IoUringSocketUnsafe.handleWriteCompleteZeroCopy(IoUringSocketChannel.java:289)
	at io.netty.channel.uring.IoUringSocketChannel$IoUringSocketUnsafe.writeComplete0(IoUringSocketChannel.java:186)
	at io.netty.channel.uring.AbstractIoUringChannel$AbstractUringUnsafe.writeComplete(AbstractIoUringChannel.java:1003)
	at io.netty.channel.uring.AbstractIoUringChannel$AbstractUringUnsafe.handle(AbstractIoUringChannel.java:474)
	at io.netty.channel.uring.IoUringIoHandler$DefaultIoUringIoRegistration.handle(IoUringIoHandler.java:705)
	at io.netty.channel.uring.IoUringIoHandler.handleFastPath(IoUringIoHandler.java:318)
	at io.netty.channel.uring.IoUringIoHandler.handle(IoUringIoHandler.java:298)
	at io.netty.channel.uring.CompletionQueue.process(CompletionQueue.java:151)
	at io.netty.channel.uring.IoUringIoHandler.processCompletionsAndHandleOverflow(IoUringIoHandler.java:213)
	at io.netty.channel.uring.IoUringIoHandler.run(IoUringIoHandler.java:188)
	at io.netty.channel.SingleThreadIoEventLoop.runIo(SingleThreadIoEventLoop.java:225)
	at io.netty.channel.SingleThreadIoEventLoop.run(SingleThreadIoEventLoop.java:196)
	at io.netty.util.concurrent.SingleThreadEventExecutor$5.run(SingleThreadEventExecutor.java:1204)
	at io.netty.util.internal.ThreadExecutorMap$2.run(ThreadExecutorMap.java:74)
	at io.netty.util.concurrent.FastThreadLocalRunnable.run(FastThreadLocalRunnable.java:30)
	at java.base/java.lang.Thread.run(Thread.java:1583)
00:06:32.415 [multiThreadIoEventLoopGroup-3-1] WARN  i.n.channel.uring.IoUringIoHandler - Unexpected exception in the IO event loop.
java.lang.IllegalStateException: arena buffer of Thread[#30,multiThreadIoEventLoopGroup-4-1,10,main] touched from Thread[#26,multiThreadIoEventLoopGroup-3-1,10,main] (event-loop arena buffers are thread confined)
	at io.netty.buffer.CycleArenaAllocator$ArenaBuf.violation(CycleArenaAllocator.java:1279)
	at io.netty.buffer.CycleArenaAllocator$ArenaBuf.release(CycleArenaAllocator.java:1208)
	at io.netty.buffer.AbstractDerivedByteBuf.release0(AbstractDerivedByteBuf.java:98)
	at io.netty.buffer.AbstractDerivedByteBuf.release(AbstractDerivedByteBuf.java:94)
	at io.netty.channel.uring.IoUringSocketChannel$IoUringSocketUnsafe.handleWriteCompleteZeroCopy(IoUringSocketChannel.java:289)
	at io.netty.channel.uring.IoUringSocketChannel$IoUringSocketUnsafe.writeComplete0(IoUringSocketChannel.java:186)
	at io.netty.channel.uring.AbstractIoUringChannel$AbstractUringUnsafe.writeComplete(AbstractIoUringChannel.java:1003)
	at io.netty.channel.uring.AbstractIoUringChannel$AbstractUringUnsafe.handle(AbstractIoUringChannel.java:474)
	at io.netty.channel.uring.IoUringIoHandler$DefaultIoUringIoRegistration.handle(IoUringIoHandler.java:705)
	at io.netty.channel.uring.IoUringIoHandler.handleFastPath(IoUringIoHandler.java:318)
	at io.netty.channel.uring.IoUringIoHandler.handle(IoUringIoHandler.java:298)
	at io.netty.channel.uring.CompletionQueue.process(CompletionQueue.java:151)
	at io.netty.channel.uring.IoUringIoHandler.processCompletionsAndHandleOverflow(IoUringIoHandler.java:213)
	at io.netty.channel.uring.IoUringIoHandler.run(IoUringIoHandler.java:188)
	at io.netty.channel.SingleThreadIoEventLoop.runIo(SingleThreadIoEventLoop.java:225)
	at io.netty.channel.SingleThreadIoEventLoop.run(SingleThreadIoEventLoop.java:196)
	at io.netty.util.concurrent.SingleThreadEventExecutor$5.run(SingleThreadEventExecutor.java:1204)
	at io.netty.util.internal.ThreadExecutorMap$2.run(ThreadExecutorMap.java:74)
	at io.netty.util.concurrent.FastThreadLocalRunnable.run(FastThreadLocalRunnable.java:30)
	at java.base/java.lang.Thread.run(Thread.java:1583)
00:06:32.415 [multiThreadIoEventLoopGroup-4-3] WARN  io.netty.util.ReferenceCountUtil - Failed to release a message: UnpooledSlicedByteBuf(ridx: 0, widx: 2413, cap: 2413/2413, unwrapped: CycleArenaAllocator$ArenaBuf(ridx: 0, widx: 8192, cap: 8192))
java.lang.IllegalStateException: arena buffer of Thread[#26,multiThreadIoEventLoopGroup-3-1,10,main] touched from Thread[#32,multiThreadIoEventLoopGroup-4-3,10,main] (event-loop arena buffers are thread confined)
	at io.netty.buffer.CycleArenaAllocator$ArenaBuf.violation(CycleArenaAllocator.java:1279)
	at io.netty.buffer.CycleArenaAllocator$ArenaBuf.release(CycleArenaAllocator.java:1208)
	at io.netty.buffer.AbstractDerivedByteBuf.release0(AbstractDerivedByteBuf.java:98)
	at io.netty.buffer.AbstractDerivedByteBuf.release(AbstractDerivedByteBuf.java:94)
	at io.netty.util.ReferenceCountUtil.release(ReferenceCountUtil.java:90)
	at io.netty.util.ReferenceCountUtil.safeRelease(ReferenceCountUtil.java:116)
	at io.netty.channel.ChannelOutboundBuffer.remove(ChannelOutboundBuffer.java:300)
	at io.netty.channel.ChannelOutboundBuffer.removeBytes(ChannelOutboundBuffer.java:382)
	at io.netty.channel.uring.AbstractIoUringStreamChannel$IoUringStreamUnsafe.writeComplete0(AbstractIoUringStreamChannel.java:692)
	at io.netty.channel.uring.IoUringSocketChannel$IoUringSocketUnsafe.writeComplete0(IoUringSocketChannel.java:188)
	at io.netty.channel.uring.AbstractIoUringChannel$AbstractUringUnsafe.writeComplete(AbstractIoUringChannel.java:1003)
	at io.netty.channel.uring.AbstractIoUringChannel$AbstractUringUnsafe.handle(AbstractIoUringChannel.java:474)
	at io.netty.channel.uring.IoUringIoHandler$DefaultIoUringIoRegistration.handle(IoUringIoHandler.java:705)
	at io.netty.channel.uring.IoUringIoHandler.handleFastPath(IoUringIoHandler.java:318)
	at io.netty.channel.uring.IoUringIoHandler.handle(IoUringIoHandler.java:298)
	at io.netty.channel.uring.CompletionQueue.process(CompletionQueue.java:151)
	at io.netty.channel.uring.IoUringIoHandler.processCompletionsAndHandleOverflow(IoUringIoHandler.java:213)
	at io.netty.channel.uring.IoUringIoHandler.run(IoUringIoHandler.java:188)
	at io.netty.channel.SingleThreadIoEventLoop.runIo(SingleThreadIoEventLoop.java:225)
	at io.netty.channel.SingleThreadIoEventLoop.run(SingleThreadIoEventLoop.java:196)
	at io.netty.util.concurrent.SingleThreadEventExecutor$5.run(SingleThreadEventExecutor.java:1204)
	at io.netty.util.internal.ThreadExecutorMap$2.run(ThreadExecutorMap.java:74)
	at io.netty.util.concurrent.FastThreadLocalRunnable.run(FastThreadLocalRunnable.java:30)
	at java.base/java.lang.Thread.run(Thread.java:1583)
00:06:32.415 [multiThreadIoEventLoopGroup-4-3] WARN  i.n.channel.uring.IoUringIoHandler - Unexpected exception in the IO event loop.
java.lang.IllegalStateException: arena buffer of Thread[#28,multiThreadIoEventLoopGroup-3-3,10,main] touched from Thread[#32,multiThreadIoEventLoopGroup-4-3,10,main] (event-loop arena buffers are thread confined)
	at io.netty.buffer.CycleArenaAllocator$ArenaBuf.violation(CycleArenaAllocator.java:1279)
	at io.netty.buffer.CycleArenaAllocator$ArenaBuf.retain(CycleArenaAllocator.java:1182)
	at io.netty.buffer.AbstractDerivedByteBuf.retain0(AbstractDerivedByteBuf.java:58)
	at io.netty.buffer.AbstractDerivedByteBuf.retain(AbstractDerivedByteBuf.java:54)
	at io.netty.channel.uring.IoUringSocketChannel$IoUringSocketUnsafe.handleWriteCompleteZeroCopy(IoUringSocketChannel.java:220)
	at io.netty.channel.uring.IoUringSocketChannel$IoUringSocketUnsafe.writeComplete0(IoUringSocketChannel.java:186)
	at io.netty.channel.uring.AbstractIoUringChannel$AbstractUringUnsafe.writeComplete(AbstractIoUringChannel.java:1003)
	at io.netty.channel.uring.AbstractIoUringChannel$AbstractUringUnsafe.handle(AbstractIoUringChannel.java:474)
	at io.netty.channel.uring.IoUringIoHandler$DefaultIoUringIoRegistration.handle(IoUringIoHandler.java:705)
	at io.netty.channel.uring.IoUringIoHandler.handleFastPath(IoUringIoHandler.java:318)
	at io.netty.channel.uring.IoUringIoHandler.handle(IoUringIoHandler.java:298)
	at io.netty.channel.uring.CompletionQueue.process(CompletionQueue.java:151)
	at io.netty.channel.uring.IoUringIoHandler.processCompletionsAndHandleOverflow(IoUringIoHandler.java:213)
	at io.netty.channel.uring.IoUringIoHandler.run(IoUringIoHandler.java:188)
	at io.netty.channel.SingleThreadIoEventLoop.runIo(SingleThreadIoEventLoop.java:225)
	at io.netty.channel.SingleThreadIoEventLoop.run(SingleThreadIoEventLoop.java:196)
	at io.netty.util.concurrent.SingleThreadEventExecutor$5.run(SingleThreadEventExecutor.java:1204)
	at io.netty.util.internal.ThreadExecutorMap$2.run(ThreadExecutorMap.java:74)
	at io.netty.util.concurrent.FastThreadLocalRunnable.run(FastThreadLocalRunnable.java:30)
	at java.base/java.lang.Thread.run(Thread.java:1583)
00:06:32.514 [multiThreadIoEventLoopGroup-4-4] WARN  i.n.channel.uring.IoUringIoHandler - Unexpected exception in the IO event loop.
java.lang.IllegalStateException: arena buffer of Thread[#29,multiThreadIoEventLoopGroup-3-4,10,main] touched from Thread[#33,multiThreadIoEventLoopGroup-4-4,10,main] (event-loop arena buffers are thread confined)
	at io.netty.buffer.CycleArenaAllocator$ArenaBuf.violation(CycleArenaAllocator.java:1279)
	at io.netty.buffer.CycleArenaAllocator$ArenaBuf.release(CycleArenaAllocator.java:1208)
	at io.netty.buffer.AbstractDerivedByteBuf.release0(AbstractDerivedByteBuf.java:98)
	at io.netty.buffer.AbstractDerivedByteBuf.release(AbstractDerivedByteBuf.java:94)
	at io.netty.channel.uring.IoUringSocketChannel$IoUringSocketUnsafe.handleWriteCompleteZeroCopy(IoUringSocketChannel.java:289)
	at io.netty.channel.uring.IoUringSocketChannel$IoUringSocketUnsafe.writeComplete0(IoUringSocketChannel.java:186)
	at io.netty.channel.uring.AbstractIoUringChannel$AbstractUringUnsafe.writeComplete(AbstractIoUringChannel.java:1003)
	at io.netty.channel.uring.AbstractIoUringChannel$AbstractUringUnsafe.handle(AbstractIoUringChannel.java:474)
	at io.netty.channel.uring.IoUringIoHandler$DefaultIoUringIoRegistration.handle(IoUringIoHandler.java:705)
	at io.netty.channel.uring.IoUringIoHandler.handleFastPath(IoUringIoHandler.java:318)
	at io.netty.channel.uring.IoUringIoHandler.handle(IoUringIoHandler.java:298)
	at io.netty.channel.uring.CompletionQueue.process(CompletionQueue.java:151)
	at io.netty.channel.uring.IoUringIoHandler.processCompletionsAndHandleOverflow(IoUringIoHandler.java:213)
	at io.netty.channel.uring.IoUringIoHandler.run(IoUringIoHandler.java:188)
	at io.netty.channel.SingleThreadIoEventLoop.runIo(SingleThreadIoEventLoop.java:225)
	at io.netty.channel.SingleThreadIoEventLoop.run(SingleThreadIoEventLoop.java:196)
	at io.netty.util.concurrent.SingleThreadEventExecutor$5.run(SingleThreadEventExecutor.java:1204)
	at io.netty.util.internal.ThreadExecutorMap$2.run(ThreadExecutorMap.java:74)
	at io.netty.util.concurrent.FastThreadLocalRunnable.run(FastThreadLocalRunnable.java:30)
	at java.base/java.lang.Thread.run(Thread.java:1583)
00:06:32.515 [multiThreadIoEventLoopGroup-3-2] WARN  io.netty.util.ReferenceCountUtil - Failed to release a message: UnpooledSlicedByteBuf(ridx: 0, widx: 755, cap: 755/755, unwrapped: CycleArenaAllocator$ArenaBuf(ridx: 0, widx: 8192, cap: 8192))
java.lang.IllegalStateException: arena buffer of Thread[#32,multiThreadIoEventLoopGroup-4-3,10,main] touched from Thread[#27,multiThreadIoEventLoopGroup-3-2,10,main] (event-loop arena buffers are thread confined)
	at io.netty.buffer.CycleArenaAllocator$ArenaBuf.violation(CycleArenaAllocator.java:1279)
	at io.netty.buffer.CycleArenaAllocator$ArenaBuf.release(CycleArenaAllocator.java:1208)
	at io.netty.buffer.AbstractDerivedByteBuf.release0(AbstractDerivedByteBuf.java:98)
	at io.netty.buffer.AbstractDerivedByteBuf.release(AbstractDerivedByteBuf.java:94)
	at io.netty.util.ReferenceCountUtil.release(ReferenceCountUtil.java:90)
	at io.netty.util.ReferenceCountUtil.safeRelease(ReferenceCountUtil.java:116)
	at io.netty.channel.ChannelOutboundBuffer.remove(ChannelOutboundBuffer.java:300)
	at io.netty.channel.ChannelOutboundBuffer.removeBytes(ChannelOutboundBuffer.java:382)
	at io.netty.channel.uring.AbstractIoUringStreamChannel$IoUringStreamUnsafe.writeComplete0(AbstractIoUringStreamChannel.java:692)
	at io.netty.channel.uring.IoUringSocketChannel$IoUringSocketUnsafe.writeComplete0(IoUringSocketChannel.java:188)
	at io.netty.channel.uring.AbstractIoUringChannel$AbstractUringUnsafe.writeComplete(AbstractIoUringChannel.java:1003)
	at io.netty.channel.uring.AbstractIoUringChannel$AbstractUringUnsafe.handle(AbstractIoUringChannel.java:474)
	at io.netty.channel.uring.IoUringIoHandler$DefaultIoUringIoRegistration.handle(IoUringIoHandler.java:705)
	at io.netty.channel.uring.IoUringIoHandler.handleFastPath(IoUringIoHandler.java:318)
	at io.netty.channel.uring.IoUringIoHandler.handle(IoUringIoHandler.java:298)
	at io.netty.channel.uring.CompletionQueue.process(CompletionQueue.java:151)
	at io.netty.channel.uring.IoUringIoHandler.processCompletionsAndHandleOverflow(IoUringIoHandler.java:213)
	at io.netty.channel.uring.IoUringIoHandler.run(IoUringIoHandler.java:188)
	at io.netty.channel.SingleThreadIoEventLoop.runIo(SingleThreadIoEventLoop.java:225)
	at io.netty.channel.SingleThreadIoEventLoop.run(SingleThreadIoEventLoop.java:196)
	at io.netty.util.concurrent.SingleThreadEventExecutor$5.run(SingleThreadEventExecutor.java:1204)
	at io.netty.util.internal.ThreadExecutorMap$2.run(ThreadExecutorMap.java:74)
	at io.netty.util.concurrent.FastThreadLocalRunnable.run(FastThreadLocalRunnable.java:30)
	at java.base/java.lang.Thread.run(Thread.java:1583)
00:06:32.515 [multiThreadIoEventLoopGroup-3-1] WARN  io.netty.util.ReferenceCountUtil - Failed to release a message: UnpooledSlicedByteBuf(ridx: 0, widx: 871, cap: 871/871, unwrapped: CycleArenaAllocator$ArenaBuf(ridx: 0, widx: 8192, cap: 8192))
java.lang.IllegalStateException: arena buffer of Thread[#31,multiThreadIoEventLoopGroup-4-2,10,main] touched from Thread[#26,multiThreadIoEventLoopGroup-3-1,10,main] (event-loop arena buffers are thread confined)
	at io.netty.buffer.CycleArenaAllocator$ArenaBuf.violation(CycleArenaAllocator.java:1279)
	at io.netty.buffer.CycleArenaAllocator$ArenaBuf.release(CycleArenaAllocator.java:1208)
	at io.netty.buffer.AbstractDerivedByteBuf.release0(AbstractDerivedByteBuf.java:98)
	at io.netty.buffer.AbstractDerivedByteBuf.release(AbstractDerivedByteBuf.java:94)
	at io.netty.util.ReferenceCountUtil.release(ReferenceCountUtil.java:90)
	at io.netty.util.ReferenceCountUtil.safeRelease(ReferenceCountUtil.java:116)
	at io.netty.channel.ChannelOutboundBuffer.remove(ChannelOutboundBuffer.java:300)
	at io.netty.channel.ChannelOutboundBuffer.removeBytes(ChannelOutboundBuffer.java:382)
	at io.netty.channel.uring.AbstractIoUringStreamChannel$IoUringStreamUnsafe.writeComplete0(AbstractIoUringStreamChannel.java:692)
	at io.netty.channel.uring.IoUringSocketChannel$IoUringSocketUnsafe.writeComplete0(IoUringSocketChannel.java:188)
	at io.netty.channel.uring.AbstractIoUringChannel$AbstractUringUnsafe.writeComplete(AbstractIoUringChannel.java:1003)
	at io.netty.channel.uring.AbstractIoUringChannel$AbstractUringUnsafe.handle(AbstractIoUringChannel.java:474)
	at io.netty.channel.uring.IoUringIoHandler$DefaultIoUringIoRegistration.handle(IoUringIoHandler.java:705)
	at io.netty.channel.uring.IoUringIoHandler.handleFastPath(IoUringIoHandler.java:318)
	at io.netty.channel.uring.IoUringIoHandler.handle(IoUringIoHandler.java:298)
	at io.netty.channel.uring.CompletionQueue.process(CompletionQueue.java:151)
	at io.netty.channel.uring.IoUringIoHandler.processCompletionsAndHandleOverflow(IoUringIoHandler.java:213)
	at io.netty.channel.uring.IoUringIoHandler.run(IoUringIoHandler.java:188)
	at io.netty.channel.SingleThreadIoEventLoop.runIo(SingleThreadIoEventLoop.java:225)
	at io.netty.channel.SingleThreadIoEventLoop.run(SingleThreadIoEventLoop.java:196)
	at io.netty.util.concurrent.SingleThreadEventExecutor$5.run(SingleThreadEventExecutor.java:1204)
	at io.netty.util.internal.ThreadExecutorMap$2.run(ThreadExecutorMap.java:74)
	at io.netty.util.concurrent.FastThreadLocalRunnable.run(FastThreadLocalRunnable.java:30)
	at java.base/java.lang.Thread.run(Thread.java:1583)
00:06:32.515 [multiThreadIoEventLoopGroup-4-3] WARN  io.netty.util.ReferenceCountUtil - Failed to release a message: UnpooledSlicedByteBuf(ridx: 0, widx: 2413, cap: 2413/2413, unwrapped: CycleArenaAllocator$ArenaBuf(ridx: 0, widx: 8192, cap: 8192))
java.lang.IllegalStateException: arena buffer of Thread[#28,multiThreadIoEventLoopGroup-3-3,10,main] touched from Thread[#32,multiThreadIoEventLoopGroup-4-3,10,main] (event-loop arena buffers are thread confined)
	at io.netty.buffer.CycleArenaAllocator$ArenaBuf.violation(CycleArenaAllocator.java:1279)
	at io.netty.buffer.CycleArenaAllocator$ArenaBuf.release(CycleArenaAllocator.java:1208)
	at io.netty.buffer.AbstractDerivedByteBuf.release0(AbstractDerivedByteBuf.java:98)
	at io.netty.buffer.AbstractDerivedByteBuf.release(AbstractDerivedByteBuf.java:94)
	at io.netty.util.ReferenceCountUtil.release(ReferenceCountUtil.java:90)
	at io.netty.util.ReferenceCountUtil.safeRelease(ReferenceCountUtil.java:116)
	at io.netty.channel.ChannelOutboundBuffer.remove(ChannelOutboundBuffer.java:300)
	at io.netty.channel.ChannelOutboundBuffer.removeBytes(ChannelOutboundBuffer.java:382)
	at io.netty.channel.uring.AbstractIoUringStreamChannel$IoUringStreamUnsafe.writeComplete0(AbstractIoUringStreamChannel.java:692)
	at io.netty.channel.uring.IoUringSocketChannel$IoUringSocketUnsafe.writeComplete0(IoUringSocketChannel.java:188)
	at io.netty.channel.uring.AbstractIoUringChannel$AbstractUringUnsafe.writeComplete(AbstractIoUringChannel.java:1003)
	at io.netty.channel.uring.AbstractIoUringChannel$AbstractUringUnsafe.handle(AbstractIoUringChannel.java:474)
	at io.netty.channel.uring.IoUringIoHandler$DefaultIoUringIoRegistration.handle(IoUringIoHandler.java:705)
	at io.netty.channel.uring.IoUringIoHandler.handleFastPath(IoUringIoHandler.java:318)
	at io.netty.channel.uring.IoUringIoHandler.handle(IoUringIoHandler.java:298)
	at io.netty.channel.uring.CompletionQueue.process(CompletionQueue.java:151)
	at io.netty.channel.uring.IoUringIoHandler.processCompletionsAndHandleOverflow(IoUringIoHandler.java:213)
	at io.netty.channel.uring.IoUringIoHandler.run(IoUringIoHandler.java:188)
	at io.netty.channel.SingleThreadIoEventLoop.runIo(SingleThreadIoEventLoop.java:225)
	at io.netty.channel.SingleThreadIoEventLoop.run(SingleThreadIoEventLoop.java:196)
	at io.netty.util.concurrent.SingleThreadEventExecutor$5.run(SingleThreadEventExecutor.java:1204)
	at io.netty.util.internal.ThreadExecutorMap$2.run(ThreadExecutorMap.java:74)
	at io.netty.util.concurrent.FastThreadLocalRunnable.run(FastThreadLocalRunnable.java:30)
	at java.base/java.lang.Thread.run(Thread.java:1583)
00:06:32.515 [multiThreadIoEventLoopGroup-3-3] WARN  io.netty.util.ReferenceCountUtil - Failed to release a message: UnpooledSlicedByteBuf(ridx: 0, widx: 2784, cap: 2784/2784, unwrapped: CycleArenaAllocator$ArenaBuf(ridx: 0, widx: 8192, cap: 8192))
java.lang.IllegalStateException: arena buffer of Thread[#31,multiThreadIoEventLoopGroup-4-2,10,main] touched from Thread[#28,multiThreadIoEventLoopGroup-3-3,10,main] (event-loop arena buffers are thread confined)
	at io.netty.buffer.CycleArenaAllocator$ArenaBuf.violation(CycleArenaAllocator.java:1279)
	at io.netty.buffer.CycleArenaAllocator$ArenaBuf.release(CycleArenaAllocator.java:1208)
	at io.netty.buffer.AbstractDerivedByteBuf.release0(AbstractDerivedByteBuf.java:98)
	at io.netty.buffer.AbstractDerivedByteBuf.release(AbstractDerivedByteBuf.java:94)
	at io.netty.util.ReferenceCountUtil.release(ReferenceCountUtil.java:90)
	at io.netty.util.ReferenceCountUtil.safeRelease(ReferenceCountUtil.java:116)
	at io.netty.channel.ChannelOutboundBuffer.remove(ChannelOutboundBuffer.java:300)
	at io.netty.channel.ChannelOutboundBuffer.removeBytes(ChannelOutboundBuffer.java:382)
	at io.netty.channel.uring.AbstractIoUringStreamChannel$IoUringStreamUnsafe.writeComplete0(AbstractIoUringStreamChannel.java:692)
	at io.netty.channel.uring.IoUringSocketChannel$IoUringSocketUnsafe.writeComplete0(IoUringSocketChannel.java:188)
	at io.netty.channel.uring.AbstractIoUringChannel$AbstractUringUnsafe.writeComplete(AbstractIoUringChannel.java:1003)
	at io.netty.channel.uring.AbstractIoUringChannel$AbstractUringUnsafe.handle(AbstractIoUringChannel.java:474)
	at io.netty.channel.uring.IoUringIoHandler$DefaultIoUringIoRegistration.handle(IoUringIoHandler.java:705)
	at io.netty.channel.uring.IoUringIoHandler.handleFastPath(IoUringIoHandler.java:318)
	at io.netty.channel.uring.IoUringIoHandler.handle(IoUringIoHandler.java:298)
	at io.netty.channel.uring.CompletionQueue.process(CompletionQueue.java:151)
	at io.netty.channel.uring.IoUringIoHandler.processCompletionsAndHandleOverflow(IoUringIoHandler.java:213)
	at io.netty.channel.uring.IoUringIoHandler.run(IoUringIoHandler.java:188)
	at io.netty.channel.SingleThreadIoEventLoop.runIo(SingleThreadIoEventLoop.java:225)
	at io.netty.channel.SingleThreadIoEventLoop.run(SingleThreadIoEventLoop.java:196)
	at io.netty.util.concurrent.SingleThreadEventExecutor$5.run(SingleThreadEventExecutor.java:1204)
	at io.netty.util.internal.ThreadExecutorMap$2.run(ThreadExecutorMap.java:74)
	at io.netty.util.concurrent.FastThreadLocalRunnable.run(FastThreadLocalRunnable.java:30)
	at java.base/java.lang.Thread.run(Thread.java:1583)
00:06:32.515 [multiThreadIoEventLoopGroup-4-3] WARN  i.n.channel.uring.IoUringIoHandler - Unexpected exception in the IO event loop.
java.lang.IllegalStateException: arena buffer of Thread[#28,multiThreadIoEventLoopGroup-3-3,10,main] touched from Thread[#32,multiThreadIoEventLoopGroup-4-3,10,main] (event-loop arena buffers are thread confined)
	at io.netty.buffer.CycleArenaAllocator$ArenaBuf.violation(CycleArenaAllocator.java:1279)
	at io.netty.buffer.CycleArenaAllocator$ArenaBuf.retain(CycleArenaAllocator.java:1182)
	at io.netty.buffer.AbstractDerivedByteBuf.retain0(AbstractDerivedByteBuf.java:58)
	at io.netty.buffer.AbstractDerivedByteBuf.retain(AbstractDerivedByteBuf.java:54)
	at io.netty.channel.uring.IoUringSocketChannel$IoUringSocketUnsafe.handleWriteCompleteZeroCopy(IoUringSocketChannel.java:220)
	at io.netty.channel.uring.IoUringSocketChannel$IoUringSocketUnsafe.writeComplete0(IoUringSocketChannel.java:186)
	at io.netty.channel.uring.AbstractIoUringChannel$AbstractUringUnsafe.writeComplete(AbstractIoUringChannel.java:1003)
	at io.netty.channel.uring.AbstractIoUringChannel$AbstractUringUnsafe.handle(AbstractIoUringChannel.java:474)
	at io.netty.channel.uring.IoUringIoHandler$DefaultIoUringIoRegistration.handle(IoUringIoHandler.java:705)
	at io.netty.channel.uring.IoUringIoHandler.handleFastPath(IoUringIoHandler.java:318)
	at io.netty.channel.uring.IoUringIoHandler.handle(IoUringIoHandler.java:298)
	at io.netty.channel.uring.CompletionQueue.process(CompletionQueue.java:151)
	at io.netty.channel.uring.IoUringIoHandler.processCompletionsAndHandleOverflow(IoUringIoHandler.java:213)
	at io.netty.channel.uring.IoUringIoHandler.run(IoUringIoHandler.java:188)
	at io.netty.channel.SingleThreadIoEventLoop.runIo(SingleThreadIoEventLoop.java:225)
	at io.netty.channel.SingleThreadIoEventLoop.run(SingleThreadIoEventLoop.java:196)
	at io.netty.util.concurrent.SingleThreadEventExecutor$5.run(SingleThreadEventExecutor.java:1204)
	at io.netty.util.internal.ThreadExecutorMap$2.run(ThreadExecutorMap.java:74)
	at io.netty.util.concurrent.FastThreadLocalRunnable.run(FastThreadLocalRunnable.java:30)
	at java.base/java.lang.Thread.run(Thread.java:1583)
00:06:32.515 [multiThreadIoEventLoopGroup-3-3] WARN  i.n.channel.uring.IoUringIoHandler - Unexpected exception in the IO event loop.
java.lang.IllegalStateException: arena buffer of Thread[#30,multiThreadIoEventLoopGroup-4-1,10,main] touched from Thread[#28,multiThreadIoEventLoopGroup-3-3,10,main] (event-loop arena buffers are thread confined)
	at io.netty.buffer.CycleArenaAllocator$ArenaBuf.violation(CycleArenaAllocator.java:1279)
	at io.netty.buffer.CycleArenaAllocator$ArenaBuf.retain(CycleArenaAllocator.java:1182)
	at io.netty.buffer.AbstractDerivedByteBuf.retain0(AbstractDerivedByteBuf.java:58)
	at io.netty.buffer.AbstractDerivedByteBuf.retain(AbstractDerivedByteBuf.java:54)
	at io.netty.channel.uring.IoUringSocketChannel$IoUringSocketUnsafe.handleWriteCompleteZeroCopy(IoUringSocketChannel.java:220)
	at io.netty.channel.uring.IoUringSocketChannel$IoUringSocketUnsafe.writeComplete0(IoUringSocketChannel.java:186)
	at io.netty.channel.uring.AbstractIoUringChannel$AbstractUringUnsafe.writeComplete(AbstractIoUringChannel.java:1003)
	at io.netty.channel.uring.AbstractIoUringChannel$AbstractUringUnsafe.handle(AbstractIoUringChannel.java:474)
	at io.netty.channel.uring.IoUringIoHandler$DefaultIoUringIoRegistration.handle(IoUringIoHandler.java:705)
	at io.netty.channel.uring.IoUringIoHandler.handleFastPath(IoUringIoHandler.java:318)
	at io.netty.channel.uring.IoUringIoHandler.handle(IoUringIoHandler.java:298)
	at io.netty.channel.uring.CompletionQueue.process(CompletionQueue.java:151)
	at io.netty.channel.uring.IoUringIoHandler.processCompletionsAndHandleOverflow(IoUringIoHandler.java:213)
	at io.netty.channel.uring.IoUringIoHandler.run(IoUringIoHandler.java:188)
	at io.netty.channel.SingleThreadIoEventLoop.runIo(SingleThreadIoEventLoop.java:225)
	at io.netty.channel.SingleThreadIoEventLoop.run(SingleThreadIoEventLoop.java:196)
	at io.netty.util.concurrent.SingleThreadEventExecutor$5.run(SingleThreadEventExecutor.java:1204)
	at io.netty.util.internal.ThreadExecutorMap$2.run(ThreadExecutorMap.java:74)
	at io.netty.util.concurrent.FastThreadLocalRunnable.run(FastThreadLocalRunnable.java:30)
	at java.base/java.lang.Thread.run(Thread.java:1583)
00:06:32.515 [multiThreadIoEventLoopGroup-3-4] WARN  io.netty.util.ReferenceCountUtil - Failed to release a message: UnpooledSlicedByteBuf(ridx: 0, widx: 3666, cap: 3666/3666, unwrapped: CycleArenaAllocator$ArenaBuf(ridx: 0, widx: 8192, cap: 8192))
java.lang.IllegalStateException: arena buffer of Thread[#30,multiThreadIoEventLoopGroup-4-1,10,main] touched from Thread[#29,multiThreadIoEventLoopGroup-3-4,10,main] (event-loop arena buffers are thread confined)
	at io.netty.buffer.CycleArenaAllocator$ArenaBuf.violation(CycleArenaAllocator.java:1279)
	at io.netty.buffer.CycleArenaAllocator$ArenaBuf.release(CycleArenaAllocator.java:1208)
	at io.netty.buffer.AbstractDerivedByteBuf.release0(AbstractDerivedByteBuf.java:98)
	at io.netty.buffer.AbstractDerivedByteBuf.release(AbstractDerivedByteBuf.java:94)
	at io.netty.util.ReferenceCountUtil.release(ReferenceCountUtil.java:90)
	at io.netty.util.ReferenceCountUtil.safeRelease(ReferenceCountUtil.java:116)
	at io.netty.channel.ChannelOutboundBuffer.remove(ChannelOutboundBuffer.java:300)
	at io.netty.channel.ChannelOutboundBuffer.removeBytes(ChannelOutboundBuffer.java:382)
	at io.netty.channel.uring.AbstractIoUringStreamChannel$IoUringStreamUnsafe.writeComplete0(AbstractIoUringStreamChannel.java:692)
	at io.netty.channel.uring.IoUringSocketChannel$IoUringSocketUnsafe.writeComplete0(IoUringSocketChannel.java:188)
	at io.netty.channel.uring.AbstractIoUringChannel$AbstractUringUnsafe.writeComplete(AbstractIoUringChannel.java:1003)
	at io.netty.channel.uring.AbstractIoUringChannel$AbstractUringUnsafe.handle(AbstractIoUringChannel.java:474)
	at io.netty.channel.uring.IoUringIoHandler$DefaultIoUringIoRegistration.handle(IoUringIoHandler.java:705)
	at io.netty.channel.uring.IoUringIoHandler.handleFastPath(IoUringIoHandler.java:318)
	at io.netty.channel.uring.IoUringIoHandler.handle(IoUringIoHandler.java:298)
	at io.netty.channel.uring.CompletionQueue.process(CompletionQueue.java:151)
	at io.netty.channel.uring.IoUringIoHandler.processCompletionsAndHandleOverflow(IoUringIoHandler.java:213)
	at io.netty.channel.uring.IoUringIoHandler.run(IoUringIoHandler.java:188)
	at io.netty.channel.SingleThreadIoEventLoop.runIo(SingleThreadIoEventLoop.java:225)
	at io.netty.channel.SingleThreadIoEventLoop.run(SingleThreadIoEventLoop.java:196)
	at io.netty.util.concurrent.SingleThreadEventExecutor$5.run(SingleThreadEventExecutor.java:1204)
	at io.netty.util.internal.ThreadExecutorMap$2.run(ThreadExecutorMap.java:74)
	at io.netty.util.concurrent.FastThreadLocalRunnable.run(FastThreadLocalRunnable.java:30)
	at java.base/java.lang.Thread.run(Thread.java:1583)
00:06:32.515 [multiThreadIoEventLoopGroup-3-1] WARN  io.netty.util.ReferenceCountUtil - Failed to release a message: UnpooledSlicedByteBuf(ridx: 0, widx: 1902, cap: 1902/1902, unwrapped: CycleArenaAllocator$ArenaBuf(ridx: 0, widx: 8192, cap: 8192))
java.lang.IllegalStateException: arena buffer of Thread[#31,multiThreadIoEventLoopGroup-4-2,10,main] touched from Thread[#26,multiThreadIoEventLoopGroup-3-1,10,main] (event-loop arena buffers are thread confined)
	at io.netty.buffer.CycleArenaAllocator$ArenaBuf.violation(CycleArenaAllocator.java:1279)
	at io.netty.buffer.CycleArenaAllocator$ArenaBuf.release(CycleArenaAllocator.java:1208)
	at io.netty.buffer.AbstractDerivedByteBuf.release0(AbstractDerivedByteBuf.java:98)
	at io.netty.buffer.AbstractDerivedByteBuf.release(AbstractDerivedByteBuf.java:94)
	at io.netty.util.ReferenceCountUtil.release(ReferenceCountUtil.java:90)
	at io.netty.util.ReferenceCountUtil.safeRelease(ReferenceCountUtil.java:116)
	at io.netty.channel.ChannelOutboundBuffer.remove(ChannelOutboundBuffer.java:300)
	at io.netty.channel.ChannelOutboundBuffer.removeBytes(ChannelOutboundBuffer.java:382)
	at io.netty.channel.uring.AbstractIoUringStreamChannel$IoUringStreamUnsafe.writeComplete0(AbstractIoUringStreamChannel.java:692)
	at io.netty.channel.uring.IoUringSocketChannel$IoUringSocketUnsafe.writeComplete0(IoUringSocketChannel.java:188)
	at io.netty.channel.uring.AbstractIoUringChannel$AbstractUringUnsafe.writeComplete(AbstractIoUringChannel.java:1003)
	at io.netty.channel.uring.AbstractIoUringChannel$AbstractUringUnsafe.handle(AbstractIoUringChannel.java:474)
	at io.netty.channel.uring.IoUringIoHandler$DefaultIoUringIoRegistration.handle(IoUringIoHandler.java:705)
	at io.netty.channel.uring.IoUringIoHandler.handleFastPath(IoUringIoHandler.java:318)
	at io.netty.channel.uring.IoUringIoHandler.handle(IoUringIoHandler.java:298)
	at io.netty.channel.uring.CompletionQueue.process(CompletionQueue.java:151)
	at io.netty.channel.uring.IoUringIoHandler.processCompletionsAndHandleOverflow(IoUringIoHandler.java:213)
	at io.netty.channel.uring.IoUringIoHandler.run(IoUringIoHandler.java:188)
	at io.netty.channel.SingleThreadIoEventLoop.runIo(SingleThreadIoEventLoop.java:225)
	at io.netty.channel.SingleThreadIoEventLoop.run(SingleThreadIoEventLoop.java:196)
	at io.netty.util.concurrent.SingleThreadEventExecutor$5.run(SingleThreadEventExecutor.java:1204)
	at io.netty.util.internal.ThreadExecutorMap$2.run(ThreadExecutorMap.java:74)
	at io.netty.util.concurrent.FastThreadLocalRunnable.run(FastThreadLocalRunnable.java:30)
	at java.base/java.lang.Thread.run(Thread.java:1583)
00:06:32.515 [multiThreadIoEventLoopGroup-3-1] WARN  i.n.channel.uring.IoUringIoHandler - Unexpected exception in the IO event loop.
java.lang.IllegalStateException: arena buffer of Thread[#31,multiThreadIoEventLoopGroup-4-2,10,main] touched from Thread[#26,multiThreadIoEventLoopGroup-3-1,10,main] (event-loop arena buffers are thread confined)
	at io.netty.buffer.CycleArenaAllocator$ArenaBuf.violation(CycleArenaAllocator.java:1279)
	at io.netty.buffer.CycleArenaAllocator$ArenaBuf.retain(CycleArenaAllocator.java:1182)
	at io.netty.buffer.AbstractDerivedByteBuf.retain0(AbstractDerivedByteBuf.java:58)
	at io.netty.buffer.AbstractDerivedByteBuf.retain(AbstractDerivedByteBuf.java:54)
	at io.netty.channel.uring.IoUringSocketChannel$IoUringSocketUnsafe.handleWriteCompleteZeroCopy(IoUringSocketChannel.java:220)
	at io.netty.channel.uring.IoUringSocketChannel$IoUringSocketUnsafe.writeComplete0(IoUringSocketChannel.java:186)
	at io.netty.channel.uring.AbstractIoUringChannel$AbstractUringUnsafe.writeComplete(AbstractIoUringChannel.java:1003)
	at io.netty.channel.uring.AbstractIoUringChannel$AbstractUringUnsafe.handle(AbstractIoUringChannel.java:474)
	at io.netty.channel.uring.IoUringIoHandler$DefaultIoUringIoRegistration.handle(IoUringIoHandler.java:705)
	at io.netty.channel.uring.IoUringIoHandler.handleFastPath(IoUringIoHandler.java:318)
	at io.netty.channel.uring.IoUringIoHandler.handle(IoUringIoHandler.java:298)
	at io.netty.channel.uring.CompletionQueue.process(CompletionQueue.java:151)
	at io.netty.channel.uring.IoUringIoHandler.processCompletionsAndHandleOverflow(IoUringIoHandler.java:213)
	at io.netty.channel.uring.IoUringIoHandler.run(IoUringIoHandler.java:188)
	at io.netty.channel.SingleThreadIoEventLoop.runIo(SingleThreadIoEventLoop.java:225)
	at io.netty.channel.SingleThreadIoEventLoop.run(SingleThreadIoEventLoop.java:196)
	at io.netty.util.concurrent.SingleThreadEventExecutor$5.run(SingleThreadEventExecutor.java:1204)
	at io.netty.util.internal.ThreadExecutorMap$2.run(ThreadExecutorMap.java:74)
	at io.netty.util.concurrent.FastThreadLocalRunnable.run(FastThreadLocalRunnable.java:30)
	at java.base/java.lang.Thread.run(Thread.java:1583)
00:06:32.515 [multiThreadIoEventLoopGroup-3-4] WARN  io.netty.util.ReferenceCountUtil - Failed to release a message: UnpooledSlicedByteBuf(ridx: 0, widx: 4, cap: 4/4, unwrapped: CycleArenaAllocator$ArenaBuf(ridx: 0, widx: 8192, cap: 8192))
java.lang.IllegalStateException: arena buffer of Thread[#30,multiThreadIoEventLoopGroup-4-1,10,main] touched from Thread[#29,multiThreadIoEventLoopGroup-3-4,10,main] (event-loop arena buffers are thread confined)
	at io.netty.buffer.CycleArenaAllocator$ArenaBuf.violation(CycleArenaAllocator.java:1279)
	at io.netty.buffer.CycleArenaAllocator$ArenaBuf.release(CycleArenaAllocator.java:1208)
	at io.netty.buffer.AbstractDerivedByteBuf.release0(AbstractDerivedByteBuf.java:98)
	at io.netty.buffer.AbstractDerivedByteBuf.release(AbstractDerivedByteBuf.java:94)
	at io.netty.util.ReferenceCountUtil.release(ReferenceCountUtil.java:90)
	at io.netty.util.ReferenceCountUtil.safeRelease(ReferenceCountUtil.java:116)
	at io.netty.channel.ChannelOutboundBuffer.remove(ChannelOutboundBuffer.java:300)
	at io.netty.channel.ChannelOutboundBuffer.removeBytes(ChannelOutboundBuffer.java:382)
	at io.netty.channel.uring.AbstractIoUringStreamChannel$IoUringStreamUnsafe.writeComplete0(AbstractIoUringStreamChannel.java:692)
	at io.netty.channel.uring.IoUringSocketChannel$IoUringSocketUnsafe.writeComplete0(IoUringSocketChannel.java:188)
	at io.netty.channel.uring.AbstractIoUringChannel$AbstractUringUnsafe.writeComplete(AbstractIoUringChannel.java:1003)
	at io.netty.channel.uring.AbstractIoUringChannel$AbstractUringUnsafe.handle(AbstractIoUringChannel.java:474)
	at io.netty.channel.uring.IoUringIoHandler$DefaultIoUringIoRegistration.handle(IoUringIoHandler.java:705)
	at io.netty.channel.uring.IoUringIoHandler.handleFastPath(IoUringIoHandler.java:318)
	at io.netty.channel.uring.IoUringIoHandler.handle(IoUringIoHandler.java:298)
	at io.netty.channel.uring.CompletionQueue.process(CompletionQueue.java:151)
	at io.netty.channel.uring.IoUringIoHandler.processCompletionsAndHandleOverflow(IoUringIoHandler.java:213)
	at io.netty.channel.uring.IoUringIoHandler.run(IoUringIoHandler.java:188)
	at io.netty.channel.SingleThreadIoEventLoop.runIo(SingleThreadIoEventLoop.java:225)
	at io.netty.channel.SingleThreadIoEventLoop.run(SingleThreadIoEventLoop.java:196)
	at io.netty.util.concurrent.SingleThreadEventExecutor$5.run(SingleThreadEventExecutor.java:1204)
	at io.netty.util.internal.ThreadExecutorMap$2.run(ThreadExecutorMap.java:74)
	at io.netty.util.concurrent.FastThreadLocalRunnable.run(FastThreadLocalRunnable.java:30)
	at java.base/java.lang.Thread.run(Thread.java:1583)
00:06:32.515 [multiThreadIoEventLoopGroup-3-2] WARN  io.netty.util.ReferenceCountUtil - Failed to release a message: UnpooledSlicedByteBuf(ridx: 0, widx: 2806, cap: 2806/2806, unwrapped: CycleArenaAllocator$ArenaBuf(ridx: 0, widx: 8192, cap: 8192))
java.lang.IllegalStateException: arena buffer of Thread[#30,multiThreadIoEventLoopGroup-4-1,10,main] touched from Thread[#27,multiThreadIoEventLoopGroup-3-2,10,main] (event-loop arena buffers are thread confined)
	at io.netty.buffer.CycleArenaAllocator$ArenaBuf.violation(CycleArenaAllocator.java:1279)
	at io.netty.buffer.CycleArenaAllocator$ArenaBuf.release(CycleArenaAllocator.java:1208)
	at io.netty.buffer.AbstractDerivedByteBuf.release0(AbstractDerivedByteBuf.java:98)
	at io.netty.buffer.AbstractDerivedByteBuf.release(AbstractDerivedByteBuf.java:94)
	at io.netty.util.ReferenceCountUtil.release(ReferenceCountUtil.java:90)
	at io.netty.util.ReferenceCountUtil.safeRelease(ReferenceCountUtil.java:116)
	at io.netty.channel.ChannelOutboundBuffer.remove(ChannelOutboundBuffer.java:300)
	at io.netty.channel.ChannelOutboundBuffer.removeBytes(ChannelOutboundBuffer.java:382)
	at io.netty.channel.uring.AbstractIoUringStreamChannel$IoUringStreamUnsafe.writeComplete0(AbstractIoUringStreamChannel.java:692)
	at io.netty.channel.uring.IoUringSocketChannel$IoUringSocketUnsafe.writeComplete0(IoUringSocketChannel.java:188)
	at io.netty.channel.uring.AbstractIoUringChannel$AbstractUringUnsafe.writeComplete(AbstractIoUringChannel.java:1003)
	at io.netty.channel.uring.AbstractIoUringChannel$AbstractUringUnsafe.handle(AbstractIoUringChannel.java:474)
	at io.netty.channel.uring.IoUringIoHandler$DefaultIoUringIoRegistration.handle(IoUringIoHandler.java:705)
	at io.netty.channel.uring.IoUringIoHandler.handleFastPath(IoUringIoHandler.java:318)
	at io.netty.channel.uring.IoUringIoHandler.handle(IoUringIoHandler.java:298)
	at io.netty.channel.uring.CompletionQueue.process(CompletionQueue.java:151)
	at io.netty.channel.uring.IoUringIoHandler.processCompletionsAndHandleOverflow(IoUringIoHandler.java:213)
	at io.netty.channel.uring.IoUringIoHandler.run(IoUringIoHandler.java:188)
	at io.netty.channel.SingleThreadIoEventLoop.runIo(SingleThreadIoEventLoop.java:225)
	at io.netty.channel.SingleThreadIoEventLoop.run(SingleThreadIoEventLoop.java:196)
	at io.netty.util.concurrent.SingleThreadEventExecutor$5.run(SingleThreadEventExecutor.java:1204)
	at io.netty.util.internal.ThreadExecutorMap$2.run(ThreadExecutorMap.java:74)
	at io.netty.util.concurrent.FastThreadLocalRunnable.run(FastThreadLocalRunnable.java:30)
	at java.base/java.lang.Thread.run(Thread.java:1583)
00:06:32.515 [multiThreadIoEventLoopGroup-3-4] WARN  i.n.channel.uring.IoUringIoHandler - Unexpected exception in the IO event loop.
java.lang.IllegalStateException: arena buffer of Thread[#31,multiThreadIoEventLoopGroup-4-2,10,main] touched from Thread[#29,multiThreadIoEventLoopGroup-3-4,10,main] (event-loop arena buffers are thread confined)
	at io.netty.buffer.CycleArenaAllocator$ArenaBuf.violation(CycleArenaAllocator.java:1279)
	at io.netty.buffer.CycleArenaAllocator$ArenaBuf.retain(CycleArenaAllocator.java:1182)
	at io.netty.buffer.AbstractDerivedByteBuf.retain0(AbstractDerivedByteBuf.java:58)
	at io.netty.buffer.AbstractDerivedByteBuf.retain(AbstractDerivedByteBuf.java:54)
	at io.netty.channel.uring.IoUringSocketChannel$IoUringSocketUnsafe.handleWriteCompleteZeroCopy(IoUringSocketChannel.java:220)
	at io.netty.channel.uring.IoUringSocketChannel$IoUringSocketUnsafe.writeComplete0(IoUringSocketChannel.java:186)
	at io.netty.channel.uring.AbstractIoUringChannel$AbstractUringUnsafe.writeComplete(AbstractIoUringChannel.java:1003)
	at io.netty.channel.uring.AbstractIoUringChannel$AbstractUringUnsafe.handle(AbstractIoUringChannel.java:474)
	at io.netty.channel.uring.IoUringIoHandler$DefaultIoUringIoRegistration.handle(IoUringIoHandler.java:705)
	at io.netty.channel.uring.IoUringIoHandler.handleFastPath(IoUringIoHandler.java:318)
	at io.netty.channel.uring.IoUringIoHandler.handle(IoUringIoHandler.java:298)
	at io.netty.channel.uring.CompletionQueue.process(CompletionQueue.java:151)
	at io.netty.channel.uring.IoUringIoHandler.processCompletionsAndHandleOverflow(IoUringIoHandler.java:213)
	at io.netty.channel.uring.IoUringIoHandler.run(IoUringIoHandler.java:188)
	at io.netty.channel.SingleThreadIoEventLoop.runIo(SingleThreadIoEventLoop.java:225)
	at io.netty.channel.SingleThreadIoEventLoop.run(SingleThreadIoEventLoop.java:196)
	at io.netty.util.concurrent.SingleThreadEventExecutor$5.run(SingleThreadEventExecutor.java:1204)
	at io.netty.util.internal.ThreadExecutorMap$2.run(ThreadExecutorMap.java:74)
	at io.netty.util.concurrent.FastThreadLocalRunnable.run(FastThreadLocalRunnable.java:30)
	at java.base/java.lang.Thread.run(Thread.java:1583)
00:06:32.515 [multiThreadIoEventLoopGroup-3-2] WARN  io.netty.util.ReferenceCountUtil - Failed to release a message: UnpooledSlicedByteBuf(ridx: 0, widx: 1924, cap: 1924/1924, unwrapped: CycleArenaAllocator$ArenaBuf(ridx: 0, widx: 8192, cap: 8192))
java.lang.IllegalStateException: arena buffer of Thread[#30,multiThreadIoEventLoopGroup-4-1,10,main] touched from Thread[#27,multiThreadIoEventLoopGroup-3-2,10,main] (event-loop arena buffers are thread confined)
	at io.netty.buffer.CycleArenaAllocator$ArenaBuf.violation(CycleArenaAllocator.java:1279)
	at io.netty.buffer.CycleArenaAllocator$ArenaBuf.release(CycleArenaAllocator.java:1208)
	at io.netty.buffer.AbstractDerivedByteBuf.release0(AbstractDerivedByteBuf.java:98)
	at io.netty.buffer.AbstractDerivedByteBuf.release(AbstractDerivedByteBuf.java:94)
	at io.netty.util.ReferenceCountUtil.release(ReferenceCountUtil.java:90)
	at io.netty.util.ReferenceCountUtil.safeRelease(ReferenceCountUtil.java:116)
	at io.netty.channel.ChannelOutboundBuffer.remove(ChannelOutboundBuffer.java:300)
	at io.netty.channel.ChannelOutboundBuffer.removeBytes(ChannelOutboundBuffer.java:382)
	at io.netty.channel.uring.AbstractIoUringStreamChannel$IoUringStreamUnsafe.writeComplete0(AbstractIoUringStreamChannel.java:692)
	at io.netty.channel.uring.IoUringSocketChannel$IoUringSocketUnsafe.writeComplete0(IoUringSocketChannel.java:188)
	at io.netty.channel.uring.AbstractIoUringChannel$AbstractUringUnsafe.writeComplete(AbstractIoUringChannel.java:1003)
	at io.netty.channel.uring.AbstractIoUringChannel$AbstractUringUnsafe.handle(AbstractIoUringChannel.java:474)
	at io.netty.channel.uring.IoUringIoHandler$DefaultIoUringIoRegistration.handle(IoUringIoHandler.java:705)
	at io.netty.channel.uring.IoUringIoHandler.handleFastPath(IoUringIoHandler.java:318)
	at io.netty.channel.uring.IoUringIoHandler.handle(IoUringIoHandler.java:298)
	at io.netty.channel.uring.CompletionQueue.process(CompletionQueue.java:151)
	at io.netty.channel.uring.IoUringIoHandler.processCompletionsAndHandleOverflow(IoUringIoHandler.java:213)
	at io.netty.channel.uring.IoUringIoHandler.run(IoUringIoHandler.java:188)
	at io.netty.channel.SingleThreadIoEventLoop.runIo(SingleThreadIoEventLoop.java:225)
	at io.netty.channel.SingleThreadIoEventLoop.run(SingleThreadIoEventLoop.java:196)
	at io.netty.util.concurrent.SingleThreadEventExecutor$5.run(SingleThreadEventExecutor.java:1204)
	at io.netty.util.internal.ThreadExecutorMap$2.run(ThreadExecutorMap.java:74)
	at io.netty.util.concurrent.FastThreadLocalRunnable.run(FastThreadLocalRunnable.java:30)
	at java.base/java.lang.Thread.run(Thread.java:1583)
00:06:32.515 [multiThreadIoEventLoopGroup-3-2] WARN  i.n.channel.uring.IoUringIoHandler - Unexpected exception in the IO event loop.
java.lang.IllegalStateException: arena buffer of Thread[#30,multiThreadIoEventLoopGroup-4-1,10,main] touched from Thread[#27,multiThreadIoEventLoopGroup-3-2,10,main] (event-loop arena buffers are thread confined)
	at io.netty.buffer.CycleArenaAllocator$ArenaBuf.violation(CycleArenaAllocator.java:1279)
	at io.netty.buffer.CycleArenaAllocator$ArenaBuf.retain(CycleArenaAllocator.java:1182)
	at io.netty.buffer.AbstractDerivedByteBuf.retain0(AbstractDerivedByteBuf.java:58)
	at io.netty.buffer.AbstractDerivedByteBuf.retain(AbstractDerivedByteBuf.java:54)
	at io.netty.channel.uring.IoUringSocketChannel$IoUringSocketUnsafe.handleWriteCompleteZeroCopy(IoUringSocketChannel.java:220)
	at io.netty.channel.uring.IoUringSocketChannel$IoUringSocketUnsafe.writeComplete0(IoUringSocketChannel.java:186)
	at io.netty.channel.uring.AbstractIoUringChannel$AbstractUringUnsafe.writeComplete(AbstractIoUringChannel.java:1003)
	at io.netty.channel.uring.AbstractIoUringChannel$AbstractUringUnsafe.handle(AbstractIoUringChannel.java:474)
	at io.netty.channel.uring.IoUringIoHandler$DefaultIoUringIoRegistration.handle(IoUringIoHandler.java:705)
	at io.netty.channel.uring.IoUringIoHandler.handleFastPath(IoUringIoHandler.java:318)
	at io.netty.channel.uring.IoUringIoHandler.handle(IoUringIoHandler.java:298)
	at io.netty.channel.uring.CompletionQueue.process(CompletionQueue.java:151)
	at io.netty.channel.uring.IoUringIoHandler.processCompletionsAndHandleOverflow(IoUringIoHandler.java:213)
	at io.netty.channel.uring.IoUringIoHandler.run(IoUringIoHandler.java:188)
	at io.netty.channel.SingleThreadIoEventLoop.runIo(SingleThreadIoEventLoop.java:225)
	at io.netty.channel.SingleThreadIoEventLoop.run(SingleThreadIoEventLoop.java:196)
	at io.netty.util.concurrent.SingleThreadEventExecutor$5.run(SingleThreadEventExecutor.java:1204)
	at io.netty.util.internal.ThreadExecutorMap$2.run(ThreadExecutorMap.java:74)
	at io.netty.util.concurrent.FastThreadLocalRunnable.run(FastThreadLocalRunnable.java:30)
	at java.base/java.lang.Thread.run(Thread.java:1583)
00:06:32.614 [multiThreadIoEventLoopGroup-4-4] WARN  i.n.channel.uring.IoUringIoHandler - Unexpected exception in the IO event loop.
java.lang.IllegalStateException: arena buffer of Thread[#29,multiThreadIoEventLoopGroup-3-4,10,main] touched from Thread[#33,multiThreadIoEventLoopGroup-4-4,10,main] (event-loop arena buffers are thread confined)
	at io.netty.buffer.CycleArenaAllocator$ArenaBuf.violation(CycleArenaAllocator.java:1279)
	at io.netty.buffer.CycleArenaAllocator$ArenaBuf.release(CycleArenaAllocator.java:1208)
	at io.netty.buffer.AbstractDerivedByteBuf.release0(AbstractDerivedByteBuf.java:98)
	at io.netty.buffer.AbstractDerivedByteBuf.release(AbstractDerivedByteBuf.java:94)
	at io.netty.channel.uring.IoUringSocketChannel$IoUringSocketUnsafe.handleWriteCompleteZeroCopy(IoUringSocketChannel.java:289)
	at io.netty.channel.uring.IoUringSocketChannel$IoUringSocketUnsafe.writeComplete0(IoUringSocketChannel.java:186)
	at io.netty.channel.uring.AbstractIoUringChannel$AbstractUringUnsafe.writeComplete(AbstractIoUringChannel.java:1003)
	at io.netty.channel.uring.AbstractIoUringChannel$AbstractUringUnsafe.handle(AbstractIoUringChannel.java:474)
	at io.netty.channel.uring.IoUringIoHandler$DefaultIoUringIoRegistration.handle(IoUringIoHandler.java:705)
	at io.netty.channel.uring.IoUringIoHandler.handleFastPath(IoUringIoHandler.java:318)
	at io.netty.channel.uring.IoUringIoHandler.handle(IoUringIoHandler.java:298)
	at io.netty.channel.uring.CompletionQueue.process(CompletionQueue.java:151)
	at io.netty.channel.uring.IoUringIoHandler.processCompletionsAndHandleOverflow(IoUringIoHandler.java:213)
	at io.netty.channel.uring.IoUringIoHandler.run(IoUringIoHandler.java:188)
	at io.netty.channel.SingleThreadIoEventLoop.runIo(SingleThreadIoEventLoop.java:225)
	at io.netty.channel.SingleThreadIoEventLoop.run(SingleThreadIoEventLoop.java:196)
	at io.netty.util.concurrent.SingleThreadEventExecutor$5.run(SingleThreadEventExecutor.java:1204)
	at io.netty.util.internal.ThreadExecutorMap$2.run(ThreadExecutorMap.java:74)
	at io.netty.util.concurrent.FastThreadLocalRunnable.run(FastThreadLocalRunnable.java:30)
	at java.base/java.lang.Thread.run(Thread.java:1583)
00:06:32.615 [multiThreadIoEventLoopGroup-3-3] WARN  i.n.channel.uring.IoUringIoHandler - Unexpected exception in the IO event loop.
java.lang.IllegalStateException: arena buffer of Thread[#31,multiThreadIoEventLoopGroup-4-2,10,main] touched from Thread[#28,multiThreadIoEventLoopGroup-3-3,10,main] (event-loop arena buffers are thread confined)
	at io.netty.buffer.CycleArenaAllocator$ArenaBuf.violation(CycleArenaAllocator.java:1279)
	at io.netty.buffer.CycleArenaAllocator$ArenaBuf.retain(CycleArenaAllocator.java:1182)
	at io.netty.buffer.AbstractDerivedByteBuf.retain0(AbstractDerivedByteBuf.java:58)
	at io.netty.buffer.AbstractDerivedByteBuf.retain(AbstractDerivedByteBuf.java:54)
	at io.netty.channel.uring.IoUringSocketChannel$IoUringSocketUnsafe.handleWriteCompleteZeroCopy(IoUringSocketChannel.java:220)
	at io.netty.channel.uring.IoUringSocketChannel$IoUringSocketUnsafe.writeComplete0(IoUringSocketChannel.java:186)
	at io.netty.channel.uring.AbstractIoUringChannel$AbstractUringUnsafe.writeComplete(AbstractIoUringChannel.java:1003)
	at io.netty.channel.uring.AbstractIoUringChannel$AbstractUringUnsafe.handle(AbstractIoUringChannel.java:474)
	at io.netty.channel.uring.IoUringIoHandler$DefaultIoUringIoRegistration.handle(IoUringIoHandler.java:705)
	at io.netty.channel.uring.IoUringIoHandler.handleFastPath(IoUringIoHandler.java:318)
	at io.netty.channel.uring.IoUringIoHandler.handle(IoUringIoHandler.java:298)
	at io.netty.channel.uring.CompletionQueue.process(CompletionQueue.java:151)
	at io.netty.channel.uring.IoUringIoHandler.processCompletionsAndHandleOverflow(IoUringIoHandler.java:213)
	at io.netty.channel.uring.IoUringIoHandler.run(IoUringIoHandler.java:188)
	at io.netty.channel.SingleThreadIoEventLoop.runIo(SingleThreadIoEventLoop.java:225)
	at io.netty.channel.SingleThreadIoEventLoop.run(SingleThreadIoEventLoop.java:196)
	at io.netty.util.concurrent.SingleThreadEventExecutor$5.run(SingleThreadEventExecutor.java:1204)
	at io.netty.util.internal.ThreadExecutorMap$2.run(ThreadExecutorMap.java:74)
	at io.netty.util.concurrent.FastThreadLocalRunnable.run(FastThreadLocalRunnable.java:30)
	at java.base/java.lang.Thread.run(Thread.java:1583)
00:06:32.615 [multiThreadIoEventLoopGroup-4-3] WARN  io.netty.util.ReferenceCountUtil - Failed to release a message: UnpooledSlicedByteBuf(ridx: 0, widx: 1782, cap: 1782/1782, unwrapped: CycleArenaAllocator$ArenaBuf(ridx: 0, widx: 1782, cap: 8192))
java.lang.IllegalStateException: arena buffer of Thread[#26,multiThreadIoEventLoopGroup-3-1,10,main] touched from Thread[#32,multiThreadIoEventLoopGroup-4-3,10,main] (event-loop arena buffers are thread confined)
	at io.netty.buffer.CycleArenaAllocator$ArenaBuf.violation(CycleArenaAllocator.java:1279)
	at io.netty.buffer.CycleArenaAllocator$ArenaBuf.release(CycleArenaAllocator.java:1208)
	at io.netty.buffer.AbstractDerivedByteBuf.release0(AbstractDerivedByteBuf.java:98)
	at io.netty.buffer.AbstractDerivedByteBuf.release(AbstractDerivedByteBuf.java:94)
	at io.netty.util.ReferenceCountUtil.release(ReferenceCountUtil.java:90)
	at io.netty.util.ReferenceCountUtil.safeRelease(ReferenceCountUtil.java:116)
	at io.netty.channel.ChannelOutboundBuffer.remove(ChannelOutboundBuffer.java:300)
	at io.netty.channel.ChannelOutboundBuffer.removeBytes(ChannelOutboundBuffer.java:382)
	at io.netty.channel.uring.AbstractIoUringStreamChannel$IoUringStreamUnsafe.writeComplete0(AbstractIoUringStreamChannel.java:692)
	at io.netty.channel.uring.IoUringSocketChannel$IoUringSocketUnsafe.writeComplete0(IoUringSocketChannel.java:188)
	at io.netty.channel.uring.AbstractIoUringChannel$AbstractUringUnsafe.writeComplete(AbstractIoUringChannel.java:1003)
	at io.netty.channel.uring.AbstractIoUringChannel$AbstractUringUnsafe.handle(AbstractIoUringChannel.java:474)
	at io.netty.channel.uring.IoUringIoHandler$DefaultIoUringIoRegistration.handle(IoUringIoHandler.java:705)
	at io.netty.channel.uring.IoUringIoHandler.handleFastPath(IoUringIoHandler.java:318)
	at io.netty.channel.uring.IoUringIoHandler.handle(IoUringIoHandler.java:298)
	at io.netty.channel.uring.CompletionQueue.process(CompletionQueue.java:151)
	at io.netty.channel.uring.IoUringIoHandler.processCompletionsAndHandleOverflow(IoUringIoHandler.java:213)
	at io.netty.channel.uring.IoUringIoHandler.run(IoUringIoHandler.java:188)
	at io.netty.channel.SingleThreadIoEventLoop.runIo(SingleThreadIoEventLoop.java:225)
	at io.netty.channel.SingleThreadIoEventLoop.run(SingleThreadIoEventLoop.java:196)
	at io.netty.util.concurrent.SingleThreadEventExecutor$5.run(SingleThreadEventExecutor.java:1204)
	at io.netty.util.internal.ThreadExecutorMap$2.run(ThreadExecutorMap.java:74)
	at io.netty.util.concurrent.FastThreadLocalRunnable.run(FastThreadLocalRunnable.java:30)
	at java.base/java.lang.Thread.run(Thread.java:1583)
00:06:32.615 [multiThreadIoEventLoopGroup-3-1] WARN  io.netty.util.ReferenceCountUtil - Failed to release a message: UnpooledSlicedByteBuf(ridx: 0, widx: 1042, cap: 1042/1042, unwrapped: CycleArenaAllocator$ArenaBuf(ridx: 0, widx: 8192, cap: 8192))
java.lang.IllegalStateException: arena buffer of Thread[#30,multiThreadIoEventLoopGroup-4-1,10,main] touched from Thread[#26,multiThreadIoEventLoopGroup-3-1,10,main] (event-loop arena buffers are thread confined)
	at io.netty.buffer.CycleArenaAllocator$ArenaBuf.violation(CycleArenaAllocator.java:1279)
	at io.netty.buffer.CycleArenaAllocator$ArenaBuf.release(CycleArenaAllocator.java:1208)
	at io.netty.buffer.AbstractDerivedByteBuf.release0(AbstractDerivedByteBuf.java:98)
	at io.netty.buffer.AbstractDerivedByteBuf.release(AbstractDerivedByteBuf.java:94)
	at io.netty.util.ReferenceCountUtil.release(ReferenceCountUtil.java:90)
	at io.netty.util.ReferenceCountUtil.safeRelease(ReferenceCountUtil.java:116)
	at io.netty.channel.ChannelOutboundBuffer.remove(ChannelOutboundBuffer.java:300)
	at io.netty.channel.ChannelOutboundBuffer.removeBytes(ChannelOutboundBuffer.java:382)
	at io.netty.channel.uring.AbstractIoUringStreamChannel$IoUringStreamUnsafe.writeComplete0(AbstractIoUringStreamChannel.java:692)
	at io.netty.channel.uring.IoUringSocketChannel$IoUringSocketUnsafe.writeComplete0(IoUringSocketChannel.java:188)
	at io.netty.channel.uring.AbstractIoUringChannel$AbstractUringUnsafe.writeComplete(AbstractIoUringChannel.java:1003)
	at io.netty.channel.uring.AbstractIoUringChannel$AbstractUringUnsafe.handle(AbstractIoUringChannel.java:474)
	at io.netty.channel.uring.IoUringIoHandler$DefaultIoUringIoRegistration.handle(IoUringIoHandler.java:705)
	at io.netty.channel.uring.IoUringIoHandler.handleFastPath(IoUringIoHandler.java:318)
	at io.netty.channel.uring.IoUringIoHandler.handle(IoUringIoHandler.java:298)
	at io.netty.channel.uring.CompletionQueue.process(CompletionQueue.java:151)
	at io.netty.channel.uring.IoUringIoHandler.processCompletionsAndHandleOverflow(IoUringIoHandler.java:213)
	at io.netty.channel.uring.IoUringIoHandler.run(IoUringIoHandler.java:188)
	at io.netty.channel.SingleThreadIoEventLoop.runIo(SingleThreadIoEventLoop.java:225)
	at io.netty.channel.SingleThreadIoEventLoop.run(SingleThreadIoEventLoop.java:196)
	at io.netty.util.concurrent.SingleThreadEventExecutor$5.run(SingleThreadEventExecutor.java:1204)
	at io.netty.util.internal.ThreadExecutorMap$2.run(ThreadExecutorMap.java:74)
	at io.netty.util.concurrent.FastThreadLocalRunnable.run(FastThreadLocalRunnable.java:30)
	at java.base/java.lang.Thread.run(Thread.java:1583)
00:06:32.615 [multiThreadIoEventLoopGroup-3-4] WARN  io.netty.util.ReferenceCountUtil - Failed to release a message: UnpooledSlicedByteBuf(ridx: 0, widx: 156, cap: 156/156, unwrapped: CycleArenaAllocator$ArenaBuf(ridx: 0, widx: 1502, cap: 8192))
java.lang.IllegalStateException: arena buffer of Thread[#30,multiThreadIoEventLoopGroup-4-1,10,main] touched from Thread[#29,multiThreadIoEventLoopGroup-3-4,10,main] (event-loop arena buffers are thread confined)
	at io.netty.buffer.CycleArenaAllocator$ArenaBuf.violation(CycleArenaAllocator.java:1279)
	at io.netty.buffer.CycleArenaAllocator$ArenaBuf.release(CycleArenaAllocator.java:1208)
	at io.netty.buffer.AbstractDerivedByteBuf.release0(AbstractDerivedByteBuf.java:98)
	at io.netty.buffer.AbstractDerivedByteBuf.release(AbstractDerivedByteBuf.java:94)
	at io.netty.util.ReferenceCountUtil.release(ReferenceCountUtil.java:90)
	at io.netty.util.ReferenceCountUtil.safeRelease(ReferenceCountUtil.java:116)
	at io.netty.channel.ChannelOutboundBuffer.remove(ChannelOutboundBuffer.java:300)
	at io.netty.channel.ChannelOutboundBuffer.removeBytes(ChannelOutboundBuffer.java:382)
	at io.netty.channel.uring.AbstractIoUringStreamChannel$IoUringStreamUnsafe.writeComplete0(AbstractIoUringStreamChannel.java:692)
	at io.netty.channel.uring.IoUringSocketChannel$IoUringSocketUnsafe.writeComplete0(IoUringSocketChannel.java:188)
	at io.netty.channel.uring.AbstractIoUringChannel$AbstractUringUnsafe.writeComplete(AbstractIoUringChannel.java:1003)
	at io.netty.channel.uring.AbstractIoUringChannel$AbstractUringUnsafe.handle(AbstractIoUringChannel.java:474)
	at io.netty.channel.uring.IoUringIoHandler$DefaultIoUringIoRegistration.handle(IoUringIoHandler.java:705)
	at io.netty.channel.uring.IoUringIoHandler.handleFastPath(IoUringIoHandler.java:318)
	at io.netty.channel.uring.IoUringIoHandler.handle(IoUringIoHandler.java:298)
	at io.netty.channel.uring.CompletionQueue.process(CompletionQueue.java:151)
	at io.netty.channel.uring.IoUringIoHandler.processCompletionsAndHandleOverflow(IoUringIoHandler.java:213)
	at io.netty.channel.uring.IoUringIoHandler.run(IoUringIoHandler.java:188)
	at io.netty.channel.SingleThreadIoEventLoop.runIo(SingleThreadIoEventLoop.java:225)
	at io.netty.channel.SingleThreadIoEventLoop.run(SingleThreadIoEventLoop.java:196)
	at io.netty.util.concurrent.SingleThreadEventExecutor$5.run(SingleThreadEventExecutor.java:1204)
	at io.netty.util.internal.ThreadExecutorMap$2.run(ThreadExecutorMap.java:74)
	at io.netty.util.concurrent.FastThreadLocalRunnable.run(FastThreadLocalRunnable.java:30)
	at java.base/java.lang.Thread.run(Thread.java:1583)
00:06:32.615 [multiThreadIoEventLoopGroup-4-3] WARN  io.netty.util.ReferenceCountUtil - Failed to release a message: UnpooledSlicedByteBuf(ridx: 0, widx: 1782, cap: 1782/1782, unwrapped: CycleArenaAllocator$ArenaBuf(ridx: 0, widx: 5977, cap: 8192))
java.lang.IllegalStateException: arena buffer of Thread[#28,multiThreadIoEventLoopGroup-3-3,10,main] touched from Thread[#32,multiThreadIoEventLoopGroup-4-3,10,main] (event-loop arena buffers are thread confined)
	at io.netty.buffer.CycleArenaAllocator$ArenaBuf.violation(CycleArenaAllocator.java:1279)
	at io.netty.buffer.CycleArenaAllocator$ArenaBuf.release(CycleArenaAllocator.java:1208)
	at io.netty.buffer.AbstractDerivedByteBuf.release0(AbstractDerivedByteBuf.java:98)
	at io.netty.buffer.AbstractDerivedByteBuf.release(AbstractDerivedByteBuf.java:94)
	at io.netty.util.ReferenceCountUtil.release(ReferenceCountUtil.java:90)
	at io.netty.util.ReferenceCountUtil.safeRelease(ReferenceCountUtil.java:116)
	at io.netty.channel.ChannelOutboundBuffer.remove(ChannelOutboundBuffer.java:300)
	at io.netty.channel.ChannelOutboundBuffer.removeBytes(ChannelOutboundBuffer.java:382)
	at io.netty.channel.uring.AbstractIoUringStreamChannel$IoUringStreamUnsafe.writeComplete0(AbstractIoUringStreamChannel.java:692)
	at io.netty.channel.uring.IoUringSocketChannel$IoUringSocketUnsafe.writeComplete0(IoUringSocketChannel.java:188)
	at io.netty.channel.uring.AbstractIoUringChannel$AbstractUringUnsafe.writeComplete(AbstractIoUringChannel.java:1003)
	at io.netty.channel.uring.AbstractIoUringChannel$AbstractUringUnsafe.handle(AbstractIoUringChannel.java:474)
	at io.netty.channel.uring.IoUringIoHandler$DefaultIoUringIoRegistration.handle(IoUringIoHandler.java:705)
	at io.netty.channel.uring.IoUringIoHandler.handleFastPath(IoUringIoHandler.java:318)
	at io.netty.channel.uring.IoUringIoHandler.handle(IoUringIoHandler.java:298)
	at io.netty.channel.uring.CompletionQueue.process(CompletionQueue.java:151)
	at io.netty.channel.uring.IoUringIoHandler.processCompletionsAndHandleOverflow(IoUringIoHandler.java:213)
	at io.netty.channel.uring.IoUringIoHandler.run(IoUringIoHandler.java:188)
	at io.netty.channel.SingleThreadIoEventLoop.runIo(SingleThreadIoEventLoop.java:225)
	at io.netty.channel.SingleThreadIoEventLoop.run(SingleThreadIoEventLoop.java:196)
	at io.netty.util.concurrent.SingleThreadEventExecutor$5.run(SingleThreadEventExecutor.java:1204)
	at io.netty.util.internal.ThreadExecutorMap$2.run(ThreadExecutorMap.java:74)
	at io.netty.util.concurrent.FastThreadLocalRunnable.run(FastThreadLocalRunnable.java:30)
	at java.base/java.lang.Thread.run(Thread.java:1583)
00:06:32.615 [multiThreadIoEventLoopGroup-3-4] WARN  i.n.channel.uring.IoUringIoHandler - Unexpected exception in the IO event loop.
java.lang.IllegalStateException: arena buffer of Thread[#31,multiThreadIoEventLoopGroup-4-2,10,main] touched from Thread[#29,multiThreadIoEventLoopGroup-3-4,10,main] (event-loop arena buffers are thread confined)
	at io.netty.buffer.CycleArenaAllocator$ArenaBuf.violation(CycleArenaAllocator.java:1279)
	at io.netty.buffer.CycleArenaAllocator$ArenaBuf.release(CycleArenaAllocator.java:1208)
	at io.netty.buffer.AbstractDerivedByteBuf.release0(AbstractDerivedByteBuf.java:98)
	at io.netty.buffer.AbstractDerivedByteBuf.release(AbstractDerivedByteBuf.java:94)
	at io.netty.channel.uring.IoUringSocketChannel$IoUringSocketUnsafe.handleWriteCompleteZeroCopy(IoUringSocketChannel.java:289)
	at io.netty.channel.uring.IoUringSocketChannel$IoUringSocketUnsafe.writeComplete0(IoUringSocketChannel.java:186)
	at io.netty.channel.uring.AbstractIoUringChannel$AbstractUringUnsafe.writeComplete(AbstractIoUringChannel.java:1003)
	at io.netty.channel.uring.AbstractIoUringChannel$AbstractUringUnsafe.handle(AbstractIoUringChannel.java:474)
	at io.netty.channel.uring.IoUringIoHandler$DefaultIoUringIoRegistration.handle(IoUringIoHandler.java:705)
	at io.netty.channel.uring.IoUringIoHandler.handleFastPath(IoUringIoHandler.java:318)
	at io.netty.channel.uring.IoUringIoHandler.handle(IoUringIoHandler.java:298)
	at io.netty.channel.uring.CompletionQueue.process(CompletionQueue.java:151)
	at io.netty.channel.uring.IoUringIoHandler.processCompletionsAndHandleOverflow(IoUringIoHandler.java:213)
	at io.netty.channel.uring.IoUringIoHandler.run(IoUringIoHandler.java:188)
	at io.netty.channel.SingleThreadIoEventLoop.runIo(SingleThreadIoEventLoop.java:225)
	at io.netty.channel.SingleThreadIoEventLoop.run(SingleThreadIoEventLoop.java:196)
	at io.netty.util.concurrent.SingleThreadEventExecutor$5.run(SingleThreadEventExecutor.java:1204)
	at io.netty.util.internal.ThreadExecutorMap$2.run(ThreadExecutorMap.java:74)
	at io.netty.util.concurrent.FastThreadLocalRunnable.run(FastThreadLocalRunnable.java:30)
	at java.base/java.lang.Thread.run(Thread.java:1583)
00:06:32.615 [multiThreadIoEventLoopGroup-4-3] WARN  i.n.channel.uring.IoUringIoHandler - Unexpected exception in the IO event loop.
java.lang.IllegalStateException: arena buffer of Thread[#26,multiThreadIoEventLoopGroup-3-1,10,main] touched from Thread[#32,multiThreadIoEventLoopGroup-4-3,10,main] (event-loop arena buffers are thread confined)
	at io.netty.buffer.CycleArenaAllocator$ArenaBuf.violation(CycleArenaAllocator.java:1279)
	at io.netty.buffer.CycleArenaAllocator$ArenaBuf.release(CycleArenaAllocator.java:1208)
	at io.netty.buffer.AbstractDerivedByteBuf.release0(AbstractDerivedByteBuf.java:98)
	at io.netty.buffer.AbstractDerivedByteBuf.release(AbstractDerivedByteBuf.java:94)
	at io.netty.channel.uring.IoUringSocketChannel$IoUringSocketUnsafe.handleWriteCompleteZeroCopy(IoUringSocketChannel.java:289)
	at io.netty.channel.uring.IoUringSocketChannel$IoUringSocketUnsafe.writeComplete0(IoUringSocketChannel.java:186)
	at io.netty.channel.uring.AbstractIoUringChannel$AbstractUringUnsafe.writeComplete(AbstractIoUringChannel.java:1003)
	at io.netty.channel.uring.AbstractIoUringChannel$AbstractUringUnsafe.handle(AbstractIoUringChannel.java:474)
	at io.netty.channel.uring.IoUringIoHandler$DefaultIoUringIoRegistration.handle(IoUringIoHandler.java:705)
	at io.netty.channel.uring.IoUringIoHandler.handleFastPath(IoUringIoHandler.java:318)
	at io.netty.channel.uring.IoUringIoHandler.handle(IoUringIoHandler.java:298)
	at io.netty.channel.uring.CompletionQueue.process(CompletionQueue.java:151)
	at io.netty.channel.uring.IoUringIoHandler.processCompletionsAndHandleOverflow(IoUringIoHandler.java:213)
	at io.netty.channel.uring.IoUringIoHandler.run(IoUringIoHandler.java:188)
	at io.netty.channel.SingleThreadIoEventLoop.runIo(SingleThreadIoEventLoop.java:225)
	at io.netty.channel.SingleThreadIoEventLoop.run(SingleThreadIoEventLoop.java:196)
	at io.netty.util.concurrent.SingleThreadEventExecutor$5.run(SingleThreadEventExecutor.java:1204)
	at io.netty.util.internal.ThreadExecutorMap$2.run(ThreadExecutorMap.java:74)
	at io.netty.util.concurrent.FastThreadLocalRunnable.run(FastThreadLocalRunnable.java:30)
	at java.base/java.lang.Thread.run(Thread.java:1583)
00:06:32.615 [multiThreadIoEventLoopGroup-3-1] WARN  i.n.channel.uring.IoUringIoHandler - Unexpected exception in the IO event loop.
java.lang.IllegalStateException: arena buffer of Thread[#30,multiThreadIoEventLoopGroup-4-1,10,main] touched from Thread[#26,multiThreadIoEventLoopGroup-3-1,10,main] (event-loop arena buffers are thread confined)
	at io.netty.buffer.CycleArenaAllocator$ArenaBuf.violation(CycleArenaAllocator.java:1279)
	at io.netty.buffer.CycleArenaAllocator$ArenaBuf.retain(CycleArenaAllocator.java:1182)
	at io.netty.buffer.AbstractDerivedByteBuf.retain0(AbstractDerivedByteBuf.java:58)
	at io.netty.buffer.AbstractDerivedByteBuf.retain(AbstractDerivedByteBuf.java:54)
	at io.netty.channel.uring.IoUringSocketChannel$IoUringSocketUnsafe.handleWriteCompleteZeroCopy(IoUringSocketChannel.java:220)
	at io.netty.channel.uring.IoUringSocketChannel$IoUringSocketUnsafe.writeComplete0(IoUringSocketChannel.java:186)
	at io.netty.channel.uring.AbstractIoUringChannel$AbstractUringUnsafe.writeComplete(AbstractIoUringChannel.java:1003)
	at io.netty.channel.uring.AbstractIoUringChannel$AbstractUringUnsafe.handle(AbstractIoUringChannel.java:474)
	at io.netty.channel.uring.IoUringIoHandler$DefaultIoUringIoRegistration.handle(IoUringIoHandler.java:705)
	at io.netty.channel.uring.IoUringIoHandler.handleFastPath(IoUringIoHandler.java:318)
	at io.netty.channel.uring.IoUringIoHandler.handle(IoUringIoHandler.java:298)
	at io.netty.channel.uring.CompletionQueue.process(CompletionQueue.java:151)
	at io.netty.channel.uring.IoUringIoHandler.processCompletionsAndHandleOverflow(IoUringIoHandler.java:213)
	at io.netty.channel.uring.IoUringIoHandler.run(IoUringIoHandler.java:188)
	at io.netty.channel.SingleThreadIoEventLoop.runIo(SingleThreadIoEventLoop.java:225)
	at io.netty.channel.SingleThreadIoEventLoop.run(SingleThreadIoEventLoop.java:196)
	at io.netty.util.concurrent.SingleThreadEventExecutor$5.run(SingleThreadEventExecutor.java:1204)
	at io.netty.util.internal.ThreadExecutorMap$2.run(ThreadExecutorMap.java:74)
	at io.netty.util.concurrent.FastThreadLocalRunnable.run(FastThreadLocalRunnable.java:30)
	at java.base/java.lang.Thread.run(Thread.java:1583)
00:06:32.615 [multiThreadIoEventLoopGroup-3-2] WARN  io.netty.util.ReferenceCountUtil - Failed to release a message: UnpooledSlicedByteBuf(ridx: 0, widx: 1020, cap: 1020/1020, unwrapped: CycleArenaAllocator$ArenaBuf(ridx: 0, widx: 8192, cap: 8192))
java.lang.IllegalStateException: arena buffer of Thread[#31,multiThreadIoEventLoopGroup-4-2,10,main] touched from Thread[#27,multiThreadIoEventLoopGroup-3-2,10,main] (event-loop arena buffers are thread confined)
	at io.netty.buffer.CycleArenaAllocator$ArenaBuf.violation(CycleArenaAllocator.java:1279)
	at io.netty.buffer.CycleArenaAllocator$ArenaBuf.release(CycleArenaAllocator.java:1208)
	at io.netty.buffer.AbstractDerivedByteBuf.release0(AbstractDerivedByteBuf.java:98)
	at io.netty.buffer.AbstractDerivedByteBuf.release(AbstractDerivedByteBuf.java:94)
	at io.netty.util.ReferenceCountUtil.release(ReferenceCountUtil.java:90)
	at io.netty.util.ReferenceCountUtil.safeRelease(ReferenceCountUtil.java:116)
	at io.netty.channel.ChannelOutboundBuffer.remove(ChannelOutboundBuffer.java:300)
	at io.netty.channel.ChannelOutboundBuffer.removeBytes(ChannelOutboundBuffer.java:382)
	at io.netty.channel.uring.AbstractIoUringStreamChannel$IoUringStreamUnsafe.writeComplete0(AbstractIoUringStreamChannel.java:692)
	at io.netty.channel.uring.IoUringSocketChannel$IoUringSocketUnsafe.writeComplete0(IoUringSocketChannel.java:188)
	at io.netty.channel.uring.AbstractIoUringChannel$AbstractUringUnsafe.writeComplete(AbstractIoUringChannel.java:1003)
	at io.netty.channel.uring.AbstractIoUringChannel$AbstractUringUnsafe.handle(AbstractIoUringChannel.java:474)
	at io.netty.channel.uring.IoUringIoHandler$DefaultIoUringIoRegistration.handle(IoUringIoHandler.java:705)
	at io.netty.channel.uring.IoUringIoHandler.handleFastPath(IoUringIoHandler.java:318)
	at io.netty.channel.uring.IoUringIoHandler.handle(IoUringIoHandler.java:298)
	at io.netty.channel.uring.CompletionQueue.process(CompletionQueue.java:151)
	at io.netty.channel.uring.IoUringIoHandler.processCompletionsAndHandleOverflow(IoUringIoHandler.java:213)
	at io.netty.channel.uring.IoUringIoHandler.run(IoUringIoHandler.java:188)
	at io.netty.channel.SingleThreadIoEventLoop.runIo(SingleThreadIoEventLoop.java:225)
	at io.netty.channel.SingleThreadIoEventLoop.run(SingleThreadIoEventLoop.java:196)
	at io.netty.util.concurrent.SingleThreadEventExecutor$5.run(SingleThreadEventExecutor.java:1204)
	at io.netty.util.internal.ThreadExecutorMap$2.run(ThreadExecutorMap.java:74)
	at io.netty.util.concurrent.FastThreadLocalRunnable.run(FastThreadLocalRunnable.java:30)
	at java.base/java.lang.Thread.run(Thread.java:1583)
00:06:32.615 [multiThreadIoEventLoopGroup-3-2] WARN  io.netty.util.ReferenceCountUtil - Failed to release a message: UnpooledSlicedByteBuf(ridx: 0, widx: 156, cap: 156/156, unwrapped: CycleArenaAllocator$ArenaBuf(ridx: 0, widx: 8192, cap: 8192))
java.lang.IllegalStateException: arena buffer of Thread[#31,multiThreadIoEventLoopGroup-4-2,10,main] touched from Thread[#27,multiThreadIoEventLoopGroup-3-2,10,main] (event-loop arena buffers are thread confined)
	at io.netty.buffer.CycleArenaAllocator$ArenaBuf.violation(CycleArenaAllocator.java:1279)
	at io.netty.buffer.CycleArenaAllocator$ArenaBuf.release(CycleArenaAllocator.java:1208)
	at io.netty.buffer.AbstractDerivedByteBuf.release0(AbstractDerivedByteBuf.java:98)
	at io.netty.buffer.AbstractDerivedByteBuf.release(AbstractDerivedByteBuf.java:94)
	at io.netty.util.ReferenceCountUtil.release(ReferenceCountUtil.java:90)
	at io.netty.util.ReferenceCountUtil.safeRelease(ReferenceCountUtil.java:116)
	at io.netty.channel.ChannelOutboundBuffer.remove(ChannelOutboundBuffer.java:300)
	at io.netty.channel.ChannelOutboundBuffer.removeBytes(ChannelOutboundBuffer.java:382)
	at io.netty.channel.uring.AbstractIoUringStreamChannel$IoUringStreamUnsafe.writeComplete0(AbstractIoUringStreamChannel.java:692)
	at io.netty.channel.uring.IoUringSocketChannel$IoUringSocketUnsafe.writeComplete0(IoUringSocketChannel.java:188)
	at io.netty.channel.uring.AbstractIoUringChannel$AbstractUringUnsafe.writeComplete(AbstractIoUringChannel.java:1003)
	at io.netty.channel.uring.AbstractIoUringChannel$AbstractUringUnsafe.handle(AbstractIoUringChannel.java:474)
	at io.netty.channel.uring.IoUringIoHandler$DefaultIoUringIoRegistration.handle(IoUringIoHandler.java:705)
	at io.netty.channel.uring.IoUringIoHandler.handleFastPath(IoUringIoHandler.java:318)
	at io.netty.channel.uring.IoUringIoHandler.handle(IoUringIoHandler.java:298)
	at io.netty.channel.uring.CompletionQueue.process(CompletionQueue.java:151)
	at io.netty.channel.uring.IoUringIoHandler.processCompletionsAndHandleOverflow(IoUringIoHandler.java:213)
	at io.netty.channel.uring.IoUringIoHandler.run(IoUringIoHandler.java:188)
	at io.netty.channel.SingleThreadIoEventLoop.runIo(SingleThreadIoEventLoop.java:225)
	at io.netty.channel.SingleThreadIoEventLoop.run(SingleThreadIoEventLoop.java:196)
	at io.netty.util.concurrent.SingleThreadEventExecutor$5.run(SingleThreadEventExecutor.java:1204)
	at io.netty.util.internal.ThreadExecutorMap$2.run(ThreadExecutorMap.java:74)
	at io.netty.util.concurrent.FastThreadLocalRunnable.run(FastThreadLocalRunnable.java:30)
	at java.base/java.lang.Thread.run(Thread.java:1583)
00:06:32.616 [multiThreadIoEventLoopGroup-3-2] WARN  io.netty.util.ReferenceCountUtil - Failed to release a message: UnpooledSlicedByteBuf(ridx: 0, widx: 156, cap: 156/156, unwrapped: CycleArenaAllocator$ArenaBuf(ridx: 0, widx: 8192, cap: 8192))
java.lang.IllegalStateException: arena buffer of Thread[#30,multiThreadIoEventLoopGroup-4-1,10,main] touched from Thread[#27,multiThreadIoEventLoopGroup-3-2,10,main] (event-loop arena buffers are thread confined)
	at io.netty.buffer.CycleArenaAllocator$ArenaBuf.violation(CycleArenaAllocator.java:1279)
	at io.netty.buffer.CycleArenaAllocator$ArenaBuf.release(CycleArenaAllocator.java:1208)
	at io.netty.buffer.AbstractDerivedByteBuf.release0(AbstractDerivedByteBuf.java:98)
	at io.netty.buffer.AbstractDerivedByteBuf.release(AbstractDerivedByteBuf.java:94)
	at io.netty.util.ReferenceCountUtil.release(ReferenceCountUtil.java:90)
	at io.netty.util.ReferenceCountUtil.safeRelease(ReferenceCountUtil.java:116)
	at io.netty.channel.ChannelOutboundBuffer.remove(ChannelOutboundBuffer.java:300)
	at io.netty.channel.ChannelOutboundBuffer.removeBytes(ChannelOutboundBuffer.java:382)
	at io.netty.channel.uring.AbstractIoUringStreamChannel$IoUringStreamUnsafe.writeComplete0(AbstractIoUringStreamChannel.java:692)
	at io.netty.channel.uring.IoUringSocketChannel$IoUringSocketUnsafe.writeComplete0(IoUringSocketChannel.java:188)
	at io.netty.channel.uring.AbstractIoUringChannel$AbstractUringUnsafe.writeComplete(AbstractIoUringChannel.java:1003)
	at io.netty.channel.uring.AbstractIoUringChannel$AbstractUringUnsafe.handle(AbstractIoUringChannel.java:474)
	at io.netty.channel.uring.IoUringIoHandler$DefaultIoUringIoRegistration.handle(IoUringIoHandler.java:705)
	at io.netty.channel.uring.IoUringIoHandler.handleFastPath(IoUringIoHandler.java:318)
	at io.netty.channel.uring.IoUringIoHandler.handle(IoUringIoHandler.java:298)
	at io.netty.channel.uring.CompletionQueue.process(CompletionQueue.java:151)
	at io.netty.channel.uring.IoUringIoHandler.processCompletionsAndHandleOverflow(IoUringIoHandler.java:213)
	at io.netty.channel.uring.IoUringIoHandler.run(IoUringIoHandler.java:188)
	at io.netty.channel.SingleThreadIoEventLoop.runIo(SingleThreadIoEventLoop.java:225)
	at io.netty.channel.SingleThreadIoEventLoop.run(SingleThreadIoEventLoop.java:196)
	at io.netty.util.concurrent.SingleThreadEventExecutor$5.run(SingleThreadEventExecutor.java:1204)
	at io.netty.util.internal.ThreadExecutorMap$2.run(ThreadExecutorMap.java:74)
	at io.netty.util.concurrent.FastThreadLocalRunnable.run(FastThreadLocalRunnable.java:30)
	at java.base/java.lang.Thread.run(Thread.java:1583)
00:06:32.616 [multiThreadIoEventLoopGroup-3-2] WARN  io.netty.util.ReferenceCountUtil - Failed to release a message: UnpooledSlicedByteBuf(ridx: 0, widx: 156, cap: 156/156, unwrapped: CycleArenaAllocator$ArenaBuf(ridx: 0, widx: 5346, cap: 8192))
java.lang.IllegalStateException: arena buffer of Thread[#31,multiThreadIoEventLoopGroup-4-2,10,main] touched from Thread[#27,multiThreadIoEventLoopGroup-3-2,10,main] (event-loop arena buffers are thread confined)
	at io.netty.buffer.CycleArenaAllocator$ArenaBuf.violation(CycleArenaAllocator.java:1279)
	at io.netty.buffer.CycleArenaAllocator$ArenaBuf.release(CycleArenaAllocator.java:1208)
	at io.netty.buffer.AbstractDerivedByteBuf.release0(AbstractDerivedByteBuf.java:98)
	at io.netty.buffer.AbstractDerivedByteBuf.release(AbstractDerivedByteBuf.java:94)
	at io.netty.util.ReferenceCountUtil.release(ReferenceCountUtil.java:90)
	at io.netty.util.ReferenceCountUtil.safeRelease(ReferenceCountUtil.java:116)
	at io.netty.channel.ChannelOutboundBuffer.remove(ChannelOutboundBuffer.java:300)
	at io.netty.channel.ChannelOutboundBuffer.removeBytes(ChannelOutboundBuffer.java:382)
	at io.netty.channel.uring.AbstractIoUringStreamChannel$IoUringStreamUnsafe.writeComplete0(AbstractIoUringStreamChannel.java:692)
	at io.netty.channel.uring.IoUringSocketChannel$IoUringSocketUnsafe.writeComplete0(IoUringSocketChannel.java:188)
	at io.netty.channel.uring.AbstractIoUringChannel$AbstractUringUnsafe.writeComplete(AbstractIoUringChannel.java:1003)
	at io.netty.channel.uring.AbstractIoUringChannel$AbstractUringUnsafe.handle(AbstractIoUringChannel.java:474)
	at io.netty.channel.uring.IoUringIoHandler$DefaultIoUringIoRegistration.handle(IoUringIoHandler.java:705)
	at io.netty.channel.uring.IoUringIoHandler.handleFastPath(IoUringIoHandler.java:318)
	at io.netty.channel.uring.IoUringIoHandler.handle(IoUringIoHandler.java:298)
	at io.netty.channel.uring.CompletionQueue.process(CompletionQueue.java:151)
	at io.netty.channel.uring.IoUringIoHandler.processCompletionsAndHandleOverflow(IoUringIoHandler.java:213)
	at io.netty.channel.uring.IoUringIoHandler.run(IoUringIoHandler.java:188)
	at io.netty.channel.SingleThreadIoEventLoop.runIo(SingleThreadIoEventLoop.java:225)
	at io.netty.channel.SingleThreadIoEventLoop.run(SingleThreadIoEventLoop.java:196)
	at io.netty.util.concurrent.SingleThreadEventExecutor$5.run(SingleThreadEventExecutor.java:1204)
	at io.netty.util.internal.ThreadExecutorMap$2.run(ThreadExecutorMap.java:74)
	at io.netty.util.concurrent.FastThreadLocalRunnable.run(FastThreadLocalRunnable.java:30)
	at java.base/java.lang.Thread.run(Thread.java:1583)
00:06:32.616 [multiThreadIoEventLoopGroup-3-2] WARN  io.netty.util.ReferenceCountUtil - Failed to release a message: UnpooledSlicedByteBuf(ridx: 0, widx: 156, cap: 156/156, unwrapped: CycleArenaAllocator$ArenaBuf(ridx: 0, widx: 8192, cap: 8192))
java.lang.IllegalStateException: arena buffer of Thread[#30,multiThreadIoEventLoopGroup-4-1,10,main] touched from Thread[#27,multiThreadIoEventLoopGroup-3-2,10,main] (event-loop arena buffers are thread confined)
	at io.netty.buffer.CycleArenaAllocator$ArenaBuf.violation(CycleArenaAllocator.java:1279)
	at io.netty.buffer.CycleArenaAllocator$ArenaBuf.release(CycleArenaAllocator.java:1208)
	at io.netty.buffer.AbstractDerivedByteBuf.release0(AbstractDerivedByteBuf.java:98)
	at io.netty.buffer.AbstractDerivedByteBuf.release(AbstractDerivedByteBuf.java:94)
	at io.netty.util.ReferenceCountUtil.release(ReferenceCountUtil.java:90)
	at io.netty.util.ReferenceCountUtil.safeRelease(ReferenceCountUtil.java:116)
	at io.netty.channel.ChannelOutboundBuffer.remove(ChannelOutboundBuffer.java:300)
	at io.netty.channel.ChannelOutboundBuffer.removeBytes(ChannelOutboundBuffer.java:382)
	at io.netty.channel.uring.AbstractIoUringStreamChannel$IoUringStreamUnsafe.writeComplete0(AbstractIoUringStreamChannel.java:692)
	at io.netty.channel.uring.IoUringSocketChannel$IoUringSocketUnsafe.writeComplete0(IoUringSocketChannel.java:188)
	at io.netty.channel.uring.AbstractIoUringChannel$AbstractUringUnsafe.writeComplete(AbstractIoUringChannel.java:1003)
	at io.netty.channel.uring.AbstractIoUringChannel$AbstractUringUnsafe.handle(AbstractIoUringChannel.java:474)
	at io.netty.channel.uring.IoUringIoHandler$DefaultIoUringIoRegistration.handle(IoUringIoHandler.java:705)
	at io.netty.channel.uring.IoUringIoHandler.handleFastPath(IoUringIoHandler.java:318)
	at io.netty.channel.uring.IoUringIoHandler.handle(IoUringIoHandler.java:298)
	at io.netty.channel.uring.CompletionQueue.process(CompletionQueue.java:151)
	at io.netty.channel.uring.IoUringIoHandler.processCompletionsAndHandleOverflow(IoUringIoHandler.java:213)
	at io.netty.channel.uring.IoUringIoHandler.run(IoUringIoHandler.java:188)
	at io.netty.channel.SingleThreadIoEventLoop.runIo(SingleThreadIoEventLoop.java:225)
	at io.netty.channel.SingleThreadIoEventLoop.run(SingleThreadIoEventLoop.java:196)
	at io.netty.util.concurrent.SingleThreadEventExecutor$5.run(SingleThreadEventExecutor.java:1204)
	at io.netty.util.internal.ThreadExecutorMap$2.run(ThreadExecutorMap.java:74)
	at io.netty.util.concurrent.FastThreadLocalRunnable.run(FastThreadLocalRunnable.java:30)
	at java.base/java.lang.Thread.run(Thread.java:1583)
00:06:32.616 [multiThreadIoEventLoopGroup-3-2] WARN  i.n.channel.uring.IoUringIoHandler - Unexpected exception in the IO event loop.
java.lang.IllegalStateException: arena buffer of Thread[#30,multiThreadIoEventLoopGroup-4-1,10,main] touched from Thread[#27,multiThreadIoEventLoopGroup-3-2,10,main] (event-loop arena buffers are thread confined)
	at io.netty.buffer.CycleArenaAllocator$ArenaBuf.violation(CycleArenaAllocator.java:1279)
	at io.netty.buffer.CycleArenaAllocator$ArenaBuf.release(CycleArenaAllocator.java:1208)
	at io.netty.buffer.AbstractDerivedByteBuf.release0(AbstractDerivedByteBuf.java:98)
	at io.netty.buffer.AbstractDerivedByteBuf.release(AbstractDerivedByteBuf.java:94)
	at io.netty.channel.uring.IoUringSocketChannel$IoUringSocketUnsafe.handleWriteCompleteZeroCopy(IoUringSocketChannel.java:289)
	at io.netty.channel.uring.IoUringSocketChannel$IoUringSocketUnsafe.writeComplete0(IoUringSocketChannel.java:186)
	at io.netty.channel.uring.AbstractIoUringChannel$AbstractUringUnsafe.writeComplete(AbstractIoUringChannel.java:1003)
	at io.netty.channel.uring.AbstractIoUringChannel$AbstractUringUnsafe.handle(AbstractIoUringChannel.java:474)
	at io.netty.channel.uring.IoUringIoHandler$DefaultIoUringIoRegistration.handle(IoUringIoHandler.java:705)
	at io.netty.channel.uring.IoUringIoHandler.handleFastPath(IoUringIoHandler.java:318)
	at io.netty.channel.uring.IoUringIoHandler.handle(IoUringIoHandler.java:298)
	at io.netty.channel.uring.CompletionQueue.process(CompletionQueue.java:151)
	at io.netty.channel.uring.IoUringIoHandler.processCompletionsAndHandleOverflow(IoUringIoHandler.java:213)
	at io.netty.channel.uring.IoUringIoHandler.run(IoUringIoHandler.java:188)
	at io.netty.channel.SingleThreadIoEventLoop.runIo(SingleThreadIoEventLoop.java:225)
	at io.netty.channel.SingleThreadIoEventLoop.run(SingleThreadIoEventLoop.java:196)
	at io.netty.util.concurrent.SingleThreadEventExecutor$5.run(SingleThreadEventExecutor.java:1204)
	at io.netty.util.internal.ThreadExecutorMap$2.run(ThreadExecutorMap.java:74)
	at io.netty.util.concurrent.FastThreadLocalRunnable.run(FastThreadLocalRunnable.java:30)
	at java.base/java.lang.Thread.run(Thread.java:1583)
00:06:32.715 [multiThreadIoEventLoopGroup-4-4] WARN  io.netty.util.ReferenceCountUtil - Failed to release a message: UnpooledSlicedByteBuf(ridx: 0, widx: 198, cap: 198/198, unwrapped: CycleArenaAllocator$ArenaBuf(ridx: 0, widx: 8192, cap: 8192))
java.lang.IllegalStateException: arena buffer of Thread[#29,multiThreadIoEventLoopGroup-3-4,10,main] touched from Thread[#33,multiThreadIoEventLoopGroup-4-4,10,main] (event-loop arena buffers are thread confined)
	at io.netty.buffer.CycleArenaAllocator$ArenaBuf.violation(CycleArenaAllocator.java:1279)
	at io.netty.buffer.CycleArenaAllocator$ArenaBuf.release(CycleArenaAllocator.java:1208)
	at io.netty.buffer.AbstractDerivedByteBuf.release0(AbstractDerivedByteBuf.java:98)
	at io.netty.buffer.AbstractDerivedByteBuf.release(AbstractDerivedByteBuf.java:94)
	at io.netty.util.ReferenceCountUtil.release(ReferenceCountUtil.java:90)
	at io.netty.util.ReferenceCountUtil.safeRelease(ReferenceCountUtil.java:116)
	at io.netty.channel.ChannelOutboundBuffer.remove(ChannelOutboundBuffer.java:300)
	at io.netty.channel.ChannelOutboundBuffer.removeBytes(ChannelOutboundBuffer.java:382)
	at io.netty.channel.uring.AbstractIoUringStreamChannel$IoUringStreamUnsafe.writeComplete0(AbstractIoUringStreamChannel.java:692)
	at io.netty.channel.uring.IoUringSocketChannel$IoUringSocketUnsafe.writeComplete0(IoUringSocketChannel.java:188)
	at io.netty.channel.uring.AbstractIoUringChannel$AbstractUringUnsafe.writeComplete(AbstractIoUringChannel.java:1003)
	at io.netty.channel.uring.AbstractIoUringChannel$AbstractUringUnsafe.handle(AbstractIoUringChannel.java:474)
	at io.netty.channel.uring.IoUringIoHandler$DefaultIoUringIoRegistration.handle(IoUringIoHandler.java:705)
	at io.netty.channel.uring.IoUringIoHandler.handleFastPath(IoUringIoHandler.java:318)
	at io.netty.channel.uring.IoUringIoHandler.handle(IoUringIoHandler.java:298)
	at io.netty.channel.uring.CompletionQueue.process(CompletionQueue.java:151)
	at io.netty.channel.uring.IoUringIoHandler.processCompletionsAndHandleOverflow(IoUringIoHandler.java:213)
	at io.netty.channel.uring.IoUringIoHandler.run(IoUringIoHandler.java:188)
	at io.netty.channel.SingleThreadIoEventLoop.runIo(SingleThreadIoEventLoop.java:225)
	at io.netty.channel.SingleThreadIoEventLoop.run(SingleThreadIoEventLoop.java:196)
	at io.netty.util.concurrent.SingleThreadEventExecutor$5.run(SingleThreadEventExecutor.java:1204)
	at io.netty.util.internal.ThreadExecutorMap$2.run(ThreadExecutorMap.java:74)
	at io.netty.util.concurrent.FastThreadLocalRunnable.run(FastThreadLocalRunnable.java:30)
	at java.base/java.lang.Thread.run(Thread.java:1583)
00:06:32.715 [multiThreadIoEventLoopGroup-4-4] WARN  io.netty.util.ReferenceCountUtil - Failed to release a message: UnpooledSlicedByteBuf(ridx: 0, widx: 594, cap: 594/594, unwrapped: CycleArenaAllocator$ArenaBuf(ridx: 0, widx: 8192, cap: 8192))
java.lang.IllegalStateException: arena buffer of Thread[#26,multiThreadIoEventLoopGroup-3-1,10,main] touched from Thread[#33,multiThreadIoEventLoopGroup-4-4,10,main] (event-loop arena buffers are thread confined)
	at io.netty.buffer.CycleArenaAllocator$ArenaBuf.violation(CycleArenaAllocator.java:1279)
	at io.netty.buffer.CycleArenaAllocator$ArenaBuf.release(CycleArenaAllocator.java:1208)
	at io.netty.buffer.AbstractDerivedByteBuf.release0(AbstractDerivedByteBuf.java:98)
	at io.netty.buffer.AbstractDerivedByteBuf.release(AbstractDerivedByteBuf.java:94)
	at io.netty.util.ReferenceCountUtil.release(ReferenceCountUtil.java:90)
	at io.netty.util.ReferenceCountUtil.safeRelease(ReferenceCountUtil.java:116)
	at io.netty.channel.ChannelOutboundBuffer.remove(ChannelOutboundBuffer.java:300)
	at io.netty.channel.ChannelOutboundBuffer.removeBytes(ChannelOutboundBuffer.java:382)
	at io.netty.channel.uring.AbstractIoUringStreamChannel$IoUringStreamUnsafe.writeComplete0(AbstractIoUringStreamChannel.java:692)
	at io.netty.channel.uring.IoUringSocketChannel$IoUringSocketUnsafe.writeComplete0(IoUringSocketChannel.java:188)
	at io.netty.channel.uring.AbstractIoUringChannel$AbstractUringUnsafe.writeComplete(AbstractIoUringChannel.java:1003)
	at io.netty.channel.uring.AbstractIoUringChannel$AbstractUringUnsafe.handle(AbstractIoUringChannel.java:474)
	at io.netty.channel.uring.IoUringIoHandler$DefaultIoUringIoRegistration.handle(IoUringIoHandler.java:705)
	at io.netty.channel.uring.IoUringIoHandler.handleFastPath(IoUringIoHandler.java:318)
	at io.netty.channel.uring.IoUringIoHandler.handle(IoUringIoHandler.java:298)
	at io.netty.channel.uring.CompletionQueue.process(CompletionQueue.java:151)
	at io.netty.channel.uring.IoUringIoHandler.processCompletionsAndHandleOverflow(IoUringIoHandler.java:213)
	at io.netty.channel.uring.IoUringIoHandler.run(IoUringIoHandler.java:188)
	at io.netty.channel.SingleThreadIoEventLoop.runIo(SingleThreadIoEventLoop.java:225)
	at io.netty.channel.SingleThreadIoEventLoop.run(SingleThreadIoEventLoop.java:196)
	at io.netty.util.concurrent.SingleThreadEventExecutor$5.run(SingleThreadEventExecutor.java:1204)
	at io.netty.util.internal.ThreadExecutorMap$2.run(ThreadExecutorMap.java:74)
	at io.netty.util.concurrent.FastThreadLocalRunnable.run(FastThreadLocalRunnable.java:30)
	at java.base/java.lang.Thread.run(Thread.java:1583)
00:06:32.715 [multiThreadIoEventLoopGroup-4-4] WARN  io.netty.util.ReferenceCountUtil - Failed to release a message: UnpooledSlicedByteBuf(ridx: 0, widx: 792, cap: 792/792, unwrapped: CycleArenaAllocator$ArenaBuf(ridx: 0, widx: 8192, cap: 8192))
java.lang.IllegalStateException: arena buffer of Thread[#26,multiThreadIoEventLoopGroup-3-1,10,main] touched from Thread[#33,multiThreadIoEventLoopGroup-4-4,10,main] (event-loop arena buffers are thread confined)
	at io.netty.buffer.CycleArenaAllocator$ArenaBuf.violation(CycleArenaAllocator.java:1279)
	at io.netty.buffer.CycleArenaAllocator$ArenaBuf.release(CycleArenaAllocator.java:1208)
	at io.netty.buffer.AbstractDerivedByteBuf.release0(AbstractDerivedByteBuf.java:98)
	at io.netty.buffer.AbstractDerivedByteBuf.release(AbstractDerivedByteBuf.java:94)
	at io.netty.util.ReferenceCountUtil.release(ReferenceCountUtil.java:90)
	at io.netty.util.ReferenceCountUtil.safeRelease(ReferenceCountUtil.java:116)
	at io.netty.channel.ChannelOutboundBuffer.remove(ChannelOutboundBuffer.java:300)
	at io.netty.channel.ChannelOutboundBuffer.removeBytes(ChannelOutboundBuffer.java:382)
	at io.netty.channel.uring.AbstractIoUringStreamChannel$IoUringStreamUnsafe.writeComplete0(AbstractIoUringStreamChannel.java:692)
	at io.netty.channel.uring.IoUringSocketChannel$IoUringSocketUnsafe.writeComplete0(IoUringSocketChannel.java:188)
	at io.netty.channel.uring.AbstractIoUringChannel$AbstractUringUnsafe.writeComplete(AbstractIoUringChannel.java:1003)
	at io.netty.channel.uring.AbstractIoUringChannel$AbstractUringUnsafe.handle(AbstractIoUringChannel.java:474)
	at io.netty.channel.uring.IoUringIoHandler$DefaultIoUringIoRegistration.handle(IoUringIoHandler.java:705)
	at io.netty.channel.uring.IoUringIoHandler.handleFastPath(IoUringIoHandler.java:318)
	at io.netty.channel.uring.IoUringIoHandler.handle(IoUringIoHandler.java:298)
	at io.netty.channel.uring.CompletionQueue.process(CompletionQueue.java:151)
	at io.netty.channel.uring.IoUringIoHandler.processCompletionsAndHandleOverflow(IoUringIoHandler.java:213)
	at io.netty.channel.uring.IoUringIoHandler.run(IoUringIoHandler.java:188)
	at io.netty.channel.SingleThreadIoEventLoop.runIo(SingleThreadIoEventLoop.java:225)
	at io.netty.channel.SingleThreadIoEventLoop.run(SingleThreadIoEventLoop.java:196)
	at io.netty.util.concurrent.SingleThreadEventExecutor$5.run(SingleThreadEventExecutor.java:1204)
	at io.netty.util.internal.ThreadExecutorMap$2.run(ThreadExecutorMap.java:74)
	at io.netty.util.concurrent.FastThreadLocalRunnable.run(FastThreadLocalRunnable.java:30)
	at java.base/java.lang.Thread.run(Thread.java:1583)
00:06:32.715 [multiThreadIoEventLoopGroup-4-4] WARN  io.netty.util.ReferenceCountUtil - Failed to release a message: UnpooledSlicedByteBuf(ridx: 0, widx: 990, cap: 990/990, unwrapped: CycleArenaAllocator$ArenaBuf(ridx: 0, widx: 8192, cap: 8192))
java.lang.IllegalStateException: arena buffer of Thread[#27,multiThreadIoEventLoopGroup-3-2,10,main] touched from Thread[#33,multiThreadIoEventLoopGroup-4-4,10,main] (event-loop arena buffers are thread confined)
	at io.netty.buffer.CycleArenaAllocator$ArenaBuf.violation(CycleArenaAllocator.java:1279)
	at io.netty.buffer.CycleArenaAllocator$ArenaBuf.release(CycleArenaAllocator.java:1208)
	at io.netty.buffer.AbstractDerivedByteBuf.release0(AbstractDerivedByteBuf.java:98)
	at io.netty.buffer.AbstractDerivedByteBuf.release(AbstractDerivedByteBuf.java:94)
	at io.netty.util.ReferenceCountUtil.release(ReferenceCountUtil.java:90)
	at io.netty.util.ReferenceCountUtil.safeRelease(ReferenceCountUtil.java:116)
	at io.netty.channel.ChannelOutboundBuffer.remove(ChannelOutboundBuffer.java:300)
	at io.netty.channel.ChannelOutboundBuffer.removeBytes(ChannelOutboundBuffer.java:382)
	at io.netty.channel.uring.AbstractIoUringStreamChannel$IoUringStreamUnsafe.writeComplete0(AbstractIoUringStreamChannel.java:692)
	at io.netty.channel.uring.IoUringSocketChannel$IoUringSocketUnsafe.writeComplete0(IoUringSocketChannel.java:188)
	at io.netty.channel.uring.AbstractIoUringChannel$AbstractUringUnsafe.writeComplete(AbstractIoUringChannel.java:1003)
	at io.netty.channel.uring.AbstractIoUringChannel$AbstractUringUnsafe.handle(AbstractIoUringChannel.java:474)
	at io.netty.channel.uring.IoUringIoHandler$DefaultIoUringIoRegistration.handle(IoUringIoHandler.java:705)
	at io.netty.channel.uring.IoUringIoHandler.handleFastPath(IoUringIoHandler.java:318)
	at io.netty.channel.uring.IoUringIoHandler.handle(IoUringIoHandler.java:298)
	at io.netty.channel.uring.CompletionQueue.process(CompletionQueue.java:151)
	at io.netty.channel.uring.IoUringIoHandler.processCompletionsAndHandleOverflow(IoUringIoHandler.java:213)
	at io.netty.channel.uring.IoUringIoHandler.run(IoUringIoHandler.java:188)
	at io.netty.channel.SingleThreadIoEventLoop.runIo(SingleThreadIoEventLoop.java:225)
	at io.netty.channel.SingleThreadIoEventLoop.run(SingleThreadIoEventLoop.java:196)
	at io.netty.util.concurrent.SingleThreadEventExecutor$5.run(SingleThreadEventExecutor.java:1204)
	at io.netty.util.internal.ThreadExecutorMap$2.run(ThreadExecutorMap.java:74)
	at io.netty.util.concurrent.FastThreadLocalRunnable.run(FastThreadLocalRunnable.java:30)
	at java.base/java.lang.Thread.run(Thread.java:1583)
00:06:32.715 [multiThreadIoEventLoopGroup-4-4] WARN  io.netty.util.ReferenceCountUtil - Failed to release a message: UnpooledSlicedByteBuf(ridx: 0, widx: 1188, cap: 1188/1188, unwrapped: CycleArenaAllocator$ArenaBuf(ridx: 0, widx: 8192, cap: 8192))
java.lang.IllegalStateException: arena buffer of Thread[#29,multiThreadIoEventLoopGroup-3-4,10,main] touched from Thread[#33,multiThreadIoEventLoopGroup-4-4,10,main] (event-loop arena buffers are thread confined)
	at io.netty.buffer.CycleArenaAllocator$ArenaBuf.violation(CycleArenaAllocator.java:1279)
	at io.netty.buffer.CycleArenaAllocator$ArenaBuf.release(CycleArenaAllocator.java:1208)
	at io.netty.buffer.AbstractDerivedByteBuf.release0(AbstractDerivedByteBuf.java:98)
	at io.netty.buffer.AbstractDerivedByteBuf.release(AbstractDerivedByteBuf.java:94)
	at io.netty.util.ReferenceCountUtil.release(ReferenceCountUtil.java:90)
	at io.netty.util.ReferenceCountUtil.safeRelease(ReferenceCountUtil.java:116)
	at io.netty.channel.ChannelOutboundBuffer.remove(ChannelOutboundBuffer.java:300)
	at io.netty.channel.ChannelOutboundBuffer.removeBytes(ChannelOutboundBuffer.java:382)
	at io.netty.channel.uring.AbstractIoUringStreamChannel$IoUringStreamUnsafe.writeComplete0(AbstractIoUringStreamChannel.java:692)
	at io.netty.channel.uring.IoUringSocketChannel$IoUringSocketUnsafe.writeComplete0(IoUringSocketChannel.java:188)
	at io.netty.channel.uring.AbstractIoUringChannel$AbstractUringUnsafe.writeComplete(AbstractIoUringChannel.java:1003)
	at io.netty.channel.uring.AbstractIoUringChannel$AbstractUringUnsafe.handle(AbstractIoUringChannel.java:474)
	at io.netty.channel.uring.IoUringIoHandler$DefaultIoUringIoRegistration.handle(IoUringIoHandler.java:705)
	at io.netty.channel.uring.IoUringIoHandler.handleFastPath(IoUringIoHandler.java:318)
	at io.netty.channel.uring.IoUringIoHandler.handle(IoUringIoHandler.java:298)
	at io.netty.channel.uring.CompletionQueue.process(CompletionQueue.java:151)
	at io.netty.channel.uring.IoUringIoHandler.processCompletionsAndHandleOverflow(IoUringIoHandler.java:213)
	at io.netty.channel.uring.IoUringIoHandler.run(IoUringIoHandler.java:188)
	at io.netty.channel.SingleThreadIoEventLoop.runIo(SingleThreadIoEventLoop.java:225)
	at io.netty.channel.SingleThreadIoEventLoop.run(SingleThreadIoEventLoop.java:196)
	at io.netty.util.concurrent.SingleThreadEventExecutor$5.run(SingleThreadEventExecutor.java:1204)
	at io.netty.util.internal.ThreadExecutorMap$2.run(ThreadExecutorMap.java:74)
	at io.netty.util.concurrent.FastThreadLocalRunnable.run(FastThreadLocalRunnable.java:30)
	at java.base/java.lang.Thread.run(Thread.java:1583)
00:06:32.715 [multiThreadIoEventLoopGroup-4-4] WARN  io.netty.util.ReferenceCountUtil - Failed to release a message: UnpooledSlicedByteBuf(ridx: 0, widx: 1188, cap: 1188/1188, unwrapped: CycleArenaAllocator$ArenaBuf(ridx: 0, widx: 8192, cap: 8192))
java.lang.IllegalStateException: arena buffer of Thread[#27,multiThreadIoEventLoopGroup-3-2,10,main] touched from Thread[#33,multiThreadIoEventLoopGroup-4-4,10,main] (event-loop arena buffers are thread confined)
	at io.netty.buffer.CycleArenaAllocator$ArenaBuf.violation(CycleArenaAllocator.java:1279)
	at io.netty.buffer.CycleArenaAllocator$ArenaBuf.release(CycleArenaAllocator.java:1208)
	at io.netty.buffer.AbstractDerivedByteBuf.release0(AbstractDerivedByteBuf.java:98)
	at io.netty.buffer.AbstractDerivedByteBuf.release(AbstractDerivedByteBuf.java:94)
	at io.netty.util.ReferenceCountUtil.release(ReferenceCountUtil.java:90)
	at io.netty.util.ReferenceCountUtil.safeRelease(ReferenceCountUtil.java:116)
	at io.netty.channel.ChannelOutboundBuffer.remove(ChannelOutboundBuffer.java:300)
	at io.netty.channel.ChannelOutboundBuffer.removeBytes(ChannelOutboundBuffer.java:382)
	at io.netty.channel.uring.AbstractIoUringStreamChannel$IoUringStreamUnsafe.writeComplete0(AbstractIoUringStreamChannel.java:692)
	at io.netty.channel.uring.IoUringSocketChannel$IoUringSocketUnsafe.writeComplete0(IoUringSocketChannel.java:188)
	at io.netty.channel.uring.AbstractIoUringChannel$AbstractUringUnsafe.writeComplete(AbstractIoUringChannel.java:1003)
	at io.netty.channel.uring.AbstractIoUringChannel$AbstractUringUnsafe.handle(AbstractIoUringChannel.java:474)
	at io.netty.channel.uring.IoUringIoHandler$DefaultIoUringIoRegistration.handle(IoUringIoHandler.java:705)
	at io.netty.channel.uring.IoUringIoHandler.handleFastPath(IoUringIoHandler.java:318)
	at io.netty.channel.uring.IoUringIoHandler.handle(IoUringIoHandler.java:298)
	at io.netty.channel.uring.CompletionQueue.process(CompletionQueue.java:151)
	at io.netty.channel.uring.IoUringIoHandler.processCompletionsAndHandleOverflow(IoUringIoHandler.java:213)
	at io.netty.channel.uring.IoUringIoHandler.run(IoUringIoHandler.java:188)
	at io.netty.channel.SingleThreadIoEventLoop.runIo(SingleThreadIoEventLoop.java:225)
	at io.netty.channel.SingleThreadIoEventLoop.run(SingleThreadIoEventLoop.java:196)
	at io.netty.util.concurrent.SingleThreadEventExecutor$5.run(SingleThreadEventExecutor.java:1204)
	at io.netty.util.internal.ThreadExecutorMap$2.run(ThreadExecutorMap.java:74)
	at io.netty.util.concurrent.FastThreadLocalRunnable.run(FastThreadLocalRunnable.java:30)
	at java.base/java.lang.Thread.run(Thread.java:1583)
00:06:32.715 [multiThreadIoEventLoopGroup-3-3] WARN  io.netty.util.ReferenceCountUtil - Failed to release a message: UnpooledSlicedByteBuf(ridx: 0, widx: 3659, cap: 3659/3659, unwrapped: CycleArenaAllocator$ArenaBuf(ridx: 0, widx: 8192, cap: 8192))
java.lang.IllegalStateException: arena buffer of Thread[#30,multiThreadIoEventLoopGroup-4-1,10,main] touched from Thread[#28,multiThreadIoEventLoopGroup-3-3,10,main] (event-loop arena buffers are thread confined)
	at io.netty.buffer.CycleArenaAllocator$ArenaBuf.violation(CycleArenaAllocator.java:1279)
	at io.netty.buffer.CycleArenaAllocator$ArenaBuf.release(CycleArenaAllocator.java:1208)
	at io.netty.buffer.AbstractDerivedByteBuf.release0(AbstractDerivedByteBuf.java:98)
	at io.netty.buffer.AbstractDerivedByteBuf.release(AbstractDerivedByteBuf.java:94)
	at io.netty.util.ReferenceCountUtil.release(ReferenceCountUtil.java:90)
	at io.netty.util.ReferenceCountUtil.safeRelease(ReferenceCountUtil.java:116)
	at io.netty.channel.ChannelOutboundBuffer.remove(ChannelOutboundBuffer.java:300)
	at io.netty.channel.ChannelOutboundBuffer.removeBytes(ChannelOutboundBuffer.java:382)
	at io.netty.channel.uring.AbstractIoUringStreamChannel$IoUringStreamUnsafe.writeComplete0(AbstractIoUringStreamChannel.java:692)
	at io.netty.channel.uring.IoUringSocketChannel$IoUringSocketUnsafe.writeComplete0(IoUringSocketChannel.java:188)
	at io.netty.channel.uring.AbstractIoUringChannel$AbstractUringUnsafe.writeComplete(AbstractIoUringChannel.java:1003)
	at io.netty.channel.uring.AbstractIoUringChannel$AbstractUringUnsafe.handle(AbstractIoUringChannel.java:474)
	at io.netty.channel.uring.IoUringIoHandler$DefaultIoUringIoRegistration.handle(IoUringIoHandler.java:705)
	at io.netty.channel.uring.IoUringIoHandler.handleFastPath(IoUringIoHandler.java:318)
	at io.netty.channel.uring.IoUringIoHandler.handle(IoUringIoHandler.java:298)
	at io.netty.channel.uring.CompletionQueue.process(CompletionQueue.java:151)
	at io.netty.channel.uring.IoUringIoHandler.processCompletionsAndHandleOverflow(IoUringIoHandler.java:213)
	at io.netty.channel.uring.IoUringIoHandler.run(IoUringIoHandler.java:188)
	at io.netty.channel.SingleThreadIoEventLoop.runIo(SingleThreadIoEventLoop.java:225)
	at io.netty.channel.SingleThreadIoEventLoop.run(SingleThreadIoEventLoop.java:196)
	at io.netty.util.concurrent.SingleThreadEventExecutor$5.run(SingleThreadEventExecutor.java:1204)
	at io.netty.util.internal.ThreadExecutorMap$2.run(ThreadExecutorMap.java:74)
	at io.netty.util.concurrent.FastThreadLocalRunnable.run(FastThreadLocalRunnable.java:30)
	at java.base/java.lang.Thread.run(Thread.java:1583)
00:06:32.715 [multiThreadIoEventLoopGroup-3-3] WARN  io.netty.util.ReferenceCountUtil - Failed to release a message: UnpooledSlicedByteBuf(ridx: 0, widx: 156, cap: 156/156, unwrapped: CycleArenaAllocator$ArenaBuf(ridx: 0, widx: 8192, cap: 8192))
java.lang.IllegalStateException: arena buffer of Thread[#31,multiThreadIoEventLoopGroup-4-2,10,main] touched from Thread[#28,multiThreadIoEventLoopGroup-3-3,10,main] (event-loop arena buffers are thread confined)
	at io.netty.buffer.CycleArenaAllocator$ArenaBuf.violation(CycleArenaAllocator.java:1279)
	at io.netty.buffer.CycleArenaAllocator$ArenaBuf.release(CycleArenaAllocator.java:1208)
	at io.netty.buffer.AbstractDerivedByteBuf.release0(AbstractDerivedByteBuf.java:98)
	at io.netty.buffer.AbstractDerivedByteBuf.release(AbstractDerivedByteBuf.java:94)
	at io.netty.util.ReferenceCountUtil.release(ReferenceCountUtil.java:90)
	at io.netty.util.ReferenceCountUtil.safeRelease(ReferenceCountUtil.java:116)
	at io.netty.channel.ChannelOutboundBuffer.remove(ChannelOutboundBuffer.java:300)
	at io.netty.channel.ChannelOutboundBuffer.removeBytes(ChannelOutboundBuffer.java:382)
	at io.netty.channel.uring.AbstractIoUringStreamChannel$IoUringStreamUnsafe.writeComplete0(AbstractIoUringStreamChannel.java:692)
	at io.netty.channel.uring.IoUringSocketChannel$IoUringSocketUnsafe.writeComplete0(IoUringSocketChannel.java:188)
	at io.netty.channel.uring.AbstractIoUringChannel$AbstractUringUnsafe.writeComplete(AbstractIoUringChannel.java:1003)
	at io.netty.channel.uring.AbstractIoUringChannel$AbstractUringUnsafe.handle(AbstractIoUringChannel.java:474)
	at io.netty.channel.uring.IoUringIoHandler$DefaultIoUringIoRegistration.handle(IoUringIoHandler.java:705)
	at io.netty.channel.uring.IoUringIoHandler.handleFastPath(IoUringIoHandler.java:318)
	at io.netty.channel.uring.IoUringIoHandler.handle(IoUringIoHandler.java:298)
	at io.netty.channel.uring.CompletionQueue.process(CompletionQueue.java:151)
	at io.netty.channel.uring.IoUringIoHandler.processCompletionsAndHandleOverflow(IoUringIoHandler.java:213)
	at io.netty.channel.uring.IoUringIoHandler.run(IoUringIoHandler.java:188)
	at io.netty.channel.SingleThreadIoEventLoop.runIo(SingleThreadIoEventLoop.java:225)
	at io.netty.channel.SingleThreadIoEventLoop.run(SingleThreadIoEventLoop.java:196)
	at io.netty.util.concurrent.SingleThreadEventExecutor$5.run(SingleThreadEventExecutor.java:1204)
	at io.netty.util.internal.ThreadExecutorMap$2.run(ThreadExecutorMap.java:74)
	at io.netty.util.concurrent.FastThreadLocalRunnable.run(FastThreadLocalRunnable.java:30)
	at java.base/java.lang.Thread.run(Thread.java:1583)
00:06:32.715 [multiThreadIoEventLoopGroup-3-3] WARN  io.netty.util.ReferenceCountUtil - Failed to release a message: UnpooledSlicedByteBuf(ridx: 0, widx: 156, cap: 156/156, unwrapped: CycleArenaAllocator$ArenaBuf(ridx: 0, widx: 8192, cap: 8192))
java.lang.IllegalStateException: arena buffer of Thread[#30,multiThreadIoEventLoopGroup-4-1,10,main] touched from Thread[#28,multiThreadIoEventLoopGroup-3-3,10,main] (event-loop arena buffers are thread confined)
	at io.netty.buffer.CycleArenaAllocator$ArenaBuf.violation(CycleArenaAllocator.java:1279)
	at io.netty.buffer.CycleArenaAllocator$ArenaBuf.release(CycleArenaAllocator.java:1208)
	at io.netty.buffer.AbstractDerivedByteBuf.release0(AbstractDerivedByteBuf.java:98)
	at io.netty.buffer.AbstractDerivedByteBuf.release(AbstractDerivedByteBuf.java:94)
	at io.netty.util.ReferenceCountUtil.release(ReferenceCountUtil.java:90)
	at io.netty.util.ReferenceCountUtil.safeRelease(ReferenceCountUtil.java:116)
	at io.netty.channel.ChannelOutboundBuffer.remove(ChannelOutboundBuffer.java:300)
	at io.netty.channel.ChannelOutboundBuffer.removeBytes(ChannelOutboundBuffer.java:382)
	at io.netty.channel.uring.AbstractIoUringStreamChannel$IoUringStreamUnsafe.writeComplete0(AbstractIoUringStreamChannel.java:692)
	at io.netty.channel.uring.IoUringSocketChannel$IoUringSocketUnsafe.writeComplete0(IoUringSocketChannel.java:188)
	at io.netty.channel.uring.AbstractIoUringChannel$AbstractUringUnsafe.writeComplete(AbstractIoUringChannel.java:1003)
	at io.netty.channel.uring.AbstractIoUringChannel$AbstractUringUnsafe.handle(AbstractIoUringChannel.java:474)
	at io.netty.channel.uring.IoUringIoHandler$DefaultIoUringIoRegistration.handle(IoUringIoHandler.java:705)
	at io.netty.channel.uring.IoUringIoHandler.handleFastPath(IoUringIoHandler.java:318)
	at io.netty.channel.uring.IoUringIoHandler.handle(IoUringIoHandler.java:298)
	at io.netty.channel.uring.CompletionQueue.process(CompletionQueue.java:151)
	at io.netty.channel.uring.IoUringIoHandler.processCompletionsAndHandleOverflow(IoUringIoHandler.java:213)
	at io.netty.channel.uring.IoUringIoHandler.run(IoUringIoHandler.java:188)
	at io.netty.channel.SingleThreadIoEventLoop.runIo(SingleThreadIoEventLoop.java:225)
	at io.netty.channel.SingleThreadIoEventLoop.run(SingleThreadIoEventLoop.java:196)
	at io.netty.util.concurrent.SingleThreadEventExecutor$5.run(SingleThreadEventExecutor.java:1204)
	at io.netty.util.internal.ThreadExecutorMap$2.run(ThreadExecutorMap.java:74)
	at io.netty.util.concurrent.FastThreadLocalRunnable.run(FastThreadLocalRunnable.java:30)
	at java.base/java.lang.Thread.run(Thread.java:1583)
00:06:32.715 [multiThreadIoEventLoopGroup-3-1] WARN  io.netty.util.ReferenceCountUtil - Failed to release a message: UnpooledSlicedByteBuf(ridx: 0, widx: 156, cap: 156/156, unwrapped: CycleArenaAllocator$ArenaBuf(ridx: 0, widx: 8192, cap: 8192))
java.lang.IllegalStateException: arena buffer of Thread[#31,multiThreadIoEventLoopGroup-4-2,10,main] touched from Thread[#26,multiThreadIoEventLoopGroup-3-1,10,main] (event-loop arena buffers are thread confined)
	at io.netty.buffer.CycleArenaAllocator$ArenaBuf.violation(CycleArenaAllocator.java:1279)
	at io.netty.buffer.CycleArenaAllocator$ArenaBuf.release(CycleArenaAllocator.java:1208)
	at io.netty.buffer.AbstractDerivedByteBuf.release0(AbstractDerivedByteBuf.java:98)
	at io.netty.buffer.AbstractDerivedByteBuf.release(AbstractDerivedByteBuf.java:94)
	at io.netty.util.ReferenceCountUtil.release(ReferenceCountUtil.java:90)
	at io.netty.util.ReferenceCountUtil.safeRelease(ReferenceCountUtil.java:116)
	at io.netty.channel.ChannelOutboundBuffer.remove(ChannelOutboundBuffer.java:300)
	at io.netty.channel.ChannelOutboundBuffer.removeBytes(ChannelOutboundBuffer.java:382)
	at io.netty.channel.uring.AbstractIoUringStreamChannel$IoUringStreamUnsafe.writeComplete0(AbstractIoUringStreamChannel.java:692)
	at io.netty.channel.uring.IoUringSocketChannel$IoUringSocketUnsafe.writeComplete0(IoUringSocketChannel.java:188)
	at io.netty.channel.uring.AbstractIoUringChannel$AbstractUringUnsafe.writeComplete(AbstractIoUringChannel.java:1003)
	at io.netty.channel.uring.AbstractIoUringChannel$AbstractUringUnsafe.handle(AbstractIoUringChannel.java:474)
	at io.netty.channel.uring.IoUringIoHandler$DefaultIoUringIoRegistration.handle(IoUringIoHandler.java:705)
	at io.netty.channel.uring.IoUringIoHandler.handleFastPath(IoUringIoHandler.java:318)
	at io.netty.channel.uring.IoUringIoHandler.handle(IoUringIoHandler.java:298)
	at io.netty.channel.uring.CompletionQueue.process(CompletionQueue.java:151)
	at io.netty.channel.uring.IoUringIoHandler.processCompletionsAndHandleOverflow(IoUringIoHandler.java:213)
	at io.netty.channel.uring.IoUringIoHandler.run(IoUringIoHandler.java:188)
	at io.netty.channel.SingleThreadIoEventLoop.runIo(SingleThreadIoEventLoop.java:225)
	at io.netty.channel.SingleThreadIoEventLoop.run(SingleThreadIoEventLoop.java:196)
	at io.netty.util.concurrent.SingleThreadEventExecutor$5.run(SingleThreadEventExecutor.java:1204)
	at io.netty.util.internal.ThreadExecutorMap$2.run(ThreadExecutorMap.java:74)
	at io.netty.util.concurrent.FastThreadLocalRunnable.run(FastThreadLocalRunnable.java:30)
	at java.base/java.lang.Thread.run(Thread.java:1583)
00:06:32.716 [multiThreadIoEventLoopGroup-3-1] WARN  io.netty.util.ReferenceCountUtil - Failed to release a message: UnpooledSlicedByteBuf(ridx: 0, widx: 156, cap: 156/156, unwrapped: CycleArenaAllocator$ArenaBuf(ridx: 0, widx: 8192, cap: 8192))
java.lang.IllegalStateException: arena buffer of Thread[#30,multiThreadIoEventLoopGroup-4-1,10,main] touched from Thread[#26,multiThreadIoEventLoopGroup-3-1,10,main] (event-loop arena buffers are thread confined)
	at io.netty.buffer.CycleArenaAllocator$ArenaBuf.violation(CycleArenaAllocator.java:1279)
	at io.netty.buffer.CycleArenaAllocator$ArenaBuf.release(CycleArenaAllocator.java:1208)
	at io.netty.buffer.AbstractDerivedByteBuf.release0(AbstractDerivedByteBuf.java:98)
	at io.netty.buffer.AbstractDerivedByteBuf.release(AbstractDerivedByteBuf.java:94)
	at io.netty.util.ReferenceCountUtil.release(ReferenceCountUtil.java:90)
	at io.netty.util.ReferenceCountUtil.safeRelease(ReferenceCountUtil.java:116)
	at io.netty.channel.ChannelOutboundBuffer.remove(ChannelOutboundBuffer.java:300)
	at io.netty.channel.ChannelOutboundBuffer.removeBytes(ChannelOutboundBuffer.java:382)
	at io.netty.channel.uring.AbstractIoUringStreamChannel$IoUringStreamUnsafe.writeComplete0(AbstractIoUringStreamChannel.java:692)
	at io.netty.channel.uring.IoUringSocketChannel$IoUringSocketUnsafe.writeComplete0(IoUringSocketChannel.java:188)
	at io.netty.channel.uring.AbstractIoUringChannel$AbstractUringUnsafe.writeComplete(AbstractIoUringChannel.java:1003)
	at io.netty.channel.uring.AbstractIoUringChannel$AbstractUringUnsafe.handle(AbstractIoUringChannel.java:474)
	at io.netty.channel.uring.IoUringIoHandler$DefaultIoUringIoRegistration.handle(IoUringIoHandler.java:705)
	at io.netty.channel.uring.IoUringIoHandler.handleFastPath(IoUringIoHandler.java:318)
	at io.netty.channel.uring.IoUringIoHandler.handle(IoUringIoHandler.java:298)
	at io.netty.channel.uring.CompletionQueue.process(CompletionQueue.java:151)
	at io.netty.channel.uring.IoUringIoHandler.processCompletionsAndHandleOverflow(IoUringIoHandler.java:213)
	at io.netty.channel.uring.IoUringIoHandler.run(IoUringIoHandler.java:188)
	at io.netty.channel.SingleThreadIoEventLoop.runIo(SingleThreadIoEventLoop.java:225)
	at io.netty.channel.SingleThreadIoEventLoop.run(SingleThreadIoEventLoop.java:196)
	at io.netty.util.concurrent.SingleThreadEventExecutor$5.run(SingleThreadEventExecutor.java:1204)
	at io.netty.util.internal.ThreadExecutorMap$2.run(ThreadExecutorMap.java:74)
	at io.netty.util.concurrent.FastThreadLocalRunnable.run(FastThreadLocalRunnable.java:30)
	at java.base/java.lang.Thread.run(Thread.java:1583)
00:06:32.716 [multiThreadIoEventLoopGroup-4-3] WARN  i.n.channel.uring.IoUringIoHandler - Unexpected exception in the IO event loop.
java.lang.IllegalStateException: arena buffer of Thread[#28,multiThreadIoEventLoopGroup-3-3,10,main] touched from Thread[#32,multiThreadIoEventLoopGroup-4-3,10,main] (event-loop arena buffers are thread confined)
	at io.netty.buffer.CycleArenaAllocator$ArenaBuf.violation(CycleArenaAllocator.java:1279)
	at io.netty.buffer.CycleArenaAllocator$ArenaBuf.release(CycleArenaAllocator.java:1208)
	at io.netty.buffer.AbstractDerivedByteBuf.release0(AbstractDerivedByteBuf.java:98)
	at io.netty.buffer.AbstractDerivedByteBuf.release(AbstractDerivedByteBuf.java:94)
	at io.netty.channel.uring.IoUringSocketChannel$IoUringSocketUnsafe.handleWriteCompleteZeroCopy(IoUringSocketChannel.java:289)
	at io.netty.channel.uring.IoUringSocketChannel$IoUringSocketUnsafe.writeComplete0(IoUringSocketChannel.java:186)
	at io.netty.channel.uring.AbstractIoUringChannel$AbstractUringUnsafe.writeComplete(AbstractIoUringChannel.java:1003)
	at io.netty.channel.uring.AbstractIoUringChannel$AbstractUringUnsafe.handle(AbstractIoUringChannel.java:474)
	at io.netty.channel.uring.IoUringIoHandler$DefaultIoUringIoRegistration.handle(IoUringIoHandler.java:705)
	at io.netty.channel.uring.IoUringIoHandler.handleFastPath(IoUringIoHandler.java:318)
	at io.netty.channel.uring.IoUringIoHandler.handle(IoUringIoHandler.java:298)
	at io.netty.channel.uring.CompletionQueue.process(CompletionQueue.java:151)
	at io.netty.channel.uring.IoUringIoHandler.processCompletionsAndHandleOverflow(IoUringIoHandler.java:213)
	at io.netty.channel.uring.IoUringIoHandler.run(IoUringIoHandler.java:188)
	at io.netty.channel.SingleThreadIoEventLoop.runIo(SingleThreadIoEventLoop.java:225)
	at io.netty.channel.SingleThreadIoEventLoop.run(SingleThreadIoEventLoop.java:196)
	at io.netty.util.concurrent.SingleThreadEventExecutor$5.run(SingleThreadEventExecutor.java:1204)
	at io.netty.util.internal.ThreadExecutorMap$2.run(ThreadExecutorMap.java:74)
	at io.netty.util.concurrent.FastThreadLocalRunnable.run(FastThreadLocalRunnable.java:30)
	at java.base/java.lang.Thread.run(Thread.java:1583)
00:06:32.716 [multiThreadIoEventLoopGroup-3-4] WARN  io.netty.util.ReferenceCountUtil - Failed to release a message: UnpooledSlicedByteBuf(ridx: 0, widx: 860, cap: 860/860, unwrapped: CycleArenaAllocator$ArenaBuf(ridx: 0, widx: 8192, cap: 8192))
java.lang.IllegalStateException: arena buffer of Thread[#30,multiThreadIoEventLoopGroup-4-1,10,main] touched from Thread[#29,multiThreadIoEventLoopGroup-3-4,10,main] (event-loop arena buffers are thread confined)
	at io.netty.buffer.CycleArenaAllocator$ArenaBuf.violation(CycleArenaAllocator.java:1279)
	at io.netty.buffer.CycleArenaAllocator$ArenaBuf.release(CycleArenaAllocator.java:1208)
	at io.netty.buffer.AbstractDerivedByteBuf.release0(AbstractDerivedByteBuf.java:98)
	at io.netty.buffer.AbstractDerivedByteBuf.release(AbstractDerivedByteBuf.java:94)
	at io.netty.util.ReferenceCountUtil.release(ReferenceCountUtil.java:90)
	at io.netty.util.ReferenceCountUtil.safeRelease(ReferenceCountUtil.java:116)
	at io.netty.channel.ChannelOutboundBuffer.remove(ChannelOutboundBuffer.java:300)
	at io.netty.channel.ChannelOutboundBuffer.removeBytes(ChannelOutboundBuffer.java:382)
	at io.netty.channel.uring.AbstractIoUringStreamChannel$IoUringStreamUnsafe.writeComplete0(AbstractIoUringStreamChannel.java:692)
	at io.netty.channel.uring.IoUringSocketChannel$IoUringSocketUnsafe.writeComplete0(IoUringSocketChannel.java:188)
	at io.netty.channel.uring.AbstractIoUringChannel$AbstractUringUnsafe.writeComplete(AbstractIoUringChannel.java:1003)
	at io.netty.channel.uring.AbstractIoUringChannel$AbstractUringUnsafe.handle(AbstractIoUringChannel.java:474)
	at io.netty.channel.uring.IoUringIoHandler$DefaultIoUringIoRegistration.handle(IoUringIoHandler.java:705)
	at io.netty.channel.uring.IoUringIoHandler.handleFastPath(IoUringIoHandler.java:318)
	at io.netty.channel.uring.IoUringIoHandler.handle(IoUringIoHandler.java:298)
	at io.netty.channel.uring.CompletionQueue.process(CompletionQueue.java:151)
	at io.netty.channel.uring.IoUringIoHandler.processCompletionsAndHandleOverflow(IoUringIoHandler.java:213)
	at io.netty.channel.uring.IoUringIoHandler.run(IoUringIoHandler.java:188)
	at io.netty.channel.SingleThreadIoEventLoop.runIo(SingleThreadIoEventLoop.java:225)
	at io.netty.channel.SingleThreadIoEventLoop.run(SingleThreadIoEventLoop.java:196)
	at io.netty.util.concurrent.SingleThreadEventExecutor$5.run(SingleThreadEventExecutor.java:1204)
	at io.netty.util.internal.ThreadExecutorMap$2.run(ThreadExecutorMap.java:74)
	at io.netty.util.concurrent.FastThreadLocalRunnable.run(FastThreadLocalRunnable.java:30)
	at java.base/java.lang.Thread.run(Thread.java:1583)
00:06:32.716 [multiThreadIoEventLoopGroup-3-3] WARN  io.netty.util.ReferenceCountUtil - Failed to release a message: UnpooledSlicedByteBuf(ridx: 0, widx: 156, cap: 156/156, unwrapped: CycleArenaAllocator$ArenaBuf(ridx: 0, widx: 8192, cap: 8192))
java.lang.IllegalStateException: arena buffer of Thread[#31,multiThreadIoEventLoopGroup-4-2,10,main] touched from Thread[#28,multiThreadIoEventLoopGroup-3-3,10,main] (event-loop arena buffers are thread confined)
	at io.netty.buffer.CycleArenaAllocator$ArenaBuf.violation(CycleArenaAllocator.java:1279)
	at io.netty.buffer.CycleArenaAllocator$ArenaBuf.release(CycleArenaAllocator.java:1208)
	at io.netty.buffer.AbstractDerivedByteBuf.release0(AbstractDerivedByteBuf.java:98)
	at io.netty.buffer.AbstractDerivedByteBuf.release(AbstractDerivedByteBuf.java:94)
	at io.netty.util.ReferenceCountUtil.release(ReferenceCountUtil.java:90)
	at io.netty.util.ReferenceCountUtil.safeRelease(ReferenceCountUtil.java:116)
	at io.netty.channel.ChannelOutboundBuffer.remove(ChannelOutboundBuffer.java:300)
	at io.netty.channel.ChannelOutboundBuffer.removeBytes(ChannelOutboundBuffer.java:382)
	at io.netty.channel.uring.AbstractIoUringStreamChannel$IoUringStreamUnsafe.writeComplete0(AbstractIoUringStreamChannel.java:692)
	at io.netty.channel.uring.IoUringSocketChannel$IoUringSocketUnsafe.writeComplete0(IoUringSocketChannel.java:188)
	at io.netty.channel.uring.AbstractIoUringChannel$AbstractUringUnsafe.writeComplete(AbstractIoUringChannel.java:1003)
	at io.netty.channel.uring.AbstractIoUringChannel$AbstractUringUnsafe.handle(AbstractIoUringChannel.java:474)
	at io.netty.channel.uring.IoUringIoHandler$DefaultIoUringIoRegistration.handle(IoUringIoHandler.java:705)
	at io.netty.channel.uring.IoUringIoHandler.handleFastPath(IoUringIoHandler.java:318)
	at io.netty.channel.uring.IoUringIoHandler.handle(IoUringIoHandler.java:298)
	at io.netty.channel.uring.CompletionQueue.process(CompletionQueue.java:151)
	at io.netty.channel.uring.IoUringIoHandler.processCompletionsAndHandleOverflow(IoUringIoHandler.java:213)
	at io.netty.channel.uring.IoUringIoHandler.run(IoUringIoHandler.java:188)
	at io.netty.channel.SingleThreadIoEventLoop.runIo(SingleThreadIoEventLoop.java:225)
	at io.netty.channel.SingleThreadIoEventLoop.run(SingleThreadIoEventLoop.java:196)
	at io.netty.util.concurrent.SingleThreadEventExecutor$5.run(SingleThreadEventExecutor.java:1204)
	at io.netty.util.internal.ThreadExecutorMap$2.run(ThreadExecutorMap.java:74)
	at io.netty.util.concurrent.FastThreadLocalRunnable.run(FastThreadLocalRunnable.java:30)
	at java.base/java.lang.Thread.run(Thread.java:1583)
00:06:32.716 [multiThreadIoEventLoopGroup-3-1] WARN  io.netty.util.ReferenceCountUtil - Failed to release a message: UnpooledSlicedByteBuf(ridx: 0, widx: 156, cap: 156/156, unwrapped: CycleArenaAllocator$ArenaBuf(ridx: 0, widx: 8192, cap: 8192))
java.lang.IllegalStateException: arena buffer of Thread[#31,multiThreadIoEventLoopGroup-4-2,10,main] touched from Thread[#26,multiThreadIoEventLoopGroup-3-1,10,main] (event-loop arena buffers are thread confined)
	at io.netty.buffer.CycleArenaAllocator$ArenaBuf.violation(CycleArenaAllocator.java:1279)
	at io.netty.buffer.CycleArenaAllocator$ArenaBuf.release(CycleArenaAllocator.java:1208)
	at io.netty.buffer.AbstractDerivedByteBuf.release0(AbstractDerivedByteBuf.java:98)
	at io.netty.buffer.AbstractDerivedByteBuf.release(AbstractDerivedByteBuf.java:94)
	at io.netty.util.ReferenceCountUtil.release(ReferenceCountUtil.java:90)
	at io.netty.util.ReferenceCountUtil.safeRelease(ReferenceCountUtil.java:116)
	at io.netty.channel.ChannelOutboundBuffer.remove(ChannelOutboundBuffer.java:300)
	at io.netty.channel.ChannelOutboundBuffer.removeBytes(ChannelOutboundBuffer.java:382)
	at io.netty.channel.uring.AbstractIoUringStreamChannel$IoUringStreamUnsafe.writeComplete0(AbstractIoUringStreamChannel.java:692)
	at io.netty.channel.uring.IoUringSocketChannel$IoUringSocketUnsafe.writeComplete0(IoUringSocketChannel.java:188)
	at io.netty.channel.uring.AbstractIoUringChannel$AbstractUringUnsafe.writeComplete(AbstractIoUringChannel.java:1003)
	at io.netty.channel.uring.AbstractIoUringChannel$AbstractUringUnsafe.handle(AbstractIoUringChannel.java:474)
	at io.netty.channel.uring.IoUringIoHandler$DefaultIoUringIoRegistration.handle(IoUringIoHandler.java:705)
	at io.netty.channel.uring.IoUringIoHandler.handleFastPath(IoUringIoHandler.java:318)
	at io.netty.channel.uring.IoUringIoHandler.handle(IoUringIoHandler.java:298)
	at io.netty.channel.uring.CompletionQueue.process(CompletionQueue.java:151)
	at io.netty.channel.uring.IoUringIoHandler.processCompletionsAndHandleOverflow(IoUringIoHandler.java:213)
	at io.netty.channel.uring.IoUringIoHandler.run(IoUringIoHandler.java:188)
	at io.netty.channel.SingleThreadIoEventLoop.runIo(SingleThreadIoEventLoop.java:225)
	at io.netty.channel.SingleThreadIoEventLoop.run(SingleThreadIoEventLoop.java:196)
	at io.netty.util.concurrent.SingleThreadEventExecutor$5.run(SingleThreadEventExecutor.java:1204)
	at io.netty.util.internal.ThreadExecutorMap$2.run(ThreadExecutorMap.java:74)
	at io.netty.util.concurrent.FastThreadLocalRunnable.run(FastThreadLocalRunnable.java:30)
	at java.base/java.lang.Thread.run(Thread.java:1583)
00:06:32.716 [multiThreadIoEventLoopGroup-3-4] WARN  i.n.channel.uring.IoUringIoHandler - Unexpected exception in the IO event loop.
java.lang.IllegalStateException: arena buffer of Thread[#30,multiThreadIoEventLoopGroup-4-1,10,main] touched from Thread[#29,multiThreadIoEventLoopGroup-3-4,10,main] (event-loop arena buffers are thread confined)
	at io.netty.buffer.CycleArenaAllocator$ArenaBuf.violation(CycleArenaAllocator.java:1279)
	at io.netty.buffer.CycleArenaAllocator$ArenaBuf.retain(CycleArenaAllocator.java:1182)
	at io.netty.buffer.AbstractDerivedByteBuf.retain0(AbstractDerivedByteBuf.java:58)
	at io.netty.buffer.AbstractDerivedByteBuf.retain(AbstractDerivedByteBuf.java:54)
	at io.netty.channel.uring.IoUringSocketChannel$IoUringSocketUnsafe.handleWriteCompleteZeroCopy(IoUringSocketChannel.java:220)
	at io.netty.channel.uring.IoUringSocketChannel$IoUringSocketUnsafe.writeComplete0(IoUringSocketChannel.java:186)
	at io.netty.channel.uring.AbstractIoUringChannel$AbstractUringUnsafe.writeComplete(AbstractIoUringChannel.java:1003)
	at io.netty.channel.uring.AbstractIoUringChannel$AbstractUringUnsafe.handle(AbstractIoUringChannel.java:474)
	at io.netty.channel.uring.IoUringIoHandler$DefaultIoUringIoRegistration.handle(IoUringIoHandler.java:705)
	at io.netty.channel.uring.IoUringIoHandler.handleFastPath(IoUringIoHandler.java:318)
	at io.netty.channel.uring.IoUringIoHandler.handle(IoUringIoHandler.java:298)
	at io.netty.channel.uring.CompletionQueue.process(CompletionQueue.java:151)
	at io.netty.channel.uring.IoUringIoHandler.processCompletionsAndHandleOverflow(IoUringIoHandler.java:213)
	at io.netty.channel.uring.IoUringIoHandler.run(IoUringIoHandler.java:188)
	at io.netty.channel.SingleThreadIoEventLoop.runIo(SingleThreadIoEventLoop.java:225)
	at io.netty.channel.SingleThreadIoEventLoop.run(SingleThreadIoEventLoop.java:196)
	at io.netty.util.concurrent.SingleThreadEventExecutor$5.run(SingleThreadEventExecutor.java:1204)
	at io.netty.util.internal.ThreadExecutorMap$2.run(ThreadExecutorMap.java:74)
	at io.netty.util.concurrent.FastThreadLocalRunnable.run(FastThreadLocalRunnable.java:30)
	at java.base/java.lang.Thread.run(Thread.java:1583)
00:06:32.716 [multiThreadIoEventLoopGroup-3-1] WARN  i.n.channel.uring.IoUringIoHandler - Unexpected exception in the IO event loop.
java.lang.IllegalStateException: arena buffer of Thread[#31,multiThreadIoEventLoopGroup-4-2,10,main] touched from Thread[#26,multiThreadIoEventLoopGroup-3-1,10,main] (event-loop arena buffers are thread confined)
	at io.netty.buffer.CycleArenaAllocator$ArenaBuf.violation(CycleArenaAllocator.java:1279)
	at io.netty.buffer.CycleArenaAllocator$ArenaBuf.release(CycleArenaAllocator.java:1208)
	at io.netty.buffer.AbstractDerivedByteBuf.release0(AbstractDerivedByteBuf.java:98)
	at io.netty.buffer.AbstractDerivedByteBuf.release(AbstractDerivedByteBuf.java:94)
	at io.netty.channel.uring.IoUringSocketChannel$IoUringSocketUnsafe.handleWriteCompleteZeroCopy(IoUringSocketChannel.java:289)
	at io.netty.channel.uring.IoUringSocketChannel$IoUringSocketUnsafe.writeComplete0(IoUringSocketChannel.java:186)
	at io.netty.channel.uring.AbstractIoUringChannel$AbstractUringUnsafe.writeComplete(AbstractIoUringChannel.java:1003)
	at io.netty.channel.uring.AbstractIoUringChannel$AbstractUringUnsafe.handle(AbstractIoUringChannel.java:474)
	at io.netty.channel.uring.IoUringIoHandler$DefaultIoUringIoRegistration.handle(IoUringIoHandler.java:705)
	at io.netty.channel.uring.IoUringIoHandler.handleFastPath(IoUringIoHandler.java:318)
	at io.netty.channel.uring.IoUringIoHandler.handle(IoUringIoHandler.java:298)
	at io.netty.channel.uring.CompletionQueue.process(CompletionQueue.java:151)
	at io.netty.channel.uring.IoUringIoHandler.processCompletionsAndHandleOverflow(IoUringIoHandler.java:213)
	at io.netty.channel.uring.IoUringIoHandler.run(IoUringIoHandler.java:188)
	at io.netty.channel.SingleThreadIoEventLoop.runIo(SingleThreadIoEventLoop.java:225)
	at io.netty.channel.SingleThreadIoEventLoop.run(SingleThreadIoEventLoop.java:196)
	at io.netty.util.concurrent.SingleThreadEventExecutor$5.run(SingleThreadEventExecutor.java:1204)
	at io.netty.util.internal.ThreadExecutorMap$2.run(ThreadExecutorMap.java:74)
	at io.netty.util.concurrent.FastThreadLocalRunnable.run(FastThreadLocalRunnable.java:30)
	at java.base/java.lang.Thread.run(Thread.java:1583)
00:06:32.716 [multiThreadIoEventLoopGroup-3-3] WARN  io.netty.util.ReferenceCountUtil - Failed to release a message: UnpooledSlicedByteBuf(ridx: 0, widx: 156, cap: 156/156, unwrapped: CycleArenaAllocator$ArenaBuf(ridx: 0, widx: 8192, cap: 8192))
java.lang.IllegalStateException: arena buffer of Thread[#31,multiThreadIoEventLoopGroup-4-2,10,main] touched from Thread[#28,multiThreadIoEventLoopGroup-3-3,10,main] (event-loop arena buffers are thread confined)
	at io.netty.buffer.CycleArenaAllocator$ArenaBuf.violation(CycleArenaAllocator.java:1279)
	at io.netty.buffer.CycleArenaAllocator$ArenaBuf.release(CycleArenaAllocator.java:1208)
	at io.netty.buffer.AbstractDerivedByteBuf.release0(AbstractDerivedByteBuf.java:98)
	at io.netty.buffer.AbstractDerivedByteBuf.release(AbstractDerivedByteBuf.java:94)
	at io.netty.util.ReferenceCountUtil.release(ReferenceCountUtil.java:90)
	at io.netty.util.ReferenceCountUtil.safeRelease(ReferenceCountUtil.java:116)
	at io.netty.channel.ChannelOutboundBuffer.remove(ChannelOutboundBuffer.java:300)
	at io.netty.channel.ChannelOutboundBuffer.removeBytes(ChannelOutboundBuffer.java:382)
	at io.netty.channel.uring.AbstractIoUringStreamChannel$IoUringStreamUnsafe.writeComplete0(AbstractIoUringStreamChannel.java:692)
	at io.netty.channel.uring.IoUringSocketChannel$IoUringSocketUnsafe.writeComplete0(IoUringSocketChannel.java:188)
	at io.netty.channel.uring.AbstractIoUringChannel$AbstractUringUnsafe.writeComplete(AbstractIoUringChannel.java:1003)
	at io.netty.channel.uring.AbstractIoUringChannel$AbstractUringUnsafe.handle(AbstractIoUringChannel.java:474)
	at io.netty.channel.uring.IoUringIoHandler$DefaultIoUringIoRegistration.handle(IoUringIoHandler.java:705)
	at io.netty.channel.uring.IoUringIoHandler.handleFastPath(IoUringIoHandler.java:318)
	at io.netty.channel.uring.IoUringIoHandler.handle(IoUringIoHandler.java:298)
	at io.netty.channel.uring.CompletionQueue.process(CompletionQueue.java:151)
	at io.netty.channel.uring.IoUringIoHandler.processCompletionsAndHandleOverflow(IoUringIoHandler.java:213)
	at io.netty.channel.uring.IoUringIoHandler.run(IoUringIoHandler.java:188)
	at io.netty.channel.SingleThreadIoEventLoop.runIo(SingleThreadIoEventLoop.java:225)
	at io.netty.channel.SingleThreadIoEventLoop.run(SingleThreadIoEventLoop.java:196)
	at io.netty.util.concurrent.SingleThreadEventExecutor$5.run(SingleThreadEventExecutor.java:1204)
	at io.netty.util.internal.ThreadExecutorMap$2.run(ThreadExecutorMap.java:74)
	at io.netty.util.concurrent.FastThreadLocalRunnable.run(FastThreadLocalRunnable.java:30)
	at java.base/java.lang.Thread.run(Thread.java:1583)
00:06:32.716 [multiThreadIoEventLoopGroup-3-3] WARN  i.n.channel.uring.IoUringIoHandler - Unexpected exception in the IO event loop.
java.lang.IllegalStateException: arena buffer of Thread[#30,multiThreadIoEventLoopGroup-4-1,10,main] touched from Thread[#28,multiThreadIoEventLoopGroup-3-3,10,main] (event-loop arena buffers are thread confined)
	at io.netty.buffer.CycleArenaAllocator$ArenaBuf.violation(CycleArenaAllocator.java:1279)
	at io.netty.buffer.CycleArenaAllocator$ArenaBuf.release(CycleArenaAllocator.java:1208)
	at io.netty.buffer.AbstractDerivedByteBuf.release0(AbstractDerivedByteBuf.java:98)
	at io.netty.buffer.AbstractDerivedByteBuf.release(AbstractDerivedByteBuf.java:94)
	at io.netty.channel.uring.IoUringSocketChannel$IoUringSocketUnsafe.handleWriteCompleteZeroCopy(IoUringSocketChannel.java:289)
	at io.netty.channel.uring.IoUringSocketChannel$IoUringSocketUnsafe.writeComplete0(IoUringSocketChannel.java:186)
	at io.netty.channel.uring.AbstractIoUringChannel$AbstractUringUnsafe.writeComplete(AbstractIoUringChannel.java:1003)
	at io.netty.channel.uring.AbstractIoUringChannel$AbstractUringUnsafe.handle(AbstractIoUringChannel.java:474)
	at io.netty.channel.uring.IoUringIoHandler$DefaultIoUringIoRegistration.handle(IoUringIoHandler.java:705)
	at io.netty.channel.uring.IoUringIoHandler.handleFastPath(IoUringIoHandler.java:318)
	at io.netty.channel.uring.IoUringIoHandler.handle(IoUringIoHandler.java:298)
	at io.netty.channel.uring.CompletionQueue.process(CompletionQueue.java:151)
	at io.netty.channel.uring.IoUringIoHandler.processCompletionsAndHandleOverflow(IoUringIoHandler.java:213)
	at io.netty.channel.uring.IoUringIoHandler.run(IoUringIoHandler.java:188)
	at io.netty.channel.SingleThreadIoEventLoop.runIo(SingleThreadIoEventLoop.java:225)
	at io.netty.channel.SingleThreadIoEventLoop.run(SingleThreadIoEventLoop.java:196)
	at io.netty.util.concurrent.SingleThreadEventExecutor$5.run(SingleThreadEventExecutor.java:1204)
	at io.netty.util.internal.ThreadExecutorMap$2.run(ThreadExecutorMap.java:74)
	at io.netty.util.concurrent.FastThreadLocalRunnable.run(FastThreadLocalRunnable.java:30)
	at java.base/java.lang.Thread.run(Thread.java:1583)
00:06:32.716 [multiThreadIoEventLoopGroup-3-2] WARN  io.netty.util.ReferenceCountUtil - Failed to release a message: UnpooledSlicedByteBuf(ridx: 0, widx: 1731, cap: 1731/1731, unwrapped: CycleArenaAllocator$ArenaBuf(ridx: 0, widx: 8192, cap: 8192))
java.lang.IllegalStateException: arena buffer of Thread[#30,multiThreadIoEventLoopGroup-4-1,10,main] touched from Thread[#27,multiThreadIoEventLoopGroup-3-2,10,main] (event-loop arena buffers are thread confined)
	at io.netty.buffer.CycleArenaAllocator$ArenaBuf.violation(CycleArenaAllocator.java:1279)
	at io.netty.buffer.CycleArenaAllocator$ArenaBuf.release(CycleArenaAllocator.java:1208)
	at io.netty.buffer.AbstractDerivedByteBuf.release0(AbstractDerivedByteBuf.java:98)
	at io.netty.buffer.AbstractDerivedByteBuf.release(AbstractDerivedByteBuf.java:94)
	at io.netty.util.ReferenceCountUtil.release(ReferenceCountUtil.java:90)
	at io.netty.util.ReferenceCountUtil.safeRelease(ReferenceCountUtil.java:116)
	at io.netty.channel.ChannelOutboundBuffer.remove(ChannelOutboundBuffer.java:300)
	at io.netty.channel.ChannelOutboundBuffer.removeBytes(ChannelOutboundBuffer.java:382)
	at io.netty.channel.uring.AbstractIoUringStreamChannel$IoUringStreamUnsafe.writeComplete0(AbstractIoUringStreamChannel.java:692)
	at io.netty.channel.uring.IoUringSocketChannel$IoUringSocketUnsafe.writeComplete0(IoUringSocketChannel.java:188)
	at io.netty.channel.uring.AbstractIoUringChannel$AbstractUringUnsafe.writeComplete(AbstractIoUringChannel.java:1003)
	at io.netty.channel.uring.AbstractIoUringChannel$AbstractUringUnsafe.handle(AbstractIoUringChannel.java:474)
	at io.netty.channel.uring.IoUringIoHandler$DefaultIoUringIoRegistration.handle(IoUringIoHandler.java:705)
	at io.netty.channel.uring.IoUringIoHandler.handleFastPath(IoUringIoHandler.java:318)
	at io.netty.channel.uring.IoUringIoHandler.handle(IoUringIoHandler.java:298)
	at io.netty.channel.uring.CompletionQueue.process(CompletionQueue.java:151)
	at io.netty.channel.uring.IoUringIoHandler.processCompletionsAndHandleOverflow(IoUringIoHandler.java:213)
	at io.netty.channel.uring.IoUringIoHandler.run(IoUringIoHandler.java:188)
	at io.netty.channel.SingleThreadIoEventLoop.runIo(SingleThreadIoEventLoop.java:225)
	at io.netty.channel.SingleThreadIoEventLoop.run(SingleThreadIoEventLoop.java:196)
	at io.netty.util.concurrent.SingleThreadEventExecutor$5.run(SingleThreadEventExecutor.java:1204)
	at io.netty.util.internal.ThreadExecutorMap$2.run(ThreadExecutorMap.java:74)
	at io.netty.util.concurrent.FastThreadLocalRunnable.run(FastThreadLocalRunnable.java:30)
	at java.base/java.lang.Thread.run(Thread.java:1583)
00:06:32.716 [multiThreadIoEventLoopGroup-3-2] WARN  io.netty.util.ReferenceCountUtil - Failed to release a message: UnpooledSlicedByteBuf(ridx: 0, widx: 2613, cap: 2613/2613, unwrapped: CycleArenaAllocator$ArenaBuf(ridx: 0, widx: 8192, cap: 8192))
java.lang.IllegalStateException: arena buffer of Thread[#30,multiThreadIoEventLoopGroup-4-1,10,main] touched from Thread[#27,multiThreadIoEventLoopGroup-3-2,10,main] (event-loop arena buffers are thread confined)
	at io.netty.buffer.CycleArenaAllocator$ArenaBuf.violation(CycleArenaAllocator.java:1279)
	at io.netty.buffer.CycleArenaAllocator$ArenaBuf.release(CycleArenaAllocator.java:1208)
	at io.netty.buffer.AbstractDerivedByteBuf.release0(AbstractDerivedByteBuf.java:98)
	at io.netty.buffer.AbstractDerivedByteBuf.release(AbstractDerivedByteBuf.java:94)
	at io.netty.util.ReferenceCountUtil.release(ReferenceCountUtil.java:90)
	at io.netty.util.ReferenceCountUtil.safeRelease(ReferenceCountUtil.java:116)
	at io.netty.channel.ChannelOutboundBuffer.remove(ChannelOutboundBuffer.java:300)
	at io.netty.channel.ChannelOutboundBuffer.removeBytes(ChannelOutboundBuffer.java:382)
	at io.netty.channel.uring.AbstractIoUringStreamChannel$IoUringStreamUnsafe.writeComplete0(AbstractIoUringStreamChannel.java:692)
	at io.netty.channel.uring.IoUringSocketChannel$IoUringSocketUnsafe.writeComplete0(IoUringSocketChannel.java:188)
	at io.netty.channel.uring.AbstractIoUringChannel$AbstractUringUnsafe.writeComplete(AbstractIoUringChannel.java:1003)
	at io.netty.channel.uring.AbstractIoUringChannel$AbstractUringUnsafe.handle(AbstractIoUringChannel.java:474)
	at io.netty.channel.uring.IoUringIoHandler$DefaultIoUringIoRegistration.handle(IoUringIoHandler.java:705)
	at io.netty.channel.uring.IoUringIoHandler.handleFastPath(IoUringIoHandler.java:318)
	at io.netty.channel.uring.IoUringIoHandler.handle(IoUringIoHandler.java:298)
	at io.netty.channel.uring.CompletionQueue.process(CompletionQueue.java:151)
	at io.netty.channel.uring.IoUringIoHandler.processCompletionsAndHandleOverflow(IoUringIoHandler.java:213)
	at io.netty.channel.uring.IoUringIoHandler.run(IoUringIoHandler.java:188)
	at io.netty.channel.SingleThreadIoEventLoop.runIo(SingleThreadIoEventLoop.java:225)
	at io.netty.channel.SingleThreadIoEventLoop.run(SingleThreadIoEventLoop.java:196)
	at io.netty.util.concurrent.SingleThreadEventExecutor$5.run(SingleThreadEventExecutor.java:1204)
	at io.netty.util.internal.ThreadExecutorMap$2.run(ThreadExecutorMap.java:74)
	at io.netty.util.concurrent.FastThreadLocalRunnable.run(FastThreadLocalRunnable.java:30)
	at java.base/java.lang.Thread.run(Thread.java:1583)
00:06:32.716 [multiThreadIoEventLoopGroup-3-2] WARN  io.netty.util.ReferenceCountUtil - Failed to release a message: UnpooledSlicedByteBuf(ridx: 0, widx: 3517, cap: 3517/3517, unwrapped: CycleArenaAllocator$ArenaBuf(ridx: 0, widx: 8192, cap: 8192))
java.lang.IllegalStateException: arena buffer of Thread[#31,multiThreadIoEventLoopGroup-4-2,10,main] touched from Thread[#27,multiThreadIoEventLoopGroup-3-2,10,main] (event-loop arena buffers are thread confined)
	at io.netty.buffer.CycleArenaAllocator$ArenaBuf.violation(CycleArenaAllocator.java:1279)
	at io.netty.buffer.CycleArenaAllocator$ArenaBuf.release(CycleArenaAllocator.java:1208)
	at io.netty.buffer.AbstractDerivedByteBuf.release0(AbstractDerivedByteBuf.java:98)
	at io.netty.buffer.AbstractDerivedByteBuf.release(AbstractDerivedByteBuf.java:94)
	at io.netty.util.ReferenceCountUtil.release(ReferenceCountUtil.java:90)
	at io.netty.util.ReferenceCountUtil.safeRelease(ReferenceCountUtil.java:116)
	at io.netty.channel.ChannelOutboundBuffer.remove(ChannelOutboundBuffer.java:300)
	at io.netty.channel.ChannelOutboundBuffer.removeBytes(ChannelOutboundBuffer.java:382)
	at io.netty.channel.uring.AbstractIoUringStreamChannel$IoUringStreamUnsafe.writeComplete0(AbstractIoUringStreamChannel.java:692)
	at io.netty.channel.uring.IoUringSocketChannel$IoUringSocketUnsafe.writeComplete0(IoUringSocketChannel.java:188)
	at io.netty.channel.uring.AbstractIoUringChannel$AbstractUringUnsafe.writeComplete(AbstractIoUringChannel.java:1003)
	at io.netty.channel.uring.AbstractIoUringChannel$AbstractUringUnsafe.handle(AbstractIoUringChannel.java:474)
	at io.netty.channel.uring.IoUringIoHandler$DefaultIoUringIoRegistration.handle(IoUringIoHandler.java:705)
	at io.netty.channel.uring.IoUringIoHandler.handleFastPath(IoUringIoHandler.java:318)
	at io.netty.channel.uring.IoUringIoHandler.handle(IoUringIoHandler.java:298)
	at io.netty.channel.uring.CompletionQueue.process(CompletionQueue.java:151)
	at io.netty.channel.uring.IoUringIoHandler.processCompletionsAndHandleOverflow(IoUringIoHandler.java:213)
	at io.netty.channel.uring.IoUringIoHandler.run(IoUringIoHandler.java:188)
	at io.netty.channel.SingleThreadIoEventLoop.runIo(SingleThreadIoEventLoop.java:225)
	at io.netty.channel.SingleThreadIoEventLoop.run(SingleThreadIoEventLoop.java:196)
	at io.netty.util.concurrent.SingleThreadEventExecutor$5.run(SingleThreadEventExecutor.java:1204)
	at io.netty.util.internal.ThreadExecutorMap$2.run(ThreadExecutorMap.java:74)
	at io.netty.util.concurrent.FastThreadLocalRunnable.run(FastThreadLocalRunnable.java:30)
	at java.base/java.lang.Thread.run(Thread.java:1583)
00:06:32.716 [multiThreadIoEventLoopGroup-3-2] WARN  i.n.channel.uring.IoUringIoHandler - Unexpected exception in the IO event loop.
java.lang.IllegalStateException: arena buffer of Thread[#31,multiThreadIoEventLoopGroup-4-2,10,main] touched from Thread[#27,multiThreadIoEventLoopGroup-3-2,10,main] (event-loop arena buffers are thread confined)
	at io.netty.buffer.CycleArenaAllocator$ArenaBuf.violation(CycleArenaAllocator.java:1279)
	at io.netty.buffer.CycleArenaAllocator$ArenaBuf.retain(CycleArenaAllocator.java:1182)
	at io.netty.buffer.AbstractDerivedByteBuf.retain0(AbstractDerivedByteBuf.java:58)
	at io.netty.buffer.AbstractDerivedByteBuf.retain(AbstractDerivedByteBuf.java:54)
	at io.netty.channel.uring.IoUringSocketChannel$IoUringSocketUnsafe.handleWriteCompleteZeroCopy(IoUringSocketChannel.java:220)
	at io.netty.channel.uring.IoUringSocketChannel$IoUringSocketUnsafe.writeComplete0(IoUringSocketChannel.java:186)
	at io.netty.channel.uring.AbstractIoUringChannel$AbstractUringUnsafe.writeComplete(AbstractIoUringChannel.java:1003)
	at io.netty.channel.uring.AbstractIoUringChannel$AbstractUringUnsafe.handle(AbstractIoUringChannel.java:474)
	at io.netty.channel.uring.IoUringIoHandler$DefaultIoUringIoRegistration.handle(IoUringIoHandler.java:705)
	at io.netty.channel.uring.IoUringIoHandler.handleFastPath(IoUringIoHandler.java:318)
	at io.netty.channel.uring.IoUringIoHandler.handle(IoUringIoHandler.java:298)
	at io.netty.channel.uring.CompletionQueue.process(CompletionQueue.java:151)
	at io.netty.channel.uring.IoUringIoHandler.processCompletionsAndHandleOverflow(IoUringIoHandler.java:213)
	at io.netty.channel.uring.IoUringIoHandler.run(IoUringIoHandler.java:188)
	at io.netty.channel.SingleThreadIoEventLoop.runIo(SingleThreadIoEventLoop.java:225)
	at io.netty.channel.SingleThreadIoEventLoop.run(SingleThreadIoEventLoop.java:196)
	at io.netty.util.concurrent.SingleThreadEventExecutor$5.run(SingleThreadEventExecutor.java:1204)
	at io.netty.util.internal.ThreadExecutorMap$2.run(ThreadExecutorMap.java:74)
	at io.netty.util.concurrent.FastThreadLocalRunnable.run(FastThreadLocalRunnable.java:30)
	at java.base/java.lang.Thread.run(Thread.java:1583)
00:06:32.816 [multiThreadIoEventLoopGroup-4-3] WARN  i.n.channel.uring.IoUringIoHandler - Unexpected exception in the IO event loop.
java.lang.IllegalStateException: arena buffer of Thread[#28,multiThreadIoEventLoopGroup-3-3,10,main] touched from Thread[#32,multiThreadIoEventLoopGroup-4-3,10,main] (event-loop arena buffers are thread confined)
	at io.netty.buffer.CycleArenaAllocator$ArenaBuf.violation(CycleArenaAllocator.java:1279)
	at io.netty.buffer.CycleArenaAllocator$ArenaBuf.release(CycleArenaAllocator.java:1208)
	at io.netty.buffer.AbstractDerivedByteBuf.release0(AbstractDerivedByteBuf.java:98)
	at io.netty.buffer.AbstractDerivedByteBuf.release(AbstractDerivedByteBuf.java:94)
	at io.netty.channel.uring.IoUringSocketChannel$IoUringSocketUnsafe.handleWriteCompleteZeroCopy(IoUringSocketChannel.java:289)
	at io.netty.channel.uring.IoUringSocketChannel$IoUringSocketUnsafe.writeComplete0(IoUringSocketChannel.java:186)
	at io.netty.channel.uring.AbstractIoUringChannel$AbstractUringUnsafe.writeComplete(AbstractIoUringChannel.java:1003)
	at io.netty.channel.uring.AbstractIoUringChannel$AbstractUringUnsafe.handle(AbstractIoUringChannel.java:474)
	at io.netty.channel.uring.IoUringIoHandler$DefaultIoUringIoRegistration.handle(IoUringIoHandler.java:705)
	at io.netty.channel.uring.IoUringIoHandler.handleFastPath(IoUringIoHandler.java:318)
	at io.netty.channel.uring.IoUringIoHandler.handle(IoUringIoHandler.java:298)
	at io.netty.channel.uring.CompletionQueue.process(CompletionQueue.java:151)
	at io.netty.channel.uring.IoUringIoHandler.processCompletionsAndHandleOverflow(IoUringIoHandler.java:213)
	at io.netty.channel.uring.IoUringIoHandler.run(IoUringIoHandler.java:188)
	at io.netty.channel.SingleThreadIoEventLoop.runIo(SingleThreadIoEventLoop.java:225)
	at io.netty.channel.SingleThreadIoEventLoop.run(SingleThreadIoEventLoop.java:196)
	at io.netty.util.concurrent.SingleThreadEventExecutor$5.run(SingleThreadEventExecutor.java:1204)
	at io.netty.util.internal.ThreadExecutorMap$2.run(ThreadExecutorMap.java:74)
	at io.netty.util.concurrent.FastThreadLocalRunnable.run(FastThreadLocalRunnable.java:30)
	at java.base/java.lang.Thread.run(Thread.java:1583)
00:06:32.816 [multiThreadIoEventLoopGroup-3-4] WARN  i.n.channel.uring.IoUringIoHandler - Unexpected exception in the IO event loop.
java.lang.IllegalStateException: arena buffer of Thread[#30,multiThreadIoEventLoopGroup-4-1,10,main] touched from Thread[#29,multiThreadIoEventLoopGroup-3-4,10,main] (event-loop arena buffers are thread confined)
	at io.netty.buffer.CycleArenaAllocator$ArenaBuf.violation(CycleArenaAllocator.java:1279)
	at io.netty.buffer.CycleArenaAllocator$ArenaBuf.release(CycleArenaAllocator.java:1208)
	at io.netty.buffer.AbstractDerivedByteBuf.release0(AbstractDerivedByteBuf.java:98)
	at io.netty.buffer.AbstractDerivedByteBuf.release(AbstractDerivedByteBuf.java:94)
	at io.netty.channel.uring.IoUringSocketChannel$IoUringSocketUnsafe.handleWriteCompleteZeroCopy(IoUringSocketChannel.java:289)
	at io.netty.channel.uring.IoUringSocketChannel$IoUringSocketUnsafe.writeComplete0(IoUringSocketChannel.java:186)
	at io.netty.channel.uring.AbstractIoUringChannel$AbstractUringUnsafe.writeComplete(AbstractIoUringChannel.java:1003)
	at io.netty.channel.uring.AbstractIoUringChannel$AbstractUringUnsafe.handle(AbstractIoUringChannel.java:474)
	at io.netty.channel.uring.IoUringIoHandler$DefaultIoUringIoRegistration.handle(IoUringIoHandler.java:705)
	at io.netty.channel.uring.IoUringIoHandler.handleFastPath(IoUringIoHandler.java:318)
	at io.netty.channel.uring.IoUringIoHandler.handle(IoUringIoHandler.java:298)
	at io.netty.channel.uring.CompletionQueue.process(CompletionQueue.java:151)
	at io.netty.channel.uring.IoUringIoHandler.processCompletionsAndHandleOverflow(IoUringIoHandler.java:213)
	at io.netty.channel.uring.IoUringIoHandler.run(IoUringIoHandler.java:188)
	at io.netty.channel.SingleThreadIoEventLoop.runIo(SingleThreadIoEventLoop.java:225)
	at io.netty.channel.SingleThreadIoEventLoop.run(SingleThreadIoEventLoop.java:196)
	at io.netty.util.concurrent.SingleThreadEventExecutor$5.run(SingleThreadEventExecutor.java:1204)
	at io.netty.util.internal.ThreadExecutorMap$2.run(ThreadExecutorMap.java:74)
	at io.netty.util.concurrent.FastThreadLocalRunnable.run(FastThreadLocalRunnable.java:30)
	at java.base/java.lang.Thread.run(Thread.java:1583)
00:06:32.816 [multiThreadIoEventLoopGroup-3-1] WARN  i.n.channel.uring.IoUringIoHandler - Unexpected exception in the IO event loop.
java.lang.IllegalStateException: arena buffer of Thread[#30,multiThreadIoEventLoopGroup-4-1,10,main] touched from Thread[#26,multiThreadIoEventLoopGroup-3-1,10,main] (event-loop arena buffers are thread confined)
	at io.netty.buffer.CycleArenaAllocator$ArenaBuf.violation(CycleArenaAllocator.java:1279)
	at io.netty.buffer.CycleArenaAllocator$ArenaBuf.release(CycleArenaAllocator.java:1208)
	at io.netty.buffer.AbstractDerivedByteBuf.release0(AbstractDerivedByteBuf.java:98)
	at io.netty.buffer.AbstractDerivedByteBuf.release(AbstractDerivedByteBuf.java:94)
	at io.netty.channel.uring.IoUringSocketChannel$IoUringSocketUnsafe.handleWriteCompleteZeroCopy(IoUringSocketChannel.java:289)
	at io.netty.channel.uring.IoUringSocketChannel$IoUringSocketUnsafe.writeComplete0(IoUringSocketChannel.java:186)
	at io.netty.channel.uring.AbstractIoUringChannel$AbstractUringUnsafe.writeComplete(AbstractIoUringChannel.java:1003)
	at io.netty.channel.uring.AbstractIoUringChannel$AbstractUringUnsafe.handle(AbstractIoUringChannel.java:474)
	at io.netty.channel.uring.IoUringIoHandler$DefaultIoUringIoRegistration.handle(IoUringIoHandler.java:705)
	at io.netty.channel.uring.IoUringIoHandler.handleFastPath(IoUringIoHandler.java:318)
	at io.netty.channel.uring.IoUringIoHandler.handle(IoUringIoHandler.java:298)
	at io.netty.channel.uring.CompletionQueue.process(CompletionQueue.java:151)
	at io.netty.channel.uring.IoUringIoHandler.processCompletionsAndHandleOverflow(IoUringIoHandler.java:213)
	at io.netty.channel.uring.IoUringIoHandler.run(IoUringIoHandler.java:188)
	at io.netty.channel.SingleThreadIoEventLoop.runIo(SingleThreadIoEventLoop.java:225)
	at io.netty.channel.SingleThreadIoEventLoop.run(SingleThreadIoEventLoop.java:196)
	at io.netty.util.concurrent.SingleThreadEventExecutor$5.run(SingleThreadEventExecutor.java:1204)
	at io.netty.util.internal.ThreadExecutorMap$2.run(ThreadExecutorMap.java:74)
	at io.netty.util.concurrent.FastThreadLocalRunnable.run(FastThreadLocalRunnable.java:30)
	at java.base/java.lang.Thread.run(Thread.java:1583)
00:06:32.816 [multiThreadIoEventLoopGroup-3-3] WARN  i.n.channel.uring.IoUringIoHandler - Unexpected exception in the IO event loop.
java.lang.IllegalStateException: arena buffer of Thread[#31,multiThreadIoEventLoopGroup-4-2,10,main] touched from Thread[#28,multiThreadIoEventLoopGroup-3-3,10,main] (event-loop arena buffers are thread confined)
	at io.netty.buffer.CycleArenaAllocator$ArenaBuf.violation(CycleArenaAllocator.java:1279)
	at io.netty.buffer.CycleArenaAllocator$ArenaBuf.release(CycleArenaAllocator.java:1208)
	at io.netty.buffer.AbstractDerivedByteBuf.release0(AbstractDerivedByteBuf.java:98)
	at io.netty.buffer.AbstractDerivedByteBuf.release(AbstractDerivedByteBuf.java:94)
	at io.netty.channel.uring.IoUringSocketChannel$IoUringSocketUnsafe.handleWriteCompleteZeroCopy(IoUringSocketChannel.java:289)
	at io.netty.channel.uring.IoUringSocketChannel$IoUringSocketUnsafe.writeComplete0(IoUringSocketChannel.java:186)
	at io.netty.channel.uring.AbstractIoUringChannel$AbstractUringUnsafe.writeComplete(AbstractIoUringChannel.java:1003)
	at io.netty.channel.uring.AbstractIoUringChannel$AbstractUringUnsafe.handle(AbstractIoUringChannel.java:474)
	at io.netty.channel.uring.IoUringIoHandler$DefaultIoUringIoRegistration.handle(IoUringIoHandler.java:705)
	at io.netty.channel.uring.IoUringIoHandler.handleFastPath(IoUringIoHandler.java:318)
	at io.netty.channel.uring.IoUringIoHandler.handle(IoUringIoHandler.java:298)
	at io.netty.channel.uring.CompletionQueue.process(CompletionQueue.java:151)
	at io.netty.channel.uring.IoUringIoHandler.processCompletionsAndHandleOverflow(IoUringIoHandler.java:213)
	at io.netty.channel.uring.IoUringIoHandler.run(IoUringIoHandler.java:188)
	at io.netty.channel.SingleThreadIoEventLoop.runIo(SingleThreadIoEventLoop.java:225)
	at io.netty.channel.SingleThreadIoEventLoop.run(SingleThreadIoEventLoop.java:196)
	at io.netty.util.concurrent.SingleThreadEventExecutor$5.run(SingleThreadEventExecutor.java:1204)
	at io.netty.util.internal.ThreadExecutorMap$2.run(ThreadExecutorMap.java:74)
	at io.netty.util.concurrent.FastThreadLocalRunnable.run(FastThreadLocalRunnable.java:30)
	at java.base/java.lang.Thread.run(Thread.java:1583)
00:06:32.816 [multiThreadIoEventLoopGroup-3-2] WARN  io.netty.util.ReferenceCountUtil - Failed to release a message: UnpooledSlicedByteBuf(ridx: 0, widx: 2298, cap: 2298/2298, unwrapped: CycleArenaAllocator$ArenaBuf(ridx: 0, widx: 8192, cap: 8192))
java.lang.IllegalStateException: arena buffer of Thread[#30,multiThreadIoEventLoopGroup-4-1,10,main] touched from Thread[#27,multiThreadIoEventLoopGroup-3-2,10,main] (event-loop arena buffers are thread confined)
	at io.netty.buffer.CycleArenaAllocator$ArenaBuf.violation(CycleArenaAllocator.java:1279)
	at io.netty.buffer.CycleArenaAllocator$ArenaBuf.release(CycleArenaAllocator.java:1208)
	at io.netty.buffer.AbstractDerivedByteBuf.release0(AbstractDerivedByteBuf.java:98)
	at io.netty.buffer.AbstractDerivedByteBuf.release(AbstractDerivedByteBuf.java:94)
	at io.netty.util.ReferenceCountUtil.release(ReferenceCountUtil.java:90)
	at io.netty.util.ReferenceCountUtil.safeRelease(ReferenceCountUtil.java:116)
	at io.netty.channel.ChannelOutboundBuffer.remove(ChannelOutboundBuffer.java:300)
	at io.netty.channel.ChannelOutboundBuffer.removeBytes(ChannelOutboundBuffer.java:382)
	at io.netty.channel.uring.AbstractIoUringStreamChannel$IoUringStreamUnsafe.writeComplete0(AbstractIoUringStreamChannel.java:692)
	at io.netty.channel.uring.IoUringSocketChannel$IoUringSocketUnsafe.writeComplete0(IoUringSocketChannel.java:188)
	at io.netty.channel.uring.AbstractIoUringChannel$AbstractUringUnsafe.writeComplete(AbstractIoUringChannel.java:1003)
	at io.netty.channel.uring.AbstractIoUringChannel$AbstractUringUnsafe.handle(AbstractIoUringChannel.java:474)
	at io.netty.channel.uring.IoUringIoHandler$DefaultIoUringIoRegistration.handle(IoUringIoHandler.java:705)
	at io.netty.channel.uring.IoUringIoHandler.handleFastPath(IoUringIoHandler.java:318)
	at io.netty.channel.uring.IoUringIoHandler.handle(IoUringIoHandler.java:298)
	at io.netty.channel.uring.CompletionQueue.process(CompletionQueue.java:151)
	at io.netty.channel.uring.IoUringIoHandler.processCompletionsAndHandleOverflow(IoUringIoHandler.java:213)
	at io.netty.channel.uring.IoUringIoHandler.run(IoUringIoHandler.java:188)
	at io.netty.channel.SingleThreadIoEventLoop.runIo(SingleThreadIoEventLoop.java:225)
	at io.netty.channel.SingleThreadIoEventLoop.run(SingleThreadIoEventLoop.java:196)
	at io.netty.util.concurrent.SingleThreadEventExecutor$5.run(SingleThreadEventExecutor.java:1204)
	at io.netty.util.internal.ThreadExecutorMap$2.run(ThreadExecutorMap.java:74)
	at io.netty.util.concurrent.FastThreadLocalRunnable.run(FastThreadLocalRunnable.java:30)
	at java.base/java.lang.Thread.run(Thread.java:1583)
00:06:32.817 [multiThreadIoEventLoopGroup-3-2] WARN  io.netty.util.ReferenceCountUtil - Failed to release a message: UnpooledSlicedByteBuf(ridx: 0, widx: 2846, cap: 2846/2846, unwrapped: CycleArenaAllocator$ArenaBuf(ridx: 0, widx: 8192, cap: 8192))
java.lang.IllegalStateException: arena buffer of Thread[#31,multiThreadIoEventLoopGroup-4-2,10,main] touched from Thread[#27,multiThreadIoEventLoopGroup-3-2,10,main] (event-loop arena buffers are thread confined)
	at io.netty.buffer.CycleArenaAllocator$ArenaBuf.violation(CycleArenaAllocator.java:1279)
	at io.netty.buffer.CycleArenaAllocator$ArenaBuf.release(CycleArenaAllocator.java:1208)
	at io.netty.buffer.AbstractDerivedByteBuf.release0(AbstractDerivedByteBuf.java:98)
	at io.netty.buffer.AbstractDerivedByteBuf.release(AbstractDerivedByteBuf.java:94)
	at io.netty.util.ReferenceCountUtil.release(ReferenceCountUtil.java:90)
	at io.netty.util.ReferenceCountUtil.safeRelease(ReferenceCountUtil.java:116)
	at io.netty.channel.ChannelOutboundBuffer.remove(ChannelOutboundBuffer.java:300)
	at io.netty.channel.ChannelOutboundBuffer.removeBytes(ChannelOutboundBuffer.java:382)
	at io.netty.channel.uring.AbstractIoUringStreamChannel$IoUringStreamUnsafe.writeComplete0(AbstractIoUringStreamChannel.java:692)
	at io.netty.channel.uring.IoUringSocketChannel$IoUringSocketUnsafe.writeComplete0(IoUringSocketChannel.java:188)
	at io.netty.channel.uring.AbstractIoUringChannel$AbstractUringUnsafe.writeComplete(AbstractIoUringChannel.java:1003)
	at io.netty.channel.uring.AbstractIoUringChannel$AbstractUringUnsafe.handle(AbstractIoUringChannel.java:474)
	at io.netty.channel.uring.IoUringIoHandler$DefaultIoUringIoRegistration.handle(IoUringIoHandler.java:705)
	at io.netty.channel.uring.IoUringIoHandler.handleFastPath(IoUringIoHandler.java:318)
	at io.netty.channel.uring.IoUringIoHandler.handle(IoUringIoHandler.java:298)
	at io.netty.channel.uring.CompletionQueue.process(CompletionQueue.java:151)
	at io.netty.channel.uring.IoUringIoHandler.processCompletionsAndHandleOverflow(IoUringIoHandler.java:213)
	at io.netty.channel.uring.IoUringIoHandler.run(IoUringIoHandler.java:188)
	at io.netty.channel.SingleThreadIoEventLoop.runIo(SingleThreadIoEventLoop.java:225)
	at io.netty.channel.SingleThreadIoEventLoop.run(SingleThreadIoEventLoop.java:196)
	at io.netty.util.concurrent.SingleThreadEventExecutor$5.run(SingleThreadEventExecutor.java:1204)
	at io.netty.util.internal.ThreadExecutorMap$2.run(ThreadExecutorMap.java:74)
	at io.netty.util.concurrent.FastThreadLocalRunnable.run(FastThreadLocalRunnable.java:30)
	at java.base/java.lang.Thread.run(Thread.java:1583)
00:06:32.817 [multiThreadIoEventLoopGroup-3-2] WARN  i.n.channel.uring.IoUringIoHandler - Unexpected exception in the IO event loop.
java.lang.IllegalStateException: arena buffer of Thread[#30,multiThreadIoEventLoopGroup-4-1,10,main] touched from Thread[#27,multiThreadIoEventLoopGroup-3-2,10,main] (event-loop arena buffers are thread confined)
	at io.netty.buffer.CycleArenaAllocator$ArenaBuf.violation(CycleArenaAllocator.java:1279)
	at io.netty.buffer.CycleArenaAllocator$ArenaBuf.retain(CycleArenaAllocator.java:1182)
	at io.netty.buffer.AbstractDerivedByteBuf.retain0(AbstractDerivedByteBuf.java:58)
	at io.netty.buffer.AbstractDerivedByteBuf.retain(AbstractDerivedByteBuf.java:54)
	at io.netty.channel.uring.IoUringSocketChannel$IoUringSocketUnsafe.handleWriteCompleteZeroCopy(IoUringSocketChannel.java:220)
	at io.netty.channel.uring.IoUringSocketChannel$IoUringSocketUnsafe.writeComplete0(IoUringSocketChannel.java:186)
	at io.netty.channel.uring.AbstractIoUringChannel$AbstractUringUnsafe.writeComplete(AbstractIoUringChannel.java:1003)
	at io.netty.channel.uring.AbstractIoUringChannel$AbstractUringUnsafe.handle(AbstractIoUringChannel.java:474)
	at io.netty.channel.uring.IoUringIoHandler$DefaultIoUringIoRegistration.handle(IoUringIoHandler.java:705)
	at io.netty.channel.uring.IoUringIoHandler.handleFastPath(IoUringIoHandler.java:318)
	at io.netty.channel.uring.IoUringIoHandler.handle(IoUringIoHandler.java:298)
	at io.netty.channel.uring.CompletionQueue.process(CompletionQueue.java:151)
	at io.netty.channel.uring.IoUringIoHandler.processCompletionsAndHandleOverflow(IoUringIoHandler.java:213)
	at io.netty.channel.uring.IoUringIoHandler.run(IoUringIoHandler.java:188)
	at io.netty.channel.SingleThreadIoEventLoop.runIo(SingleThreadIoEventLoop.java:225)
	at io.netty.channel.SingleThreadIoEventLoop.run(SingleThreadIoEventLoop.java:196)
	at io.netty.util.concurrent.SingleThreadEventExecutor$5.run(SingleThreadEventExecutor.java:1204)
	at io.netty.util.internal.ThreadExecutorMap$2.run(ThreadExecutorMap.java:74)
	at io.netty.util.concurrent.FastThreadLocalRunnable.run(FastThreadLocalRunnable.java:30)
	at java.base/java.lang.Thread.run(Thread.java:1583)
00:06:32.916 [multiThreadIoEventLoopGroup-4-1] WARN  i.n.channel.uring.IoUringIoHandler - Unexpected exception in the IO event loop.
java.lang.IllegalStateException: arena buffer of Thread[#26,multiThreadIoEventLoopGroup-3-1,10,main] touched from Thread[#30,multiThreadIoEventLoopGroup-4-1,10,main] (event-loop arena buffers are thread confined)
	at io.netty.buffer.CycleArenaAllocator$ArenaBuf.violation(CycleArenaAllocator.java:1279)
	at io.netty.buffer.CycleArenaAllocator$ArenaBuf.retain(CycleArenaAllocator.java:1182)
	at io.netty.buffer.AbstractDerivedByteBuf.retain0(AbstractDerivedByteBuf.java:58)
	at io.netty.buffer.AbstractDerivedByteBuf.retain(AbstractDerivedByteBuf.java:54)
	at io.netty.channel.uring.IoUringSocketChannel$IoUringSocketUnsafe.handleWriteCompleteZeroCopy(IoUringSocketChannel.java:220)
	at io.netty.channel.uring.IoUringSocketChannel$IoUringSocketUnsafe.writeComplete0(IoUringSocketChannel.java:186)
	at io.netty.channel.uring.AbstractIoUringChannel$AbstractUringUnsafe.writeComplete(AbstractIoUringChannel.java:1003)
	at io.netty.channel.uring.AbstractIoUringChannel$AbstractUringUnsafe.handle(AbstractIoUringChannel.java:474)
	at io.netty.channel.uring.IoUringIoHandler$DefaultIoUringIoRegistration.handle(IoUringIoHandler.java:705)
	at io.netty.channel.uring.IoUringIoHandler.handleFastPath(IoUringIoHandler.java:318)
	at io.netty.channel.uring.IoUringIoHandler.handle(IoUringIoHandler.java:298)
	at io.netty.channel.uring.CompletionQueue.process(CompletionQueue.java:151)
	at io.netty.channel.uring.IoUringIoHandler.processCompletionsAndHandleOverflow(IoUringIoHandler.java:213)
	at io.netty.channel.uring.IoUringIoHandler.run(IoUringIoHandler.java:188)
	at io.netty.channel.SingleThreadIoEventLoop.runIo(SingleThreadIoEventLoop.java:225)
	at io.netty.channel.SingleThreadIoEventLoop.run(SingleThreadIoEventLoop.java:196)
	at io.netty.util.concurrent.SingleThreadEventExecutor$5.run(SingleThreadEventExecutor.java:1204)
	at io.netty.util.internal.ThreadExecutorMap$2.run(ThreadExecutorMap.java:74)
	at io.netty.util.concurrent.FastThreadLocalRunnable.run(FastThreadLocalRunnable.java:30)
	at java.base/java.lang.Thread.run(Thread.java:1583)
00:06:32.916 [multiThreadIoEventLoopGroup-3-1] WARN  io.netty.util.ReferenceCountUtil - Failed to release a message: UnpooledSlicedByteBuf(ridx: 0, widx: 2635, cap: 2635/2635, unwrapped: CycleArenaAllocator$ArenaBuf(ridx: 0, widx: 8192, cap: 8192))
java.lang.IllegalStateException: arena buffer of Thread[#31,multiThreadIoEventLoopGroup-4-2,10,main] touched from Thread[#26,multiThreadIoEventLoopGroup-3-1,10,main] (event-loop arena buffers are thread confined)
	at io.netty.buffer.CycleArenaAllocator$ArenaBuf.violation(CycleArenaAllocator.java:1279)
	at io.netty.buffer.CycleArenaAllocator$ArenaBuf.release(CycleArenaAllocator.java:1208)
	at io.netty.buffer.AbstractDerivedByteBuf.release0(AbstractDerivedByteBuf.java:98)
	at io.netty.buffer.AbstractDerivedByteBuf.release(AbstractDerivedByteBuf.java:94)
	at io.netty.util.ReferenceCountUtil.release(ReferenceCountUtil.java:90)
	at io.netty.util.ReferenceCountUtil.safeRelease(ReferenceCountUtil.java:116)
	at io.netty.channel.ChannelOutboundBuffer.remove(ChannelOutboundBuffer.java:300)
	at io.netty.channel.ChannelOutboundBuffer.removeBytes(ChannelOutboundBuffer.java:382)
	at io.netty.channel.uring.AbstractIoUringStreamChannel$IoUringStreamUnsafe.writeComplete0(AbstractIoUringStreamChannel.java:692)
	at io.netty.channel.uring.IoUringSocketChannel$IoUringSocketUnsafe.writeComplete0(IoUringSocketChannel.java:188)
	at io.netty.channel.uring.AbstractIoUringChannel$AbstractUringUnsafe.writeComplete(AbstractIoUringChannel.java:1003)
	at io.netty.channel.uring.AbstractIoUringChannel$AbstractUringUnsafe.handle(AbstractIoUringChannel.java:474)
	at io.netty.channel.uring.IoUringIoHandler$DefaultIoUringIoRegistration.handle(IoUringIoHandler.java:705)
	at io.netty.channel.uring.IoUringIoHandler.handleFastPath(IoUringIoHandler.java:318)
	at io.netty.channel.uring.IoUringIoHandler.handle(IoUringIoHandler.java:298)
	at io.netty.channel.uring.CompletionQueue.process(CompletionQueue.java:151)
	at io.netty.channel.uring.IoUringIoHandler.processCompletionsAndHandleOverflow(IoUringIoHandler.java:213)
	at io.netty.channel.uring.IoUringIoHandler.run(IoUringIoHandler.java:188)
	at io.netty.channel.SingleThreadIoEventLoop.runIo(SingleThreadIoEventLoop.java:225)
	at io.netty.channel.SingleThreadIoEventLoop.run(SingleThreadIoEventLoop.java:196)
	at io.netty.util.concurrent.SingleThreadEventExecutor$5.run(SingleThreadEventExecutor.java:1204)
	at io.netty.util.internal.ThreadExecutorMap$2.run(ThreadExecutorMap.java:74)
	at io.netty.util.concurrent.FastThreadLocalRunnable.run(FastThreadLocalRunnable.java:30)
	at java.base/java.lang.Thread.run(Thread.java:1583)
00:06:32.916 [multiThreadIoEventLoopGroup-3-3] WARN  io.netty.util.ReferenceCountUtil - Failed to release a message: UnpooledSlicedByteBuf(ridx: 0, widx: 1753, cap: 1753/1753, unwrapped: CycleArenaAllocator$ArenaBuf(ridx: 0, widx: 8192, cap: 8192))
java.lang.IllegalStateException: arena buffer of Thread[#31,multiThreadIoEventLoopGroup-4-2,10,main] touched from Thread[#28,multiThreadIoEventLoopGroup-3-3,10,main] (event-loop arena buffers are thread confined)
	at io.netty.buffer.CycleArenaAllocator$ArenaBuf.violation(CycleArenaAllocator.java:1279)
	at io.netty.buffer.CycleArenaAllocator$ArenaBuf.release(CycleArenaAllocator.java:1208)
	at io.netty.buffer.AbstractDerivedByteBuf.release0(AbstractDerivedByteBuf.java:98)
	at io.netty.buffer.AbstractDerivedByteBuf.release(AbstractDerivedByteBuf.java:94)
	at io.netty.util.ReferenceCountUtil.release(ReferenceCountUtil.java:90)
	at io.netty.util.ReferenceCountUtil.safeRelease(ReferenceCountUtil.java:116)
	at io.netty.channel.ChannelOutboundBuffer.remove(ChannelOutboundBuffer.java:300)
	at io.netty.channel.ChannelOutboundBuffer.removeBytes(ChannelOutboundBuffer.java:382)
	at io.netty.channel.uring.AbstractIoUringStreamChannel$IoUringStreamUnsafe.writeComplete0(AbstractIoUringStreamChannel.java:692)
	at io.netty.channel.uring.IoUringSocketChannel$IoUringSocketUnsafe.writeComplete0(IoUringSocketChannel.java:188)
	at io.netty.channel.uring.AbstractIoUringChannel$AbstractUringUnsafe.writeComplete(AbstractIoUringChannel.java:1003)
	at io.netty.channel.uring.AbstractIoUringChannel$AbstractUringUnsafe.handle(AbstractIoUringChannel.java:474)
	at io.netty.channel.uring.IoUringIoHandler$DefaultIoUringIoRegistration.handle(IoUringIoHandler.java:705)
	at io.netty.channel.uring.IoUringIoHandler.handleFastPath(IoUringIoHandler.java:318)
	at io.netty.channel.uring.IoUringIoHandler.handle(IoUringIoHandler.java:298)
	at io.netty.channel.uring.CompletionQueue.process(CompletionQueue.java:151)
	at io.netty.channel.uring.IoUringIoHandler.processCompletionsAndHandleOverflow(IoUringIoHandler.java:213)
	at io.netty.channel.uring.IoUringIoHandler.run(IoUringIoHandler.java:188)
	at io.netty.channel.SingleThreadIoEventLoop.runIo(SingleThreadIoEventLoop.java:225)
	at io.netty.channel.SingleThreadIoEventLoop.run(SingleThreadIoEventLoop.java:196)
	at io.netty.util.concurrent.SingleThreadEventExecutor$5.run(SingleThreadEventExecutor.java:1204)
	at io.netty.util.internal.ThreadExecutorMap$2.run(ThreadExecutorMap.java:74)
	at io.netty.util.concurrent.FastThreadLocalRunnable.run(FastThreadLocalRunnable.java:30)
	at java.base/java.lang.Thread.run(Thread.java:1583)
00:06:32.916 [multiThreadIoEventLoopGroup-3-1] WARN  io.netty.util.ReferenceCountUtil - Failed to release a message: UnpooledSlicedByteBuf(ridx: 0, widx: 3495, cap: 3495/3495, unwrapped: CycleArenaAllocator$ArenaBuf(ridx: 0, widx: 8192, cap: 8192))
java.lang.IllegalStateException: arena buffer of Thread[#30,multiThreadIoEventLoopGroup-4-1,10,main] touched from Thread[#26,multiThreadIoEventLoopGroup-3-1,10,main] (event-loop arena buffers are thread confined)
	at io.netty.buffer.CycleArenaAllocator$ArenaBuf.violation(CycleArenaAllocator.java:1279)
	at io.netty.buffer.CycleArenaAllocator$ArenaBuf.release(CycleArenaAllocator.java:1208)
	at io.netty.buffer.AbstractDerivedByteBuf.release0(AbstractDerivedByteBuf.java:98)
	at io.netty.buffer.AbstractDerivedByteBuf.release(AbstractDerivedByteBuf.java:94)
	at io.netty.util.ReferenceCountUtil.release(ReferenceCountUtil.java:90)
	at io.netty.util.ReferenceCountUtil.safeRelease(ReferenceCountUtil.java:116)
	at io.netty.channel.ChannelOutboundBuffer.remove(ChannelOutboundBuffer.java:300)
	at io.netty.channel.ChannelOutboundBuffer.removeBytes(ChannelOutboundBuffer.java:382)
	at io.netty.channel.uring.AbstractIoUringStreamChannel$IoUringStreamUnsafe.writeComplete0(AbstractIoUringStreamChannel.java:692)
	at io.netty.channel.uring.IoUringSocketChannel$IoUringSocketUnsafe.writeComplete0(IoUringSocketChannel.java:188)
	at io.netty.channel.uring.AbstractIoUringChannel$AbstractUringUnsafe.writeComplete(AbstractIoUringChannel.java:1003)
	at io.netty.channel.uring.AbstractIoUringChannel$AbstractUringUnsafe.handle(AbstractIoUringChannel.java:474)
	at io.netty.channel.uring.IoUringIoHandler$DefaultIoUringIoRegistration.handle(IoUringIoHandler.java:705)
	at io.netty.channel.uring.IoUringIoHandler.handleFastPath(IoUringIoHandler.java:318)
	at io.netty.channel.uring.IoUringIoHandler.handle(IoUringIoHandler.java:298)
	at io.netty.channel.uring.CompletionQueue.process(CompletionQueue.java:151)
	at io.netty.channel.uring.IoUringIoHandler.processCompletionsAndHandleOverflow(IoUringIoHandler.java:213)
	at io.netty.channel.uring.IoUringIoHandler.run(IoUringIoHandler.java:188)
	at io.netty.channel.SingleThreadIoEventLoop.runIo(SingleThreadIoEventLoop.java:225)
	at io.netty.channel.SingleThreadIoEventLoop.run(SingleThreadIoEventLoop.java:196)
	at io.netty.util.concurrent.SingleThreadEventExecutor$5.run(SingleThreadEventExecutor.java:1204)
	at io.netty.util.internal.ThreadExecutorMap$2.run(ThreadExecutorMap.java:74)
	at io.netty.util.concurrent.FastThreadLocalRunnable.run(FastThreadLocalRunnable.java:30)
	at java.base/java.lang.Thread.run(Thread.java:1583)
00:06:32.916 [multiThreadIoEventLoopGroup-4-3] WARN  io.netty.util.ReferenceCountUtil - Failed to release a message: UnpooledSlicedByteBuf(ridx: 0, widx: 2413, cap: 2413/2413, unwrapped: CycleArenaAllocator$ArenaBuf(ridx: 0, widx: 8192, cap: 8192))
java.lang.IllegalStateException: arena buffer of Thread[#29,multiThreadIoEventLoopGroup-3-4,10,main] touched from Thread[#32,multiThreadIoEventLoopGroup-4-3,10,main] (event-loop arena buffers are thread confined)
	at io.netty.buffer.CycleArenaAllocator$ArenaBuf.violation(CycleArenaAllocator.java:1279)
	at io.netty.buffer.CycleArenaAllocator$ArenaBuf.release(CycleArenaAllocator.java:1208)
	at io.netty.buffer.AbstractDerivedByteBuf.release0(AbstractDerivedByteBuf.java:98)
	at io.netty.buffer.AbstractDerivedByteBuf.release(AbstractDerivedByteBuf.java:94)
	at io.netty.util.ReferenceCountUtil.release(ReferenceCountUtil.java:90)
	at io.netty.util.ReferenceCountUtil.safeRelease(ReferenceCountUtil.java:116)
	at io.netty.channel.ChannelOutboundBuffer.remove(ChannelOutboundBuffer.java:300)
	at io.netty.channel.ChannelOutboundBuffer.removeBytes(ChannelOutboundBuffer.java:382)
	at io.netty.channel.uring.AbstractIoUringStreamChannel$IoUringStreamUnsafe.writeComplete0(AbstractIoUringStreamChannel.java:692)
	at io.netty.channel.uring.IoUringSocketChannel$IoUringSocketUnsafe.writeComplete0(IoUringSocketChannel.java:188)
	at io.netty.channel.uring.AbstractIoUringChannel$AbstractUringUnsafe.writeComplete(AbstractIoUringChannel.java:1003)
	at io.netty.channel.uring.AbstractIoUringChannel$AbstractUringUnsafe.handle(AbstractIoUringChannel.java:474)
	at io.netty.channel.uring.IoUringIoHandler$DefaultIoUringIoRegistration.handle(IoUringIoHandler.java:705)
	at io.netty.channel.uring.IoUringIoHandler.handleFastPath(IoUringIoHandler.java:318)
	at io.netty.channel.uring.IoUringIoHandler.handle(IoUringIoHandler.java:298)
	at io.netty.channel.uring.CompletionQueue.process(CompletionQueue.java:151)
	at io.netty.channel.uring.IoUringIoHandler.processCompletionsAndHandleOverflow(IoUringIoHandler.java:213)
	at io.netty.channel.uring.IoUringIoHandler.run(IoUringIoHandler.java:188)
	at io.netty.channel.SingleThreadIoEventLoop.runIo(SingleThreadIoEventLoop.java:225)
	at io.netty.channel.SingleThreadIoEventLoop.run(SingleThreadIoEventLoop.java:196)
	at io.netty.util.concurrent.SingleThreadEventExecutor$5.run(SingleThreadEventExecutor.java:1204)
	at io.netty.util.internal.ThreadExecutorMap$2.run(ThreadExecutorMap.java:74)
	at io.netty.util.concurrent.FastThreadLocalRunnable.run(FastThreadLocalRunnable.java:30)
	at java.base/java.lang.Thread.run(Thread.java:1583)
00:06:32.916 [multiThreadIoEventLoopGroup-4-3] WARN  i.n.channel.uring.IoUringIoHandler - Unexpected exception in the IO event loop.
java.lang.IllegalStateException: arena buffer of Thread[#29,multiThreadIoEventLoopGroup-3-4,10,main] touched from Thread[#32,multiThreadIoEventLoopGroup-4-3,10,main] (event-loop arena buffers are thread confined)
	at io.netty.buffer.CycleArenaAllocator$ArenaBuf.violation(CycleArenaAllocator.java:1279)
	at io.netty.buffer.CycleArenaAllocator$ArenaBuf.retain(CycleArenaAllocator.java:1182)
	at io.netty.buffer.AbstractDerivedByteBuf.retain0(AbstractDerivedByteBuf.java:58)
	at io.netty.buffer.AbstractDerivedByteBuf.retain(AbstractDerivedByteBuf.java:54)
	at io.netty.channel.uring.IoUringSocketChannel$IoUringSocketUnsafe.handleWriteCompleteZeroCopy(IoUringSocketChannel.java:220)
	at io.netty.channel.uring.IoUringSocketChannel$IoUringSocketUnsafe.writeComplete0(IoUringSocketChannel.java:186)
	at io.netty.channel.uring.AbstractIoUringChannel$AbstractUringUnsafe.writeComplete(AbstractIoUringChannel.java:1003)
	at io.netty.channel.uring.AbstractIoUringChannel$AbstractUringUnsafe.handle(AbstractIoUringChannel.java:474)
	at io.netty.channel.uring.IoUringIoHandler$DefaultIoUringIoRegistration.handle(IoUringIoHandler.java:705)
	at io.netty.channel.uring.IoUringIoHandler.handleFastPath(IoUringIoHandler.java:318)
	at io.netty.channel.uring.IoUringIoHandler.handle(IoUringIoHandler.java:298)
	at io.netty.channel.uring.CompletionQueue.process(CompletionQueue.java:151)
	at io.netty.channel.uring.IoUringIoHandler.processCompletionsAndHandleOverflow(IoUringIoHandler.java:213)
	at io.netty.channel.uring.IoUringIoHandler.run(IoUringIoHandler.java:188)
	at io.netty.channel.SingleThreadIoEventLoop.runIo(SingleThreadIoEventLoop.java:225)
	at io.netty.channel.SingleThreadIoEventLoop.run(SingleThreadIoEventLoop.java:196)
	at io.netty.util.concurrent.SingleThreadEventExecutor$5.run(SingleThreadEventExecutor.java:1204)
	at io.netty.util.internal.ThreadExecutorMap$2.run(ThreadExecutorMap.java:74)
	at io.netty.util.concurrent.FastThreadLocalRunnable.run(FastThreadLocalRunnable.java:30)
	at java.base/java.lang.Thread.run(Thread.java:1583)
00:06:32.916 [multiThreadIoEventLoopGroup-3-3] WARN  io.netty.util.ReferenceCountUtil - Failed to release a message: UnpooledSlicedByteBuf(ridx: 0, widx: 878, cap: 878/878, unwrapped: CycleArenaAllocator$ArenaBuf(ridx: 0, widx: 8192, cap: 8192))
java.lang.IllegalStateException: arena buffer of Thread[#30,multiThreadIoEventLoopGroup-4-1,10,main] touched from Thread[#28,multiThreadIoEventLoopGroup-3-3,10,main] (event-loop arena buffers are thread confined)
	at io.netty.buffer.CycleArenaAllocator$ArenaBuf.violation(CycleArenaAllocator.java:1279)
	at io.netty.buffer.CycleArenaAllocator$ArenaBuf.release(CycleArenaAllocator.java:1208)
	at io.netty.buffer.AbstractDerivedByteBuf.release0(AbstractDerivedByteBuf.java:98)
	at io.netty.buffer.AbstractDerivedByteBuf.release(AbstractDerivedByteBuf.java:94)
	at io.netty.util.ReferenceCountUtil.release(ReferenceCountUtil.java:90)
	at io.netty.util.ReferenceCountUtil.safeRelease(ReferenceCountUtil.java:116)
	at io.netty.channel.ChannelOutboundBuffer.remove(ChannelOutboundBuffer.java:300)
	at io.netty.channel.ChannelOutboundBuffer.removeBytes(ChannelOutboundBuffer.java:382)
	at io.netty.channel.uring.AbstractIoUringStreamChannel$IoUringStreamUnsafe.writeComplete0(AbstractIoUringStreamChannel.java:692)
	at io.netty.channel.uring.IoUringSocketChannel$IoUringSocketUnsafe.writeComplete0(IoUringSocketChannel.java:188)
	at io.netty.channel.uring.AbstractIoUringChannel$AbstractUringUnsafe.writeComplete(AbstractIoUringChannel.java:1003)
	at io.netty.channel.uring.AbstractIoUringChannel$AbstractUringUnsafe.handle(AbstractIoUringChannel.java:474)
	at io.netty.channel.uring.IoUringIoHandler$DefaultIoUringIoRegistration.handle(IoUringIoHandler.java:705)
	at io.netty.channel.uring.IoUringIoHandler.handleFastPath(IoUringIoHandler.java:318)
	at io.netty.channel.uring.IoUringIoHandler.handle(IoUringIoHandler.java:298)
	at io.netty.channel.uring.CompletionQueue.process(CompletionQueue.java:151)
	at io.netty.channel.uring.IoUringIoHandler.processCompletionsAndHandleOverflow(IoUringIoHandler.java:213)
	at io.netty.channel.uring.IoUringIoHandler.run(IoUringIoHandler.java:188)
	at io.netty.channel.SingleThreadIoEventLoop.runIo(SingleThreadIoEventLoop.java:225)
	at io.netty.channel.SingleThreadIoEventLoop.run(SingleThreadIoEventLoop.java:196)
	at io.netty.util.concurrent.SingleThreadEventExecutor$5.run(SingleThreadEventExecutor.java:1204)
	at io.netty.util.internal.ThreadExecutorMap$2.run(ThreadExecutorMap.java:74)
	at io.netty.util.concurrent.FastThreadLocalRunnable.run(FastThreadLocalRunnable.java:30)
	at java.base/java.lang.Thread.run(Thread.java:1583)
00:06:32.916 [multiThreadIoEventLoopGroup-3-4] WARN  i.n.channel.uring.IoUringIoHandler - Unexpected exception in the IO event loop.
java.lang.IllegalStateException: arena buffer of Thread[#30,multiThreadIoEventLoopGroup-4-1,10,main] touched from Thread[#29,multiThreadIoEventLoopGroup-3-4,10,main] (event-loop arena buffers are thread confined)
	at io.netty.buffer.CycleArenaAllocator$ArenaBuf.violation(CycleArenaAllocator.java:1279)
	at io.netty.buffer.CycleArenaAllocator$ArenaBuf.retain(CycleArenaAllocator.java:1182)
	at io.netty.buffer.AbstractDerivedByteBuf.retain0(AbstractDerivedByteBuf.java:58)
	at io.netty.buffer.AbstractDerivedByteBuf.retain(AbstractDerivedByteBuf.java:54)
	at io.netty.channel.uring.IoUringSocketChannel$IoUringSocketUnsafe.handleWriteCompleteZeroCopy(IoUringSocketChannel.java:220)
	at io.netty.channel.uring.IoUringSocketChannel$IoUringSocketUnsafe.writeComplete0(IoUringSocketChannel.java:186)
	at io.netty.channel.uring.AbstractIoUringChannel$AbstractUringUnsafe.writeComplete(AbstractIoUringChannel.java:1003)
	at io.netty.channel.uring.AbstractIoUringChannel$AbstractUringUnsafe.handle(AbstractIoUringChannel.java:474)
	at io.netty.channel.uring.IoUringIoHandler$DefaultIoUringIoRegistration.handle(IoUringIoHandler.java:705)
	at io.netty.channel.uring.IoUringIoHandler.handleFastPath(IoUringIoHandler.java:318)
	at io.netty.channel.uring.IoUringIoHandler.handle(IoUringIoHandler.java:298)
	at io.netty.channel.uring.CompletionQueue.process(CompletionQueue.java:151)
	at io.netty.channel.uring.IoUringIoHandler.processCompletionsAndHandleOverflow(IoUringIoHandler.java:213)
	at io.netty.channel.uring.IoUringIoHandler.run(IoUringIoHandler.java:188)
	at io.netty.channel.SingleThreadIoEventLoop.runIo(SingleThreadIoEventLoop.java:225)
	at io.netty.channel.SingleThreadIoEventLoop.run(SingleThreadIoEventLoop.java:196)
	at io.netty.util.concurrent.SingleThreadEventExecutor$5.run(SingleThreadEventExecutor.java:1204)
	at io.netty.util.internal.ThreadExecutorMap$2.run(ThreadExecutorMap.java:74)
	at io.netty.util.concurrent.FastThreadLocalRunnable.run(FastThreadLocalRunnable.java:30)
	at java.base/java.lang.Thread.run(Thread.java:1583)
00:06:32.916 [multiThreadIoEventLoopGroup-3-1] WARN  i.n.channel.uring.IoUringIoHandler - Unexpected exception in the IO event loop.
java.lang.IllegalStateException: arena buffer of Thread[#33,multiThreadIoEventLoopGroup-4-4,10,main] touched from Thread[#26,multiThreadIoEventLoopGroup-3-1,10,main] (event-loop arena buffers are thread confined)
	at io.netty.buffer.CycleArenaAllocator$ArenaBuf.violation(CycleArenaAllocator.java:1279)
	at io.netty.buffer.CycleArenaAllocator$ArenaBuf.retain(CycleArenaAllocator.java:1182)
	at io.netty.buffer.AbstractDerivedByteBuf.retain0(AbstractDerivedByteBuf.java:58)
	at io.netty.buffer.AbstractDerivedByteBuf.retain(AbstractDerivedByteBuf.java:54)
	at io.netty.channel.uring.IoUringSocketChannel$IoUringSocketUnsafe.handleWriteCompleteZeroCopy(IoUringSocketChannel.java:220)
	at io.netty.channel.uring.IoUringSocketChannel$IoUringSocketUnsafe.writeComplete0(IoUringSocketChannel.java:186)
	at io.netty.channel.uring.AbstractIoUringChannel$AbstractUringUnsafe.writeComplete(AbstractIoUringChannel.java:1003)
	at io.netty.channel.uring.AbstractIoUringChannel$AbstractUringUnsafe.handle(AbstractIoUringChannel.java:474)
	at io.netty.channel.uring.IoUringIoHandler$DefaultIoUringIoRegistration.handle(IoUringIoHandler.java:705)
	at io.netty.channel.uring.IoUringIoHandler.handleFastPath(IoUringIoHandler.java:318)
	at io.netty.channel.uring.IoUringIoHandler.handle(IoUringIoHandler.java:298)
	at io.netty.channel.uring.CompletionQueue.process(CompletionQueue.java:151)
	at io.netty.channel.uring.IoUringIoHandler.processCompletionsAndHandleOverflow(IoUringIoHandler.java:213)
	at io.netty.channel.uring.IoUringIoHandler.run(IoUringIoHandler.java:188)
	at io.netty.channel.SingleThreadIoEventLoop.runIo(SingleThreadIoEventLoop.java:225)
	at io.netty.channel.SingleThreadIoEventLoop.run(SingleThreadIoEventLoop.java:196)
	at io.netty.util.concurrent.SingleThreadEventExecutor$5.run(SingleThreadEventExecutor.java:1204)
	at io.netty.util.internal.ThreadExecutorMap$2.run(ThreadExecutorMap.java:74)
	at io.netty.util.concurrent.FastThreadLocalRunnable.run(FastThreadLocalRunnable.java:30)
	at java.base/java.lang.Thread.run(Thread.java:1583)
00:06:32.917 [multiThreadIoEventLoopGroup-3-3] WARN  i.n.channel.uring.IoUringIoHandler - Unexpected exception in the IO event loop.
java.lang.IllegalStateException: arena buffer of Thread[#31,multiThreadIoEventLoopGroup-4-2,10,main] touched from Thread[#28,multiThreadIoEventLoopGroup-3-3,10,main] (event-loop arena buffers are thread confined)
	at io.netty.buffer.CycleArenaAllocator$ArenaBuf.violation(CycleArenaAllocator.java:1279)
	at io.netty.buffer.CycleArenaAllocator$ArenaBuf.retain(CycleArenaAllocator.java:1182)
	at io.netty.buffer.AbstractDerivedByteBuf.retain0(AbstractDerivedByteBuf.java:58)
	at io.netty.buffer.AbstractDerivedByteBuf.retain(AbstractDerivedByteBuf.java:54)
	at io.netty.channel.uring.IoUringSocketChannel$IoUringSocketUnsafe.handleWriteCompleteZeroCopy(IoUringSocketChannel.java:220)
	at io.netty.channel.uring.IoUringSocketChannel$IoUringSocketUnsafe.writeComplete0(IoUringSocketChannel.java:186)
	at io.netty.channel.uring.AbstractIoUringChannel$AbstractUringUnsafe.writeComplete(AbstractIoUringChannel.java:1003)
	at io.netty.channel.uring.AbstractIoUringChannel$AbstractUringUnsafe.handle(AbstractIoUringChannel.java:474)
	at io.netty.channel.uring.IoUringIoHandler$DefaultIoUringIoRegistration.handle(IoUringIoHandler.java:705)
	at io.netty.channel.uring.IoUringIoHandler.handleFastPath(IoUringIoHandler.java:318)
	at io.netty.channel.uring.IoUringIoHandler.handle(IoUringIoHandler.java:298)
	at io.netty.channel.uring.CompletionQueue.process(CompletionQueue.java:151)
	at io.netty.channel.uring.IoUringIoHandler.processCompletionsAndHandleOverflow(IoUringIoHandler.java:213)
	at io.netty.channel.uring.IoUringIoHandler.run(IoUringIoHandler.java:188)
	at io.netty.channel.SingleThreadIoEventLoop.runIo(SingleThreadIoEventLoop.java:225)
	at io.netty.channel.SingleThreadIoEventLoop.run(SingleThreadIoEventLoop.java:196)
	at io.netty.util.concurrent.SingleThreadEventExecutor$5.run(SingleThreadEventExecutor.java:1204)
	at io.netty.util.internal.ThreadExecutorMap$2.run(ThreadExecutorMap.java:74)
	at io.netty.util.concurrent.FastThreadLocalRunnable.run(FastThreadLocalRunnable.java:30)
	at java.base/java.lang.Thread.run(Thread.java:1583)
00:06:32.917 [multiThreadIoEventLoopGroup-3-2] WARN  i.n.channel.uring.IoUringIoHandler - Unexpected exception in the IO event loop.
java.lang.IllegalStateException: arena buffer of Thread[#33,multiThreadIoEventLoopGroup-4-4,10,main] touched from Thread[#27,multiThreadIoEventLoopGroup-3-2,10,main] (event-loop arena buffers are thread confined)
	at io.netty.buffer.CycleArenaAllocator$ArenaBuf.violation(CycleArenaAllocator.java:1279)
	at io.netty.buffer.CycleArenaAllocator$ArenaBuf.retain(CycleArenaAllocator.java:1182)
	at io.netty.buffer.AbstractDerivedByteBuf.retain0(AbstractDerivedByteBuf.java:58)
	at io.netty.buffer.AbstractDerivedByteBuf.retain(AbstractDerivedByteBuf.java:54)
	at io.netty.channel.uring.IoUringSocketChannel$IoUringSocketUnsafe.handleWriteCompleteZeroCopy(IoUringSocketChannel.java:220)
	at io.netty.channel.uring.IoUringSocketChannel$IoUringSocketUnsafe.writeComplete0(IoUringSocketChannel.java:186)
	at io.netty.channel.uring.AbstractIoUringChannel$AbstractUringUnsafe.writeComplete(AbstractIoUringChannel.java:1003)
	at io.netty.channel.uring.AbstractIoUringChannel$AbstractUringUnsafe.handle(AbstractIoUringChannel.java:474)
	at io.netty.channel.uring.IoUringIoHandler$DefaultIoUringIoRegistration.handle(IoUringIoHandler.java:705)
	at io.netty.channel.uring.IoUringIoHandler.handleFastPath(IoUringIoHandler.java:318)
	at io.netty.channel.uring.IoUringIoHandler.handle(IoUringIoHandler.java:298)
	at io.netty.channel.uring.CompletionQueue.process(CompletionQueue.java:151)
	at io.netty.channel.uring.IoUringIoHandler.processCompletionsAndHandleOverflow(IoUringIoHandler.java:213)
	at io.netty.channel.uring.IoUringIoHandler.run(IoUringIoHandler.java:188)
	at io.netty.channel.SingleThreadIoEventLoop.runIo(SingleThreadIoEventLoop.java:225)
	at io.netty.channel.SingleThreadIoEventLoop.run(SingleThreadIoEventLoop.java:196)
	at io.netty.util.concurrent.SingleThreadEventExecutor$5.run(SingleThreadEventExecutor.java:1204)
	at io.netty.util.internal.ThreadExecutorMap$2.run(ThreadExecutorMap.java:74)
	at io.netty.util.concurrent.FastThreadLocalRunnable.run(FastThreadLocalRunnable.java:30)
	at java.base/java.lang.Thread.run(Thread.java:1583)
00:06:33.016 [multiThreadIoEventLoopGroup-4-1] WARN  i.n.channel.uring.IoUringIoHandler - Unexpected exception in the IO event loop.
java.lang.IllegalStateException: arena buffer of Thread[#26,multiThreadIoEventLoopGroup-3-1,10,main] touched from Thread[#30,multiThreadIoEventLoopGroup-4-1,10,main] (event-loop arena buffers are thread confined)
	at io.netty.buffer.CycleArenaAllocator$ArenaBuf.violation(CycleArenaAllocator.java:1279)
	at io.netty.buffer.CycleArenaAllocator$ArenaBuf.release(CycleArenaAllocator.java:1208)
	at io.netty.buffer.AbstractDerivedByteBuf.release0(AbstractDerivedByteBuf.java:98)
	at io.netty.buffer.AbstractDerivedByteBuf.release(AbstractDerivedByteBuf.java:94)
	at io.netty.channel.uring.IoUringSocketChannel$IoUringSocketUnsafe.handleWriteCompleteZeroCopy(IoUringSocketChannel.java:289)
	at io.netty.channel.uring.IoUringSocketChannel$IoUringSocketUnsafe.writeComplete0(IoUringSocketChannel.java:186)
	at io.netty.channel.uring.AbstractIoUringChannel$AbstractUringUnsafe.writeComplete(AbstractIoUringChannel.java:1003)
	at io.netty.channel.uring.AbstractIoUringChannel$AbstractUringUnsafe.handle(AbstractIoUringChannel.java:474)
	at io.netty.channel.uring.IoUringIoHandler$DefaultIoUringIoRegistration.handle(IoUringIoHandler.java:705)
	at io.netty.channel.uring.IoUringIoHandler.handleFastPath(IoUringIoHandler.java:318)
	at io.netty.channel.uring.IoUringIoHandler.handle(IoUringIoHandler.java:298)
	at io.netty.channel.uring.CompletionQueue.process(CompletionQueue.java:151)
	at io.netty.channel.uring.IoUringIoHandler.processCompletionsAndHandleOverflow(IoUringIoHandler.java:213)
	at io.netty.channel.uring.IoUringIoHandler.run(IoUringIoHandler.java:188)
	at io.netty.channel.SingleThreadIoEventLoop.runIo(SingleThreadIoEventLoop.java:225)
	at io.netty.channel.SingleThreadIoEventLoop.run(SingleThreadIoEventLoop.java:196)
	at io.netty.util.concurrent.SingleThreadEventExecutor$5.run(SingleThreadEventExecutor.java:1204)
	at io.netty.util.internal.ThreadExecutorMap$2.run(ThreadExecutorMap.java:74)
	at io.netty.util.concurrent.FastThreadLocalRunnable.run(FastThreadLocalRunnable.java:30)
	at java.base/java.lang.Thread.run(Thread.java:1583)
00:06:33.016 [multiThreadIoEventLoopGroup-4-3] WARN  i.n.channel.uring.IoUringIoHandler - Unexpected exception in the IO event loop.
java.lang.IllegalStateException: arena buffer of Thread[#27,multiThreadIoEventLoopGroup-3-2,10,main] touched from Thread[#32,multiThreadIoEventLoopGroup-4-3,10,main] (event-loop arena buffers are thread confined)
	at io.netty.buffer.CycleArenaAllocator$ArenaBuf.violation(CycleArenaAllocator.java:1279)
	at io.netty.buffer.CycleArenaAllocator$ArenaBuf.retain(CycleArenaAllocator.java:1182)
	at io.netty.buffer.AbstractDerivedByteBuf.retain0(AbstractDerivedByteBuf.java:58)
	at io.netty.buffer.AbstractDerivedByteBuf.retain(AbstractDerivedByteBuf.java:54)
	at io.netty.channel.uring.IoUringSocketChannel$IoUringSocketUnsafe.handleWriteCompleteZeroCopy(IoUringSocketChannel.java:220)
	at io.netty.channel.uring.IoUringSocketChannel$IoUringSocketUnsafe.writeComplete0(IoUringSocketChannel.java:186)
	at io.netty.channel.uring.AbstractIoUringChannel$AbstractUringUnsafe.writeComplete(AbstractIoUringChannel.java:1003)
	at io.netty.channel.uring.AbstractIoUringChannel$AbstractUringUnsafe.handle(AbstractIoUringChannel.java:474)
	at io.netty.channel.uring.IoUringIoHandler$DefaultIoUringIoRegistration.handle(IoUringIoHandler.java:705)
	at io.netty.channel.uring.IoUringIoHandler.handleFastPath(IoUringIoHandler.java:318)
	at io.netty.channel.uring.IoUringIoHandler.handle(IoUringIoHandler.java:298)
	at io.netty.channel.uring.CompletionQueue.process(CompletionQueue.java:151)
	at io.netty.channel.uring.IoUringIoHandler.processCompletionsAndHandleOverflow(IoUringIoHandler.java:213)
	at io.netty.channel.uring.IoUringIoHandler.run(IoUringIoHandler.java:188)
	at io.netty.channel.SingleThreadIoEventLoop.runIo(SingleThreadIoEventLoop.java:225)
	at io.netty.channel.SingleThreadIoEventLoop.run(SingleThreadIoEventLoop.java:196)
	at io.netty.util.concurrent.SingleThreadEventExecutor$5.run(SingleThreadEventExecutor.java:1204)
	at io.netty.util.internal.ThreadExecutorMap$2.run(ThreadExecutorMap.java:74)
	at io.netty.util.concurrent.FastThreadLocalRunnable.run(FastThreadLocalRunnable.java:30)
	at java.base/java.lang.Thread.run(Thread.java:1583)
00:06:33.016 [multiThreadIoEventLoopGroup-3-4] WARN  io.netty.util.ReferenceCountUtil - Failed to release a message: UnpooledSlicedByteBuf(ridx: 0, widx: 3666, cap: 3666/3666, unwrapped: CycleArenaAllocator$ArenaBuf(ridx: 0, widx: 8192, cap: 8192))
java.lang.IllegalStateException: arena buffer of Thread[#33,multiThreadIoEventLoopGroup-4-4,10,main] touched from Thread[#29,multiThreadIoEventLoopGroup-3-4,10,main] (event-loop arena buffers are thread confined)
	at io.netty.buffer.CycleArenaAllocator$ArenaBuf.violation(CycleArenaAllocator.java:1279)
	at io.netty.buffer.CycleArenaAllocator$ArenaBuf.release(CycleArenaAllocator.java:1208)
	at io.netty.buffer.AbstractDerivedByteBuf.release0(AbstractDerivedByteBuf.java:98)
	at io.netty.buffer.AbstractDerivedByteBuf.release(AbstractDerivedByteBuf.java:94)
	at io.netty.util.ReferenceCountUtil.release(ReferenceCountUtil.java:90)
	at io.netty.util.ReferenceCountUtil.safeRelease(ReferenceCountUtil.java:116)
	at io.netty.channel.ChannelOutboundBuffer.remove(ChannelOutboundBuffer.java:300)
	at io.netty.channel.ChannelOutboundBuffer.removeBytes(ChannelOutboundBuffer.java:382)
	at io.netty.channel.uring.AbstractIoUringStreamChannel$IoUringStreamUnsafe.writeComplete0(AbstractIoUringStreamChannel.java:692)
	at io.netty.channel.uring.IoUringSocketChannel$IoUringSocketUnsafe.writeComplete0(IoUringSocketChannel.java:188)
	at io.netty.channel.uring.AbstractIoUringChannel$AbstractUringUnsafe.writeComplete(AbstractIoUringChannel.java:1003)
	at io.netty.channel.uring.AbstractIoUringChannel$AbstractUringUnsafe.handle(AbstractIoUringChannel.java:474)
	at io.netty.channel.uring.IoUringIoHandler$DefaultIoUringIoRegistration.handle(IoUringIoHandler.java:705)
	at io.netty.channel.uring.IoUringIoHandler.handleFastPath(IoUringIoHandler.java:318)
	at io.netty.channel.uring.IoUringIoHandler.handle(IoUringIoHandler.java:298)
	at io.netty.channel.uring.CompletionQueue.process(CompletionQueue.java:151)
	at io.netty.channel.uring.IoUringIoHandler.processCompletionsAndHandleOverflow(IoUringIoHandler.java:213)
	at io.netty.channel.uring.IoUringIoHandler.run(IoUringIoHandler.java:188)
	at io.netty.channel.SingleThreadIoEventLoop.runIo(SingleThreadIoEventLoop.java:225)
	at io.netty.channel.SingleThreadIoEventLoop.run(SingleThreadIoEventLoop.java:196)
	at io.netty.util.concurrent.SingleThreadEventExecutor$5.run(SingleThreadEventExecutor.java:1204)
	at io.netty.util.internal.ThreadExecutorMap$2.run(ThreadExecutorMap.java:74)
	at io.netty.util.concurrent.FastThreadLocalRunnable.run(FastThreadLocalRunnable.java:30)
	at java.base/java.lang.Thread.run(Thread.java:1583)
00:06:33.016 [multiThreadIoEventLoopGroup-3-1] WARN  io.netty.util.ReferenceCountUtil - Failed to release a message: UnpooledSlicedByteBuf(ridx: 0, widx: 1902, cap: 1902/1902, unwrapped: CycleArenaAllocator$ArenaBuf(ridx: 0, widx: 8192, cap: 8192))
java.lang.IllegalStateException: arena buffer of Thread[#33,multiThreadIoEventLoopGroup-4-4,10,main] touched from Thread[#26,multiThreadIoEventLoopGroup-3-1,10,main] (event-loop arena buffers are thread confined)
	at io.netty.buffer.CycleArenaAllocator$ArenaBuf.violation(CycleArenaAllocator.java:1279)
	at io.netty.buffer.CycleArenaAllocator$ArenaBuf.release(CycleArenaAllocator.java:1208)
	at io.netty.buffer.AbstractDerivedByteBuf.release0(AbstractDerivedByteBuf.java:98)
	at io.netty.buffer.AbstractDerivedByteBuf.release(AbstractDerivedByteBuf.java:94)
	at io.netty.util.ReferenceCountUtil.release(ReferenceCountUtil.java:90)
	at io.netty.util.ReferenceCountUtil.safeRelease(ReferenceCountUtil.java:116)
	at io.netty.channel.ChannelOutboundBuffer.remove(ChannelOutboundBuffer.java:300)
	at io.netty.channel.ChannelOutboundBuffer.removeBytes(ChannelOutboundBuffer.java:382)
	at io.netty.channel.uring.AbstractIoUringStreamChannel$IoUringStreamUnsafe.writeComplete0(AbstractIoUringStreamChannel.java:692)
	at io.netty.channel.uring.IoUringSocketChannel$IoUringSocketUnsafe.writeComplete0(IoUringSocketChannel.java:188)
	at io.netty.channel.uring.AbstractIoUringChannel$AbstractUringUnsafe.writeComplete(AbstractIoUringChannel.java:1003)
	at io.netty.channel.uring.AbstractIoUringChannel$AbstractUringUnsafe.handle(AbstractIoUringChannel.java:474)
	at io.netty.channel.uring.IoUringIoHandler$DefaultIoUringIoRegistration.handle(IoUringIoHandler.java:705)
	at io.netty.channel.uring.IoUringIoHandler.handleFastPath(IoUringIoHandler.java:318)
	at io.netty.channel.uring.IoUringIoHandler.handle(IoUringIoHandler.java:298)
	at io.netty.channel.uring.CompletionQueue.process(CompletionQueue.java:151)
	at io.netty.channel.uring.IoUringIoHandler.processCompletionsAndHandleOverflow(IoUringIoHandler.java:213)
	at io.netty.channel.uring.IoUringIoHandler.run(IoUringIoHandler.java:188)
	at io.netty.channel.SingleThreadIoEventLoop.runIo(SingleThreadIoEventLoop.java:225)
	at io.netty.channel.SingleThreadIoEventLoop.run(SingleThreadIoEventLoop.java:196)
	at io.netty.util.concurrent.SingleThreadEventExecutor$5.run(SingleThreadEventExecutor.java:1204)
	at io.netty.util.internal.ThreadExecutorMap$2.run(ThreadExecutorMap.java:74)
	at io.netty.util.concurrent.FastThreadLocalRunnable.run(FastThreadLocalRunnable.java:30)
	at java.base/java.lang.Thread.run(Thread.java:1583)
00:06:33.016 [multiThreadIoEventLoopGroup-3-4] WARN  i.n.channel.uring.IoUringIoHandler - Unexpected exception in the IO event loop.
java.lang.IllegalStateException: arena buffer of Thread[#33,multiThreadIoEventLoopGroup-4-4,10,main] touched from Thread[#29,multiThreadIoEventLoopGroup-3-4,10,main] (event-loop arena buffers are thread confined)
	at io.netty.buffer.CycleArenaAllocator$ArenaBuf.violation(CycleArenaAllocator.java:1279)
	at io.netty.buffer.CycleArenaAllocator$ArenaBuf.retain(CycleArenaAllocator.java:1182)
	at io.netty.buffer.AbstractDerivedByteBuf.retain0(AbstractDerivedByteBuf.java:58)
	at io.netty.buffer.AbstractDerivedByteBuf.retain(AbstractDerivedByteBuf.java:54)
	at io.netty.channel.uring.IoUringSocketChannel$IoUringSocketUnsafe.handleWriteCompleteZeroCopy(IoUringSocketChannel.java:220)
	at io.netty.channel.uring.IoUringSocketChannel$IoUringSocketUnsafe.writeComplete0(IoUringSocketChannel.java:186)
	at io.netty.channel.uring.AbstractIoUringChannel$AbstractUringUnsafe.writeComplete(AbstractIoUringChannel.java:1003)
	at io.netty.channel.uring.AbstractIoUringChannel$AbstractUringUnsafe.handle(AbstractIoUringChannel.java:474)
	at io.netty.channel.uring.IoUringIoHandler$DefaultIoUringIoRegistration.handle(IoUringIoHandler.java:705)
	at io.netty.channel.uring.IoUringIoHandler.handleFastPath(IoUringIoHandler.java:318)
	at io.netty.channel.uring.IoUringIoHandler.handle(IoUringIoHandler.java:298)
	at io.netty.channel.uring.CompletionQueue.process(CompletionQueue.java:151)
	at io.netty.channel.uring.IoUringIoHandler.processCompletionsAndHandleOverflow(IoUringIoHandler.java:213)
	at io.netty.channel.uring.IoUringIoHandler.run(IoUringIoHandler.java:188)
	at io.netty.channel.SingleThreadIoEventLoop.runIo(SingleThreadIoEventLoop.java:225)
	at io.netty.channel.SingleThreadIoEventLoop.run(SingleThreadIoEventLoop.java:196)
	at io.netty.util.concurrent.SingleThreadEventExecutor$5.run(SingleThreadEventExecutor.java:1204)
	at io.netty.util.internal.ThreadExecutorMap$2.run(ThreadExecutorMap.java:74)
	at io.netty.util.concurrent.FastThreadLocalRunnable.run(FastThreadLocalRunnable.java:30)
	at java.base/java.lang.Thread.run(Thread.java:1583)
00:06:33.017 [multiThreadIoEventLoopGroup-3-1] WARN  i.n.channel.uring.IoUringIoHandler - Unexpected exception in the IO event loop.
java.lang.IllegalStateException: arena buffer of Thread[#33,multiThreadIoEventLoopGroup-4-4,10,main] touched from Thread[#26,multiThreadIoEventLoopGroup-3-1,10,main] (event-loop arena buffers are thread confined)
	at io.netty.buffer.CycleArenaAllocator$ArenaBuf.violation(CycleArenaAllocator.java:1279)
	at io.netty.buffer.CycleArenaAllocator$ArenaBuf.retain(CycleArenaAllocator.java:1182)
	at io.netty.buffer.AbstractDerivedByteBuf.retain0(AbstractDerivedByteBuf.java:58)
	at io.netty.buffer.AbstractDerivedByteBuf.retain(AbstractDerivedByteBuf.java:54)
	at io.netty.channel.uring.IoUringSocketChannel$IoUringSocketUnsafe.handleWriteCompleteZeroCopy(IoUringSocketChannel.java:220)
	at io.netty.channel.uring.IoUringSocketChannel$IoUringSocketUnsafe.writeComplete0(IoUringSocketChannel.java:186)
	at io.netty.channel.uring.AbstractIoUringChannel$AbstractUringUnsafe.writeComplete(AbstractIoUringChannel.java:1003)
	at io.netty.channel.uring.AbstractIoUringChannel$AbstractUringUnsafe.handle(AbstractIoUringChannel.java:474)
	at io.netty.channel.uring.IoUringIoHandler$DefaultIoUringIoRegistration.handle(IoUringIoHandler.java:705)
	at io.netty.channel.uring.IoUringIoHandler.handleFastPath(IoUringIoHandler.java:318)
	at io.netty.channel.uring.IoUringIoHandler.handle(IoUringIoHandler.java:298)
	at io.netty.channel.uring.CompletionQueue.process(CompletionQueue.java:151)
	at io.netty.channel.uring.IoUringIoHandler.processCompletionsAndHandleOverflow(IoUringIoHandler.java:213)
	at io.netty.channel.uring.IoUringIoHandler.run(IoUringIoHandler.java:188)
	at io.netty.channel.SingleThreadIoEventLoop.runIo(SingleThreadIoEventLoop.java:225)
	at io.netty.channel.SingleThreadIoEventLoop.run(SingleThreadIoEventLoop.java:196)
	at io.netty.util.concurrent.SingleThreadEventExecutor$5.run(SingleThreadEventExecutor.java:1204)
	at io.netty.util.internal.ThreadExecutorMap$2.run(ThreadExecutorMap.java:74)
	at io.netty.util.concurrent.FastThreadLocalRunnable.run(FastThreadLocalRunnable.java:30)
	at java.base/java.lang.Thread.run(Thread.java:1583)
00:06:33.017 [multiThreadIoEventLoopGroup-3-3] WARN  io.netty.util.ReferenceCountUtil - Failed to release a message: UnpooledSlicedByteBuf(ridx: 0, widx: 1706, cap: 1706/1706, unwrapped: CycleArenaAllocator$ArenaBuf(ridx: 0, widx: 8192, cap: 8192))
java.lang.IllegalStateException: arena buffer of Thread[#30,multiThreadIoEventLoopGroup-4-1,10,main] touched from Thread[#28,multiThreadIoEventLoopGroup-3-3,10,main] (event-loop arena buffers are thread confined)
	at io.netty.buffer.CycleArenaAllocator$ArenaBuf.violation(CycleArenaAllocator.java:1279)
	at io.netty.buffer.CycleArenaAllocator$ArenaBuf.release(CycleArenaAllocator.java:1208)
	at io.netty.buffer.AbstractDerivedByteBuf.release0(AbstractDerivedByteBuf.java:98)
	at io.netty.buffer.AbstractDerivedByteBuf.release(AbstractDerivedByteBuf.java:94)
	at io.netty.util.ReferenceCountUtil.release(ReferenceCountUtil.java:90)
	at io.netty.util.ReferenceCountUtil.safeRelease(ReferenceCountUtil.java:116)
	at io.netty.channel.ChannelOutboundBuffer.remove(ChannelOutboundBuffer.java:300)
	at io.netty.channel.ChannelOutboundBuffer.removeBytes(ChannelOutboundBuffer.java:382)
	at io.netty.channel.uring.AbstractIoUringStreamChannel$IoUringStreamUnsafe.writeComplete0(AbstractIoUringStreamChannel.java:692)
	at io.netty.channel.uring.IoUringSocketChannel$IoUringSocketUnsafe.writeComplete0(IoUringSocketChannel.java:188)
	at io.netty.channel.uring.AbstractIoUringChannel$AbstractUringUnsafe.writeComplete(AbstractIoUringChannel.java:1003)
	at io.netty.channel.uring.AbstractIoUringChannel$AbstractUringUnsafe.handle(AbstractIoUringChannel.java:474)
	at io.netty.channel.uring.IoUringIoHandler$DefaultIoUringIoRegistration.handle(IoUringIoHandler.java:705)
	at io.netty.channel.uring.IoUringIoHandler.handleFastPath(IoUringIoHandler.java:318)
	at io.netty.channel.uring.IoUringIoHandler.handle(IoUringIoHandler.java:298)
	at io.netty.channel.uring.CompletionQueue.process(CompletionQueue.java:151)
	at io.netty.channel.uring.IoUringIoHandler.processCompletionsAndHandleOverflow(IoUringIoHandler.java:213)
	at io.netty.channel.uring.IoUringIoHandler.run(IoUringIoHandler.java:188)
	at io.netty.channel.SingleThreadIoEventLoop.runIo(SingleThreadIoEventLoop.java:225)
	at io.netty.channel.SingleThreadIoEventLoop.run(SingleThreadIoEventLoop.java:196)
	at io.netty.util.concurrent.SingleThreadEventExecutor$5.run(SingleThreadEventExecutor.java:1204)
	at io.netty.util.internal.ThreadExecutorMap$2.run(ThreadExecutorMap.java:74)
	at io.netty.util.concurrent.FastThreadLocalRunnable.run(FastThreadLocalRunnable.java:30)
	at java.base/java.lang.Thread.run(Thread.java:1583)
00:06:33.017 [multiThreadIoEventLoopGroup-3-3] WARN  i.n.channel.uring.IoUringIoHandler - Unexpected exception in the IO event loop.
java.lang.IllegalStateException: arena buffer of Thread[#31,multiThreadIoEventLoopGroup-4-2,10,main] touched from Thread[#28,multiThreadIoEventLoopGroup-3-3,10,main] (event-loop arena buffers are thread confined)
	at io.netty.buffer.CycleArenaAllocator$ArenaBuf.violation(CycleArenaAllocator.java:1279)
	at io.netty.buffer.CycleArenaAllocator$ArenaBuf.retain(CycleArenaAllocator.java:1182)
	at io.netty.buffer.AbstractDerivedByteBuf.retain0(AbstractDerivedByteBuf.java:58)
	at io.netty.buffer.AbstractDerivedByteBuf.retain(AbstractDerivedByteBuf.java:54)
	at io.netty.channel.uring.IoUringSocketChannel$IoUringSocketUnsafe.handleWriteCompleteZeroCopy(IoUringSocketChannel.java:220)
	at io.netty.channel.uring.IoUringSocketChannel$IoUringSocketUnsafe.writeComplete0(IoUringSocketChannel.java:186)
	at io.netty.channel.uring.AbstractIoUringChannel$AbstractUringUnsafe.writeComplete(AbstractIoUringChannel.java:1003)
	at io.netty.channel.uring.AbstractIoUringChannel$AbstractUringUnsafe.handle(AbstractIoUringChannel.java:474)
	at io.netty.channel.uring.IoUringIoHandler$DefaultIoUringIoRegistration.handle(IoUringIoHandler.java:705)
	at io.netty.channel.uring.IoUringIoHandler.handleFastPath(IoUringIoHandler.java:318)
	at io.netty.channel.uring.IoUringIoHandler.handle(IoUringIoHandler.java:298)
	at io.netty.channel.uring.CompletionQueue.process(CompletionQueue.java:151)
	at io.netty.channel.uring.IoUringIoHandler.processCompletionsAndHandleOverflow(IoUringIoHandler.java:213)
	at io.netty.channel.uring.IoUringIoHandler.run(IoUringIoHandler.java:188)
	at io.netty.channel.SingleThreadIoEventLoop.runIo(SingleThreadIoEventLoop.java:225)
	at io.netty.channel.SingleThreadIoEventLoop.run(SingleThreadIoEventLoop.java:196)
	at io.netty.util.concurrent.SingleThreadEventExecutor$5.run(SingleThreadEventExecutor.java:1204)
	at io.netty.util.internal.ThreadExecutorMap$2.run(ThreadExecutorMap.java:74)
	at io.netty.util.concurrent.FastThreadLocalRunnable.run(FastThreadLocalRunnable.java:30)
	at java.base/java.lang.Thread.run(Thread.java:1583)
00:06:33.017 [multiThreadIoEventLoopGroup-3-2] WARN  io.netty.util.ReferenceCountUtil - Failed to release a message: UnpooledSlicedByteBuf(ridx: 0, widx: 2018, cap: 2018/2018, unwrapped: CycleArenaAllocator$ArenaBuf(ridx: 0, widx: 8192, cap: 8192))
java.lang.IllegalStateException: arena buffer of Thread[#33,multiThreadIoEventLoopGroup-4-4,10,main] touched from Thread[#27,multiThreadIoEventLoopGroup-3-2,10,main] (event-loop arena buffers are thread confined)
	at io.netty.buffer.CycleArenaAllocator$ArenaBuf.violation(CycleArenaAllocator.java:1279)
	at io.netty.buffer.CycleArenaAllocator$ArenaBuf.release(CycleArenaAllocator.java:1208)
	at io.netty.buffer.AbstractDerivedByteBuf.release0(AbstractDerivedByteBuf.java:98)
	at io.netty.buffer.AbstractDerivedByteBuf.release(AbstractDerivedByteBuf.java:94)
	at io.netty.util.ReferenceCountUtil.release(ReferenceCountUtil.java:90)
	at io.netty.util.ReferenceCountUtil.safeRelease(ReferenceCountUtil.java:116)
	at io.netty.channel.ChannelOutboundBuffer.remove(ChannelOutboundBuffer.java:300)
	at io.netty.channel.ChannelOutboundBuffer.removeBytes(ChannelOutboundBuffer.java:382)
	at io.netty.channel.uring.AbstractIoUringStreamChannel$IoUringStreamUnsafe.writeComplete0(AbstractIoUringStreamChannel.java:692)
	at io.netty.channel.uring.IoUringSocketChannel$IoUringSocketUnsafe.writeComplete0(IoUringSocketChannel.java:188)
	at io.netty.channel.uring.AbstractIoUringChannel$AbstractUringUnsafe.writeComplete(AbstractIoUringChannel.java:1003)
	at io.netty.channel.uring.AbstractIoUringChannel$AbstractUringUnsafe.handle(AbstractIoUringChannel.java:474)
	at io.netty.channel.uring.IoUringIoHandler$DefaultIoUringIoRegistration.handle(IoUringIoHandler.java:705)
	at io.netty.channel.uring.IoUringIoHandler.handleFastPath(IoUringIoHandler.java:318)
	at io.netty.channel.uring.IoUringIoHandler.handle(IoUringIoHandler.java:298)
	at io.netty.channel.uring.CompletionQueue.process(CompletionQueue.java:151)
	at io.netty.channel.uring.IoUringIoHandler.processCompletionsAndHandleOverflow(IoUringIoHandler.java:213)
	at io.netty.channel.uring.IoUringIoHandler.run(IoUringIoHandler.java:188)
	at io.netty.channel.SingleThreadIoEventLoop.runIo(SingleThreadIoEventLoop.java:225)
	at io.netty.channel.SingleThreadIoEventLoop.run(SingleThreadIoEventLoop.java:196)
	at io.netty.util.concurrent.SingleThreadEventExecutor$5.run(SingleThreadEventExecutor.java:1204)
	at io.netty.util.internal.ThreadExecutorMap$2.run(ThreadExecutorMap.java:74)
	at io.netty.util.concurrent.FastThreadLocalRunnable.run(FastThreadLocalRunnable.java:30)
	at java.base/java.lang.Thread.run(Thread.java:1583)
00:06:33.017 [multiThreadIoEventLoopGroup-3-2] WARN  i.n.channel.uring.IoUringIoHandler - Unexpected exception in the IO event loop.
java.lang.IllegalStateException: arena buffer of Thread[#33,multiThreadIoEventLoopGroup-4-4,10,main] touched from Thread[#27,multiThreadIoEventLoopGroup-3-2,10,main] (event-loop arena buffers are thread confined)
	at io.netty.buffer.CycleArenaAllocator$ArenaBuf.violation(CycleArenaAllocator.java:1279)
	at io.netty.buffer.CycleArenaAllocator$ArenaBuf.retain(CycleArenaAllocator.java:1182)
	at io.netty.buffer.AbstractDerivedByteBuf.retain0(AbstractDerivedByteBuf.java:58)
	at io.netty.buffer.AbstractDerivedByteBuf.retain(AbstractDerivedByteBuf.java:54)
	at io.netty.channel.uring.IoUringSocketChannel$IoUringSocketUnsafe.handleWriteCompleteZeroCopy(IoUringSocketChannel.java:220)
	at io.netty.channel.uring.IoUringSocketChannel$IoUringSocketUnsafe.writeComplete0(IoUringSocketChannel.java:186)
	at io.netty.channel.uring.AbstractIoUringChannel$AbstractUringUnsafe.writeComplete(AbstractIoUringChannel.java:1003)
	at io.netty.channel.uring.AbstractIoUringChannel$AbstractUringUnsafe.handle(AbstractIoUringChannel.java:474)
	at io.netty.channel.uring.IoUringIoHandler$DefaultIoUringIoRegistration.handle(IoUringIoHandler.java:705)
	at io.netty.channel.uring.IoUringIoHandler.handleFastPath(IoUringIoHandler.java:318)
	at io.netty.channel.uring.IoUringIoHandler.handle(IoUringIoHandler.java:298)
	at io.netty.channel.uring.CompletionQueue.process(CompletionQueue.java:151)
	at io.netty.channel.uring.IoUringIoHandler.processCompletionsAndHandleOverflow(IoUringIoHandler.java:213)
	at io.netty.channel.uring.IoUringIoHandler.run(IoUringIoHandler.java:188)
	at io.netty.channel.SingleThreadIoEventLoop.runIo(SingleThreadIoEventLoop.java:225)
	at io.netty.channel.SingleThreadIoEventLoop.run(SingleThreadIoEventLoop.java:196)
	at io.netty.util.concurrent.SingleThreadEventExecutor$5.run(SingleThreadEventExecutor.java:1204)
	at io.netty.util.internal.ThreadExecutorMap$2.run(ThreadExecutorMap.java:74)
	at io.netty.util.concurrent.FastThreadLocalRunnable.run(FastThreadLocalRunnable.java:30)
	at java.base/java.lang.Thread.run(Thread.java:1583)
00:06:33.116 [multiThreadIoEventLoopGroup-4-3] WARN  io.netty.util.ReferenceCountUtil - Failed to release a message: UnpooledSlicedByteBuf(ridx: 0, widx: 2413, cap: 2413/2413, unwrapped: CycleArenaAllocator$ArenaBuf(ridx: 0, widx: 8192, cap: 8192))
java.lang.IllegalStateException: arena buffer of Thread[#27,multiThreadIoEventLoopGroup-3-2,10,main] touched from Thread[#32,multiThreadIoEventLoopGroup-4-3,10,main] (event-loop arena buffers are thread confined)
	at io.netty.buffer.CycleArenaAllocator$ArenaBuf.violation(CycleArenaAllocator.java:1279)
	at io.netty.buffer.CycleArenaAllocator$ArenaBuf.release(CycleArenaAllocator.java:1208)
	at io.netty.buffer.AbstractDerivedByteBuf.release0(AbstractDerivedByteBuf.java:98)
	at io.netty.buffer.AbstractDerivedByteBuf.release(AbstractDerivedByteBuf.java:94)
	at io.netty.util.ReferenceCountUtil.release(ReferenceCountUtil.java:90)
	at io.netty.util.ReferenceCountUtil.safeRelease(ReferenceCountUtil.java:116)
	at io.netty.channel.ChannelOutboundBuffer.remove(ChannelOutboundBuffer.java:300)
	at io.netty.channel.ChannelOutboundBuffer.removeBytes(ChannelOutboundBuffer.java:382)
	at io.netty.channel.uring.AbstractIoUringStreamChannel$IoUringStreamUnsafe.writeComplete0(AbstractIoUringStreamChannel.java:692)
	at io.netty.channel.uring.IoUringSocketChannel$IoUringSocketUnsafe.writeComplete0(IoUringSocketChannel.java:188)
	at io.netty.channel.uring.AbstractIoUringChannel$AbstractUringUnsafe.writeComplete(AbstractIoUringChannel.java:1003)
	at io.netty.channel.uring.AbstractIoUringChannel$AbstractUringUnsafe.handle(AbstractIoUringChannel.java:474)
	at io.netty.channel.uring.IoUringIoHandler$DefaultIoUringIoRegistration.handle(IoUringIoHandler.java:705)
	at io.netty.channel.uring.IoUringIoHandler.handleFastPath(IoUringIoHandler.java:318)
	at io.netty.channel.uring.IoUringIoHandler.handle(IoUringIoHandler.java:298)
	at io.netty.channel.uring.CompletionQueue.process(CompletionQueue.java:151)
	at io.netty.channel.uring.IoUringIoHandler.processCompletionsAndHandleOverflow(IoUringIoHandler.java:213)
	at io.netty.channel.uring.IoUringIoHandler.run(IoUringIoHandler.java:188)
	at io.netty.channel.SingleThreadIoEventLoop.runIo(SingleThreadIoEventLoop.java:225)
	at io.netty.channel.SingleThreadIoEventLoop.run(SingleThreadIoEventLoop.java:196)
	at io.netty.util.concurrent.SingleThreadEventExecutor$5.run(SingleThreadEventExecutor.java:1204)
	at io.netty.util.internal.ThreadExecutorMap$2.run(ThreadExecutorMap.java:74)
	at io.netty.util.concurrent.FastThreadLocalRunnable.run(FastThreadLocalRunnable.java:30)
	at java.base/java.lang.Thread.run(Thread.java:1583)
00:06:33.117 [multiThreadIoEventLoopGroup-4-1] WARN  io.netty.util.ReferenceCountUtil - Failed to release a message: UnpooledSlicedByteBuf(ridx: 0, widx: 2215, cap: 2215/2215, unwrapped: CycleArenaAllocator$ArenaBuf(ridx: 0, widx: 8192, cap: 8192))
java.lang.IllegalStateException: arena buffer of Thread[#29,multiThreadIoEventLoopGroup-3-4,10,main] touched from Thread[#30,multiThreadIoEventLoopGroup-4-1,10,main] (event-loop arena buffers are thread confined)
	at io.netty.buffer.CycleArenaAllocator$ArenaBuf.violation(CycleArenaAllocator.java:1279)
	at io.netty.buffer.CycleArenaAllocator$ArenaBuf.release(CycleArenaAllocator.java:1208)
	at io.netty.buffer.AbstractDerivedByteBuf.release0(AbstractDerivedByteBuf.java:98)
	at io.netty.buffer.AbstractDerivedByteBuf.release(AbstractDerivedByteBuf.java:94)
	at io.netty.util.ReferenceCountUtil.release(ReferenceCountUtil.java:90)
	at io.netty.util.ReferenceCountUtil.safeRelease(ReferenceCountUtil.java:116)
	at io.netty.channel.ChannelOutboundBuffer.remove(ChannelOutboundBuffer.java:300)
	at io.netty.channel.ChannelOutboundBuffer.removeBytes(ChannelOutboundBuffer.java:382)
	at io.netty.channel.uring.AbstractIoUringStreamChannel$IoUringStreamUnsafe.writeComplete0(AbstractIoUringStreamChannel.java:692)
	at io.netty.channel.uring.IoUringSocketChannel$IoUringSocketUnsafe.writeComplete0(IoUringSocketChannel.java:188)
	at io.netty.channel.uring.AbstractIoUringChannel$AbstractUringUnsafe.writeComplete(AbstractIoUringChannel.java:1003)
	at io.netty.channel.uring.AbstractIoUringChannel$AbstractUringUnsafe.handle(AbstractIoUringChannel.java:474)
	at io.netty.channel.uring.IoUringIoHandler$DefaultIoUringIoRegistration.handle(IoUringIoHandler.java:705)
	at io.netty.channel.uring.IoUringIoHandler.handleFastPath(IoUringIoHandler.java:318)
	at io.netty.channel.uring.IoUringIoHandler.handle(IoUringIoHandler.java:298)
	at io.netty.channel.uring.CompletionQueue.process(CompletionQueue.java:151)
	at io.netty.channel.uring.IoUringIoHandler.processCompletionsAndHandleOverflow(IoUringIoHandler.java:213)
	at io.netty.channel.uring.IoUringIoHandler.run(IoUringIoHandler.java:188)
	at io.netty.channel.SingleThreadIoEventLoop.runIo(SingleThreadIoEventLoop.java:225)
	at io.netty.channel.SingleThreadIoEventLoop.run(SingleThreadIoEventLoop.java:196)
	at io.netty.util.concurrent.SingleThreadEventExecutor$5.run(SingleThreadEventExecutor.java:1204)
	at io.netty.util.internal.ThreadExecutorMap$2.run(ThreadExecutorMap.java:74)
	at io.netty.util.concurrent.FastThreadLocalRunnable.run(FastThreadLocalRunnable.java:30)
	at java.base/java.lang.Thread.run(Thread.java:1583)
00:06:33.117 [multiThreadIoEventLoopGroup-4-3] WARN  io.netty.util.ReferenceCountUtil - Failed to release a message: UnpooledSlicedByteBuf(ridx: 0, widx: 1782, cap: 1782/1782, unwrapped: CycleArenaAllocator$ArenaBuf(ridx: 0, widx: 8192, cap: 8192))
java.lang.IllegalStateException: arena buffer of Thread[#29,multiThreadIoEventLoopGroup-3-4,10,main] touched from Thread[#32,multiThreadIoEventLoopGroup-4-3,10,main] (event-loop arena buffers are thread confined)
	at io.netty.buffer.CycleArenaAllocator$ArenaBuf.violation(CycleArenaAllocator.java:1279)
	at io.netty.buffer.CycleArenaAllocator$ArenaBuf.release(CycleArenaAllocator.java:1208)
	at io.netty.buffer.AbstractDerivedByteBuf.release0(AbstractDerivedByteBuf.java:98)
	at io.netty.buffer.AbstractDerivedByteBuf.release(AbstractDerivedByteBuf.java:94)
	at io.netty.util.ReferenceCountUtil.release(ReferenceCountUtil.java:90)
	at io.netty.util.ReferenceCountUtil.safeRelease(ReferenceCountUtil.java:116)
	at io.netty.channel.ChannelOutboundBuffer.remove(ChannelOutboundBuffer.java:300)
	at io.netty.channel.ChannelOutboundBuffer.removeBytes(ChannelOutboundBuffer.java:382)
	at io.netty.channel.uring.AbstractIoUringStreamChannel$IoUringStreamUnsafe.writeComplete0(AbstractIoUringStreamChannel.java:692)
	at io.netty.channel.uring.IoUringSocketChannel$IoUringSocketUnsafe.writeComplete0(IoUringSocketChannel.java:188)
	at io.netty.channel.uring.AbstractIoUringChannel$AbstractUringUnsafe.writeComplete(AbstractIoUringChannel.java:1003)
	at io.netty.channel.uring.AbstractIoUringChannel$AbstractUringUnsafe.handle(AbstractIoUringChannel.java:474)
	at io.netty.channel.uring.IoUringIoHandler$DefaultIoUringIoRegistration.handle(IoUringIoHandler.java:705)
	at io.netty.channel.uring.IoUringIoHandler.handleFastPath(IoUringIoHandler.java:318)
	at io.netty.channel.uring.IoUringIoHandler.handle(IoUringIoHandler.java:298)
	at io.netty.channel.uring.CompletionQueue.process(CompletionQueue.java:151)
	at io.netty.channel.uring.IoUringIoHandler.processCompletionsAndHandleOverflow(IoUringIoHandler.java:213)
	at io.netty.channel.uring.IoUringIoHandler.run(IoUringIoHandler.java:188)
	at io.netty.channel.SingleThreadIoEventLoop.runIo(SingleThreadIoEventLoop.java:225)
	at io.netty.channel.SingleThreadIoEventLoop.run(SingleThreadIoEventLoop.java:196)
	at io.netty.util.concurrent.SingleThreadEventExecutor$5.run(SingleThreadEventExecutor.java:1204)
	at io.netty.util.internal.ThreadExecutorMap$2.run(ThreadExecutorMap.java:74)
	at io.netty.util.concurrent.FastThreadLocalRunnable.run(FastThreadLocalRunnable.java:30)
	at java.base/java.lang.Thread.run(Thread.java:1583)
00:06:33.117 [multiThreadIoEventLoopGroup-3-4] WARN  io.netty.util.ReferenceCountUtil - Failed to release a message: UnpooledSlicedByteBuf(ridx: 0, widx: 2784, cap: 2784/2784, unwrapped: CycleArenaAllocator$ArenaBuf(ridx: 0, widx: 8192, cap: 8192))
java.lang.IllegalStateException: arena buffer of Thread[#33,multiThreadIoEventLoopGroup-4-4,10,main] touched from Thread[#29,multiThreadIoEventLoopGroup-3-4,10,main] (event-loop arena buffers are thread confined)
	at io.netty.buffer.CycleArenaAllocator$ArenaBuf.violation(CycleArenaAllocator.java:1279)
	at io.netty.buffer.CycleArenaAllocator$ArenaBuf.release(CycleArenaAllocator.java:1208)
	at io.netty.buffer.AbstractDerivedByteBuf.release0(AbstractDerivedByteBuf.java:98)
	at io.netty.buffer.AbstractDerivedByteBuf.release(AbstractDerivedByteBuf.java:94)
	at io.netty.util.ReferenceCountUtil.release(ReferenceCountUtil.java:90)
	at io.netty.util.ReferenceCountUtil.safeRelease(ReferenceCountUtil.java:116)
	at io.netty.channel.ChannelOutboundBuffer.remove(ChannelOutboundBuffer.java:300)
	at io.netty.channel.ChannelOutboundBuffer.removeBytes(ChannelOutboundBuffer.java:382)
	at io.netty.channel.uring.AbstractIoUringStreamChannel$IoUringStreamUnsafe.writeComplete0(AbstractIoUringStreamChannel.java:692)
	at io.netty.channel.uring.IoUringSocketChannel$IoUringSocketUnsafe.writeComplete0(IoUringSocketChannel.java:188)
	at io.netty.channel.uring.AbstractIoUringChannel$AbstractUringUnsafe.writeComplete(AbstractIoUringChannel.java:1003)
	at io.netty.channel.uring.AbstractIoUringChannel$AbstractUringUnsafe.handle(AbstractIoUringChannel.java:474)
	at io.netty.channel.uring.IoUringIoHandler$DefaultIoUringIoRegistration.handle(IoUringIoHandler.java:705)
	at io.netty.channel.uring.IoUringIoHandler.handleFastPath(IoUringIoHandler.java:318)
	at io.netty.channel.uring.IoUringIoHandler.handle(IoUringIoHandler.java:298)
	at io.netty.channel.uring.CompletionQueue.process(CompletionQueue.java:151)
	at io.netty.channel.uring.IoUringIoHandler.processCompletionsAndHandleOverflow(IoUringIoHandler.java:213)
	at io.netty.channel.uring.IoUringIoHandler.run(IoUringIoHandler.java:188)
	at io.netty.channel.SingleThreadIoEventLoop.runIo(SingleThreadIoEventLoop.java:225)
	at io.netty.channel.SingleThreadIoEventLoop.run(SingleThreadIoEventLoop.java:196)
	at io.netty.util.concurrent.SingleThreadEventExecutor$5.run(SingleThreadEventExecutor.java:1204)
	at io.netty.util.internal.ThreadExecutorMap$2.run(ThreadExecutorMap.java:74)
	at io.netty.util.concurrent.FastThreadLocalRunnable.run(FastThreadLocalRunnable.java:30)
	at java.base/java.lang.Thread.run(Thread.java:1583)
00:06:33.117 [multiThreadIoEventLoopGroup-4-3] WARN  io.netty.util.ReferenceCountUtil - Failed to release a message: UnpooledSlicedByteBuf(ridx: 0, widx: 1782, cap: 1782/1782, unwrapped: CycleArenaAllocator$ArenaBuf(ridx: 0, widx: 1782, cap: 8192))
java.lang.IllegalStateException: arena buffer of Thread[#27,multiThreadIoEventLoopGroup-3-2,10,main] touched from Thread[#32,multiThreadIoEventLoopGroup-4-3,10,main] (event-loop arena buffers are thread confined)
	at io.netty.buffer.CycleArenaAllocator$ArenaBuf.violation(CycleArenaAllocator.java:1279)
	at io.netty.buffer.CycleArenaAllocator$ArenaBuf.release(CycleArenaAllocator.java:1208)
	at io.netty.buffer.AbstractDerivedByteBuf.release0(AbstractDerivedByteBuf.java:98)
	at io.netty.buffer.AbstractDerivedByteBuf.release(AbstractDerivedByteBuf.java:94)
	at io.netty.util.ReferenceCountUtil.release(ReferenceCountUtil.java:90)
	at io.netty.util.ReferenceCountUtil.safeRelease(ReferenceCountUtil.java:116)
	at io.netty.channel.ChannelOutboundBuffer.remove(ChannelOutboundBuffer.java:300)
	at io.netty.channel.ChannelOutboundBuffer.removeBytes(ChannelOutboundBuffer.java:382)
	at io.netty.channel.uring.AbstractIoUringStreamChannel$IoUringStreamUnsafe.writeComplete0(AbstractIoUringStreamChannel.java:692)
	at io.netty.channel.uring.IoUringSocketChannel$IoUringSocketUnsafe.writeComplete0(IoUringSocketChannel.java:188)
	at io.netty.channel.uring.AbstractIoUringChannel$AbstractUringUnsafe.writeComplete(AbstractIoUringChannel.java:1003)
	at io.netty.channel.uring.AbstractIoUringChannel$AbstractUringUnsafe.handle(AbstractIoUringChannel.java:474)
	at io.netty.channel.uring.IoUringIoHandler$DefaultIoUringIoRegistration.handle(IoUringIoHandler.java:705)
	at io.netty.channel.uring.IoUringIoHandler.handleFastPath(IoUringIoHandler.java:318)
	at io.netty.channel.uring.IoUringIoHandler.handle(IoUringIoHandler.java:298)
	at io.netty.channel.uring.CompletionQueue.process(CompletionQueue.java:151)
	at io.netty.channel.uring.IoUringIoHandler.processCompletionsAndHandleOverflow(IoUringIoHandler.java:213)
	at io.netty.channel.uring.IoUringIoHandler.run(IoUringIoHandler.java:188)
	at io.netty.channel.SingleThreadIoEventLoop.runIo(SingleThreadIoEventLoop.java:225)
	at io.netty.channel.SingleThreadIoEventLoop.run(SingleThreadIoEventLoop.java:196)
	at io.netty.util.concurrent.SingleThreadEventExecutor$5.run(SingleThreadEventExecutor.java:1204)
	at io.netty.util.internal.ThreadExecutorMap$2.run(ThreadExecutorMap.java:74)
	at io.netty.util.concurrent.FastThreadLocalRunnable.run(FastThreadLocalRunnable.java:30)
	at java.base/java.lang.Thread.run(Thread.java:1583)
00:06:33.117 [multiThreadIoEventLoopGroup-4-1] WARN  io.netty.util.ReferenceCountUtil - Failed to release a message: UnpooledSlicedByteBuf(ridx: 0, widx: 2215, cap: 2215/2215, unwrapped: CycleArenaAllocator$ArenaBuf(ridx: 0, widx: 8192, cap: 8192))
java.lang.IllegalStateException: arena buffer of Thread[#28,multiThreadIoEventLoopGroup-3-3,10,main] touched from Thread[#30,multiThreadIoEventLoopGroup-4-1,10,main] (event-loop arena buffers are thread confined)
	at io.netty.buffer.CycleArenaAllocator$ArenaBuf.violation(CycleArenaAllocator.java:1279)
	at io.netty.buffer.CycleArenaAllocator$ArenaBuf.release(CycleArenaAllocator.java:1208)
	at io.netty.buffer.AbstractDerivedByteBuf.release0(AbstractDerivedByteBuf.java:98)
	at io.netty.buffer.AbstractDerivedByteBuf.release(AbstractDerivedByteBuf.java:94)
	at io.netty.util.ReferenceCountUtil.release(ReferenceCountUtil.java:90)
	at io.netty.util.ReferenceCountUtil.safeRelease(ReferenceCountUtil.java:116)
	at io.netty.channel.ChannelOutboundBuffer.remove(ChannelOutboundBuffer.java:300)
	at io.netty.channel.ChannelOutboundBuffer.removeBytes(ChannelOutboundBuffer.java:382)
	at io.netty.channel.uring.AbstractIoUringStreamChannel$IoUringStreamUnsafe.writeComplete0(AbstractIoUringStreamChannel.java:692)
	at io.netty.channel.uring.IoUringSocketChannel$IoUringSocketUnsafe.writeComplete0(IoUringSocketChannel.java:188)
	at io.netty.channel.uring.AbstractIoUringChannel$AbstractUringUnsafe.writeComplete(AbstractIoUringChannel.java:1003)
	at io.netty.channel.uring.AbstractIoUringChannel$AbstractUringUnsafe.handle(AbstractIoUringChannel.java:474)
	at io.netty.channel.uring.IoUringIoHandler$DefaultIoUringIoRegistration.handle(IoUringIoHandler.java:705)
	at io.netty.channel.uring.IoUringIoHandler.handleFastPath(IoUringIoHandler.java:318)
	at io.netty.channel.uring.IoUringIoHandler.handle(IoUringIoHandler.java:298)
	at io.netty.channel.uring.CompletionQueue.process(CompletionQueue.java:151)
	at io.netty.channel.uring.IoUringIoHandler.processCompletionsAndHandleOverflow(IoUringIoHandler.java:213)
	at io.netty.channel.uring.IoUringIoHandler.run(IoUringIoHandler.java:188)
	at io.netty.channel.SingleThreadIoEventLoop.runIo(SingleThreadIoEventLoop.java:225)
	at io.netty.channel.SingleThreadIoEventLoop.run(SingleThreadIoEventLoop.java:196)
	at io.netty.util.concurrent.SingleThreadEventExecutor$5.run(SingleThreadEventExecutor.java:1204)
	at io.netty.util.internal.ThreadExecutorMap$2.run(ThreadExecutorMap.java:74)
	at io.netty.util.concurrent.FastThreadLocalRunnable.run(FastThreadLocalRunnable.java:30)
	at java.base/java.lang.Thread.run(Thread.java:1583)
00:06:33.117 [multiThreadIoEventLoopGroup-4-3] WARN  i.n.channel.uring.IoUringIoHandler - Unexpected exception in the IO event loop.
java.lang.IllegalStateException: arena buffer of Thread[#29,multiThreadIoEventLoopGroup-3-4,10,main] touched from Thread[#32,multiThreadIoEventLoopGroup-4-3,10,main] (event-loop arena buffers are thread confined)
	at io.netty.buffer.CycleArenaAllocator$ArenaBuf.violation(CycleArenaAllocator.java:1279)
	at io.netty.buffer.CycleArenaAllocator$ArenaBuf.release(CycleArenaAllocator.java:1208)
	at io.netty.buffer.AbstractDerivedByteBuf.release0(AbstractDerivedByteBuf.java:98)
	at io.netty.buffer.AbstractDerivedByteBuf.release(AbstractDerivedByteBuf.java:94)
	at io.netty.channel.uring.IoUringSocketChannel$IoUringSocketUnsafe.handleWriteCompleteZeroCopy(IoUringSocketChannel.java:289)
	at io.netty.channel.uring.IoUringSocketChannel$IoUringSocketUnsafe.writeComplete0(IoUringSocketChannel.java:186)
	at io.netty.channel.uring.AbstractIoUringChannel$AbstractUringUnsafe.writeComplete(AbstractIoUringChannel.java:1003)
	at io.netty.channel.uring.AbstractIoUringChannel$AbstractUringUnsafe.handle(AbstractIoUringChannel.java:474)
	at io.netty.channel.uring.IoUringIoHandler$DefaultIoUringIoRegistration.handle(IoUringIoHandler.java:705)
	at io.netty.channel.uring.IoUringIoHandler.handleFastPath(IoUringIoHandler.java:318)
	at io.netty.channel.uring.IoUringIoHandler.handle(IoUringIoHandler.java:298)
	at io.netty.channel.uring.CompletionQueue.process(CompletionQueue.java:151)
	at io.netty.channel.uring.IoUringIoHandler.processCompletionsAndHandleOverflow(IoUringIoHandler.java:213)
	at io.netty.channel.uring.IoUringIoHandler.run(IoUringIoHandler.java:188)
	at io.netty.channel.SingleThreadIoEventLoop.runIo(SingleThreadIoEventLoop.java:225)
	at io.netty.channel.SingleThreadIoEventLoop.run(SingleThreadIoEventLoop.java:196)
	at io.netty.util.concurrent.SingleThreadEventExecutor$5.run(SingleThreadEventExecutor.java:1204)
	at io.netty.util.internal.ThreadExecutorMap$2.run(ThreadExecutorMap.java:74)
	at io.netty.util.concurrent.FastThreadLocalRunnable.run(FastThreadLocalRunnable.java:30)
	at java.base/java.lang.Thread.run(Thread.java:1583)
00:06:33.117 [multiThreadIoEventLoopGroup-3-4] WARN  i.n.channel.uring.IoUringIoHandler - Unexpected exception in the IO event loop.
java.lang.IllegalStateException: arena buffer of Thread[#33,multiThreadIoEventLoopGroup-4-4,10,main] touched from Thread[#29,multiThreadIoEventLoopGroup-3-4,10,main] (event-loop arena buffers are thread confined)
	at io.netty.buffer.CycleArenaAllocator$ArenaBuf.violation(CycleArenaAllocator.java:1279)
	at io.netty.buffer.CycleArenaAllocator$ArenaBuf.retain(CycleArenaAllocator.java:1182)
	at io.netty.buffer.AbstractDerivedByteBuf.retain0(AbstractDerivedByteBuf.java:58)
	at io.netty.buffer.AbstractDerivedByteBuf.retain(AbstractDerivedByteBuf.java:54)
	at io.netty.channel.uring.IoUringSocketChannel$IoUringSocketUnsafe.handleWriteCompleteZeroCopy(IoUringSocketChannel.java:220)
	at io.netty.channel.uring.IoUringSocketChannel$IoUringSocketUnsafe.writeComplete0(IoUringSocketChannel.java:186)
	at io.netty.channel.uring.AbstractIoUringChannel$AbstractUringUnsafe.writeComplete(AbstractIoUringChannel.java:1003)
	at io.netty.channel.uring.AbstractIoUringChannel$AbstractUringUnsafe.handle(AbstractIoUringChannel.java:474)
	at io.netty.channel.uring.IoUringIoHandler$DefaultIoUringIoRegistration.handle(IoUringIoHandler.java:705)
	at io.netty.channel.uring.IoUringIoHandler.handleFastPath(IoUringIoHandler.java:318)
	at io.netty.channel.uring.IoUringIoHandler.handle(IoUringIoHandler.java:298)
	at io.netty.channel.uring.CompletionQueue.process(CompletionQueue.java:151)
	at io.netty.channel.uring.IoUringIoHandler.processCompletionsAndHandleOverflow(IoUringIoHandler.java:213)
	at io.netty.channel.uring.IoUringIoHandler.run(IoUringIoHandler.java:188)
	at io.netty.channel.SingleThreadIoEventLoop.runIo(SingleThreadIoEventLoop.java:225)
	at io.netty.channel.SingleThreadIoEventLoop.run(SingleThreadIoEventLoop.java:196)
	at io.netty.util.concurrent.SingleThreadEventExecutor$5.run(SingleThreadEventExecutor.java:1204)
	at io.netty.util.internal.ThreadExecutorMap$2.run(ThreadExecutorMap.java:74)
	at io.netty.util.concurrent.FastThreadLocalRunnable.run(FastThreadLocalRunnable.java:30)
	at java.base/java.lang.Thread.run(Thread.java:1583)
00:06:33.117 [multiThreadIoEventLoopGroup-3-1] WARN  i.n.channel.uring.IoUringIoHandler - Unexpected exception in the IO event loop.
java.lang.IllegalStateException: arena buffer of Thread[#33,multiThreadIoEventLoopGroup-4-4,10,main] touched from Thread[#26,multiThreadIoEventLoopGroup-3-1,10,main] (event-loop arena buffers are thread confined)
	at io.netty.buffer.CycleArenaAllocator$ArenaBuf.violation(CycleArenaAllocator.java:1279)
	at io.netty.buffer.CycleArenaAllocator$ArenaBuf.retain(CycleArenaAllocator.java:1182)
	at io.netty.buffer.AbstractDerivedByteBuf.retain0(AbstractDerivedByteBuf.java:58)
	at io.netty.buffer.AbstractDerivedByteBuf.retain(AbstractDerivedByteBuf.java:54)
	at io.netty.channel.uring.IoUringSocketChannel$IoUringSocketUnsafe.handleWriteCompleteZeroCopy(IoUringSocketChannel.java:220)
	at io.netty.channel.uring.IoUringSocketChannel$IoUringSocketUnsafe.writeComplete0(IoUringSocketChannel.java:186)
	at io.netty.channel.uring.AbstractIoUringChannel$AbstractUringUnsafe.writeComplete(AbstractIoUringChannel.java:1003)
	at io.netty.channel.uring.AbstractIoUringChannel$AbstractUringUnsafe.handle(AbstractIoUringChannel.java:474)
	at io.netty.channel.uring.IoUringIoHandler$DefaultIoUringIoRegistration.handle(IoUringIoHandler.java:705)
	at io.netty.channel.uring.IoUringIoHandler.handleFastPath(IoUringIoHandler.java:318)
	at io.netty.channel.uring.IoUringIoHandler.handle(IoUringIoHandler.java:298)
	at io.netty.channel.uring.CompletionQueue.process(CompletionQueue.java:151)
	at io.netty.channel.uring.IoUringIoHandler.processCompletionsAndHandleOverflow(IoUringIoHandler.java:213)
	at io.netty.channel.uring.IoUringIoHandler.run(IoUringIoHandler.java:188)
	at io.netty.channel.SingleThreadIoEventLoop.runIo(SingleThreadIoEventLoop.java:225)
	at io.netty.channel.SingleThreadIoEventLoop.run(SingleThreadIoEventLoop.java:196)
	at io.netty.util.concurrent.SingleThreadEventExecutor$5.run(SingleThreadEventExecutor.java:1204)
	at io.netty.util.internal.ThreadExecutorMap$2.run(ThreadExecutorMap.java:74)
	at io.netty.util.concurrent.FastThreadLocalRunnable.run(FastThreadLocalRunnable.java:30)
	at java.base/java.lang.Thread.run(Thread.java:1583)
00:06:33.117 [multiThreadIoEventLoopGroup-4-1] WARN  io.netty.util.ReferenceCountUtil - Failed to release a message: UnpooledSlicedByteBuf(ridx: 0, widx: 1980, cap: 1980/1980, unwrapped: CycleArenaAllocator$ArenaBuf(ridx: 0, widx: 1980, cap: 8192))
java.lang.IllegalStateException: arena buffer of Thread[#29,multiThreadIoEventLoopGroup-3-4,10,main] touched from Thread[#30,multiThreadIoEventLoopGroup-4-1,10,main] (event-loop arena buffers are thread confined)
	at io.netty.buffer.CycleArenaAllocator$ArenaBuf.violation(CycleArenaAllocator.java:1279)
	at io.netty.buffer.CycleArenaAllocator$ArenaBuf.release(CycleArenaAllocator.java:1208)
	at io.netty.buffer.AbstractDerivedByteBuf.release0(AbstractDerivedByteBuf.java:98)
	at io.netty.buffer.AbstractDerivedByteBuf.release(AbstractDerivedByteBuf.java:94)
	at io.netty.util.ReferenceCountUtil.release(ReferenceCountUtil.java:90)
	at io.netty.util.ReferenceCountUtil.safeRelease(ReferenceCountUtil.java:116)
	at io.netty.channel.ChannelOutboundBuffer.remove(ChannelOutboundBuffer.java:300)
	at io.netty.channel.ChannelOutboundBuffer.removeBytes(ChannelOutboundBuffer.java:382)
	at io.netty.channel.uring.AbstractIoUringStreamChannel$IoUringStreamUnsafe.writeComplete0(AbstractIoUringStreamChannel.java:692)
	at io.netty.channel.uring.IoUringSocketChannel$IoUringSocketUnsafe.writeComplete0(IoUringSocketChannel.java:188)
	at io.netty.channel.uring.AbstractIoUringChannel$AbstractUringUnsafe.writeComplete(AbstractIoUringChannel.java:1003)
	at io.netty.channel.uring.AbstractIoUringChannel$AbstractUringUnsafe.handle(AbstractIoUringChannel.java:474)
	at io.netty.channel.uring.IoUringIoHandler$DefaultIoUringIoRegistration.handle(IoUringIoHandler.java:705)
	at io.netty.channel.uring.IoUringIoHandler.handleFastPath(IoUringIoHandler.java:318)
	at io.netty.channel.uring.IoUringIoHandler.handle(IoUringIoHandler.java:298)
	at io.netty.channel.uring.CompletionQueue.process(CompletionQueue.java:151)
	at io.netty.channel.uring.IoUringIoHandler.processCompletionsAndHandleOverflow(IoUringIoHandler.java:213)
	at io.netty.channel.uring.IoUringIoHandler.run(IoUringIoHandler.java:188)
	at io.netty.channel.SingleThreadIoEventLoop.runIo(SingleThreadIoEventLoop.java:225)
	at io.netty.channel.SingleThreadIoEventLoop.run(SingleThreadIoEventLoop.java:196)
	at io.netty.util.concurrent.SingleThreadEventExecutor$5.run(SingleThreadEventExecutor.java:1204)
	at io.netty.util.internal.ThreadExecutorMap$2.run(ThreadExecutorMap.java:74)
	at io.netty.util.concurrent.FastThreadLocalRunnable.run(FastThreadLocalRunnable.java:30)
	at java.base/java.lang.Thread.run(Thread.java:1583)
00:06:33.117 [multiThreadIoEventLoopGroup-4-1] WARN  io.netty.util.ReferenceCountUtil - Failed to release a message: UnpooledSlicedByteBuf(ridx: 0, widx: 1980, cap: 1980/1980, unwrapped: CycleArenaAllocator$ArenaBuf(ridx: 0, widx: 1980, cap: 8192))
java.lang.IllegalStateException: arena buffer of Thread[#28,multiThreadIoEventLoopGroup-3-3,10,main] touched from Thread[#30,multiThreadIoEventLoopGroup-4-1,10,main] (event-loop arena buffers are thread confined)
	at io.netty.buffer.CycleArenaAllocator$ArenaBuf.violation(CycleArenaAllocator.java:1279)
	at io.netty.buffer.CycleArenaAllocator$ArenaBuf.release(CycleArenaAllocator.java:1208)
	at io.netty.buffer.AbstractDerivedByteBuf.release0(AbstractDerivedByteBuf.java:98)
	at io.netty.buffer.AbstractDerivedByteBuf.release(AbstractDerivedByteBuf.java:94)
	at io.netty.util.ReferenceCountUtil.release(ReferenceCountUtil.java:90)
	at io.netty.util.ReferenceCountUtil.safeRelease(ReferenceCountUtil.java:116)
	at io.netty.channel.ChannelOutboundBuffer.remove(ChannelOutboundBuffer.java:300)
	at io.netty.channel.ChannelOutboundBuffer.removeBytes(ChannelOutboundBuffer.java:382)
	at io.netty.channel.uring.AbstractIoUringStreamChannel$IoUringStreamUnsafe.writeComplete0(AbstractIoUringStreamChannel.java:692)
	at io.netty.channel.uring.IoUringSocketChannel$IoUringSocketUnsafe.writeComplete0(IoUringSocketChannel.java:188)
	at io.netty.channel.uring.AbstractIoUringChannel$AbstractUringUnsafe.writeComplete(AbstractIoUringChannel.java:1003)
	at io.netty.channel.uring.AbstractIoUringChannel$AbstractUringUnsafe.handle(AbstractIoUringChannel.java:474)
	at io.netty.channel.uring.IoUringIoHandler$DefaultIoUringIoRegistration.handle(IoUringIoHandler.java:705)
	at io.netty.channel.uring.IoUringIoHandler.handleFastPath(IoUringIoHandler.java:318)
	at io.netty.channel.uring.IoUringIoHandler.handle(IoUringIoHandler.java:298)
	at io.netty.channel.uring.CompletionQueue.process(CompletionQueue.java:151)
	at io.netty.channel.uring.IoUringIoHandler.processCompletionsAndHandleOverflow(IoUringIoHandler.java:213)
	at io.netty.channel.uring.IoUringIoHandler.run(IoUringIoHandler.java:188)
	at io.netty.channel.SingleThreadIoEventLoop.runIo(SingleThreadIoEventLoop.java:225)
	at io.netty.channel.SingleThreadIoEventLoop.run(SingleThreadIoEventLoop.java:196)
	at io.netty.util.concurrent.SingleThreadEventExecutor$5.run(SingleThreadEventExecutor.java:1204)
	at io.netty.util.internal.ThreadExecutorMap$2.run(ThreadExecutorMap.java:74)
	at io.netty.util.concurrent.FastThreadLocalRunnable.run(FastThreadLocalRunnable.java:30)
	at java.base/java.lang.Thread.run(Thread.java:1583)
00:06:33.117 [multiThreadIoEventLoopGroup-3-3] WARN  i.n.channel.uring.IoUringIoHandler - Unexpected exception in the IO event loop.
java.lang.IllegalStateException: arena buffer of Thread[#31,multiThreadIoEventLoopGroup-4-2,10,main] touched from Thread[#28,multiThreadIoEventLoopGroup-3-3,10,main] (event-loop arena buffers are thread confined)
	at io.netty.buffer.CycleArenaAllocator$ArenaBuf.violation(CycleArenaAllocator.java:1279)
	at io.netty.buffer.CycleArenaAllocator$ArenaBuf.retain(CycleArenaAllocator.java:1182)
	at io.netty.buffer.AbstractDerivedByteBuf.retain0(AbstractDerivedByteBuf.java:58)
	at io.netty.buffer.AbstractDerivedByteBuf.retain(AbstractDerivedByteBuf.java:54)
	at io.netty.channel.uring.IoUringSocketChannel$IoUringSocketUnsafe.handleWriteCompleteZeroCopy(IoUringSocketChannel.java:220)
	at io.netty.channel.uring.IoUringSocketChannel$IoUringSocketUnsafe.writeComplete0(IoUringSocketChannel.java:186)
	at io.netty.channel.uring.AbstractIoUringChannel$AbstractUringUnsafe.writeComplete(AbstractIoUringChannel.java:1003)
	at io.netty.channel.uring.AbstractIoUringChannel$AbstractUringUnsafe.handle(AbstractIoUringChannel.java:474)
	at io.netty.channel.uring.IoUringIoHandler$DefaultIoUringIoRegistration.handle(IoUringIoHandler.java:705)
	at io.netty.channel.uring.IoUringIoHandler.handleFastPath(IoUringIoHandler.java:318)
	at io.netty.channel.uring.IoUringIoHandler.handle(IoUringIoHandler.java:298)
	at io.netty.channel.uring.CompletionQueue.process(CompletionQueue.java:151)
	at io.netty.channel.uring.IoUringIoHandler.processCompletionsAndHandleOverflow(IoUringIoHandler.java:213)
	at io.netty.channel.uring.IoUringIoHandler.run(IoUringIoHandler.java:188)
	at io.netty.channel.SingleThreadIoEventLoop.runIo(SingleThreadIoEventLoop.java:225)
	at io.netty.channel.SingleThreadIoEventLoop.run(SingleThreadIoEventLoop.java:196)
	at io.netty.util.concurrent.SingleThreadEventExecutor$5.run(SingleThreadEventExecutor.java:1204)
	at io.netty.util.internal.ThreadExecutorMap$2.run(ThreadExecutorMap.java:74)
	at io.netty.util.concurrent.FastThreadLocalRunnable.run(FastThreadLocalRunnable.java:30)
	at java.base/java.lang.Thread.run(Thread.java:1583)
00:06:33.117 [multiThreadIoEventLoopGroup-3-2] WARN  i.n.channel.uring.IoUringIoHandler - Unexpected exception in the IO event loop.
java.lang.IllegalStateException: arena buffer of Thread[#31,multiThreadIoEventLoopGroup-4-2,10,main] touched from Thread[#27,multiThreadIoEventLoopGroup-3-2,10,main] (event-loop arena buffers are thread confined)
	at io.netty.buffer.CycleArenaAllocator$ArenaBuf.violation(CycleArenaAllocator.java:1279)
	at io.netty.buffer.CycleArenaAllocator$ArenaBuf.release(CycleArenaAllocator.java:1208)
	at io.netty.buffer.AbstractDerivedByteBuf.release0(AbstractDerivedByteBuf.java:98)
	at io.netty.buffer.AbstractDerivedByteBuf.release(AbstractDerivedByteBuf.java:94)
	at io.netty.channel.uring.IoUringSocketChannel$IoUringSocketUnsafe.handleWriteCompleteZeroCopy(IoUringSocketChannel.java:289)
	at io.netty.channel.uring.IoUringSocketChannel$IoUringSocketUnsafe.writeComplete0(IoUringSocketChannel.java:186)
	at io.netty.channel.uring.AbstractIoUringChannel$AbstractUringUnsafe.writeComplete(AbstractIoUringChannel.java:1003)
	at io.netty.channel.uring.AbstractIoUringChannel$AbstractUringUnsafe.handle(AbstractIoUringChannel.java:474)
	at io.netty.channel.uring.IoUringIoHandler$DefaultIoUringIoRegistration.handle(IoUringIoHandler.java:705)
	at io.netty.channel.uring.IoUringIoHandler.handleFastPath(IoUringIoHandler.java:318)
	at io.netty.channel.uring.IoUringIoHandler.handle(IoUringIoHandler.java:298)
	at io.netty.channel.uring.CompletionQueue.process(CompletionQueue.java:151)
	at io.netty.channel.uring.IoUringIoHandler.processCompletionsAndHandleOverflow(IoUringIoHandler.java:213)
	at io.netty.channel.uring.IoUringIoHandler.run(IoUringIoHandler.java:188)
	at io.netty.channel.SingleThreadIoEventLoop.runIo(SingleThreadIoEventLoop.java:225)
	at io.netty.channel.SingleThreadIoEventLoop.run(SingleThreadIoEventLoop.java:196)
	at io.netty.util.concurrent.SingleThreadEventExecutor$5.run(SingleThreadEventExecutor.java:1204)
	at io.netty.util.internal.ThreadExecutorMap$2.run(ThreadExecutorMap.java:74)
	at io.netty.util.concurrent.FastThreadLocalRunnable.run(FastThreadLocalRunnable.java:30)
	at java.base/java.lang.Thread.run(Thread.java:1583)
00:06:33.217 [multiThreadIoEventLoopGroup-4-3] WARN  i.n.channel.uring.IoUringIoHandler - Unexpected exception in the IO event loop.
java.lang.IllegalStateException: arena buffer of Thread[#27,multiThreadIoEventLoopGroup-3-2,10,main] touched from Thread[#32,multiThreadIoEventLoopGroup-4-3,10,main] (event-loop arena buffers are thread confined)
	at io.netty.buffer.CycleArenaAllocator$ArenaBuf.violation(CycleArenaAllocator.java:1279)
	at io.netty.buffer.CycleArenaAllocator$ArenaBuf.release(CycleArenaAllocator.java:1208)
	at io.netty.buffer.AbstractDerivedByteBuf.release0(AbstractDerivedByteBuf.java:98)
	at io.netty.buffer.AbstractDerivedByteBuf.release(AbstractDerivedByteBuf.java:94)
	at io.netty.channel.uring.IoUringSocketChannel$IoUringSocketUnsafe.handleWriteCompleteZeroCopy(IoUringSocketChannel.java:289)
	at io.netty.channel.uring.IoUringSocketChannel$IoUringSocketUnsafe.writeComplete0(IoUringSocketChannel.java:186)
	at io.netty.channel.uring.AbstractIoUringChannel$AbstractUringUnsafe.writeComplete(AbstractIoUringChannel.java:1003)
	at io.netty.channel.uring.AbstractIoUringChannel$AbstractUringUnsafe.handle(AbstractIoUringChannel.java:474)
	at io.netty.channel.uring.IoUringIoHandler$DefaultIoUringIoRegistration.handle(IoUringIoHandler.java:705)
	at io.netty.channel.uring.IoUringIoHandler.handleFastPath(IoUringIoHandler.java:318)
	at io.netty.channel.uring.IoUringIoHandler.handle(IoUringIoHandler.java:298)
	at io.netty.channel.uring.CompletionQueue.process(CompletionQueue.java:151)
	at io.netty.channel.uring.IoUringIoHandler.processCompletionsAndHandleOverflow(IoUringIoHandler.java:213)
	at io.netty.channel.uring.IoUringIoHandler.run(IoUringIoHandler.java:188)
	at io.netty.channel.SingleThreadIoEventLoop.runIo(SingleThreadIoEventLoop.java:225)
	at io.netty.channel.SingleThreadIoEventLoop.run(SingleThreadIoEventLoop.java:196)
	at io.netty.util.concurrent.SingleThreadEventExecutor$5.run(SingleThreadEventExecutor.java:1204)
	at io.netty.util.internal.ThreadExecutorMap$2.run(ThreadExecutorMap.java:74)
	at io.netty.util.concurrent.FastThreadLocalRunnable.run(FastThreadLocalRunnable.java:30)
	at java.base/java.lang.Thread.run(Thread.java:1583)
00:06:33.217 [multiThreadIoEventLoopGroup-3-4] WARN  io.netty.util.ReferenceCountUtil - Failed to release a message: UnpooledSlicedByteBuf(ridx: 0, widx: 1020, cap: 1020/1020, unwrapped: CycleArenaAllocator$ArenaBuf(ridx: 0, widx: 8192, cap: 8192))
java.lang.IllegalStateException: arena buffer of Thread[#33,multiThreadIoEventLoopGroup-4-4,10,main] touched from Thread[#29,multiThreadIoEventLoopGroup-3-4,10,main] (event-loop arena buffers are thread confined)
	at io.netty.buffer.CycleArenaAllocator$ArenaBuf.violation(CycleArenaAllocator.java:1279)
	at io.netty.buffer.CycleArenaAllocator$ArenaBuf.release(CycleArenaAllocator.java:1208)
	at io.netty.buffer.AbstractDerivedByteBuf.release0(AbstractDerivedByteBuf.java:98)
	at io.netty.buffer.AbstractDerivedByteBuf.release(AbstractDerivedByteBuf.java:94)
	at io.netty.util.ReferenceCountUtil.release(ReferenceCountUtil.java:90)
	at io.netty.util.ReferenceCountUtil.safeRelease(ReferenceCountUtil.java:116)
	at io.netty.channel.ChannelOutboundBuffer.remove(ChannelOutboundBuffer.java:300)
	at io.netty.channel.ChannelOutboundBuffer.removeBytes(ChannelOutboundBuffer.java:382)
	at io.netty.channel.uring.AbstractIoUringStreamChannel$IoUringStreamUnsafe.writeComplete0(AbstractIoUringStreamChannel.java:692)
	at io.netty.channel.uring.IoUringSocketChannel$IoUringSocketUnsafe.writeComplete0(IoUringSocketChannel.java:188)
	at io.netty.channel.uring.AbstractIoUringChannel$AbstractUringUnsafe.writeComplete(AbstractIoUringChannel.java:1003)
	at io.netty.channel.uring.AbstractIoUringChannel$AbstractUringUnsafe.handle(AbstractIoUringChannel.java:474)
	at io.netty.channel.uring.IoUringIoHandler$DefaultIoUringIoRegistration.handle(IoUringIoHandler.java:705)
	at io.netty.channel.uring.IoUringIoHandler.handleFastPath(IoUringIoHandler.java:318)
	at io.netty.channel.uring.IoUringIoHandler.handle(IoUringIoHandler.java:298)
	at io.netty.channel.uring.CompletionQueue.process(CompletionQueue.java:151)
	at io.netty.channel.uring.IoUringIoHandler.processCompletionsAndHandleOverflow(IoUringIoHandler.java:213)
	at io.netty.channel.uring.IoUringIoHandler.run(IoUringIoHandler.java:188)
	at io.netty.channel.SingleThreadIoEventLoop.runIo(SingleThreadIoEventLoop.java:225)
	at io.netty.channel.SingleThreadIoEventLoop.run(SingleThreadIoEventLoop.java:196)
	at io.netty.util.concurrent.SingleThreadEventExecutor$5.run(SingleThreadEventExecutor.java:1204)
	at io.netty.util.internal.ThreadExecutorMap$2.run(ThreadExecutorMap.java:74)
	at io.netty.util.concurrent.FastThreadLocalRunnable.run(FastThreadLocalRunnable.java:30)
	at java.base/java.lang.Thread.run(Thread.java:1583)
00:06:33.217 [multiThreadIoEventLoopGroup-3-1] WARN  io.netty.util.ReferenceCountUtil - Failed to release a message: UnpooledSlicedByteBuf(ridx: 0, widx: 2254, cap: 2254/2254, unwrapped: CycleArenaAllocator$ArenaBuf(ridx: 0, widx: 8192, cap: 8192))
java.lang.IllegalStateException: arena buffer of Thread[#31,multiThreadIoEventLoopGroup-4-2,10,main] touched from Thread[#26,multiThreadIoEventLoopGroup-3-1,10,main] (event-loop arena buffers are thread confined)
	at io.netty.buffer.CycleArenaAllocator$ArenaBuf.violation(CycleArenaAllocator.java:1279)
	at io.netty.buffer.CycleArenaAllocator$ArenaBuf.release(CycleArenaAllocator.java:1208)
	at io.netty.buffer.AbstractDerivedByteBuf.release0(AbstractDerivedByteBuf.java:98)
	at io.netty.buffer.AbstractDerivedByteBuf.release(AbstractDerivedByteBuf.java:94)
	at io.netty.util.ReferenceCountUtil.release(ReferenceCountUtil.java:90)
	at io.netty.util.ReferenceCountUtil.safeRelease(ReferenceCountUtil.java:116)
	at io.netty.channel.ChannelOutboundBuffer.remove(ChannelOutboundBuffer.java:300)
	at io.netty.channel.ChannelOutboundBuffer.removeBytes(ChannelOutboundBuffer.java:382)
	at io.netty.channel.uring.AbstractIoUringStreamChannel$IoUringStreamUnsafe.writeComplete0(AbstractIoUringStreamChannel.java:692)
	at io.netty.channel.uring.IoUringSocketChannel$IoUringSocketUnsafe.writeComplete0(IoUringSocketChannel.java:188)
	at io.netty.channel.uring.AbstractIoUringChannel$AbstractUringUnsafe.writeComplete(AbstractIoUringChannel.java:1003)
	at io.netty.channel.uring.AbstractIoUringChannel$AbstractUringUnsafe.handle(AbstractIoUringChannel.java:474)
	at io.netty.channel.uring.IoUringIoHandler$DefaultIoUringIoRegistration.handle(IoUringIoHandler.java:705)
	at io.netty.channel.uring.IoUringIoHandler.handleFastPath(IoUringIoHandler.java:318)
	at io.netty.channel.uring.IoUringIoHandler.handle(IoUringIoHandler.java:298)
	at io.netty.channel.uring.CompletionQueue.process(CompletionQueue.java:151)
	at io.netty.channel.uring.IoUringIoHandler.processCompletionsAndHandleOverflow(IoUringIoHandler.java:213)
	at io.netty.channel.uring.IoUringIoHandler.run(IoUringIoHandler.java:188)
	at io.netty.channel.SingleThreadIoEventLoop.runIo(SingleThreadIoEventLoop.java:225)
	at io.netty.channel.SingleThreadIoEventLoop.run(SingleThreadIoEventLoop.java:196)
	at io.netty.util.concurrent.SingleThreadEventExecutor$5.run(SingleThreadEventExecutor.java:1204)
	at io.netty.util.internal.ThreadExecutorMap$2.run(ThreadExecutorMap.java:74)
	at io.netty.util.concurrent.FastThreadLocalRunnable.run(FastThreadLocalRunnable.java:30)
	at java.base/java.lang.Thread.run(Thread.java:1583)
00:06:33.217 [multiThreadIoEventLoopGroup-3-4] WARN  io.netty.util.ReferenceCountUtil - Failed to release a message: UnpooledSlicedByteBuf(ridx: 0, widx: 138, cap: 138/138, unwrapped: CycleArenaAllocator$ArenaBuf(ridx: 0, widx: 8192, cap: 8192))
java.lang.IllegalStateException: arena buffer of Thread[#33,multiThreadIoEventLoopGroup-4-4,10,main] touched from Thread[#29,multiThreadIoEventLoopGroup-3-4,10,main] (event-loop arena buffers are thread confined)
	at io.netty.buffer.CycleArenaAllocator$ArenaBuf.violation(CycleArenaAllocator.java:1279)
	at io.netty.buffer.CycleArenaAllocator$ArenaBuf.release(CycleArenaAllocator.java:1208)
	at io.netty.buffer.AbstractDerivedByteBuf.release0(AbstractDerivedByteBuf.java:98)
	at io.netty.buffer.AbstractDerivedByteBuf.release(AbstractDerivedByteBuf.java:94)
	at io.netty.util.ReferenceCountUtil.release(ReferenceCountUtil.java:90)
	at io.netty.util.ReferenceCountUtil.safeRelease(ReferenceCountUtil.java:116)
	at io.netty.channel.ChannelOutboundBuffer.remove(ChannelOutboundBuffer.java:300)
	at io.netty.channel.ChannelOutboundBuffer.removeBytes(ChannelOutboundBuffer.java:382)
	at io.netty.channel.uring.AbstractIoUringStreamChannel$IoUringStreamUnsafe.writeComplete0(AbstractIoUringStreamChannel.java:692)
	at io.netty.channel.uring.IoUringSocketChannel$IoUringSocketUnsafe.writeComplete0(IoUringSocketChannel.java:188)
	at io.netty.channel.uring.AbstractIoUringChannel$AbstractUringUnsafe.writeComplete(AbstractIoUringChannel.java:1003)
	at io.netty.channel.uring.AbstractIoUringChannel$AbstractUringUnsafe.handle(AbstractIoUringChannel.java:474)
	at io.netty.channel.uring.IoUringIoHandler$DefaultIoUringIoRegistration.handle(IoUringIoHandler.java:705)
	at io.netty.channel.uring.IoUringIoHandler.handleFastPath(IoUringIoHandler.java:318)
	at io.netty.channel.uring.IoUringIoHandler.handle(IoUringIoHandler.java:298)
	at io.netty.channel.uring.CompletionQueue.process(CompletionQueue.java:151)
	at io.netty.channel.uring.IoUringIoHandler.processCompletionsAndHandleOverflow(IoUringIoHandler.java:213)
	at io.netty.channel.uring.IoUringIoHandler.run(IoUringIoHandler.java:188)
	at io.netty.channel.SingleThreadIoEventLoop.runIo(SingleThreadIoEventLoop.java:225)
	at io.netty.channel.SingleThreadIoEventLoop.run(SingleThreadIoEventLoop.java:196)
	at io.netty.util.concurrent.SingleThreadEventExecutor$5.run(SingleThreadEventExecutor.java:1204)
	at io.netty.util.internal.ThreadExecutorMap$2.run(ThreadExecutorMap.java:74)
	at io.netty.util.concurrent.FastThreadLocalRunnable.run(FastThreadLocalRunnable.java:30)
	at java.base/java.lang.Thread.run(Thread.java:1583)
00:06:33.217 [multiThreadIoEventLoopGroup-3-1] WARN  i.n.channel.uring.IoUringIoHandler - Unexpected exception in the IO event loop.
java.lang.IllegalStateException: arena buffer of Thread[#30,multiThreadIoEventLoopGroup-4-1,10,main] touched from Thread[#26,multiThreadIoEventLoopGroup-3-1,10,main] (event-loop arena buffers are thread confined)
	at io.netty.buffer.CycleArenaAllocator$ArenaBuf.violation(CycleArenaAllocator.java:1279)
	at io.netty.buffer.CycleArenaAllocator$ArenaBuf.retain(CycleArenaAllocator.java:1182)
	at io.netty.buffer.AbstractDerivedByteBuf.retain0(AbstractDerivedByteBuf.java:58)
	at io.netty.buffer.AbstractDerivedByteBuf.retain(AbstractDerivedByteBuf.java:54)
	at io.netty.channel.uring.IoUringSocketChannel$IoUringSocketUnsafe.handleWriteCompleteZeroCopy(IoUringSocketChannel.java:220)
	at io.netty.channel.uring.IoUringSocketChannel$IoUringSocketUnsafe.writeComplete0(IoUringSocketChannel.java:186)
	at io.netty.channel.uring.AbstractIoUringChannel$AbstractUringUnsafe.writeComplete(AbstractIoUringChannel.java:1003)
	at io.netty.channel.uring.AbstractIoUringChannel$AbstractUringUnsafe.handle(AbstractIoUringChannel.java:474)
	at io.netty.channel.uring.IoUringIoHandler$DefaultIoUringIoRegistration.handle(IoUringIoHandler.java:705)
	at io.netty.channel.uring.IoUringIoHandler.handleFastPath(IoUringIoHandler.java:318)
	at io.netty.channel.uring.IoUringIoHandler.handle(IoUringIoHandler.java:298)
	at io.netty.channel.uring.CompletionQueue.process(CompletionQueue.java:151)
	at io.netty.channel.uring.IoUringIoHandler.processCompletionsAndHandleOverflow(IoUringIoHandler.java:213)
	at io.netty.channel.uring.IoUringIoHandler.run(IoUringIoHandler.java:188)
	at io.netty.channel.SingleThreadIoEventLoop.runIo(SingleThreadIoEventLoop.java:225)
	at io.netty.channel.SingleThreadIoEventLoop.run(SingleThreadIoEventLoop.java:196)
	at io.netty.util.concurrent.SingleThreadEventExecutor$5.run(SingleThreadEventExecutor.java:1204)
	at io.netty.util.internal.ThreadExecutorMap$2.run(ThreadExecutorMap.java:74)
	at io.netty.util.concurrent.FastThreadLocalRunnable.run(FastThreadLocalRunnable.java:30)
	at java.base/java.lang.Thread.run(Thread.java:1583)
00:06:33.217 [multiThreadIoEventLoopGroup-3-3] WARN  io.netty.util.ReferenceCountUtil - Failed to release a message: UnpooledSlicedByteBuf(ridx: 0, widx: 1114, cap: 1114/1114, unwrapped: CycleArenaAllocator$ArenaBuf(ridx: 0, widx: 8192, cap: 8192))
java.lang.IllegalStateException: arena buffer of Thread[#32,multiThreadIoEventLoopGroup-4-3,10,main] touched from Thread[#28,multiThreadIoEventLoopGroup-3-3,10,main] (event-loop arena buffers are thread confined)
	at io.netty.buffer.CycleArenaAllocator$ArenaBuf.violation(CycleArenaAllocator.java:1279)
	at io.netty.buffer.CycleArenaAllocator$ArenaBuf.release(CycleArenaAllocator.java:1208)
	at io.netty.buffer.AbstractDerivedByteBuf.release0(AbstractDerivedByteBuf.java:98)
	at io.netty.buffer.AbstractDerivedByteBuf.release(AbstractDerivedByteBuf.java:94)
	at io.netty.util.ReferenceCountUtil.release(ReferenceCountUtil.java:90)
	at io.netty.util.ReferenceCountUtil.safeRelease(ReferenceCountUtil.java:116)
	at io.netty.channel.ChannelOutboundBuffer.remove(ChannelOutboundBuffer.java:300)
	at io.netty.channel.ChannelOutboundBuffer.removeBytes(ChannelOutboundBuffer.java:382)
	at io.netty.channel.uring.AbstractIoUringStreamChannel$IoUringStreamUnsafe.writeComplete0(AbstractIoUringStreamChannel.java:692)
	at io.netty.channel.uring.IoUringSocketChannel$IoUringSocketUnsafe.writeComplete0(IoUringSocketChannel.java:188)
	at io.netty.channel.uring.AbstractIoUringChannel$AbstractUringUnsafe.writeComplete(AbstractIoUringChannel.java:1003)
	at io.netty.channel.uring.AbstractIoUringChannel$AbstractUringUnsafe.handle(AbstractIoUringChannel.java:474)
	at io.netty.channel.uring.IoUringIoHandler$DefaultIoUringIoRegistration.handle(IoUringIoHandler.java:705)
	at io.netty.channel.uring.IoUringIoHandler.handleFastPath(IoUringIoHandler.java:318)
	at io.netty.channel.uring.IoUringIoHandler.handle(IoUringIoHandler.java:298)
	at io.netty.channel.uring.CompletionQueue.process(CompletionQueue.java:151)
	at io.netty.channel.uring.IoUringIoHandler.processCompletionsAndHandleOverflow(IoUringIoHandler.java:213)
	at io.netty.channel.uring.IoUringIoHandler.run(IoUringIoHandler.java:188)
	at io.netty.channel.SingleThreadIoEventLoop.runIo(SingleThreadIoEventLoop.java:225)
	at io.netty.channel.SingleThreadIoEventLoop.run(SingleThreadIoEventLoop.java:196)
	at io.netty.util.concurrent.SingleThreadEventExecutor$5.run(SingleThreadEventExecutor.java:1204)
	at io.netty.util.internal.ThreadExecutorMap$2.run(ThreadExecutorMap.java:74)
	at io.netty.util.concurrent.FastThreadLocalRunnable.run(FastThreadLocalRunnable.java:30)
	at java.base/java.lang.Thread.run(Thread.java:1583)
00:06:33.217 [multiThreadIoEventLoopGroup-3-4] WARN  io.netty.util.ReferenceCountUtil - Failed to release a message: UnpooledSlicedByteBuf(ridx: 0, widx: 3793, cap: 3793/3793, unwrapped: CycleArenaAllocator$ArenaBuf(ridx: 0, widx: 8192, cap: 8192))
java.lang.IllegalStateException: arena buffer of Thread[#33,multiThreadIoEventLoopGroup-4-4,10,main] touched from Thread[#29,multiThreadIoEventLoopGroup-3-4,10,main] (event-loop arena buffers are thread confined)
	at io.netty.buffer.CycleArenaAllocator$ArenaBuf.violation(CycleArenaAllocator.java:1279)
	at io.netty.buffer.CycleArenaAllocator$ArenaBuf.release(CycleArenaAllocator.java:1208)
	at io.netty.buffer.AbstractDerivedByteBuf.release0(AbstractDerivedByteBuf.java:98)
	at io.netty.buffer.AbstractDerivedByteBuf.release(AbstractDerivedByteBuf.java:94)
	at io.netty.util.ReferenceCountUtil.release(ReferenceCountUtil.java:90)
	at io.netty.util.ReferenceCountUtil.safeRelease(ReferenceCountUtil.java:116)
	at io.netty.channel.ChannelOutboundBuffer.remove(ChannelOutboundBuffer.java:300)
	at io.netty.channel.ChannelOutboundBuffer.removeBytes(ChannelOutboundBuffer.java:382)
	at io.netty.channel.uring.AbstractIoUringStreamChannel$IoUringStreamUnsafe.writeComplete0(AbstractIoUringStreamChannel.java:692)
	at io.netty.channel.uring.IoUringSocketChannel$IoUringSocketUnsafe.writeComplete0(IoUringSocketChannel.java:188)
	at io.netty.channel.uring.AbstractIoUringChannel$AbstractUringUnsafe.writeComplete(AbstractIoUringChannel.java:1003)
	at io.netty.channel.uring.AbstractIoUringChannel$AbstractUringUnsafe.handle(AbstractIoUringChannel.java:474)
	at io.netty.channel.uring.IoUringIoHandler$DefaultIoUringIoRegistration.handle(IoUringIoHandler.java:705)
	at io.netty.channel.uring.IoUringIoHandler.handleFastPath(IoUringIoHandler.java:318)
	at io.netty.channel.uring.IoUringIoHandler.handle(IoUringIoHandler.java:298)
	at io.netty.channel.uring.CompletionQueue.process(CompletionQueue.java:151)
	at io.netty.channel.uring.IoUringIoHandler.processCompletionsAndHandleOverflow(IoUringIoHandler.java:213)
	at io.netty.channel.uring.IoUringIoHandler.run(IoUringIoHandler.java:188)
	at io.netty.channel.SingleThreadIoEventLoop.runIo(SingleThreadIoEventLoop.java:225)
	at io.netty.channel.SingleThreadIoEventLoop.run(SingleThreadIoEventLoop.java:196)
	at io.netty.util.concurrent.SingleThreadEventExecutor$5.run(SingleThreadEventExecutor.java:1204)
	at io.netty.util.internal.ThreadExecutorMap$2.run(ThreadExecutorMap.java:74)
	at io.netty.util.concurrent.FastThreadLocalRunnable.run(FastThreadLocalRunnable.java:30)
	at java.base/java.lang.Thread.run(Thread.java:1583)
00:06:33.217 [multiThreadIoEventLoopGroup-3-3] WARN  io.netty.util.ReferenceCountUtil - Failed to release a message: UnpooledSlicedByteBuf(ridx: 0, widx: 1114, cap: 1114/1114, unwrapped: CycleArenaAllocator$ArenaBuf(ridx: 0, widx: 8192, cap: 8192))
java.lang.IllegalStateException: arena buffer of Thread[#32,multiThreadIoEventLoopGroup-4-3,10,main] touched from Thread[#28,multiThreadIoEventLoopGroup-3-3,10,main] (event-loop arena buffers are thread confined)
	at io.netty.buffer.CycleArenaAllocator$ArenaBuf.violation(CycleArenaAllocator.java:1279)
	at io.netty.buffer.CycleArenaAllocator$ArenaBuf.release(CycleArenaAllocator.java:1208)
	at io.netty.buffer.AbstractDerivedByteBuf.release0(AbstractDerivedByteBuf.java:98)
	at io.netty.buffer.AbstractDerivedByteBuf.release(AbstractDerivedByteBuf.java:94)
	at io.netty.util.ReferenceCountUtil.release(ReferenceCountUtil.java:90)
	at io.netty.util.ReferenceCountUtil.safeRelease(ReferenceCountUtil.java:116)
	at io.netty.channel.ChannelOutboundBuffer.remove(ChannelOutboundBuffer.java:300)
	at io.netty.channel.ChannelOutboundBuffer.removeBytes(ChannelOutboundBuffer.java:382)
	at io.netty.channel.uring.AbstractIoUringStreamChannel$IoUringStreamUnsafe.writeComplete0(AbstractIoUringStreamChannel.java:692)
	at io.netty.channel.uring.IoUringSocketChannel$IoUringSocketUnsafe.writeComplete0(IoUringSocketChannel.java:188)
	at io.netty.channel.uring.AbstractIoUringChannel$AbstractUringUnsafe.writeComplete(AbstractIoUringChannel.java:1003)
	at io.netty.channel.uring.AbstractIoUringChannel$AbstractUringUnsafe.handle(AbstractIoUringChannel.java:474)
	at io.netty.channel.uring.IoUringIoHandler$DefaultIoUringIoRegistration.handle(IoUringIoHandler.java:705)
	at io.netty.channel.uring.IoUringIoHandler.handleFastPath(IoUringIoHandler.java:318)
	at io.netty.channel.uring.IoUringIoHandler.handle(IoUringIoHandler.java:298)
	at io.netty.channel.uring.CompletionQueue.process(CompletionQueue.java:151)
	at io.netty.channel.uring.IoUringIoHandler.processCompletionsAndHandleOverflow(IoUringIoHandler.java:213)
	at io.netty.channel.uring.IoUringIoHandler.run(IoUringIoHandler.java:188)
	at io.netty.channel.SingleThreadIoEventLoop.runIo(SingleThreadIoEventLoop.java:225)
	at io.netty.channel.SingleThreadIoEventLoop.run(SingleThreadIoEventLoop.java:196)
	at io.netty.util.concurrent.SingleThreadEventExecutor$5.run(SingleThreadEventExecutor.java:1204)
	at io.netty.util.internal.ThreadExecutorMap$2.run(ThreadExecutorMap.java:74)
	at io.netty.util.concurrent.FastThreadLocalRunnable.run(FastThreadLocalRunnable.java:30)
	at java.base/java.lang.Thread.run(Thread.java:1583)
00:06:33.217 [multiThreadIoEventLoopGroup-3-2] WARN  i.n.channel.uring.IoUringIoHandler - Unexpected exception in the IO event loop.
java.lang.IllegalStateException: arena buffer of Thread[#30,multiThreadIoEventLoopGroup-4-1,10,main] touched from Thread[#27,multiThreadIoEventLoopGroup-3-2,10,main] (event-loop arena buffers are thread confined)
	at io.netty.buffer.CycleArenaAllocator$ArenaBuf.violation(CycleArenaAllocator.java:1279)
	at io.netty.buffer.CycleArenaAllocator$ArenaBuf.release(CycleArenaAllocator.java:1208)
	at io.netty.buffer.AbstractDerivedByteBuf.release0(AbstractDerivedByteBuf.java:98)
	at io.netty.buffer.AbstractDerivedByteBuf.release(AbstractDerivedByteBuf.java:94)
	at io.netty.channel.uring.IoUringSocketChannel$IoUringSocketUnsafe.handleWriteCompleteZeroCopy(IoUringSocketChannel.java:289)
	at io.netty.channel.uring.IoUringSocketChannel$IoUringSocketUnsafe.writeComplete0(IoUringSocketChannel.java:186)
	at io.netty.channel.uring.AbstractIoUringChannel$AbstractUringUnsafe.writeComplete(AbstractIoUringChannel.java:1003)
	at io.netty.channel.uring.AbstractIoUringChannel$AbstractUringUnsafe.handle(AbstractIoUringChannel.java:474)
	at io.netty.channel.uring.IoUringIoHandler$DefaultIoUringIoRegistration.handle(IoUringIoHandler.java:705)
	at io.netty.channel.uring.IoUringIoHandler.handleFastPath(IoUringIoHandler.java:318)
	at io.netty.channel.uring.IoUringIoHandler.handle(IoUringIoHandler.java:298)
	at io.netty.channel.uring.CompletionQueue.process(CompletionQueue.java:151)
	at io.netty.channel.uring.IoUringIoHandler.processCompletionsAndHandleOverflow(IoUringIoHandler.java:213)
	at io.netty.channel.uring.IoUringIoHandler.run(IoUringIoHandler.java:188)
	at io.netty.channel.SingleThreadIoEventLoop.runIo(SingleThreadIoEventLoop.java:225)
	at io.netty.channel.SingleThreadIoEventLoop.run(SingleThreadIoEventLoop.java:196)
	at io.netty.util.concurrent.SingleThreadEventExecutor$5.run(SingleThreadEventExecutor.java:1204)
	at io.netty.util.internal.ThreadExecutorMap$2.run(ThreadExecutorMap.java:74)
	at io.netty.util.concurrent.FastThreadLocalRunnable.run(FastThreadLocalRunnable.java:30)
	at java.base/java.lang.Thread.run(Thread.java:1583)
00:06:33.217 [multiThreadIoEventLoopGroup-3-4] WARN  io.netty.util.ReferenceCountUtil - Failed to release a message: UnpooledSlicedByteBuf(ridx: 0, widx: 2911, cap: 2911/2911, unwrapped: CycleArenaAllocator$ArenaBuf(ridx: 0, widx: 8192, cap: 8192))
java.lang.IllegalStateException: arena buffer of Thread[#33,multiThreadIoEventLoopGroup-4-4,10,main] touched from Thread[#29,multiThreadIoEventLoopGroup-3-4,10,main] (event-loop arena buffers are thread confined)
	at io.netty.buffer.CycleArenaAllocator$ArenaBuf.violation(CycleArenaAllocator.java:1279)
	at io.netty.buffer.CycleArenaAllocator$ArenaBuf.release(CycleArenaAllocator.java:1208)
	at io.netty.buffer.AbstractDerivedByteBuf.release0(AbstractDerivedByteBuf.java:98)
	at io.netty.buffer.AbstractDerivedByteBuf.release(AbstractDerivedByteBuf.java:94)
	at io.netty.util.ReferenceCountUtil.release(ReferenceCountUtil.java:90)
	at io.netty.util.ReferenceCountUtil.safeRelease(ReferenceCountUtil.java:116)
	at io.netty.channel.ChannelOutboundBuffer.remove(ChannelOutboundBuffer.java:300)
	at io.netty.channel.ChannelOutboundBuffer.removeBytes(ChannelOutboundBuffer.java:382)
	at io.netty.channel.uring.AbstractIoUringStreamChannel$IoUringStreamUnsafe.writeComplete0(AbstractIoUringStreamChannel.java:692)
	at io.netty.channel.uring.IoUringSocketChannel$IoUringSocketUnsafe.writeComplete0(IoUringSocketChannel.java:188)
	at io.netty.channel.uring.AbstractIoUringChannel$AbstractUringUnsafe.writeComplete(AbstractIoUringChannel.java:1003)
	at io.netty.channel.uring.AbstractIoUringChannel$AbstractUringUnsafe.handle(AbstractIoUringChannel.java:474)
	at io.netty.channel.uring.IoUringIoHandler$DefaultIoUringIoRegistration.handle(IoUringIoHandler.java:705)
	at io.netty.channel.uring.IoUringIoHandler.handleFastPath(IoUringIoHandler.java:318)
	at io.netty.channel.uring.IoUringIoHandler.handle(IoUringIoHandler.java:298)
	at io.netty.channel.uring.CompletionQueue.process(CompletionQueue.java:151)
	at io.netty.channel.uring.IoUringIoHandler.processCompletionsAndHandleOverflow(IoUringIoHandler.java:213)
	at io.netty.channel.uring.IoUringIoHandler.run(IoUringIoHandler.java:188)
	at io.netty.channel.SingleThreadIoEventLoop.runIo(SingleThreadIoEventLoop.java:225)
	at io.netty.channel.SingleThreadIoEventLoop.run(SingleThreadIoEventLoop.java:196)
	at io.netty.util.concurrent.SingleThreadEventExecutor$5.run(SingleThreadEventExecutor.java:1204)
	at io.netty.util.internal.ThreadExecutorMap$2.run(ThreadExecutorMap.java:74)
	at io.netty.util.concurrent.FastThreadLocalRunnable.run(FastThreadLocalRunnable.java:30)
	at java.base/java.lang.Thread.run(Thread.java:1583)
00:06:33.217 [multiThreadIoEventLoopGroup-4-2] WARN  i.n.channel.uring.IoUringIoHandler - Unexpected exception in the IO event loop.
java.lang.IllegalStateException: arena buffer of Thread[#27,multiThreadIoEventLoopGroup-3-2,10,main] touched from Thread[#31,multiThreadIoEventLoopGroup-4-2,10,main] (event-loop arena buffers are thread confined)
	at io.netty.buffer.CycleArenaAllocator$ArenaBuf.violation(CycleArenaAllocator.java:1279)
	at io.netty.buffer.CycleArenaAllocator$ArenaBuf.retain(CycleArenaAllocator.java:1182)
	at io.netty.buffer.AbstractDerivedByteBuf.retain0(AbstractDerivedByteBuf.java:58)
	at io.netty.buffer.AbstractDerivedByteBuf.retain(AbstractDerivedByteBuf.java:54)
	at io.netty.channel.uring.IoUringSocketChannel$IoUringSocketUnsafe.handleWriteCompleteZeroCopy(IoUringSocketChannel.java:220)
	at io.netty.channel.uring.IoUringSocketChannel$IoUringSocketUnsafe.writeComplete0(IoUringSocketChannel.java:186)
	at io.netty.channel.uring.AbstractIoUringChannel$AbstractUringUnsafe.writeComplete(AbstractIoUringChannel.java:1003)
	at io.netty.channel.uring.AbstractIoUringChannel$AbstractUringUnsafe.handle(AbstractIoUringChannel.java:474)
	at io.netty.channel.uring.IoUringIoHandler$DefaultIoUringIoRegistration.handle(IoUringIoHandler.java:705)
	at io.netty.channel.uring.IoUringIoHandler.handleFastPath(IoUringIoHandler.java:318)
	at io.netty.channel.uring.IoUringIoHandler.handle(IoUringIoHandler.java:298)
	at io.netty.channel.uring.CompletionQueue.process(CompletionQueue.java:151)
	at io.netty.channel.uring.IoUringIoHandler.processCompletionsAndHandleOverflow(IoUringIoHandler.java:213)
	at io.netty.channel.uring.IoUringIoHandler.run(IoUringIoHandler.java:188)
	at io.netty.channel.SingleThreadIoEventLoop.runIo(SingleThreadIoEventLoop.java:225)
	at io.netty.channel.SingleThreadIoEventLoop.run(SingleThreadIoEventLoop.java:196)
	at io.netty.util.concurrent.SingleThreadEventExecutor$5.run(SingleThreadEventExecutor.java:1204)
	at io.netty.util.internal.ThreadExecutorMap$2.run(ThreadExecutorMap.java:74)
	at io.netty.util.concurrent.FastThreadLocalRunnable.run(FastThreadLocalRunnable.java:30)
	at java.base/java.lang.Thread.run(Thread.java:1583)
00:06:33.217 [multiThreadIoEventLoopGroup-3-4] WARN  i.n.channel.uring.IoUringIoHandler - Unexpected exception in the IO event loop.
java.lang.IllegalStateException: arena buffer of Thread[#30,multiThreadIoEventLoopGroup-4-1,10,main] touched from Thread[#29,multiThreadIoEventLoopGroup-3-4,10,main] (event-loop arena buffers are thread confined)
	at io.netty.buffer.CycleArenaAllocator$ArenaBuf.violation(CycleArenaAllocator.java:1279)
	at io.netty.buffer.CycleArenaAllocator$ArenaBuf.release(CycleArenaAllocator.java:1208)
	at io.netty.buffer.AbstractDerivedByteBuf.release0(AbstractDerivedByteBuf.java:98)
	at io.netty.buffer.AbstractDerivedByteBuf.release(AbstractDerivedByteBuf.java:94)
	at io.netty.channel.uring.IoUringSocketChannel$IoUringSocketUnsafe.handleWriteCompleteZeroCopy(IoUringSocketChannel.java:289)
	at io.netty.channel.uring.IoUringSocketChannel$IoUringSocketUnsafe.writeComplete0(IoUringSocketChannel.java:186)
	at io.netty.channel.uring.AbstractIoUringChannel$AbstractUringUnsafe.writeComplete(AbstractIoUringChannel.java:1003)
	at io.netty.channel.uring.AbstractIoUringChannel$AbstractUringUnsafe.handle(AbstractIoUringChannel.java:474)
	at io.netty.channel.uring.IoUringIoHandler$DefaultIoUringIoRegistration.handle(IoUringIoHandler.java:705)
	at io.netty.channel.uring.IoUringIoHandler.handleFastPath(IoUringIoHandler.java:318)
	at io.netty.channel.uring.IoUringIoHandler.handle(IoUringIoHandler.java:298)
	at io.netty.channel.uring.CompletionQueue.process(CompletionQueue.java:151)
	at io.netty.channel.uring.IoUringIoHandler.processCompletionsAndHandleOverflow(IoUringIoHandler.java:213)
	at io.netty.channel.uring.IoUringIoHandler.run(IoUringIoHandler.java:188)
	at io.netty.channel.SingleThreadIoEventLoop.runIo(SingleThreadIoEventLoop.java:225)
	at io.netty.channel.SingleThreadIoEventLoop.run(SingleThreadIoEventLoop.java:196)
	at io.netty.util.concurrent.SingleThreadEventExecutor$5.run(SingleThreadEventExecutor.java:1204)
	at io.netty.util.internal.ThreadExecutorMap$2.run(ThreadExecutorMap.java:74)
	at io.netty.util.concurrent.FastThreadLocalRunnable.run(FastThreadLocalRunnable.java:30)
	at java.base/java.lang.Thread.run(Thread.java:1583)
00:06:33.218 [multiThreadIoEventLoopGroup-3-3] WARN  i.n.channel.uring.IoUringIoHandler - Unexpected exception in the IO event loop.
java.lang.IllegalStateException: arena buffer of Thread[#31,multiThreadIoEventLoopGroup-4-2,10,main] touched from Thread[#28,multiThreadIoEventLoopGroup-3-3,10,main] (event-loop arena buffers are thread confined)
	at io.netty.buffer.CycleArenaAllocator$ArenaBuf.violation(CycleArenaAllocator.java:1279)
	at io.netty.buffer.CycleArenaAllocator$ArenaBuf.release(CycleArenaAllocator.java:1208)
	at io.netty.buffer.AbstractDerivedByteBuf.release0(AbstractDerivedByteBuf.java:98)
	at io.netty.buffer.AbstractDerivedByteBuf.release(AbstractDerivedByteBuf.java:94)
	at io.netty.channel.uring.IoUringSocketChannel$IoUringSocketUnsafe.handleWriteCompleteZeroCopy(IoUringSocketChannel.java:289)
	at io.netty.channel.uring.IoUringSocketChannel$IoUringSocketUnsafe.writeComplete0(IoUringSocketChannel.java:186)
	at io.netty.channel.uring.AbstractIoUringChannel$AbstractUringUnsafe.writeComplete(AbstractIoUringChannel.java:1003)
	at io.netty.channel.uring.AbstractIoUringChannel$AbstractUringUnsafe.handle(AbstractIoUringChannel.java:474)
	at io.netty.channel.uring.IoUringIoHandler$DefaultIoUringIoRegistration.handle(IoUringIoHandler.java:705)
	at io.netty.channel.uring.IoUringIoHandler.handleFastPath(IoUringIoHandler.java:318)
	at io.netty.channel.uring.IoUringIoHandler.handle(IoUringIoHandler.java:298)
	at io.netty.channel.uring.CompletionQueue.process(CompletionQueue.java:151)
	at io.netty.channel.uring.IoUringIoHandler.processCompletionsAndHandleOverflow(IoUringIoHandler.java:213)
	at io.netty.channel.uring.IoUringIoHandler.run(IoUringIoHandler.java:188)
	at io.netty.channel.SingleThreadIoEventLoop.runIo(SingleThreadIoEventLoop.java:225)
	at io.netty.channel.SingleThreadIoEventLoop.run(SingleThreadIoEventLoop.java:196)
	at io.netty.util.concurrent.SingleThreadEventExecutor$5.run(SingleThreadEventExecutor.java:1204)
	at io.netty.util.internal.ThreadExecutorMap$2.run(ThreadExecutorMap.java:74)
	at io.netty.util.concurrent.FastThreadLocalRunnable.run(FastThreadLocalRunnable.java:30)
	at java.base/java.lang.Thread.run(Thread.java:1583)
00:06:33.317 [multiThreadIoEventLoopGroup-3-1] WARN  io.netty.util.ReferenceCountUtil - Failed to release a message: UnpooledSlicedByteBuf(ridx: 0, widx: 1684, cap: 1684/1684, unwrapped: CycleArenaAllocator$ArenaBuf(ridx: 0, widx: 8192, cap: 8192))
java.lang.IllegalStateException: arena buffer of Thread[#31,multiThreadIoEventLoopGroup-4-2,10,main] touched from Thread[#26,multiThreadIoEventLoopGroup-3-1,10,main] (event-loop arena buffers are thread confined)
	at io.netty.buffer.CycleArenaAllocator$ArenaBuf.violation(CycleArenaAllocator.java:1279)
	at io.netty.buffer.CycleArenaAllocator$ArenaBuf.release(CycleArenaAllocator.java:1208)
	at io.netty.buffer.AbstractDerivedByteBuf.release0(AbstractDerivedByteBuf.java:98)
	at io.netty.buffer.AbstractDerivedByteBuf.release(AbstractDerivedByteBuf.java:94)
	at io.netty.util.ReferenceCountUtil.release(ReferenceCountUtil.java:90)
	at io.netty.util.ReferenceCountUtil.safeRelease(ReferenceCountUtil.java:116)
	at io.netty.channel.ChannelOutboundBuffer.remove(ChannelOutboundBuffer.java:300)
	at io.netty.channel.ChannelOutboundBuffer.removeBytes(ChannelOutboundBuffer.java:382)
	at io.netty.channel.uring.AbstractIoUringStreamChannel$IoUringStreamUnsafe.writeComplete0(AbstractIoUringStreamChannel.java:692)
	at io.netty.channel.uring.IoUringSocketChannel$IoUringSocketUnsafe.writeComplete0(IoUringSocketChannel.java:188)
	at io.netty.channel.uring.AbstractIoUringChannel$AbstractUringUnsafe.writeComplete(AbstractIoUringChannel.java:1003)
	at io.netty.channel.uring.AbstractIoUringChannel$AbstractUringUnsafe.handle(AbstractIoUringChannel.java:474)
	at io.netty.channel.uring.IoUringIoHandler$DefaultIoUringIoRegistration.handle(IoUringIoHandler.java:705)
	at io.netty.channel.uring.IoUringIoHandler.handleFastPath(IoUringIoHandler.java:318)
	at io.netty.channel.uring.IoUringIoHandler.handle(IoUringIoHandler.java:298)
	at io.netty.channel.uring.CompletionQueue.process(CompletionQueue.java:151)
	at io.netty.channel.uring.IoUringIoHandler.processCompletionsAndHandleOverflow(IoUringIoHandler.java:213)
	at io.netty.channel.uring.IoUringIoHandler.run(IoUringIoHandler.java:188)
	at io.netty.channel.SingleThreadIoEventLoop.runIo(SingleThreadIoEventLoop.java:225)
	at io.netty.channel.SingleThreadIoEventLoop.run(SingleThreadIoEventLoop.java:196)
	at io.netty.util.concurrent.SingleThreadEventExecutor$5.run(SingleThreadEventExecutor.java:1204)
	at io.netty.util.internal.ThreadExecutorMap$2.run(ThreadExecutorMap.java:74)
	at io.netty.util.concurrent.FastThreadLocalRunnable.run(FastThreadLocalRunnable.java:30)
	at java.base/java.lang.Thread.run(Thread.java:1583)
00:06:33.317 [multiThreadIoEventLoopGroup-4-2] WARN  i.n.channel.uring.IoUringIoHandler - Unexpected exception in the IO event loop.
java.lang.IllegalStateException: arena buffer of Thread[#27,multiThreadIoEventLoopGroup-3-2,10,main] touched from Thread[#31,multiThreadIoEventLoopGroup-4-2,10,main] (event-loop arena buffers are thread confined)
	at io.netty.buffer.CycleArenaAllocator$ArenaBuf.violation(CycleArenaAllocator.java:1279)
	at io.netty.buffer.CycleArenaAllocator$ArenaBuf.release(CycleArenaAllocator.java:1208)
	at io.netty.buffer.AbstractDerivedByteBuf.release0(AbstractDerivedByteBuf.java:98)
	at io.netty.buffer.AbstractDerivedByteBuf.release(AbstractDerivedByteBuf.java:94)
	at io.netty.channel.uring.IoUringSocketChannel$IoUringSocketUnsafe.handleWriteCompleteZeroCopy(IoUringSocketChannel.java:289)
	at io.netty.channel.uring.IoUringSocketChannel$IoUringSocketUnsafe.writeComplete0(IoUringSocketChannel.java:186)
	at io.netty.channel.uring.AbstractIoUringChannel$AbstractUringUnsafe.writeComplete(AbstractIoUringChannel.java:1003)
	at io.netty.channel.uring.AbstractIoUringChannel$AbstractUringUnsafe.handle(AbstractIoUringChannel.java:474)
	at io.netty.channel.uring.IoUringIoHandler$DefaultIoUringIoRegistration.handle(IoUringIoHandler.java:705)
	at io.netty.channel.uring.IoUringIoHandler.handleFastPath(IoUringIoHandler.java:318)
	at io.netty.channel.uring.IoUringIoHandler.handle(IoUringIoHandler.java:298)
	at io.netty.channel.uring.CompletionQueue.process(CompletionQueue.java:151)
	at io.netty.channel.uring.IoUringIoHandler.processCompletionsAndHandleOverflow(IoUringIoHandler.java:213)
	at io.netty.channel.uring.IoUringIoHandler.run(IoUringIoHandler.java:188)
	at io.netty.channel.SingleThreadIoEventLoop.runIo(SingleThreadIoEventLoop.java:225)
	at io.netty.channel.SingleThreadIoEventLoop.run(SingleThreadIoEventLoop.java:196)
	at io.netty.util.concurrent.SingleThreadEventExecutor$5.run(SingleThreadEventExecutor.java:1204)
	at io.netty.util.internal.ThreadExecutorMap$2.run(ThreadExecutorMap.java:74)
	at io.netty.util.concurrent.FastThreadLocalRunnable.run(FastThreadLocalRunnable.java:30)
	at java.base/java.lang.Thread.run(Thread.java:1583)
00:06:33.317 [multiThreadIoEventLoopGroup-3-4] WARN  i.n.channel.uring.IoUringIoHandler - Unexpected exception in the IO event loop.
java.lang.IllegalStateException: arena buffer of Thread[#33,multiThreadIoEventLoopGroup-4-4,10,main] touched from Thread[#29,multiThreadIoEventLoopGroup-3-4,10,main] (event-loop arena buffers are thread confined)
	at io.netty.buffer.CycleArenaAllocator$ArenaBuf.violation(CycleArenaAllocator.java:1279)
	at io.netty.buffer.CycleArenaAllocator$ArenaBuf.release(CycleArenaAllocator.java:1208)
	at io.netty.buffer.AbstractDerivedByteBuf.release0(AbstractDerivedByteBuf.java:98)
	at io.netty.buffer.AbstractDerivedByteBuf.release(AbstractDerivedByteBuf.java:94)
	at io.netty.channel.uring.IoUringSocketChannel$IoUringSocketUnsafe.handleWriteCompleteZeroCopy(IoUringSocketChannel.java:289)
	at io.netty.channel.uring.IoUringSocketChannel$IoUringSocketUnsafe.writeComplete0(IoUringSocketChannel.java:186)
	at io.netty.channel.uring.AbstractIoUringChannel$AbstractUringUnsafe.writeComplete(AbstractIoUringChannel.java:1003)
	at io.netty.channel.uring.AbstractIoUringChannel$AbstractUringUnsafe.handle(AbstractIoUringChannel.java:474)
	at io.netty.channel.uring.IoUringIoHandler$DefaultIoUringIoRegistration.handle(IoUringIoHandler.java:705)
	at io.netty.channel.uring.IoUringIoHandler.handleFastPath(IoUringIoHandler.java:318)
	at io.netty.channel.uring.IoUringIoHandler.handle(IoUringIoHandler.java:298)
	at io.netty.channel.uring.CompletionQueue.process(CompletionQueue.java:151)
	at io.netty.channel.uring.IoUringIoHandler.processCompletionsAndHandleOverflow(IoUringIoHandler.java:213)
	at io.netty.channel.uring.IoUringIoHandler.run(IoUringIoHandler.java:188)
	at io.netty.channel.SingleThreadIoEventLoop.runIo(SingleThreadIoEventLoop.java:225)
	at io.netty.channel.SingleThreadIoEventLoop.run(SingleThreadIoEventLoop.java:196)
	at io.netty.util.concurrent.SingleThreadEventExecutor$5.run(SingleThreadEventExecutor.java:1204)
	at io.netty.util.internal.ThreadExecutorMap$2.run(ThreadExecutorMap.java:74)
	at io.netty.util.concurrent.FastThreadLocalRunnable.run(FastThreadLocalRunnable.java:30)
	at java.base/java.lang.Thread.run(Thread.java:1583)
00:06:33.317 [multiThreadIoEventLoopGroup-3-2] WARN  i.n.channel.uring.IoUringIoHandler - Unexpected exception in the IO event loop.
java.lang.IllegalStateException: arena buffer of Thread[#33,multiThreadIoEventLoopGroup-4-4,10,main] touched from Thread[#27,multiThreadIoEventLoopGroup-3-2,10,main] (event-loop arena buffers are thread confined)
	at io.netty.buffer.CycleArenaAllocator$ArenaBuf.violation(CycleArenaAllocator.java:1279)
	at io.netty.buffer.CycleArenaAllocator$ArenaBuf.release(CycleArenaAllocator.java:1208)
	at io.netty.buffer.AbstractDerivedByteBuf.release0(AbstractDerivedByteBuf.java:98)
	at io.netty.buffer.AbstractDerivedByteBuf.release(AbstractDerivedByteBuf.java:94)
	at io.netty.channel.uring.IoUringSocketChannel$IoUringSocketUnsafe.handleWriteCompleteZeroCopy(IoUringSocketChannel.java:289)
	at io.netty.channel.uring.IoUringSocketChannel$IoUringSocketUnsafe.writeComplete0(IoUringSocketChannel.java:186)
	at io.netty.channel.uring.AbstractIoUringChannel$AbstractUringUnsafe.writeComplete(AbstractIoUringChannel.java:1003)
	at io.netty.channel.uring.AbstractIoUringChannel$AbstractUringUnsafe.handle(AbstractIoUringChannel.java:474)
	at io.netty.channel.uring.IoUringIoHandler$DefaultIoUringIoRegistration.handle(IoUringIoHandler.java:705)
	at io.netty.channel.uring.IoUringIoHandler.handleFastPath(IoUringIoHandler.java:318)
	at io.netty.channel.uring.IoUringIoHandler.handle(IoUringIoHandler.java:298)
	at io.netty.channel.uring.CompletionQueue.process(CompletionQueue.java:151)
	at io.netty.channel.uring.IoUringIoHandler.processCompletionsAndHandleOverflow(IoUringIoHandler.java:213)
	at io.netty.channel.uring.IoUringIoHandler.run(IoUringIoHandler.java:188)
	at io.netty.channel.SingleThreadIoEventLoop.runIo(SingleThreadIoEventLoop.java:225)
	at io.netty.channel.SingleThreadIoEventLoop.run(SingleThreadIoEventLoop.java:196)
	at io.netty.util.concurrent.SingleThreadEventExecutor$5.run(SingleThreadEventExecutor.java:1204)
	at io.netty.util.internal.ThreadExecutorMap$2.run(ThreadExecutorMap.java:74)
	at io.netty.util.concurrent.FastThreadLocalRunnable.run(FastThreadLocalRunnable.java:30)
	at java.base/java.lang.Thread.run(Thread.java:1583)
00:06:33.317 [multiThreadIoEventLoopGroup-3-1] WARN  io.netty.util.ReferenceCountUtil - Failed to release a message: UnpooledSlicedByteBuf(ridx: 0, widx: 243, cap: 243/243, unwrapped: CycleArenaAllocator$ArenaBuf(ridx: 0, widx: 8192, cap: 8192))
java.lang.IllegalStateException: arena buffer of Thread[#32,multiThreadIoEventLoopGroup-4-3,10,main] touched from Thread[#26,multiThreadIoEventLoopGroup-3-1,10,main] (event-loop arena buffers are thread confined)
	at io.netty.buffer.CycleArenaAllocator$ArenaBuf.violation(CycleArenaAllocator.java:1279)
	at io.netty.buffer.CycleArenaAllocator$ArenaBuf.release(CycleArenaAllocator.java:1208)
	at io.netty.buffer.AbstractDerivedByteBuf.release0(AbstractDerivedByteBuf.java:98)
	at io.netty.buffer.AbstractDerivedByteBuf.release(AbstractDerivedByteBuf.java:94)
	at io.netty.util.ReferenceCountUtil.release(ReferenceCountUtil.java:90)
	at io.netty.util.ReferenceCountUtil.safeRelease(ReferenceCountUtil.java:116)
	at io.netty.channel.ChannelOutboundBuffer.remove(ChannelOutboundBuffer.java:300)
	at io.netty.channel.ChannelOutboundBuffer.removeBytes(ChannelOutboundBuffer.java:382)
	at io.netty.channel.uring.AbstractIoUringStreamChannel$IoUringStreamUnsafe.writeComplete0(AbstractIoUringStreamChannel.java:692)
	at io.netty.channel.uring.IoUringSocketChannel$IoUringSocketUnsafe.writeComplete0(IoUringSocketChannel.java:188)
	at io.netty.channel.uring.AbstractIoUringChannel$AbstractUringUnsafe.writeComplete(AbstractIoUringChannel.java:1003)
	at io.netty.channel.uring.AbstractIoUringChannel$AbstractUringUnsafe.handle(AbstractIoUringChannel.java:474)
	at io.netty.channel.uring.IoUringIoHandler$DefaultIoUringIoRegistration.handle(IoUringIoHandler.java:705)
	at io.netty.channel.uring.IoUringIoHandler.handleFastPath(IoUringIoHandler.java:318)
	at io.netty.channel.uring.IoUringIoHandler.handle(IoUringIoHandler.java:298)
	at io.netty.channel.uring.CompletionQueue.process(CompletionQueue.java:151)
	at io.netty.channel.uring.IoUringIoHandler.processCompletionsAndHandleOverflow(IoUringIoHandler.java:213)
	at io.netty.channel.uring.IoUringIoHandler.run(IoUringIoHandler.java:188)
	at io.netty.channel.SingleThreadIoEventLoop.runIo(SingleThreadIoEventLoop.java:225)
	at io.netty.channel.SingleThreadIoEventLoop.run(SingleThreadIoEventLoop.java:196)
	at io.netty.util.concurrent.SingleThreadEventExecutor$5.run(SingleThreadEventExecutor.java:1204)
	at io.netty.util.internal.ThreadExecutorMap$2.run(ThreadExecutorMap.java:74)
	at io.netty.util.concurrent.FastThreadLocalRunnable.run(FastThreadLocalRunnable.java:30)
	at java.base/java.lang.Thread.run(Thread.java:1583)
00:06:33.317 [multiThreadIoEventLoopGroup-4-1] WARN  io.netty.util.ReferenceCountUtil - Failed to release a message: UnpooledSlicedByteBuf(ridx: 0, widx: 2215, cap: 2215/2215, unwrapped: CycleArenaAllocator$ArenaBuf(ridx: 0, widx: 8192, cap: 8192))
java.lang.IllegalStateException: arena buffer of Thread[#27,multiThreadIoEventLoopGroup-3-2,10,main] touched from Thread[#30,multiThreadIoEventLoopGroup-4-1,10,main] (event-loop arena buffers are thread confined)
	at io.netty.buffer.CycleArenaAllocator$ArenaBuf.violation(CycleArenaAllocator.java:1279)
	at io.netty.buffer.CycleArenaAllocator$ArenaBuf.release(CycleArenaAllocator.java:1208)
	at io.netty.buffer.AbstractDerivedByteBuf.release0(AbstractDerivedByteBuf.java:98)
	at io.netty.buffer.AbstractDerivedByteBuf.release(AbstractDerivedByteBuf.java:94)
	at io.netty.util.ReferenceCountUtil.release(ReferenceCountUtil.java:90)
	at io.netty.util.ReferenceCountUtil.safeRelease(ReferenceCountUtil.java:116)
	at io.netty.channel.ChannelOutboundBuffer.remove(ChannelOutboundBuffer.java:300)
	at io.netty.channel.ChannelOutboundBuffer.removeBytes(ChannelOutboundBuffer.java:382)
	at io.netty.channel.uring.AbstractIoUringStreamChannel$IoUringStreamUnsafe.writeComplete0(AbstractIoUringStreamChannel.java:692)
	at io.netty.channel.uring.IoUringSocketChannel$IoUringSocketUnsafe.writeComplete0(IoUringSocketChannel.java:188)
	at io.netty.channel.uring.AbstractIoUringChannel$AbstractUringUnsafe.writeComplete(AbstractIoUringChannel.java:1003)
	at io.netty.channel.uring.AbstractIoUringChannel$AbstractUringUnsafe.handle(AbstractIoUringChannel.java:474)
	at io.netty.channel.uring.IoUringIoHandler$DefaultIoUringIoRegistration.handle(IoUringIoHandler.java:705)
	at io.netty.channel.uring.IoUringIoHandler.handleFastPath(IoUringIoHandler.java:318)
	at io.netty.channel.uring.IoUringIoHandler.handle(IoUringIoHandler.java:298)
	at io.netty.channel.uring.CompletionQueue.process(CompletionQueue.java:151)
	at io.netty.channel.uring.IoUringIoHandler.processCompletionsAndHandleOverflow(IoUringIoHandler.java:213)
	at io.netty.channel.uring.IoUringIoHandler.run(IoUringIoHandler.java:188)
	at io.netty.channel.SingleThreadIoEventLoop.runIo(SingleThreadIoEventLoop.java:225)
	at io.netty.channel.SingleThreadIoEventLoop.run(SingleThreadIoEventLoop.java:196)
	at io.netty.util.concurrent.SingleThreadEventExecutor$5.run(SingleThreadEventExecutor.java:1204)
	at io.netty.util.internal.ThreadExecutorMap$2.run(ThreadExecutorMap.java:74)
	at io.netty.util.concurrent.FastThreadLocalRunnable.run(FastThreadLocalRunnable.java:30)
	at java.base/java.lang.Thread.run(Thread.java:1583)
00:06:33.317 [multiThreadIoEventLoopGroup-3-1] WARN  i.n.channel.uring.IoUringIoHandler - Unexpected exception in the IO event loop.
java.lang.IllegalStateException: arena buffer of Thread[#33,multiThreadIoEventLoopGroup-4-4,10,main] touched from Thread[#26,multiThreadIoEventLoopGroup-3-1,10,main] (event-loop arena buffers are thread confined)
	at io.netty.buffer.CycleArenaAllocator$ArenaBuf.violation(CycleArenaAllocator.java:1279)
	at io.netty.buffer.CycleArenaAllocator$ArenaBuf.release(CycleArenaAllocator.java:1208)
	at io.netty.buffer.AbstractDerivedByteBuf.release0(AbstractDerivedByteBuf.java:98)
	at io.netty.buffer.AbstractDerivedByteBuf.release(AbstractDerivedByteBuf.java:94)
	at io.netty.channel.uring.IoUringSocketChannel$IoUringSocketUnsafe.handleWriteCompleteZeroCopy(IoUringSocketChannel.java:289)
	at io.netty.channel.uring.IoUringSocketChannel$IoUringSocketUnsafe.writeComplete0(IoUringSocketChannel.java:186)
	at io.netty.channel.uring.AbstractIoUringChannel$AbstractUringUnsafe.writeComplete(AbstractIoUringChannel.java:1003)
	at io.netty.channel.uring.AbstractIoUringChannel$AbstractUringUnsafe.handle(AbstractIoUringChannel.java:474)
	at io.netty.channel.uring.IoUringIoHandler$DefaultIoUringIoRegistration.handle(IoUringIoHandler.java:705)
	at io.netty.channel.uring.IoUringIoHandler.handleFastPath(IoUringIoHandler.java:318)
	at io.netty.channel.uring.IoUringIoHandler.handle(IoUringIoHandler.java:298)
	at io.netty.channel.uring.CompletionQueue.process(CompletionQueue.java:151)
	at io.netty.channel.uring.IoUringIoHandler.processCompletionsAndHandleOverflow(IoUringIoHandler.java:213)
	at io.netty.channel.uring.IoUringIoHandler.run(IoUringIoHandler.java:188)
	at io.netty.channel.SingleThreadIoEventLoop.runIo(SingleThreadIoEventLoop.java:225)
	at io.netty.channel.SingleThreadIoEventLoop.run(SingleThreadIoEventLoop.java:196)
	at io.netty.util.concurrent.SingleThreadEventExecutor$5.run(SingleThreadEventExecutor.java:1204)
	at io.netty.util.internal.ThreadExecutorMap$2.run(ThreadExecutorMap.java:74)
	at io.netty.util.concurrent.FastThreadLocalRunnable.run(FastThreadLocalRunnable.java:30)
	at java.base/java.lang.Thread.run(Thread.java:1583)
00:06:33.317 [multiThreadIoEventLoopGroup-4-1] WARN  i.n.channel.uring.IoUringIoHandler - Unexpected exception in the IO event loop.
java.lang.IllegalStateException: arena buffer of Thread[#29,multiThreadIoEventLoopGroup-3-4,10,main] touched from Thread[#30,multiThreadIoEventLoopGroup-4-1,10,main] (event-loop arena buffers are thread confined)
	at io.netty.buffer.CycleArenaAllocator$ArenaBuf.violation(CycleArenaAllocator.java:1279)
	at io.netty.buffer.CycleArenaAllocator$ArenaBuf.retain(CycleArenaAllocator.java:1182)
	at io.netty.buffer.AbstractDerivedByteBuf.retain0(AbstractDerivedByteBuf.java:58)
	at io.netty.buffer.AbstractDerivedByteBuf.retain(AbstractDerivedByteBuf.java:54)
	at io.netty.channel.uring.IoUringSocketChannel$IoUringSocketUnsafe.handleWriteCompleteZeroCopy(IoUringSocketChannel.java:220)
	at io.netty.channel.uring.IoUringSocketChannel$IoUringSocketUnsafe.writeComplete0(IoUringSocketChannel.java:186)
	at io.netty.channel.uring.AbstractIoUringChannel$AbstractUringUnsafe.writeComplete(AbstractIoUringChannel.java:1003)
	at io.netty.channel.uring.AbstractIoUringChannel$AbstractUringUnsafe.handle(AbstractIoUringChannel.java:474)
	at io.netty.channel.uring.IoUringIoHandler$DefaultIoUringIoRegistration.handle(IoUringIoHandler.java:705)
	at io.netty.channel.uring.IoUringIoHandler.handleFastPath(IoUringIoHandler.java:318)
	at io.netty.channel.uring.IoUringIoHandler.handle(IoUringIoHandler.java:298)
	at io.netty.channel.uring.CompletionQueue.process(CompletionQueue.java:151)
	at io.netty.channel.uring.IoUringIoHandler.processCompletionsAndHandleOverflow(IoUringIoHandler.java:213)
	at io.netty.channel.uring.IoUringIoHandler.run(IoUringIoHandler.java:188)
	at io.netty.channel.SingleThreadIoEventLoop.runIo(SingleThreadIoEventLoop.java:225)
	at io.netty.channel.SingleThreadIoEventLoop.run(SingleThreadIoEventLoop.java:196)
	at io.netty.util.concurrent.SingleThreadEventExecutor$5.run(SingleThreadEventExecutor.java:1204)
	at io.netty.util.internal.ThreadExecutorMap$2.run(ThreadExecutorMap.java:74)
	at io.netty.util.concurrent.FastThreadLocalRunnable.run(FastThreadLocalRunnable.java:30)
	at java.base/java.lang.Thread.run(Thread.java:1583)
00:06:33.318 [multiThreadIoEventLoopGroup-3-3] WARN  i.n.channel.uring.IoUringIoHandler - Unexpected exception in the IO event loop.
java.lang.IllegalStateException: arena buffer of Thread[#31,multiThreadIoEventLoopGroup-4-2,10,main] touched from Thread[#28,multiThreadIoEventLoopGroup-3-3,10,main] (event-loop arena buffers are thread confined)
	at io.netty.buffer.CycleArenaAllocator$ArenaBuf.violation(CycleArenaAllocator.java:1279)
	at io.netty.buffer.CycleArenaAllocator$ArenaBuf.release(CycleArenaAllocator.java:1208)
	at io.netty.buffer.AbstractDerivedByteBuf.release0(AbstractDerivedByteBuf.java:98)
	at io.netty.buffer.AbstractDerivedByteBuf.release(AbstractDerivedByteBuf.java:94)
	at io.netty.channel.uring.IoUringSocketChannel$IoUringSocketUnsafe.handleWriteCompleteZeroCopy(IoUringSocketChannel.java:289)
	at io.netty.channel.uring.IoUringSocketChannel$IoUringSocketUnsafe.writeComplete0(IoUringSocketChannel.java:186)
	at io.netty.channel.uring.AbstractIoUringChannel$AbstractUringUnsafe.writeComplete(AbstractIoUringChannel.java:1003)
	at io.netty.channel.uring.AbstractIoUringChannel$AbstractUringUnsafe.handle(AbstractIoUringChannel.java:474)
	at io.netty.channel.uring.IoUringIoHandler$DefaultIoUringIoRegistration.handle(IoUringIoHandler.java:705)
	at io.netty.channel.uring.IoUringIoHandler.handleFastPath(IoUringIoHandler.java:318)
	at io.netty.channel.uring.IoUringIoHandler.handle(IoUringIoHandler.java:298)
	at io.netty.channel.uring.CompletionQueue.process(CompletionQueue.java:151)
	at io.netty.channel.uring.IoUringIoHandler.processCompletionsAndHandleOverflow(IoUringIoHandler.java:213)
	at io.netty.channel.uring.IoUringIoHandler.run(IoUringIoHandler.java:188)
	at io.netty.channel.SingleThreadIoEventLoop.runIo(SingleThreadIoEventLoop.java:225)
	at io.netty.channel.SingleThreadIoEventLoop.run(SingleThreadIoEventLoop.java:196)
	at io.netty.util.concurrent.SingleThreadEventExecutor$5.run(SingleThreadEventExecutor.java:1204)
	at io.netty.util.internal.ThreadExecutorMap$2.run(ThreadExecutorMap.java:74)
	at io.netty.util.concurrent.FastThreadLocalRunnable.run(FastThreadLocalRunnable.java:30)
	at java.base/java.lang.Thread.run(Thread.java:1583)
00:06:33.417 [multiThreadIoEventLoopGroup-4-2] WARN  i.n.channel.uring.IoUringIoHandler - Unexpected exception in the IO event loop.
java.lang.IllegalStateException: arena buffer of Thread[#28,multiThreadIoEventLoopGroup-3-3,10,main] touched from Thread[#31,multiThreadIoEventLoopGroup-4-2,10,main] (event-loop arena buffers are thread confined)
	at io.netty.buffer.CycleArenaAllocator$ArenaBuf.violation(CycleArenaAllocator.java:1279)
	at io.netty.buffer.CycleArenaAllocator$ArenaBuf.retain(CycleArenaAllocator.java:1182)
	at io.netty.buffer.AbstractDerivedByteBuf.retain0(AbstractDerivedByteBuf.java:58)
	at io.netty.buffer.AbstractDerivedByteBuf.retain(AbstractDerivedByteBuf.java:54)
	at io.netty.channel.uring.IoUringSocketChannel$IoUringSocketUnsafe.handleWriteCompleteZeroCopy(IoUringSocketChannel.java:220)
	at io.netty.channel.uring.IoUringSocketChannel$IoUringSocketUnsafe.writeComplete0(IoUringSocketChannel.java:186)
	at io.netty.channel.uring.AbstractIoUringChannel$AbstractUringUnsafe.writeComplete(AbstractIoUringChannel.java:1003)
	at io.netty.channel.uring.AbstractIoUringChannel$AbstractUringUnsafe.handle(AbstractIoUringChannel.java:474)
	at io.netty.channel.uring.IoUringIoHandler$DefaultIoUringIoRegistration.handle(IoUringIoHandler.java:705)
	at io.netty.channel.uring.IoUringIoHandler.handleFastPath(IoUringIoHandler.java:318)
	at io.netty.channel.uring.IoUringIoHandler.handle(IoUringIoHandler.java:298)
	at io.netty.channel.uring.CompletionQueue.process(CompletionQueue.java:151)
	at io.netty.channel.uring.IoUringIoHandler.processCompletionsAndHandleOverflow(IoUringIoHandler.java:213)
	at io.netty.channel.uring.IoUringIoHandler.run(IoUringIoHandler.java:188)
	at io.netty.channel.SingleThreadIoEventLoop.runIo(SingleThreadIoEventLoop.java:225)
	at io.netty.channel.SingleThreadIoEventLoop.run(SingleThreadIoEventLoop.java:196)
	at io.netty.util.concurrent.SingleThreadEventExecutor$5.run(SingleThreadEventExecutor.java:1204)
	at io.netty.util.internal.ThreadExecutorMap$2.run(ThreadExecutorMap.java:74)
	at io.netty.util.concurrent.FastThreadLocalRunnable.run(FastThreadLocalRunnable.java:30)
	at java.base/java.lang.Thread.run(Thread.java:1583)
00:06:33.417 [multiThreadIoEventLoopGroup-3-4] WARN  i.n.channel.uring.IoUringIoHandler - Unexpected exception in the IO event loop.
java.lang.IllegalStateException: arena buffer of Thread[#33,multiThreadIoEventLoopGroup-4-4,10,main] touched from Thread[#29,multiThreadIoEventLoopGroup-3-4,10,main] (event-loop arena buffers are thread confined)
	at io.netty.buffer.CycleArenaAllocator$ArenaBuf.violation(CycleArenaAllocator.java:1279)
	at io.netty.buffer.CycleArenaAllocator$ArenaBuf.release(CycleArenaAllocator.java:1208)
	at io.netty.buffer.AbstractDerivedByteBuf.release0(AbstractDerivedByteBuf.java:98)
	at io.netty.buffer.AbstractDerivedByteBuf.release(AbstractDerivedByteBuf.java:94)
	at io.netty.channel.uring.IoUringSocketChannel$IoUringSocketUnsafe.handleWriteCompleteZeroCopy(IoUringSocketChannel.java:289)
	at io.netty.channel.uring.IoUringSocketChannel$IoUringSocketUnsafe.writeComplete0(IoUringSocketChannel.java:186)
	at io.netty.channel.uring.AbstractIoUringChannel$AbstractUringUnsafe.writeComplete(AbstractIoUringChannel.java:1003)
	at io.netty.channel.uring.AbstractIoUringChannel$AbstractUringUnsafe.handle(AbstractIoUringChannel.java:474)
	at io.netty.channel.uring.IoUringIoHandler$DefaultIoUringIoRegistration.handle(IoUringIoHandler.java:705)
	at io.netty.channel.uring.IoUringIoHandler.handleFastPath(IoUringIoHandler.java:318)
	at io.netty.channel.uring.IoUringIoHandler.handle(IoUringIoHandler.java:298)
	at io.netty.channel.uring.CompletionQueue.process(CompletionQueue.java:151)
	at io.netty.channel.uring.IoUringIoHandler.processCompletionsAndHandleOverflow(IoUringIoHandler.java:213)
	at io.netty.channel.uring.IoUringIoHandler.run(IoUringIoHandler.java:188)
	at io.netty.channel.SingleThreadIoEventLoop.runIo(SingleThreadIoEventLoop.java:225)
	at io.netty.channel.SingleThreadIoEventLoop.run(SingleThreadIoEventLoop.java:196)
	at io.netty.util.concurrent.SingleThreadEventExecutor$5.run(SingleThreadEventExecutor.java:1204)
	at io.netty.util.internal.ThreadExecutorMap$2.run(ThreadExecutorMap.java:74)
	at io.netty.util.concurrent.FastThreadLocalRunnable.run(FastThreadLocalRunnable.java:30)
	at java.base/java.lang.Thread.run(Thread.java:1583)
00:06:33.417 [multiThreadIoEventLoopGroup-3-2] WARN  i.n.channel.uring.IoUringIoHandler - Unexpected exception in the IO event loop.
java.lang.IllegalStateException: arena buffer of Thread[#33,multiThreadIoEventLoopGroup-4-4,10,main] touched from Thread[#27,multiThreadIoEventLoopGroup-3-2,10,main] (event-loop arena buffers are thread confined)
	at io.netty.buffer.CycleArenaAllocator$ArenaBuf.violation(CycleArenaAllocator.java:1279)
	at io.netty.buffer.CycleArenaAllocator$ArenaBuf.release(CycleArenaAllocator.java:1208)
	at io.netty.buffer.AbstractDerivedByteBuf.release0(AbstractDerivedByteBuf.java:98)
	at io.netty.buffer.AbstractDerivedByteBuf.release(AbstractDerivedByteBuf.java:94)
	at io.netty.channel.uring.IoUringSocketChannel$IoUringSocketUnsafe.handleWriteCompleteZeroCopy(IoUringSocketChannel.java:289)
	at io.netty.channel.uring.IoUringSocketChannel$IoUringSocketUnsafe.writeComplete0(IoUringSocketChannel.java:186)
	at io.netty.channel.uring.AbstractIoUringChannel$AbstractUringUnsafe.writeComplete(AbstractIoUringChannel.java:1003)
	at io.netty.channel.uring.AbstractIoUringChannel$AbstractUringUnsafe.handle(AbstractIoUringChannel.java:474)
	at io.netty.channel.uring.IoUringIoHandler$DefaultIoUringIoRegistration.handle(IoUringIoHandler.java:705)
	at io.netty.channel.uring.IoUringIoHandler.handleFastPath(IoUringIoHandler.java:318)
	at io.netty.channel.uring.IoUringIoHandler.handle(IoUringIoHandler.java:298)
	at io.netty.channel.uring.CompletionQueue.process(CompletionQueue.java:151)
	at io.netty.channel.uring.IoUringIoHandler.processCompletionsAndHandleOverflow(IoUringIoHandler.java:213)
	at io.netty.channel.uring.IoUringIoHandler.run(IoUringIoHandler.java:188)
	at io.netty.channel.SingleThreadIoEventLoop.runIo(SingleThreadIoEventLoop.java:225)
	at io.netty.channel.SingleThreadIoEventLoop.run(SingleThreadIoEventLoop.java:196)
	at io.netty.util.concurrent.SingleThreadEventExecutor$5.run(SingleThreadEventExecutor.java:1204)
	at io.netty.util.internal.ThreadExecutorMap$2.run(ThreadExecutorMap.java:74)
	at io.netty.util.concurrent.FastThreadLocalRunnable.run(FastThreadLocalRunnable.java:30)
	at java.base/java.lang.Thread.run(Thread.java:1583)
00:06:33.418 [multiThreadIoEventLoopGroup-3-1] WARN  i.n.channel.uring.IoUringIoHandler - Unexpected exception in the IO event loop.
java.lang.IllegalStateException: arena buffer of Thread[#33,multiThreadIoEventLoopGroup-4-4,10,main] touched from Thread[#26,multiThreadIoEventLoopGroup-3-1,10,main] (event-loop arena buffers are thread confined)
	at io.netty.buffer.CycleArenaAllocator$ArenaBuf.violation(CycleArenaAllocator.java:1279)
	at io.netty.buffer.CycleArenaAllocator$ArenaBuf.release(CycleArenaAllocator.java:1208)
	at io.netty.buffer.AbstractDerivedByteBuf.release0(AbstractDerivedByteBuf.java:98)
	at io.netty.buffer.AbstractDerivedByteBuf.release(AbstractDerivedByteBuf.java:94)
	at io.netty.channel.uring.IoUringSocketChannel$IoUringSocketUnsafe.handleWriteCompleteZeroCopy(IoUringSocketChannel.java:289)
	at io.netty.channel.uring.IoUringSocketChannel$IoUringSocketUnsafe.writeComplete0(IoUringSocketChannel.java:186)
	at io.netty.channel.uring.AbstractIoUringChannel$AbstractUringUnsafe.writeComplete(AbstractIoUringChannel.java:1003)
	at io.netty.channel.uring.AbstractIoUringChannel$AbstractUringUnsafe.handle(AbstractIoUringChannel.java:474)
	at io.netty.channel.uring.IoUringIoHandler$DefaultIoUringIoRegistration.handle(IoUringIoHandler.java:705)
	at io.netty.channel.uring.IoUringIoHandler.handleFastPath(IoUringIoHandler.java:318)
	at io.netty.channel.uring.IoUringIoHandler.handle(IoUringIoHandler.java:298)
	at io.netty.channel.uring.CompletionQueue.process(CompletionQueue.java:151)
	at io.netty.channel.uring.IoUringIoHandler.processCompletionsAndHandleOverflow(IoUringIoHandler.java:213)
	at io.netty.channel.uring.IoUringIoHandler.run(IoUringIoHandler.java:188)
	at io.netty.channel.SingleThreadIoEventLoop.runIo(SingleThreadIoEventLoop.java:225)
	at io.netty.channel.SingleThreadIoEventLoop.run(SingleThreadIoEventLoop.java:196)
	at io.netty.util.concurrent.SingleThreadEventExecutor$5.run(SingleThreadEventExecutor.java:1204)
	at io.netty.util.internal.ThreadExecutorMap$2.run(ThreadExecutorMap.java:74)
	at io.netty.util.concurrent.FastThreadLocalRunnable.run(FastThreadLocalRunnable.java:30)
	at java.base/java.lang.Thread.run(Thread.java:1583)
00:06:33.418 [multiThreadIoEventLoopGroup-4-1] WARN  io.netty.util.ReferenceCountUtil - Failed to release a message: UnpooledSlicedByteBuf(ridx: 0, widx: 1980, cap: 1980/1980, unwrapped: CycleArenaAllocator$ArenaBuf(ridx: 0, widx: 1980, cap: 8192))
java.lang.IllegalStateException: arena buffer of Thread[#27,multiThreadIoEventLoopGroup-3-2,10,main] touched from Thread[#30,multiThreadIoEventLoopGroup-4-1,10,main] (event-loop arena buffers are thread confined)
	at io.netty.buffer.CycleArenaAllocator$ArenaBuf.violation(CycleArenaAllocator.java:1279)
	at io.netty.buffer.CycleArenaAllocator$ArenaBuf.release(CycleArenaAllocator.java:1208)
	at io.netty.buffer.AbstractDerivedByteBuf.release0(AbstractDerivedByteBuf.java:98)
	at io.netty.buffer.AbstractDerivedByteBuf.release(AbstractDerivedByteBuf.java:94)
	at io.netty.util.ReferenceCountUtil.release(ReferenceCountUtil.java:90)
	at io.netty.util.ReferenceCountUtil.safeRelease(ReferenceCountUtil.java:116)
	at io.netty.channel.ChannelOutboundBuffer.remove(ChannelOutboundBuffer.java:300)
	at io.netty.channel.ChannelOutboundBuffer.removeBytes(ChannelOutboundBuffer.java:382)
	at io.netty.channel.uring.AbstractIoUringStreamChannel$IoUringStreamUnsafe.writeComplete0(AbstractIoUringStreamChannel.java:692)
	at io.netty.channel.uring.IoUringSocketChannel$IoUringSocketUnsafe.writeComplete0(IoUringSocketChannel.java:188)
	at io.netty.channel.uring.AbstractIoUringChannel$AbstractUringUnsafe.writeComplete(AbstractIoUringChannel.java:1003)
	at io.netty.channel.uring.AbstractIoUringChannel$AbstractUringUnsafe.handle(AbstractIoUringChannel.java:474)
	at io.netty.channel.uring.IoUringIoHandler$DefaultIoUringIoRegistration.handle(IoUringIoHandler.java:705)
	at io.netty.channel.uring.IoUringIoHandler.handleFastPath(IoUringIoHandler.java:318)
	at io.netty.channel.uring.IoUringIoHandler.handle(IoUringIoHandler.java:298)
	at io.netty.channel.uring.CompletionQueue.process(CompletionQueue.java:151)
	at io.netty.channel.uring.IoUringIoHandler.processCompletionsAndHandleOverflow(IoUringIoHandler.java:213)
	at io.netty.channel.uring.IoUringIoHandler.run(IoUringIoHandler.java:188)
	at io.netty.channel.SingleThreadIoEventLoop.runIo(SingleThreadIoEventLoop.java:225)
	at io.netty.channel.SingleThreadIoEventLoop.run(SingleThreadIoEventLoop.java:196)
	at io.netty.util.concurrent.SingleThreadEventExecutor$5.run(SingleThreadEventExecutor.java:1204)
	at io.netty.util.internal.ThreadExecutorMap$2.run(ThreadExecutorMap.java:74)
	at io.netty.util.concurrent.FastThreadLocalRunnable.run(FastThreadLocalRunnable.java:30)
	at java.base/java.lang.Thread.run(Thread.java:1583)
00:06:33.418 [multiThreadIoEventLoopGroup-4-1] WARN  i.n.channel.uring.IoUringIoHandler - Unexpected exception in the IO event loop.
java.lang.IllegalStateException: arena buffer of Thread[#29,multiThreadIoEventLoopGroup-3-4,10,main] touched from Thread[#30,multiThreadIoEventLoopGroup-4-1,10,main] (event-loop arena buffers are thread confined)
	at io.netty.buffer.CycleArenaAllocator$ArenaBuf.violation(CycleArenaAllocator.java:1279)
	at io.netty.buffer.CycleArenaAllocator$ArenaBuf.release(CycleArenaAllocator.java:1208)
	at io.netty.buffer.AbstractDerivedByteBuf.release0(AbstractDerivedByteBuf.java:98)
	at io.netty.buffer.AbstractDerivedByteBuf.release(AbstractDerivedByteBuf.java:94)
	at io.netty.channel.uring.IoUringSocketChannel$IoUringSocketUnsafe.handleWriteCompleteZeroCopy(IoUringSocketChannel.java:289)
	at io.netty.channel.uring.IoUringSocketChannel$IoUringSocketUnsafe.writeComplete0(IoUringSocketChannel.java:186)
	at io.netty.channel.uring.AbstractIoUringChannel$AbstractUringUnsafe.writeComplete(AbstractIoUringChannel.java:1003)
	at io.netty.channel.uring.AbstractIoUringChannel$AbstractUringUnsafe.handle(AbstractIoUringChannel.java:474)
	at io.netty.channel.uring.IoUringIoHandler$DefaultIoUringIoRegistration.handle(IoUringIoHandler.java:705)
	at io.netty.channel.uring.IoUringIoHandler.handleFastPath(IoUringIoHandler.java:318)
	at io.netty.channel.uring.IoUringIoHandler.handle(IoUringIoHandler.java:298)
	at io.netty.channel.uring.CompletionQueue.process(CompletionQueue.java:151)
	at io.netty.channel.uring.IoUringIoHandler.processCompletionsAndHandleOverflow(IoUringIoHandler.java:213)
	at io.netty.channel.uring.IoUringIoHandler.run(IoUringIoHandler.java:188)
	at io.netty.channel.SingleThreadIoEventLoop.runIo(SingleThreadIoEventLoop.java:225)
	at io.netty.channel.SingleThreadIoEventLoop.run(SingleThreadIoEventLoop.java:196)
	at io.netty.util.concurrent.SingleThreadEventExecutor$5.run(SingleThreadEventExecutor.java:1204)
	at io.netty.util.internal.ThreadExecutorMap$2.run(ThreadExecutorMap.java:74)
	at io.netty.util.concurrent.FastThreadLocalRunnable.run(FastThreadLocalRunnable.java:30)
	at java.base/java.lang.Thread.run(Thread.java:1583)
00:06:33.418 [multiThreadIoEventLoopGroup-3-3] WARN  i.n.channel.uring.IoUringIoHandler - Unexpected exception in the IO event loop.
java.lang.IllegalStateException: arena buffer of Thread[#31,multiThreadIoEventLoopGroup-4-2,10,main] touched from Thread[#28,multiThreadIoEventLoopGroup-3-3,10,main] (event-loop arena buffers are thread confined)
	at io.netty.buffer.CycleArenaAllocator$ArenaBuf.violation(CycleArenaAllocator.java:1279)
	at io.netty.buffer.CycleArenaAllocator$ArenaBuf.release(CycleArenaAllocator.java:1208)
	at io.netty.buffer.AbstractDerivedByteBuf.release0(AbstractDerivedByteBuf.java:98)
	at io.netty.buffer.AbstractDerivedByteBuf.release(AbstractDerivedByteBuf.java:94)
	at io.netty.channel.uring.IoUringSocketChannel$IoUringSocketUnsafe.handleWriteCompleteZeroCopy(IoUringSocketChannel.java:289)
	at io.netty.channel.uring.IoUringSocketChannel$IoUringSocketUnsafe.writeComplete0(IoUringSocketChannel.java:186)
	at io.netty.channel.uring.AbstractIoUringChannel$AbstractUringUnsafe.writeComplete(AbstractIoUringChannel.java:1003)
	at io.netty.channel.uring.AbstractIoUringChannel$AbstractUringUnsafe.handle(AbstractIoUringChannel.java:474)
	at io.netty.channel.uring.IoUringIoHandler$DefaultIoUringIoRegistration.handle(IoUringIoHandler.java:705)
	at io.netty.channel.uring.IoUringIoHandler.handleFastPath(IoUringIoHandler.java:318)
	at io.netty.channel.uring.IoUringIoHandler.handle(IoUringIoHandler.java:298)
	at io.netty.channel.uring.CompletionQueue.process(CompletionQueue.java:151)
	at io.netty.channel.uring.IoUringIoHandler.processCompletionsAndHandleOverflow(IoUringIoHandler.java:213)
	at io.netty.channel.uring.IoUringIoHandler.run(IoUringIoHandler.java:188)
	at io.netty.channel.SingleThreadIoEventLoop.runIo(SingleThreadIoEventLoop.java:225)
	at io.netty.channel.SingleThreadIoEventLoop.run(SingleThreadIoEventLoop.java:196)
	at io.netty.util.concurrent.SingleThreadEventExecutor$5.run(SingleThreadEventExecutor.java:1204)
	at io.netty.util.internal.ThreadExecutorMap$2.run(ThreadExecutorMap.java:74)
	at io.netty.util.concurrent.FastThreadLocalRunnable.run(FastThreadLocalRunnable.java:30)
	at java.base/java.lang.Thread.run(Thread.java:1583)
00:06:33.518 [multiThreadIoEventLoopGroup-4-2] WARN  i.n.channel.uring.IoUringIoHandler - Unexpected exception in the IO event loop.
java.lang.IllegalStateException: arena buffer of Thread[#28,multiThreadIoEventLoopGroup-3-3,10,main] touched from Thread[#31,multiThreadIoEventLoopGroup-4-2,10,main] (event-loop arena buffers are thread confined)
	at io.netty.buffer.CycleArenaAllocator$ArenaBuf.violation(CycleArenaAllocator.java:1279)
	at io.netty.buffer.CycleArenaAllocator$ArenaBuf.release(CycleArenaAllocator.java:1208)
	at io.netty.buffer.AbstractDerivedByteBuf.release0(AbstractDerivedByteBuf.java:98)
	at io.netty.buffer.AbstractDerivedByteBuf.release(AbstractDerivedByteBuf.java:94)
	at io.netty.channel.uring.IoUringSocketChannel$IoUringSocketUnsafe.handleWriteCompleteZeroCopy(IoUringSocketChannel.java:289)
	at io.netty.channel.uring.IoUringSocketChannel$IoUringSocketUnsafe.writeComplete0(IoUringSocketChannel.java:186)
	at io.netty.channel.uring.AbstractIoUringChannel$AbstractUringUnsafe.writeComplete(AbstractIoUringChannel.java:1003)
	at io.netty.channel.uring.AbstractIoUringChannel$AbstractUringUnsafe.handle(AbstractIoUringChannel.java:474)
	at io.netty.channel.uring.IoUringIoHandler$DefaultIoUringIoRegistration.handle(IoUringIoHandler.java:705)
	at io.netty.channel.uring.IoUringIoHandler.handleFastPath(IoUringIoHandler.java:318)
	at io.netty.channel.uring.IoUringIoHandler.handle(IoUringIoHandler.java:298)
	at io.netty.channel.uring.CompletionQueue.process(CompletionQueue.java:151)
	at io.netty.channel.uring.IoUringIoHandler.processCompletionsAndHandleOverflow(IoUringIoHandler.java:213)
	at io.netty.channel.uring.IoUringIoHandler.run(IoUringIoHandler.java:188)
	at io.netty.channel.SingleThreadIoEventLoop.runIo(SingleThreadIoEventLoop.java:225)
	at io.netty.channel.SingleThreadIoEventLoop.run(SingleThreadIoEventLoop.java:196)
	at io.netty.util.concurrent.SingleThreadEventExecutor$5.run(SingleThreadEventExecutor.java:1204)
	at io.netty.util.internal.ThreadExecutorMap$2.run(ThreadExecutorMap.java:74)
	at io.netty.util.concurrent.FastThreadLocalRunnable.run(FastThreadLocalRunnable.java:30)
	at java.base/java.lang.Thread.run(Thread.java:1583)
00:06:33.518 [multiThreadIoEventLoopGroup-3-2] WARN  io.netty.util.ReferenceCountUtil - Failed to release a message: UnpooledSlicedByteBuf(ridx: 0, widx: 2094, cap: 2094/2094, unwrapped: CycleArenaAllocator$ArenaBuf(ridx: 0, widx: 8192, cap: 8192))
java.lang.IllegalStateException: arena buffer of Thread[#30,multiThreadIoEventLoopGroup-4-1,10,main] touched from Thread[#27,multiThreadIoEventLoopGroup-3-2,10,main] (event-loop arena buffers are thread confined)
	at io.netty.buffer.CycleArenaAllocator$ArenaBuf.violation(CycleArenaAllocator.java:1279)
	at io.netty.buffer.CycleArenaAllocator$ArenaBuf.release(CycleArenaAllocator.java:1208)
	at io.netty.buffer.AbstractDerivedByteBuf.release0(AbstractDerivedByteBuf.java:98)
	at io.netty.buffer.AbstractDerivedByteBuf.release(AbstractDerivedByteBuf.java:94)
	at io.netty.util.ReferenceCountUtil.release(ReferenceCountUtil.java:90)
	at io.netty.util.ReferenceCountUtil.safeRelease(ReferenceCountUtil.java:116)
	at io.netty.channel.ChannelOutboundBuffer.remove(ChannelOutboundBuffer.java:300)
	at io.netty.channel.ChannelOutboundBuffer.removeBytes(ChannelOutboundBuffer.java:382)
	at io.netty.channel.uring.AbstractIoUringStreamChannel$IoUringStreamUnsafe.writeComplete0(AbstractIoUringStreamChannel.java:692)
	at io.netty.channel.uring.IoUringSocketChannel$IoUringSocketUnsafe.writeComplete0(IoUringSocketChannel.java:188)
	at io.netty.channel.uring.AbstractIoUringChannel$AbstractUringUnsafe.writeComplete(AbstractIoUringChannel.java:1003)
	at io.netty.channel.uring.AbstractIoUringChannel$AbstractUringUnsafe.handle(AbstractIoUringChannel.java:474)
	at io.netty.channel.uring.IoUringIoHandler$DefaultIoUringIoRegistration.handle(IoUringIoHandler.java:705)
	at io.netty.channel.uring.IoUringIoHandler.handleFastPath(IoUringIoHandler.java:318)
	at io.netty.channel.uring.IoUringIoHandler.handle(IoUringIoHandler.java:298)
	at io.netty.channel.uring.CompletionQueue.process(CompletionQueue.java:151)
	at io.netty.channel.uring.IoUringIoHandler.processCompletionsAndHandleOverflow(IoUringIoHandler.java:213)
	at io.netty.channel.uring.IoUringIoHandler.run(IoUringIoHandler.java:188)
	at io.netty.channel.SingleThreadIoEventLoop.runIo(SingleThreadIoEventLoop.java:225)
	at io.netty.channel.SingleThreadIoEventLoop.run(SingleThreadIoEventLoop.java:196)
	at io.netty.util.concurrent.SingleThreadEventExecutor$5.run(SingleThreadEventExecutor.java:1204)
	at io.netty.util.internal.ThreadExecutorMap$2.run(ThreadExecutorMap.java:74)
	at io.netty.util.concurrent.FastThreadLocalRunnable.run(FastThreadLocalRunnable.java:30)
	at java.base/java.lang.Thread.run(Thread.java:1583)
00:06:33.518 [multiThreadIoEventLoopGroup-3-2] WARN  io.netty.util.ReferenceCountUtil - Failed to release a message: UnpooledSlicedByteBuf(ridx: 0, widx: 1546, cap: 1546/1546, unwrapped: CycleArenaAllocator$ArenaBuf(ridx: 0, widx: 8192, cap: 8192))
java.lang.IllegalStateException: arena buffer of Thread[#31,multiThreadIoEventLoopGroup-4-2,10,main] touched from Thread[#27,multiThreadIoEventLoopGroup-3-2,10,main] (event-loop arena buffers are thread confined)
	at io.netty.buffer.CycleArenaAllocator$ArenaBuf.violation(CycleArenaAllocator.java:1279)
	at io.netty.buffer.CycleArenaAllocator$ArenaBuf.release(CycleArenaAllocator.java:1208)
	at io.netty.buffer.AbstractDerivedByteBuf.release0(AbstractDerivedByteBuf.java:98)
	at io.netty.buffer.AbstractDerivedByteBuf.release(AbstractDerivedByteBuf.java:94)
	at io.netty.util.ReferenceCountUtil.release(ReferenceCountUtil.java:90)
	at io.netty.util.ReferenceCountUtil.safeRelease(ReferenceCountUtil.java:116)
	at io.netty.channel.ChannelOutboundBuffer.remove(ChannelOutboundBuffer.java:300)
	at io.netty.channel.ChannelOutboundBuffer.removeBytes(ChannelOutboundBuffer.java:382)
	at io.netty.channel.uring.AbstractIoUringStreamChannel$IoUringStreamUnsafe.writeComplete0(AbstractIoUringStreamChannel.java:692)
	at io.netty.channel.uring.IoUringSocketChannel$IoUringSocketUnsafe.writeComplete0(IoUringSocketChannel.java:188)
	at io.netty.channel.uring.AbstractIoUringChannel$AbstractUringUnsafe.writeComplete(AbstractIoUringChannel.java:1003)
	at io.netty.channel.uring.AbstractIoUringChannel$AbstractUringUnsafe.handle(AbstractIoUringChannel.java:474)
	at io.netty.channel.uring.IoUringIoHandler$DefaultIoUringIoRegistration.handle(IoUringIoHandler.java:705)
	at io.netty.channel.uring.IoUringIoHandler.handleFastPath(IoUringIoHandler.java:318)
	at io.netty.channel.uring.IoUringIoHandler.handle(IoUringIoHandler.java:298)
	at io.netty.channel.uring.CompletionQueue.process(CompletionQueue.java:151)
	at io.netty.channel.uring.IoUringIoHandler.processCompletionsAndHandleOverflow(IoUringIoHandler.java:213)
	at io.netty.channel.uring.IoUringIoHandler.run(IoUringIoHandler.java:188)
	at io.netty.channel.SingleThreadIoEventLoop.runIo(SingleThreadIoEventLoop.java:225)
	at io.netty.channel.SingleThreadIoEventLoop.run(SingleThreadIoEventLoop.java:196)
	at io.netty.util.concurrent.SingleThreadEventExecutor$5.run(SingleThreadEventExecutor.java:1204)
	at io.netty.util.internal.ThreadExecutorMap$2.run(ThreadExecutorMap.java:74)
	at io.netty.util.concurrent.FastThreadLocalRunnable.run(FastThreadLocalRunnable.java:30)
	at java.base/java.lang.Thread.run(Thread.java:1583)
00:06:33.518 [multiThreadIoEventLoopGroup-3-4] WARN  io.netty.util.ReferenceCountUtil - Failed to release a message: UnpooledSlicedByteBuf(ridx: 0, widx: 871, cap: 871/871, unwrapped: CycleArenaAllocator$ArenaBuf(ridx: 0, widx: 8192, cap: 8192))
java.lang.IllegalStateException: arena buffer of Thread[#33,multiThreadIoEventLoopGroup-4-4,10,main] touched from Thread[#29,multiThreadIoEventLoopGroup-3-4,10,main] (event-loop arena buffers are thread confined)
	at io.netty.buffer.CycleArenaAllocator$ArenaBuf.violation(CycleArenaAllocator.java:1279)
	at io.netty.buffer.CycleArenaAllocator$ArenaBuf.release(CycleArenaAllocator.java:1208)
	at io.netty.buffer.AbstractDerivedByteBuf.release0(AbstractDerivedByteBuf.java:98)
	at io.netty.buffer.AbstractDerivedByteBuf.release(AbstractDerivedByteBuf.java:94)
	at io.netty.util.ReferenceCountUtil.release(ReferenceCountUtil.java:90)
	at io.netty.util.ReferenceCountUtil.safeRelease(ReferenceCountUtil.java:116)
	at io.netty.channel.ChannelOutboundBuffer.remove(ChannelOutboundBuffer.java:300)
	at io.netty.channel.ChannelOutboundBuffer.removeBytes(ChannelOutboundBuffer.java:382)
	at io.netty.channel.uring.AbstractIoUringStreamChannel$IoUringStreamUnsafe.writeComplete0(AbstractIoUringStreamChannel.java:692)
	at io.netty.channel.uring.IoUringSocketChannel$IoUringSocketUnsafe.writeComplete0(IoUringSocketChannel.java:188)
	at io.netty.channel.uring.AbstractIoUringChannel$AbstractUringUnsafe.writeComplete(AbstractIoUringChannel.java:1003)
	at io.netty.channel.uring.AbstractIoUringChannel$AbstractUringUnsafe.handle(AbstractIoUringChannel.java:474)
	at io.netty.channel.uring.IoUringIoHandler$DefaultIoUringIoRegistration.handle(IoUringIoHandler.java:705)
	at io.netty.channel.uring.IoUringIoHandler.handleFastPath(IoUringIoHandler.java:318)
	at io.netty.channel.uring.IoUringIoHandler.handle(IoUringIoHandler.java:298)
	at io.netty.channel.uring.CompletionQueue.process(CompletionQueue.java:151)
	at io.netty.channel.uring.IoUringIoHandler.processCompletionsAndHandleOverflow(IoUringIoHandler.java:213)
	at io.netty.channel.uring.IoUringIoHandler.run(IoUringIoHandler.java:188)
	at io.netty.channel.SingleThreadIoEventLoop.runIo(SingleThreadIoEventLoop.java:225)
	at io.netty.channel.SingleThreadIoEventLoop.run(SingleThreadIoEventLoop.java:196)
	at io.netty.util.concurrent.SingleThreadEventExecutor$5.run(SingleThreadEventExecutor.java:1204)
	at io.netty.util.internal.ThreadExecutorMap$2.run(ThreadExecutorMap.java:74)
	at io.netty.util.concurrent.FastThreadLocalRunnable.run(FastThreadLocalRunnable.java:30)
	at java.base/java.lang.Thread.run(Thread.java:1583)
00:06:33.518 [multiThreadIoEventLoopGroup-3-1] WARN  i.n.channel.uring.IoUringIoHandler - Unexpected exception in the IO event loop.
java.lang.IllegalStateException: arena buffer of Thread[#33,multiThreadIoEventLoopGroup-4-4,10,main] touched from Thread[#26,multiThreadIoEventLoopGroup-3-1,10,main] (event-loop arena buffers are thread confined)
	at io.netty.buffer.CycleArenaAllocator$ArenaBuf.violation(CycleArenaAllocator.java:1279)
	at io.netty.buffer.CycleArenaAllocator$ArenaBuf.release(CycleArenaAllocator.java:1208)
	at io.netty.buffer.AbstractDerivedByteBuf.release0(AbstractDerivedByteBuf.java:98)
	at io.netty.buffer.AbstractDerivedByteBuf.release(AbstractDerivedByteBuf.java:94)
	at io.netty.channel.uring.IoUringSocketChannel$IoUringSocketUnsafe.handleWriteCompleteZeroCopy(IoUringSocketChannel.java:289)
	at io.netty.channel.uring.IoUringSocketChannel$IoUringSocketUnsafe.writeComplete0(IoUringSocketChannel.java:186)
	at io.netty.channel.uring.AbstractIoUringChannel$AbstractUringUnsafe.writeComplete(AbstractIoUringChannel.java:1003)
	at io.netty.channel.uring.AbstractIoUringChannel$AbstractUringUnsafe.handle(AbstractIoUringChannel.java:474)
	at io.netty.channel.uring.IoUringIoHandler$DefaultIoUringIoRegistration.handle(IoUringIoHandler.java:705)
	at io.netty.channel.uring.IoUringIoHandler.handleFastPath(IoUringIoHandler.java:318)
	at io.netty.channel.uring.IoUringIoHandler.handle(IoUringIoHandler.java:298)
	at io.netty.channel.uring.CompletionQueue.process(CompletionQueue.java:151)
	at io.netty.channel.uring.IoUringIoHandler.processCompletionsAndHandleOverflow(IoUringIoHandler.java:213)
	at io.netty.channel.uring.IoUringIoHandler.run(IoUringIoHandler.java:188)
	at io.netty.channel.SingleThreadIoEventLoop.runIo(SingleThreadIoEventLoop.java:225)
	at io.netty.channel.SingleThreadIoEventLoop.run(SingleThreadIoEventLoop.java:196)
	at io.netty.util.concurrent.SingleThreadEventExecutor$5.run(SingleThreadEventExecutor.java:1204)
	at io.netty.util.internal.ThreadExecutorMap$2.run(ThreadExecutorMap.java:74)
	at io.netty.util.concurrent.FastThreadLocalRunnable.run(FastThreadLocalRunnable.java:30)
	at java.base/java.lang.Thread.run(Thread.java:1583)
00:06:33.518 [multiThreadIoEventLoopGroup-3-2] WARN  io.netty.util.ReferenceCountUtil - Failed to release a message: UnpooledSlicedByteBuf(ridx: 0, widx: 2519, cap: 2519/2519, unwrapped: CycleArenaAllocator$ArenaBuf(ridx: 0, widx: 7056, cap: 8192))
java.lang.IllegalStateException: arena buffer of Thread[#33,multiThreadIoEventLoopGroup-4-4,10,main] touched from Thread[#27,multiThreadIoEventLoopGroup-3-2,10,main] (event-loop arena buffers are thread confined)
	at io.netty.buffer.CycleArenaAllocator$ArenaBuf.violation(CycleArenaAllocator.java:1279)
	at io.netty.buffer.CycleArenaAllocator$ArenaBuf.release(CycleArenaAllocator.java:1208)
	at io.netty.buffer.AbstractDerivedByteBuf.release0(AbstractDerivedByteBuf.java:98)
	at io.netty.buffer.AbstractDerivedByteBuf.release(AbstractDerivedByteBuf.java:94)
	at io.netty.util.ReferenceCountUtil.release(ReferenceCountUtil.java:90)
	at io.netty.util.ReferenceCountUtil.safeRelease(ReferenceCountUtil.java:116)
	at io.netty.channel.ChannelOutboundBuffer.remove(ChannelOutboundBuffer.java:300)
	at io.netty.channel.ChannelOutboundBuffer.removeBytes(ChannelOutboundBuffer.java:382)
	at io.netty.channel.uring.AbstractIoUringStreamChannel$IoUringStreamUnsafe.writeComplete0(AbstractIoUringStreamChannel.java:692)
	at io.netty.channel.uring.IoUringSocketChannel$IoUringSocketUnsafe.writeComplete0(IoUringSocketChannel.java:188)
	at io.netty.channel.uring.AbstractIoUringChannel$AbstractUringUnsafe.writeComplete(AbstractIoUringChannel.java:1003)
	at io.netty.channel.uring.AbstractIoUringChannel$AbstractUringUnsafe.handle(AbstractIoUringChannel.java:474)
	at io.netty.channel.uring.IoUringIoHandler$DefaultIoUringIoRegistration.handle(IoUringIoHandler.java:705)
	at io.netty.channel.uring.IoUringIoHandler.handleFastPath(IoUringIoHandler.java:318)
	at io.netty.channel.uring.IoUringIoHandler.handle(IoUringIoHandler.java:298)
	at io.netty.channel.uring.CompletionQueue.process(CompletionQueue.java:151)
	at io.netty.channel.uring.IoUringIoHandler.processCompletionsAndHandleOverflow(IoUringIoHandler.java:213)
	at io.netty.channel.uring.IoUringIoHandler.run(IoUringIoHandler.java:188)
	at io.netty.channel.SingleThreadIoEventLoop.runIo(SingleThreadIoEventLoop.java:225)
	at io.netty.channel.SingleThreadIoEventLoop.run(SingleThreadIoEventLoop.java:196)
	at io.netty.util.concurrent.SingleThreadEventExecutor$5.run(SingleThreadEventExecutor.java:1204)
	at io.netty.util.internal.ThreadExecutorMap$2.run(ThreadExecutorMap.java:74)
	at io.netty.util.concurrent.FastThreadLocalRunnable.run(FastThreadLocalRunnable.java:30)
	at java.base/java.lang.Thread.run(Thread.java:1583)
00:06:33.518 [multiThreadIoEventLoopGroup-4-4] WARN  io.netty.util.ReferenceCountUtil - Failed to release a message: UnpooledSlicedByteBuf(ridx: 0, widx: 2215, cap: 2215/2215, unwrapped: CycleArenaAllocator$ArenaBuf(ridx: 0, widx: 8192, cap: 8192))
java.lang.IllegalStateException: arena buffer of Thread[#26,multiThreadIoEventLoopGroup-3-1,10,main] touched from Thread[#33,multiThreadIoEventLoopGroup-4-4,10,main] (event-loop arena buffers are thread confined)
	at io.netty.buffer.CycleArenaAllocator$ArenaBuf.violation(CycleArenaAllocator.java:1279)
	at io.netty.buffer.CycleArenaAllocator$ArenaBuf.release(CycleArenaAllocator.java:1208)
	at io.netty.buffer.AbstractDerivedByteBuf.release0(AbstractDerivedByteBuf.java:98)
	at io.netty.buffer.AbstractDerivedByteBuf.release(AbstractDerivedByteBuf.java:94)
	at io.netty.util.ReferenceCountUtil.release(ReferenceCountUtil.java:90)
	at io.netty.util.ReferenceCountUtil.safeRelease(ReferenceCountUtil.java:116)
	at io.netty.channel.ChannelOutboundBuffer.remove(ChannelOutboundBuffer.java:300)
	at io.netty.channel.ChannelOutboundBuffer.removeBytes(ChannelOutboundBuffer.java:382)
	at io.netty.channel.uring.AbstractIoUringStreamChannel$IoUringStreamUnsafe.writeComplete0(AbstractIoUringStreamChannel.java:692)
	at io.netty.channel.uring.IoUringSocketChannel$IoUringSocketUnsafe.writeComplete0(IoUringSocketChannel.java:188)
	at io.netty.channel.uring.AbstractIoUringChannel$AbstractUringUnsafe.writeComplete(AbstractIoUringChannel.java:1003)
	at io.netty.channel.uring.AbstractIoUringChannel$AbstractUringUnsafe.handle(AbstractIoUringChannel.java:474)
	at io.netty.channel.uring.IoUringIoHandler$DefaultIoUringIoRegistration.handle(IoUringIoHandler.java:705)
	at io.netty.channel.uring.IoUringIoHandler.handleFastPath(IoUringIoHandler.java:318)
	at io.netty.channel.uring.IoUringIoHandler.handle(IoUringIoHandler.java:298)
	at io.netty.channel.uring.CompletionQueue.process(CompletionQueue.java:151)
	at io.netty.channel.uring.IoUringIoHandler.processCompletionsAndHandleOverflow(IoUringIoHandler.java:213)
	at io.netty.channel.uring.IoUringIoHandler.run(IoUringIoHandler.java:188)
	at io.netty.channel.SingleThreadIoEventLoop.runIo(SingleThreadIoEventLoop.java:225)
	at io.netty.channel.SingleThreadIoEventLoop.run(SingleThreadIoEventLoop.java:196)
	at io.netty.util.concurrent.SingleThreadEventExecutor$5.run(SingleThreadEventExecutor.java:1204)
	at io.netty.util.internal.ThreadExecutorMap$2.run(ThreadExecutorMap.java:74)
	at io.netty.util.concurrent.FastThreadLocalRunnable.run(FastThreadLocalRunnable.java:30)
	at java.base/java.lang.Thread.run(Thread.java:1583)
00:06:33.518 [multiThreadIoEventLoopGroup-3-4] WARN  io.netty.util.ReferenceCountUtil - Failed to release a message: UnpooledSlicedByteBuf(ridx: 0, widx: 1753, cap: 1753/1753, unwrapped: CycleArenaAllocator$ArenaBuf(ridx: 0, widx: 8192, cap: 8192))
java.lang.IllegalStateException: arena buffer of Thread[#33,multiThreadIoEventLoopGroup-4-4,10,main] touched from Thread[#29,multiThreadIoEventLoopGroup-3-4,10,main] (event-loop arena buffers are thread confined)
	at io.netty.buffer.CycleArenaAllocator$ArenaBuf.violation(CycleArenaAllocator.java:1279)
	at io.netty.buffer.CycleArenaAllocator$ArenaBuf.release(CycleArenaAllocator.java:1208)
	at io.netty.buffer.AbstractDerivedByteBuf.release0(AbstractDerivedByteBuf.java:98)
	at io.netty.buffer.AbstractDerivedByteBuf.release(AbstractDerivedByteBuf.java:94)
	at io.netty.util.ReferenceCountUtil.release(ReferenceCountUtil.java:90)
	at io.netty.util.ReferenceCountUtil.safeRelease(ReferenceCountUtil.java:116)
	at io.netty.channel.ChannelOutboundBuffer.remove(ChannelOutboundBuffer.java:300)
	at io.netty.channel.ChannelOutboundBuffer.removeBytes(ChannelOutboundBuffer.java:382)
	at io.netty.channel.uring.AbstractIoUringStreamChannel$IoUringStreamUnsafe.writeComplete0(AbstractIoUringStreamChannel.java:692)
	at io.netty.channel.uring.IoUringSocketChannel$IoUringSocketUnsafe.writeComplete0(IoUringSocketChannel.java:188)
	at io.netty.channel.uring.AbstractIoUringChannel$AbstractUringUnsafe.writeComplete(AbstractIoUringChannel.java:1003)
	at io.netty.channel.uring.AbstractIoUringChannel$AbstractUringUnsafe.handle(AbstractIoUringChannel.java:474)
	at io.netty.channel.uring.IoUringIoHandler$DefaultIoUringIoRegistration.handle(IoUringIoHandler.java:705)
	at io.netty.channel.uring.IoUringIoHandler.handleFastPath(IoUringIoHandler.java:318)
	at io.netty.channel.uring.IoUringIoHandler.handle(IoUringIoHandler.java:298)
	at io.netty.channel.uring.CompletionQueue.process(CompletionQueue.java:151)
	at io.netty.channel.uring.IoUringIoHandler.processCompletionsAndHandleOverflow(IoUringIoHandler.java:213)
	at io.netty.channel.uring.IoUringIoHandler.run(IoUringIoHandler.java:188)
	at io.netty.channel.SingleThreadIoEventLoop.runIo(SingleThreadIoEventLoop.java:225)
	at io.netty.channel.SingleThreadIoEventLoop.run(SingleThreadIoEventLoop.java:196)
	at io.netty.util.concurrent.SingleThreadEventExecutor$5.run(SingleThreadEventExecutor.java:1204)
	at io.netty.util.internal.ThreadExecutorMap$2.run(ThreadExecutorMap.java:74)
	at io.netty.util.concurrent.FastThreadLocalRunnable.run(FastThreadLocalRunnable.java:30)
	at java.base/java.lang.Thread.run(Thread.java:1583)
00:06:33.518 [multiThreadIoEventLoopGroup-3-4] WARN  io.netty.util.ReferenceCountUtil - Failed to release a message: UnpooledSlicedByteBuf(ridx: 0, widx: 3517, cap: 3517/3517, unwrapped: CycleArenaAllocator$ArenaBuf(ridx: 0, widx: 8192, cap: 8192))
java.lang.IllegalStateException: arena buffer of Thread[#33,multiThreadIoEventLoopGroup-4-4,10,main] touched from Thread[#29,multiThreadIoEventLoopGroup-3-4,10,main] (event-loop arena buffers are thread confined)
	at io.netty.buffer.CycleArenaAllocator$ArenaBuf.violation(CycleArenaAllocator.java:1279)
	at io.netty.buffer.CycleArenaAllocator$ArenaBuf.release(CycleArenaAllocator.java:1208)
	at io.netty.buffer.AbstractDerivedByteBuf.release0(AbstractDerivedByteBuf.java:98)
	at io.netty.buffer.AbstractDerivedByteBuf.release(AbstractDerivedByteBuf.java:94)
	at io.netty.util.ReferenceCountUtil.release(ReferenceCountUtil.java:90)
	at io.netty.util.ReferenceCountUtil.safeRelease(ReferenceCountUtil.java:116)
	at io.netty.channel.ChannelOutboundBuffer.remove(ChannelOutboundBuffer.java:300)
	at io.netty.channel.ChannelOutboundBuffer.removeBytes(ChannelOutboundBuffer.java:382)
	at io.netty.channel.uring.AbstractIoUringStreamChannel$IoUringStreamUnsafe.writeComplete0(AbstractIoUringStreamChannel.java:692)
	at io.netty.channel.uring.IoUringSocketChannel$IoUringSocketUnsafe.writeComplete0(IoUringSocketChannel.java:188)
	at io.netty.channel.uring.AbstractIoUringChannel$AbstractUringUnsafe.writeComplete(AbstractIoUringChannel.java:1003)
	at io.netty.channel.uring.AbstractIoUringChannel$AbstractUringUnsafe.handle(AbstractIoUringChannel.java:474)
	at io.netty.channel.uring.IoUringIoHandler$DefaultIoUringIoRegistration.handle(IoUringIoHandler.java:705)
	at io.netty.channel.uring.IoUringIoHandler.handleFastPath(IoUringIoHandler.java:318)
	at io.netty.channel.uring.IoUringIoHandler.handle(IoUringIoHandler.java:298)
	at io.netty.channel.uring.CompletionQueue.process(CompletionQueue.java:151)
	at io.netty.channel.uring.IoUringIoHandler.processCompletionsAndHandleOverflow(IoUringIoHandler.java:213)
	at io.netty.channel.uring.IoUringIoHandler.run(IoUringIoHandler.java:188)
	at io.netty.channel.SingleThreadIoEventLoop.runIo(SingleThreadIoEventLoop.java:225)
	at io.netty.channel.SingleThreadIoEventLoop.run(SingleThreadIoEventLoop.java:196)
	at io.netty.util.concurrent.SingleThreadEventExecutor$5.run(SingleThreadEventExecutor.java:1204)
	at io.netty.util.internal.ThreadExecutorMap$2.run(ThreadExecutorMap.java:74)
	at io.netty.util.concurrent.FastThreadLocalRunnable.run(FastThreadLocalRunnable.java:30)
	at java.base/java.lang.Thread.run(Thread.java:1583)
00:06:33.518 [multiThreadIoEventLoopGroup-4-4] WARN  io.netty.util.ReferenceCountUtil - Failed to release a message: UnpooledSlicedByteBuf(ridx: 0, widx: 1980, cap: 1980/1980, unwrapped: CycleArenaAllocator$ArenaBuf(ridx: 0, widx: 1980, cap: 8192))
java.lang.IllegalStateException: arena buffer of Thread[#26,multiThreadIoEventLoopGroup-3-1,10,main] touched from Thread[#33,multiThreadIoEventLoopGroup-4-4,10,main] (event-loop arena buffers are thread confined)
	at io.netty.buffer.CycleArenaAllocator$ArenaBuf.violation(CycleArenaAllocator.java:1279)
	at io.netty.buffer.CycleArenaAllocator$ArenaBuf.release(CycleArenaAllocator.java:1208)
	at io.netty.buffer.AbstractDerivedByteBuf.release0(AbstractDerivedByteBuf.java:98)
	at io.netty.buffer.AbstractDerivedByteBuf.release(AbstractDerivedByteBuf.java:94)
	at io.netty.util.ReferenceCountUtil.release(ReferenceCountUtil.java:90)
	at io.netty.util.ReferenceCountUtil.safeRelease(ReferenceCountUtil.java:116)
	at io.netty.channel.ChannelOutboundBuffer.remove(ChannelOutboundBuffer.java:300)
	at io.netty.channel.ChannelOutboundBuffer.removeBytes(ChannelOutboundBuffer.java:382)
	at io.netty.channel.uring.AbstractIoUringStreamChannel$IoUringStreamUnsafe.writeComplete0(AbstractIoUringStreamChannel.java:692)
	at io.netty.channel.uring.IoUringSocketChannel$IoUringSocketUnsafe.writeComplete0(IoUringSocketChannel.java:188)
	at io.netty.channel.uring.AbstractIoUringChannel$AbstractUringUnsafe.writeComplete(AbstractIoUringChannel.java:1003)
	at io.netty.channel.uring.AbstractIoUringChannel$AbstractUringUnsafe.handle(AbstractIoUringChannel.java:474)
	at io.netty.channel.uring.IoUringIoHandler$DefaultIoUringIoRegistration.handle(IoUringIoHandler.java:705)
	at io.netty.channel.uring.IoUringIoHandler.handleFastPath(IoUringIoHandler.java:318)
	at io.netty.channel.uring.IoUringIoHandler.handle(IoUringIoHandler.java:298)
	at io.netty.channel.uring.CompletionQueue.process(CompletionQueue.java:151)
	at io.netty.channel.uring.IoUringIoHandler.processCompletionsAndHandleOverflow(IoUringIoHandler.java:213)
	at io.netty.channel.uring.IoUringIoHandler.run(IoUringIoHandler.java:188)
	at io.netty.channel.SingleThreadIoEventLoop.runIo(SingleThreadIoEventLoop.java:225)
	at io.netty.channel.SingleThreadIoEventLoop.run(SingleThreadIoEventLoop.java:196)
	at io.netty.util.concurrent.SingleThreadEventExecutor$5.run(SingleThreadEventExecutor.java:1204)
	at io.netty.util.internal.ThreadExecutorMap$2.run(ThreadExecutorMap.java:74)
	at io.netty.util.concurrent.FastThreadLocalRunnable.run(FastThreadLocalRunnable.java:30)
	at java.base/java.lang.Thread.run(Thread.java:1583)
00:06:33.518 [multiThreadIoEventLoopGroup-3-4] WARN  i.n.channel.uring.IoUringIoHandler - Unexpected exception in the IO event loop.
java.lang.IllegalStateException: arena buffer of Thread[#33,multiThreadIoEventLoopGroup-4-4,10,main] touched from Thread[#29,multiThreadIoEventLoopGroup-3-4,10,main] (event-loop arena buffers are thread confined)
	at io.netty.buffer.CycleArenaAllocator$ArenaBuf.violation(CycleArenaAllocator.java:1279)
	at io.netty.buffer.CycleArenaAllocator$ArenaBuf.retain(CycleArenaAllocator.java:1182)
	at io.netty.buffer.AbstractDerivedByteBuf.retain0(AbstractDerivedByteBuf.java:58)
	at io.netty.buffer.AbstractDerivedByteBuf.retain(AbstractDerivedByteBuf.java:54)
	at io.netty.channel.uring.IoUringSocketChannel$IoUringSocketUnsafe.handleWriteCompleteZeroCopy(IoUringSocketChannel.java:220)
	at io.netty.channel.uring.IoUringSocketChannel$IoUringSocketUnsafe.writeComplete0(IoUringSocketChannel.java:186)
	at io.netty.channel.uring.AbstractIoUringChannel$AbstractUringUnsafe.writeComplete(AbstractIoUringChannel.java:1003)
	at io.netty.channel.uring.AbstractIoUringChannel$AbstractUringUnsafe.handle(AbstractIoUringChannel.java:474)
	at io.netty.channel.uring.IoUringIoHandler$DefaultIoUringIoRegistration.handle(IoUringIoHandler.java:705)
	at io.netty.channel.uring.IoUringIoHandler.handleFastPath(IoUringIoHandler.java:318)
	at io.netty.channel.uring.IoUringIoHandler.handle(IoUringIoHandler.java:298)
	at io.netty.channel.uring.CompletionQueue.process(CompletionQueue.java:151)
	at io.netty.channel.uring.IoUringIoHandler.processCompletionsAndHandleOverflow(IoUringIoHandler.java:213)
	at io.netty.channel.uring.IoUringIoHandler.run(IoUringIoHandler.java:188)
	at io.netty.channel.SingleThreadIoEventLoop.runIo(SingleThreadIoEventLoop.java:225)
	at io.netty.channel.SingleThreadIoEventLoop.run(SingleThreadIoEventLoop.java:196)
	at io.netty.util.concurrent.SingleThreadEventExecutor$5.run(SingleThreadEventExecutor.java:1204)
	at io.netty.util.internal.ThreadExecutorMap$2.run(ThreadExecutorMap.java:74)
	at io.netty.util.concurrent.FastThreadLocalRunnable.run(FastThreadLocalRunnable.java:30)
	at java.base/java.lang.Thread.run(Thread.java:1583)
00:06:33.518 [multiThreadIoEventLoopGroup-4-1] WARN  io.netty.util.ReferenceCountUtil - Failed to release a message: UnpooledSlicedByteBuf(ridx: 0, widx: 1819, cap: 1819/1819, unwrapped: CycleArenaAllocator$ArenaBuf(ridx: 0, widx: 8192, cap: 8192))
java.lang.IllegalStateException: arena buffer of Thread[#27,multiThreadIoEventLoopGroup-3-2,10,main] touched from Thread[#30,multiThreadIoEventLoopGroup-4-1,10,main] (event-loop arena buffers are thread confined)
	at io.netty.buffer.CycleArenaAllocator$ArenaBuf.violation(CycleArenaAllocator.java:1279)
	at io.netty.buffer.CycleArenaAllocator$ArenaBuf.release(CycleArenaAllocator.java:1208)
	at io.netty.buffer.AbstractDerivedByteBuf.release0(AbstractDerivedByteBuf.java:98)
	at io.netty.buffer.AbstractDerivedByteBuf.release(AbstractDerivedByteBuf.java:94)
	at io.netty.util.ReferenceCountUtil.release(ReferenceCountUtil.java:90)
	at io.netty.util.ReferenceCountUtil.safeRelease(ReferenceCountUtil.java:116)
	at io.netty.channel.ChannelOutboundBuffer.remove(ChannelOutboundBuffer.java:300)
	at io.netty.channel.ChannelOutboundBuffer.removeBytes(ChannelOutboundBuffer.java:382)
	at io.netty.channel.uring.AbstractIoUringStreamChannel$IoUringStreamUnsafe.writeComplete0(AbstractIoUringStreamChannel.java:692)
	at io.netty.channel.uring.IoUringSocketChannel$IoUringSocketUnsafe.writeComplete0(IoUringSocketChannel.java:188)
	at io.netty.channel.uring.AbstractIoUringChannel$AbstractUringUnsafe.writeComplete(AbstractIoUringChannel.java:1003)
	at io.netty.channel.uring.AbstractIoUringChannel$AbstractUringUnsafe.handle(AbstractIoUringChannel.java:474)
	at io.netty.channel.uring.IoUringIoHandler$DefaultIoUringIoRegistration.handle(IoUringIoHandler.java:705)
	at io.netty.channel.uring.IoUringIoHandler.handleFastPath(IoUringIoHandler.java:318)
	at io.netty.channel.uring.IoUringIoHandler.handle(IoUringIoHandler.java:298)
	at io.netty.channel.uring.CompletionQueue.process(CompletionQueue.java:151)
	at io.netty.channel.uring.IoUringIoHandler.processCompletionsAndHandleOverflow(IoUringIoHandler.java:213)
	at io.netty.channel.uring.IoUringIoHandler.run(IoUringIoHandler.java:188)
	at io.netty.channel.SingleThreadIoEventLoop.runIo(SingleThreadIoEventLoop.java:225)
	at io.netty.channel.SingleThreadIoEventLoop.run(SingleThreadIoEventLoop.java:196)
	at io.netty.util.concurrent.SingleThreadEventExecutor$5.run(SingleThreadEventExecutor.java:1204)
	at io.netty.util.internal.ThreadExecutorMap$2.run(ThreadExecutorMap.java:74)
	at io.netty.util.concurrent.FastThreadLocalRunnable.run(FastThreadLocalRunnable.java:30)
	at java.base/java.lang.Thread.run(Thread.java:1583)
00:06:33.518 [multiThreadIoEventLoopGroup-4-4] WARN  i.n.channel.uring.IoUringIoHandler - Unexpected exception in the IO event loop.
java.lang.IllegalStateException: arena buffer of Thread[#27,multiThreadIoEventLoopGroup-3-2,10,main] touched from Thread[#33,multiThreadIoEventLoopGroup-4-4,10,main] (event-loop arena buffers are thread confined)
	at io.netty.buffer.CycleArenaAllocator$ArenaBuf.violation(CycleArenaAllocator.java:1279)
	at io.netty.buffer.CycleArenaAllocator$ArenaBuf.retain(CycleArenaAllocator.java:1182)
	at io.netty.buffer.AbstractDerivedByteBuf.retain0(AbstractDerivedByteBuf.java:58)
	at io.netty.buffer.AbstractDerivedByteBuf.retain(AbstractDerivedByteBuf.java:54)
	at io.netty.channel.uring.IoUringSocketChannel$IoUringSocketUnsafe.handleWriteCompleteZeroCopy(IoUringSocketChannel.java:220)
	at io.netty.channel.uring.IoUringSocketChannel$IoUringSocketUnsafe.writeComplete0(IoUringSocketChannel.java:186)
	at io.netty.channel.uring.AbstractIoUringChannel$AbstractUringUnsafe.writeComplete(AbstractIoUringChannel.java:1003)
	at io.netty.channel.uring.AbstractIoUringChannel$AbstractUringUnsafe.handle(AbstractIoUringChannel.java:474)
	at io.netty.channel.uring.IoUringIoHandler$DefaultIoUringIoRegistration.handle(IoUringIoHandler.java:705)
	at io.netty.channel.uring.IoUringIoHandler.handleFastPath(IoUringIoHandler.java:318)
	at io.netty.channel.uring.IoUringIoHandler.handle(IoUringIoHandler.java:298)
	at io.netty.channel.uring.CompletionQueue.process(CompletionQueue.java:151)
	at io.netty.channel.uring.IoUringIoHandler.processCompletionsAndHandleOverflow(IoUringIoHandler.java:213)
	at io.netty.channel.uring.IoUringIoHandler.run(IoUringIoHandler.java:188)
	at io.netty.channel.SingleThreadIoEventLoop.runIo(SingleThreadIoEventLoop.java:225)
	at io.netty.channel.SingleThreadIoEventLoop.run(SingleThreadIoEventLoop.java:196)
	at io.netty.util.concurrent.SingleThreadEventExecutor$5.run(SingleThreadEventExecutor.java:1204)
	at io.netty.util.internal.ThreadExecutorMap$2.run(ThreadExecutorMap.java:74)
	at io.netty.util.concurrent.FastThreadLocalRunnable.run(FastThreadLocalRunnable.java:30)
	at java.base/java.lang.Thread.run(Thread.java:1583)
00:06:33.518 [multiThreadIoEventLoopGroup-3-2] WARN  io.netty.util.ReferenceCountUtil - Failed to release a message: UnpooledSlicedByteBuf(ridx: 0, widx: 1114, cap: 1114/1114, unwrapped: CycleArenaAllocator$ArenaBuf(ridx: 0, widx: 5198, cap: 8192))
java.lang.IllegalStateException: arena buffer of Thread[#32,multiThreadIoEventLoopGroup-4-3,10,main] touched from Thread[#27,multiThreadIoEventLoopGroup-3-2,10,main] (event-loop arena buffers are thread confined)
	at io.netty.buffer.CycleArenaAllocator$ArenaBuf.violation(CycleArenaAllocator.java:1279)
	at io.netty.buffer.CycleArenaAllocator$ArenaBuf.release(CycleArenaAllocator.java:1208)
	at io.netty.buffer.AbstractDerivedByteBuf.release0(AbstractDerivedByteBuf.java:98)
	at io.netty.buffer.AbstractDerivedByteBuf.release(AbstractDerivedByteBuf.java:94)
	at io.netty.util.ReferenceCountUtil.release(ReferenceCountUtil.java:90)
	at io.netty.util.ReferenceCountUtil.safeRelease(ReferenceCountUtil.java:116)
	at io.netty.channel.ChannelOutboundBuffer.remove(ChannelOutboundBuffer.java:300)
	at io.netty.channel.ChannelOutboundBuffer.removeBytes(ChannelOutboundBuffer.java:382)
	at io.netty.channel.uring.AbstractIoUringStreamChannel$IoUringStreamUnsafe.writeComplete0(AbstractIoUringStreamChannel.java:692)
	at io.netty.channel.uring.IoUringSocketChannel$IoUringSocketUnsafe.writeComplete0(IoUringSocketChannel.java:188)
	at io.netty.channel.uring.AbstractIoUringChannel$AbstractUringUnsafe.writeComplete(AbstractIoUringChannel.java:1003)
	at io.netty.channel.uring.AbstractIoUringChannel$AbstractUringUnsafe.handle(AbstractIoUringChannel.java:474)
	at io.netty.channel.uring.IoUringIoHandler$DefaultIoUringIoRegistration.handle(IoUringIoHandler.java:705)
	at io.netty.channel.uring.IoUringIoHandler.handleFastPath(IoUringIoHandler.java:318)
	at io.netty.channel.uring.IoUringIoHandler.handle(IoUringIoHandler.java:298)
	at io.netty.channel.uring.CompletionQueue.process(CompletionQueue.java:151)
	at io.netty.channel.uring.IoUringIoHandler.processCompletionsAndHandleOverflow(IoUringIoHandler.java:213)
	at io.netty.channel.uring.IoUringIoHandler.run(IoUringIoHandler.java:188)
	at io.netty.channel.SingleThreadIoEventLoop.runIo(SingleThreadIoEventLoop.java:225)
	at io.netty.channel.SingleThreadIoEventLoop.run(SingleThreadIoEventLoop.java:196)
	at io.netty.util.concurrent.SingleThreadEventExecutor$5.run(SingleThreadEventExecutor.java:1204)
	at io.netty.util.internal.ThreadExecutorMap$2.run(ThreadExecutorMap.java:74)
	at io.netty.util.concurrent.FastThreadLocalRunnable.run(FastThreadLocalRunnable.java:30)
	at java.base/java.lang.Thread.run(Thread.java:1583)
00:06:33.518 [multiThreadIoEventLoopGroup-4-1] WARN  io.netty.util.ReferenceCountUtil - Failed to release a message: UnpooledSlicedByteBuf(ridx: 0, widx: 2376, cap: 2376/2376, unwrapped: CycleArenaAllocator$ArenaBuf(ridx: 0, widx: 2376, cap: 8192))
java.lang.IllegalStateException: arena buffer of Thread[#27,multiThreadIoEventLoopGroup-3-2,10,main] touched from Thread[#30,multiThreadIoEventLoopGroup-4-1,10,main] (event-loop arena buffers are thread confined)
	at io.netty.buffer.CycleArenaAllocator$ArenaBuf.violation(CycleArenaAllocator.java:1279)
	at io.netty.buffer.CycleArenaAllocator$ArenaBuf.release(CycleArenaAllocator.java:1208)
	at io.netty.buffer.AbstractDerivedByteBuf.release0(AbstractDerivedByteBuf.java:98)
	at io.netty.buffer.AbstractDerivedByteBuf.release(AbstractDerivedByteBuf.java:94)
	at io.netty.util.ReferenceCountUtil.release(ReferenceCountUtil.java:90)
	at io.netty.util.ReferenceCountUtil.safeRelease(ReferenceCountUtil.java:116)
	at io.netty.channel.ChannelOutboundBuffer.remove(ChannelOutboundBuffer.java:300)
	at io.netty.channel.ChannelOutboundBuffer.removeBytes(ChannelOutboundBuffer.java:382)
	at io.netty.channel.uring.AbstractIoUringStreamChannel$IoUringStreamUnsafe.writeComplete0(AbstractIoUringStreamChannel.java:692)
	at io.netty.channel.uring.IoUringSocketChannel$IoUringSocketUnsafe.writeComplete0(IoUringSocketChannel.java:188)
	at io.netty.channel.uring.AbstractIoUringChannel$AbstractUringUnsafe.writeComplete(AbstractIoUringChannel.java:1003)
	at io.netty.channel.uring.AbstractIoUringChannel$AbstractUringUnsafe.handle(AbstractIoUringChannel.java:474)
	at io.netty.channel.uring.IoUringIoHandler$DefaultIoUringIoRegistration.handle(IoUringIoHandler.java:705)
	at io.netty.channel.uring.IoUringIoHandler.handleFastPath(IoUringIoHandler.java:318)
	at io.netty.channel.uring.IoUringIoHandler.handle(IoUringIoHandler.java:298)
	at io.netty.channel.uring.CompletionQueue.process(CompletionQueue.java:151)
	at io.netty.channel.uring.IoUringIoHandler.processCompletionsAndHandleOverflow(IoUringIoHandler.java:213)
	at io.netty.channel.uring.IoUringIoHandler.run(IoUringIoHandler.java:188)
	at io.netty.channel.SingleThreadIoEventLoop.runIo(SingleThreadIoEventLoop.java:225)
	at io.netty.channel.SingleThreadIoEventLoop.run(SingleThreadIoEventLoop.java:196)
	at io.netty.util.concurrent.SingleThreadEventExecutor$5.run(SingleThreadEventExecutor.java:1204)
	at io.netty.util.internal.ThreadExecutorMap$2.run(ThreadExecutorMap.java:74)
	at io.netty.util.concurrent.FastThreadLocalRunnable.run(FastThreadLocalRunnable.java:30)
	at java.base/java.lang.Thread.run(Thread.java:1583)
00:06:33.518 [multiThreadIoEventLoopGroup-3-2] WARN  io.netty.util.ReferenceCountUtil - Failed to release a message: UnpooledSlicedByteBuf(ridx: 0, widx: 3423, cap: 3423/3423, unwrapped: CycleArenaAllocator$ArenaBuf(ridx: 0, widx: 5198, cap: 8192))
java.lang.IllegalStateException: arena buffer of Thread[#32,multiThreadIoEventLoopGroup-4-3,10,main] touched from Thread[#27,multiThreadIoEventLoopGroup-3-2,10,main] (event-loop arena buffers are thread confined)
	at io.netty.buffer.CycleArenaAllocator$ArenaBuf.violation(CycleArenaAllocator.java:1279)
	at io.netty.buffer.CycleArenaAllocator$ArenaBuf.release(CycleArenaAllocator.java:1208)
	at io.netty.buffer.AbstractDerivedByteBuf.release0(AbstractDerivedByteBuf.java:98)
	at io.netty.buffer.AbstractDerivedByteBuf.release(AbstractDerivedByteBuf.java:94)
	at io.netty.util.ReferenceCountUtil.release(ReferenceCountUtil.java:90)
	at io.netty.util.ReferenceCountUtil.safeRelease(ReferenceCountUtil.java:116)
	at io.netty.channel.ChannelOutboundBuffer.remove(ChannelOutboundBuffer.java:300)
	at io.netty.channel.ChannelOutboundBuffer.removeBytes(ChannelOutboundBuffer.java:382)
	at io.netty.channel.uring.AbstractIoUringStreamChannel$IoUringStreamUnsafe.writeComplete0(AbstractIoUringStreamChannel.java:692)
	at io.netty.channel.uring.IoUringSocketChannel$IoUringSocketUnsafe.writeComplete0(IoUringSocketChannel.java:188)
	at io.netty.channel.uring.AbstractIoUringChannel$AbstractUringUnsafe.writeComplete(AbstractIoUringChannel.java:1003)
	at io.netty.channel.uring.AbstractIoUringChannel$AbstractUringUnsafe.handle(AbstractIoUringChannel.java:474)
	at io.netty.channel.uring.IoUringIoHandler$DefaultIoUringIoRegistration.handle(IoUringIoHandler.java:705)
	at io.netty.channel.uring.IoUringIoHandler.handleFastPath(IoUringIoHandler.java:318)
	at io.netty.channel.uring.IoUringIoHandler.handle(IoUringIoHandler.java:298)
	at io.netty.channel.uring.CompletionQueue.process(CompletionQueue.java:151)
	at io.netty.channel.uring.IoUringIoHandler.processCompletionsAndHandleOverflow(IoUringIoHandler.java:213)
	at io.netty.channel.uring.IoUringIoHandler.run(IoUringIoHandler.java:188)
	at io.netty.channel.SingleThreadIoEventLoop.runIo(SingleThreadIoEventLoop.java:225)
	at io.netty.channel.SingleThreadIoEventLoop.run(SingleThreadIoEventLoop.java:196)
	at io.netty.util.concurrent.SingleThreadEventExecutor$5.run(SingleThreadEventExecutor.java:1204)
	at io.netty.util.internal.ThreadExecutorMap$2.run(ThreadExecutorMap.java:74)
	at io.netty.util.concurrent.FastThreadLocalRunnable.run(FastThreadLocalRunnable.java:30)
	at java.base/java.lang.Thread.run(Thread.java:1583)
00:06:33.518 [multiThreadIoEventLoopGroup-3-3] WARN  io.netty.util.ReferenceCountUtil - Failed to release a message: UnpooledSlicedByteBuf(ridx: 0, widx: 2675, cap: 2675/2675, unwrapped: CycleArenaAllocator$ArenaBuf(ridx: 0, widx: 8192, cap: 8192))
java.lang.IllegalStateException: arena buffer of Thread[#30,multiThreadIoEventLoopGroup-4-1,10,main] touched from Thread[#28,multiThreadIoEventLoopGroup-3-3,10,main] (event-loop arena buffers are thread confined)
	at io.netty.buffer.CycleArenaAllocator$ArenaBuf.violation(CycleArenaAllocator.java:1279)
	at io.netty.buffer.CycleArenaAllocator$ArenaBuf.release(CycleArenaAllocator.java:1208)
	at io.netty.buffer.AbstractDerivedByteBuf.release0(AbstractDerivedByteBuf.java:98)
	at io.netty.buffer.AbstractDerivedByteBuf.release(AbstractDerivedByteBuf.java:94)
	at io.netty.util.ReferenceCountUtil.release(ReferenceCountUtil.java:90)
	at io.netty.util.ReferenceCountUtil.safeRelease(ReferenceCountUtil.java:116)
	at io.netty.channel.ChannelOutboundBuffer.remove(ChannelOutboundBuffer.java:300)
	at io.netty.channel.ChannelOutboundBuffer.removeBytes(ChannelOutboundBuffer.java:382)
	at io.netty.channel.uring.AbstractIoUringStreamChannel$IoUringStreamUnsafe.writeComplete0(AbstractIoUringStreamChannel.java:692)
	at io.netty.channel.uring.IoUringSocketChannel$IoUringSocketUnsafe.writeComplete0(IoUringSocketChannel.java:188)
	at io.netty.channel.uring.AbstractIoUringChannel$AbstractUringUnsafe.writeComplete(AbstractIoUringChannel.java:1003)
	at io.netty.channel.uring.AbstractIoUringChannel$AbstractUringUnsafe.handle(AbstractIoUringChannel.java:474)
	at io.netty.channel.uring.IoUringIoHandler$DefaultIoUringIoRegistration.handle(IoUringIoHandler.java:705)
	at io.netty.channel.uring.IoUringIoHandler.handleFastPath(IoUringIoHandler.java:318)
	at io.netty.channel.uring.IoUringIoHandler.handle(IoUringIoHandler.java:298)
	at io.netty.channel.uring.CompletionQueue.process(CompletionQueue.java:151)
	at io.netty.channel.uring.IoUringIoHandler.processCompletionsAndHandleOverflow(IoUringIoHandler.java:213)
	at io.netty.channel.uring.IoUringIoHandler.run(IoUringIoHandler.java:188)
	at io.netty.channel.SingleThreadIoEventLoop.runIo(SingleThreadIoEventLoop.java:225)
	at io.netty.channel.SingleThreadIoEventLoop.run(SingleThreadIoEventLoop.java:196)
	at io.netty.util.concurrent.SingleThreadEventExecutor$5.run(SingleThreadEventExecutor.java:1204)
	at io.netty.util.internal.ThreadExecutorMap$2.run(ThreadExecutorMap.java:74)
	at io.netty.util.concurrent.FastThreadLocalRunnable.run(FastThreadLocalRunnable.java:30)
	at java.base/java.lang.Thread.run(Thread.java:1583)
00:06:33.518 [multiThreadIoEventLoopGroup-4-3] WARN  i.n.channel.uring.IoUringIoHandler - Unexpected exception in the IO event loop.
java.lang.IllegalStateException: arena buffer of Thread[#27,multiThreadIoEventLoopGroup-3-2,10,main] touched from Thread[#32,multiThreadIoEventLoopGroup-4-3,10,main] (event-loop arena buffers are thread confined)
	at io.netty.buffer.CycleArenaAllocator$ArenaBuf.violation(CycleArenaAllocator.java:1279)
	at io.netty.buffer.CycleArenaAllocator$ArenaBuf.retain(CycleArenaAllocator.java:1182)
	at io.netty.buffer.AbstractDerivedByteBuf.retain0(AbstractDerivedByteBuf.java:58)
	at io.netty.buffer.AbstractDerivedByteBuf.retain(AbstractDerivedByteBuf.java:54)
	at io.netty.channel.uring.IoUringSocketChannel$IoUringSocketUnsafe.handleWriteCompleteZeroCopy(IoUringSocketChannel.java:220)
	at io.netty.channel.uring.IoUringSocketChannel$IoUringSocketUnsafe.writeComplete0(IoUringSocketChannel.java:186)
	at io.netty.channel.uring.AbstractIoUringChannel$AbstractUringUnsafe.writeComplete(AbstractIoUringChannel.java:1003)
	at io.netty.channel.uring.AbstractIoUringChannel$AbstractUringUnsafe.handle(AbstractIoUringChannel.java:474)
	at io.netty.channel.uring.IoUringIoHandler$DefaultIoUringIoRegistration.handle(IoUringIoHandler.java:705)
	at io.netty.channel.uring.IoUringIoHandler.handleFastPath(IoUringIoHandler.java:318)
	at io.netty.channel.uring.IoUringIoHandler.handle(IoUringIoHandler.java:298)
	at io.netty.channel.uring.CompletionQueue.process(CompletionQueue.java:151)
	at io.netty.channel.uring.IoUringIoHandler.processCompletionsAndHandleOverflow(IoUringIoHandler.java:213)
	at io.netty.channel.uring.IoUringIoHandler.run(IoUringIoHandler.java:188)
	at io.netty.channel.SingleThreadIoEventLoop.runIo(SingleThreadIoEventLoop.java:225)
	at io.netty.channel.SingleThreadIoEventLoop.run(SingleThreadIoEventLoop.java:196)
	at io.netty.util.concurrent.SingleThreadEventExecutor$5.run(SingleThreadEventExecutor.java:1204)
	at io.netty.util.internal.ThreadExecutorMap$2.run(ThreadExecutorMap.java:74)
	at io.netty.util.concurrent.FastThreadLocalRunnable.run(FastThreadLocalRunnable.java:30)
	at java.base/java.lang.Thread.run(Thread.java:1583)
00:06:33.518 [multiThreadIoEventLoopGroup-3-3] WARN  io.netty.util.ReferenceCountUtil - Failed to release a message: UnpooledSlicedByteBuf(ridx: 0, widx: 3412, cap: 3412/3412, unwrapped: CycleArenaAllocator$ArenaBuf(ridx: 0, widx: 8192, cap: 8192))
java.lang.IllegalStateException: arena buffer of Thread[#32,multiThreadIoEventLoopGroup-4-3,10,main] touched from Thread[#28,multiThreadIoEventLoopGroup-3-3,10,main] (event-loop arena buffers are thread confined)
	at io.netty.buffer.CycleArenaAllocator$ArenaBuf.violation(CycleArenaAllocator.java:1279)
	at io.netty.buffer.CycleArenaAllocator$ArenaBuf.release(CycleArenaAllocator.java:1208)
	at io.netty.buffer.AbstractDerivedByteBuf.release0(AbstractDerivedByteBuf.java:98)
	at io.netty.buffer.AbstractDerivedByteBuf.release(AbstractDerivedByteBuf.java:94)
	at io.netty.util.ReferenceCountUtil.release(ReferenceCountUtil.java:90)
	at io.netty.util.ReferenceCountUtil.safeRelease(ReferenceCountUtil.java:116)
	at io.netty.channel.ChannelOutboundBuffer.remove(ChannelOutboundBuffer.java:300)
	at io.netty.channel.ChannelOutboundBuffer.removeBytes(ChannelOutboundBuffer.java:382)
	at io.netty.channel.uring.AbstractIoUringStreamChannel$IoUringStreamUnsafe.writeComplete0(AbstractIoUringStreamChannel.java:692)
	at io.netty.channel.uring.IoUringSocketChannel$IoUringSocketUnsafe.writeComplete0(IoUringSocketChannel.java:188)
	at io.netty.channel.uring.AbstractIoUringChannel$AbstractUringUnsafe.writeComplete(AbstractIoUringChannel.java:1003)
	at io.netty.channel.uring.AbstractIoUringChannel$AbstractUringUnsafe.handle(AbstractIoUringChannel.java:474)
	at io.netty.channel.uring.IoUringIoHandler$DefaultIoUringIoRegistration.handle(IoUringIoHandler.java:705)
	at io.netty.channel.uring.IoUringIoHandler.handleFastPath(IoUringIoHandler.java:318)
	at io.netty.channel.uring.IoUringIoHandler.handle(IoUringIoHandler.java:298)
	at io.netty.channel.uring.CompletionQueue.process(CompletionQueue.java:151)
	at io.netty.channel.uring.IoUringIoHandler.processCompletionsAndHandleOverflow(IoUringIoHandler.java:213)
	at io.netty.channel.uring.IoUringIoHandler.run(IoUringIoHandler.java:188)
	at io.netty.channel.SingleThreadIoEventLoop.runIo(SingleThreadIoEventLoop.java:225)
	at io.netty.channel.SingleThreadIoEventLoop.run(SingleThreadIoEventLoop.java:196)
	at io.netty.util.concurrent.SingleThreadEventExecutor$5.run(SingleThreadEventExecutor.java:1204)
	at io.netty.util.internal.ThreadExecutorMap$2.run(ThreadExecutorMap.java:74)
	at io.netty.util.concurrent.FastThreadLocalRunnable.run(FastThreadLocalRunnable.java:30)
	at java.base/java.lang.Thread.run(Thread.java:1583)
00:06:33.518 [multiThreadIoEventLoopGroup-3-3] WARN  io.netty.util.ReferenceCountUtil - Failed to release a message: UnpooledSlicedByteBuf(ridx: 0, widx: 2773, cap: 2773/2773, unwrapped: CycleArenaAllocator$ArenaBuf(ridx: 0, widx: 8192, cap: 8192))
java.lang.IllegalStateException: arena buffer of Thread[#32,multiThreadIoEventLoopGroup-4-3,10,main] touched from Thread[#28,multiThreadIoEventLoopGroup-3-3,10,main] (event-loop arena buffers are thread confined)
	at io.netty.buffer.CycleArenaAllocator$ArenaBuf.violation(CycleArenaAllocator.java:1279)
	at io.netty.buffer.CycleArenaAllocator$ArenaBuf.release(CycleArenaAllocator.java:1208)
	at io.netty.buffer.AbstractDerivedByteBuf.release0(AbstractDerivedByteBuf.java:98)
	at io.netty.buffer.AbstractDerivedByteBuf.release(AbstractDerivedByteBuf.java:94)
	at io.netty.util.ReferenceCountUtil.release(ReferenceCountUtil.java:90)
	at io.netty.util.ReferenceCountUtil.safeRelease(ReferenceCountUtil.java:116)
	at io.netty.channel.ChannelOutboundBuffer.remove(ChannelOutboundBuffer.java:300)
	at io.netty.channel.ChannelOutboundBuffer.removeBytes(ChannelOutboundBuffer.java:382)
	at io.netty.channel.uring.AbstractIoUringStreamChannel$IoUringStreamUnsafe.writeComplete0(AbstractIoUringStreamChannel.java:692)
	at io.netty.channel.uring.IoUringSocketChannel$IoUringSocketUnsafe.writeComplete0(IoUringSocketChannel.java:188)
	at io.netty.channel.uring.AbstractIoUringChannel$AbstractUringUnsafe.writeComplete(AbstractIoUringChannel.java:1003)
	at io.netty.channel.uring.AbstractIoUringChannel$AbstractUringUnsafe.handle(AbstractIoUringChannel.java:474)
	at io.netty.channel.uring.IoUringIoHandler$DefaultIoUringIoRegistration.handle(IoUringIoHandler.java:705)
	at io.netty.channel.uring.IoUringIoHandler.handleFastPath(IoUringIoHandler.java:318)
	at io.netty.channel.uring.IoUringIoHandler.handle(IoUringIoHandler.java:298)
	at io.netty.channel.uring.CompletionQueue.process(CompletionQueue.java:151)
	at io.netty.channel.uring.IoUringIoHandler.processCompletionsAndHandleOverflow(IoUringIoHandler.java:213)
	at io.netty.channel.uring.IoUringIoHandler.run(IoUringIoHandler.java:188)
	at io.netty.channel.SingleThreadIoEventLoop.runIo(SingleThreadIoEventLoop.java:225)
	at io.netty.channel.SingleThreadIoEventLoop.run(SingleThreadIoEventLoop.java:196)
	at io.netty.util.concurrent.SingleThreadEventExecutor$5.run(SingleThreadEventExecutor.java:1204)
	at io.netty.util.internal.ThreadExecutorMap$2.run(ThreadExecutorMap.java:74)
	at io.netty.util.concurrent.FastThreadLocalRunnable.run(FastThreadLocalRunnable.java:30)
	at java.base/java.lang.Thread.run(Thread.java:1583)
00:06:33.518 [multiThreadIoEventLoopGroup-3-3] WARN  io.netty.util.ReferenceCountUtil - Failed to release a message: UnpooledSlicedByteBuf(ridx: 0, widx: 661, cap: 661/661, unwrapped: CycleArenaAllocator$ArenaBuf(ridx: 0, widx: 5198, cap: 8192))
java.lang.IllegalStateException: arena buffer of Thread[#32,multiThreadIoEventLoopGroup-4-3,10,main] touched from Thread[#28,multiThreadIoEventLoopGroup-3-3,10,main] (event-loop arena buffers are thread confined)
	at io.netty.buffer.CycleArenaAllocator$ArenaBuf.violation(CycleArenaAllocator.java:1279)
	at io.netty.buffer.CycleArenaAllocator$ArenaBuf.release(CycleArenaAllocator.java:1208)
	at io.netty.buffer.AbstractDerivedByteBuf.release0(AbstractDerivedByteBuf.java:98)
	at io.netty.buffer.AbstractDerivedByteBuf.release(AbstractDerivedByteBuf.java:94)
	at io.netty.util.ReferenceCountUtil.release(ReferenceCountUtil.java:90)
	at io.netty.util.ReferenceCountUtil.safeRelease(ReferenceCountUtil.java:116)
	at io.netty.channel.ChannelOutboundBuffer.remove(ChannelOutboundBuffer.java:300)
	at io.netty.channel.ChannelOutboundBuffer.removeBytes(ChannelOutboundBuffer.java:382)
	at io.netty.channel.uring.AbstractIoUringStreamChannel$IoUringStreamUnsafe.writeComplete0(AbstractIoUringStreamChannel.java:692)
	at io.netty.channel.uring.IoUringSocketChannel$IoUringSocketUnsafe.writeComplete0(IoUringSocketChannel.java:188)
	at io.netty.channel.uring.AbstractIoUringChannel$AbstractUringUnsafe.writeComplete(AbstractIoUringChannel.java:1003)
	at io.netty.channel.uring.AbstractIoUringChannel$AbstractUringUnsafe.handle(AbstractIoUringChannel.java:474)
	at io.netty.channel.uring.IoUringIoHandler$DefaultIoUringIoRegistration.handle(IoUringIoHandler.java:705)
	at io.netty.channel.uring.IoUringIoHandler.handleFastPath(IoUringIoHandler.java:318)
	at io.netty.channel.uring.IoUringIoHandler.handle(IoUringIoHandler.java:298)
	at io.netty.channel.uring.CompletionQueue.process(CompletionQueue.java:151)
	at io.netty.channel.uring.IoUringIoHandler.processCompletionsAndHandleOverflow(IoUringIoHandler.java:213)
	at io.netty.channel.uring.IoUringIoHandler.run(IoUringIoHandler.java:188)
	at io.netty.channel.SingleThreadIoEventLoop.runIo(SingleThreadIoEventLoop.java:225)
	at io.netty.channel.SingleThreadIoEventLoop.run(SingleThreadIoEventLoop.java:196)
	at io.netty.util.concurrent.SingleThreadEventExecutor$5.run(SingleThreadEventExecutor.java:1204)
	at io.netty.util.internal.ThreadExecutorMap$2.run(ThreadExecutorMap.java:74)
	at io.netty.util.concurrent.FastThreadLocalRunnable.run(FastThreadLocalRunnable.java:30)
	at java.base/java.lang.Thread.run(Thread.java:1583)
00:06:33.518 [multiThreadIoEventLoopGroup-4-1] WARN  io.netty.util.ReferenceCountUtil - Failed to release a message: UnpooledSlicedByteBuf(ridx: 0, widx: 1819, cap: 1819/1819, unwrapped: CycleArenaAllocator$ArenaBuf(ridx: 0, widx: 8192, cap: 8192))
java.lang.IllegalStateException: arena buffer of Thread[#28,multiThreadIoEventLoopGroup-3-3,10,main] touched from Thread[#30,multiThreadIoEventLoopGroup-4-1,10,main] (event-loop arena buffers are thread confined)
	at io.netty.buffer.CycleArenaAllocator$ArenaBuf.violation(CycleArenaAllocator.java:1279)
	at io.netty.buffer.CycleArenaAllocator$ArenaBuf.release(CycleArenaAllocator.java:1208)
	at io.netty.buffer.AbstractDerivedByteBuf.release0(AbstractDerivedByteBuf.java:98)
	at io.netty.buffer.AbstractDerivedByteBuf.release(AbstractDerivedByteBuf.java:94)
	at io.netty.util.ReferenceCountUtil.release(ReferenceCountUtil.java:90)
	at io.netty.util.ReferenceCountUtil.safeRelease(ReferenceCountUtil.java:116)
	at io.netty.channel.ChannelOutboundBuffer.remove(ChannelOutboundBuffer.java:300)
	at io.netty.channel.ChannelOutboundBuffer.removeBytes(ChannelOutboundBuffer.java:382)
	at io.netty.channel.uring.AbstractIoUringStreamChannel$IoUringStreamUnsafe.writeComplete0(AbstractIoUringStreamChannel.java:692)
	at io.netty.channel.uring.IoUringSocketChannel$IoUringSocketUnsafe.writeComplete0(IoUringSocketChannel.java:188)
	at io.netty.channel.uring.AbstractIoUringChannel$AbstractUringUnsafe.writeComplete(AbstractIoUringChannel.java:1003)
	at io.netty.channel.uring.AbstractIoUringChannel$AbstractUringUnsafe.handle(AbstractIoUringChannel.java:474)
	at io.netty.channel.uring.IoUringIoHandler$DefaultIoUringIoRegistration.handle(IoUringIoHandler.java:705)
	at io.netty.channel.uring.IoUringIoHandler.handleFastPath(IoUringIoHandler.java:318)
	at io.netty.channel.uring.IoUringIoHandler.handle(IoUringIoHandler.java:298)
	at io.netty.channel.uring.CompletionQueue.process(CompletionQueue.java:151)
	at io.netty.channel.uring.IoUringIoHandler.processCompletionsAndHandleOverflow(IoUringIoHandler.java:213)
	at io.netty.channel.uring.IoUringIoHandler.run(IoUringIoHandler.java:188)
	at io.netty.channel.SingleThreadIoEventLoop.runIo(SingleThreadIoEventLoop.java:225)
	at io.netty.channel.SingleThreadIoEventLoop.run(SingleThreadIoEventLoop.java:196)
	at io.netty.util.concurrent.SingleThreadEventExecutor$5.run(SingleThreadEventExecutor.java:1204)
	at io.netty.util.internal.ThreadExecutorMap$2.run(ThreadExecutorMap.java:74)
	at io.netty.util.concurrent.FastThreadLocalRunnable.run(FastThreadLocalRunnable.java:30)
	at java.base/java.lang.Thread.run(Thread.java:1583)
00:06:33.518 [multiThreadIoEventLoopGroup-4-1] WARN  io.netty.util.ReferenceCountUtil - Failed to release a message: UnpooledSlicedByteBuf(ridx: 0, widx: 2376, cap: 2376/2376, unwrapped: CycleArenaAllocator$ArenaBuf(ridx: 0, widx: 6571, cap: 8192))
java.lang.IllegalStateException: arena buffer of Thread[#28,multiThreadIoEventLoopGroup-3-3,10,main] touched from Thread[#30,multiThreadIoEventLoopGroup-4-1,10,main] (event-loop arena buffers are thread confined)
	at io.netty.buffer.CycleArenaAllocator$ArenaBuf.violation(CycleArenaAllocator.java:1279)
	at io.netty.buffer.CycleArenaAllocator$ArenaBuf.release(CycleArenaAllocator.java:1208)
	at io.netty.buffer.AbstractDerivedByteBuf.release0(AbstractDerivedByteBuf.java:98)
	at io.netty.buffer.AbstractDerivedByteBuf.release(AbstractDerivedByteBuf.java:94)
	at io.netty.util.ReferenceCountUtil.release(ReferenceCountUtil.java:90)
	at io.netty.util.ReferenceCountUtil.safeRelease(ReferenceCountUtil.java:116)
	at io.netty.channel.ChannelOutboundBuffer.remove(ChannelOutboundBuffer.java:300)
	at io.netty.channel.ChannelOutboundBuffer.removeBytes(ChannelOutboundBuffer.java:382)
	at io.netty.channel.uring.AbstractIoUringStreamChannel$IoUringStreamUnsafe.writeComplete0(AbstractIoUringStreamChannel.java:692)
	at io.netty.channel.uring.IoUringSocketChannel$IoUringSocketUnsafe.writeComplete0(IoUringSocketChannel.java:188)
	at io.netty.channel.uring.AbstractIoUringChannel$AbstractUringUnsafe.writeComplete(AbstractIoUringChannel.java:1003)
	at io.netty.channel.uring.AbstractIoUringChannel$AbstractUringUnsafe.handle(AbstractIoUringChannel.java:474)
	at io.netty.channel.uring.IoUringIoHandler$DefaultIoUringIoRegistration.handle(IoUringIoHandler.java:705)
	at io.netty.channel.uring.IoUringIoHandler.handleFastPath(IoUringIoHandler.java:318)
	at io.netty.channel.uring.IoUringIoHandler.handle(IoUringIoHandler.java:298)
	at io.netty.channel.uring.CompletionQueue.process(CompletionQueue.java:151)
	at io.netty.channel.uring.IoUringIoHandler.processCompletionsAndHandleOverflow(IoUringIoHandler.java:213)
	at io.netty.channel.uring.IoUringIoHandler.run(IoUringIoHandler.java:188)
	at io.netty.channel.SingleThreadIoEventLoop.runIo(SingleThreadIoEventLoop.java:225)
	at io.netty.channel.SingleThreadIoEventLoop.run(SingleThreadIoEventLoop.java:196)
	at io.netty.util.concurrent.SingleThreadEventExecutor$5.run(SingleThreadEventExecutor.java:1204)
	at io.netty.util.internal.ThreadExecutorMap$2.run(ThreadExecutorMap.java:74)
	at io.netty.util.concurrent.FastThreadLocalRunnable.run(FastThreadLocalRunnable.java:30)
	at java.base/java.lang.Thread.run(Thread.java:1583)
00:06:33.518 [multiThreadIoEventLoopGroup-3-3] WARN  io.netty.util.ReferenceCountUtil - Failed to release a message: UnpooledSlicedByteBuf(ridx: 0, widx: 969, cap: 969/969, unwrapped: CycleArenaAllocator$ArenaBuf(ridx: 0, widx: 8192, cap: 8192))
java.lang.IllegalStateException: arena buffer of Thread[#30,multiThreadIoEventLoopGroup-4-1,10,main] touched from Thread[#28,multiThreadIoEventLoopGroup-3-3,10,main] (event-loop arena buffers are thread confined)
	at io.netty.buffer.CycleArenaAllocator$ArenaBuf.violation(CycleArenaAllocator.java:1279)
	at io.netty.buffer.CycleArenaAllocator$ArenaBuf.release(CycleArenaAllocator.java:1208)
	at io.netty.buffer.AbstractDerivedByteBuf.release0(AbstractDerivedByteBuf.java:98)
	at io.netty.buffer.AbstractDerivedByteBuf.release(AbstractDerivedByteBuf.java:94)
	at io.netty.util.ReferenceCountUtil.release(ReferenceCountUtil.java:90)
	at io.netty.util.ReferenceCountUtil.safeRelease(ReferenceCountUtil.java:116)
	at io.netty.channel.ChannelOutboundBuffer.remove(ChannelOutboundBuffer.java:300)
	at io.netty.channel.ChannelOutboundBuffer.removeBytes(ChannelOutboundBuffer.java:382)
	at io.netty.channel.uring.AbstractIoUringStreamChannel$IoUringStreamUnsafe.writeComplete0(AbstractIoUringStreamChannel.java:692)
	at io.netty.channel.uring.IoUringSocketChannel$IoUringSocketUnsafe.writeComplete0(IoUringSocketChannel.java:188)
	at io.netty.channel.uring.AbstractIoUringChannel$AbstractUringUnsafe.writeComplete(AbstractIoUringChannel.java:1003)
	at io.netty.channel.uring.AbstractIoUringChannel$AbstractUringUnsafe.handle(AbstractIoUringChannel.java:474)
	at io.netty.channel.uring.IoUringIoHandler$DefaultIoUringIoRegistration.handle(IoUringIoHandler.java:705)
	at io.netty.channel.uring.IoUringIoHandler.handleFastPath(IoUringIoHandler.java:318)
	at io.netty.channel.uring.IoUringIoHandler.handle(IoUringIoHandler.java:298)
	at io.netty.channel.uring.CompletionQueue.process(CompletionQueue.java:151)
	at io.netty.channel.uring.IoUringIoHandler.processCompletionsAndHandleOverflow(IoUringIoHandler.java:213)
	at io.netty.channel.uring.IoUringIoHandler.run(IoUringIoHandler.java:188)
	at io.netty.channel.SingleThreadIoEventLoop.runIo(SingleThreadIoEventLoop.java:225)
	at io.netty.channel.SingleThreadIoEventLoop.run(SingleThreadIoEventLoop.java:196)
	at io.netty.util.concurrent.SingleThreadEventExecutor$5.run(SingleThreadEventExecutor.java:1204)
	at io.netty.util.internal.ThreadExecutorMap$2.run(ThreadExecutorMap.java:74)
	at io.netty.util.concurrent.FastThreadLocalRunnable.run(FastThreadLocalRunnable.java:30)
	at java.base/java.lang.Thread.run(Thread.java:1583)
00:06:33.519 [multiThreadIoEventLoopGroup-3-2] WARN  io.netty.util.ReferenceCountUtil - Failed to release a message: UnpooledSlicedByteBuf(ridx: 0, widx: 156, cap: 156/156, unwrapped: CycleArenaAllocator$ArenaBuf(ridx: 0, widx: 3735, cap: 8192))
java.lang.IllegalStateException: arena buffer of Thread[#30,multiThreadIoEventLoopGroup-4-1,10,main] touched from Thread[#27,multiThreadIoEventLoopGroup-3-2,10,main] (event-loop arena buffers are thread confined)
	at io.netty.buffer.CycleArenaAllocator$ArenaBuf.violation(CycleArenaAllocator.java:1279)
	at io.netty.buffer.CycleArenaAllocator$ArenaBuf.release(CycleArenaAllocator.java:1208)
	at io.netty.buffer.AbstractDerivedByteBuf.release0(AbstractDerivedByteBuf.java:98)
	at io.netty.buffer.AbstractDerivedByteBuf.release(AbstractDerivedByteBuf.java:94)
	at io.netty.util.ReferenceCountUtil.release(ReferenceCountUtil.java:90)
	at io.netty.util.ReferenceCountUtil.safeRelease(ReferenceCountUtil.java:116)
	at io.netty.channel.ChannelOutboundBuffer.remove(ChannelOutboundBuffer.java:300)
	at io.netty.channel.ChannelOutboundBuffer.removeBytes(ChannelOutboundBuffer.java:382)
	at io.netty.channel.uring.AbstractIoUringStreamChannel$IoUringStreamUnsafe.writeComplete0(AbstractIoUringStreamChannel.java:692)
	at io.netty.channel.uring.IoUringSocketChannel$IoUringSocketUnsafe.writeComplete0(IoUringSocketChannel.java:188)
	at io.netty.channel.uring.AbstractIoUringChannel$AbstractUringUnsafe.writeComplete(AbstractIoUringChannel.java:1003)
	at io.netty.channel.uring.AbstractIoUringChannel$AbstractUringUnsafe.handle(AbstractIoUringChannel.java:474)
	at io.netty.channel.uring.IoUringIoHandler$DefaultIoUringIoRegistration.handle(IoUringIoHandler.java:705)
	at io.netty.channel.uring.IoUringIoHandler.handleFastPath(IoUringIoHandler.java:318)
	at io.netty.channel.uring.IoUringIoHandler.handle(IoUringIoHandler.java:298)
	at io.netty.channel.uring.CompletionQueue.process(CompletionQueue.java:151)
	at io.netty.channel.uring.IoUringIoHandler.processCompletionsAndHandleOverflow(IoUringIoHandler.java:213)
	at io.netty.channel.uring.IoUringIoHandler.run(IoUringIoHandler.java:188)
	at io.netty.channel.SingleThreadIoEventLoop.runIo(SingleThreadIoEventLoop.java:225)
	at io.netty.channel.SingleThreadIoEventLoop.run(SingleThreadIoEventLoop.java:196)
	at io.netty.util.concurrent.SingleThreadEventExecutor$5.run(SingleThreadEventExecutor.java:1204)
	at io.netty.util.internal.ThreadExecutorMap$2.run(ThreadExecutorMap.java:74)
	at io.netty.util.concurrent.FastThreadLocalRunnable.run(FastThreadLocalRunnable.java:30)
	at java.base/java.lang.Thread.run(Thread.java:1583)
00:06:33.519 [multiThreadIoEventLoopGroup-3-3] WARN  io.netty.util.ReferenceCountUtil - Failed to release a message: UnpooledSlicedByteBuf(ridx: 0, widx: 3579, cap: 3579/3579, unwrapped: CycleArenaAllocator$ArenaBuf(ridx: 0, widx: 3735, cap: 8192))
java.lang.IllegalStateException: arena buffer of Thread[#30,multiThreadIoEventLoopGroup-4-1,10,main] touched from Thread[#28,multiThreadIoEventLoopGroup-3-3,10,main] (event-loop arena buffers are thread confined)
	at io.netty.buffer.CycleArenaAllocator$ArenaBuf.violation(CycleArenaAllocator.java:1279)
	at io.netty.buffer.CycleArenaAllocator$ArenaBuf.release(CycleArenaAllocator.java:1208)
	at io.netty.buffer.AbstractDerivedByteBuf.release0(AbstractDerivedByteBuf.java:98)
	at io.netty.buffer.AbstractDerivedByteBuf.release(AbstractDerivedByteBuf.java:94)
	at io.netty.util.ReferenceCountUtil.release(ReferenceCountUtil.java:90)
	at io.netty.util.ReferenceCountUtil.safeRelease(ReferenceCountUtil.java:116)
	at io.netty.channel.ChannelOutboundBuffer.remove(ChannelOutboundBuffer.java:300)
	at io.netty.channel.ChannelOutboundBuffer.removeBytes(ChannelOutboundBuffer.java:382)
	at io.netty.channel.uring.AbstractIoUringStreamChannel$IoUringStreamUnsafe.writeComplete0(AbstractIoUringStreamChannel.java:692)
	at io.netty.channel.uring.IoUringSocketChannel$IoUringSocketUnsafe.writeComplete0(IoUringSocketChannel.java:188)
	at io.netty.channel.uring.AbstractIoUringChannel$AbstractUringUnsafe.writeComplete(AbstractIoUringChannel.java:1003)
	at io.netty.channel.uring.AbstractIoUringChannel$AbstractUringUnsafe.handle(AbstractIoUringChannel.java:474)
	at io.netty.channel.uring.IoUringIoHandler$DefaultIoUringIoRegistration.handle(IoUringIoHandler.java:705)
	at io.netty.channel.uring.IoUringIoHandler.handleFastPath(IoUringIoHandler.java:318)
	at io.netty.channel.uring.IoUringIoHandler.handle(IoUringIoHandler.java:298)
	at io.netty.channel.uring.CompletionQueue.process(CompletionQueue.java:151)
	at io.netty.channel.uring.IoUringIoHandler.processCompletionsAndHandleOverflow(IoUringIoHandler.java:213)
	at io.netty.channel.uring.IoUringIoHandler.run(IoUringIoHandler.java:188)
	at io.netty.channel.SingleThreadIoEventLoop.runIo(SingleThreadIoEventLoop.java:225)
	at io.netty.channel.SingleThreadIoEventLoop.run(SingleThreadIoEventLoop.java:196)
	at io.netty.util.concurrent.SingleThreadEventExecutor$5.run(SingleThreadEventExecutor.java:1204)
	at io.netty.util.internal.ThreadExecutorMap$2.run(ThreadExecutorMap.java:74)
	at io.netty.util.concurrent.FastThreadLocalRunnable.run(FastThreadLocalRunnable.java:30)
	at java.base/java.lang.Thread.run(Thread.java:1583)
00:06:33.519 [multiThreadIoEventLoopGroup-4-1] WARN  io.netty.util.ReferenceCountUtil - Failed to release a message: UnpooledSlicedByteBuf(ridx: 0, widx: 1621, cap: 1621/1621, unwrapped: CycleArenaAllocator$ArenaBuf(ridx: 0, widx: 8192, cap: 8192))
java.lang.IllegalStateException: arena buffer of Thread[#28,multiThreadIoEventLoopGroup-3-3,10,main] touched from Thread[#30,multiThreadIoEventLoopGroup-4-1,10,main] (event-loop arena buffers are thread confined)
	at io.netty.buffer.CycleArenaAllocator$ArenaBuf.violation(CycleArenaAllocator.java:1279)
	at io.netty.buffer.CycleArenaAllocator$ArenaBuf.release(CycleArenaAllocator.java:1208)
	at io.netty.buffer.AbstractDerivedByteBuf.release0(AbstractDerivedByteBuf.java:98)
	at io.netty.buffer.AbstractDerivedByteBuf.release(AbstractDerivedByteBuf.java:94)
	at io.netty.util.ReferenceCountUtil.release(ReferenceCountUtil.java:90)
	at io.netty.util.ReferenceCountUtil.safeRelease(ReferenceCountUtil.java:116)
	at io.netty.channel.ChannelOutboundBuffer.remove(ChannelOutboundBuffer.java:300)
	at io.netty.channel.ChannelOutboundBuffer.removeBytes(ChannelOutboundBuffer.java:382)
	at io.netty.channel.uring.AbstractIoUringStreamChannel$IoUringStreamUnsafe.writeComplete0(AbstractIoUringStreamChannel.java:692)
	at io.netty.channel.uring.IoUringSocketChannel$IoUringSocketUnsafe.writeComplete0(IoUringSocketChannel.java:188)
	at io.netty.channel.uring.AbstractIoUringChannel$AbstractUringUnsafe.writeComplete(AbstractIoUringChannel.java:1003)
	at io.netty.channel.uring.AbstractIoUringChannel$AbstractUringUnsafe.handle(AbstractIoUringChannel.java:474)
	at io.netty.channel.uring.IoUringIoHandler$DefaultIoUringIoRegistration.handle(IoUringIoHandler.java:705)
	at io.netty.channel.uring.IoUringIoHandler.handleFastPath(IoUringIoHandler.java:318)
	at io.netty.channel.uring.IoUringIoHandler.handle(IoUringIoHandler.java:298)
	at io.netty.channel.uring.CompletionQueue.process(CompletionQueue.java:151)
	at io.netty.channel.uring.IoUringIoHandler.processCompletionsAndHandleOverflow(IoUringIoHandler.java:213)
	at io.netty.channel.uring.IoUringIoHandler.run(IoUringIoHandler.java:188)
	at io.netty.channel.SingleThreadIoEventLoop.runIo(SingleThreadIoEventLoop.java:225)
	at io.netty.channel.SingleThreadIoEventLoop.run(SingleThreadIoEventLoop.java:196)
	at io.netty.util.concurrent.SingleThreadEventExecutor$5.run(SingleThreadEventExecutor.java:1204)
	at io.netty.util.internal.ThreadExecutorMap$2.run(ThreadExecutorMap.java:74)
	at io.netty.util.concurrent.FastThreadLocalRunnable.run(FastThreadLocalRunnable.java:30)
	at java.base/java.lang.Thread.run(Thread.java:1583)
00:06:33.519 [multiThreadIoEventLoopGroup-3-2] WARN  i.n.channel.uring.IoUringIoHandler - Unexpected exception in the IO event loop.
java.lang.IllegalStateException: arena buffer of Thread[#30,multiThreadIoEventLoopGroup-4-1,10,main] touched from Thread[#27,multiThreadIoEventLoopGroup-3-2,10,main] (event-loop arena buffers are thread confined)
	at io.netty.buffer.CycleArenaAllocator$ArenaBuf.violation(CycleArenaAllocator.java:1279)
	at io.netty.buffer.CycleArenaAllocator$ArenaBuf.retain(CycleArenaAllocator.java:1182)
	at io.netty.buffer.AbstractDerivedByteBuf.retain0(AbstractDerivedByteBuf.java:58)
	at io.netty.buffer.AbstractDerivedByteBuf.retain(AbstractDerivedByteBuf.java:54)
	at io.netty.channel.uring.IoUringSocketChannel$IoUringSocketUnsafe.handleWriteCompleteZeroCopy(IoUringSocketChannel.java:220)
	at io.netty.channel.uring.IoUringSocketChannel$IoUringSocketUnsafe.writeComplete0(IoUringSocketChannel.java:186)
	at io.netty.channel.uring.AbstractIoUringChannel$AbstractUringUnsafe.writeComplete(AbstractIoUringChannel.java:1003)
	at io.netty.channel.uring.AbstractIoUringChannel$AbstractUringUnsafe.handle(AbstractIoUringChannel.java:474)
	at io.netty.channel.uring.IoUringIoHandler$DefaultIoUringIoRegistration.handle(IoUringIoHandler.java:705)
	at io.netty.channel.uring.IoUringIoHandler.handleFastPath(IoUringIoHandler.java:318)
	at io.netty.channel.uring.IoUringIoHandler.handle(IoUringIoHandler.java:298)
	at io.netty.channel.uring.CompletionQueue.process(CompletionQueue.java:151)
	at io.netty.channel.uring.IoUringIoHandler.processCompletionsAndHandleOverflow(IoUringIoHandler.java:213)
	at io.netty.channel.uring.IoUringIoHandler.run(IoUringIoHandler.java:188)
	at io.netty.channel.SingleThreadIoEventLoop.runIo(SingleThreadIoEventLoop.java:225)
	at io.netty.channel.SingleThreadIoEventLoop.run(SingleThreadIoEventLoop.java:196)
	at io.netty.util.concurrent.SingleThreadEventExecutor$5.run(SingleThreadEventExecutor.java:1204)
	at io.netty.util.internal.ThreadExecutorMap$2.run(ThreadExecutorMap.java:74)
	at io.netty.util.concurrent.FastThreadLocalRunnable.run(FastThreadLocalRunnable.java:30)
	at java.base/java.lang.Thread.run(Thread.java:1583)
00:06:33.519 [multiThreadIoEventLoopGroup-4-1] WARN  io.netty.util.ReferenceCountUtil - Failed to release a message: UnpooledSlicedByteBuf(ridx: 0, widx: 2574, cap: 2574/2574, unwrapped: CycleArenaAllocator$ArenaBuf(ridx: 0, widx: 2574, cap: 8192))
java.lang.IllegalStateException: arena buffer of Thread[#28,multiThreadIoEventLoopGroup-3-3,10,main] touched from Thread[#30,multiThreadIoEventLoopGroup-4-1,10,main] (event-loop arena buffers are thread confined)
	at io.netty.buffer.CycleArenaAllocator$ArenaBuf.violation(CycleArenaAllocator.java:1279)
	at io.netty.buffer.CycleArenaAllocator$ArenaBuf.release(CycleArenaAllocator.java:1208)
	at io.netty.buffer.AbstractDerivedByteBuf.release0(AbstractDerivedByteBuf.java:98)
	at io.netty.buffer.AbstractDerivedByteBuf.release(AbstractDerivedByteBuf.java:94)
	at io.netty.util.ReferenceCountUtil.release(ReferenceCountUtil.java:90)
	at io.netty.util.ReferenceCountUtil.safeRelease(ReferenceCountUtil.java:116)
	at io.netty.channel.ChannelOutboundBuffer.remove(ChannelOutboundBuffer.java:300)
	at io.netty.channel.ChannelOutboundBuffer.removeBytes(ChannelOutboundBuffer.java:382)
	at io.netty.channel.uring.AbstractIoUringStreamChannel$IoUringStreamUnsafe.writeComplete0(AbstractIoUringStreamChannel.java:692)
	at io.netty.channel.uring.IoUringSocketChannel$IoUringSocketUnsafe.writeComplete0(IoUringSocketChannel.java:188)
	at io.netty.channel.uring.AbstractIoUringChannel$AbstractUringUnsafe.writeComplete(AbstractIoUringChannel.java:1003)
	at io.netty.channel.uring.AbstractIoUringChannel$AbstractUringUnsafe.handle(AbstractIoUringChannel.java:474)
	at io.netty.channel.uring.IoUringIoHandler$DefaultIoUringIoRegistration.handle(IoUringIoHandler.java:705)
	at io.netty.channel.uring.IoUringIoHandler.handleFastPath(IoUringIoHandler.java:318)
	at io.netty.channel.uring.IoUringIoHandler.handle(IoUringIoHandler.java:298)
	at io.netty.channel.uring.CompletionQueue.process(CompletionQueue.java:151)
	at io.netty.channel.uring.IoUringIoHandler.processCompletionsAndHandleOverflow(IoUringIoHandler.java:213)
	at io.netty.channel.uring.IoUringIoHandler.run(IoUringIoHandler.java:188)
	at io.netty.channel.SingleThreadIoEventLoop.runIo(SingleThreadIoEventLoop.java:225)
	at io.netty.channel.SingleThreadIoEventLoop.run(SingleThreadIoEventLoop.java:196)
	at io.netty.util.concurrent.SingleThreadEventExecutor$5.run(SingleThreadEventExecutor.java:1204)
	at io.netty.util.internal.ThreadExecutorMap$2.run(ThreadExecutorMap.java:74)
	at io.netty.util.concurrent.FastThreadLocalRunnable.run(FastThreadLocalRunnable.java:30)
	at java.base/java.lang.Thread.run(Thread.java:1583)
00:06:33.519 [multiThreadIoEventLoopGroup-3-3] WARN  io.netty.util.ReferenceCountUtil - Failed to release a message: UnpooledSlicedByteBuf(ridx: 0, widx: 87, cap: 87/87, unwrapped: CycleArenaAllocator$ArenaBuf(ridx: 0, widx: 8192, cap: 8192))
java.lang.IllegalStateException: arena buffer of Thread[#30,multiThreadIoEventLoopGroup-4-1,10,main] touched from Thread[#28,multiThreadIoEventLoopGroup-3-3,10,main] (event-loop arena buffers are thread confined)
	at io.netty.buffer.CycleArenaAllocator$ArenaBuf.violation(CycleArenaAllocator.java:1279)
	at io.netty.buffer.CycleArenaAllocator$ArenaBuf.release(CycleArenaAllocator.java:1208)
	at io.netty.buffer.AbstractDerivedByteBuf.release0(AbstractDerivedByteBuf.java:98)
	at io.netty.buffer.AbstractDerivedByteBuf.release(AbstractDerivedByteBuf.java:94)
	at io.netty.util.ReferenceCountUtil.release(ReferenceCountUtil.java:90)
	at io.netty.util.ReferenceCountUtil.safeRelease(ReferenceCountUtil.java:116)
	at io.netty.channel.ChannelOutboundBuffer.remove(ChannelOutboundBuffer.java:300)
	at io.netty.channel.ChannelOutboundBuffer.removeBytes(ChannelOutboundBuffer.java:382)
	at io.netty.channel.uring.AbstractIoUringStreamChannel$IoUringStreamUnsafe.writeComplete0(AbstractIoUringStreamChannel.java:692)
	at io.netty.channel.uring.IoUringSocketChannel$IoUringSocketUnsafe.writeComplete0(IoUringSocketChannel.java:188)
	at io.netty.channel.uring.AbstractIoUringChannel$AbstractUringUnsafe.writeComplete(AbstractIoUringChannel.java:1003)
	at io.netty.channel.uring.AbstractIoUringChannel$AbstractUringUnsafe.handle(AbstractIoUringChannel.java:474)
	at io.netty.channel.uring.IoUringIoHandler$DefaultIoUringIoRegistration.handle(IoUringIoHandler.java:705)
	at io.netty.channel.uring.IoUringIoHandler.handleFastPath(IoUringIoHandler.java:318)
	at io.netty.channel.uring.IoUringIoHandler.handle(IoUringIoHandler.java:298)
	at io.netty.channel.uring.CompletionQueue.process(CompletionQueue.java:151)
	at io.netty.channel.uring.IoUringIoHandler.processCompletionsAndHandleOverflow(IoUringIoHandler.java:213)
	at io.netty.channel.uring.IoUringIoHandler.run(IoUringIoHandler.java:188)
	at io.netty.channel.SingleThreadIoEventLoop.runIo(SingleThreadIoEventLoop.java:225)
	at io.netty.channel.SingleThreadIoEventLoop.run(SingleThreadIoEventLoop.java:196)
	at io.netty.util.concurrent.SingleThreadEventExecutor$5.run(SingleThreadEventExecutor.java:1204)
	at io.netty.util.internal.ThreadExecutorMap$2.run(ThreadExecutorMap.java:74)
	at io.netty.util.concurrent.FastThreadLocalRunnable.run(FastThreadLocalRunnable.java:30)
	at java.base/java.lang.Thread.run(Thread.java:1583)
00:06:33.519 [multiThreadIoEventLoopGroup-3-3] WARN  io.netty.util.ReferenceCountUtil - Failed to release a message: UnpooledSlicedByteBuf(ridx: 0, widx: 69, cap: 69/69, unwrapped: CycleArenaAllocator$ArenaBuf(ridx: 0, widx: 4606, cap: 8192))
java.lang.IllegalStateException: arena buffer of Thread[#30,multiThreadIoEventLoopGroup-4-1,10,main] touched from Thread[#28,multiThreadIoEventLoopGroup-3-3,10,main] (event-loop arena buffers are thread confined)
	at io.netty.buffer.CycleArenaAllocator$ArenaBuf.violation(CycleArenaAllocator.java:1279)
	at io.netty.buffer.CycleArenaAllocator$ArenaBuf.release(CycleArenaAllocator.java:1208)
	at io.netty.buffer.AbstractDerivedByteBuf.release0(AbstractDerivedByteBuf.java:98)
	at io.netty.buffer.AbstractDerivedByteBuf.release(AbstractDerivedByteBuf.java:94)
	at io.netty.util.ReferenceCountUtil.release(ReferenceCountUtil.java:90)
	at io.netty.util.ReferenceCountUtil.safeRelease(ReferenceCountUtil.java:116)
	at io.netty.channel.ChannelOutboundBuffer.remove(ChannelOutboundBuffer.java:300)
	at io.netty.channel.ChannelOutboundBuffer.removeBytes(ChannelOutboundBuffer.java:382)
	at io.netty.channel.uring.AbstractIoUringStreamChannel$IoUringStreamUnsafe.writeComplete0(AbstractIoUringStreamChannel.java:692)
	at io.netty.channel.uring.IoUringSocketChannel$IoUringSocketUnsafe.writeComplete0(IoUringSocketChannel.java:188)
	at io.netty.channel.uring.AbstractIoUringChannel$AbstractUringUnsafe.writeComplete(AbstractIoUringChannel.java:1003)
	at io.netty.channel.uring.AbstractIoUringChannel$AbstractUringUnsafe.handle(AbstractIoUringChannel.java:474)
	at io.netty.channel.uring.IoUringIoHandler$DefaultIoUringIoRegistration.handle(IoUringIoHandler.java:705)
	at io.netty.channel.uring.IoUringIoHandler.handleFastPath(IoUringIoHandler.java:318)
	at io.netty.channel.uring.IoUringIoHandler.handle(IoUringIoHandler.java:298)
	at io.netty.channel.uring.CompletionQueue.process(CompletionQueue.java:151)
	at io.netty.channel.uring.IoUringIoHandler.processCompletionsAndHandleOverflow(IoUringIoHandler.java:213)
	at io.netty.channel.uring.IoUringIoHandler.run(IoUringIoHandler.java:188)
	at io.netty.channel.SingleThreadIoEventLoop.runIo(SingleThreadIoEventLoop.java:225)
	at io.netty.channel.SingleThreadIoEventLoop.run(SingleThreadIoEventLoop.java:196)
	at io.netty.util.concurrent.SingleThreadEventExecutor$5.run(SingleThreadEventExecutor.java:1204)
	at io.netty.util.internal.ThreadExecutorMap$2.run(ThreadExecutorMap.java:74)
	at io.netty.util.concurrent.FastThreadLocalRunnable.run(FastThreadLocalRunnable.java:30)
	at java.base/java.lang.Thread.run(Thread.java:1583)
00:06:33.519 [multiThreadIoEventLoopGroup-3-3] WARN  i.n.channel.uring.IoUringIoHandler - Unexpected exception in the IO event loop.
java.lang.IllegalStateException: arena buffer of Thread[#30,multiThreadIoEventLoopGroup-4-1,10,main] touched from Thread[#28,multiThreadIoEventLoopGroup-3-3,10,main] (event-loop arena buffers are thread confined)
	at io.netty.buffer.CycleArenaAllocator$ArenaBuf.violation(CycleArenaAllocator.java:1279)
	at io.netty.buffer.CycleArenaAllocator$ArenaBuf.retain(CycleArenaAllocator.java:1182)
	at io.netty.buffer.AbstractDerivedByteBuf.retain0(AbstractDerivedByteBuf.java:58)
	at io.netty.buffer.AbstractDerivedByteBuf.retain(AbstractDerivedByteBuf.java:54)
	at io.netty.channel.uring.IoUringSocketChannel$IoUringSocketUnsafe.handleWriteCompleteZeroCopy(IoUringSocketChannel.java:220)
	at io.netty.channel.uring.IoUringSocketChannel$IoUringSocketUnsafe.writeComplete0(IoUringSocketChannel.java:186)
	at io.netty.channel.uring.AbstractIoUringChannel$AbstractUringUnsafe.writeComplete(AbstractIoUringChannel.java:1003)
	at io.netty.channel.uring.AbstractIoUringChannel$AbstractUringUnsafe.handle(AbstractIoUringChannel.java:474)
	at io.netty.channel.uring.IoUringIoHandler$DefaultIoUringIoRegistration.handle(IoUringIoHandler.java:705)
	at io.netty.channel.uring.IoUringIoHandler.handleFastPath(IoUringIoHandler.java:318)
	at io.netty.channel.uring.IoUringIoHandler.handle(IoUringIoHandler.java:298)
	at io.netty.channel.uring.CompletionQueue.process(CompletionQueue.java:151)
	at io.netty.channel.uring.IoUringIoHandler.processCompletionsAndHandleOverflow(IoUringIoHandler.java:213)
	at io.netty.channel.uring.IoUringIoHandler.run(IoUringIoHandler.java:188)
	at io.netty.channel.SingleThreadIoEventLoop.runIo(SingleThreadIoEventLoop.java:225)
	at io.netty.channel.SingleThreadIoEventLoop.run(SingleThreadIoEventLoop.java:196)
	at io.netty.util.concurrent.SingleThreadEventExecutor$5.run(SingleThreadEventExecutor.java:1204)
	at io.netty.util.internal.ThreadExecutorMap$2.run(ThreadExecutorMap.java:74)
	at io.netty.util.concurrent.FastThreadLocalRunnable.run(FastThreadLocalRunnable.java:30)
	at java.base/java.lang.Thread.run(Thread.java:1583)
00:06:33.618 [multiThreadIoEventLoopGroup-4-2] WARN  io.netty.util.ReferenceCountUtil - Failed to release a message: UnpooledSlicedByteBuf(ridx: 0, widx: 2017, cap: 2017/2017, unwrapped: CycleArenaAllocator$ArenaBuf(ridx: 0, widx: 8192, cap: 8192))
java.lang.IllegalStateException: arena buffer of Thread[#28,multiThreadIoEventLoopGroup-3-3,10,main] touched from Thread[#31,multiThreadIoEventLoopGroup-4-2,10,main] (event-loop arena buffers are thread confined)
	at io.netty.buffer.CycleArenaAllocator$ArenaBuf.violation(CycleArenaAllocator.java:1279)
	at io.netty.buffer.CycleArenaAllocator$ArenaBuf.release(CycleArenaAllocator.java:1208)
	at io.netty.buffer.AbstractDerivedByteBuf.release0(AbstractDerivedByteBuf.java:98)
	at io.netty.buffer.AbstractDerivedByteBuf.release(AbstractDerivedByteBuf.java:94)
	at io.netty.util.ReferenceCountUtil.release(ReferenceCountUtil.java:90)
	at io.netty.util.ReferenceCountUtil.safeRelease(ReferenceCountUtil.java:116)
	at io.netty.channel.ChannelOutboundBuffer.remove(ChannelOutboundBuffer.java:300)
	at io.netty.channel.ChannelOutboundBuffer.removeBytes(ChannelOutboundBuffer.java:382)
	at io.netty.channel.uring.AbstractIoUringStreamChannel$IoUringStreamUnsafe.writeComplete0(AbstractIoUringStreamChannel.java:692)
	at io.netty.channel.uring.IoUringSocketChannel$IoUringSocketUnsafe.writeComplete0(IoUringSocketChannel.java:188)
	at io.netty.channel.uring.AbstractIoUringChannel$AbstractUringUnsafe.writeComplete(AbstractIoUringChannel.java:1003)
	at io.netty.channel.uring.AbstractIoUringChannel$AbstractUringUnsafe.handle(AbstractIoUringChannel.java:474)
	at io.netty.channel.uring.IoUringIoHandler$DefaultIoUringIoRegistration.handle(IoUringIoHandler.java:705)
	at io.netty.channel.uring.IoUringIoHandler.handleFastPath(IoUringIoHandler.java:318)
	at io.netty.channel.uring.IoUringIoHandler.handle(IoUringIoHandler.java:298)
	at io.netty.channel.uring.CompletionQueue.process(CompletionQueue.java:151)
	at io.netty.channel.uring.IoUringIoHandler.processCompletionsAndHandleOverflow(IoUringIoHandler.java:213)
	at io.netty.channel.uring.IoUringIoHandler.run(IoUringIoHandler.java:188)
	at io.netty.channel.SingleThreadIoEventLoop.runIo(SingleThreadIoEventLoop.java:225)
	at io.netty.channel.SingleThreadIoEventLoop.run(SingleThreadIoEventLoop.java:196)
	at io.netty.util.concurrent.SingleThreadEventExecutor$5.run(SingleThreadEventExecutor.java:1204)
	at io.netty.util.internal.ThreadExecutorMap$2.run(ThreadExecutorMap.java:74)
	at io.netty.util.concurrent.FastThreadLocalRunnable.run(FastThreadLocalRunnable.java:30)
	at java.base/java.lang.Thread.run(Thread.java:1583)
00:06:33.618 [multiThreadIoEventLoopGroup-4-2] WARN  io.netty.util.ReferenceCountUtil - Failed to release a message: UnpooledSlicedByteBuf(ridx: 0, widx: 2017, cap: 2017/2017, unwrapped: CycleArenaAllocator$ArenaBuf(ridx: 0, widx: 8192, cap: 8192))
java.lang.IllegalStateException: arena buffer of Thread[#27,multiThreadIoEventLoopGroup-3-2,10,main] touched from Thread[#31,multiThreadIoEventLoopGroup-4-2,10,main] (event-loop arena buffers are thread confined)
	at io.netty.buffer.CycleArenaAllocator$ArenaBuf.violation(CycleArenaAllocator.java:1279)
	at io.netty.buffer.CycleArenaAllocator$ArenaBuf.release(CycleArenaAllocator.java:1208)
	at io.netty.buffer.AbstractDerivedByteBuf.release0(AbstractDerivedByteBuf.java:98)
	at io.netty.buffer.AbstractDerivedByteBuf.release(AbstractDerivedByteBuf.java:94)
	at io.netty.util.ReferenceCountUtil.release(ReferenceCountUtil.java:90)
	at io.netty.util.ReferenceCountUtil.safeRelease(ReferenceCountUtil.java:116)
	at io.netty.channel.ChannelOutboundBuffer.remove(ChannelOutboundBuffer.java:300)
	at io.netty.channel.ChannelOutboundBuffer.removeBytes(ChannelOutboundBuffer.java:382)
	at io.netty.channel.uring.AbstractIoUringStreamChannel$IoUringStreamUnsafe.writeComplete0(AbstractIoUringStreamChannel.java:692)
	at io.netty.channel.uring.IoUringSocketChannel$IoUringSocketUnsafe.writeComplete0(IoUringSocketChannel.java:188)
	at io.netty.channel.uring.AbstractIoUringChannel$AbstractUringUnsafe.writeComplete(AbstractIoUringChannel.java:1003)
	at io.netty.channel.uring.AbstractIoUringChannel$AbstractUringUnsafe.handle(AbstractIoUringChannel.java:474)
	at io.netty.channel.uring.IoUringIoHandler$DefaultIoUringIoRegistration.handle(IoUringIoHandler.java:705)
	at io.netty.channel.uring.IoUringIoHandler.handleFastPath(IoUringIoHandler.java:318)
	at io.netty.channel.uring.IoUringIoHandler.handle(IoUringIoHandler.java:298)
	at io.netty.channel.uring.CompletionQueue.process(CompletionQueue.java:151)
	at io.netty.channel.uring.IoUringIoHandler.processCompletionsAndHandleOverflow(IoUringIoHandler.java:213)
	at io.netty.channel.uring.IoUringIoHandler.run(IoUringIoHandler.java:188)
	at io.netty.channel.SingleThreadIoEventLoop.runIo(SingleThreadIoEventLoop.java:225)
	at io.netty.channel.SingleThreadIoEventLoop.run(SingleThreadIoEventLoop.java:196)
	at io.netty.util.concurrent.SingleThreadEventExecutor$5.run(SingleThreadEventExecutor.java:1204)
	at io.netty.util.internal.ThreadExecutorMap$2.run(ThreadExecutorMap.java:74)
	at io.netty.util.concurrent.FastThreadLocalRunnable.run(FastThreadLocalRunnable.java:30)
	at java.base/java.lang.Thread.run(Thread.java:1583)
00:06:33.618 [multiThreadIoEventLoopGroup-4-2] WARN  i.n.channel.uring.IoUringIoHandler - Unexpected exception in the IO event loop.
java.lang.IllegalStateException: arena buffer of Thread[#28,multiThreadIoEventLoopGroup-3-3,10,main] touched from Thread[#31,multiThreadIoEventLoopGroup-4-2,10,main] (event-loop arena buffers are thread confined)
	at io.netty.buffer.CycleArenaAllocator$ArenaBuf.violation(CycleArenaAllocator.java:1279)
	at io.netty.buffer.CycleArenaAllocator$ArenaBuf.retain(CycleArenaAllocator.java:1182)
	at io.netty.buffer.AbstractDerivedByteBuf.retain0(AbstractDerivedByteBuf.java:58)
	at io.netty.buffer.AbstractDerivedByteBuf.retain(AbstractDerivedByteBuf.java:54)
	at io.netty.channel.uring.IoUringSocketChannel$IoUringSocketUnsafe.handleWriteCompleteZeroCopy(IoUringSocketChannel.java:220)
	at io.netty.channel.uring.IoUringSocketChannel$IoUringSocketUnsafe.writeComplete0(IoUringSocketChannel.java:186)
	at io.netty.channel.uring.AbstractIoUringChannel$AbstractUringUnsafe.writeComplete(AbstractIoUringChannel.java:1003)
	at io.netty.channel.uring.AbstractIoUringChannel$AbstractUringUnsafe.handle(AbstractIoUringChannel.java:474)
	at io.netty.channel.uring.IoUringIoHandler$DefaultIoUringIoRegistration.handle(IoUringIoHandler.java:705)
	at io.netty.channel.uring.IoUringIoHandler.handleFastPath(IoUringIoHandler.java:318)
	at io.netty.channel.uring.IoUringIoHandler.handle(IoUringIoHandler.java:298)
	at io.netty.channel.uring.CompletionQueue.process(CompletionQueue.java:151)
	at io.netty.channel.uring.IoUringIoHandler.processCompletionsAndHandleOverflow(IoUringIoHandler.java:213)
	at io.netty.channel.uring.IoUringIoHandler.run(IoUringIoHandler.java:188)
	at io.netty.channel.SingleThreadIoEventLoop.runIo(SingleThreadIoEventLoop.java:225)
	at io.netty.channel.SingleThreadIoEventLoop.run(SingleThreadIoEventLoop.java:196)
	at io.netty.util.concurrent.SingleThreadEventExecutor$5.run(SingleThreadEventExecutor.java:1204)
	at io.netty.util.internal.ThreadExecutorMap$2.run(ThreadExecutorMap.java:74)
	at io.netty.util.concurrent.FastThreadLocalRunnable.run(FastThreadLocalRunnable.java:30)
	at java.base/java.lang.Thread.run(Thread.java:1583)
00:06:33.618 [multiThreadIoEventLoopGroup-3-1] WARN  i.n.channel.uring.IoUringIoHandler - Unexpected exception in the IO event loop.
java.lang.IllegalStateException: arena buffer of Thread[#30,multiThreadIoEventLoopGroup-4-1,10,main] touched from Thread[#26,multiThreadIoEventLoopGroup-3-1,10,main] (event-loop arena buffers are thread confined)
	at io.netty.buffer.CycleArenaAllocator$ArenaBuf.violation(CycleArenaAllocator.java:1279)
	at io.netty.buffer.CycleArenaAllocator$ArenaBuf.release(CycleArenaAllocator.java:1208)
	at io.netty.buffer.AbstractDerivedByteBuf.release0(AbstractDerivedByteBuf.java:98)
	at io.netty.buffer.AbstractDerivedByteBuf.release(AbstractDerivedByteBuf.java:94)
	at io.netty.channel.uring.IoUringSocketChannel$IoUringSocketUnsafe.handleWriteCompleteZeroCopy(IoUringSocketChannel.java:289)
	at io.netty.channel.uring.IoUringSocketChannel$IoUringSocketUnsafe.writeComplete0(IoUringSocketChannel.java:186)
	at io.netty.channel.uring.AbstractIoUringChannel$AbstractUringUnsafe.writeComplete(AbstractIoUringChannel.java:1003)
	at io.netty.channel.uring.AbstractIoUringChannel$AbstractUringUnsafe.handle(AbstractIoUringChannel.java:474)
	at io.netty.channel.uring.IoUringIoHandler$DefaultIoUringIoRegistration.handle(IoUringIoHandler.java:705)
	at io.netty.channel.uring.IoUringIoHandler.handleFastPath(IoUringIoHandler.java:318)
	at io.netty.channel.uring.IoUringIoHandler.handle(IoUringIoHandler.java:298)
	at io.netty.channel.uring.CompletionQueue.process(CompletionQueue.java:151)
	at io.netty.channel.uring.IoUringIoHandler.processCompletionsAndHandleOverflow(IoUringIoHandler.java:213)
	at io.netty.channel.uring.IoUringIoHandler.run(IoUringIoHandler.java:188)
	at io.netty.channel.SingleThreadIoEventLoop.runIo(SingleThreadIoEventLoop.java:225)
	at io.netty.channel.SingleThreadIoEventLoop.run(SingleThreadIoEventLoop.java:196)
	at io.netty.util.concurrent.SingleThreadEventExecutor$5.run(SingleThreadEventExecutor.java:1204)
	at io.netty.util.internal.ThreadExecutorMap$2.run(ThreadExecutorMap.java:74)
	at io.netty.util.concurrent.FastThreadLocalRunnable.run(FastThreadLocalRunnable.java:30)
	at java.base/java.lang.Thread.run(Thread.java:1583)
00:06:33.618 [multiThreadIoEventLoopGroup-3-4] WARN  io.netty.util.ReferenceCountUtil - Failed to release a message: UnpooledSlicedByteBuf(ridx: 0, widx: 744, cap: 744/744, unwrapped: CycleArenaAllocator$ArenaBuf(ridx: 0, widx: 8192, cap: 8192))
java.lang.IllegalStateException: arena buffer of Thread[#33,multiThreadIoEventLoopGroup-4-4,10,main] touched from Thread[#29,multiThreadIoEventLoopGroup-3-4,10,main] (event-loop arena buffers are thread confined)
	at io.netty.buffer.CycleArenaAllocator$ArenaBuf.violation(CycleArenaAllocator.java:1279)
	at io.netty.buffer.CycleArenaAllocator$ArenaBuf.release(CycleArenaAllocator.java:1208)
	at io.netty.buffer.AbstractDerivedByteBuf.release0(AbstractDerivedByteBuf.java:98)
	at io.netty.buffer.AbstractDerivedByteBuf.release(AbstractDerivedByteBuf.java:94)
	at io.netty.util.ReferenceCountUtil.release(ReferenceCountUtil.java:90)
	at io.netty.util.ReferenceCountUtil.safeRelease(ReferenceCountUtil.java:116)
	at io.netty.channel.ChannelOutboundBuffer.remove(ChannelOutboundBuffer.java:300)
	at io.netty.channel.ChannelOutboundBuffer.removeBytes(ChannelOutboundBuffer.java:382)
	at io.netty.channel.uring.AbstractIoUringStreamChannel$IoUringStreamUnsafe.writeComplete0(AbstractIoUringStreamChannel.java:692)
	at io.netty.channel.uring.IoUringSocketChannel$IoUringSocketUnsafe.writeComplete0(IoUringSocketChannel.java:188)
	at io.netty.channel.uring.AbstractIoUringChannel$AbstractUringUnsafe.writeComplete(AbstractIoUringChannel.java:1003)
	at io.netty.channel.uring.AbstractIoUringChannel$AbstractUringUnsafe.handle(AbstractIoUringChannel.java:474)
	at io.netty.channel.uring.IoUringIoHandler$DefaultIoUringIoRegistration.handle(IoUringIoHandler.java:705)
	at io.netty.channel.uring.IoUringIoHandler.handleFastPath(IoUringIoHandler.java:318)
	at io.netty.channel.uring.IoUringIoHandler.handle(IoUringIoHandler.java:298)
	at io.netty.channel.uring.CompletionQueue.process(CompletionQueue.java:151)
	at io.netty.channel.uring.IoUringIoHandler.processCompletionsAndHandleOverflow(IoUringIoHandler.java:213)
	at io.netty.channel.uring.IoUringIoHandler.run(IoUringIoHandler.java:188)
	at io.netty.channel.SingleThreadIoEventLoop.runIo(SingleThreadIoEventLoop.java:225)
	at io.netty.channel.SingleThreadIoEventLoop.run(SingleThreadIoEventLoop.java:196)
	at io.netty.util.concurrent.SingleThreadEventExecutor$5.run(SingleThreadEventExecutor.java:1204)
	at io.netty.util.internal.ThreadExecutorMap$2.run(ThreadExecutorMap.java:74)
	at io.netty.util.concurrent.FastThreadLocalRunnable.run(FastThreadLocalRunnable.java:30)
	at java.base/java.lang.Thread.run(Thread.java:1583)
00:06:33.618 [multiThreadIoEventLoopGroup-4-4] WARN  i.n.channel.uring.IoUringIoHandler - Unexpected exception in the IO event loop.
java.lang.IllegalStateException: arena buffer of Thread[#27,multiThreadIoEventLoopGroup-3-2,10,main] touched from Thread[#33,multiThreadIoEventLoopGroup-4-4,10,main] (event-loop arena buffers are thread confined)
	at io.netty.buffer.CycleArenaAllocator$ArenaBuf.violation(CycleArenaAllocator.java:1279)
	at io.netty.buffer.CycleArenaAllocator$ArenaBuf.retain(CycleArenaAllocator.java:1182)
	at io.netty.buffer.AbstractDerivedByteBuf.retain0(AbstractDerivedByteBuf.java:58)
	at io.netty.buffer.AbstractDerivedByteBuf.retain(AbstractDerivedByteBuf.java:54)
	at io.netty.channel.uring.IoUringSocketChannel$IoUringSocketUnsafe.handleWriteCompleteZeroCopy(IoUringSocketChannel.java:220)
	at io.netty.channel.uring.IoUringSocketChannel$IoUringSocketUnsafe.writeComplete0(IoUringSocketChannel.java:186)
	at io.netty.channel.uring.AbstractIoUringChannel$AbstractUringUnsafe.writeComplete(AbstractIoUringChannel.java:1003)
	at io.netty.channel.uring.AbstractIoUringChannel$AbstractUringUnsafe.handle(AbstractIoUringChannel.java:474)
	at io.netty.channel.uring.IoUringIoHandler$DefaultIoUringIoRegistration.handle(IoUringIoHandler.java:705)
	at io.netty.channel.uring.IoUringIoHandler.handleFastPath(IoUringIoHandler.java:318)
	at io.netty.channel.uring.IoUringIoHandler.handle(IoUringIoHandler.java:298)
	at io.netty.channel.uring.CompletionQueue.process(CompletionQueue.java:151)
	at io.netty.channel.uring.IoUringIoHandler.processCompletionsAndHandleOverflow(IoUringIoHandler.java:213)
	at io.netty.channel.uring.IoUringIoHandler.run(IoUringIoHandler.java:188)
	at io.netty.channel.SingleThreadIoEventLoop.runIo(SingleThreadIoEventLoop.java:225)
	at io.netty.channel.SingleThreadIoEventLoop.run(SingleThreadIoEventLoop.java:196)
	at io.netty.util.concurrent.SingleThreadEventExecutor$5.run(SingleThreadEventExecutor.java:1204)
	at io.netty.util.internal.ThreadExecutorMap$2.run(ThreadExecutorMap.java:74)
	at io.netty.util.concurrent.FastThreadLocalRunnable.run(FastThreadLocalRunnable.java:30)
	at java.base/java.lang.Thread.run(Thread.java:1583)
00:06:33.618 [multiThreadIoEventLoopGroup-3-4] WARN  io.netty.util.ReferenceCountUtil - Failed to release a message: UnpooledSlicedByteBuf(ridx: 0, widx: 1626, cap: 1626/1626, unwrapped: CycleArenaAllocator$ArenaBuf(ridx: 0, widx: 8192, cap: 8192))
java.lang.IllegalStateException: arena buffer of Thread[#33,multiThreadIoEventLoopGroup-4-4,10,main] touched from Thread[#29,multiThreadIoEventLoopGroup-3-4,10,main] (event-loop arena buffers are thread confined)
	at io.netty.buffer.CycleArenaAllocator$ArenaBuf.violation(CycleArenaAllocator.java:1279)
	at io.netty.buffer.CycleArenaAllocator$ArenaBuf.release(CycleArenaAllocator.java:1208)
	at io.netty.buffer.AbstractDerivedByteBuf.release0(AbstractDerivedByteBuf.java:98)
	at io.netty.buffer.AbstractDerivedByteBuf.release(AbstractDerivedByteBuf.java:94)
	at io.netty.util.ReferenceCountUtil.release(ReferenceCountUtil.java:90)
	at io.netty.util.ReferenceCountUtil.safeRelease(ReferenceCountUtil.java:116)
	at io.netty.channel.ChannelOutboundBuffer.remove(ChannelOutboundBuffer.java:300)
	at io.netty.channel.ChannelOutboundBuffer.removeBytes(ChannelOutboundBuffer.java:382)
	at io.netty.channel.uring.AbstractIoUringStreamChannel$IoUringStreamUnsafe.writeComplete0(AbstractIoUringStreamChannel.java:692)
	at io.netty.channel.uring.IoUringSocketChannel$IoUringSocketUnsafe.writeComplete0(IoUringSocketChannel.java:188)
	at io.netty.channel.uring.AbstractIoUringChannel$AbstractUringUnsafe.writeComplete(AbstractIoUringChannel.java:1003)
	at io.netty.channel.uring.AbstractIoUringChannel$AbstractUringUnsafe.handle(AbstractIoUringChannel.java:474)
	at io.netty.channel.uring.IoUringIoHandler$DefaultIoUringIoRegistration.handle(IoUringIoHandler.java:705)
	at io.netty.channel.uring.IoUringIoHandler.handleFastPath(IoUringIoHandler.java:318)
	at io.netty.channel.uring.IoUringIoHandler.handle(IoUringIoHandler.java:298)
	at io.netty.channel.uring.CompletionQueue.process(CompletionQueue.java:151)
	at io.netty.channel.uring.IoUringIoHandler.processCompletionsAndHandleOverflow(IoUringIoHandler.java:213)
	at io.netty.channel.uring.IoUringIoHandler.run(IoUringIoHandler.java:188)
	at io.netty.channel.SingleThreadIoEventLoop.runIo(SingleThreadIoEventLoop.java:225)
	at io.netty.channel.SingleThreadIoEventLoop.run(SingleThreadIoEventLoop.java:196)
	at io.netty.util.concurrent.SingleThreadEventExecutor$5.run(SingleThreadEventExecutor.java:1204)
	at io.netty.util.internal.ThreadExecutorMap$2.run(ThreadExecutorMap.java:74)
	at io.netty.util.concurrent.FastThreadLocalRunnable.run(FastThreadLocalRunnable.java:30)
	at java.base/java.lang.Thread.run(Thread.java:1583)
00:06:33.618 [multiThreadIoEventLoopGroup-3-4] WARN  i.n.channel.uring.IoUringIoHandler - Unexpected exception in the IO event loop.
java.lang.IllegalStateException: arena buffer of Thread[#33,multiThreadIoEventLoopGroup-4-4,10,main] touched from Thread[#29,multiThreadIoEventLoopGroup-3-4,10,main] (event-loop arena buffers are thread confined)
	at io.netty.buffer.CycleArenaAllocator$ArenaBuf.violation(CycleArenaAllocator.java:1279)
	at io.netty.buffer.CycleArenaAllocator$ArenaBuf.release(CycleArenaAllocator.java:1208)
	at io.netty.buffer.AbstractDerivedByteBuf.release0(AbstractDerivedByteBuf.java:98)
	at io.netty.buffer.AbstractDerivedByteBuf.release(AbstractDerivedByteBuf.java:94)
	at io.netty.channel.uring.IoUringSocketChannel$IoUringSocketUnsafe.handleWriteCompleteZeroCopy(IoUringSocketChannel.java:289)
	at io.netty.channel.uring.IoUringSocketChannel$IoUringSocketUnsafe.writeComplete0(IoUringSocketChannel.java:186)
	at io.netty.channel.uring.AbstractIoUringChannel$AbstractUringUnsafe.writeComplete(AbstractIoUringChannel.java:1003)
	at io.netty.channel.uring.AbstractIoUringChannel$AbstractUringUnsafe.handle(AbstractIoUringChannel.java:474)
	at io.netty.channel.uring.IoUringIoHandler$DefaultIoUringIoRegistration.handle(IoUringIoHandler.java:705)
	at io.netty.channel.uring.IoUringIoHandler.handleFastPath(IoUringIoHandler.java:318)
	at io.netty.channel.uring.IoUringIoHandler.handle(IoUringIoHandler.java:298)
	at io.netty.channel.uring.CompletionQueue.process(CompletionQueue.java:151)
	at io.netty.channel.uring.IoUringIoHandler.processCompletionsAndHandleOverflow(IoUringIoHandler.java:213)
	at io.netty.channel.uring.IoUringIoHandler.run(IoUringIoHandler.java:188)
	at io.netty.channel.SingleThreadIoEventLoop.runIo(SingleThreadIoEventLoop.java:225)
	at io.netty.channel.SingleThreadIoEventLoop.run(SingleThreadIoEventLoop.java:196)
	at io.netty.util.concurrent.SingleThreadEventExecutor$5.run(SingleThreadEventExecutor.java:1204)
	at io.netty.util.internal.ThreadExecutorMap$2.run(ThreadExecutorMap.java:74)
	at io.netty.util.concurrent.FastThreadLocalRunnable.run(FastThreadLocalRunnable.java:30)
	at java.base/java.lang.Thread.run(Thread.java:1583)
00:06:33.618 [multiThreadIoEventLoopGroup-4-3] WARN  i.n.channel.uring.IoUringIoHandler - Unexpected exception in the IO event loop.
java.lang.IllegalStateException: arena buffer of Thread[#27,multiThreadIoEventLoopGroup-3-2,10,main] touched from Thread[#32,multiThreadIoEventLoopGroup-4-3,10,main] (event-loop arena buffers are thread confined)
	at io.netty.buffer.CycleArenaAllocator$ArenaBuf.violation(CycleArenaAllocator.java:1279)
	at io.netty.buffer.CycleArenaAllocator$ArenaBuf.release(CycleArenaAllocator.java:1208)
	at io.netty.buffer.AbstractDerivedByteBuf.release0(AbstractDerivedByteBuf.java:98)
	at io.netty.buffer.AbstractDerivedByteBuf.release(AbstractDerivedByteBuf.java:94)
	at io.netty.channel.uring.IoUringSocketChannel$IoUringSocketUnsafe.handleWriteCompleteZeroCopy(IoUringSocketChannel.java:289)
	at io.netty.channel.uring.IoUringSocketChannel$IoUringSocketUnsafe.writeComplete0(IoUringSocketChannel.java:186)
	at io.netty.channel.uring.AbstractIoUringChannel$AbstractUringUnsafe.writeComplete(AbstractIoUringChannel.java:1003)
	at io.netty.channel.uring.AbstractIoUringChannel$AbstractUringUnsafe.handle(AbstractIoUringChannel.java:474)
	at io.netty.channel.uring.IoUringIoHandler$DefaultIoUringIoRegistration.handle(IoUringIoHandler.java:705)
	at io.netty.channel.uring.IoUringIoHandler.handleFastPath(IoUringIoHandler.java:318)
	at io.netty.channel.uring.IoUringIoHandler.handle(IoUringIoHandler.java:298)
	at io.netty.channel.uring.CompletionQueue.process(CompletionQueue.java:151)
	at io.netty.channel.uring.IoUringIoHandler.processCompletionsAndHandleOverflow(IoUringIoHandler.java:213)
	at io.netty.channel.uring.IoUringIoHandler.run(IoUringIoHandler.java:188)
	at io.netty.channel.SingleThreadIoEventLoop.runIo(SingleThreadIoEventLoop.java:225)
	at io.netty.channel.SingleThreadIoEventLoop.run(SingleThreadIoEventLoop.java:196)
	at io.netty.util.concurrent.SingleThreadEventExecutor$5.run(SingleThreadEventExecutor.java:1204)
	at io.netty.util.internal.ThreadExecutorMap$2.run(ThreadExecutorMap.java:74)
	at io.netty.util.concurrent.FastThreadLocalRunnable.run(FastThreadLocalRunnable.java:30)
	at java.base/java.lang.Thread.run(Thread.java:1583)
00:06:33.619 [multiThreadIoEventLoopGroup-3-2] WARN  i.n.channel.uring.IoUringIoHandler - Unexpected exception in the IO event loop.
java.lang.IllegalStateException: arena buffer of Thread[#30,multiThreadIoEventLoopGroup-4-1,10,main] touched from Thread[#27,multiThreadIoEventLoopGroup-3-2,10,main] (event-loop arena buffers are thread confined)
	at io.netty.buffer.CycleArenaAllocator$ArenaBuf.violation(CycleArenaAllocator.java:1279)
	at io.netty.buffer.CycleArenaAllocator$ArenaBuf.release(CycleArenaAllocator.java:1208)
	at io.netty.buffer.AbstractDerivedByteBuf.release0(AbstractDerivedByteBuf.java:98)
	at io.netty.buffer.AbstractDerivedByteBuf.release(AbstractDerivedByteBuf.java:94)
	at io.netty.channel.uring.IoUringSocketChannel$IoUringSocketUnsafe.handleWriteCompleteZeroCopy(IoUringSocketChannel.java:289)
	at io.netty.channel.uring.IoUringSocketChannel$IoUringSocketUnsafe.writeComplete0(IoUringSocketChannel.java:186)
	at io.netty.channel.uring.AbstractIoUringChannel$AbstractUringUnsafe.writeComplete(AbstractIoUringChannel.java:1003)
	at io.netty.channel.uring.AbstractIoUringChannel$AbstractUringUnsafe.handle(AbstractIoUringChannel.java:474)
	at io.netty.channel.uring.IoUringIoHandler$DefaultIoUringIoRegistration.handle(IoUringIoHandler.java:705)
	at io.netty.channel.uring.IoUringIoHandler.handleFastPath(IoUringIoHandler.java:318)
	at io.netty.channel.uring.IoUringIoHandler.handle(IoUringIoHandler.java:298)
	at io.netty.channel.uring.CompletionQueue.process(CompletionQueue.java:151)
	at io.netty.channel.uring.IoUringIoHandler.processCompletionsAndHandleOverflow(IoUringIoHandler.java:213)
	at io.netty.channel.uring.IoUringIoHandler.run(IoUringIoHandler.java:188)
	at io.netty.channel.SingleThreadIoEventLoop.runIo(SingleThreadIoEventLoop.java:225)
	at io.netty.channel.SingleThreadIoEventLoop.run(SingleThreadIoEventLoop.java:196)
	at io.netty.util.concurrent.SingleThreadEventExecutor$5.run(SingleThreadEventExecutor.java:1204)
	at io.netty.util.internal.ThreadExecutorMap$2.run(ThreadExecutorMap.java:74)
	at io.netty.util.concurrent.FastThreadLocalRunnable.run(FastThreadLocalRunnable.java:30)
	at java.base/java.lang.Thread.run(Thread.java:1583)
00:06:33.619 [multiThreadIoEventLoopGroup-3-3] WARN  io.netty.util.ReferenceCountUtil - Failed to release a message: UnpooledSlicedByteBuf(ridx: 0, widx: 156, cap: 156/156, unwrapped: CycleArenaAllocator$ArenaBuf(ridx: 0, widx: 4606, cap: 8192))
java.lang.IllegalStateException: arena buffer of Thread[#30,multiThreadIoEventLoopGroup-4-1,10,main] touched from Thread[#28,multiThreadIoEventLoopGroup-3-3,10,main] (event-loop arena buffers are thread confined)
	at io.netty.buffer.CycleArenaAllocator$ArenaBuf.violation(CycleArenaAllocator.java:1279)
	at io.netty.buffer.CycleArenaAllocator$ArenaBuf.release(CycleArenaAllocator.java:1208)
	at io.netty.buffer.AbstractDerivedByteBuf.release0(AbstractDerivedByteBuf.java:98)
	at io.netty.buffer.AbstractDerivedByteBuf.release(AbstractDerivedByteBuf.java:94)
	at io.netty.util.ReferenceCountUtil.release(ReferenceCountUtil.java:90)
	at io.netty.util.ReferenceCountUtil.safeRelease(ReferenceCountUtil.java:116)
	at io.netty.channel.ChannelOutboundBuffer.remove(ChannelOutboundBuffer.java:300)
	at io.netty.channel.ChannelOutboundBuffer.removeBytes(ChannelOutboundBuffer.java:382)
	at io.netty.channel.uring.AbstractIoUringStreamChannel$IoUringStreamUnsafe.writeComplete0(AbstractIoUringStreamChannel.java:692)
	at io.netty.channel.uring.IoUringSocketChannel$IoUringSocketUnsafe.writeComplete0(IoUringSocketChannel.java:188)
	at io.netty.channel.uring.AbstractIoUringChannel$AbstractUringUnsafe.writeComplete(AbstractIoUringChannel.java:1003)
	at io.netty.channel.uring.AbstractIoUringChannel$AbstractUringUnsafe.handle(AbstractIoUringChannel.java:474)
	at io.netty.channel.uring.IoUringIoHandler$DefaultIoUringIoRegistration.handle(IoUringIoHandler.java:705)
	at io.netty.channel.uring.IoUringIoHandler.handleFastPath(IoUringIoHandler.java:318)
	at io.netty.channel.uring.IoUringIoHandler.handle(IoUringIoHandler.java:298)
	at io.netty.channel.uring.CompletionQueue.process(CompletionQueue.java:151)
	at io.netty.channel.uring.IoUringIoHandler.processCompletionsAndHandleOverflow(IoUringIoHandler.java:213)
	at io.netty.channel.uring.IoUringIoHandler.run(IoUringIoHandler.java:188)
	at io.netty.channel.SingleThreadIoEventLoop.runIo(SingleThreadIoEventLoop.java:225)
	at io.netty.channel.SingleThreadIoEventLoop.run(SingleThreadIoEventLoop.java:196)
	at io.netty.util.concurrent.SingleThreadEventExecutor$5.run(SingleThreadEventExecutor.java:1204)
	at io.netty.util.internal.ThreadExecutorMap$2.run(ThreadExecutorMap.java:74)
	at io.netty.util.concurrent.FastThreadLocalRunnable.run(FastThreadLocalRunnable.java:30)
	at java.base/java.lang.Thread.run(Thread.java:1583)
00:06:33.619 [multiThreadIoEventLoopGroup-3-3] WARN  i.n.channel.uring.IoUringIoHandler - Unexpected exception in the IO event loop.
java.lang.IllegalStateException: arena buffer of Thread[#30,multiThreadIoEventLoopGroup-4-1,10,main] touched from Thread[#28,multiThreadIoEventLoopGroup-3-3,10,main] (event-loop arena buffers are thread confined)
	at io.netty.buffer.CycleArenaAllocator$ArenaBuf.violation(CycleArenaAllocator.java:1279)
	at io.netty.buffer.CycleArenaAllocator$ArenaBuf.release(CycleArenaAllocator.java:1208)
	at io.netty.buffer.AbstractDerivedByteBuf.release0(AbstractDerivedByteBuf.java:98)
	at io.netty.buffer.AbstractDerivedByteBuf.release(AbstractDerivedByteBuf.java:94)
	at io.netty.channel.uring.IoUringSocketChannel$IoUringSocketUnsafe.handleWriteCompleteZeroCopy(IoUringSocketChannel.java:289)
	at io.netty.channel.uring.IoUringSocketChannel$IoUringSocketUnsafe.writeComplete0(IoUringSocketChannel.java:186)
	at io.netty.channel.uring.AbstractIoUringChannel$AbstractUringUnsafe.writeComplete(AbstractIoUringChannel.java:1003)
	at io.netty.channel.uring.AbstractIoUringChannel$AbstractUringUnsafe.handle(AbstractIoUringChannel.java:474)
	at io.netty.channel.uring.IoUringIoHandler$DefaultIoUringIoRegistration.handle(IoUringIoHandler.java:705)
	at io.netty.channel.uring.IoUringIoHandler.handleFastPath(IoUringIoHandler.java:318)
	at io.netty.channel.uring.IoUringIoHandler.handle(IoUringIoHandler.java:298)
	at io.netty.channel.uring.CompletionQueue.process(CompletionQueue.java:151)
	at io.netty.channel.uring.IoUringIoHandler.processCompletionsAndHandleOverflow(IoUringIoHandler.java:213)
	at io.netty.channel.uring.IoUringIoHandler.run(IoUringIoHandler.java:188)
	at io.netty.channel.SingleThreadIoEventLoop.runIo(SingleThreadIoEventLoop.java:225)
	at io.netty.channel.SingleThreadIoEventLoop.run(SingleThreadIoEventLoop.java:196)
	at io.netty.util.concurrent.SingleThreadEventExecutor$5.run(SingleThreadEventExecutor.java:1204)
	at io.netty.util.internal.ThreadExecutorMap$2.run(ThreadExecutorMap.java:74)
	at io.netty.util.concurrent.FastThreadLocalRunnable.run(FastThreadLocalRunnable.java:30)
	at java.base/java.lang.Thread.run(Thread.java:1583)
00:06:33.718 [multiThreadIoEventLoopGroup-4-2] WARN  io.netty.util.ReferenceCountUtil - Failed to release a message: UnpooledSlicedByteBuf(ridx: 0, widx: 2178, cap: 2178/2178, unwrapped: CycleArenaAllocator$ArenaBuf(ridx: 0, widx: 8192, cap: 8192))
java.lang.IllegalStateException: arena buffer of Thread[#28,multiThreadIoEventLoopGroup-3-3,10,main] touched from Thread[#31,multiThreadIoEventLoopGroup-4-2,10,main] (event-loop arena buffers are thread confined)
	at io.netty.buffer.CycleArenaAllocator$ArenaBuf.violation(CycleArenaAllocator.java:1279)
	at io.netty.buffer.CycleArenaAllocator$ArenaBuf.release(CycleArenaAllocator.java:1208)
	at io.netty.buffer.AbstractDerivedByteBuf.release0(AbstractDerivedByteBuf.java:98)
	at io.netty.buffer.AbstractDerivedByteBuf.release(AbstractDerivedByteBuf.java:94)
	at io.netty.util.ReferenceCountUtil.release(ReferenceCountUtil.java:90)
	at io.netty.util.ReferenceCountUtil.safeRelease(ReferenceCountUtil.java:116)
	at io.netty.channel.ChannelOutboundBuffer.remove(ChannelOutboundBuffer.java:300)
	at io.netty.channel.ChannelOutboundBuffer.removeBytes(ChannelOutboundBuffer.java:382)
	at io.netty.channel.uring.AbstractIoUringStreamChannel$IoUringStreamUnsafe.writeComplete0(AbstractIoUringStreamChannel.java:692)
	at io.netty.channel.uring.IoUringSocketChannel$IoUringSocketUnsafe.writeComplete0(IoUringSocketChannel.java:188)
	at io.netty.channel.uring.AbstractIoUringChannel$AbstractUringUnsafe.writeComplete(AbstractIoUringChannel.java:1003)
	at io.netty.channel.uring.AbstractIoUringChannel$AbstractUringUnsafe.handle(AbstractIoUringChannel.java:474)
	at io.netty.channel.uring.IoUringIoHandler$DefaultIoUringIoRegistration.handle(IoUringIoHandler.java:705)
	at io.netty.channel.uring.IoUringIoHandler.handleFastPath(IoUringIoHandler.java:318)
	at io.netty.channel.uring.IoUringIoHandler.handle(IoUringIoHandler.java:298)
	at io.netty.channel.uring.CompletionQueue.process(CompletionQueue.java:151)
	at io.netty.channel.uring.IoUringIoHandler.processCompletionsAndHandleOverflow(IoUringIoHandler.java:213)
	at io.netty.channel.uring.IoUringIoHandler.run(IoUringIoHandler.java:188)
	at io.netty.channel.SingleThreadIoEventLoop.runIo(SingleThreadIoEventLoop.java:225)
	at io.netty.channel.SingleThreadIoEventLoop.run(SingleThreadIoEventLoop.java:196)
	at io.netty.util.concurrent.SingleThreadEventExecutor$5.run(SingleThreadEventExecutor.java:1204)
	at io.netty.util.internal.ThreadExecutorMap$2.run(ThreadExecutorMap.java:74)
	at io.netty.util.concurrent.FastThreadLocalRunnable.run(FastThreadLocalRunnable.java:30)
	at java.base/java.lang.Thread.run(Thread.java:1583)
00:06:33.718 [multiThreadIoEventLoopGroup-4-2] WARN  io.netty.util.ReferenceCountUtil - Failed to release a message: UnpooledSlicedByteBuf(ridx: 0, widx: 2178, cap: 2178/2178, unwrapped: CycleArenaAllocator$ArenaBuf(ridx: 0, widx: 8192, cap: 8192))
java.lang.IllegalStateException: arena buffer of Thread[#27,multiThreadIoEventLoopGroup-3-2,10,main] touched from Thread[#31,multiThreadIoEventLoopGroup-4-2,10,main] (event-loop arena buffers are thread confined)
	at io.netty.buffer.CycleArenaAllocator$ArenaBuf.violation(CycleArenaAllocator.java:1279)
	at io.netty.buffer.CycleArenaAllocator$ArenaBuf.release(CycleArenaAllocator.java:1208)
	at io.netty.buffer.AbstractDerivedByteBuf.release0(AbstractDerivedByteBuf.java:98)
	at io.netty.buffer.AbstractDerivedByteBuf.release(AbstractDerivedByteBuf.java:94)
	at io.netty.util.ReferenceCountUtil.release(ReferenceCountUtil.java:90)
	at io.netty.util.ReferenceCountUtil.safeRelease(ReferenceCountUtil.java:116)
	at io.netty.channel.ChannelOutboundBuffer.remove(ChannelOutboundBuffer.java:300)
	at io.netty.channel.ChannelOutboundBuffer.removeBytes(ChannelOutboundBuffer.java:382)
	at io.netty.channel.uring.AbstractIoUringStreamChannel$IoUringStreamUnsafe.writeComplete0(AbstractIoUringStreamChannel.java:692)
	at io.netty.channel.uring.IoUringSocketChannel$IoUringSocketUnsafe.writeComplete0(IoUringSocketChannel.java:188)
	at io.netty.channel.uring.AbstractIoUringChannel$AbstractUringUnsafe.writeComplete(AbstractIoUringChannel.java:1003)
	at io.netty.channel.uring.AbstractIoUringChannel$AbstractUringUnsafe.handle(AbstractIoUringChannel.java:474)
	at io.netty.channel.uring.IoUringIoHandler$DefaultIoUringIoRegistration.handle(IoUringIoHandler.java:705)
	at io.netty.channel.uring.IoUringIoHandler.handleFastPath(IoUringIoHandler.java:318)
	at io.netty.channel.uring.IoUringIoHandler.handle(IoUringIoHandler.java:298)
	at io.netty.channel.uring.CompletionQueue.process(CompletionQueue.java:151)
	at io.netty.channel.uring.IoUringIoHandler.processCompletionsAndHandleOverflow(IoUringIoHandler.java:213)
	at io.netty.channel.uring.IoUringIoHandler.run(IoUringIoHandler.java:188)
	at io.netty.channel.SingleThreadIoEventLoop.runIo(SingleThreadIoEventLoop.java:225)
	at io.netty.channel.SingleThreadIoEventLoop.run(SingleThreadIoEventLoop.java:196)
	at io.netty.util.concurrent.SingleThreadEventExecutor$5.run(SingleThreadEventExecutor.java:1204)
	at io.netty.util.internal.ThreadExecutorMap$2.run(ThreadExecutorMap.java:74)
	at io.netty.util.concurrent.FastThreadLocalRunnable.run(FastThreadLocalRunnable.java:30)
	at java.base/java.lang.Thread.run(Thread.java:1583)
00:06:33.718 [multiThreadIoEventLoopGroup-4-2] WARN  i.n.channel.uring.IoUringIoHandler - Unexpected exception in the IO event loop.
java.lang.IllegalStateException: arena buffer of Thread[#28,multiThreadIoEventLoopGroup-3-3,10,main] touched from Thread[#31,multiThreadIoEventLoopGroup-4-2,10,main] (event-loop arena buffers are thread confined)
	at io.netty.buffer.CycleArenaAllocator$ArenaBuf.violation(CycleArenaAllocator.java:1279)
	at io.netty.buffer.CycleArenaAllocator$ArenaBuf.release(CycleArenaAllocator.java:1208)
	at io.netty.buffer.AbstractDerivedByteBuf.release0(AbstractDerivedByteBuf.java:98)
	at io.netty.buffer.AbstractDerivedByteBuf.release(AbstractDerivedByteBuf.java:94)
	at io.netty.channel.uring.IoUringSocketChannel$IoUringSocketUnsafe.handleWriteCompleteZeroCopy(IoUringSocketChannel.java:289)
	at io.netty.channel.uring.IoUringSocketChannel$IoUringSocketUnsafe.writeComplete0(IoUringSocketChannel.java:186)
	at io.netty.channel.uring.AbstractIoUringChannel$AbstractUringUnsafe.writeComplete(AbstractIoUringChannel.java:1003)
	at io.netty.channel.uring.AbstractIoUringChannel$AbstractUringUnsafe.handle(AbstractIoUringChannel.java:474)
	at io.netty.channel.uring.IoUringIoHandler$DefaultIoUringIoRegistration.handle(IoUringIoHandler.java:705)
	at io.netty.channel.uring.IoUringIoHandler.handleFastPath(IoUringIoHandler.java:318)
	at io.netty.channel.uring.IoUringIoHandler.handle(IoUringIoHandler.java:298)
	at io.netty.channel.uring.CompletionQueue.process(CompletionQueue.java:151)
	at io.netty.channel.uring.IoUringIoHandler.processCompletionsAndHandleOverflow(IoUringIoHandler.java:213)
	at io.netty.channel.uring.IoUringIoHandler.run(IoUringIoHandler.java:188)
	at io.netty.channel.SingleThreadIoEventLoop.runIo(SingleThreadIoEventLoop.java:225)
	at io.netty.channel.SingleThreadIoEventLoop.run(SingleThreadIoEventLoop.java:196)
	at io.netty.util.concurrent.SingleThreadEventExecutor$5.run(SingleThreadEventExecutor.java:1204)
	at io.netty.util.internal.ThreadExecutorMap$2.run(ThreadExecutorMap.java:74)
	at io.netty.util.concurrent.FastThreadLocalRunnable.run(FastThreadLocalRunnable.java:30)
	at java.base/java.lang.Thread.run(Thread.java:1583)
00:06:33.718 [multiThreadIoEventLoopGroup-4-4] WARN  i.n.channel.uring.IoUringIoHandler - Unexpected exception in the IO event loop.
java.lang.IllegalStateException: arena buffer of Thread[#27,multiThreadIoEventLoopGroup-3-2,10,main] touched from Thread[#33,multiThreadIoEventLoopGroup-4-4,10,main] (event-loop arena buffers are thread confined)
	at io.netty.buffer.CycleArenaAllocator$ArenaBuf.violation(CycleArenaAllocator.java:1279)
	at io.netty.buffer.CycleArenaAllocator$ArenaBuf.release(CycleArenaAllocator.java:1208)
	at io.netty.buffer.AbstractDerivedByteBuf.release0(AbstractDerivedByteBuf.java:98)
	at io.netty.buffer.AbstractDerivedByteBuf.release(AbstractDerivedByteBuf.java:94)
	at io.netty.channel.uring.IoUringSocketChannel$IoUringSocketUnsafe.handleWriteCompleteZeroCopy(IoUringSocketChannel.java:289)
	at io.netty.channel.uring.IoUringSocketChannel$IoUringSocketUnsafe.writeComplete0(IoUringSocketChannel.java:186)
	at io.netty.channel.uring.AbstractIoUringChannel$AbstractUringUnsafe.writeComplete(AbstractIoUringChannel.java:1003)
	at io.netty.channel.uring.AbstractIoUringChannel$AbstractUringUnsafe.handle(AbstractIoUringChannel.java:474)
	at io.netty.channel.uring.IoUringIoHandler$DefaultIoUringIoRegistration.handle(IoUringIoHandler.java:705)
	at io.netty.channel.uring.IoUringIoHandler.handleFastPath(IoUringIoHandler.java:318)
	at io.netty.channel.uring.IoUringIoHandler.handle(IoUringIoHandler.java:298)
	at io.netty.channel.uring.CompletionQueue.process(CompletionQueue.java:151)
	at io.netty.channel.uring.IoUringIoHandler.processCompletionsAndHandleOverflow(IoUringIoHandler.java:213)
	at io.netty.channel.uring.IoUringIoHandler.run(IoUringIoHandler.java:188)
	at io.netty.channel.SingleThreadIoEventLoop.runIo(SingleThreadIoEventLoop.java:225)
	at io.netty.channel.SingleThreadIoEventLoop.run(SingleThreadIoEventLoop.java:196)
	at io.netty.util.concurrent.SingleThreadEventExecutor$5.run(SingleThreadEventExecutor.java:1204)
	at io.netty.util.internal.ThreadExecutorMap$2.run(ThreadExecutorMap.java:74)
	at io.netty.util.concurrent.FastThreadLocalRunnable.run(FastThreadLocalRunnable.java:30)
	at java.base/java.lang.Thread.run(Thread.java:1583)
00:06:33.718 [multiThreadIoEventLoopGroup-4-1] WARN  io.netty.util.ReferenceCountUtil - Failed to release a message: UnpooledSlicedByteBuf(ridx: 0, widx: 2017, cap: 2017/2017, unwrapped: CycleArenaAllocator$ArenaBuf(ridx: 0, widx: 8192, cap: 8192))
java.lang.IllegalStateException: arena buffer of Thread[#26,multiThreadIoEventLoopGroup-3-1,10,main] touched from Thread[#30,multiThreadIoEventLoopGroup-4-1,10,main] (event-loop arena buffers are thread confined)
	at io.netty.buffer.CycleArenaAllocator$ArenaBuf.violation(CycleArenaAllocator.java:1279)
	at io.netty.buffer.CycleArenaAllocator$ArenaBuf.release(CycleArenaAllocator.java:1208)
	at io.netty.buffer.AbstractDerivedByteBuf.release0(AbstractDerivedByteBuf.java:98)
	at io.netty.buffer.AbstractDerivedByteBuf.release(AbstractDerivedByteBuf.java:94)
	at io.netty.util.ReferenceCountUtil.release(ReferenceCountUtil.java:90)
	at io.netty.util.ReferenceCountUtil.safeRelease(ReferenceCountUtil.java:116)
	at io.netty.channel.ChannelOutboundBuffer.remove(ChannelOutboundBuffer.java:300)
	at io.netty.channel.ChannelOutboundBuffer.removeBytes(ChannelOutboundBuffer.java:382)
	at io.netty.channel.uring.AbstractIoUringStreamChannel$IoUringStreamUnsafe.writeComplete0(AbstractIoUringStreamChannel.java:692)
	at io.netty.channel.uring.IoUringSocketChannel$IoUringSocketUnsafe.writeComplete0(IoUringSocketChannel.java:188)
	at io.netty.channel.uring.AbstractIoUringChannel$AbstractUringUnsafe.writeComplete(AbstractIoUringChannel.java:1003)
	at io.netty.channel.uring.AbstractIoUringChannel$AbstractUringUnsafe.handle(AbstractIoUringChannel.java:474)
	at io.netty.channel.uring.IoUringIoHandler$DefaultIoUringIoRegistration.handle(IoUringIoHandler.java:705)
	at io.netty.channel.uring.IoUringIoHandler.handleFastPath(IoUringIoHandler.java:318)
	at io.netty.channel.uring.IoUringIoHandler.handle(IoUringIoHandler.java:298)
	at io.netty.channel.uring.CompletionQueue.process(CompletionQueue.java:151)
	at io.netty.channel.uring.IoUringIoHandler.processCompletionsAndHandleOverflow(IoUringIoHandler.java:213)
	at io.netty.channel.uring.IoUringIoHandler.run(IoUringIoHandler.java:188)
	at io.netty.channel.SingleThreadIoEventLoop.runIo(SingleThreadIoEventLoop.java:225)
	at io.netty.channel.SingleThreadIoEventLoop.run(SingleThreadIoEventLoop.java:196)
	at io.netty.util.concurrent.SingleThreadEventExecutor$5.run(SingleThreadEventExecutor.java:1204)
	at io.netty.util.internal.ThreadExecutorMap$2.run(ThreadExecutorMap.java:74)
	at io.netty.util.concurrent.FastThreadLocalRunnable.run(FastThreadLocalRunnable.java:30)
	at java.base/java.lang.Thread.run(Thread.java:1583)
00:06:33.718 [multiThreadIoEventLoopGroup-3-1] WARN  io.netty.util.ReferenceCountUtil - Failed to release a message: UnpooledSlicedByteBuf(ridx: 0, widx: 2635, cap: 2635/2635, unwrapped: CycleArenaAllocator$ArenaBuf(ridx: 0, widx: 8192, cap: 8192))
java.lang.IllegalStateException: arena buffer of Thread[#33,multiThreadIoEventLoopGroup-4-4,10,main] touched from Thread[#26,multiThreadIoEventLoopGroup-3-1,10,main] (event-loop arena buffers are thread confined)
	at io.netty.buffer.CycleArenaAllocator$ArenaBuf.violation(CycleArenaAllocator.java:1279)
	at io.netty.buffer.CycleArenaAllocator$ArenaBuf.release(CycleArenaAllocator.java:1208)
	at io.netty.buffer.AbstractDerivedByteBuf.release0(AbstractDerivedByteBuf.java:98)
	at io.netty.buffer.AbstractDerivedByteBuf.release(AbstractDerivedByteBuf.java:94)
	at io.netty.util.ReferenceCountUtil.release(ReferenceCountUtil.java:90)
	at io.netty.util.ReferenceCountUtil.safeRelease(ReferenceCountUtil.java:116)
	at io.netty.channel.ChannelOutboundBuffer.remove(ChannelOutboundBuffer.java:300)
	at io.netty.channel.ChannelOutboundBuffer.removeBytes(ChannelOutboundBuffer.java:382)
	at io.netty.channel.uring.AbstractIoUringStreamChannel$IoUringStreamUnsafe.writeComplete0(AbstractIoUringStreamChannel.java:692)
	at io.netty.channel.uring.IoUringSocketChannel$IoUringSocketUnsafe.writeComplete0(IoUringSocketChannel.java:188)
	at io.netty.channel.uring.AbstractIoUringChannel$AbstractUringUnsafe.writeComplete(AbstractIoUringChannel.java:1003)
	at io.netty.channel.uring.AbstractIoUringChannel$AbstractUringUnsafe.handle(AbstractIoUringChannel.java:474)
	at io.netty.channel.uring.IoUringIoHandler$DefaultIoUringIoRegistration.handle(IoUringIoHandler.java:705)
	at io.netty.channel.uring.IoUringIoHandler.handleFastPath(IoUringIoHandler.java:318)
	at io.netty.channel.uring.IoUringIoHandler.handle(IoUringIoHandler.java:298)
	at io.netty.channel.uring.CompletionQueue.process(CompletionQueue.java:151)
	at io.netty.channel.uring.IoUringIoHandler.processCompletionsAndHandleOverflow(IoUringIoHandler.java:213)
	at io.netty.channel.uring.IoUringIoHandler.run(IoUringIoHandler.java:188)
	at io.netty.channel.SingleThreadIoEventLoop.runIo(SingleThreadIoEventLoop.java:225)
	at io.netty.channel.SingleThreadIoEventLoop.run(SingleThreadIoEventLoop.java:196)
	at io.netty.util.concurrent.SingleThreadEventExecutor$5.run(SingleThreadEventExecutor.java:1204)
	at io.netty.util.internal.ThreadExecutorMap$2.run(ThreadExecutorMap.java:74)
	at io.netty.util.concurrent.FastThreadLocalRunnable.run(FastThreadLocalRunnable.java:30)
	at java.base/java.lang.Thread.run(Thread.java:1583)
00:06:33.718 [multiThreadIoEventLoopGroup-3-1] WARN  io.netty.util.ReferenceCountUtil - Failed to release a message: UnpooledSlicedByteBuf(ridx: 0, widx: 2127, cap: 2127/2127, unwrapped: CycleArenaAllocator$ArenaBuf(ridx: 0, widx: 8192, cap: 8192))
java.lang.IllegalStateException: arena buffer of Thread[#31,multiThreadIoEventLoopGroup-4-2,10,main] touched from Thread[#26,multiThreadIoEventLoopGroup-3-1,10,main] (event-loop arena buffers are thread confined)
	at io.netty.buffer.CycleArenaAllocator$ArenaBuf.violation(CycleArenaAllocator.java:1279)
	at io.netty.buffer.CycleArenaAllocator$ArenaBuf.release(CycleArenaAllocator.java:1208)
	at io.netty.buffer.AbstractDerivedByteBuf.release0(AbstractDerivedByteBuf.java:98)
	at io.netty.buffer.AbstractDerivedByteBuf.release(AbstractDerivedByteBuf.java:94)
	at io.netty.util.ReferenceCountUtil.release(ReferenceCountUtil.java:90)
	at io.netty.util.ReferenceCountUtil.safeRelease(ReferenceCountUtil.java:116)
	at io.netty.channel.ChannelOutboundBuffer.remove(ChannelOutboundBuffer.java:300)
	at io.netty.channel.ChannelOutboundBuffer.removeBytes(ChannelOutboundBuffer.java:382)
	at io.netty.channel.uring.AbstractIoUringStreamChannel$IoUringStreamUnsafe.writeComplete0(AbstractIoUringStreamChannel.java:692)
	at io.netty.channel.uring.IoUringSocketChannel$IoUringSocketUnsafe.writeComplete0(IoUringSocketChannel.java:188)
	at io.netty.channel.uring.AbstractIoUringChannel$AbstractUringUnsafe.writeComplete(AbstractIoUringChannel.java:1003)
	at io.netty.channel.uring.AbstractIoUringChannel$AbstractUringUnsafe.handle(AbstractIoUringChannel.java:474)
	at io.netty.channel.uring.IoUringIoHandler$DefaultIoUringIoRegistration.handle(IoUringIoHandler.java:705)
	at io.netty.channel.uring.IoUringIoHandler.handleFastPath(IoUringIoHandler.java:318)
	at io.netty.channel.uring.IoUringIoHandler.handle(IoUringIoHandler.java:298)
	at io.netty.channel.uring.CompletionQueue.process(CompletionQueue.java:151)
	at io.netty.channel.uring.IoUringIoHandler.processCompletionsAndHandleOverflow(IoUringIoHandler.java:213)
	at io.netty.channel.uring.IoUringIoHandler.run(IoUringIoHandler.java:188)
	at io.netty.channel.SingleThreadIoEventLoop.runIo(SingleThreadIoEventLoop.java:225)
	at io.netty.channel.SingleThreadIoEventLoop.run(SingleThreadIoEventLoop.java:196)
	at io.netty.util.concurrent.SingleThreadEventExecutor$5.run(SingleThreadEventExecutor.java:1204)
	at io.netty.util.internal.ThreadExecutorMap$2.run(ThreadExecutorMap.java:74)
	at io.netty.util.concurrent.FastThreadLocalRunnable.run(FastThreadLocalRunnable.java:30)
	at java.base/java.lang.Thread.run(Thread.java:1583)
00:06:33.718 [multiThreadIoEventLoopGroup-4-1] WARN  io.netty.util.ReferenceCountUtil - Failed to release a message: UnpooledSlicedByteBuf(ridx: 0, widx: 2178, cap: 2178/2178, unwrapped: CycleArenaAllocator$ArenaBuf(ridx: 0, widx: 2178, cap: 8192))
java.lang.IllegalStateException: arena buffer of Thread[#26,multiThreadIoEventLoopGroup-3-1,10,main] touched from Thread[#30,multiThreadIoEventLoopGroup-4-1,10,main] (event-loop arena buffers are thread confined)
	at io.netty.buffer.CycleArenaAllocator$ArenaBuf.violation(CycleArenaAllocator.java:1279)
	at io.netty.buffer.CycleArenaAllocator$ArenaBuf.release(CycleArenaAllocator.java:1208)
	at io.netty.buffer.AbstractDerivedByteBuf.release0(AbstractDerivedByteBuf.java:98)
	at io.netty.buffer.AbstractDerivedByteBuf.release(AbstractDerivedByteBuf.java:94)
	at io.netty.util.ReferenceCountUtil.release(ReferenceCountUtil.java:90)
	at io.netty.util.ReferenceCountUtil.safeRelease(ReferenceCountUtil.java:116)
	at io.netty.channel.ChannelOutboundBuffer.remove(ChannelOutboundBuffer.java:300)
	at io.netty.channel.ChannelOutboundBuffer.removeBytes(ChannelOutboundBuffer.java:382)
	at io.netty.channel.uring.AbstractIoUringStreamChannel$IoUringStreamUnsafe.writeComplete0(AbstractIoUringStreamChannel.java:692)
	at io.netty.channel.uring.IoUringSocketChannel$IoUringSocketUnsafe.writeComplete0(IoUringSocketChannel.java:188)
	at io.netty.channel.uring.AbstractIoUringChannel$AbstractUringUnsafe.writeComplete(AbstractIoUringChannel.java:1003)
	at io.netty.channel.uring.AbstractIoUringChannel$AbstractUringUnsafe.handle(AbstractIoUringChannel.java:474)
	at io.netty.channel.uring.IoUringIoHandler$DefaultIoUringIoRegistration.handle(IoUringIoHandler.java:705)
	at io.netty.channel.uring.IoUringIoHandler.handleFastPath(IoUringIoHandler.java:318)
	at io.netty.channel.uring.IoUringIoHandler.handle(IoUringIoHandler.java:298)
	at io.netty.channel.uring.CompletionQueue.process(CompletionQueue.java:151)
	at io.netty.channel.uring.IoUringIoHandler.processCompletionsAndHandleOverflow(IoUringIoHandler.java:213)
	at io.netty.channel.uring.IoUringIoHandler.run(IoUringIoHandler.java:188)
	at io.netty.channel.SingleThreadIoEventLoop.runIo(SingleThreadIoEventLoop.java:225)
	at io.netty.channel.SingleThreadIoEventLoop.run(SingleThreadIoEventLoop.java:196)
	at io.netty.util.concurrent.SingleThreadEventExecutor$5.run(SingleThreadEventExecutor.java:1204)
	at io.netty.util.internal.ThreadExecutorMap$2.run(ThreadExecutorMap.java:74)
	at io.netty.util.concurrent.FastThreadLocalRunnable.run(FastThreadLocalRunnable.java:30)
	at java.base/java.lang.Thread.run(Thread.java:1583)
00:06:33.718 [multiThreadIoEventLoopGroup-3-1] WARN  io.netty.util.ReferenceCountUtil - Failed to release a message: UnpooledSlicedByteBuf(ridx: 0, widx: 2708, cap: 2708/2708, unwrapped: CycleArenaAllocator$ArenaBuf(ridx: 0, widx: 7089, cap: 8192))
java.lang.IllegalStateException: arena buffer of Thread[#31,multiThreadIoEventLoopGroup-4-2,10,main] touched from Thread[#26,multiThreadIoEventLoopGroup-3-1,10,main] (event-loop arena buffers are thread confined)
	at io.netty.buffer.CycleArenaAllocator$ArenaBuf.violation(CycleArenaAllocator.java:1279)
	at io.netty.buffer.CycleArenaAllocator$ArenaBuf.release(CycleArenaAllocator.java:1208)
	at io.netty.buffer.AbstractDerivedByteBuf.release0(AbstractDerivedByteBuf.java:98)
	at io.netty.buffer.AbstractDerivedByteBuf.release(AbstractDerivedByteBuf.java:94)
	at io.netty.util.ReferenceCountUtil.release(ReferenceCountUtil.java:90)
	at io.netty.util.ReferenceCountUtil.safeRelease(ReferenceCountUtil.java:116)
	at io.netty.channel.ChannelOutboundBuffer.remove(ChannelOutboundBuffer.java:300)
	at io.netty.channel.ChannelOutboundBuffer.removeBytes(ChannelOutboundBuffer.java:382)
	at io.netty.channel.uring.AbstractIoUringStreamChannel$IoUringStreamUnsafe.writeComplete0(AbstractIoUringStreamChannel.java:692)
	at io.netty.channel.uring.IoUringSocketChannel$IoUringSocketUnsafe.writeComplete0(IoUringSocketChannel.java:188)
	at io.netty.channel.uring.AbstractIoUringChannel$AbstractUringUnsafe.writeComplete(AbstractIoUringChannel.java:1003)
	at io.netty.channel.uring.AbstractIoUringChannel$AbstractUringUnsafe.handle(AbstractIoUringChannel.java:474)
	at io.netty.channel.uring.IoUringIoHandler$DefaultIoUringIoRegistration.handle(IoUringIoHandler.java:705)
	at io.netty.channel.uring.IoUringIoHandler.handleFastPath(IoUringIoHandler.java:318)
	at io.netty.channel.uring.IoUringIoHandler.handle(IoUringIoHandler.java:298)
	at io.netty.channel.uring.CompletionQueue.process(CompletionQueue.java:151)
	at io.netty.channel.uring.IoUringIoHandler.processCompletionsAndHandleOverflow(IoUringIoHandler.java:213)
	at io.netty.channel.uring.IoUringIoHandler.run(IoUringIoHandler.java:188)
	at io.netty.channel.SingleThreadIoEventLoop.runIo(SingleThreadIoEventLoop.java:225)
	at io.netty.channel.SingleThreadIoEventLoop.run(SingleThreadIoEventLoop.java:196)
	at io.netty.util.concurrent.SingleThreadEventExecutor$5.run(SingleThreadEventExecutor.java:1204)
	at io.netty.util.internal.ThreadExecutorMap$2.run(ThreadExecutorMap.java:74)
	at io.netty.util.concurrent.FastThreadLocalRunnable.run(FastThreadLocalRunnable.java:30)
	at java.base/java.lang.Thread.run(Thread.java:1583)
00:06:33.718 [multiThreadIoEventLoopGroup-3-1] WARN  i.n.channel.uring.IoUringIoHandler - Unexpected exception in the IO event loop.
java.lang.IllegalStateException: arena buffer of Thread[#32,multiThreadIoEventLoopGroup-4-3,10,main] touched from Thread[#26,multiThreadIoEventLoopGroup-3-1,10,main] (event-loop arena buffers are thread confined)
	at io.netty.buffer.CycleArenaAllocator$ArenaBuf.violation(CycleArenaAllocator.java:1279)
	at io.netty.buffer.CycleArenaAllocator$ArenaBuf.retain(CycleArenaAllocator.java:1182)
	at io.netty.buffer.AbstractDerivedByteBuf.retain0(AbstractDerivedByteBuf.java:58)
	at io.netty.buffer.AbstractDerivedByteBuf.retain(AbstractDerivedByteBuf.java:54)
	at io.netty.channel.uring.IoUringSocketChannel$IoUringSocketUnsafe.handleWriteCompleteZeroCopy(IoUringSocketChannel.java:220)
	at io.netty.channel.uring.IoUringSocketChannel$IoUringSocketUnsafe.writeComplete0(IoUringSocketChannel.java:186)
	at io.netty.channel.uring.AbstractIoUringChannel$AbstractUringUnsafe.writeComplete(AbstractIoUringChannel.java:1003)
	at io.netty.channel.uring.AbstractIoUringChannel$AbstractUringUnsafe.handle(AbstractIoUringChannel.java:474)
	at io.netty.channel.uring.IoUringIoHandler$DefaultIoUringIoRegistration.handle(IoUringIoHandler.java:705)
	at io.netty.channel.uring.IoUringIoHandler.handleFastPath(IoUringIoHandler.java:318)
	at io.netty.channel.uring.IoUringIoHandler.handle(IoUringIoHandler.java:298)
	at io.netty.channel.uring.CompletionQueue.process(CompletionQueue.java:151)
	at io.netty.channel.uring.IoUringIoHandler.processCompletionsAndHandleOverflow(IoUringIoHandler.java:213)
	at io.netty.channel.uring.IoUringIoHandler.run(IoUringIoHandler.java:188)
	at io.netty.channel.SingleThreadIoEventLoop.runIo(SingleThreadIoEventLoop.java:225)
	at io.netty.channel.SingleThreadIoEventLoop.run(SingleThreadIoEventLoop.java:196)
	at io.netty.util.concurrent.SingleThreadEventExecutor$5.run(SingleThreadEventExecutor.java:1204)
	at io.netty.util.internal.ThreadExecutorMap$2.run(ThreadExecutorMap.java:74)
	at io.netty.util.concurrent.FastThreadLocalRunnable.run(FastThreadLocalRunnable.java:30)
	at java.base/java.lang.Thread.run(Thread.java:1583)
00:06:33.718 [multiThreadIoEventLoopGroup-4-3] WARN  i.n.channel.uring.IoUringIoHandler - Unexpected exception in the IO event loop.
java.lang.IllegalStateException: arena buffer of Thread[#28,multiThreadIoEventLoopGroup-3-3,10,main] touched from Thread[#32,multiThreadIoEventLoopGroup-4-3,10,main] (event-loop arena buffers are thread confined)
	at io.netty.buffer.CycleArenaAllocator$ArenaBuf.violation(CycleArenaAllocator.java:1279)
	at io.netty.buffer.CycleArenaAllocator$ArenaBuf.retain(CycleArenaAllocator.java:1182)
	at io.netty.buffer.AbstractDerivedByteBuf.retain0(AbstractDerivedByteBuf.java:58)
	at io.netty.buffer.AbstractDerivedByteBuf.retain(AbstractDerivedByteBuf.java:54)
	at io.netty.channel.uring.IoUringSocketChannel$IoUringSocketUnsafe.handleWriteCompleteZeroCopy(IoUringSocketChannel.java:220)
	at io.netty.channel.uring.IoUringSocketChannel$IoUringSocketUnsafe.writeComplete0(IoUringSocketChannel.java:186)
	at io.netty.channel.uring.AbstractIoUringChannel$AbstractUringUnsafe.writeComplete(AbstractIoUringChannel.java:1003)
	at io.netty.channel.uring.AbstractIoUringChannel$AbstractUringUnsafe.handle(AbstractIoUringChannel.java:474)
	at io.netty.channel.uring.IoUringIoHandler$DefaultIoUringIoRegistration.handle(IoUringIoHandler.java:705)
	at io.netty.channel.uring.IoUringIoHandler.handleFastPath(IoUringIoHandler.java:318)
	at io.netty.channel.uring.IoUringIoHandler.handle(IoUringIoHandler.java:298)
	at io.netty.channel.uring.CompletionQueue.process(CompletionQueue.java:151)
	at io.netty.channel.uring.IoUringIoHandler.processCompletionsAndHandleOverflow(IoUringIoHandler.java:213)
	at io.netty.channel.uring.IoUringIoHandler.run(IoUringIoHandler.java:188)
	at io.netty.channel.SingleThreadIoEventLoop.runIo(SingleThreadIoEventLoop.java:225)
	at io.netty.channel.SingleThreadIoEventLoop.run(SingleThreadIoEventLoop.java:196)
	at io.netty.util.concurrent.SingleThreadEventExecutor$5.run(SingleThreadEventExecutor.java:1204)
	at io.netty.util.internal.ThreadExecutorMap$2.run(ThreadExecutorMap.java:74)
	at io.netty.util.concurrent.FastThreadLocalRunnable.run(FastThreadLocalRunnable.java:30)
	at java.base/java.lang.Thread.run(Thread.java:1583)
00:06:33.719 [multiThreadIoEventLoopGroup-3-2] WARN  io.netty.util.ReferenceCountUtil - Failed to release a message: UnpooledSlicedByteBuf(ridx: 0, widx: 2994, cap: 2994/2994, unwrapped: CycleArenaAllocator$ArenaBuf(ridx: 0, widx: 8192, cap: 8192))
java.lang.IllegalStateException: arena buffer of Thread[#32,multiThreadIoEventLoopGroup-4-3,10,main] touched from Thread[#27,multiThreadIoEventLoopGroup-3-2,10,main] (event-loop arena buffers are thread confined)
	at io.netty.buffer.CycleArenaAllocator$ArenaBuf.violation(CycleArenaAllocator.java:1279)
	at io.netty.buffer.CycleArenaAllocator$ArenaBuf.release(CycleArenaAllocator.java:1208)
	at io.netty.buffer.AbstractDerivedByteBuf.release0(AbstractDerivedByteBuf.java:98)
	at io.netty.buffer.AbstractDerivedByteBuf.release(AbstractDerivedByteBuf.java:94)
	at io.netty.util.ReferenceCountUtil.release(ReferenceCountUtil.java:90)
	at io.netty.util.ReferenceCountUtil.safeRelease(ReferenceCountUtil.java:116)
	at io.netty.channel.ChannelOutboundBuffer.remove(ChannelOutboundBuffer.java:300)
	at io.netty.channel.ChannelOutboundBuffer.removeBytes(ChannelOutboundBuffer.java:382)
	at io.netty.channel.uring.AbstractIoUringStreamChannel$IoUringStreamUnsafe.writeComplete0(AbstractIoUringStreamChannel.java:692)
	at io.netty.channel.uring.IoUringSocketChannel$IoUringSocketUnsafe.writeComplete0(IoUringSocketChannel.java:188)
	at io.netty.channel.uring.AbstractIoUringChannel$AbstractUringUnsafe.writeComplete(AbstractIoUringChannel.java:1003)
	at io.netty.channel.uring.AbstractIoUringChannel$AbstractUringUnsafe.handle(AbstractIoUringChannel.java:474)
	at io.netty.channel.uring.IoUringIoHandler$DefaultIoUringIoRegistration.handle(IoUringIoHandler.java:705)
	at io.netty.channel.uring.IoUringIoHandler.handleFastPath(IoUringIoHandler.java:318)
	at io.netty.channel.uring.IoUringIoHandler.handle(IoUringIoHandler.java:298)
	at io.netty.channel.uring.CompletionQueue.process(CompletionQueue.java:151)
	at io.netty.channel.uring.IoUringIoHandler.processCompletionsAndHandleOverflow(IoUringIoHandler.java:213)
	at io.netty.channel.uring.IoUringIoHandler.run(IoUringIoHandler.java:188)
	at io.netty.channel.SingleThreadIoEventLoop.runIo(SingleThreadIoEventLoop.java:225)
	at io.netty.channel.SingleThreadIoEventLoop.run(SingleThreadIoEventLoop.java:196)
	at io.netty.util.concurrent.SingleThreadEventExecutor$5.run(SingleThreadEventExecutor.java:1204)
	at io.netty.util.internal.ThreadExecutorMap$2.run(ThreadExecutorMap.java:74)
	at io.netty.util.concurrent.FastThreadLocalRunnable.run(FastThreadLocalRunnable.java:30)
	at java.base/java.lang.Thread.run(Thread.java:1583)
00:06:33.719 [multiThreadIoEventLoopGroup-4-1] WARN  io.netty.util.ReferenceCountUtil - Failed to release a message: UnpooledSlicedByteBuf(ridx: 0, widx: 1621, cap: 1621/1621, unwrapped: CycleArenaAllocator$ArenaBuf(ridx: 0, widx: 8192, cap: 8192))
java.lang.IllegalStateException: arena buffer of Thread[#27,multiThreadIoEventLoopGroup-3-2,10,main] touched from Thread[#30,multiThreadIoEventLoopGroup-4-1,10,main] (event-loop arena buffers are thread confined)
	at io.netty.buffer.CycleArenaAllocator$ArenaBuf.violation(CycleArenaAllocator.java:1279)
	at io.netty.buffer.CycleArenaAllocator$ArenaBuf.release(CycleArenaAllocator.java:1208)
	at io.netty.buffer.AbstractDerivedByteBuf.release0(AbstractDerivedByteBuf.java:98)
	at io.netty.buffer.AbstractDerivedByteBuf.release(AbstractDerivedByteBuf.java:94)
	at io.netty.util.ReferenceCountUtil.release(ReferenceCountUtil.java:90)
	at io.netty.util.ReferenceCountUtil.safeRelease(ReferenceCountUtil.java:116)
	at io.netty.channel.ChannelOutboundBuffer.remove(ChannelOutboundBuffer.java:300)
	at io.netty.channel.ChannelOutboundBuffer.removeBytes(ChannelOutboundBuffer.java:382)
	at io.netty.channel.uring.AbstractIoUringStreamChannel$IoUringStreamUnsafe.writeComplete0(AbstractIoUringStreamChannel.java:692)
	at io.netty.channel.uring.IoUringSocketChannel$IoUringSocketUnsafe.writeComplete0(IoUringSocketChannel.java:188)
	at io.netty.channel.uring.AbstractIoUringChannel$AbstractUringUnsafe.writeComplete(AbstractIoUringChannel.java:1003)
	at io.netty.channel.uring.AbstractIoUringChannel$AbstractUringUnsafe.handle(AbstractIoUringChannel.java:474)
	at io.netty.channel.uring.IoUringIoHandler$DefaultIoUringIoRegistration.handle(IoUringIoHandler.java:705)
	at io.netty.channel.uring.IoUringIoHandler.handleFastPath(IoUringIoHandler.java:318)
	at io.netty.channel.uring.IoUringIoHandler.handle(IoUringIoHandler.java:298)
	at io.netty.channel.uring.CompletionQueue.process(CompletionQueue.java:151)
	at io.netty.channel.uring.IoUringIoHandler.processCompletionsAndHandleOverflow(IoUringIoHandler.java:213)
	at io.netty.channel.uring.IoUringIoHandler.run(IoUringIoHandler.java:188)
	at io.netty.channel.SingleThreadIoEventLoop.runIo(SingleThreadIoEventLoop.java:225)
	at io.netty.channel.SingleThreadIoEventLoop.run(SingleThreadIoEventLoop.java:196)
	at io.netty.util.concurrent.SingleThreadEventExecutor$5.run(SingleThreadEventExecutor.java:1204)
	at io.netty.util.internal.ThreadExecutorMap$2.run(ThreadExecutorMap.java:74)
	at io.netty.util.concurrent.FastThreadLocalRunnable.run(FastThreadLocalRunnable.java:30)
	at java.base/java.lang.Thread.run(Thread.java:1583)
00:06:33.719 [multiThreadIoEventLoopGroup-3-2] WARN  io.netty.util.ReferenceCountUtil - Failed to release a message: UnpooledSlicedByteBuf(ridx: 0, widx: 1543, cap: 1543/1543, unwrapped: CycleArenaAllocator$ArenaBuf(ridx: 0, widx: 1543, cap: 8192))
java.lang.IllegalStateException: arena buffer of Thread[#32,multiThreadIoEventLoopGroup-4-3,10,main] touched from Thread[#27,multiThreadIoEventLoopGroup-3-2,10,main] (event-loop arena buffers are thread confined)
	at io.netty.buffer.CycleArenaAllocator$ArenaBuf.violation(CycleArenaAllocator.java:1279)
	at io.netty.buffer.CycleArenaAllocator$ArenaBuf.release(CycleArenaAllocator.java:1208)
	at io.netty.buffer.AbstractDerivedByteBuf.release0(AbstractDerivedByteBuf.java:98)
	at io.netty.buffer.AbstractDerivedByteBuf.release(AbstractDerivedByteBuf.java:94)
	at io.netty.util.ReferenceCountUtil.release(ReferenceCountUtil.java:90)
	at io.netty.util.ReferenceCountUtil.safeRelease(ReferenceCountUtil.java:116)
	at io.netty.channel.ChannelOutboundBuffer.remove(ChannelOutboundBuffer.java:300)
	at io.netty.channel.ChannelOutboundBuffer.removeBytes(ChannelOutboundBuffer.java:382)
	at io.netty.channel.uring.AbstractIoUringStreamChannel$IoUringStreamUnsafe.writeComplete0(AbstractIoUringStreamChannel.java:692)
	at io.netty.channel.uring.IoUringSocketChannel$IoUringSocketUnsafe.writeComplete0(IoUringSocketChannel.java:188)
	at io.netty.channel.uring.AbstractIoUringChannel$AbstractUringUnsafe.writeComplete(AbstractIoUringChannel.java:1003)
	at io.netty.channel.uring.AbstractIoUringChannel$AbstractUringUnsafe.handle(AbstractIoUringChannel.java:474)
	at io.netty.channel.uring.IoUringIoHandler$DefaultIoUringIoRegistration.handle(IoUringIoHandler.java:705)
	at io.netty.channel.uring.IoUringIoHandler.handleFastPath(IoUringIoHandler.java:318)
	at io.netty.channel.uring.IoUringIoHandler.handle(IoUringIoHandler.java:298)
	at io.netty.channel.uring.CompletionQueue.process(CompletionQueue.java:151)
	at io.netty.channel.uring.IoUringIoHandler.processCompletionsAndHandleOverflow(IoUringIoHandler.java:213)
	at io.netty.channel.uring.IoUringIoHandler.run(IoUringIoHandler.java:188)
	at io.netty.channel.SingleThreadIoEventLoop.runIo(SingleThreadIoEventLoop.java:225)
	at io.netty.channel.SingleThreadIoEventLoop.run(SingleThreadIoEventLoop.java:196)
	at io.netty.util.concurrent.SingleThreadEventExecutor$5.run(SingleThreadEventExecutor.java:1204)
	at io.netty.util.internal.ThreadExecutorMap$2.run(ThreadExecutorMap.java:74)
	at io.netty.util.concurrent.FastThreadLocalRunnable.run(FastThreadLocalRunnable.java:30)
	at java.base/java.lang.Thread.run(Thread.java:1583)
00:06:33.719 [multiThreadIoEventLoopGroup-4-1] WARN  io.netty.util.ReferenceCountUtil - Failed to release a message: UnpooledSlicedByteBuf(ridx: 0, widx: 2574, cap: 2574/2574, unwrapped: CycleArenaAllocator$ArenaBuf(ridx: 0, widx: 2574, cap: 8192))
java.lang.IllegalStateException: arena buffer of Thread[#27,multiThreadIoEventLoopGroup-3-2,10,main] touched from Thread[#30,multiThreadIoEventLoopGroup-4-1,10,main] (event-loop arena buffers are thread confined)
	at io.netty.buffer.CycleArenaAllocator$ArenaBuf.violation(CycleArenaAllocator.java:1279)
	at io.netty.buffer.CycleArenaAllocator$ArenaBuf.release(CycleArenaAllocator.java:1208)
	at io.netty.buffer.AbstractDerivedByteBuf.release0(AbstractDerivedByteBuf.java:98)
	at io.netty.buffer.AbstractDerivedByteBuf.release(AbstractDerivedByteBuf.java:94)
	at io.netty.util.ReferenceCountUtil.release(ReferenceCountUtil.java:90)
	at io.netty.util.ReferenceCountUtil.safeRelease(ReferenceCountUtil.java:116)
	at io.netty.channel.ChannelOutboundBuffer.remove(ChannelOutboundBuffer.java:300)
	at io.netty.channel.ChannelOutboundBuffer.removeBytes(ChannelOutboundBuffer.java:382)
	at io.netty.channel.uring.AbstractIoUringStreamChannel$IoUringStreamUnsafe.writeComplete0(AbstractIoUringStreamChannel.java:692)
	at io.netty.channel.uring.IoUringSocketChannel$IoUringSocketUnsafe.writeComplete0(IoUringSocketChannel.java:188)
	at io.netty.channel.uring.AbstractIoUringChannel$AbstractUringUnsafe.writeComplete(AbstractIoUringChannel.java:1003)
	at io.netty.channel.uring.AbstractIoUringChannel$AbstractUringUnsafe.handle(AbstractIoUringChannel.java:474)
	at io.netty.channel.uring.IoUringIoHandler$DefaultIoUringIoRegistration.handle(IoUringIoHandler.java:705)
	at io.netty.channel.uring.IoUringIoHandler.handleFastPath(IoUringIoHandler.java:318)
	at io.netty.channel.uring.IoUringIoHandler.handle(IoUringIoHandler.java:298)
	at io.netty.channel.uring.CompletionQueue.process(CompletionQueue.java:151)
	at io.netty.channel.uring.IoUringIoHandler.processCompletionsAndHandleOverflow(IoUringIoHandler.java:213)
	at io.netty.channel.uring.IoUringIoHandler.run(IoUringIoHandler.java:188)
	at io.netty.channel.SingleThreadIoEventLoop.runIo(SingleThreadIoEventLoop.java:225)
	at io.netty.channel.SingleThreadIoEventLoop.run(SingleThreadIoEventLoop.java:196)
	at io.netty.util.concurrent.SingleThreadEventExecutor$5.run(SingleThreadEventExecutor.java:1204)
	at io.netty.util.internal.ThreadExecutorMap$2.run(ThreadExecutorMap.java:74)
	at io.netty.util.concurrent.FastThreadLocalRunnable.run(FastThreadLocalRunnable.java:30)
	at java.base/java.lang.Thread.run(Thread.java:1583)
00:06:33.720 [multiThreadIoEventLoopGroup-4-1] WARN  io.netty.util.ReferenceCountUtil - Failed to release a message: UnpooledSlicedByteBuf(ridx: 0, widx: 1621, cap: 1621/1621, unwrapped: CycleArenaAllocator$ArenaBuf(ridx: 0, widx: 6769, cap: 8192))
java.lang.IllegalStateException: arena buffer of Thread[#28,multiThreadIoEventLoopGroup-3-3,10,main] touched from Thread[#30,multiThreadIoEventLoopGroup-4-1,10,main] (event-loop arena buffers are thread confined)
	at io.netty.buffer.CycleArenaAllocator$ArenaBuf.violation(CycleArenaAllocator.java:1279)
	at io.netty.buffer.CycleArenaAllocator$ArenaBuf.release(CycleArenaAllocator.java:1208)
	at io.netty.buffer.AbstractDerivedByteBuf.release0(AbstractDerivedByteBuf.java:98)
	at io.netty.buffer.AbstractDerivedByteBuf.release(AbstractDerivedByteBuf.java:94)
	at io.netty.util.ReferenceCountUtil.release(ReferenceCountUtil.java:90)
	at io.netty.util.ReferenceCountUtil.safeRelease(ReferenceCountUtil.java:116)
	at io.netty.channel.ChannelOutboundBuffer.remove(ChannelOutboundBuffer.java:300)
	at io.netty.channel.ChannelOutboundBuffer.removeBytes(ChannelOutboundBuffer.java:382)
	at io.netty.channel.uring.AbstractIoUringStreamChannel$IoUringStreamUnsafe.writeComplete0(AbstractIoUringStreamChannel.java:692)
	at io.netty.channel.uring.IoUringSocketChannel$IoUringSocketUnsafe.writeComplete0(IoUringSocketChannel.java:188)
	at io.netty.channel.uring.AbstractIoUringChannel$AbstractUringUnsafe.writeComplete(AbstractIoUringChannel.java:1003)
	at io.netty.channel.uring.AbstractIoUringChannel$AbstractUringUnsafe.handle(AbstractIoUringChannel.java:474)
	at io.netty.channel.uring.IoUringIoHandler$DefaultIoUringIoRegistration.handle(IoUringIoHandler.java:705)
	at io.netty.channel.uring.IoUringIoHandler.handleFastPath(IoUringIoHandler.java:318)
	at io.netty.channel.uring.IoUringIoHandler.handle(IoUringIoHandler.java:298)
	at io.netty.channel.uring.CompletionQueue.process(CompletionQueue.java:151)
	at io.netty.channel.uring.IoUringIoHandler.processCompletionsAndHandleOverflow(IoUringIoHandler.java:213)
	at io.netty.channel.uring.IoUringIoHandler.run(IoUringIoHandler.java:188)
	at io.netty.channel.SingleThreadIoEventLoop.runIo(SingleThreadIoEventLoop.java:225)
	at io.netty.channel.SingleThreadIoEventLoop.run(SingleThreadIoEventLoop.java:196)
	at io.netty.util.concurrent.SingleThreadEventExecutor$5.run(SingleThreadEventExecutor.java:1204)
	at io.netty.util.internal.ThreadExecutorMap$2.run(ThreadExecutorMap.java:74)
	at io.netty.util.concurrent.FastThreadLocalRunnable.run(FastThreadLocalRunnable.java:30)
	at java.base/java.lang.Thread.run(Thread.java:1583)
00:06:33.720 [multiThreadIoEventLoopGroup-3-3] WARN  io.netty.util.ReferenceCountUtil - Failed to release a message: UnpooledSlicedByteBuf(ridx: 0, widx: 3586, cap: 3586/3586, unwrapped: CycleArenaAllocator$ArenaBuf(ridx: 0, widx: 8192, cap: 8192))
java.lang.IllegalStateException: arena buffer of Thread[#30,multiThreadIoEventLoopGroup-4-1,10,main] touched from Thread[#28,multiThreadIoEventLoopGroup-3-3,10,main] (event-loop arena buffers are thread confined)
	at io.netty.buffer.CycleArenaAllocator$ArenaBuf.violation(CycleArenaAllocator.java:1279)
	at io.netty.buffer.CycleArenaAllocator$ArenaBuf.release(CycleArenaAllocator.java:1208)
	at io.netty.buffer.AbstractDerivedByteBuf.release0(AbstractDerivedByteBuf.java:98)
	at io.netty.buffer.AbstractDerivedByteBuf.release(AbstractDerivedByteBuf.java:94)
	at io.netty.util.ReferenceCountUtil.release(ReferenceCountUtil.java:90)
	at io.netty.util.ReferenceCountUtil.safeRelease(ReferenceCountUtil.java:116)
	at io.netty.channel.ChannelOutboundBuffer.remove(ChannelOutboundBuffer.java:300)
	at io.netty.channel.ChannelOutboundBuffer.removeBytes(ChannelOutboundBuffer.java:382)
	at io.netty.channel.uring.AbstractIoUringStreamChannel$IoUringStreamUnsafe.writeComplete0(AbstractIoUringStreamChannel.java:692)
	at io.netty.channel.uring.IoUringSocketChannel$IoUringSocketUnsafe.writeComplete0(IoUringSocketChannel.java:188)
	at io.netty.channel.uring.AbstractIoUringChannel$AbstractUringUnsafe.writeComplete(AbstractIoUringChannel.java:1003)
	at io.netty.channel.uring.AbstractIoUringChannel$AbstractUringUnsafe.handle(AbstractIoUringChannel.java:474)
	at io.netty.channel.uring.IoUringIoHandler$DefaultIoUringIoRegistration.handle(IoUringIoHandler.java:705)
	at io.netty.channel.uring.IoUringIoHandler.handleFastPath(IoUringIoHandler.java:318)
	at io.netty.channel.uring.IoUringIoHandler.handle(IoUringIoHandler.java:298)
	at io.netty.channel.uring.CompletionQueue.process(CompletionQueue.java:151)
	at io.netty.channel.uring.IoUringIoHandler.processCompletionsAndHandleOverflow(IoUringIoHandler.java:213)
	at io.netty.channel.uring.IoUringIoHandler.run(IoUringIoHandler.java:188)
	at io.netty.channel.SingleThreadIoEventLoop.runIo(SingleThreadIoEventLoop.java:225)
	at io.netty.channel.SingleThreadIoEventLoop.run(SingleThreadIoEventLoop.java:196)
	at io.netty.util.concurrent.SingleThreadEventExecutor$5.run(SingleThreadEventExecutor.java:1204)
	at io.netty.util.internal.ThreadExecutorMap$2.run(ThreadExecutorMap.java:74)
	at io.netty.util.concurrent.FastThreadLocalRunnable.run(FastThreadLocalRunnable.java:30)
	at java.base/java.lang.Thread.run(Thread.java:1583)
00:06:33.720 [multiThreadIoEventLoopGroup-4-1] WARN  io.netty.util.ReferenceCountUtil - Failed to release a message: UnpooledSlicedByteBuf(ridx: 0, widx: 2574, cap: 2574/2574, unwrapped: CycleArenaAllocator$ArenaBuf(ridx: 0, widx: 6769, cap: 8192))
java.lang.IllegalStateException: arena buffer of Thread[#28,multiThreadIoEventLoopGroup-3-3,10,main] touched from Thread[#30,multiThreadIoEventLoopGroup-4-1,10,main] (event-loop arena buffers are thread confined)
	at io.netty.buffer.CycleArenaAllocator$ArenaBuf.violation(CycleArenaAllocator.java:1279)
	at io.netty.buffer.CycleArenaAllocator$ArenaBuf.release(CycleArenaAllocator.java:1208)
	at io.netty.buffer.AbstractDerivedByteBuf.release0(AbstractDerivedByteBuf.java:98)
	at io.netty.buffer.AbstractDerivedByteBuf.release(AbstractDerivedByteBuf.java:94)
	at io.netty.util.ReferenceCountUtil.release(ReferenceCountUtil.java:90)
	at io.netty.util.ReferenceCountUtil.safeRelease(ReferenceCountUtil.java:116)
	at io.netty.channel.ChannelOutboundBuffer.remove(ChannelOutboundBuffer.java:300)
	at io.netty.channel.ChannelOutboundBuffer.removeBytes(ChannelOutboundBuffer.java:382)
	at io.netty.channel.uring.AbstractIoUringStreamChannel$IoUringStreamUnsafe.writeComplete0(AbstractIoUringStreamChannel.java:692)
	at io.netty.channel.uring.IoUringSocketChannel$IoUringSocketUnsafe.writeComplete0(IoUringSocketChannel.java:188)
	at io.netty.channel.uring.AbstractIoUringChannel$AbstractUringUnsafe.writeComplete(AbstractIoUringChannel.java:1003)
	at io.netty.channel.uring.AbstractIoUringChannel$AbstractUringUnsafe.handle(AbstractIoUringChannel.java:474)
	at io.netty.channel.uring.IoUringIoHandler$DefaultIoUringIoRegistration.handle(IoUringIoHandler.java:705)
	at io.netty.channel.uring.IoUringIoHandler.handleFastPath(IoUringIoHandler.java:318)
	at io.netty.channel.uring.IoUringIoHandler.handle(IoUringIoHandler.java:298)
	at io.netty.channel.uring.CompletionQueue.process(CompletionQueue.java:151)
	at io.netty.channel.uring.IoUringIoHandler.processCompletionsAndHandleOverflow(IoUringIoHandler.java:213)
	at io.netty.channel.uring.IoUringIoHandler.run(IoUringIoHandler.java:188)
	at io.netty.channel.SingleThreadIoEventLoop.runIo(SingleThreadIoEventLoop.java:225)
	at io.netty.channel.SingleThreadIoEventLoop.run(SingleThreadIoEventLoop.java:196)
	at io.netty.util.concurrent.SingleThreadEventExecutor$5.run(SingleThreadEventExecutor.java:1204)
	at io.netty.util.internal.ThreadExecutorMap$2.run(ThreadExecutorMap.java:74)
	at io.netty.util.concurrent.FastThreadLocalRunnable.run(FastThreadLocalRunnable.java:30)
	at java.base/java.lang.Thread.run(Thread.java:1583)
00:06:33.720 [multiThreadIoEventLoopGroup-3-3] WARN  io.netty.util.ReferenceCountUtil - Failed to release a message: UnpooledSlicedByteBuf(ridx: 0, widx: 795, cap: 795/795, unwrapped: CycleArenaAllocator$ArenaBuf(ridx: 0, widx: 795, cap: 8192))
java.lang.IllegalStateException: arena buffer of Thread[#30,multiThreadIoEventLoopGroup-4-1,10,main] touched from Thread[#28,multiThreadIoEventLoopGroup-3-3,10,main] (event-loop arena buffers are thread confined)
	at io.netty.buffer.CycleArenaAllocator$ArenaBuf.violation(CycleArenaAllocator.java:1279)
	at io.netty.buffer.CycleArenaAllocator$ArenaBuf.release(CycleArenaAllocator.java:1208)
	at io.netty.buffer.AbstractDerivedByteBuf.release0(AbstractDerivedByteBuf.java:98)
	at io.netty.buffer.AbstractDerivedByteBuf.release(AbstractDerivedByteBuf.java:94)
	at io.netty.util.ReferenceCountUtil.release(ReferenceCountUtil.java:90)
	at io.netty.util.ReferenceCountUtil.safeRelease(ReferenceCountUtil.java:116)
	at io.netty.channel.ChannelOutboundBuffer.remove(ChannelOutboundBuffer.java:300)
	at io.netty.channel.ChannelOutboundBuffer.removeBytes(ChannelOutboundBuffer.java:382)
	at io.netty.channel.uring.AbstractIoUringStreamChannel$IoUringStreamUnsafe.writeComplete0(AbstractIoUringStreamChannel.java:692)
	at io.netty.channel.uring.IoUringSocketChannel$IoUringSocketUnsafe.writeComplete0(IoUringSocketChannel.java:188)
	at io.netty.channel.uring.AbstractIoUringChannel$AbstractUringUnsafe.writeComplete(AbstractIoUringChannel.java:1003)
	at io.netty.channel.uring.AbstractIoUringChannel$AbstractUringUnsafe.handle(AbstractIoUringChannel.java:474)
	at io.netty.channel.uring.IoUringIoHandler$DefaultIoUringIoRegistration.handle(IoUringIoHandler.java:705)
	at io.netty.channel.uring.IoUringIoHandler.handleFastPath(IoUringIoHandler.java:318)
	at io.netty.channel.uring.IoUringIoHandler.handle(IoUringIoHandler.java:298)
	at io.netty.channel.uring.CompletionQueue.process(CompletionQueue.java:151)
	at io.netty.channel.uring.IoUringIoHandler.processCompletionsAndHandleOverflow(IoUringIoHandler.java:213)
	at io.netty.channel.uring.IoUringIoHandler.run(IoUringIoHandler.java:188)
	at io.netty.channel.SingleThreadIoEventLoop.runIo(SingleThreadIoEventLoop.java:225)
	at io.netty.channel.SingleThreadIoEventLoop.run(SingleThreadIoEventLoop.java:196)
	at io.netty.util.concurrent.SingleThreadEventExecutor$5.run(SingleThreadEventExecutor.java:1204)
	at io.netty.util.internal.ThreadExecutorMap$2.run(ThreadExecutorMap.java:74)
	at io.netty.util.concurrent.FastThreadLocalRunnable.run(FastThreadLocalRunnable.java:30)
	at java.base/java.lang.Thread.run(Thread.java:1583)
00:06:33.720 [multiThreadIoEventLoopGroup-4-1] WARN  io.netty.util.ReferenceCountUtil - Failed to release a message: UnpooledSlicedByteBuf(ridx: 0, widx: 1423, cap: 1423/1423, unwrapped: CycleArenaAllocator$ArenaBuf(ridx: 0, widx: 8192, cap: 8192))
java.lang.IllegalStateException: arena buffer of Thread[#28,multiThreadIoEventLoopGroup-3-3,10,main] touched from Thread[#30,multiThreadIoEventLoopGroup-4-1,10,main] (event-loop arena buffers are thread confined)
	at io.netty.buffer.CycleArenaAllocator$ArenaBuf.violation(CycleArenaAllocator.java:1279)
	at io.netty.buffer.CycleArenaAllocator$ArenaBuf.release(CycleArenaAllocator.java:1208)
	at io.netty.buffer.AbstractDerivedByteBuf.release0(AbstractDerivedByteBuf.java:98)
	at io.netty.buffer.AbstractDerivedByteBuf.release(AbstractDerivedByteBuf.java:94)
	at io.netty.util.ReferenceCountUtil.release(ReferenceCountUtil.java:90)
	at io.netty.util.ReferenceCountUtil.safeRelease(ReferenceCountUtil.java:116)
	at io.netty.channel.ChannelOutboundBuffer.remove(ChannelOutboundBuffer.java:300)
	at io.netty.channel.ChannelOutboundBuffer.removeBytes(ChannelOutboundBuffer.java:382)
	at io.netty.channel.uring.AbstractIoUringStreamChannel$IoUringStreamUnsafe.writeComplete0(AbstractIoUringStreamChannel.java:692)
	at io.netty.channel.uring.IoUringSocketChannel$IoUringSocketUnsafe.writeComplete0(IoUringSocketChannel.java:188)
	at io.netty.channel.uring.AbstractIoUringChannel$AbstractUringUnsafe.writeComplete(AbstractIoUringChannel.java:1003)
	at io.netty.channel.uring.AbstractIoUringChannel$AbstractUringUnsafe.handle(AbstractIoUringChannel.java:474)
	at io.netty.channel.uring.IoUringIoHandler$DefaultIoUringIoRegistration.handle(IoUringIoHandler.java:705)
	at io.netty.channel.uring.IoUringIoHandler.handleFastPath(IoUringIoHandler.java:318)
	at io.netty.channel.uring.IoUringIoHandler.handle(IoUringIoHandler.java:298)
	at io.netty.channel.uring.CompletionQueue.process(CompletionQueue.java:151)
	at io.netty.channel.uring.IoUringIoHandler.processCompletionsAndHandleOverflow(IoUringIoHandler.java:213)
	at io.netty.channel.uring.IoUringIoHandler.run(IoUringIoHandler.java:188)
	at io.netty.channel.SingleThreadIoEventLoop.runIo(SingleThreadIoEventLoop.java:225)
	at io.netty.channel.SingleThreadIoEventLoop.run(SingleThreadIoEventLoop.java:196)
	at io.netty.util.concurrent.SingleThreadEventExecutor$5.run(SingleThreadEventExecutor.java:1204)
	at io.netty.util.internal.ThreadExecutorMap$2.run(ThreadExecutorMap.java:74)
	at io.netty.util.concurrent.FastThreadLocalRunnable.run(FastThreadLocalRunnable.java:30)
	at java.base/java.lang.Thread.run(Thread.java:1583)
00:06:33.720 [multiThreadIoEventLoopGroup-4-1] WARN  io.netty.util.ReferenceCountUtil - Failed to release a message: UnpooledSlicedByteBuf(ridx: 0, widx: 2772, cap: 2772/2772, unwrapped: CycleArenaAllocator$ArenaBuf(ridx: 0, widx: 2772, cap: 8192))
java.lang.IllegalStateException: arena buffer of Thread[#28,multiThreadIoEventLoopGroup-3-3,10,main] touched from Thread[#30,multiThreadIoEventLoopGroup-4-1,10,main] (event-loop arena buffers are thread confined)
	at io.netty.buffer.CycleArenaAllocator$ArenaBuf.violation(CycleArenaAllocator.java:1279)
	at io.netty.buffer.CycleArenaAllocator$ArenaBuf.release(CycleArenaAllocator.java:1208)
	at io.netty.buffer.AbstractDerivedByteBuf.release0(AbstractDerivedByteBuf.java:98)
	at io.netty.buffer.AbstractDerivedByteBuf.release(AbstractDerivedByteBuf.java:94)
	at io.netty.util.ReferenceCountUtil.release(ReferenceCountUtil.java:90)
	at io.netty.util.ReferenceCountUtil.safeRelease(ReferenceCountUtil.java:116)
	at io.netty.channel.ChannelOutboundBuffer.remove(ChannelOutboundBuffer.java:300)
	at io.netty.channel.ChannelOutboundBuffer.removeBytes(ChannelOutboundBuffer.java:382)
	at io.netty.channel.uring.AbstractIoUringStreamChannel$IoUringStreamUnsafe.writeComplete0(AbstractIoUringStreamChannel.java:692)
	at io.netty.channel.uring.IoUringSocketChannel$IoUringSocketUnsafe.writeComplete0(IoUringSocketChannel.java:188)
	at io.netty.channel.uring.AbstractIoUringChannel$AbstractUringUnsafe.writeComplete(AbstractIoUringChannel.java:1003)
	at io.netty.channel.uring.AbstractIoUringChannel$AbstractUringUnsafe.handle(AbstractIoUringChannel.java:474)
	at io.netty.channel.uring.IoUringIoHandler$DefaultIoUringIoRegistration.handle(IoUringIoHandler.java:705)
	at io.netty.channel.uring.IoUringIoHandler.handleFastPath(IoUringIoHandler.java:318)
	at io.netty.channel.uring.IoUringIoHandler.handle(IoUringIoHandler.java:298)
	at io.netty.channel.uring.CompletionQueue.process(CompletionQueue.java:151)
	at io.netty.channel.uring.IoUringIoHandler.processCompletionsAndHandleOverflow(IoUringIoHandler.java:213)
	at io.netty.channel.uring.IoUringIoHandler.run(IoUringIoHandler.java:188)
	at io.netty.channel.SingleThreadIoEventLoop.runIo(SingleThreadIoEventLoop.java:225)
	at io.netty.channel.SingleThreadIoEventLoop.run(SingleThreadIoEventLoop.java:196)
	at io.netty.util.concurrent.SingleThreadEventExecutor$5.run(SingleThreadEventExecutor.java:1204)
	at io.netty.util.internal.ThreadExecutorMap$2.run(ThreadExecutorMap.java:74)
	at io.netty.util.concurrent.FastThreadLocalRunnable.run(FastThreadLocalRunnable.java:30)
	at java.base/java.lang.Thread.run(Thread.java:1583)
00:06:33.720 [multiThreadIoEventLoopGroup-3-3] WARN  io.netty.util.ReferenceCountUtil - Failed to release a message: UnpooledSlicedByteBuf(ridx: 0, widx: 156, cap: 156/156, unwrapped: CycleArenaAllocator$ArenaBuf(ridx: 0, widx: 1107, cap: 8192))
java.lang.IllegalStateException: arena buffer of Thread[#30,multiThreadIoEventLoopGroup-4-1,10,main] touched from Thread[#28,multiThreadIoEventLoopGroup-3-3,10,main] (event-loop arena buffers are thread confined)
	at io.netty.buffer.CycleArenaAllocator$ArenaBuf.violation(CycleArenaAllocator.java:1279)
	at io.netty.buffer.CycleArenaAllocator$ArenaBuf.release(CycleArenaAllocator.java:1208)
	at io.netty.buffer.AbstractDerivedByteBuf.release0(AbstractDerivedByteBuf.java:98)
	at io.netty.buffer.AbstractDerivedByteBuf.release(AbstractDerivedByteBuf.java:94)
	at io.netty.util.ReferenceCountUtil.release(ReferenceCountUtil.java:90)
	at io.netty.util.ReferenceCountUtil.safeRelease(ReferenceCountUtil.java:116)
	at io.netty.channel.ChannelOutboundBuffer.remove(ChannelOutboundBuffer.java:300)
	at io.netty.channel.ChannelOutboundBuffer.removeBytes(ChannelOutboundBuffer.java:382)
	at io.netty.channel.uring.AbstractIoUringStreamChannel$IoUringStreamUnsafe.writeComplete0(AbstractIoUringStreamChannel.java:692)
	at io.netty.channel.uring.IoUringSocketChannel$IoUringSocketUnsafe.writeComplete0(IoUringSocketChannel.java:188)
	at io.netty.channel.uring.AbstractIoUringChannel$AbstractUringUnsafe.writeComplete(AbstractIoUringChannel.java:1003)
	at io.netty.channel.uring.AbstractIoUringChannel$AbstractUringUnsafe.handle(AbstractIoUringChannel.java:474)
	at io.netty.channel.uring.IoUringIoHandler$DefaultIoUringIoRegistration.handle(IoUringIoHandler.java:705)
	at io.netty.channel.uring.IoUringIoHandler.handleFastPath(IoUringIoHandler.java:318)
	at io.netty.channel.uring.IoUringIoHandler.handle(IoUringIoHandler.java:298)
	at io.netty.channel.uring.CompletionQueue.process(CompletionQueue.java:151)
	at io.netty.channel.uring.IoUringIoHandler.processCompletionsAndHandleOverflow(IoUringIoHandler.java:213)
	at io.netty.channel.uring.IoUringIoHandler.run(IoUringIoHandler.java:188)
	at io.netty.channel.SingleThreadIoEventLoop.runIo(SingleThreadIoEventLoop.java:225)
	at io.netty.channel.SingleThreadIoEventLoop.run(SingleThreadIoEventLoop.java:196)
	at io.netty.util.concurrent.SingleThreadEventExecutor$5.run(SingleThreadEventExecutor.java:1204)
	at io.netty.util.internal.ThreadExecutorMap$2.run(ThreadExecutorMap.java:74)
	at io.netty.util.concurrent.FastThreadLocalRunnable.run(FastThreadLocalRunnable.java:30)
	at java.base/java.lang.Thread.run(Thread.java:1583)
00:06:33.720 [multiThreadIoEventLoopGroup-3-3] WARN  i.n.channel.uring.IoUringIoHandler - Unexpected exception in the IO event loop.
java.lang.IllegalStateException: arena buffer of Thread[#30,multiThreadIoEventLoopGroup-4-1,10,main] touched from Thread[#28,multiThreadIoEventLoopGroup-3-3,10,main] (event-loop arena buffers are thread confined)
	at io.netty.buffer.CycleArenaAllocator$ArenaBuf.violation(CycleArenaAllocator.java:1279)
	at io.netty.buffer.CycleArenaAllocator$ArenaBuf.retain(CycleArenaAllocator.java:1182)
	at io.netty.buffer.AbstractDerivedByteBuf.retain0(AbstractDerivedByteBuf.java:58)
	at io.netty.buffer.AbstractDerivedByteBuf.retain(AbstractDerivedByteBuf.java:54)
	at io.netty.channel.uring.IoUringSocketChannel$IoUringSocketUnsafe.handleWriteCompleteZeroCopy(IoUringSocketChannel.java:220)
	at io.netty.channel.uring.IoUringSocketChannel$IoUringSocketUnsafe.writeComplete0(IoUringSocketChannel.java:186)
	at io.netty.channel.uring.AbstractIoUringChannel$AbstractUringUnsafe.writeComplete(AbstractIoUringChannel.java:1003)
	at io.netty.channel.uring.AbstractIoUringChannel$AbstractUringUnsafe.handle(AbstractIoUringChannel.java:474)
	at io.netty.channel.uring.IoUringIoHandler$DefaultIoUringIoRegistration.handle(IoUringIoHandler.java:705)
	at io.netty.channel.uring.IoUringIoHandler.handleFastPath(IoUringIoHandler.java:318)
	at io.netty.channel.uring.IoUringIoHandler.handle(IoUringIoHandler.java:298)
	at io.netty.channel.uring.CompletionQueue.process(CompletionQueue.java:151)
	at io.netty.channel.uring.IoUringIoHandler.processCompletionsAndHandleOverflow(IoUringIoHandler.java:213)
	at io.netty.channel.uring.IoUringIoHandler.run(IoUringIoHandler.java:188)
	at io.netty.channel.SingleThreadIoEventLoop.runIo(SingleThreadIoEventLoop.java:225)
	at io.netty.channel.SingleThreadIoEventLoop.run(SingleThreadIoEventLoop.java:196)
	at io.netty.util.concurrent.SingleThreadEventExecutor$5.run(SingleThreadEventExecutor.java:1204)
	at io.netty.util.internal.ThreadExecutorMap$2.run(ThreadExecutorMap.java:74)
	at io.netty.util.concurrent.FastThreadLocalRunnable.run(FastThreadLocalRunnable.java:30)
	at java.base/java.lang.Thread.run(Thread.java:1583)
00:06:33.818 [multiThreadIoEventLoopGroup-4-4] WARN  i.n.channel.uring.IoUringIoHandler - Unexpected exception in the IO event loop.
java.lang.IllegalStateException: arena buffer of Thread[#27,multiThreadIoEventLoopGroup-3-2,10,main] touched from Thread[#33,multiThreadIoEventLoopGroup-4-4,10,main] (event-loop arena buffers are thread confined)
	at io.netty.buffer.CycleArenaAllocator$ArenaBuf.violation(CycleArenaAllocator.java:1279)
	at io.netty.buffer.CycleArenaAllocator$ArenaBuf.release(CycleArenaAllocator.java:1208)
	at io.netty.buffer.AbstractDerivedByteBuf.release0(AbstractDerivedByteBuf.java:98)
	at io.netty.buffer.AbstractDerivedByteBuf.release(AbstractDerivedByteBuf.java:94)
	at io.netty.channel.uring.IoUringSocketChannel$IoUringSocketUnsafe.handleWriteCompleteZeroCopy(IoUringSocketChannel.java:289)
	at io.netty.channel.uring.IoUringSocketChannel$IoUringSocketUnsafe.writeComplete0(IoUringSocketChannel.java:186)
	at io.netty.channel.uring.AbstractIoUringChannel$AbstractUringUnsafe.writeComplete(AbstractIoUringChannel.java:1003)
	at io.netty.channel.uring.AbstractIoUringChannel$AbstractUringUnsafe.handle(AbstractIoUringChannel.java:474)
	at io.netty.channel.uring.IoUringIoHandler$DefaultIoUringIoRegistration.handle(IoUringIoHandler.java:705)
	at io.netty.channel.uring.IoUringIoHandler.handleFastPath(IoUringIoHandler.java:318)
	at io.netty.channel.uring.IoUringIoHandler.handle(IoUringIoHandler.java:298)
	at io.netty.channel.uring.CompletionQueue.process(CompletionQueue.java:151)
	at io.netty.channel.uring.IoUringIoHandler.processCompletionsAndHandleOverflow(IoUringIoHandler.java:213)
	at io.netty.channel.uring.IoUringIoHandler.run(IoUringIoHandler.java:188)
	at io.netty.channel.SingleThreadIoEventLoop.runIo(SingleThreadIoEventLoop.java:225)
	at io.netty.channel.SingleThreadIoEventLoop.run(SingleThreadIoEventLoop.java:196)
	at io.netty.util.concurrent.SingleThreadEventExecutor$5.run(SingleThreadEventExecutor.java:1204)
	at io.netty.util.internal.ThreadExecutorMap$2.run(ThreadExecutorMap.java:74)
	at io.netty.util.concurrent.FastThreadLocalRunnable.run(FastThreadLocalRunnable.java:30)
	at java.base/java.lang.Thread.run(Thread.java:1583)
00:06:33.818 [multiThreadIoEventLoopGroup-3-2] WARN  io.netty.util.ReferenceCountUtil - Failed to release a message: UnpooledSlicedByteBuf(ridx: 0, widx: 1103, cap: 1103/1103, unwrapped: CycleArenaAllocator$ArenaBuf(ridx: 0, widx: 8192, cap: 8192))
java.lang.IllegalStateException: arena buffer of Thread[#31,multiThreadIoEventLoopGroup-4-2,10,main] touched from Thread[#27,multiThreadIoEventLoopGroup-3-2,10,main] (event-loop arena buffers are thread confined)
	at io.netty.buffer.CycleArenaAllocator$ArenaBuf.violation(CycleArenaAllocator.java:1279)
	at io.netty.buffer.CycleArenaAllocator$ArenaBuf.release(CycleArenaAllocator.java:1208)
	at io.netty.buffer.AbstractDerivedByteBuf.release0(AbstractDerivedByteBuf.java:98)
	at io.netty.buffer.AbstractDerivedByteBuf.release(AbstractDerivedByteBuf.java:94)
	at io.netty.util.ReferenceCountUtil.release(ReferenceCountUtil.java:90)
	at io.netty.util.ReferenceCountUtil.safeRelease(ReferenceCountUtil.java:116)
	at io.netty.channel.ChannelOutboundBuffer.remove(ChannelOutboundBuffer.java:300)
	at io.netty.channel.ChannelOutboundBuffer.removeBytes(ChannelOutboundBuffer.java:382)
	at io.netty.channel.uring.AbstractIoUringStreamChannel$IoUringStreamUnsafe.writeComplete0(AbstractIoUringStreamChannel.java:692)
	at io.netty.channel.uring.IoUringSocketChannel$IoUringSocketUnsafe.writeComplete0(IoUringSocketChannel.java:188)
	at io.netty.channel.uring.AbstractIoUringChannel$AbstractUringUnsafe.writeComplete(AbstractIoUringChannel.java:1003)
	at io.netty.channel.uring.AbstractIoUringChannel$AbstractUringUnsafe.handle(AbstractIoUringChannel.java:474)
	at io.netty.channel.uring.IoUringIoHandler$DefaultIoUringIoRegistration.handle(IoUringIoHandler.java:705)
	at io.netty.channel.uring.IoUringIoHandler.handleFastPath(IoUringIoHandler.java:318)
	at io.netty.channel.uring.IoUringIoHandler.handle(IoUringIoHandler.java:298)
	at io.netty.channel.uring.CompletionQueue.process(CompletionQueue.java:151)
	at io.netty.channel.uring.IoUringIoHandler.processCompletionsAndHandleOverflow(IoUringIoHandler.java:213)
	at io.netty.channel.uring.IoUringIoHandler.run(IoUringIoHandler.java:188)
	at io.netty.channel.SingleThreadIoEventLoop.runIo(SingleThreadIoEventLoop.java:225)
	at io.netty.channel.SingleThreadIoEventLoop.run(SingleThreadIoEventLoop.java:196)
	at io.netty.util.concurrent.SingleThreadEventExecutor$5.run(SingleThreadEventExecutor.java:1204)
	at io.netty.util.internal.ThreadExecutorMap$2.run(ThreadExecutorMap.java:74)
	at io.netty.util.concurrent.FastThreadLocalRunnable.run(FastThreadLocalRunnable.java:30)
	at java.base/java.lang.Thread.run(Thread.java:1583)
00:06:33.818 [multiThreadIoEventLoopGroup-3-2] WARN  io.netty.util.ReferenceCountUtil - Failed to release a message: UnpooledSlicedByteBuf(ridx: 0, widx: 3434, cap: 3434/3434, unwrapped: CycleArenaAllocator$ArenaBuf(ridx: 0, widx: 3434, cap: 8192))
java.lang.IllegalStateException: arena buffer of Thread[#31,multiThreadIoEventLoopGroup-4-2,10,main] touched from Thread[#27,multiThreadIoEventLoopGroup-3-2,10,main] (event-loop arena buffers are thread confined)
	at io.netty.buffer.CycleArenaAllocator$ArenaBuf.violation(CycleArenaAllocator.java:1279)
	at io.netty.buffer.CycleArenaAllocator$ArenaBuf.release(CycleArenaAllocator.java:1208)
	at io.netty.buffer.AbstractDerivedByteBuf.release0(AbstractDerivedByteBuf.java:98)
	at io.netty.buffer.AbstractDerivedByteBuf.release(AbstractDerivedByteBuf.java:94)
	at io.netty.util.ReferenceCountUtil.release(ReferenceCountUtil.java:90)
	at io.netty.util.ReferenceCountUtil.safeRelease(ReferenceCountUtil.java:116)
	at io.netty.channel.ChannelOutboundBuffer.remove(ChannelOutboundBuffer.java:300)
	at io.netty.channel.ChannelOutboundBuffer.removeBytes(ChannelOutboundBuffer.java:382)
	at io.netty.channel.uring.AbstractIoUringStreamChannel$IoUringStreamUnsafe.writeComplete0(AbstractIoUringStreamChannel.java:692)
	at io.netty.channel.uring.IoUringSocketChannel$IoUringSocketUnsafe.writeComplete0(IoUringSocketChannel.java:188)
	at io.netty.channel.uring.AbstractIoUringChannel$AbstractUringUnsafe.writeComplete(AbstractIoUringChannel.java:1003)
	at io.netty.channel.uring.AbstractIoUringChannel$AbstractUringUnsafe.handle(AbstractIoUringChannel.java:474)
	at io.netty.channel.uring.IoUringIoHandler$DefaultIoUringIoRegistration.handle(IoUringIoHandler.java:705)
	at io.netty.channel.uring.IoUringIoHandler.handleFastPath(IoUringIoHandler.java:318)
	at io.netty.channel.uring.IoUringIoHandler.handle(IoUringIoHandler.java:298)
	at io.netty.channel.uring.CompletionQueue.process(CompletionQueue.java:151)
	at io.netty.channel.uring.IoUringIoHandler.processCompletionsAndHandleOverflow(IoUringIoHandler.java:213)
	at io.netty.channel.uring.IoUringIoHandler.run(IoUringIoHandler.java:188)
	at io.netty.channel.SingleThreadIoEventLoop.runIo(SingleThreadIoEventLoop.java:225)
	at io.netty.channel.SingleThreadIoEventLoop.run(SingleThreadIoEventLoop.java:196)
	at io.netty.util.concurrent.SingleThreadEventExecutor$5.run(SingleThreadEventExecutor.java:1204)
	at io.netty.util.internal.ThreadExecutorMap$2.run(ThreadExecutorMap.java:74)
	at io.netty.util.concurrent.FastThreadLocalRunnable.run(FastThreadLocalRunnable.java:30)
	at java.base/java.lang.Thread.run(Thread.java:1583)
00:06:33.818 [multiThreadIoEventLoopGroup-4-2] WARN  i.n.channel.uring.IoUringIoHandler - Unexpected exception in the IO event loop.
java.lang.IllegalStateException: arena buffer of Thread[#27,multiThreadIoEventLoopGroup-3-2,10,main] touched from Thread[#31,multiThreadIoEventLoopGroup-4-2,10,main] (event-loop arena buffers are thread confined)
	at io.netty.buffer.CycleArenaAllocator$ArenaBuf.violation(CycleArenaAllocator.java:1279)
	at io.netty.buffer.CycleArenaAllocator$ArenaBuf.retain(CycleArenaAllocator.java:1182)
	at io.netty.buffer.AbstractDerivedByteBuf.retain0(AbstractDerivedByteBuf.java:58)
	at io.netty.buffer.AbstractDerivedByteBuf.retain(AbstractDerivedByteBuf.java:54)
	at io.netty.channel.uring.IoUringSocketChannel$IoUringSocketUnsafe.handleWriteCompleteZeroCopy(IoUringSocketChannel.java:220)
	at io.netty.channel.uring.IoUringSocketChannel$IoUringSocketUnsafe.writeComplete0(IoUringSocketChannel.java:186)
	at io.netty.channel.uring.AbstractIoUringChannel$AbstractUringUnsafe.writeComplete(AbstractIoUringChannel.java:1003)
	at io.netty.channel.uring.AbstractIoUringChannel$AbstractUringUnsafe.handle(AbstractIoUringChannel.java:474)
	at io.netty.channel.uring.IoUringIoHandler$DefaultIoUringIoRegistration.handle(IoUringIoHandler.java:705)
	at io.netty.channel.uring.IoUringIoHandler.handleFastPath(IoUringIoHandler.java:318)
	at io.netty.channel.uring.IoUringIoHandler.handle(IoUringIoHandler.java:298)
	at io.netty.channel.uring.CompletionQueue.process(CompletionQueue.java:151)
	at io.netty.channel.uring.IoUringIoHandler.processCompletionsAndHandleOverflow(IoUringIoHandler.java:213)
	at io.netty.channel.uring.IoUringIoHandler.run(IoUringIoHandler.java:188)
	at io.netty.channel.SingleThreadIoEventLoop.runIo(SingleThreadIoEventLoop.java:225)
	at io.netty.channel.SingleThreadIoEventLoop.run(SingleThreadIoEventLoop.java:196)
	at io.netty.util.concurrent.SingleThreadEventExecutor$5.run(SingleThreadEventExecutor.java:1204)
	at io.netty.util.internal.ThreadExecutorMap$2.run(ThreadExecutorMap.java:74)
	at io.netty.util.concurrent.FastThreadLocalRunnable.run(FastThreadLocalRunnable.java:30)
	at java.base/java.lang.Thread.run(Thread.java:1583)
00:06:33.818 [multiThreadIoEventLoopGroup-3-1] WARN  i.n.channel.uring.IoUringIoHandler - Unexpected exception in the IO event loop.
java.lang.IllegalStateException: arena buffer of Thread[#32,multiThreadIoEventLoopGroup-4-3,10,main] touched from Thread[#26,multiThreadIoEventLoopGroup-3-1,10,main] (event-loop arena buffers are thread confined)
	at io.netty.buffer.CycleArenaAllocator$ArenaBuf.violation(CycleArenaAllocator.java:1279)
	at io.netty.buffer.CycleArenaAllocator$ArenaBuf.release(CycleArenaAllocator.java:1208)
	at io.netty.buffer.AbstractDerivedByteBuf.release0(AbstractDerivedByteBuf.java:98)
	at io.netty.buffer.AbstractDerivedByteBuf.release(AbstractDerivedByteBuf.java:94)
	at io.netty.channel.uring.IoUringSocketChannel$IoUringSocketUnsafe.handleWriteCompleteZeroCopy(IoUringSocketChannel.java:289)
	at io.netty.channel.uring.IoUringSocketChannel$IoUringSocketUnsafe.writeComplete0(IoUringSocketChannel.java:186)
	at io.netty.channel.uring.AbstractIoUringChannel$AbstractUringUnsafe.writeComplete(AbstractIoUringChannel.java:1003)
	at io.netty.channel.uring.AbstractIoUringChannel$AbstractUringUnsafe.handle(AbstractIoUringChannel.java:474)
	at io.netty.channel.uring.IoUringIoHandler$DefaultIoUringIoRegistration.handle(IoUringIoHandler.java:705)
	at io.netty.channel.uring.IoUringIoHandler.handleFastPath(IoUringIoHandler.java:318)
	at io.netty.channel.uring.IoUringIoHandler.handle(IoUringIoHandler.java:298)
	at io.netty.channel.uring.CompletionQueue.process(CompletionQueue.java:151)
	at io.netty.channel.uring.IoUringIoHandler.processCompletionsAndHandleOverflow(IoUringIoHandler.java:213)
	at io.netty.channel.uring.IoUringIoHandler.run(IoUringIoHandler.java:188)
	at io.netty.channel.SingleThreadIoEventLoop.runIo(SingleThreadIoEventLoop.java:225)
	at io.netty.channel.SingleThreadIoEventLoop.run(SingleThreadIoEventLoop.java:196)
	at io.netty.util.concurrent.SingleThreadEventExecutor$5.run(SingleThreadEventExecutor.java:1204)
	at io.netty.util.internal.ThreadExecutorMap$2.run(ThreadExecutorMap.java:74)
	at io.netty.util.concurrent.FastThreadLocalRunnable.run(FastThreadLocalRunnable.java:30)
	at java.base/java.lang.Thread.run(Thread.java:1583)
00:06:33.818 [multiThreadIoEventLoopGroup-4-3] WARN  i.n.channel.uring.IoUringIoHandler - Unexpected exception in the IO event loop.
java.lang.IllegalStateException: arena buffer of Thread[#28,multiThreadIoEventLoopGroup-3-3,10,main] touched from Thread[#32,multiThreadIoEventLoopGroup-4-3,10,main] (event-loop arena buffers are thread confined)
	at io.netty.buffer.CycleArenaAllocator$ArenaBuf.violation(CycleArenaAllocator.java:1279)
	at io.netty.buffer.CycleArenaAllocator$ArenaBuf.release(CycleArenaAllocator.java:1208)
	at io.netty.buffer.AbstractDerivedByteBuf.release0(AbstractDerivedByteBuf.java:98)
	at io.netty.buffer.AbstractDerivedByteBuf.release(AbstractDerivedByteBuf.java:94)
	at io.netty.channel.uring.IoUringSocketChannel$IoUringSocketUnsafe.handleWriteCompleteZeroCopy(IoUringSocketChannel.java:289)
	at io.netty.channel.uring.IoUringSocketChannel$IoUringSocketUnsafe.writeComplete0(IoUringSocketChannel.java:186)
	at io.netty.channel.uring.AbstractIoUringChannel$AbstractUringUnsafe.writeComplete(AbstractIoUringChannel.java:1003)
	at io.netty.channel.uring.AbstractIoUringChannel$AbstractUringUnsafe.handle(AbstractIoUringChannel.java:474)
	at io.netty.channel.uring.IoUringIoHandler$DefaultIoUringIoRegistration.handle(IoUringIoHandler.java:705)
	at io.netty.channel.uring.IoUringIoHandler.handleFastPath(IoUringIoHandler.java:318)
	at io.netty.channel.uring.IoUringIoHandler.handle(IoUringIoHandler.java:298)
	at io.netty.channel.uring.CompletionQueue.process(CompletionQueue.java:151)
	at io.netty.channel.uring.IoUringIoHandler.processCompletionsAndHandleOverflow(IoUringIoHandler.java:213)
	at io.netty.channel.uring.IoUringIoHandler.run(IoUringIoHandler.java:188)
	at io.netty.channel.SingleThreadIoEventLoop.runIo(SingleThreadIoEventLoop.java:225)
	at io.netty.channel.SingleThreadIoEventLoop.run(SingleThreadIoEventLoop.java:196)
	at io.netty.util.concurrent.SingleThreadEventExecutor$5.run(SingleThreadEventExecutor.java:1204)
	at io.netty.util.internal.ThreadExecutorMap$2.run(ThreadExecutorMap.java:74)
	at io.netty.util.concurrent.FastThreadLocalRunnable.run(FastThreadLocalRunnable.java:30)
	at java.base/java.lang.Thread.run(Thread.java:1583)
00:06:33.820 [multiThreadIoEventLoopGroup-3-3] WARN  i.n.channel.uring.IoUringIoHandler - Unexpected exception in the IO event loop.
java.lang.IllegalStateException: arena buffer of Thread[#30,multiThreadIoEventLoopGroup-4-1,10,main] touched from Thread[#28,multiThreadIoEventLoopGroup-3-3,10,main] (event-loop arena buffers are thread confined)
	at io.netty.buffer.CycleArenaAllocator$ArenaBuf.violation(CycleArenaAllocator.java:1279)
	at io.netty.buffer.CycleArenaAllocator$ArenaBuf.release(CycleArenaAllocator.java:1208)
	at io.netty.buffer.AbstractDerivedByteBuf.release0(AbstractDerivedByteBuf.java:98)
	at io.netty.buffer.AbstractDerivedByteBuf.release(AbstractDerivedByteBuf.java:94)
	at io.netty.channel.uring.IoUringSocketChannel$IoUringSocketUnsafe.handleWriteCompleteZeroCopy(IoUringSocketChannel.java:289)
	at io.netty.channel.uring.IoUringSocketChannel$IoUringSocketUnsafe.writeComplete0(IoUringSocketChannel.java:186)
	at io.netty.channel.uring.AbstractIoUringChannel$AbstractUringUnsafe.writeComplete(AbstractIoUringChannel.java:1003)
	at io.netty.channel.uring.AbstractIoUringChannel$AbstractUringUnsafe.handle(AbstractIoUringChannel.java:474)
	at io.netty.channel.uring.IoUringIoHandler$DefaultIoUringIoRegistration.handle(IoUringIoHandler.java:705)
	at io.netty.channel.uring.IoUringIoHandler.handleFastPath(IoUringIoHandler.java:318)
	at io.netty.channel.uring.IoUringIoHandler.handle(IoUringIoHandler.java:298)
	at io.netty.channel.uring.CompletionQueue.process(CompletionQueue.java:151)
	at io.netty.channel.uring.IoUringIoHandler.processCompletionsAndHandleOverflow(IoUringIoHandler.java:213)
	at io.netty.channel.uring.IoUringIoHandler.run(IoUringIoHandler.java:188)
	at io.netty.channel.SingleThreadIoEventLoop.runIo(SingleThreadIoEventLoop.java:225)
	at io.netty.channel.SingleThreadIoEventLoop.run(SingleThreadIoEventLoop.java:196)
	at io.netty.util.concurrent.SingleThreadEventExecutor$5.run(SingleThreadEventExecutor.java:1204)
	at io.netty.util.internal.ThreadExecutorMap$2.run(ThreadExecutorMap.java:74)
	at io.netty.util.concurrent.FastThreadLocalRunnable.run(FastThreadLocalRunnable.java:30)
	at java.base/java.lang.Thread.run(Thread.java:1583)
00:06:33.919 [multiThreadIoEventLoopGroup-4-2] WARN  i.n.channel.uring.IoUringIoHandler - Unexpected exception in the IO event loop.
java.lang.IllegalStateException: arena buffer of Thread[#27,multiThreadIoEventLoopGroup-3-2,10,main] touched from Thread[#31,multiThreadIoEventLoopGroup-4-2,10,main] (event-loop arena buffers are thread confined)
	at io.netty.buffer.CycleArenaAllocator$ArenaBuf.violation(CycleArenaAllocator.java:1279)
	at io.netty.buffer.CycleArenaAllocator$ArenaBuf.release(CycleArenaAllocator.java:1208)
	at io.netty.buffer.AbstractDerivedByteBuf.release0(AbstractDerivedByteBuf.java:98)
	at io.netty.buffer.AbstractDerivedByteBuf.release(AbstractDerivedByteBuf.java:94)
	at io.netty.channel.uring.IoUringSocketChannel$IoUringSocketUnsafe.handleWriteCompleteZeroCopy(IoUringSocketChannel.java:289)
	at io.netty.channel.uring.IoUringSocketChannel$IoUringSocketUnsafe.writeComplete0(IoUringSocketChannel.java:186)
	at io.netty.channel.uring.AbstractIoUringChannel$AbstractUringUnsafe.writeComplete(AbstractIoUringChannel.java:1003)
	at io.netty.channel.uring.AbstractIoUringChannel$AbstractUringUnsafe.handle(AbstractIoUringChannel.java:474)
	at io.netty.channel.uring.IoUringIoHandler$DefaultIoUringIoRegistration.handle(IoUringIoHandler.java:705)
	at io.netty.channel.uring.IoUringIoHandler.handleFastPath(IoUringIoHandler.java:318)
	at io.netty.channel.uring.IoUringIoHandler.handle(IoUringIoHandler.java:298)
	at io.netty.channel.uring.CompletionQueue.process(CompletionQueue.java:151)
	at io.netty.channel.uring.IoUringIoHandler.processCompletionsAndHandleOverflow(IoUringIoHandler.java:213)
	at io.netty.channel.uring.IoUringIoHandler.run(IoUringIoHandler.java:188)
	at io.netty.channel.SingleThreadIoEventLoop.runIo(SingleThreadIoEventLoop.java:225)
	at io.netty.channel.SingleThreadIoEventLoop.run(SingleThreadIoEventLoop.java:196)
	at io.netty.util.concurrent.SingleThreadEventExecutor$5.run(SingleThreadEventExecutor.java:1204)
	at io.netty.util.internal.ThreadExecutorMap$2.run(ThreadExecutorMap.java:74)
	at io.netty.util.concurrent.FastThreadLocalRunnable.run(FastThreadLocalRunnable.java:30)
	at java.base/java.lang.Thread.run(Thread.java:1583)
00:06:33.919 [multiThreadIoEventLoopGroup-3-2] WARN  io.netty.util.ReferenceCountUtil - Failed to release a message: UnpooledSlicedByteBuf(ridx: 0, widx: 1136, cap: 1136/1136, unwrapped: CycleArenaAllocator$ArenaBuf(ridx: 0, widx: 8192, cap: 8192))
java.lang.IllegalStateException: arena buffer of Thread[#33,multiThreadIoEventLoopGroup-4-4,10,main] touched from Thread[#27,multiThreadIoEventLoopGroup-3-2,10,main] (event-loop arena buffers are thread confined)
	at io.netty.buffer.CycleArenaAllocator$ArenaBuf.violation(CycleArenaAllocator.java:1279)
	at io.netty.buffer.CycleArenaAllocator$ArenaBuf.release(CycleArenaAllocator.java:1208)
	at io.netty.buffer.AbstractDerivedByteBuf.release0(AbstractDerivedByteBuf.java:98)
	at io.netty.buffer.AbstractDerivedByteBuf.release(AbstractDerivedByteBuf.java:94)
	at io.netty.util.ReferenceCountUtil.release(ReferenceCountUtil.java:90)
	at io.netty.util.ReferenceCountUtil.safeRelease(ReferenceCountUtil.java:116)
	at io.netty.channel.ChannelOutboundBuffer.remove(ChannelOutboundBuffer.java:300)
	at io.netty.channel.ChannelOutboundBuffer.removeBytes(ChannelOutboundBuffer.java:382)
	at io.netty.channel.uring.AbstractIoUringStreamChannel$IoUringStreamUnsafe.writeComplete0(AbstractIoUringStreamChannel.java:692)
	at io.netty.channel.uring.IoUringSocketChannel$IoUringSocketUnsafe.writeComplete0(IoUringSocketChannel.java:188)
	at io.netty.channel.uring.AbstractIoUringChannel$AbstractUringUnsafe.writeComplete(AbstractIoUringChannel.java:1003)
	at io.netty.channel.uring.AbstractIoUringChannel$AbstractUringUnsafe.handle(AbstractIoUringChannel.java:474)
	at io.netty.channel.uring.IoUringIoHandler$DefaultIoUringIoRegistration.handle(IoUringIoHandler.java:705)
	at io.netty.channel.uring.IoUringIoHandler.handleFastPath(IoUringIoHandler.java:318)
	at io.netty.channel.uring.IoUringIoHandler.handle(IoUringIoHandler.java:298)
	at io.netty.channel.uring.CompletionQueue.process(CompletionQueue.java:151)
	at io.netty.channel.uring.IoUringIoHandler.processCompletionsAndHandleOverflow(IoUringIoHandler.java:213)
	at io.netty.channel.uring.IoUringIoHandler.run(IoUringIoHandler.java:188)
	at io.netty.channel.SingleThreadIoEventLoop.runIo(SingleThreadIoEventLoop.java:225)
	at io.netty.channel.SingleThreadIoEventLoop.run(SingleThreadIoEventLoop.java:196)
	at io.netty.util.concurrent.SingleThreadEventExecutor$5.run(SingleThreadEventExecutor.java:1204)
	at io.netty.util.internal.ThreadExecutorMap$2.run(ThreadExecutorMap.java:74)
	at io.netty.util.concurrent.FastThreadLocalRunnable.run(FastThreadLocalRunnable.java:30)
	at java.base/java.lang.Thread.run(Thread.java:1583)
00:06:33.919 [multiThreadIoEventLoopGroup-4-4] WARN  i.n.channel.uring.IoUringIoHandler - Unexpected exception in the IO event loop.
java.lang.IllegalStateException: arena buffer of Thread[#26,multiThreadIoEventLoopGroup-3-1,10,main] touched from Thread[#33,multiThreadIoEventLoopGroup-4-4,10,main] (event-loop arena buffers are thread confined)
	at io.netty.buffer.CycleArenaAllocator$ArenaBuf.violation(CycleArenaAllocator.java:1279)
	at io.netty.buffer.CycleArenaAllocator$ArenaBuf.retain(CycleArenaAllocator.java:1182)
	at io.netty.buffer.AbstractDerivedByteBuf.retain0(AbstractDerivedByteBuf.java:58)
	at io.netty.buffer.AbstractDerivedByteBuf.retain(AbstractDerivedByteBuf.java:54)
	at io.netty.channel.uring.IoUringSocketChannel$IoUringSocketUnsafe.handleWriteCompleteZeroCopy(IoUringSocketChannel.java:220)
	at io.netty.channel.uring.IoUringSocketChannel$IoUringSocketUnsafe.writeComplete0(IoUringSocketChannel.java:186)
	at io.netty.channel.uring.AbstractIoUringChannel$AbstractUringUnsafe.writeComplete(AbstractIoUringChannel.java:1003)
	at io.netty.channel.uring.AbstractIoUringChannel$AbstractUringUnsafe.handle(AbstractIoUringChannel.java:474)
	at io.netty.channel.uring.IoUringIoHandler$DefaultIoUringIoRegistration.handle(IoUringIoHandler.java:705)
	at io.netty.channel.uring.IoUringIoHandler.handleFastPath(IoUringIoHandler.java:318)
	at io.netty.channel.uring.IoUringIoHandler.handle(IoUringIoHandler.java:298)
	at io.netty.channel.uring.CompletionQueue.process(CompletionQueue.java:151)
	at io.netty.channel.uring.IoUringIoHandler.processCompletionsAndHandleOverflow(IoUringIoHandler.java:213)
	at io.netty.channel.uring.IoUringIoHandler.run(IoUringIoHandler.java:188)
	at io.netty.channel.SingleThreadIoEventLoop.runIo(SingleThreadIoEventLoop.java:225)
	at io.netty.channel.SingleThreadIoEventLoop.run(SingleThreadIoEventLoop.java:196)
	at io.netty.util.concurrent.SingleThreadEventExecutor$5.run(SingleThreadEventExecutor.java:1204)
	at io.netty.util.internal.ThreadExecutorMap$2.run(ThreadExecutorMap.java:74)
	at io.netty.util.concurrent.FastThreadLocalRunnable.run(FastThreadLocalRunnable.java:30)
	at java.base/java.lang.Thread.run(Thread.java:1583)
00:06:33.921 [multiThreadIoEventLoopGroup-3-2] WARN  io.netty.util.ReferenceCountUtil - Failed to release a message: UnpooledSlicedByteBuf(ridx: 0, widx: 3390, cap: 3390/3390, unwrapped: CycleArenaAllocator$ArenaBuf(ridx: 0, widx: 3390, cap: 8192))
java.lang.IllegalStateException: arena buffer of Thread[#33,multiThreadIoEventLoopGroup-4-4,10,main] touched from Thread[#27,multiThreadIoEventLoopGroup-3-2,10,main] (event-loop arena buffers are thread confined)
	at io.netty.buffer.CycleArenaAllocator$ArenaBuf.violation(CycleArenaAllocator.java:1279)
	at io.netty.buffer.CycleArenaAllocator$ArenaBuf.release(CycleArenaAllocator.java:1208)
	at io.netty.buffer.AbstractDerivedByteBuf.release0(AbstractDerivedByteBuf.java:98)
	at io.netty.buffer.AbstractDerivedByteBuf.release(AbstractDerivedByteBuf.java:94)
	at io.netty.util.ReferenceCountUtil.release(ReferenceCountUtil.java:90)
	at io.netty.util.ReferenceCountUtil.safeRelease(ReferenceCountUtil.java:116)
	at io.netty.channel.ChannelOutboundBuffer.remove(ChannelOutboundBuffer.java:300)
	at io.netty.channel.ChannelOutboundBuffer.removeBytes(ChannelOutboundBuffer.java:382)
	at io.netty.channel.uring.AbstractIoUringStreamChannel$IoUringStreamUnsafe.writeComplete0(AbstractIoUringStreamChannel.java:692)
	at io.netty.channel.uring.IoUringSocketChannel$IoUringSocketUnsafe.writeComplete0(IoUringSocketChannel.java:188)
	at io.netty.channel.uring.AbstractIoUringChannel$AbstractUringUnsafe.writeComplete(AbstractIoUringChannel.java:1003)
	at io.netty.channel.uring.AbstractIoUringChannel$AbstractUringUnsafe.handle(AbstractIoUringChannel.java:474)
	at io.netty.channel.uring.IoUringIoHandler$DefaultIoUringIoRegistration.handle(IoUringIoHandler.java:705)
	at io.netty.channel.uring.IoUringIoHandler.handleFastPath(IoUringIoHandler.java:318)
	at io.netty.channel.uring.IoUringIoHandler.handle(IoUringIoHandler.java:298)
	at io.netty.channel.uring.CompletionQueue.process(CompletionQueue.java:151)
	at io.netty.channel.uring.IoUringIoHandler.processCompletionsAndHandleOverflow(IoUringIoHandler.java:213)
	at io.netty.channel.uring.IoUringIoHandler.run(IoUringIoHandler.java:188)
	at io.netty.channel.SingleThreadIoEventLoop.runIo(SingleThreadIoEventLoop.java:225)
	at io.netty.channel.SingleThreadIoEventLoop.run(SingleThreadIoEventLoop.java:196)
	at io.netty.util.concurrent.SingleThreadEventExecutor$5.run(SingleThreadEventExecutor.java:1204)
	at io.netty.util.internal.ThreadExecutorMap$2.run(ThreadExecutorMap.java:74)
	at io.netty.util.concurrent.FastThreadLocalRunnable.run(FastThreadLocalRunnable.java:30)
	at java.base/java.lang.Thread.run(Thread.java:1583)
00:06:33.921 [multiThreadIoEventLoopGroup-4-3] WARN  i.n.channel.uring.IoUringIoHandler - Unexpected exception in the IO event loop.
java.lang.IllegalStateException: arena buffer of Thread[#26,multiThreadIoEventLoopGroup-3-1,10,main] touched from Thread[#32,multiThreadIoEventLoopGroup-4-3,10,main] (event-loop arena buffers are thread confined)
	at io.netty.buffer.CycleArenaAllocator$ArenaBuf.violation(CycleArenaAllocator.java:1279)
	at io.netty.buffer.CycleArenaAllocator$ArenaBuf.retain(CycleArenaAllocator.java:1182)
	at io.netty.buffer.AbstractDerivedByteBuf.retain0(AbstractDerivedByteBuf.java:58)
	at io.netty.buffer.AbstractDerivedByteBuf.retain(AbstractDerivedByteBuf.java:54)
	at io.netty.channel.uring.IoUringSocketChannel$IoUringSocketUnsafe.handleWriteCompleteZeroCopy(IoUringSocketChannel.java:220)
	at io.netty.channel.uring.IoUringSocketChannel$IoUringSocketUnsafe.writeComplete0(IoUringSocketChannel.java:186)
	at io.netty.channel.uring.AbstractIoUringChannel$AbstractUringUnsafe.writeComplete(AbstractIoUringChannel.java:1003)
	at io.netty.channel.uring.AbstractIoUringChannel$AbstractUringUnsafe.handle(AbstractIoUringChannel.java:474)
	at io.netty.channel.uring.IoUringIoHandler$DefaultIoUringIoRegistration.handle(IoUringIoHandler.java:705)
	at io.netty.channel.uring.IoUringIoHandler.handleFastPath(IoUringIoHandler.java:318)
	at io.netty.channel.uring.IoUringIoHandler.handle(IoUringIoHandler.java:298)
	at io.netty.channel.uring.CompletionQueue.process(CompletionQueue.java:151)
	at io.netty.channel.uring.IoUringIoHandler.processCompletionsAndHandleOverflow(IoUringIoHandler.java:213)
	at io.netty.channel.uring.IoUringIoHandler.run(IoUringIoHandler.java:188)
	at io.netty.channel.SingleThreadIoEventLoop.runIo(SingleThreadIoEventLoop.java:225)
	at io.netty.channel.SingleThreadIoEventLoop.run(SingleThreadIoEventLoop.java:196)
	at io.netty.util.concurrent.SingleThreadEventExecutor$5.run(SingleThreadEventExecutor.java:1204)
	at io.netty.util.internal.ThreadExecutorMap$2.run(ThreadExecutorMap.java:74)
	at io.netty.util.concurrent.FastThreadLocalRunnable.run(FastThreadLocalRunnable.java:30)
	at java.base/java.lang.Thread.run(Thread.java:1583)
00:06:33.922 [multiThreadIoEventLoopGroup-4-1] WARN  i.n.channel.uring.IoUringIoHandler - Unexpected exception in the IO event loop.
java.lang.IllegalStateException: arena buffer of Thread[#28,multiThreadIoEventLoopGroup-3-3,10,main] touched from Thread[#30,multiThreadIoEventLoopGroup-4-1,10,main] (event-loop arena buffers are thread confined)
	at io.netty.buffer.CycleArenaAllocator$ArenaBuf.violation(CycleArenaAllocator.java:1279)
	at io.netty.buffer.CycleArenaAllocator$ArenaBuf.retain(CycleArenaAllocator.java:1182)
	at io.netty.buffer.AbstractDerivedByteBuf.retain0(AbstractDerivedByteBuf.java:58)
	at io.netty.buffer.AbstractDerivedByteBuf.retain(AbstractDerivedByteBuf.java:54)
	at io.netty.channel.uring.IoUringSocketChannel$IoUringSocketUnsafe.handleWriteCompleteZeroCopy(IoUringSocketChannel.java:220)
	at io.netty.channel.uring.IoUringSocketChannel$IoUringSocketUnsafe.writeComplete0(IoUringSocketChannel.java:186)
	at io.netty.channel.uring.AbstractIoUringChannel$AbstractUringUnsafe.writeComplete(AbstractIoUringChannel.java:1003)
	at io.netty.channel.uring.AbstractIoUringChannel$AbstractUringUnsafe.handle(AbstractIoUringChannel.java:474)
	at io.netty.channel.uring.IoUringIoHandler$DefaultIoUringIoRegistration.handle(IoUringIoHandler.java:705)
	at io.netty.channel.uring.IoUringIoHandler.handleFastPath(IoUringIoHandler.java:318)
	at io.netty.channel.uring.IoUringIoHandler.handle(IoUringIoHandler.java:298)
	at io.netty.channel.uring.CompletionQueue.process(CompletionQueue.java:151)
	at io.netty.channel.uring.IoUringIoHandler.processCompletionsAndHandleOverflow(IoUringIoHandler.java:213)
	at io.netty.channel.uring.IoUringIoHandler.run(IoUringIoHandler.java:188)
	at io.netty.channel.SingleThreadIoEventLoop.runIo(SingleThreadIoEventLoop.java:225)
	at io.netty.channel.SingleThreadIoEventLoop.run(SingleThreadIoEventLoop.java:196)
	at io.netty.util.concurrent.SingleThreadEventExecutor$5.run(SingleThreadEventExecutor.java:1204)
	at io.netty.util.internal.ThreadExecutorMap$2.run(ThreadExecutorMap.java:74)
	at io.netty.util.concurrent.FastThreadLocalRunnable.run(FastThreadLocalRunnable.java:30)
	at java.base/java.lang.Thread.run(Thread.java:1583)
00:06:33.922 [multiThreadIoEventLoopGroup-3-3] WARN  io.netty.util.ReferenceCountUtil - Failed to release a message: UnpooledSlicedByteBuf(ridx: 0, widx: 2994, cap: 2994/2994, unwrapped: CycleArenaAllocator$ArenaBuf(ridx: 0, widx: 6069, cap: 8192))
java.lang.IllegalStateException: arena buffer of Thread[#32,multiThreadIoEventLoopGroup-4-3,10,main] touched from Thread[#28,multiThreadIoEventLoopGroup-3-3,10,main] (event-loop arena buffers are thread confined)
	at io.netty.buffer.CycleArenaAllocator$ArenaBuf.violation(CycleArenaAllocator.java:1279)
	at io.netty.buffer.CycleArenaAllocator$ArenaBuf.release(CycleArenaAllocator.java:1208)
	at io.netty.buffer.AbstractDerivedByteBuf.release0(AbstractDerivedByteBuf.java:98)
	at io.netty.buffer.AbstractDerivedByteBuf.release(AbstractDerivedByteBuf.java:94)
	at io.netty.util.ReferenceCountUtil.release(ReferenceCountUtil.java:90)
	at io.netty.util.ReferenceCountUtil.safeRelease(ReferenceCountUtil.java:116)
	at io.netty.channel.ChannelOutboundBuffer.remove(ChannelOutboundBuffer.java:300)
	at io.netty.channel.ChannelOutboundBuffer.removeBytes(ChannelOutboundBuffer.java:382)
	at io.netty.channel.uring.AbstractIoUringStreamChannel$IoUringStreamUnsafe.writeComplete0(AbstractIoUringStreamChannel.java:692)
	at io.netty.channel.uring.IoUringSocketChannel$IoUringSocketUnsafe.writeComplete0(IoUringSocketChannel.java:188)
	at io.netty.channel.uring.AbstractIoUringChannel$AbstractUringUnsafe.writeComplete(AbstractIoUringChannel.java:1003)
	at io.netty.channel.uring.AbstractIoUringChannel$AbstractUringUnsafe.handle(AbstractIoUringChannel.java:474)
	at io.netty.channel.uring.IoUringIoHandler$DefaultIoUringIoRegistration.handle(IoUringIoHandler.java:705)
	at io.netty.channel.uring.IoUringIoHandler.handleFastPath(IoUringIoHandler.java:318)
	at io.netty.channel.uring.IoUringIoHandler.handle(IoUringIoHandler.java:298)
	at io.netty.channel.uring.CompletionQueue.process(CompletionQueue.java:151)
	at io.netty.channel.uring.IoUringIoHandler.processCompletionsAndHandleOverflow(IoUringIoHandler.java:213)
	at io.netty.channel.uring.IoUringIoHandler.run(IoUringIoHandler.java:188)
	at io.netty.channel.SingleThreadIoEventLoop.runIo(SingleThreadIoEventLoop.java:225)
	at io.netty.channel.SingleThreadIoEventLoop.run(SingleThreadIoEventLoop.java:196)
	at io.netty.util.concurrent.SingleThreadEventExecutor$5.run(SingleThreadEventExecutor.java:1204)
	at io.netty.util.internal.ThreadExecutorMap$2.run(ThreadExecutorMap.java:74)
	at io.netty.util.concurrent.FastThreadLocalRunnable.run(FastThreadLocalRunnable.java:30)
	at java.base/java.lang.Thread.run(Thread.java:1583)
00:06:33.922 [multiThreadIoEventLoopGroup-3-3] WARN  io.netty.util.ReferenceCountUtil - Failed to release a message: UnpooledSlicedByteBuf(ridx: 0, widx: 1532, cap: 1532/1532, unwrapped: CycleArenaAllocator$ArenaBuf(ridx: 0, widx: 6069, cap: 8192))
java.lang.IllegalStateException: arena buffer of Thread[#32,multiThreadIoEventLoopGroup-4-3,10,main] touched from Thread[#28,multiThreadIoEventLoopGroup-3-3,10,main] (event-loop arena buffers are thread confined)
	at io.netty.buffer.CycleArenaAllocator$ArenaBuf.violation(CycleArenaAllocator.java:1279)
	at io.netty.buffer.CycleArenaAllocator$ArenaBuf.release(CycleArenaAllocator.java:1208)
	at io.netty.buffer.AbstractDerivedByteBuf.release0(AbstractDerivedByteBuf.java:98)
	at io.netty.buffer.AbstractDerivedByteBuf.release(AbstractDerivedByteBuf.java:94)
	at io.netty.util.ReferenceCountUtil.release(ReferenceCountUtil.java:90)
	at io.netty.util.ReferenceCountUtil.safeRelease(ReferenceCountUtil.java:116)
	at io.netty.channel.ChannelOutboundBuffer.remove(ChannelOutboundBuffer.java:300)
	at io.netty.channel.ChannelOutboundBuffer.removeBytes(ChannelOutboundBuffer.java:382)
	at io.netty.channel.uring.AbstractIoUringStreamChannel$IoUringStreamUnsafe.writeComplete0(AbstractIoUringStreamChannel.java:692)
	at io.netty.channel.uring.IoUringSocketChannel$IoUringSocketUnsafe.writeComplete0(IoUringSocketChannel.java:188)
	at io.netty.channel.uring.AbstractIoUringChannel$AbstractUringUnsafe.writeComplete(AbstractIoUringChannel.java:1003)
	at io.netty.channel.uring.AbstractIoUringChannel$AbstractUringUnsafe.handle(AbstractIoUringChannel.java:474)
	at io.netty.channel.uring.IoUringIoHandler$DefaultIoUringIoRegistration.handle(IoUringIoHandler.java:705)
	at io.netty.channel.uring.IoUringIoHandler.handleFastPath(IoUringIoHandler.java:318)
	at io.netty.channel.uring.IoUringIoHandler.handle(IoUringIoHandler.java:298)
	at io.netty.channel.uring.CompletionQueue.process(CompletionQueue.java:151)
	at io.netty.channel.uring.IoUringIoHandler.processCompletionsAndHandleOverflow(IoUringIoHandler.java:213)
	at io.netty.channel.uring.IoUringIoHandler.run(IoUringIoHandler.java:188)
	at io.netty.channel.SingleThreadIoEventLoop.runIo(SingleThreadIoEventLoop.java:225)
	at io.netty.channel.SingleThreadIoEventLoop.run(SingleThreadIoEventLoop.java:196)
	at io.netty.util.concurrent.SingleThreadEventExecutor$5.run(SingleThreadEventExecutor.java:1204)
	at io.netty.util.internal.ThreadExecutorMap$2.run(ThreadExecutorMap.java:74)
	at io.netty.util.concurrent.FastThreadLocalRunnable.run(FastThreadLocalRunnable.java:30)
	at java.base/java.lang.Thread.run(Thread.java:1583)
00:06:34.021 [multiThreadIoEventLoopGroup-3-2] WARN  i.n.channel.uring.IoUringIoHandler - Unexpected exception in the IO event loop.
java.lang.IllegalStateException: arena buffer of Thread[#31,multiThreadIoEventLoopGroup-4-2,10,main] touched from Thread[#27,multiThreadIoEventLoopGroup-3-2,10,main] (event-loop arena buffers are thread confined)
	at io.netty.buffer.CycleArenaAllocator$ArenaBuf.violation(CycleArenaAllocator.java:1279)
	at io.netty.buffer.CycleArenaAllocator$ArenaBuf.retain(CycleArenaAllocator.java:1182)
	at io.netty.buffer.AbstractDerivedByteBuf.retain0(AbstractDerivedByteBuf.java:58)
	at io.netty.buffer.AbstractDerivedByteBuf.retain(AbstractDerivedByteBuf.java:54)
	at io.netty.channel.uring.IoUringSocketChannel$IoUringSocketUnsafe.handleWriteCompleteZeroCopy(IoUringSocketChannel.java:220)
	at io.netty.channel.uring.IoUringSocketChannel$IoUringSocketUnsafe.writeComplete0(IoUringSocketChannel.java:186)
	at io.netty.channel.uring.AbstractIoUringChannel$AbstractUringUnsafe.writeComplete(AbstractIoUringChannel.java:1003)
	at io.netty.channel.uring.AbstractIoUringChannel$AbstractUringUnsafe.handle(AbstractIoUringChannel.java:474)
	at io.netty.channel.uring.IoUringIoHandler$DefaultIoUringIoRegistration.handle(IoUringIoHandler.java:705)
	at io.netty.channel.uring.IoUringIoHandler.handleFastPath(IoUringIoHandler.java:318)
	at io.netty.channel.uring.IoUringIoHandler.handle(IoUringIoHandler.java:298)
	at io.netty.channel.uring.CompletionQueue.process(CompletionQueue.java:151)
	at io.netty.channel.uring.IoUringIoHandler.processCompletionsAndHandleOverflow(IoUringIoHandler.java:213)
	at io.netty.channel.uring.IoUringIoHandler.run(IoUringIoHandler.java:188)
	at io.netty.channel.SingleThreadIoEventLoop.runIo(SingleThreadIoEventLoop.java:225)
	at io.netty.channel.SingleThreadIoEventLoop.run(SingleThreadIoEventLoop.java:196)
	at io.netty.util.concurrent.SingleThreadEventExecutor$5.run(SingleThreadEventExecutor.java:1204)
	at io.netty.util.internal.ThreadExecutorMap$2.run(ThreadExecutorMap.java:74)
	at io.netty.util.concurrent.FastThreadLocalRunnable.run(FastThreadLocalRunnable.java:30)
	at java.base/java.lang.Thread.run(Thread.java:1583)
00:06:34.021 [multiThreadIoEventLoopGroup-4-2] WARN  i.n.channel.uring.IoUringIoHandler - Unexpected exception in the IO event loop.
java.lang.IllegalStateException: arena buffer of Thread[#26,multiThreadIoEventLoopGroup-3-1,10,main] touched from Thread[#31,multiThreadIoEventLoopGroup-4-2,10,main] (event-loop arena buffers are thread confined)
	at io.netty.buffer.CycleArenaAllocator$ArenaBuf.violation(CycleArenaAllocator.java:1279)
	at io.netty.buffer.CycleArenaAllocator$ArenaBuf.retain(CycleArenaAllocator.java:1182)
	at io.netty.buffer.AbstractDerivedByteBuf.retain0(AbstractDerivedByteBuf.java:58)
	at io.netty.buffer.AbstractDerivedByteBuf.retain(AbstractDerivedByteBuf.java:54)
	at io.netty.channel.uring.IoUringSocketChannel$IoUringSocketUnsafe.handleWriteCompleteZeroCopy(IoUringSocketChannel.java:220)
	at io.netty.channel.uring.IoUringSocketChannel$IoUringSocketUnsafe.writeComplete0(IoUringSocketChannel.java:186)
	at io.netty.channel.uring.AbstractIoUringChannel$AbstractUringUnsafe.writeComplete(AbstractIoUringChannel.java:1003)
	at io.netty.channel.uring.AbstractIoUringChannel$AbstractUringUnsafe.handle(AbstractIoUringChannel.java:474)
	at io.netty.channel.uring.IoUringIoHandler$DefaultIoUringIoRegistration.handle(IoUringIoHandler.java:705)
	at io.netty.channel.uring.IoUringIoHandler.handleFastPath(IoUringIoHandler.java:318)
	at io.netty.channel.uring.IoUringIoHandler.handle(IoUringIoHandler.java:298)
	at io.netty.channel.uring.CompletionQueue.process(CompletionQueue.java:151)
	at io.netty.channel.uring.IoUringIoHandler.processCompletionsAndHandleOverflow(IoUringIoHandler.java:213)
	at io.netty.channel.uring.IoUringIoHandler.run(IoUringIoHandler.java:188)
	at io.netty.channel.SingleThreadIoEventLoop.runIo(SingleThreadIoEventLoop.java:225)
	at io.netty.channel.SingleThreadIoEventLoop.run(SingleThreadIoEventLoop.java:196)
	at io.netty.util.concurrent.SingleThreadEventExecutor$5.run(SingleThreadEventExecutor.java:1204)
	at io.netty.util.internal.ThreadExecutorMap$2.run(ThreadExecutorMap.java:74)
	at io.netty.util.concurrent.FastThreadLocalRunnable.run(FastThreadLocalRunnable.java:30)
	at java.base/java.lang.Thread.run(Thread.java:1583)
00:06:34.021 [multiThreadIoEventLoopGroup-4-4] WARN  io.netty.util.ReferenceCountUtil - Failed to release a message: UnpooledSlicedByteBuf(ridx: 0, widx: 2017, cap: 2017/2017, unwrapped: CycleArenaAllocator$ArenaBuf(ridx: 0, widx: 8192, cap: 8192))
java.lang.IllegalStateException: arena buffer of Thread[#29,multiThreadIoEventLoopGroup-3-4,10,main] touched from Thread[#33,multiThreadIoEventLoopGroup-4-4,10,main] (event-loop arena buffers are thread confined)
	at io.netty.buffer.CycleArenaAllocator$ArenaBuf.violation(CycleArenaAllocator.java:1279)
	at io.netty.buffer.CycleArenaAllocator$ArenaBuf.release(CycleArenaAllocator.java:1208)
	at io.netty.buffer.AbstractDerivedByteBuf.release0(AbstractDerivedByteBuf.java:98)
	at io.netty.buffer.AbstractDerivedByteBuf.release(AbstractDerivedByteBuf.java:94)
	at io.netty.util.ReferenceCountUtil.release(ReferenceCountUtil.java:90)
	at io.netty.util.ReferenceCountUtil.safeRelease(ReferenceCountUtil.java:116)
	at io.netty.channel.ChannelOutboundBuffer.remove(ChannelOutboundBuffer.java:300)
	at io.netty.channel.ChannelOutboundBuffer.removeBytes(ChannelOutboundBuffer.java:382)
	at io.netty.channel.uring.AbstractIoUringStreamChannel$IoUringStreamUnsafe.writeComplete0(AbstractIoUringStreamChannel.java:692)
	at io.netty.channel.uring.IoUringSocketChannel$IoUringSocketUnsafe.writeComplete0(IoUringSocketChannel.java:188)
	at io.netty.channel.uring.AbstractIoUringChannel$AbstractUringUnsafe.writeComplete(AbstractIoUringChannel.java:1003)
	at io.netty.channel.uring.AbstractIoUringChannel$AbstractUringUnsafe.handle(AbstractIoUringChannel.java:474)
	at io.netty.channel.uring.IoUringIoHandler$DefaultIoUringIoRegistration.handle(IoUringIoHandler.java:705)
	at io.netty.channel.uring.IoUringIoHandler.handleFastPath(IoUringIoHandler.java:318)
	at io.netty.channel.uring.IoUringIoHandler.handle(IoUringIoHandler.java:298)
	at io.netty.channel.uring.CompletionQueue.process(CompletionQueue.java:151)
	at io.netty.channel.uring.IoUringIoHandler.processCompletionsAndHandleOverflow(IoUringIoHandler.java:213)
	at io.netty.channel.uring.IoUringIoHandler.run(IoUringIoHandler.java:188)
	at io.netty.channel.SingleThreadIoEventLoop.runIo(SingleThreadIoEventLoop.java:225)
	at io.netty.channel.SingleThreadIoEventLoop.run(SingleThreadIoEventLoop.java:196)
	at io.netty.util.concurrent.SingleThreadEventExecutor$5.run(SingleThreadEventExecutor.java:1204)
	at io.netty.util.internal.ThreadExecutorMap$2.run(ThreadExecutorMap.java:74)
	at io.netty.util.concurrent.FastThreadLocalRunnable.run(FastThreadLocalRunnable.java:30)
	at java.base/java.lang.Thread.run(Thread.java:1583)
00:06:34.021 [multiThreadIoEventLoopGroup-4-3] WARN  i.n.channel.uring.IoUringIoHandler - Unexpected exception in the IO event loop.
java.lang.IllegalStateException: arena buffer of Thread[#26,multiThreadIoEventLoopGroup-3-1,10,main] touched from Thread[#32,multiThreadIoEventLoopGroup-4-3,10,main] (event-loop arena buffers are thread confined)
	at io.netty.buffer.CycleArenaAllocator$ArenaBuf.violation(CycleArenaAllocator.java:1279)
	at io.netty.buffer.CycleArenaAllocator$ArenaBuf.release(CycleArenaAllocator.java:1208)
	at io.netty.buffer.AbstractDerivedByteBuf.release0(AbstractDerivedByteBuf.java:98)
	at io.netty.buffer.AbstractDerivedByteBuf.release(AbstractDerivedByteBuf.java:94)
	at io.netty.channel.uring.IoUringSocketChannel$IoUringSocketUnsafe.handleWriteCompleteZeroCopy(IoUringSocketChannel.java:289)
	at io.netty.channel.uring.IoUringSocketChannel$IoUringSocketUnsafe.writeComplete0(IoUringSocketChannel.java:186)
	at io.netty.channel.uring.AbstractIoUringChannel$AbstractUringUnsafe.writeComplete(AbstractIoUringChannel.java:1003)
	at io.netty.channel.uring.AbstractIoUringChannel$AbstractUringUnsafe.handle(AbstractIoUringChannel.java:474)
	at io.netty.channel.uring.IoUringIoHandler$DefaultIoUringIoRegistration.handle(IoUringIoHandler.java:705)
	at io.netty.channel.uring.IoUringIoHandler.handleFastPath(IoUringIoHandler.java:318)
	at io.netty.channel.uring.IoUringIoHandler.handle(IoUringIoHandler.java:298)
	at io.netty.channel.uring.CompletionQueue.process(CompletionQueue.java:151)
	at io.netty.channel.uring.IoUringIoHandler.processCompletionsAndHandleOverflow(IoUringIoHandler.java:213)
	at io.netty.channel.uring.IoUringIoHandler.run(IoUringIoHandler.java:188)
	at io.netty.channel.SingleThreadIoEventLoop.runIo(SingleThreadIoEventLoop.java:225)
	at io.netty.channel.SingleThreadIoEventLoop.run(SingleThreadIoEventLoop.java:196)
	at io.netty.util.concurrent.SingleThreadEventExecutor$5.run(SingleThreadEventExecutor.java:1204)
	at io.netty.util.internal.ThreadExecutorMap$2.run(ThreadExecutorMap.java:74)
	at io.netty.util.concurrent.FastThreadLocalRunnable.run(FastThreadLocalRunnable.java:30)
	at java.base/java.lang.Thread.run(Thread.java:1583)
00:06:34.022 [multiThreadIoEventLoopGroup-4-1] WARN  i.n.channel.uring.IoUringIoHandler - Unexpected exception in the IO event loop.
java.lang.IllegalStateException: arena buffer of Thread[#28,multiThreadIoEventLoopGroup-3-3,10,main] touched from Thread[#30,multiThreadIoEventLoopGroup-4-1,10,main] (event-loop arena buffers are thread confined)
	at io.netty.buffer.CycleArenaAllocator$ArenaBuf.violation(CycleArenaAllocator.java:1279)
	at io.netty.buffer.CycleArenaAllocator$ArenaBuf.release(CycleArenaAllocator.java:1208)
	at io.netty.buffer.AbstractDerivedByteBuf.release0(AbstractDerivedByteBuf.java:98)
	at io.netty.buffer.AbstractDerivedByteBuf.release(AbstractDerivedByteBuf.java:94)
	at io.netty.channel.uring.IoUringSocketChannel$IoUringSocketUnsafe.handleWriteCompleteZeroCopy(IoUringSocketChannel.java:289)
	at io.netty.channel.uring.IoUringSocketChannel$IoUringSocketUnsafe.writeComplete0(IoUringSocketChannel.java:186)
	at io.netty.channel.uring.AbstractIoUringChannel$AbstractUringUnsafe.writeComplete(AbstractIoUringChannel.java:1003)
	at io.netty.channel.uring.AbstractIoUringChannel$AbstractUringUnsafe.handle(AbstractIoUringChannel.java:474)
	at io.netty.channel.uring.IoUringIoHandler$DefaultIoUringIoRegistration.handle(IoUringIoHandler.java:705)
	at io.netty.channel.uring.IoUringIoHandler.handleFastPath(IoUringIoHandler.java:318)
	at io.netty.channel.uring.IoUringIoHandler.handle(IoUringIoHandler.java:298)
	at io.netty.channel.uring.CompletionQueue.process(CompletionQueue.java:151)
	at io.netty.channel.uring.IoUringIoHandler.processCompletionsAndHandleOverflow(IoUringIoHandler.java:213)
	at io.netty.channel.uring.IoUringIoHandler.run(IoUringIoHandler.java:188)
	at io.netty.channel.SingleThreadIoEventLoop.runIo(SingleThreadIoEventLoop.java:225)
	at io.netty.channel.SingleThreadIoEventLoop.run(SingleThreadIoEventLoop.java:196)
	at io.netty.util.concurrent.SingleThreadEventExecutor$5.run(SingleThreadEventExecutor.java:1204)
	at io.netty.util.internal.ThreadExecutorMap$2.run(ThreadExecutorMap.java:74)
	at io.netty.util.concurrent.FastThreadLocalRunnable.run(FastThreadLocalRunnable.java:30)
	at java.base/java.lang.Thread.run(Thread.java:1583)
00:06:34.022 [multiThreadIoEventLoopGroup-4-4] WARN  i.n.channel.uring.IoUringIoHandler - Unexpected exception in the IO event loop.
java.lang.IllegalStateException: arena buffer of Thread[#29,multiThreadIoEventLoopGroup-3-4,10,main] touched from Thread[#33,multiThreadIoEventLoopGroup-4-4,10,main] (event-loop arena buffers are thread confined)
	at io.netty.buffer.CycleArenaAllocator$ArenaBuf.violation(CycleArenaAllocator.java:1279)
	at io.netty.buffer.CycleArenaAllocator$ArenaBuf.retain(CycleArenaAllocator.java:1182)
	at io.netty.buffer.AbstractDerivedByteBuf.retain0(AbstractDerivedByteBuf.java:58)
	at io.netty.buffer.AbstractDerivedByteBuf.retain(AbstractDerivedByteBuf.java:54)
	at io.netty.channel.uring.IoUringSocketChannel$IoUringSocketUnsafe.handleWriteCompleteZeroCopy(IoUringSocketChannel.java:220)
	at io.netty.channel.uring.IoUringSocketChannel$IoUringSocketUnsafe.writeComplete0(IoUringSocketChannel.java:186)
	at io.netty.channel.uring.AbstractIoUringChannel$AbstractUringUnsafe.writeComplete(AbstractIoUringChannel.java:1003)
	at io.netty.channel.uring.AbstractIoUringChannel$AbstractUringUnsafe.handle(AbstractIoUringChannel.java:474)
	at io.netty.channel.uring.IoUringIoHandler$DefaultIoUringIoRegistration.handle(IoUringIoHandler.java:705)
	at io.netty.channel.uring.IoUringIoHandler.handleFastPath(IoUringIoHandler.java:318)
	at io.netty.channel.uring.IoUringIoHandler.handle(IoUringIoHandler.java:298)
	at io.netty.channel.uring.CompletionQueue.process(CompletionQueue.java:151)
	at io.netty.channel.uring.IoUringIoHandler.processCompletionsAndHandleOverflow(IoUringIoHandler.java:213)
	at io.netty.channel.uring.IoUringIoHandler.run(IoUringIoHandler.java:188)
	at io.netty.channel.SingleThreadIoEventLoop.runIo(SingleThreadIoEventLoop.java:225)
	at io.netty.channel.SingleThreadIoEventLoop.run(SingleThreadIoEventLoop.java:196)
	at io.netty.util.concurrent.SingleThreadEventExecutor$5.run(SingleThreadEventExecutor.java:1204)
	at io.netty.util.internal.ThreadExecutorMap$2.run(ThreadExecutorMap.java:74)
	at io.netty.util.concurrent.FastThreadLocalRunnable.run(FastThreadLocalRunnable.java:30)
	at java.base/java.lang.Thread.run(Thread.java:1583)
00:06:34.122 [multiThreadIoEventLoopGroup-4-2] WARN  io.netty.util.ReferenceCountUtil - Failed to release a message: UnpooledSlicedByteBuf(ridx: 0, widx: 1819, cap: 1819/1819, unwrapped: CycleArenaAllocator$ArenaBuf(ridx: 0, widx: 8192, cap: 8192))
java.lang.IllegalStateException: arena buffer of Thread[#26,multiThreadIoEventLoopGroup-3-1,10,main] touched from Thread[#31,multiThreadIoEventLoopGroup-4-2,10,main] (event-loop arena buffers are thread confined)
	at io.netty.buffer.CycleArenaAllocator$ArenaBuf.violation(CycleArenaAllocator.java:1279)
	at io.netty.buffer.CycleArenaAllocator$ArenaBuf.release(CycleArenaAllocator.java:1208)
	at io.netty.buffer.AbstractDerivedByteBuf.release0(AbstractDerivedByteBuf.java:98)
	at io.netty.buffer.AbstractDerivedByteBuf.release(AbstractDerivedByteBuf.java:94)
	at io.netty.util.ReferenceCountUtil.release(ReferenceCountUtil.java:90)
	at io.netty.util.ReferenceCountUtil.safeRelease(ReferenceCountUtil.java:116)
	at io.netty.channel.ChannelOutboundBuffer.remove(ChannelOutboundBuffer.java:300)
	at io.netty.channel.ChannelOutboundBuffer.removeBytes(ChannelOutboundBuffer.java:382)
	at io.netty.channel.uring.AbstractIoUringStreamChannel$IoUringStreamUnsafe.writeComplete0(AbstractIoUringStreamChannel.java:692)
	at io.netty.channel.uring.IoUringSocketChannel$IoUringSocketUnsafe.writeComplete0(IoUringSocketChannel.java:188)
	at io.netty.channel.uring.AbstractIoUringChannel$AbstractUringUnsafe.writeComplete(AbstractIoUringChannel.java:1003)
	at io.netty.channel.uring.AbstractIoUringChannel$AbstractUringUnsafe.handle(AbstractIoUringChannel.java:474)
	at io.netty.channel.uring.IoUringIoHandler$DefaultIoUringIoRegistration.handle(IoUringIoHandler.java:705)
	at io.netty.channel.uring.IoUringIoHandler.handleFastPath(IoUringIoHandler.java:318)
	at io.netty.channel.uring.IoUringIoHandler.handle(IoUringIoHandler.java:298)
	at io.netty.channel.uring.CompletionQueue.process(CompletionQueue.java:151)
	at io.netty.channel.uring.IoUringIoHandler.processCompletionsAndHandleOverflow(IoUringIoHandler.java:213)
	at io.netty.channel.uring.IoUringIoHandler.run(IoUringIoHandler.java:188)
	at io.netty.channel.SingleThreadIoEventLoop.runIo(SingleThreadIoEventLoop.java:225)
	at io.netty.channel.SingleThreadIoEventLoop.run(SingleThreadIoEventLoop.java:196)
	at io.netty.util.concurrent.SingleThreadEventExecutor$5.run(SingleThreadEventExecutor.java:1204)
	at io.netty.util.internal.ThreadExecutorMap$2.run(ThreadExecutorMap.java:74)
	at io.netty.util.concurrent.FastThreadLocalRunnable.run(FastThreadLocalRunnable.java:30)
	at java.base/java.lang.Thread.run(Thread.java:1583)
00:06:34.122 [multiThreadIoEventLoopGroup-3-2] WARN  i.n.channel.uring.IoUringIoHandler - Unexpected exception in the IO event loop.
java.lang.IllegalStateException: arena buffer of Thread[#31,multiThreadIoEventLoopGroup-4-2,10,main] touched from Thread[#27,multiThreadIoEventLoopGroup-3-2,10,main] (event-loop arena buffers are thread confined)
	at io.netty.buffer.CycleArenaAllocator$ArenaBuf.violation(CycleArenaAllocator.java:1279)
	at io.netty.buffer.CycleArenaAllocator$ArenaBuf.release(CycleArenaAllocator.java:1208)
	at io.netty.buffer.AbstractDerivedByteBuf.release0(AbstractDerivedByteBuf.java:98)
	at io.netty.buffer.AbstractDerivedByteBuf.release(AbstractDerivedByteBuf.java:94)
	at io.netty.channel.uring.IoUringSocketChannel$IoUringSocketUnsafe.handleWriteCompleteZeroCopy(IoUringSocketChannel.java:289)
	at io.netty.channel.uring.IoUringSocketChannel$IoUringSocketUnsafe.writeComplete0(IoUringSocketChannel.java:186)
	at io.netty.channel.uring.AbstractIoUringChannel$AbstractUringUnsafe.writeComplete(AbstractIoUringChannel.java:1003)
	at io.netty.channel.uring.AbstractIoUringChannel$AbstractUringUnsafe.handle(AbstractIoUringChannel.java:474)
	at io.netty.channel.uring.IoUringIoHandler$DefaultIoUringIoRegistration.handle(IoUringIoHandler.java:705)
	at io.netty.channel.uring.IoUringIoHandler.handleFastPath(IoUringIoHandler.java:318)
	at io.netty.channel.uring.IoUringIoHandler.handle(IoUringIoHandler.java:298)
	at io.netty.channel.uring.CompletionQueue.process(CompletionQueue.java:151)
	at io.netty.channel.uring.IoUringIoHandler.processCompletionsAndHandleOverflow(IoUringIoHandler.java:213)
	at io.netty.channel.uring.IoUringIoHandler.run(IoUringIoHandler.java:188)
	at io.netty.channel.SingleThreadIoEventLoop.runIo(SingleThreadIoEventLoop.java:225)
	at io.netty.channel.SingleThreadIoEventLoop.run(SingleThreadIoEventLoop.java:196)
	at io.netty.util.concurrent.SingleThreadEventExecutor$5.run(SingleThreadEventExecutor.java:1204)
	at io.netty.util.internal.ThreadExecutorMap$2.run(ThreadExecutorMap.java:74)
	at io.netty.util.concurrent.FastThreadLocalRunnable.run(FastThreadLocalRunnable.java:30)
	at java.base/java.lang.Thread.run(Thread.java:1583)
00:06:34.122 [multiThreadIoEventLoopGroup-4-2] WARN  io.netty.util.ReferenceCountUtil - Failed to release a message: UnpooledSlicedByteBuf(ridx: 0, widx: 2376, cap: 2376/2376, unwrapped: CycleArenaAllocator$ArenaBuf(ridx: 0, widx: 6571, cap: 8192))
java.lang.IllegalStateException: arena buffer of Thread[#26,multiThreadIoEventLoopGroup-3-1,10,main] touched from Thread[#31,multiThreadIoEventLoopGroup-4-2,10,main] (event-loop arena buffers are thread confined)
	at io.netty.buffer.CycleArenaAllocator$ArenaBuf.violation(CycleArenaAllocator.java:1279)
	at io.netty.buffer.CycleArenaAllocator$ArenaBuf.release(CycleArenaAllocator.java:1208)
	at io.netty.buffer.AbstractDerivedByteBuf.release0(AbstractDerivedByteBuf.java:98)
	at io.netty.buffer.AbstractDerivedByteBuf.release(AbstractDerivedByteBuf.java:94)
	at io.netty.util.ReferenceCountUtil.release(ReferenceCountUtil.java:90)
	at io.netty.util.ReferenceCountUtil.safeRelease(ReferenceCountUtil.java:116)
	at io.netty.channel.ChannelOutboundBuffer.remove(ChannelOutboundBuffer.java:300)
	at io.netty.channel.ChannelOutboundBuffer.removeBytes(ChannelOutboundBuffer.java:382)
	at io.netty.channel.uring.AbstractIoUringStreamChannel$IoUringStreamUnsafe.writeComplete0(AbstractIoUringStreamChannel.java:692)
	at io.netty.channel.uring.IoUringSocketChannel$IoUringSocketUnsafe.writeComplete0(IoUringSocketChannel.java:188)
	at io.netty.channel.uring.AbstractIoUringChannel$AbstractUringUnsafe.writeComplete(AbstractIoUringChannel.java:1003)
	at io.netty.channel.uring.AbstractIoUringChannel$AbstractUringUnsafe.handle(AbstractIoUringChannel.java:474)
	at io.netty.channel.uring.IoUringIoHandler$DefaultIoUringIoRegistration.handle(IoUringIoHandler.java:705)
	at io.netty.channel.uring.IoUringIoHandler.handleFastPath(IoUringIoHandler.java:318)
	at io.netty.channel.uring.IoUringIoHandler.handle(IoUringIoHandler.java:298)
	at io.netty.channel.uring.CompletionQueue.process(CompletionQueue.java:151)
	at io.netty.channel.uring.IoUringIoHandler.processCompletionsAndHandleOverflow(IoUringIoHandler.java:213)
	at io.netty.channel.uring.IoUringIoHandler.run(IoUringIoHandler.java:188)
	at io.netty.channel.SingleThreadIoEventLoop.runIo(SingleThreadIoEventLoop.java:225)
	at io.netty.channel.SingleThreadIoEventLoop.run(SingleThreadIoEventLoop.java:196)
	at io.netty.util.concurrent.SingleThreadEventExecutor$5.run(SingleThreadEventExecutor.java:1204)
	at io.netty.util.internal.ThreadExecutorMap$2.run(ThreadExecutorMap.java:74)
	at io.netty.util.concurrent.FastThreadLocalRunnable.run(FastThreadLocalRunnable.java:30)
	at java.base/java.lang.Thread.run(Thread.java:1583)
00:06:34.122 [multiThreadIoEventLoopGroup-4-2] WARN  i.n.channel.uring.IoUringIoHandler - Unexpected exception in the IO event loop.
java.lang.IllegalStateException: arena buffer of Thread[#26,multiThreadIoEventLoopGroup-3-1,10,main] touched from Thread[#31,multiThreadIoEventLoopGroup-4-2,10,main] (event-loop arena buffers are thread confined)
	at io.netty.buffer.CycleArenaAllocator$ArenaBuf.violation(CycleArenaAllocator.java:1279)
	at io.netty.buffer.CycleArenaAllocator$ArenaBuf.release(CycleArenaAllocator.java:1208)
	at io.netty.buffer.AbstractDerivedByteBuf.release0(AbstractDerivedByteBuf.java:98)
	at io.netty.buffer.AbstractDerivedByteBuf.release(AbstractDerivedByteBuf.java:94)
	at io.netty.channel.uring.IoUringSocketChannel$IoUringSocketUnsafe.handleWriteCompleteZeroCopy(IoUringSocketChannel.java:289)
	at io.netty.channel.uring.IoUringSocketChannel$IoUringSocketUnsafe.writeComplete0(IoUringSocketChannel.java:186)
	at io.netty.channel.uring.AbstractIoUringChannel$AbstractUringUnsafe.writeComplete(AbstractIoUringChannel.java:1003)
	at io.netty.channel.uring.AbstractIoUringChannel$AbstractUringUnsafe.handle(AbstractIoUringChannel.java:474)
	at io.netty.channel.uring.IoUringIoHandler$DefaultIoUringIoRegistration.handle(IoUringIoHandler.java:705)
	at io.netty.channel.uring.IoUringIoHandler.handleFastPath(IoUringIoHandler.java:318)
	at io.netty.channel.uring.IoUringIoHandler.handle(IoUringIoHandler.java:298)
	at io.netty.channel.uring.CompletionQueue.process(CompletionQueue.java:151)
	at io.netty.channel.uring.IoUringIoHandler.processCompletionsAndHandleOverflow(IoUringIoHandler.java:213)
	at io.netty.channel.uring.IoUringIoHandler.run(IoUringIoHandler.java:188)
	at io.netty.channel.SingleThreadIoEventLoop.runIo(SingleThreadIoEventLoop.java:225)
	at io.netty.channel.SingleThreadIoEventLoop.run(SingleThreadIoEventLoop.java:196)
	at io.netty.util.concurrent.SingleThreadEventExecutor$5.run(SingleThreadEventExecutor.java:1204)
	at io.netty.util.internal.ThreadExecutorMap$2.run(ThreadExecutorMap.java:74)
	at io.netty.util.concurrent.FastThreadLocalRunnable.run(FastThreadLocalRunnable.java:30)
	at java.base/java.lang.Thread.run(Thread.java:1583)
00:06:34.123 [multiThreadIoEventLoopGroup-4-4] WARN  io.netty.util.ReferenceCountUtil - Failed to release a message: UnpooledSlicedByteBuf(ridx: 0, widx: 2178, cap: 2178/2178, unwrapped: CycleArenaAllocator$ArenaBuf(ridx: 0, widx: 6373, cap: 8192))
java.lang.IllegalStateException: arena buffer of Thread[#29,multiThreadIoEventLoopGroup-3-4,10,main] touched from Thread[#33,multiThreadIoEventLoopGroup-4-4,10,main] (event-loop arena buffers are thread confined)
	at io.netty.buffer.CycleArenaAllocator$ArenaBuf.violation(CycleArenaAllocator.java:1279)
	at io.netty.buffer.CycleArenaAllocator$ArenaBuf.release(CycleArenaAllocator.java:1208)
	at io.netty.buffer.AbstractDerivedByteBuf.release0(AbstractDerivedByteBuf.java:98)
	at io.netty.buffer.AbstractDerivedByteBuf.release(AbstractDerivedByteBuf.java:94)
	at io.netty.util.ReferenceCountUtil.release(ReferenceCountUtil.java:90)
	at io.netty.util.ReferenceCountUtil.safeRelease(ReferenceCountUtil.java:116)
	at io.netty.channel.ChannelOutboundBuffer.remove(ChannelOutboundBuffer.java:300)
	at io.netty.channel.ChannelOutboundBuffer.removeBytes(ChannelOutboundBuffer.java:382)
	at io.netty.channel.uring.AbstractIoUringStreamChannel$IoUringStreamUnsafe.writeComplete0(AbstractIoUringStreamChannel.java:692)
	at io.netty.channel.uring.IoUringSocketChannel$IoUringSocketUnsafe.writeComplete0(IoUringSocketChannel.java:188)
	at io.netty.channel.uring.AbstractIoUringChannel$AbstractUringUnsafe.writeComplete(AbstractIoUringChannel.java:1003)
	at io.netty.channel.uring.AbstractIoUringChannel$AbstractUringUnsafe.handle(AbstractIoUringChannel.java:474)
	at io.netty.channel.uring.IoUringIoHandler$DefaultIoUringIoRegistration.handle(IoUringIoHandler.java:705)
	at io.netty.channel.uring.IoUringIoHandler.handleFastPath(IoUringIoHandler.java:318)
	at io.netty.channel.uring.IoUringIoHandler.handle(IoUringIoHandler.java:298)
	at io.netty.channel.uring.CompletionQueue.process(CompletionQueue.java:151)
	at io.netty.channel.uring.IoUringIoHandler.processCompletionsAndHandleOverflow(IoUringIoHandler.java:213)
	at io.netty.channel.uring.IoUringIoHandler.run(IoUringIoHandler.java:188)
	at io.netty.channel.SingleThreadIoEventLoop.runIo(SingleThreadIoEventLoop.java:225)
	at io.netty.channel.SingleThreadIoEventLoop.run(SingleThreadIoEventLoop.java:196)
	at io.netty.util.concurrent.SingleThreadEventExecutor$5.run(SingleThreadEventExecutor.java:1204)
	at io.netty.util.internal.ThreadExecutorMap$2.run(ThreadExecutorMap.java:74)
	at io.netty.util.concurrent.FastThreadLocalRunnable.run(FastThreadLocalRunnable.java:30)
	at java.base/java.lang.Thread.run(Thread.java:1583)
00:06:34.123 [multiThreadIoEventLoopGroup-4-4] WARN  i.n.channel.uring.IoUringIoHandler - Unexpected exception in the IO event loop.
java.lang.IllegalStateException: arena buffer of Thread[#26,multiThreadIoEventLoopGroup-3-1,10,main] touched from Thread[#33,multiThreadIoEventLoopGroup-4-4,10,main] (event-loop arena buffers are thread confined)
	at io.netty.buffer.CycleArenaAllocator$ArenaBuf.violation(CycleArenaAllocator.java:1279)
	at io.netty.buffer.CycleArenaAllocator$ArenaBuf.release(CycleArenaAllocator.java:1208)
	at io.netty.buffer.AbstractDerivedByteBuf.release0(AbstractDerivedByteBuf.java:98)
	at io.netty.buffer.AbstractDerivedByteBuf.release(AbstractDerivedByteBuf.java:94)
	at io.netty.channel.uring.IoUringSocketChannel$IoUringSocketUnsafe.handleWriteCompleteZeroCopy(IoUringSocketChannel.java:289)
	at io.netty.channel.uring.IoUringSocketChannel$IoUringSocketUnsafe.writeComplete0(IoUringSocketChannel.java:186)
	at io.netty.channel.uring.AbstractIoUringChannel$AbstractUringUnsafe.writeComplete(AbstractIoUringChannel.java:1003)
	at io.netty.channel.uring.AbstractIoUringChannel$AbstractUringUnsafe.handle(AbstractIoUringChannel.java:474)
	at io.netty.channel.uring.IoUringIoHandler$DefaultIoUringIoRegistration.handle(IoUringIoHandler.java:705)
	at io.netty.channel.uring.IoUringIoHandler.handleFastPath(IoUringIoHandler.java:318)
	at io.netty.channel.uring.IoUringIoHandler.handle(IoUringIoHandler.java:298)
	at io.netty.channel.uring.CompletionQueue.process(CompletionQueue.java:151)
	at io.netty.channel.uring.IoUringIoHandler.processCompletionsAndHandleOverflow(IoUringIoHandler.java:213)
	at io.netty.channel.uring.IoUringIoHandler.run(IoUringIoHandler.java:188)
	at io.netty.channel.SingleThreadIoEventLoop.runIo(SingleThreadIoEventLoop.java:225)
	at io.netty.channel.SingleThreadIoEventLoop.run(SingleThreadIoEventLoop.java:196)
	at io.netty.util.concurrent.SingleThreadEventExecutor$5.run(SingleThreadEventExecutor.java:1204)
	at io.netty.util.internal.ThreadExecutorMap$2.run(ThreadExecutorMap.java:74)
	at io.netty.util.concurrent.FastThreadLocalRunnable.run(FastThreadLocalRunnable.java:30)
	at java.base/java.lang.Thread.run(Thread.java:1583)
00:06:34.223 [multiThreadIoEventLoopGroup-3-1] WARN  io.netty.util.ReferenceCountUtil - Failed to release a message: UnpooledSlicedByteBuf(ridx: 0, widx: 221, cap: 221/221, unwrapped: CycleArenaAllocator$ArenaBuf(ridx: 0, widx: 8192, cap: 8192))
java.lang.IllegalStateException: arena buffer of Thread[#31,multiThreadIoEventLoopGroup-4-2,10,main] touched from Thread[#26,multiThreadIoEventLoopGroup-3-1,10,main] (event-loop arena buffers are thread confined)
	at io.netty.buffer.CycleArenaAllocator$ArenaBuf.violation(CycleArenaAllocator.java:1279)
	at io.netty.buffer.CycleArenaAllocator$ArenaBuf.release(CycleArenaAllocator.java:1208)
	at io.netty.buffer.AbstractDerivedByteBuf.release0(AbstractDerivedByteBuf.java:98)
	at io.netty.buffer.AbstractDerivedByteBuf.release(AbstractDerivedByteBuf.java:94)
	at io.netty.util.ReferenceCountUtil.release(ReferenceCountUtil.java:90)
	at io.netty.util.ReferenceCountUtil.safeRelease(ReferenceCountUtil.java:116)
	at io.netty.channel.ChannelOutboundBuffer.remove(ChannelOutboundBuffer.java:300)
	at io.netty.channel.ChannelOutboundBuffer.removeBytes(ChannelOutboundBuffer.java:382)
	at io.netty.channel.uring.AbstractIoUringStreamChannel$IoUringStreamUnsafe.writeComplete0(AbstractIoUringStreamChannel.java:692)
	at io.netty.channel.uring.IoUringSocketChannel$IoUringSocketUnsafe.writeComplete0(IoUringSocketChannel.java:188)
	at io.netty.channel.uring.AbstractIoUringChannel$AbstractUringUnsafe.writeComplete(AbstractIoUringChannel.java:1003)
	at io.netty.channel.uring.AbstractIoUringChannel$AbstractUringUnsafe.handle(AbstractIoUringChannel.java:474)
	at io.netty.channel.uring.IoUringIoHandler$DefaultIoUringIoRegistration.handle(IoUringIoHandler.java:705)
	at io.netty.channel.uring.IoUringIoHandler.handleFastPath(IoUringIoHandler.java:318)
	at io.netty.channel.uring.IoUringIoHandler.handle(IoUringIoHandler.java:298)
	at io.netty.channel.uring.CompletionQueue.process(CompletionQueue.java:151)
	at io.netty.channel.uring.IoUringIoHandler.processCompletionsAndHandleOverflow(IoUringIoHandler.java:213)
	at io.netty.channel.uring.IoUringIoHandler.run(IoUringIoHandler.java:188)
	at io.netty.channel.SingleThreadIoEventLoop.runIo(SingleThreadIoEventLoop.java:225)
	at io.netty.channel.SingleThreadIoEventLoop.run(SingleThreadIoEventLoop.java:196)
	at io.netty.util.concurrent.SingleThreadEventExecutor$5.run(SingleThreadEventExecutor.java:1204)
	at io.netty.util.internal.ThreadExecutorMap$2.run(ThreadExecutorMap.java:74)
	at io.netty.util.concurrent.FastThreadLocalRunnable.run(FastThreadLocalRunnable.java:30)
	at java.base/java.lang.Thread.run(Thread.java:1583)
00:06:34.223 [multiThreadIoEventLoopGroup-4-4] WARN  i.n.channel.uring.IoUringIoHandler - Unexpected exception in the IO event loop.
java.lang.IllegalStateException: arena buffer of Thread[#29,multiThreadIoEventLoopGroup-3-4,10,main] touched from Thread[#33,multiThreadIoEventLoopGroup-4-4,10,main] (event-loop arena buffers are thread confined)
	at io.netty.buffer.CycleArenaAllocator$ArenaBuf.violation(CycleArenaAllocator.java:1279)
	at io.netty.buffer.CycleArenaAllocator$ArenaBuf.release(CycleArenaAllocator.java:1208)
	at io.netty.buffer.AbstractDerivedByteBuf.release0(AbstractDerivedByteBuf.java:98)
	at io.netty.buffer.AbstractDerivedByteBuf.release(AbstractDerivedByteBuf.java:94)
	at io.netty.channel.uring.IoUringSocketChannel$IoUringSocketUnsafe.handleWriteCompleteZeroCopy(IoUringSocketChannel.java:289)
	at io.netty.channel.uring.IoUringSocketChannel$IoUringSocketUnsafe.writeComplete0(IoUringSocketChannel.java:186)
	at io.netty.channel.uring.AbstractIoUringChannel$AbstractUringUnsafe.writeComplete(AbstractIoUringChannel.java:1003)
	at io.netty.channel.uring.AbstractIoUringChannel$AbstractUringUnsafe.handle(AbstractIoUringChannel.java:474)
	at io.netty.channel.uring.IoUringIoHandler$DefaultIoUringIoRegistration.handle(IoUringIoHandler.java:705)
	at io.netty.channel.uring.IoUringIoHandler.handleFastPath(IoUringIoHandler.java:318)
	at io.netty.channel.uring.IoUringIoHandler.handle(IoUringIoHandler.java:298)
	at io.netty.channel.uring.CompletionQueue.process(CompletionQueue.java:151)
	at io.netty.channel.uring.IoUringIoHandler.processCompletionsAndHandleOverflow(IoUringIoHandler.java:213)
	at io.netty.channel.uring.IoUringIoHandler.run(IoUringIoHandler.java:188)
	at io.netty.channel.SingleThreadIoEventLoop.runIo(SingleThreadIoEventLoop.java:225)
	at io.netty.channel.SingleThreadIoEventLoop.run(SingleThreadIoEventLoop.java:196)
	at io.netty.util.concurrent.SingleThreadEventExecutor$5.run(SingleThreadEventExecutor.java:1204)
	at io.netty.util.internal.ThreadExecutorMap$2.run(ThreadExecutorMap.java:74)
	at io.netty.util.concurrent.FastThreadLocalRunnable.run(FastThreadLocalRunnable.java:30)
	at java.base/java.lang.Thread.run(Thread.java:1583)
00:06:34.224 [multiThreadIoEventLoopGroup-3-1] WARN  i.n.channel.uring.IoUringIoHandler - Unexpected exception in the IO event loop.
java.lang.IllegalStateException: arena buffer of Thread[#31,multiThreadIoEventLoopGroup-4-2,10,main] touched from Thread[#26,multiThreadIoEventLoopGroup-3-1,10,main] (event-loop arena buffers are thread confined)
	at io.netty.buffer.CycleArenaAllocator$ArenaBuf.violation(CycleArenaAllocator.java:1279)
	at io.netty.buffer.CycleArenaAllocator$ArenaBuf.retain(CycleArenaAllocator.java:1182)
	at io.netty.buffer.AbstractDerivedByteBuf.retain0(AbstractDerivedByteBuf.java:58)
	at io.netty.buffer.AbstractDerivedByteBuf.retain(AbstractDerivedByteBuf.java:54)
	at io.netty.channel.uring.IoUringSocketChannel$IoUringSocketUnsafe.handleWriteCompleteZeroCopy(IoUringSocketChannel.java:220)
	at io.netty.channel.uring.IoUringSocketChannel$IoUringSocketUnsafe.writeComplete0(IoUringSocketChannel.java:186)
	at io.netty.channel.uring.AbstractIoUringChannel$AbstractUringUnsafe.writeComplete(AbstractIoUringChannel.java:1003)
	at io.netty.channel.uring.AbstractIoUringChannel$AbstractUringUnsafe.handle(AbstractIoUringChannel.java:474)
	at io.netty.channel.uring.IoUringIoHandler$DefaultIoUringIoRegistration.handle(IoUringIoHandler.java:705)
	at io.netty.channel.uring.IoUringIoHandler.handleFastPath(IoUringIoHandler.java:318)
	at io.netty.channel.uring.IoUringIoHandler.handle(IoUringIoHandler.java:298)
	at io.netty.channel.uring.CompletionQueue.process(CompletionQueue.java:151)
	at io.netty.channel.uring.IoUringIoHandler.processCompletionsAndHandleOverflow(IoUringIoHandler.java:213)
	at io.netty.channel.uring.IoUringIoHandler.run(IoUringIoHandler.java:188)
	at io.netty.channel.SingleThreadIoEventLoop.runIo(SingleThreadIoEventLoop.java:225)
	at io.netty.channel.SingleThreadIoEventLoop.run(SingleThreadIoEventLoop.java:196)
	at io.netty.util.concurrent.SingleThreadEventExecutor$5.run(SingleThreadEventExecutor.java:1204)
	at io.netty.util.internal.ThreadExecutorMap$2.run(ThreadExecutorMap.java:74)
	at io.netty.util.concurrent.FastThreadLocalRunnable.run(FastThreadLocalRunnable.java:30)
	at java.base/java.lang.Thread.run(Thread.java:1583)
00:06:34.324 [multiThreadIoEventLoopGroup-3-1] WARN  i.n.channel.uring.IoUringIoHandler - Unexpected exception in the IO event loop.
java.lang.IllegalStateException: arena buffer of Thread[#31,multiThreadIoEventLoopGroup-4-2,10,main] touched from Thread[#26,multiThreadIoEventLoopGroup-3-1,10,main] (event-loop arena buffers are thread confined)
	at io.netty.buffer.CycleArenaAllocator$ArenaBuf.violation(CycleArenaAllocator.java:1279)
	at io.netty.buffer.CycleArenaAllocator$ArenaBuf.release(CycleArenaAllocator.java:1208)
	at io.netty.buffer.AbstractDerivedByteBuf.release0(AbstractDerivedByteBuf.java:98)
	at io.netty.buffer.AbstractDerivedByteBuf.release(AbstractDerivedByteBuf.java:94)
	at io.netty.channel.uring.IoUringSocketChannel$IoUringSocketUnsafe.handleWriteCompleteZeroCopy(IoUringSocketChannel.java:289)
	at io.netty.channel.uring.IoUringSocketChannel$IoUringSocketUnsafe.writeComplete0(IoUringSocketChannel.java:186)
	at io.netty.channel.uring.AbstractIoUringChannel$AbstractUringUnsafe.writeComplete(AbstractIoUringChannel.java:1003)
	at io.netty.channel.uring.AbstractIoUringChannel$AbstractUringUnsafe.handle(AbstractIoUringChannel.java:474)
	at io.netty.channel.uring.IoUringIoHandler$DefaultIoUringIoRegistration.handle(IoUringIoHandler.java:705)
	at io.netty.channel.uring.IoUringIoHandler.handleFastPath(IoUringIoHandler.java:318)
	at io.netty.channel.uring.IoUringIoHandler.handle(IoUringIoHandler.java:298)
	at io.netty.channel.uring.CompletionQueue.process(CompletionQueue.java:151)
	at io.netty.channel.uring.IoUringIoHandler.processCompletionsAndHandleOverflow(IoUringIoHandler.java:213)
	at io.netty.channel.uring.IoUringIoHandler.run(IoUringIoHandler.java:188)
	at io.netty.channel.SingleThreadIoEventLoop.runIo(SingleThreadIoEventLoop.java:225)
	at io.netty.channel.SingleThreadIoEventLoop.run(SingleThreadIoEventLoop.java:196)
	at io.netty.util.concurrent.SingleThreadEventExecutor$5.run(SingleThreadEventExecutor.java:1204)
	at io.netty.util.internal.ThreadExecutorMap$2.run(ThreadExecutorMap.java:74)
	at io.netty.util.concurrent.FastThreadLocalRunnable.run(FastThreadLocalRunnable.java:30)
	at java.base/java.lang.Thread.run(Thread.java:1583)
00:06:34.325 [multiThreadIoEventLoopGroup-3-4] WARN  io.netty.util.ReferenceCountUtil - Failed to release a message: UnpooledSlicedByteBuf(ridx: 0, widx: 1136, cap: 1136/1136, unwrapped: CycleArenaAllocator$ArenaBuf(ridx: 0, widx: 8192, cap: 8192))
java.lang.IllegalStateException: arena buffer of Thread[#33,multiThreadIoEventLoopGroup-4-4,10,main] touched from Thread[#29,multiThreadIoEventLoopGroup-3-4,10,main] (event-loop arena buffers are thread confined)
	at io.netty.buffer.CycleArenaAllocator$ArenaBuf.violation(CycleArenaAllocator.java:1279)
	at io.netty.buffer.CycleArenaAllocator$ArenaBuf.release(CycleArenaAllocator.java:1208)
	at io.netty.buffer.AbstractDerivedByteBuf.release0(AbstractDerivedByteBuf.java:98)
	at io.netty.buffer.AbstractDerivedByteBuf.release(AbstractDerivedByteBuf.java:94)
	at io.netty.util.ReferenceCountUtil.release(ReferenceCountUtil.java:90)
	at io.netty.util.ReferenceCountUtil.safeRelease(ReferenceCountUtil.java:116)
	at io.netty.channel.ChannelOutboundBuffer.remove(ChannelOutboundBuffer.java:300)
	at io.netty.channel.ChannelOutboundBuffer.removeBytes(ChannelOutboundBuffer.java:382)
	at io.netty.channel.uring.AbstractIoUringStreamChannel$IoUringStreamUnsafe.writeComplete0(AbstractIoUringStreamChannel.java:692)
	at io.netty.channel.uring.IoUringSocketChannel$IoUringSocketUnsafe.writeComplete0(IoUringSocketChannel.java:188)
	at io.netty.channel.uring.AbstractIoUringChannel$AbstractUringUnsafe.writeComplete(AbstractIoUringChannel.java:1003)
	at io.netty.channel.uring.AbstractIoUringChannel$AbstractUringUnsafe.handle(AbstractIoUringChannel.java:474)
	at io.netty.channel.uring.IoUringIoHandler$DefaultIoUringIoRegistration.handle(IoUringIoHandler.java:705)
	at io.netty.channel.uring.IoUringIoHandler.handleFastPath(IoUringIoHandler.java:318)
	at io.netty.channel.uring.IoUringIoHandler.handle(IoUringIoHandler.java:298)
	at io.netty.channel.uring.CompletionQueue.process(CompletionQueue.java:151)
	at io.netty.channel.uring.IoUringIoHandler.processCompletionsAndHandleOverflow(IoUringIoHandler.java:213)
	at io.netty.channel.uring.IoUringIoHandler.run(IoUringIoHandler.java:188)
	at io.netty.channel.SingleThreadIoEventLoop.runIo(SingleThreadIoEventLoop.java:225)
	at io.netty.channel.SingleThreadIoEventLoop.run(SingleThreadIoEventLoop.java:196)
	at io.netty.util.concurrent.SingleThreadEventExecutor$5.run(SingleThreadEventExecutor.java:1204)
	at io.netty.util.internal.ThreadExecutorMap$2.run(ThreadExecutorMap.java:74)
	at io.netty.util.concurrent.FastThreadLocalRunnable.run(FastThreadLocalRunnable.java:30)
	at java.base/java.lang.Thread.run(Thread.java:1583)
00:06:34.325 [multiThreadIoEventLoopGroup-3-4] WARN  io.netty.util.ReferenceCountUtil - Failed to release a message: UnpooledSlicedByteBuf(ridx: 0, widx: 3401, cap: 3401/3401, unwrapped: CycleArenaAllocator$ArenaBuf(ridx: 0, widx: 8192, cap: 8192))
java.lang.IllegalStateException: arena buffer of Thread[#33,multiThreadIoEventLoopGroup-4-4,10,main] touched from Thread[#29,multiThreadIoEventLoopGroup-3-4,10,main] (event-loop arena buffers are thread confined)
	at io.netty.buffer.CycleArenaAllocator$ArenaBuf.violation(CycleArenaAllocator.java:1279)
	at io.netty.buffer.CycleArenaAllocator$ArenaBuf.release(CycleArenaAllocator.java:1208)
	at io.netty.buffer.AbstractDerivedByteBuf.release0(AbstractDerivedByteBuf.java:98)
	at io.netty.buffer.AbstractDerivedByteBuf.release(AbstractDerivedByteBuf.java:94)
	at io.netty.util.ReferenceCountUtil.release(ReferenceCountUtil.java:90)
	at io.netty.util.ReferenceCountUtil.safeRelease(ReferenceCountUtil.java:116)
	at io.netty.channel.ChannelOutboundBuffer.remove(ChannelOutboundBuffer.java:300)
	at io.netty.channel.ChannelOutboundBuffer.removeBytes(ChannelOutboundBuffer.java:382)
	at io.netty.channel.uring.AbstractIoUringStreamChannel$IoUringStreamUnsafe.writeComplete0(AbstractIoUringStreamChannel.java:692)
	at io.netty.channel.uring.IoUringSocketChannel$IoUringSocketUnsafe.writeComplete0(IoUringSocketChannel.java:188)
	at io.netty.channel.uring.AbstractIoUringChannel$AbstractUringUnsafe.writeComplete(AbstractIoUringChannel.java:1003)
	at io.netty.channel.uring.AbstractIoUringChannel$AbstractUringUnsafe.handle(AbstractIoUringChannel.java:474)
	at io.netty.channel.uring.IoUringIoHandler$DefaultIoUringIoRegistration.handle(IoUringIoHandler.java:705)
	at io.netty.channel.uring.IoUringIoHandler.handleFastPath(IoUringIoHandler.java:318)
	at io.netty.channel.uring.IoUringIoHandler.handle(IoUringIoHandler.java:298)
	at io.netty.channel.uring.CompletionQueue.process(CompletionQueue.java:151)
	at io.netty.channel.uring.IoUringIoHandler.processCompletionsAndHandleOverflow(IoUringIoHandler.java:213)
	at io.netty.channel.uring.IoUringIoHandler.run(IoUringIoHandler.java:188)
	at io.netty.channel.SingleThreadIoEventLoop.runIo(SingleThreadIoEventLoop.java:225)
	at io.netty.channel.SingleThreadIoEventLoop.run(SingleThreadIoEventLoop.java:196)
	at io.netty.util.concurrent.SingleThreadEventExecutor$5.run(SingleThreadEventExecutor.java:1204)
	at io.netty.util.internal.ThreadExecutorMap$2.run(ThreadExecutorMap.java:74)
	at io.netty.util.concurrent.FastThreadLocalRunnable.run(FastThreadLocalRunnable.java:30)
	at java.base/java.lang.Thread.run(Thread.java:1583)
00:06:34.325 [multiThreadIoEventLoopGroup-3-4] WARN  io.netty.util.ReferenceCountUtil - Failed to release a message: UnpooledSlicedByteBuf(ridx: 0, widx: 265, cap: 265/265, unwrapped: CycleArenaAllocator$ArenaBuf(ridx: 0, widx: 8192, cap: 8192))
java.lang.IllegalStateException: arena buffer of Thread[#33,multiThreadIoEventLoopGroup-4-4,10,main] touched from Thread[#29,multiThreadIoEventLoopGroup-3-4,10,main] (event-loop arena buffers are thread confined)
	at io.netty.buffer.CycleArenaAllocator$ArenaBuf.violation(CycleArenaAllocator.java:1279)
	at io.netty.buffer.CycleArenaAllocator$ArenaBuf.release(CycleArenaAllocator.java:1208)
	at io.netty.buffer.AbstractDerivedByteBuf.release0(AbstractDerivedByteBuf.java:98)
	at io.netty.buffer.AbstractDerivedByteBuf.release(AbstractDerivedByteBuf.java:94)
	at io.netty.util.ReferenceCountUtil.release(ReferenceCountUtil.java:90)
	at io.netty.util.ReferenceCountUtil.safeRelease(ReferenceCountUtil.java:116)
	at io.netty.channel.ChannelOutboundBuffer.remove(ChannelOutboundBuffer.java:300)
	at io.netty.channel.ChannelOutboundBuffer.removeBytes(ChannelOutboundBuffer.java:382)
	at io.netty.channel.uring.AbstractIoUringStreamChannel$IoUringStreamUnsafe.writeComplete0(AbstractIoUringStreamChannel.java:692)
	at io.netty.channel.uring.IoUringSocketChannel$IoUringSocketUnsafe.writeComplete0(IoUringSocketChannel.java:188)
	at io.netty.channel.uring.AbstractIoUringChannel$AbstractUringUnsafe.writeComplete(AbstractIoUringChannel.java:1003)
	at io.netty.channel.uring.AbstractIoUringChannel$AbstractUringUnsafe.handle(AbstractIoUringChannel.java:474)
	at io.netty.channel.uring.IoUringIoHandler$DefaultIoUringIoRegistration.handle(IoUringIoHandler.java:705)
	at io.netty.channel.uring.IoUringIoHandler.handleFastPath(IoUringIoHandler.java:318)
	at io.netty.channel.uring.IoUringIoHandler.handle(IoUringIoHandler.java:298)
	at io.netty.channel.uring.CompletionQueue.process(CompletionQueue.java:151)
	at io.netty.channel.uring.IoUringIoHandler.processCompletionsAndHandleOverflow(IoUringIoHandler.java:213)
	at io.netty.channel.uring.IoUringIoHandler.run(IoUringIoHandler.java:188)
	at io.netty.channel.SingleThreadIoEventLoop.runIo(SingleThreadIoEventLoop.java:225)
	at io.netty.channel.SingleThreadIoEventLoop.run(SingleThreadIoEventLoop.java:196)
	at io.netty.util.concurrent.SingleThreadEventExecutor$5.run(SingleThreadEventExecutor.java:1204)
	at io.netty.util.internal.ThreadExecutorMap$2.run(ThreadExecutorMap.java:74)
	at io.netty.util.concurrent.FastThreadLocalRunnable.run(FastThreadLocalRunnable.java:30)
	at java.base/java.lang.Thread.run(Thread.java:1583)
00:06:34.325 [multiThreadIoEventLoopGroup-3-4] WARN  i.n.channel.uring.IoUringIoHandler - Unexpected exception in the IO event loop.
java.lang.IllegalStateException: arena buffer of Thread[#33,multiThreadIoEventLoopGroup-4-4,10,main] touched from Thread[#29,multiThreadIoEventLoopGroup-3-4,10,main] (event-loop arena buffers are thread confined)
	at io.netty.buffer.CycleArenaAllocator$ArenaBuf.violation(CycleArenaAllocator.java:1279)
	at io.netty.buffer.CycleArenaAllocator$ArenaBuf.retain(CycleArenaAllocator.java:1182)
	at io.netty.buffer.AbstractDerivedByteBuf.retain0(AbstractDerivedByteBuf.java:58)
	at io.netty.buffer.AbstractDerivedByteBuf.retain(AbstractDerivedByteBuf.java:54)
	at io.netty.channel.uring.IoUringSocketChannel$IoUringSocketUnsafe.handleWriteCompleteZeroCopy(IoUringSocketChannel.java:220)
	at io.netty.channel.uring.IoUringSocketChannel$IoUringSocketUnsafe.writeComplete0(IoUringSocketChannel.java:186)
	at io.netty.channel.uring.AbstractIoUringChannel$AbstractUringUnsafe.writeComplete(AbstractIoUringChannel.java:1003)
	at io.netty.channel.uring.AbstractIoUringChannel$AbstractUringUnsafe.handle(AbstractIoUringChannel.java:474)
	at io.netty.channel.uring.IoUringIoHandler$DefaultIoUringIoRegistration.handle(IoUringIoHandler.java:705)
	at io.netty.channel.uring.IoUringIoHandler.handleFastPath(IoUringIoHandler.java:318)
	at io.netty.channel.uring.IoUringIoHandler.handle(IoUringIoHandler.java:298)
	at io.netty.channel.uring.CompletionQueue.process(CompletionQueue.java:151)
	at io.netty.channel.uring.IoUringIoHandler.processCompletionsAndHandleOverflow(IoUringIoHandler.java:213)
	at io.netty.channel.uring.IoUringIoHandler.run(IoUringIoHandler.java:188)
	at io.netty.channel.SingleThreadIoEventLoop.runIo(SingleThreadIoEventLoop.java:225)
	at io.netty.channel.SingleThreadIoEventLoop.run(SingleThreadIoEventLoop.java:196)
	at io.netty.util.concurrent.SingleThreadEventExecutor$5.run(SingleThreadEventExecutor.java:1204)
	at io.netty.util.internal.ThreadExecutorMap$2.run(ThreadExecutorMap.java:74)
	at io.netty.util.concurrent.FastThreadLocalRunnable.run(FastThreadLocalRunnable.java:30)
	at java.base/java.lang.Thread.run(Thread.java:1583)
00:06:34.425 [multiThreadIoEventLoopGroup-3-1] WARN  io.netty.util.ReferenceCountUtil - Failed to release a message: UnpooledSlicedByteBuf(ridx: 0, widx: 1103, cap: 1103/1103, unwrapped: CycleArenaAllocator$ArenaBuf(ridx: 0, widx: 8192, cap: 8192))
java.lang.IllegalStateException: arena buffer of Thread[#31,multiThreadIoEventLoopGroup-4-2,10,main] touched from Thread[#26,multiThreadIoEventLoopGroup-3-1,10,main] (event-loop arena buffers are thread confined)
	at io.netty.buffer.CycleArenaAllocator$ArenaBuf.violation(CycleArenaAllocator.java:1279)
	at io.netty.buffer.CycleArenaAllocator$ArenaBuf.release(CycleArenaAllocator.java:1208)
	at io.netty.buffer.AbstractDerivedByteBuf.release0(AbstractDerivedByteBuf.java:98)
	at io.netty.buffer.AbstractDerivedByteBuf.release(AbstractDerivedByteBuf.java:94)
	at io.netty.util.ReferenceCountUtil.release(ReferenceCountUtil.java:90)
	at io.netty.util.ReferenceCountUtil.safeRelease(ReferenceCountUtil.java:116)
	at io.netty.channel.ChannelOutboundBuffer.remove(ChannelOutboundBuffer.java:300)
	at io.netty.channel.ChannelOutboundBuffer.removeBytes(ChannelOutboundBuffer.java:382)
	at io.netty.channel.uring.AbstractIoUringStreamChannel$IoUringStreamUnsafe.writeComplete0(AbstractIoUringStreamChannel.java:692)
	at io.netty.channel.uring.IoUringSocketChannel$IoUringSocketUnsafe.writeComplete0(IoUringSocketChannel.java:188)
	at io.netty.channel.uring.AbstractIoUringChannel$AbstractUringUnsafe.writeComplete(AbstractIoUringChannel.java:1003)
	at io.netty.channel.uring.AbstractIoUringChannel$AbstractUringUnsafe.handle(AbstractIoUringChannel.java:474)
	at io.netty.channel.uring.IoUringIoHandler$DefaultIoUringIoRegistration.handle(IoUringIoHandler.java:705)
	at io.netty.channel.uring.IoUringIoHandler.handleFastPath(IoUringIoHandler.java:318)
	at io.netty.channel.uring.IoUringIoHandler.handle(IoUringIoHandler.java:298)
	at io.netty.channel.uring.CompletionQueue.process(CompletionQueue.java:151)
	at io.netty.channel.uring.IoUringIoHandler.processCompletionsAndHandleOverflow(IoUringIoHandler.java:213)
	at io.netty.channel.uring.IoUringIoHandler.run(IoUringIoHandler.java:188)
	at io.netty.channel.SingleThreadIoEventLoop.runIo(SingleThreadIoEventLoop.java:225)
	at io.netty.channel.SingleThreadIoEventLoop.run(SingleThreadIoEventLoop.java:196)
	at io.netty.util.concurrent.SingleThreadEventExecutor$5.run(SingleThreadEventExecutor.java:1204)
	at io.netty.util.internal.ThreadExecutorMap$2.run(ThreadExecutorMap.java:74)
	at io.netty.util.concurrent.FastThreadLocalRunnable.run(FastThreadLocalRunnable.java:30)
	at java.base/java.lang.Thread.run(Thread.java:1583)
00:06:34.426 [multiThreadIoEventLoopGroup-3-1] WARN  io.netty.util.ReferenceCountUtil - Failed to release a message: UnpooledSlicedByteBuf(ridx: 0, widx: 2784, cap: 2784/2784, unwrapped: CycleArenaAllocator$ArenaBuf(ridx: 0, widx: 8192, cap: 8192))
java.lang.IllegalStateException: arena buffer of Thread[#31,multiThreadIoEventLoopGroup-4-2,10,main] touched from Thread[#26,multiThreadIoEventLoopGroup-3-1,10,main] (event-loop arena buffers are thread confined)
	at io.netty.buffer.CycleArenaAllocator$ArenaBuf.violation(CycleArenaAllocator.java:1279)
	at io.netty.buffer.CycleArenaAllocator$ArenaBuf.release(CycleArenaAllocator.java:1208)
	at io.netty.buffer.AbstractDerivedByteBuf.release0(AbstractDerivedByteBuf.java:98)
	at io.netty.buffer.AbstractDerivedByteBuf.release(AbstractDerivedByteBuf.java:94)
	at io.netty.util.ReferenceCountUtil.release(ReferenceCountUtil.java:90)
	at io.netty.util.ReferenceCountUtil.safeRelease(ReferenceCountUtil.java:116)
	at io.netty.channel.ChannelOutboundBuffer.remove(ChannelOutboundBuffer.java:300)
	at io.netty.channel.ChannelOutboundBuffer.removeBytes(ChannelOutboundBuffer.java:382)
	at io.netty.channel.uring.AbstractIoUringStreamChannel$IoUringStreamUnsafe.writeComplete0(AbstractIoUringStreamChannel.java:692)
	at io.netty.channel.uring.IoUringSocketChannel$IoUringSocketUnsafe.writeComplete0(IoUringSocketChannel.java:188)
	at io.netty.channel.uring.AbstractIoUringChannel$AbstractUringUnsafe.writeComplete(AbstractIoUringChannel.java:1003)
	at io.netty.channel.uring.AbstractIoUringChannel$AbstractUringUnsafe.handle(AbstractIoUringChannel.java:474)
	at io.netty.channel.uring.IoUringIoHandler$DefaultIoUringIoRegistration.handle(IoUringIoHandler.java:705)
	at io.netty.channel.uring.IoUringIoHandler.handleFastPath(IoUringIoHandler.java:318)
	at io.netty.channel.uring.IoUringIoHandler.handle(IoUringIoHandler.java:298)
	at io.netty.channel.uring.CompletionQueue.process(CompletionQueue.java:151)
	at io.netty.channel.uring.IoUringIoHandler.processCompletionsAndHandleOverflow(IoUringIoHandler.java:213)
	at io.netty.channel.uring.IoUringIoHandler.run(IoUringIoHandler.java:188)
	at io.netty.channel.SingleThreadIoEventLoop.runIo(SingleThreadIoEventLoop.java:225)
	at io.netty.channel.SingleThreadIoEventLoop.run(SingleThreadIoEventLoop.java:196)
	at io.netty.util.concurrent.SingleThreadEventExecutor$5.run(SingleThreadEventExecutor.java:1204)
	at io.netty.util.internal.ThreadExecutorMap$2.run(ThreadExecutorMap.java:74)
	at io.netty.util.concurrent.FastThreadLocalRunnable.run(FastThreadLocalRunnable.java:30)
	at java.base/java.lang.Thread.run(Thread.java:1583)
00:06:34.426 [multiThreadIoEventLoopGroup-3-4] WARN  i.n.channel.uring.IoUringIoHandler - Unexpected exception in the IO event loop.
java.lang.IllegalStateException: arena buffer of Thread[#33,multiThreadIoEventLoopGroup-4-4,10,main] touched from Thread[#29,multiThreadIoEventLoopGroup-3-4,10,main] (event-loop arena buffers are thread confined)
	at io.netty.buffer.CycleArenaAllocator$ArenaBuf.violation(CycleArenaAllocator.java:1279)
	at io.netty.buffer.CycleArenaAllocator$ArenaBuf.release(CycleArenaAllocator.java:1208)
	at io.netty.buffer.AbstractDerivedByteBuf.release0(AbstractDerivedByteBuf.java:98)
	at io.netty.buffer.AbstractDerivedByteBuf.release(AbstractDerivedByteBuf.java:94)
	at io.netty.channel.uring.IoUringSocketChannel$IoUringSocketUnsafe.handleWriteCompleteZeroCopy(IoUringSocketChannel.java:289)
	at io.netty.channel.uring.IoUringSocketChannel$IoUringSocketUnsafe.writeComplete0(IoUringSocketChannel.java:186)
	at io.netty.channel.uring.AbstractIoUringChannel$AbstractUringUnsafe.writeComplete(AbstractIoUringChannel.java:1003)
	at io.netty.channel.uring.AbstractIoUringChannel$AbstractUringUnsafe.handle(AbstractIoUringChannel.java:474)
	at io.netty.channel.uring.IoUringIoHandler$DefaultIoUringIoRegistration.handle(IoUringIoHandler.java:705)
	at io.netty.channel.uring.IoUringIoHandler.handleFastPath(IoUringIoHandler.java:318)
	at io.netty.channel.uring.IoUringIoHandler.handle(IoUringIoHandler.java:298)
	at io.netty.channel.uring.CompletionQueue.process(CompletionQueue.java:151)
	at io.netty.channel.uring.IoUringIoHandler.processCompletionsAndHandleOverflow(IoUringIoHandler.java:213)
	at io.netty.channel.uring.IoUringIoHandler.run(IoUringIoHandler.java:188)
	at io.netty.channel.SingleThreadIoEventLoop.runIo(SingleThreadIoEventLoop.java:225)
	at io.netty.channel.SingleThreadIoEventLoop.run(SingleThreadIoEventLoop.java:196)
	at io.netty.util.concurrent.SingleThreadEventExecutor$5.run(SingleThreadEventExecutor.java:1204)
	at io.netty.util.internal.ThreadExecutorMap$2.run(ThreadExecutorMap.java:74)
	at io.netty.util.concurrent.FastThreadLocalRunnable.run(FastThreadLocalRunnable.java:30)
	at java.base/java.lang.Thread.run(Thread.java:1583)
00:06:34.426 [multiThreadIoEventLoopGroup-3-1] WARN  io.netty.util.ReferenceCountUtil - Failed to release a message: UnpooledSlicedByteBuf(ridx: 0, widx: 661, cap: 661/661, unwrapped: CycleArenaAllocator$ArenaBuf(ridx: 0, widx: 661, cap: 8192))
java.lang.IllegalStateException: arena buffer of Thread[#31,multiThreadIoEventLoopGroup-4-2,10,main] touched from Thread[#26,multiThreadIoEventLoopGroup-3-1,10,main] (event-loop arena buffers are thread confined)
	at io.netty.buffer.CycleArenaAllocator$ArenaBuf.violation(CycleArenaAllocator.java:1279)
	at io.netty.buffer.CycleArenaAllocator$ArenaBuf.release(CycleArenaAllocator.java:1208)
	at io.netty.buffer.AbstractDerivedByteBuf.release0(AbstractDerivedByteBuf.java:98)
	at io.netty.buffer.AbstractDerivedByteBuf.release(AbstractDerivedByteBuf.java:94)
	at io.netty.util.ReferenceCountUtil.release(ReferenceCountUtil.java:90)
	at io.netty.util.ReferenceCountUtil.safeRelease(ReferenceCountUtil.java:116)
	at io.netty.channel.ChannelOutboundBuffer.remove(ChannelOutboundBuffer.java:300)
	at io.netty.channel.ChannelOutboundBuffer.removeBytes(ChannelOutboundBuffer.java:382)
	at io.netty.channel.uring.AbstractIoUringStreamChannel$IoUringStreamUnsafe.writeComplete0(AbstractIoUringStreamChannel.java:692)
	at io.netty.channel.uring.IoUringSocketChannel$IoUringSocketUnsafe.writeComplete0(IoUringSocketChannel.java:188)
	at io.netty.channel.uring.AbstractIoUringChannel$AbstractUringUnsafe.writeComplete(AbstractIoUringChannel.java:1003)
	at io.netty.channel.uring.AbstractIoUringChannel$AbstractUringUnsafe.handle(AbstractIoUringChannel.java:474)
	at io.netty.channel.uring.IoUringIoHandler$DefaultIoUringIoRegistration.handle(IoUringIoHandler.java:705)
	at io.netty.channel.uring.IoUringIoHandler.handleFastPath(IoUringIoHandler.java:318)
	at io.netty.channel.uring.IoUringIoHandler.handle(IoUringIoHandler.java:298)
	at io.netty.channel.uring.CompletionQueue.process(CompletionQueue.java:151)
	at io.netty.channel.uring.IoUringIoHandler.processCompletionsAndHandleOverflow(IoUringIoHandler.java:213)
	at io.netty.channel.uring.IoUringIoHandler.run(IoUringIoHandler.java:188)
	at io.netty.channel.SingleThreadIoEventLoop.runIo(SingleThreadIoEventLoop.java:225)
	at io.netty.channel.SingleThreadIoEventLoop.run(SingleThreadIoEventLoop.java:196)
	at io.netty.util.concurrent.SingleThreadEventExecutor$5.run(SingleThreadEventExecutor.java:1204)
	at io.netty.util.internal.ThreadExecutorMap$2.run(ThreadExecutorMap.java:74)
	at io.netty.util.concurrent.FastThreadLocalRunnable.run(FastThreadLocalRunnable.java:30)
	at java.base/java.lang.Thread.run(Thread.java:1583)
00:06:34.426 [multiThreadIoEventLoopGroup-4-2] WARN  io.netty.util.ReferenceCountUtil - Failed to release a message: UnpooledSlicedByteBuf(ridx: 0, widx: 1621, cap: 1621/1621, unwrapped: CycleArenaAllocator$ArenaBuf(ridx: 0, widx: 8192, cap: 8192))
java.lang.IllegalStateException: arena buffer of Thread[#26,multiThreadIoEventLoopGroup-3-1,10,main] touched from Thread[#31,multiThreadIoEventLoopGroup-4-2,10,main] (event-loop arena buffers are thread confined)
	at io.netty.buffer.CycleArenaAllocator$ArenaBuf.violation(CycleArenaAllocator.java:1279)
	at io.netty.buffer.CycleArenaAllocator$ArenaBuf.release(CycleArenaAllocator.java:1208)
	at io.netty.buffer.AbstractDerivedByteBuf.release0(AbstractDerivedByteBuf.java:98)
	at io.netty.buffer.AbstractDerivedByteBuf.release(AbstractDerivedByteBuf.java:94)
	at io.netty.util.ReferenceCountUtil.release(ReferenceCountUtil.java:90)
	at io.netty.util.ReferenceCountUtil.safeRelease(ReferenceCountUtil.java:116)
	at io.netty.channel.ChannelOutboundBuffer.remove(ChannelOutboundBuffer.java:300)
	at io.netty.channel.ChannelOutboundBuffer.removeBytes(ChannelOutboundBuffer.java:382)
	at io.netty.channel.uring.AbstractIoUringStreamChannel$IoUringStreamUnsafe.writeComplete0(AbstractIoUringStreamChannel.java:692)
	at io.netty.channel.uring.IoUringSocketChannel$IoUringSocketUnsafe.writeComplete0(IoUringSocketChannel.java:188)
	at io.netty.channel.uring.AbstractIoUringChannel$AbstractUringUnsafe.writeComplete(AbstractIoUringChannel.java:1003)
	at io.netty.channel.uring.AbstractIoUringChannel$AbstractUringUnsafe.handle(AbstractIoUringChannel.java:474)
	at io.netty.channel.uring.IoUringIoHandler$DefaultIoUringIoRegistration.handle(IoUringIoHandler.java:705)
	at io.netty.channel.uring.IoUringIoHandler.handleFastPath(IoUringIoHandler.java:318)
	at io.netty.channel.uring.IoUringIoHandler.handle(IoUringIoHandler.java:298)
	at io.netty.channel.uring.CompletionQueue.process(CompletionQueue.java:151)
	at io.netty.channel.uring.IoUringIoHandler.processCompletionsAndHandleOverflow(IoUringIoHandler.java:213)
	at io.netty.channel.uring.IoUringIoHandler.run(IoUringIoHandler.java:188)
	at io.netty.channel.SingleThreadIoEventLoop.runIo(SingleThreadIoEventLoop.java:225)
	at io.netty.channel.SingleThreadIoEventLoop.run(SingleThreadIoEventLoop.java:196)
	at io.netty.util.concurrent.SingleThreadEventExecutor$5.run(SingleThreadEventExecutor.java:1204)
	at io.netty.util.internal.ThreadExecutorMap$2.run(ThreadExecutorMap.java:74)
	at io.netty.util.concurrent.FastThreadLocalRunnable.run(FastThreadLocalRunnable.java:30)
	at java.base/java.lang.Thread.run(Thread.java:1583)
00:06:34.426 [multiThreadIoEventLoopGroup-4-2] WARN  io.netty.util.ReferenceCountUtil - Failed to release a message: UnpooledSlicedByteBuf(ridx: 0, widx: 2574, cap: 2574/2574, unwrapped: CycleArenaAllocator$ArenaBuf(ridx: 0, widx: 2574, cap: 8192))
java.lang.IllegalStateException: arena buffer of Thread[#26,multiThreadIoEventLoopGroup-3-1,10,main] touched from Thread[#31,multiThreadIoEventLoopGroup-4-2,10,main] (event-loop arena buffers are thread confined)
	at io.netty.buffer.CycleArenaAllocator$ArenaBuf.violation(CycleArenaAllocator.java:1279)
	at io.netty.buffer.CycleArenaAllocator$ArenaBuf.release(CycleArenaAllocator.java:1208)
	at io.netty.buffer.AbstractDerivedByteBuf.release0(AbstractDerivedByteBuf.java:98)
	at io.netty.buffer.AbstractDerivedByteBuf.release(AbstractDerivedByteBuf.java:94)
	at io.netty.util.ReferenceCountUtil.release(ReferenceCountUtil.java:90)
	at io.netty.util.ReferenceCountUtil.safeRelease(ReferenceCountUtil.java:116)
	at io.netty.channel.ChannelOutboundBuffer.remove(ChannelOutboundBuffer.java:300)
	at io.netty.channel.ChannelOutboundBuffer.removeBytes(ChannelOutboundBuffer.java:382)
	at io.netty.channel.uring.AbstractIoUringStreamChannel$IoUringStreamUnsafe.writeComplete0(AbstractIoUringStreamChannel.java:692)
	at io.netty.channel.uring.IoUringSocketChannel$IoUringSocketUnsafe.writeComplete0(IoUringSocketChannel.java:188)
	at io.netty.channel.uring.AbstractIoUringChannel$AbstractUringUnsafe.writeComplete(AbstractIoUringChannel.java:1003)
	at io.netty.channel.uring.AbstractIoUringChannel$AbstractUringUnsafe.handle(AbstractIoUringChannel.java:474)
	at io.netty.channel.uring.IoUringIoHandler$DefaultIoUringIoRegistration.handle(IoUringIoHandler.java:705)
	at io.netty.channel.uring.IoUringIoHandler.handleFastPath(IoUringIoHandler.java:318)
	at io.netty.channel.uring.IoUringIoHandler.handle(IoUringIoHandler.java:298)
	at io.netty.channel.uring.CompletionQueue.process(CompletionQueue.java:151)
	at io.netty.channel.uring.IoUringIoHandler.processCompletionsAndHandleOverflow(IoUringIoHandler.java:213)
	at io.netty.channel.uring.IoUringIoHandler.run(IoUringIoHandler.java:188)
	at io.netty.channel.SingleThreadIoEventLoop.runIo(SingleThreadIoEventLoop.java:225)
	at io.netty.channel.SingleThreadIoEventLoop.run(SingleThreadIoEventLoop.java:196)
	at io.netty.util.concurrent.SingleThreadEventExecutor$5.run(SingleThreadEventExecutor.java:1204)
	at io.netty.util.internal.ThreadExecutorMap$2.run(ThreadExecutorMap.java:74)
	at io.netty.util.concurrent.FastThreadLocalRunnable.run(FastThreadLocalRunnable.java:30)
	at java.base/java.lang.Thread.run(Thread.java:1583)
00:06:34.427 [multiThreadIoEventLoopGroup-3-1] WARN  io.netty.util.ReferenceCountUtil - Failed to release a message: UnpooledSlicedByteBuf(ridx: 0, widx: 156, cap: 156/156, unwrapped: CycleArenaAllocator$ArenaBuf(ridx: 0, widx: 817, cap: 8192))
java.lang.IllegalStateException: arena buffer of Thread[#31,multiThreadIoEventLoopGroup-4-2,10,main] touched from Thread[#26,multiThreadIoEventLoopGroup-3-1,10,main] (event-loop arena buffers are thread confined)
	at io.netty.buffer.CycleArenaAllocator$ArenaBuf.violation(CycleArenaAllocator.java:1279)
	at io.netty.buffer.CycleArenaAllocator$ArenaBuf.release(CycleArenaAllocator.java:1208)
	at io.netty.buffer.AbstractDerivedByteBuf.release0(AbstractDerivedByteBuf.java:98)
	at io.netty.buffer.AbstractDerivedByteBuf.release(AbstractDerivedByteBuf.java:94)
	at io.netty.util.ReferenceCountUtil.release(ReferenceCountUtil.java:90)
	at io.netty.util.ReferenceCountUtil.safeRelease(ReferenceCountUtil.java:116)
	at io.netty.channel.ChannelOutboundBuffer.remove(ChannelOutboundBuffer.java:300)
	at io.netty.channel.ChannelOutboundBuffer.removeBytes(ChannelOutboundBuffer.java:382)
	at io.netty.channel.uring.AbstractIoUringStreamChannel$IoUringStreamUnsafe.writeComplete0(AbstractIoUringStreamChannel.java:692)
	at io.netty.channel.uring.IoUringSocketChannel$IoUringSocketUnsafe.writeComplete0(IoUringSocketChannel.java:188)
	at io.netty.channel.uring.AbstractIoUringChannel$AbstractUringUnsafe.writeComplete(AbstractIoUringChannel.java:1003)
	at io.netty.channel.uring.AbstractIoUringChannel$AbstractUringUnsafe.handle(AbstractIoUringChannel.java:474)
	at io.netty.channel.uring.IoUringIoHandler$DefaultIoUringIoRegistration.handle(IoUringIoHandler.java:705)
	at io.netty.channel.uring.IoUringIoHandler.handleFastPath(IoUringIoHandler.java:318)
	at io.netty.channel.uring.IoUringIoHandler.handle(IoUringIoHandler.java:298)
	at io.netty.channel.uring.CompletionQueue.process(CompletionQueue.java:151)
	at io.netty.channel.uring.IoUringIoHandler.processCompletionsAndHandleOverflow(IoUringIoHandler.java:213)
	at io.netty.channel.uring.IoUringIoHandler.run(IoUringIoHandler.java:188)
	at io.netty.channel.SingleThreadIoEventLoop.runIo(SingleThreadIoEventLoop.java:225)
	at io.netty.channel.SingleThreadIoEventLoop.run(SingleThreadIoEventLoop.java:196)
	at io.netty.util.concurrent.SingleThreadEventExecutor$5.run(SingleThreadEventExecutor.java:1204)
	at io.netty.util.internal.ThreadExecutorMap$2.run(ThreadExecutorMap.java:74)
	at io.netty.util.concurrent.FastThreadLocalRunnable.run(FastThreadLocalRunnable.java:30)
	at java.base/java.lang.Thread.run(Thread.java:1583)
00:06:34.427 [multiThreadIoEventLoopGroup-3-1] WARN  i.n.channel.uring.IoUringIoHandler - Unexpected exception in the IO event loop.
java.lang.IllegalStateException: arena buffer of Thread[#31,multiThreadIoEventLoopGroup-4-2,10,main] touched from Thread[#26,multiThreadIoEventLoopGroup-3-1,10,main] (event-loop arena buffers are thread confined)
	at io.netty.buffer.CycleArenaAllocator$ArenaBuf.violation(CycleArenaAllocator.java:1279)
	at io.netty.buffer.CycleArenaAllocator$ArenaBuf.retain(CycleArenaAllocator.java:1182)
	at io.netty.buffer.AbstractDerivedByteBuf.retain0(AbstractDerivedByteBuf.java:58)
	at io.netty.buffer.AbstractDerivedByteBuf.retain(AbstractDerivedByteBuf.java:54)
	at io.netty.channel.uring.IoUringSocketChannel$IoUringSocketUnsafe.handleWriteCompleteZeroCopy(IoUringSocketChannel.java:220)
	at io.netty.channel.uring.IoUringSocketChannel$IoUringSocketUnsafe.writeComplete0(IoUringSocketChannel.java:186)
	at io.netty.channel.uring.AbstractIoUringChannel$AbstractUringUnsafe.writeComplete(AbstractIoUringChannel.java:1003)
	at io.netty.channel.uring.AbstractIoUringChannel$AbstractUringUnsafe.handle(AbstractIoUringChannel.java:474)
	at io.netty.channel.uring.IoUringIoHandler$DefaultIoUringIoRegistration.handle(IoUringIoHandler.java:705)
	at io.netty.channel.uring.IoUringIoHandler.handleFastPath(IoUringIoHandler.java:318)
	at io.netty.channel.uring.IoUringIoHandler.handle(IoUringIoHandler.java:298)
	at io.netty.channel.uring.CompletionQueue.process(CompletionQueue.java:151)
	at io.netty.channel.uring.IoUringIoHandler.processCompletionsAndHandleOverflow(IoUringIoHandler.java:213)
	at io.netty.channel.uring.IoUringIoHandler.run(IoUringIoHandler.java:188)
	at io.netty.channel.SingleThreadIoEventLoop.runIo(SingleThreadIoEventLoop.java:225)
	at io.netty.channel.SingleThreadIoEventLoop.run(SingleThreadIoEventLoop.java:196)
	at io.netty.util.concurrent.SingleThreadEventExecutor$5.run(SingleThreadEventExecutor.java:1204)
	at io.netty.util.internal.ThreadExecutorMap$2.run(ThreadExecutorMap.java:74)
	at io.netty.util.concurrent.FastThreadLocalRunnable.run(FastThreadLocalRunnable.java:30)
	at java.base/java.lang.Thread.run(Thread.java:1583)
00:06:34.526 [multiThreadIoEventLoopGroup-4-4] WARN  io.netty.util.ReferenceCountUtil - Failed to release a message: UnpooledSlicedByteBuf(ridx: 0, widx: 1819, cap: 1819/1819, unwrapped: CycleArenaAllocator$ArenaBuf(ridx: 0, widx: 8192, cap: 8192))
java.lang.IllegalStateException: arena buffer of Thread[#29,multiThreadIoEventLoopGroup-3-4,10,main] touched from Thread[#33,multiThreadIoEventLoopGroup-4-4,10,main] (event-loop arena buffers are thread confined)
	at io.netty.buffer.CycleArenaAllocator$ArenaBuf.violation(CycleArenaAllocator.java:1279)
	at io.netty.buffer.CycleArenaAllocator$ArenaBuf.release(CycleArenaAllocator.java:1208)
	at io.netty.buffer.AbstractDerivedByteBuf.release0(AbstractDerivedByteBuf.java:98)
	at io.netty.buffer.AbstractDerivedByteBuf.release(AbstractDerivedByteBuf.java:94)
	at io.netty.util.ReferenceCountUtil.release(ReferenceCountUtil.java:90)
	at io.netty.util.ReferenceCountUtil.safeRelease(ReferenceCountUtil.java:116)
	at io.netty.channel.ChannelOutboundBuffer.remove(ChannelOutboundBuffer.java:300)
	at io.netty.channel.ChannelOutboundBuffer.removeBytes(ChannelOutboundBuffer.java:382)
	at io.netty.channel.uring.AbstractIoUringStreamChannel$IoUringStreamUnsafe.writeComplete0(AbstractIoUringStreamChannel.java:692)
	at io.netty.channel.uring.IoUringSocketChannel$IoUringSocketUnsafe.writeComplete0(IoUringSocketChannel.java:188)
	at io.netty.channel.uring.AbstractIoUringChannel$AbstractUringUnsafe.writeComplete(AbstractIoUringChannel.java:1003)
	at io.netty.channel.uring.AbstractIoUringChannel$AbstractUringUnsafe.handle(AbstractIoUringChannel.java:474)
	at io.netty.channel.uring.IoUringIoHandler$DefaultIoUringIoRegistration.handle(IoUringIoHandler.java:705)
	at io.netty.channel.uring.IoUringIoHandler.handleFastPath(IoUringIoHandler.java:318)
	at io.netty.channel.uring.IoUringIoHandler.handle(IoUringIoHandler.java:298)
	at io.netty.channel.uring.CompletionQueue.process(CompletionQueue.java:151)
	at io.netty.channel.uring.IoUringIoHandler.processCompletionsAndHandleOverflow(IoUringIoHandler.java:213)
	at io.netty.channel.uring.IoUringIoHandler.run(IoUringIoHandler.java:188)
	at io.netty.channel.SingleThreadIoEventLoop.runIo(SingleThreadIoEventLoop.java:225)
	at io.netty.channel.SingleThreadIoEventLoop.run(SingleThreadIoEventLoop.java:196)
	at io.netty.util.concurrent.SingleThreadEventExecutor$5.run(SingleThreadEventExecutor.java:1204)
	at io.netty.util.internal.ThreadExecutorMap$2.run(ThreadExecutorMap.java:74)
	at io.netty.util.concurrent.FastThreadLocalRunnable.run(FastThreadLocalRunnable.java:30)
	at java.base/java.lang.Thread.run(Thread.java:1583)
00:06:34.527 [multiThreadIoEventLoopGroup-4-4] WARN  io.netty.util.ReferenceCountUtil - Failed to release a message: UnpooledSlicedByteBuf(ridx: 0, widx: 2376, cap: 2376/2376, unwrapped: CycleArenaAllocator$ArenaBuf(ridx: 0, widx: 2376, cap: 8192))
java.lang.IllegalStateException: arena buffer of Thread[#29,multiThreadIoEventLoopGroup-3-4,10,main] touched from Thread[#33,multiThreadIoEventLoopGroup-4-4,10,main] (event-loop arena buffers are thread confined)
	at io.netty.buffer.CycleArenaAllocator$ArenaBuf.violation(CycleArenaAllocator.java:1279)
	at io.netty.buffer.CycleArenaAllocator$ArenaBuf.release(CycleArenaAllocator.java:1208)
	at io.netty.buffer.AbstractDerivedByteBuf.release0(AbstractDerivedByteBuf.java:98)
	at io.netty.buffer.AbstractDerivedByteBuf.release(AbstractDerivedByteBuf.java:94)
	at io.netty.util.ReferenceCountUtil.release(ReferenceCountUtil.java:90)
	at io.netty.util.ReferenceCountUtil.safeRelease(ReferenceCountUtil.java:116)
	at io.netty.channel.ChannelOutboundBuffer.remove(ChannelOutboundBuffer.java:300)
	at io.netty.channel.ChannelOutboundBuffer.removeBytes(ChannelOutboundBuffer.java:382)
	at io.netty.channel.uring.AbstractIoUringStreamChannel$IoUringStreamUnsafe.writeComplete0(AbstractIoUringStreamChannel.java:692)
	at io.netty.channel.uring.IoUringSocketChannel$IoUringSocketUnsafe.writeComplete0(IoUringSocketChannel.java:188)
	at io.netty.channel.uring.AbstractIoUringChannel$AbstractUringUnsafe.writeComplete(AbstractIoUringChannel.java:1003)
	at io.netty.channel.uring.AbstractIoUringChannel$AbstractUringUnsafe.handle(AbstractIoUringChannel.java:474)
	at io.netty.channel.uring.IoUringIoHandler$DefaultIoUringIoRegistration.handle(IoUringIoHandler.java:705)
	at io.netty.channel.uring.IoUringIoHandler.handleFastPath(IoUringIoHandler.java:318)
	at io.netty.channel.uring.IoUringIoHandler.handle(IoUringIoHandler.java:298)
	at io.netty.channel.uring.CompletionQueue.process(CompletionQueue.java:151)
	at io.netty.channel.uring.IoUringIoHandler.processCompletionsAndHandleOverflow(IoUringIoHandler.java:213)
	at io.netty.channel.uring.IoUringIoHandler.run(IoUringIoHandler.java:188)
	at io.netty.channel.SingleThreadIoEventLoop.runIo(SingleThreadIoEventLoop.java:225)
	at io.netty.channel.SingleThreadIoEventLoop.run(SingleThreadIoEventLoop.java:196)
	at io.netty.util.concurrent.SingleThreadEventExecutor$5.run(SingleThreadEventExecutor.java:1204)
	at io.netty.util.internal.ThreadExecutorMap$2.run(ThreadExecutorMap.java:74)
	at io.netty.util.concurrent.FastThreadLocalRunnable.run(FastThreadLocalRunnable.java:30)
	at java.base/java.lang.Thread.run(Thread.java:1583)
00:06:34.527 [multiThreadIoEventLoopGroup-3-1] WARN  i.n.channel.uring.IoUringIoHandler - Unexpected exception in the IO event loop.
java.lang.IllegalStateException: arena buffer of Thread[#31,multiThreadIoEventLoopGroup-4-2,10,main] touched from Thread[#26,multiThreadIoEventLoopGroup-3-1,10,main] (event-loop arena buffers are thread confined)
	at io.netty.buffer.CycleArenaAllocator$ArenaBuf.violation(CycleArenaAllocator.java:1279)
	at io.netty.buffer.CycleArenaAllocator$ArenaBuf.release(CycleArenaAllocator.java:1208)
	at io.netty.buffer.AbstractDerivedByteBuf.release0(AbstractDerivedByteBuf.java:98)
	at io.netty.buffer.AbstractDerivedByteBuf.release(AbstractDerivedByteBuf.java:94)
	at io.netty.channel.uring.IoUringSocketChannel$IoUringSocketUnsafe.handleWriteCompleteZeroCopy(IoUringSocketChannel.java:289)
	at io.netty.channel.uring.IoUringSocketChannel$IoUringSocketUnsafe.writeComplete0(IoUringSocketChannel.java:186)
	at io.netty.channel.uring.AbstractIoUringChannel$AbstractUringUnsafe.writeComplete(AbstractIoUringChannel.java:1003)
	at io.netty.channel.uring.AbstractIoUringChannel$AbstractUringUnsafe.handle(AbstractIoUringChannel.java:474)
	at io.netty.channel.uring.IoUringIoHandler$DefaultIoUringIoRegistration.handle(IoUringIoHandler.java:705)
	at io.netty.channel.uring.IoUringIoHandler.handleFastPath(IoUringIoHandler.java:318)
	at io.netty.channel.uring.IoUringIoHandler.handle(IoUringIoHandler.java:298)
	at io.netty.channel.uring.CompletionQueue.process(CompletionQueue.java:151)
	at io.netty.channel.uring.IoUringIoHandler.processCompletionsAndHandleOverflow(IoUringIoHandler.java:213)
	at io.netty.channel.uring.IoUringIoHandler.run(IoUringIoHandler.java:188)
	at io.netty.channel.SingleThreadIoEventLoop.runIo(SingleThreadIoEventLoop.java:225)
	at io.netty.channel.SingleThreadIoEventLoop.run(SingleThreadIoEventLoop.java:196)
	at io.netty.util.concurrent.SingleThreadEventExecutor$5.run(SingleThreadEventExecutor.java:1204)
	at io.netty.util.internal.ThreadExecutorMap$2.run(ThreadExecutorMap.java:74)
	at io.netty.util.concurrent.FastThreadLocalRunnable.run(FastThreadLocalRunnable.java:30)
	at java.base/java.lang.Thread.run(Thread.java:1583)
00:06:34.628 [multiThreadIoEventLoopGroup-4-2] WARN  i.n.channel.uring.IoUringIoHandler - Unexpected exception in the IO event loop.
java.lang.IllegalStateException: arena buffer of Thread[#26,multiThreadIoEventLoopGroup-3-1,10,main] touched from Thread[#31,multiThreadIoEventLoopGroup-4-2,10,main] (event-loop arena buffers are thread confined)
	at io.netty.buffer.CycleArenaAllocator$ArenaBuf.violation(CycleArenaAllocator.java:1279)
	at io.netty.buffer.CycleArenaAllocator$ArenaBuf.retain(CycleArenaAllocator.java:1182)
	at io.netty.buffer.AbstractDerivedByteBuf.retain0(AbstractDerivedByteBuf.java:58)
	at io.netty.buffer.AbstractDerivedByteBuf.retain(AbstractDerivedByteBuf.java:54)
	at io.netty.channel.uring.IoUringSocketChannel$IoUringSocketUnsafe.handleWriteCompleteZeroCopy(IoUringSocketChannel.java:220)
	at io.netty.channel.uring.IoUringSocketChannel$IoUringSocketUnsafe.writeComplete0(IoUringSocketChannel.java:186)
	at io.netty.channel.uring.AbstractIoUringChannel$AbstractUringUnsafe.writeComplete(AbstractIoUringChannel.java:1003)
	at io.netty.channel.uring.AbstractIoUringChannel$AbstractUringUnsafe.handle(AbstractIoUringChannel.java:474)
	at io.netty.channel.uring.IoUringIoHandler$DefaultIoUringIoRegistration.handle(IoUringIoHandler.java:705)
	at io.netty.channel.uring.IoUringIoHandler.handleFastPath(IoUringIoHandler.java:318)
	at io.netty.channel.uring.IoUringIoHandler.handle(IoUringIoHandler.java:298)
	at io.netty.channel.uring.CompletionQueue.process(CompletionQueue.java:151)
	at io.netty.channel.uring.IoUringIoHandler.processCompletionsAndHandleOverflow(IoUringIoHandler.java:213)
	at io.netty.channel.uring.IoUringIoHandler.run(IoUringIoHandler.java:188)
	at io.netty.channel.SingleThreadIoEventLoop.runIo(SingleThreadIoEventLoop.java:225)
	at io.netty.channel.SingleThreadIoEventLoop.run(SingleThreadIoEventLoop.java:196)
	at io.netty.util.concurrent.SingleThreadEventExecutor$5.run(SingleThreadEventExecutor.java:1204)
	at io.netty.util.internal.ThreadExecutorMap$2.run(ThreadExecutorMap.java:74)
	at io.netty.util.concurrent.FastThreadLocalRunnable.run(FastThreadLocalRunnable.java:30)
	at java.base/java.lang.Thread.run(Thread.java:1583)
00:06:34.728 [multiThreadIoEventLoopGroup-4-2] WARN  i.n.channel.uring.IoUringIoHandler - Unexpected exception in the IO event loop.
java.lang.IllegalStateException: arena buffer of Thread[#26,multiThreadIoEventLoopGroup-3-1,10,main] touched from Thread[#31,multiThreadIoEventLoopGroup-4-2,10,main] (event-loop arena buffers are thread confined)
	at io.netty.buffer.CycleArenaAllocator$ArenaBuf.violation(CycleArenaAllocator.java:1279)
	at io.netty.buffer.CycleArenaAllocator$ArenaBuf.release(CycleArenaAllocator.java:1208)
	at io.netty.buffer.AbstractDerivedByteBuf.release0(AbstractDerivedByteBuf.java:98)
	at io.netty.buffer.AbstractDerivedByteBuf.release(AbstractDerivedByteBuf.java:94)
	at io.netty.channel.uring.IoUringSocketChannel$IoUringSocketUnsafe.handleWriteCompleteZeroCopy(IoUringSocketChannel.java:289)
	at io.netty.channel.uring.IoUringSocketChannel$IoUringSocketUnsafe.writeComplete0(IoUringSocketChannel.java:186)
	at io.netty.channel.uring.AbstractIoUringChannel$AbstractUringUnsafe.writeComplete(AbstractIoUringChannel.java:1003)
	at io.netty.channel.uring.AbstractIoUringChannel$AbstractUringUnsafe.handle(AbstractIoUringChannel.java:474)
	at io.netty.channel.uring.IoUringIoHandler$DefaultIoUringIoRegistration.handle(IoUringIoHandler.java:705)
	at io.netty.channel.uring.IoUringIoHandler.handleFastPath(IoUringIoHandler.java:318)
	at io.netty.channel.uring.IoUringIoHandler.handle(IoUringIoHandler.java:298)
	at io.netty.channel.uring.CompletionQueue.process(CompletionQueue.java:151)
	at io.netty.channel.uring.IoUringIoHandler.processCompletionsAndHandleOverflow(IoUringIoHandler.java:213)
	at io.netty.channel.uring.IoUringIoHandler.run(IoUringIoHandler.java:188)
	at io.netty.channel.SingleThreadIoEventLoop.runIo(SingleThreadIoEventLoop.java:225)
	at io.netty.channel.SingleThreadIoEventLoop.run(SingleThreadIoEventLoop.java:196)
	at io.netty.util.concurrent.SingleThreadEventExecutor$5.run(SingleThreadEventExecutor.java:1204)
	at io.netty.util.internal.ThreadExecutorMap$2.run(ThreadExecutorMap.java:74)
	at io.netty.util.concurrent.FastThreadLocalRunnable.run(FastThreadLocalRunnable.java:30)
	at java.base/java.lang.Thread.run(Thread.java:1583)
RINGTELE transport=io_uring ringAllocs=373 ringReads=375 ringReadBytes=998649 bgId=1 entries=64 chunk=8192 incremental=true batchSize=32 batchAllocation=false
ARENATELE blockSize=262144 maxBlocks=8 cap=8192 maxObjects=16384 debug=false ring=true ringStats=false arenaHeap=0 arenaDirect=373 delegateHeap=0 delegateDirect=0 arenaShare=100.00% blocksHeap=8 blocksDirect=16 pinned=16 reusable=0 maxPinnedHeap=0 maxPinnedDirect=16 blockReuses=0 blockGrowths=8 blockSwitches=8 ringWraps=0 ringResets=0 ringScans=8 ringStalls=0 stallBytes=0 strandedBytes=0 strandedShare=n/a holes<=256=0 holes<=1k=0 holes<=4k=0 holes<=8k=0 holes>8k=0 hooks=50 hookRejections=0 violations=406 earlyReuses=0 reallocInPlace=0 reallocMoved=0 reallocDelegated=0 trims=0 trimmedBlocks=0 leakedBlocks=0 objects=373 bytesHeap=0 bytesDirect=3055616 liveHeap=0 liveDirect=373
ARENALOOP thread=multiThreadIoEventLoopGroup-4-2 arenaHeap=0 arenaDirect=43 delegateHeap=0 delegateDirect=0 arenaShare=100.00% blocksHeap=1 blocksDirect=2 pinned=2 reusable=0 maxPinnedHeap=0 maxPinnedDirect=2 blockReuses=0 blockGrowths=1 blockSwitches=1 ringWraps=0 ringResets=0 ringScans=1 ringStalls=0 stallBytes=0 strandedBytes=0 strandedShare=n/a holes<=256=0 holes<=1k=0 holes<=4k=0 holes<=8k=0 holes>8k=0 hooks=7 hookRejections=0 violations=52 earlyReuses=0 reallocInPlace=0 reallocMoved=0 reallocDelegated=0 trims=0 trimmedBlocks=0 leakedBlocks=0 objects=43 bytesHeap=0 bytesDirect=352256 liveHeap=0 liveDirect=43
ARENALOOP thread=multiThreadIoEventLoopGroup-4-4 arenaHeap=0 arenaDirect=42 delegateHeap=0 delegateDirect=0 arenaShare=100.00% blocksHeap=1 blocksDirect=2 pinned=2 reusable=0 maxPinnedHeap=0 maxPinnedDirect=2 blockReuses=0 blockGrowths=1 blockSwitches=1 ringWraps=0 ringResets=0 ringScans=1 ringStalls=0 stallBytes=0 strandedBytes=0 strandedShare=n/a holes<=256=0 holes<=1k=0 holes<=4k=0 holes<=8k=0 holes>8k=0 hooks=4 hookRejections=0 violations=40 earlyReuses=0 reallocInPlace=0 reallocMoved=0 reallocDelegated=0 trims=0 trimmedBlocks=0 leakedBlocks=0 objects=42 bytesHeap=0 bytesDirect=344064 liveHeap=0 liveDirect=42
ARENALOOP thread=multiThreadIoEventLoopGroup-4-3 arenaHeap=0 arenaDirect=45 delegateHeap=0 delegateDirect=0 arenaShare=100.00% blocksHeap=1 blocksDirect=2 pinned=2 reusable=0 maxPinnedHeap=0 maxPinnedDirect=2 blockReuses=0 blockGrowths=1 blockSwitches=1 ringWraps=0 ringResets=0 ringScans=1 ringStalls=0 stallBytes=0 strandedBytes=0 strandedShare=n/a holes<=256=0 holes<=1k=0 holes<=4k=0 holes<=8k=0 holes>8k=0 hooks=5 hookRejections=0 violations=47 earlyReuses=0 reallocInPlace=0 reallocMoved=0 reallocDelegated=0 trims=0 trimmedBlocks=0 leakedBlocks=0 objects=45 bytesHeap=0 bytesDirect=368640 liveHeap=0 liveDirect=45
ARENALOOP thread=multiThreadIoEventLoopGroup-3-4 arenaHeap=0 arenaDirect=48 delegateHeap=0 delegateDirect=0 arenaShare=100.00% blocksHeap=1 blocksDirect=2 pinned=2 reusable=0 maxPinnedHeap=0 maxPinnedDirect=2 blockReuses=0 blockGrowths=1 blockSwitches=1 ringWraps=0 ringResets=0 ringScans=1 ringStalls=0 stallBytes=0 strandedBytes=0 strandedShare=n/a holes<=256=0 holes<=1k=0 holes<=4k=0 holes<=8k=0 holes>8k=0 hooks=7 hookRejections=0 violations=48 earlyReuses=0 reallocInPlace=0 reallocMoved=0 reallocDelegated=0 trims=0 trimmedBlocks=0 leakedBlocks=0 objects=48 bytesHeap=0 bytesDirect=393216 liveHeap=0 liveDirect=48
ARENALOOP thread=multiThreadIoEventLoopGroup-3-3 arenaHeap=0 arenaDirect=51 delegateHeap=0 delegateDirect=0 arenaShare=100.00% blocksHeap=1 blocksDirect=2 pinned=2 reusable=0 maxPinnedHeap=0 maxPinnedDirect=2 blockReuses=0 blockGrowths=1 blockSwitches=1 ringWraps=0 ringResets=0 ringScans=1 ringStalls=0 stallBytes=0 strandedBytes=0 strandedShare=n/a holes<=256=0 holes<=1k=0 holes<=4k=0 holes<=8k=0 holes>8k=0 hooks=8 hookRejections=0 violations=58 earlyReuses=0 reallocInPlace=0 reallocMoved=0 reallocDelegated=0 trims=0 trimmedBlocks=0 leakedBlocks=0 objects=51 bytesHeap=0 bytesDirect=417792 liveHeap=0 liveDirect=51
ARENALOOP thread=multiThreadIoEventLoopGroup-4-1 arenaHeap=0 arenaDirect=43 delegateHeap=0 delegateDirect=0 arenaShare=100.00% blocksHeap=1 blocksDirect=2 pinned=2 reusable=0 maxPinnedHeap=0 maxPinnedDirect=2 blockReuses=0 blockGrowths=1 blockSwitches=1 ringWraps=0 ringResets=0 ringScans=1 ringStalls=0 stallBytes=0 strandedBytes=0 strandedShare=n/a holes<=256=0 holes<=1k=0 holes<=4k=0 holes<=8k=0 holes>8k=0 hooks=7 hookRejections=0 violations=53 earlyReuses=0 reallocInPlace=0 reallocMoved=0 reallocDelegated=0 trims=0 trimmedBlocks=0 leakedBlocks=0 objects=43 bytesHeap=0 bytesDirect=352256 liveHeap=0 liveDirect=43
ARENALOOP thread=multiThreadIoEventLoopGroup-3-2 arenaHeap=0 arenaDirect=51 delegateHeap=0 delegateDirect=0 arenaShare=100.00% blocksHeap=1 blocksDirect=2 pinned=2 reusable=0 maxPinnedHeap=0 maxPinnedDirect=2 blockReuses=0 blockGrowths=1 blockSwitches=1 ringWraps=0 ringResets=0 ringScans=1 ringStalls=0 stallBytes=0 strandedBytes=0 strandedShare=n/a holes<=256=0 holes<=1k=0 holes<=4k=0 holes<=8k=0 holes>8k=0 hooks=6 hookRejections=0 violations=54 earlyReuses=0 reallocInPlace=0 reallocMoved=0 reallocDelegated=0 trims=0 trimmedBlocks=0 leakedBlocks=0 objects=51 bytesHeap=0 bytesDirect=417792 liveHeap=0 liveDirect=51
ARENALOOP thread=multiThreadIoEventLoopGroup-3-1 arenaHeap=0 arenaDirect=50 delegateHeap=0 delegateDirect=0 arenaShare=100.00% blocksHeap=1 blocksDirect=2 pinned=2 reusable=0 maxPinnedHeap=0 maxPinnedDirect=2 blockReuses=0 blockGrowths=1 blockSwitches=1 ringWraps=0 ringResets=0 ringScans=1 ringStalls=0 stallBytes=0 strandedBytes=0 strandedShare=n/a holes<=256=0 holes<=1k=0 holes<=4k=0 holes<=8k=0 holes>8k=0 hooks=6 hookRejections=0 violations=54 earlyReuses=0 reallocInPlace=0 reallocMoved=0 reallocDelegated=0 trims=0 trimmedBlocks=0 leakedBlocks=0 objects=50 bytesHeap=0 bytesDirect=409600 liveHeap=0 liveDirect=50
