# JMH version: 1.37
# VM version: JDK 21, Java HotSpot(TM) 64-Bit Server VM, 21+35-LTS-2513
# VM invoker: /home/forked_franz/.sdkman/candidates/java/21-oracle/bin/java
# VM options: -server -dsa -da -XX:InitialRAMPercentage=40.0 -XX:MaxRAMPercentage=40.0 -Dio.netty.leakDetection.level=disabled -Djmh.executor=CUSTOM -Djmh.executor.class=io.github.neoionet.netty.microbenchmark.executor.FastThreadLocalThreadHarnessExecutor -XX:MaxRAM=60g -Dexpt.hookEvery=64
# Blackhole mode: compiler (auto-detected, use -Djmh.blackhole.autoDetect=false to disable)
# Warmup: 10 iterations, 1 s each
# Measurement: 10 iterations, 1 s each
# Timeout: 10 min per iteration
# Threads: 32 threads, will synchronize iterations
# Benchmark mode: Average time, time/op
# Benchmark: io.github.neoionet.netty.microbenchmark.ByteBufAllocatorAllocPatternBenchmark.directAllocation
# Parameters: (MAX_LIVE_BUFFERS = 128, allocatorType = ARENA, enableReadWrite = true, sizePattern = E_COMMERCE)

# Run progress: 0.00% complete, ETA 00:14:00
# Fork: 1 of 3
# Warmup Iteration   1: 237.344 ±(99.9%) 33.002 ns/op
# Warmup Iteration   2: 298.539 ±(99.9%) 58.403 ns/op
# Warmup Iteration   3: 198.223 ±(99.9%) 31.205 ns/op
# Warmup Iteration   4: 201.623 ±(99.9%) 43.447 ns/op
# Warmup Iteration   5: 202.557 ±(99.9%) 30.503 ns/op
# Warmup Iteration   6: 193.540 ±(99.9%) 26.160 ns/op
# Warmup Iteration   7: 207.890 ±(99.9%) 42.872 ns/op
# Warmup Iteration   8: 210.280 ±(99.9%) 51.837 ns/op
# Warmup Iteration   9: 212.207 ±(99.9%) 51.511 ns/op
# Warmup Iteration  10: 187.525 ±(99.9%) 21.236 ns/op
Iteration   1: 187.810 ±(99.9%) 22.296 ns/op
Iteration   2: 202.091 ±(99.9%) 40.399 ns/op
Iteration   3: 190.614 ±(99.9%) 30.611 ns/op
Iteration   4: 192.566 ±(99.9%) 32.885 ns/op
Iteration   5: 192.248 ±(99.9%) 30.274 ns/op
Iteration   6: 204.944 ±(99.9%) 42.921 ns/op
Iteration   7: 187.785 ±(99.9%) 25.741 ns/op
Iteration   8: 202.438 ±(99.9%) 40.136 ns/op
Iteration   9: 205.892 ±(99.9%) 47.014 ns/op
Iteration  10: cRSS-pRSS:[1819, 1819]
;used-memory:[0]
ARENATELE blockSize=262144 maxBlocks=8 cap=8192 maxObjects=16384 debug=false arenaHeap=0 arenaDirect=3130959721 delegateHeap=0 delegateDirect=415882477 arenaShare=88.27% blocksHeap=32 blocksDirect=96 pinned=46 reusable=47 maxPinnedHeap=0 maxPinnedDirect=64 blockReuses=11419407 blockGrowths=64 hooks=55419330 hookRejections=0 violations=0 earlyReuses=0 reallocInPlace=11891 reallocMoved=0 reallocDelegated=0 trims=0 trimmedBlocks=0 leakedBlocks=0 objects=4064 bytesHeap=0 bytesDirect=2961454003488 liveHeap=0 liveDirect=117
ARENALOOP thread=io.github.neoionet.netty.microbenchmark.ByteBufAllocatorAllocPatternBenchmark.directAllocation-1-10 arenaHeap=0 arenaDirect=108682305 delegateHeap=0 delegateDirect=14436100 arenaShare=88.27% blocksHeap=1 blocksDirect=3 pinned=1 reusable=1 maxPinnedHeap=0 maxPinnedDirect=2 blockReuses=396387 blockGrowths=2 hooks=1923723 hookRejections=0 violations=0 earlyReuses=0 reallocInPlace=412 reallocMoved=0 reallocDelegated=0 trims=0 trimmedBlocks=0 leakedBlocks=0 objects=127 bytesHeap=0 bytesDirect=102796935568 liveHeap=0 liveDirect=117
ARENALOOP thread=io.github.neoionet.netty.microbenchmark.ByteBufAllocatorAllocPatternBenchmark.directAllocation-1-15 arenaHeap=0 arenaDirect=99658065 delegateHeap=0 delegateDirect=13237289 arenaShare=88.27% blocksHeap=1 blocksDirect=3 pinned=2 reusable=1 maxPinnedHeap=0 maxPinnedDirect=2 blockReuses=363481 blockGrowths=2 hooks=1763987 hookRejections=0 violations=0 earlyReuses=0 reallocInPlace=377 reallocMoved=0 reallocDelegated=0 trims=0 trimmedBlocks=0 leakedBlocks=0 objects=127 bytesHeap=0 bytesDirect=94263255328 liveHeap=0 liveDirect=0
ARENALOOP thread=io.github.neoionet.netty.microbenchmark.ByteBufAllocatorAllocPatternBenchmark.directAllocation-1-5 arenaHeap=0 arenaDirect=100311908 delegateHeap=0 delegateDirect=13324335 arenaShare=88.27% blocksHeap=1 blocksDirect=3 pinned=2 reusable=1 maxPinnedHeap=0 maxPinnedDirect=2 blockReuses=365866 blockGrowths=2 hooks=1775564 hookRejections=0 violations=0 earlyReuses=0 reallocInPlace=380 reallocMoved=0 reallocDelegated=0 trims=0 trimmedBlocks=0 leakedBlocks=0 objects=127 bytesHeap=0 bytesDirect=94881775960 liveHeap=0 liveDirect=0
ARENALOOP thread=io.github.neoionet.netty.microbenchmark.ByteBufAllocatorAllocPatternBenchmark.directAllocation-1-22 arenaHeap=0 arenaDirect=95913040 delegateHeap=0 delegateDirect=12739838 arenaShare=88.27% blocksHeap=1 blocksDirect=3 pinned=2 reusable=1 maxPinnedHeap=0 maxPinnedDirect=2 blockReuses=349822 blockGrowths=2 hooks=1697699 hookRejections=0 violations=0 earlyReuses=0 reallocInPlace=363 reallocMoved=0 reallocDelegated=0 trims=0 trimmedBlocks=0 leakedBlocks=0 objects=127 bytesHeap=0 bytesDirect=90721098296 liveHeap=0 liveDirect=0
ARENALOOP thread=io.github.neoionet.netty.microbenchmark.ByteBufAllocatorAllocPatternBenchmark.directAllocation-1-14 arenaHeap=0 arenaDirect=98653780 delegateHeap=0 delegateDirect=13104134 arenaShare=88.27% blocksHeap=1 blocksDirect=3 pinned=2 reusable=1 maxPinnedHeap=0 maxPinnedDirect=2 blockReuses=359816 blockGrowths=2 hooks=1746215 hookRejections=0 violations=0 earlyReuses=0 reallocInPlace=375 reallocMoved=0 reallocDelegated=0 trims=0 trimmedBlocks=0 leakedBlocks=0 objects=127 bytesHeap=0 bytesDirect=93312769992 liveHeap=0 liveDirect=0
ARENALOOP thread=io.github.neoionet.netty.microbenchmark.ByteBufAllocatorAllocPatternBenchmark.directAllocation-1-28 arenaHeap=0 arenaDirect=80784595 delegateHeap=0 delegateDirect=10730588 arenaShare=88.27% blocksHeap=1 blocksDirect=3 pinned=2 reusable=1 maxPinnedHeap=0 maxPinnedDirect=2 blockReuses=294642 blockGrowths=2 hooks=1429922 hookRejections=0 violations=0 earlyReuses=0 reallocInPlace=307 reallocMoved=0 reallocDelegated=0 trims=0 trimmedBlocks=0 leakedBlocks=0 objects=127 bytesHeap=0 bytesDirect=76411061936 liveHeap=0 liveDirect=0
ARENALOOP thread=io.github.neoionet.netty.microbenchmark.ByteBufAllocatorAllocPatternBenchmark.directAllocation-1-8 arenaHeap=0 arenaDirect=97996887 delegateHeap=0 delegateDirect=13016748 arenaShare=88.27% blocksHeap=1 blocksDirect=3 pinned=1 reusable=2 maxPinnedHeap=0 maxPinnedDirect=2 blockReuses=357416 blockGrowths=2 hooks=1734586 hookRejections=0 violations=0 earlyReuses=0 reallocInPlace=373 reallocMoved=0 reallocDelegated=0 trims=0 trimmedBlocks=0 leakedBlocks=0 objects=127 bytesHeap=0 bytesDirect=92690765744 liveHeap=0 liveDirect=0
ARENALOOP thread=io.github.neoionet.netty.microbenchmark.ByteBufAllocatorAllocPatternBenchmark.directAllocation-1-23 arenaHeap=0 arenaDirect=96666017 delegateHeap=0 delegateDirect=12840116 arenaShare=88.27% blocksHeap=1 blocksDirect=3 pinned=1 reusable=2 maxPinnedHeap=0 maxPinnedDirect=2 blockReuses=352568 blockGrowths=2 hooks=1711031 hookRejections=0 violations=0 earlyReuses=0 reallocInPlace=367 reallocMoved=0 reallocDelegated=0 trims=0 trimmedBlocks=0 leakedBlocks=0 objects=127 bytesHeap=0 bytesDirect=91433405416 liveHeap=0 liveDirect=0
ARENALOOP thread=io.github.neoionet.netty.microbenchmark.ByteBufAllocatorAllocPatternBenchmark.directAllocation-1-17 arenaHeap=0 arenaDirect=91757020 delegateHeap=0 delegateDirect=12187947 arenaShare=88.27% blocksHeap=1 blocksDirect=3 pinned=2 reusable=1 maxPinnedHeap=0 maxPinnedDirect=2 blockReuses=334658 blockGrowths=2 hooks=1624138 hookRejections=0 violations=0 earlyReuses=0 reallocInPlace=349 reallocMoved=0 reallocDelegated=0 trims=0 trimmedBlocks=0 leakedBlocks=0 objects=127 bytesHeap=0 bytesDirect=86788601040 liveHeap=0 liveDirect=0
ARENALOOP thread=io.github.neoionet.netty.microbenchmark.ByteBufAllocatorAllocPatternBenchmark.directAllocation-1-7 arenaHeap=0 arenaDirect=94349375 delegateHeap=0 delegateDirect=12532343 arenaShare=88.27% blocksHeap=1 blocksDirect=3 pinned=2 reusable=1 maxPinnedHeap=0 maxPinnedDirect=2 blockReuses=344112 blockGrowths=2 hooks=1670024 hookRejections=0 violations=0 earlyReuses=0 reallocInPlace=359 reallocMoved=0 reallocDelegated=0 trims=0 trimmedBlocks=0 leakedBlocks=0 objects=127 bytesHeap=0 bytesDirect=89240471224 liveHeap=0 liveDirect=0
ARENALOOP thread=io.github.neoionet.netty.microbenchmark.ByteBufAllocatorAllocPatternBenchmark.directAllocation-1-20 arenaHeap=0 arenaDirect=100739798 delegateHeap=0 delegateDirect=13381198 arenaShare=88.27% blocksHeap=1 blocksDirect=3 pinned=1 reusable=2 maxPinnedHeap=0 maxPinnedDirect=2 blockReuses=367429 blockGrowths=2 hooks=1783138 hookRejections=0 violations=0 earlyReuses=0 reallocInPlace=382 reallocMoved=0 reallocDelegated=0 trims=0 trimmedBlocks=0 leakedBlocks=0 objects=127 bytesHeap=0 bytesDirect=95287424680 liveHeap=0 liveDirect=0
ARENALOOP thread=io.github.neoionet.netty.microbenchmark.ByteBufAllocatorAllocPatternBenchmark.directAllocation-1-6 arenaHeap=0 arenaDirect=92130917 delegateHeap=0 delegateDirect=12237446 arenaShare=88.27% blocksHeap=1 blocksDirect=3 pinned=1 reusable=1 maxPinnedHeap=0 maxPinnedDirect=2 blockReuses=336031 blockGrowths=2 hooks=1630753 hookRejections=0 violations=0 earlyReuses=0 reallocInPlace=349 reallocMoved=0 reallocDelegated=0 trims=0 trimmedBlocks=0 leakedBlocks=0 objects=127 bytesHeap=0 bytesDirect=87144536888 liveHeap=0 liveDirect=0
ARENALOOP thread=io.github.neoionet.netty.microbenchmark.ByteBufAllocatorAllocPatternBenchmark.directAllocation-1-18 arenaHeap=0 arenaDirect=98249652 delegateHeap=0 delegateDirect=13050489 arenaShare=88.27% blocksHeap=1 blocksDirect=3 pinned=2 reusable=1 maxPinnedHeap=0 maxPinnedDirect=2 blockReuses=358341 blockGrowths=2 hooks=1739062 hookRejections=0 violations=0 earlyReuses=0 reallocInPlace=375 reallocMoved=0 reallocDelegated=0 trims=0 trimmedBlocks=0 leakedBlocks=0 objects=127 bytesHeap=0 bytesDirect=92930312736 liveHeap=0 liveDirect=0
ARENALOOP thread=io.github.neoionet.netty.microbenchmark.ByteBufAllocatorAllocPatternBenchmark.directAllocation-1-4 arenaHeap=0 arenaDirect=96772108 delegateHeap=0 delegateDirect=12854130 arenaShare=88.27% blocksHeap=1 blocksDirect=3 pinned=2 reusable=1 maxPinnedHeap=0 maxPinnedDirect=2 blockReuses=352956 blockGrowths=2 hooks=1712907 hookRejections=0 violations=0 earlyReuses=0 reallocInPlace=367 reallocMoved=0 reallocDelegated=0 trims=0 trimmedBlocks=0 leakedBlocks=0 objects=127 bytesHeap=0 bytesDirect=91533813856 liveHeap=0 liveDirect=0
ARENALOOP thread=io.github.neoionet.netty.microbenchmark.ByteBufAllocatorAllocPatternBenchmark.directAllocation-1-30 arenaHeap=0 arenaDirect=107374830 delegateHeap=0 delegateDirect=14262658 arenaShare=88.27% blocksHeap=1 blocksDirect=3 pinned=1 reusable=2 maxPinnedHeap=0 maxPinnedDirect=2 blockReuses=391622 blockGrowths=2 hooks=1900583 hookRejections=0 violations=0 earlyReuses=0 reallocInPlace=406 reallocMoved=0 reallocDelegated=0 trims=0 trimmedBlocks=0 leakedBlocks=0 objects=127 bytesHeap=0 bytesDirect=101561315664 liveHeap=0 liveDirect=0
ARENALOOP thread=io.github.neoionet.netty.microbenchmark.ByteBufAllocatorAllocPatternBenchmark.directAllocation-1-12 arenaHeap=0 arenaDirect=95691759 delegateHeap=0 delegateDirect=12710599 arenaShare=88.27% blocksHeap=1 blocksDirect=3 pinned=1 reusable=2 maxPinnedHeap=0 maxPinnedDirect=2 blockReuses=349013 blockGrowths=2 hooks=1693784 hookRejections=0 violations=0 earlyReuses=0 reallocInPlace=363 reallocMoved=0 reallocDelegated=0 trims=0 trimmedBlocks=0 leakedBlocks=0 objects=127 bytesHeap=0 bytesDirect=90511379248 liveHeap=0 liveDirect=0
ARENALOOP thread=io.github.neoionet.netty.microbenchmark.ByteBufAllocatorAllocPatternBenchmark.directAllocation-1-11 arenaHeap=0 arenaDirect=110209096 delegateHeap=0 delegateDirect=14638984 arenaShare=88.27% blocksHeap=1 blocksDirect=3 pinned=1 reusable=2 maxPinnedHeap=0 maxPinnedDirect=2 blockReuses=401960 blockGrowths=2 hooks=1950749 hookRejections=0 violations=0 earlyReuses=0 reallocInPlace=419 reallocMoved=0 reallocDelegated=0 trims=0 trimmedBlocks=0 leakedBlocks=0 objects=127 bytesHeap=0 bytesDirect=104242353624 liveHeap=0 liveDirect=0
ARENALOOP thread=io.github.neoionet.netty.microbenchmark.ByteBufAllocatorAllocPatternBenchmark.directAllocation-1-26 arenaHeap=0 arenaDirect=86996163 delegateHeap=0 delegateDirect=11555730 arenaShare=88.27% blocksHeap=1 blocksDirect=3 pinned=2 reusable=1 maxPinnedHeap=0 maxPinnedDirect=2 blockReuses=317295 blockGrowths=2 hooks=1539871 hookRejections=0 violations=0 earlyReuses=0 reallocInPlace=333 reallocMoved=0 reallocDelegated=0 trims=0 trimmedBlocks=0 leakedBlocks=0 objects=127 bytesHeap=0 bytesDirect=82285867576 liveHeap=0 liveDirect=0
ARENALOOP thread=io.github.neoionet.netty.microbenchmark.ByteBufAllocatorAllocPatternBenchmark.directAllocation-1-3 arenaHeap=0 arenaDirect=112039586 delegateHeap=0 delegateDirect=14882285 arenaShare=88.27% blocksHeap=1 blocksDirect=3 pinned=2 reusable=1 maxPinnedHeap=0 maxPinnedDirect=2 blockReuses=408641 blockGrowths=2 hooks=1983152 hookRejections=0 violations=0 earlyReuses=0 reallocInPlace=424 reallocMoved=0 reallocDelegated=0 trims=0 trimmedBlocks=0 leakedBlocks=0 objects=127 bytesHeap=0 bytesDirect=105974891032 liveHeap=0 liveDirect=0
ARENALOOP thread=io.github.neoionet.netty.microbenchmark.ByteBufAllocatorAllocPatternBenchmark.directAllocation-1-21 arenaHeap=0 arenaDirect=98190609 delegateHeap=0 delegateDirect=13042606 arenaShare=88.27% blocksHeap=1 blocksDirect=3 pinned=1 reusable=1 maxPinnedHeap=0 maxPinnedDirect=2 blockReuses=358125 blockGrowths=2 hooks=1738016 hookRejections=0 violations=0 earlyReuses=0 reallocInPlace=375 reallocMoved=0 reallocDelegated=0 trims=0 trimmedBlocks=0 leakedBlocks=0 objects=127 bytesHeap=0 bytesDirect=92874299072 liveHeap=0 liveDirect=0
ARENALOOP thread=io.github.neoionet.netty.microbenchmark.ByteBufAllocatorAllocPatternBenchmark.directAllocation-1-9 arenaHeap=0 arenaDirect=79742144 delegateHeap=0 delegateDirect=10592131 arenaShare=88.27% blocksHeap=1 blocksDirect=3 pinned=1 reusable=2 maxPinnedHeap=0 maxPinnedDirect=2 blockReuses=290839 blockGrowths=2 hooks=1411471 hookRejections=0 violations=0 earlyReuses=0 reallocInPlace=305 reallocMoved=0 reallocDelegated=0 trims=0 trimmedBlocks=0 leakedBlocks=0 objects=127 bytesHeap=0 bytesDirect=75424923712 liveHeap=0 liveDirect=0
ARENALOOP thread=io.github.neoionet.netty.microbenchmark.ByteBufAllocatorAllocPatternBenchmark.directAllocation-1-19 arenaHeap=0 arenaDirect=97799483 delegateHeap=0 delegateDirect=12990563 arenaShare=88.27% blocksHeap=1 blocksDirect=3 pinned=1 reusable=2 maxPinnedHeap=0 maxPinnedDirect=2 blockReuses=356693 blockGrowths=2 hooks=1731092 hookRejections=0 violations=0 earlyReuses=0 reallocInPlace=371 reallocMoved=0 reallocDelegated=0 trims=0 trimmedBlocks=0 leakedBlocks=0 objects=127 bytesHeap=0 bytesDirect=92503173976 liveHeap=0 liveDirect=0
ARENALOOP thread=io.github.neoionet.netty.microbenchmark.ByteBufAllocatorAllocPatternBenchmark.directAllocation-1-25 arenaHeap=0 arenaDirect=97395617 delegateHeap=0 delegateDirect=12937142 arenaShare=88.27% blocksHeap=1 blocksDirect=3 pinned=1 reusable=2 maxPinnedHeap=0 maxPinnedDirect=2 blockReuses=355227 blockGrowths=2 hooks=1723947 hookRejections=0 violations=0 earlyReuses=0 reallocInPlace=368 reallocMoved=0 reallocDelegated=0 trims=0 trimmedBlocks=0 leakedBlocks=0 objects=127 bytesHeap=0 bytesDirect=92123089784 liveHeap=0 liveDirect=0
ARENALOOP thread=io.github.neoionet.netty.microbenchmark.ByteBufAllocatorAllocPatternBenchmark.directAllocation-1-27 arenaHeap=0 arenaDirect=108488901 delegateHeap=0 delegateDirect=14410637 arenaShare=88.27% blocksHeap=1 blocksDirect=3 pinned=1 reusable=2 maxPinnedHeap=0 maxPinnedDirect=2 blockReuses=395688 blockGrowths=2 hooks=1920303 hookRejections=0 violations=0 earlyReuses=0 reallocInPlace=410 reallocMoved=0 reallocDelegated=0 trims=0 trimmedBlocks=0 leakedBlocks=0 objects=127 bytesHeap=0 bytesDirect=102615886016 liveHeap=0 liveDirect=0
ARENALOOP thread=io.github.neoionet.netty.microbenchmark.ByteBufAllocatorAllocPatternBenchmark.directAllocation-1-24 arenaHeap=0 arenaDirect=94461647 delegateHeap=0 delegateDirect=12547304 arenaShare=88.27% blocksHeap=1 blocksDirect=3 pinned=1 reusable=2 maxPinnedHeap=0 maxPinnedDirect=2 blockReuses=344524 blockGrowths=2 hooks=1672012 hookRejections=0 violations=0 earlyReuses=0 reallocInPlace=361 reallocMoved=0 reallocDelegated=0 trims=0 trimmedBlocks=0 leakedBlocks=0 objects=127 bytesHeap=0 bytesDirect=89347238664 liveHeap=0 liveDirect=0
ARENALOOP thread=io.github.neoionet.netty.microbenchmark.ByteBufAllocatorAllocPatternBenchmark.directAllocation-1-13 arenaHeap=0 arenaDirect=96020035 delegateHeap=0 delegateDirect=12754134 arenaShare=88.27% blocksHeap=1 blocksDirect=3 pinned=1 reusable=2 maxPinnedHeap=0 maxPinnedDirect=2 blockReuses=350211 blockGrowths=2 hooks=1699594 hookRejections=0 violations=0 earlyReuses=0 reallocInPlace=363 reallocMoved=0 reallocDelegated=0 trims=0 trimmedBlocks=0 leakedBlocks=0 objects=127 bytesHeap=0 bytesDirect=90822134432 liveHeap=0 liveDirect=0
ARENALOOP thread=io.github.neoionet.netty.microbenchmark.ByteBufAllocatorAllocPatternBenchmark.directAllocation-1-16 arenaHeap=0 arenaDirect=111326698 delegateHeap=0 delegateDirect=14787548 arenaShare=88.27% blocksHeap=1 blocksDirect=3 pinned=1 reusable=2 maxPinnedHeap=0 maxPinnedDirect=2 blockReuses=406040 blockGrowths=2 hooks=1970533 hookRejections=0 violations=0 earlyReuses=0 reallocInPlace=422 reallocMoved=0 reallocDelegated=0 trims=0 trimmedBlocks=0 leakedBlocks=0 objects=127 bytesHeap=0 bytesDirect=105300314632 liveHeap=0 liveDirect=0
ARENALOOP thread=io.github.neoionet.netty.microbenchmark.ByteBufAllocatorAllocPatternBenchmark.directAllocation-1-2 arenaHeap=0 arenaDirect=98954827 delegateHeap=0 delegateDirect=13144057 arenaShare=88.27% blocksHeap=1 blocksDirect=3 pinned=1 reusable=2 maxPinnedHeap=0 maxPinnedDirect=2 blockReuses=360912 blockGrowths=2 hooks=1751543 hookRejections=0 violations=0 earlyReuses=0 reallocInPlace=377 reallocMoved=0 reallocDelegated=0 trims=0 trimmedBlocks=0 leakedBlocks=0 objects=127 bytesHeap=0 bytesDirect=93597152392 liveHeap=0 liveDirect=0
ARENALOOP thread=io.github.neoionet.netty.microbenchmark.ByteBufAllocatorAllocPatternBenchmark.directAllocation-1-31 arenaHeap=0 arenaDirect=99417302 delegateHeap=0 delegateDirect=13205417 arenaShare=88.27% blocksHeap=1 blocksDirect=3 pinned=1 reusable=2 maxPinnedHeap=0 maxPinnedDirect=2 blockReuses=362601 blockGrowths=2 hooks=1759727 hookRejections=0 violations=0 earlyReuses=0 reallocInPlace=377 reallocMoved=0 reallocDelegated=0 trims=0 trimmedBlocks=0 leakedBlocks=0 objects=127 bytesHeap=0 bytesDirect=94035191920 liveHeap=0 liveDirect=0
ARENALOOP thread=io.github.neoionet.netty.microbenchmark.ByteBufAllocatorAllocPatternBenchmark.directAllocation-1-32 arenaHeap=0 arenaDirect=80197323 delegateHeap=0 delegateDirect=10652537 arenaShare=88.27% blocksHeap=1 blocksDirect=3 pinned=2 reusable=1 maxPinnedHeap=0 maxPinnedDirect=2 blockReuses=292499 blockGrowths=2 hooks=1419527 hookRejections=0 violations=0 earlyReuses=0 reallocInPlace=306 reallocMoved=0 reallocDelegated=0 trims=0 trimmedBlocks=0 leakedBlocks=0 objects=127 bytesHeap=0 bytesDirect=75855342216 liveHeap=0 liveDirect=0
ARENALOOP thread=io.github.neoionet.netty.microbenchmark.ByteBufAllocatorAllocPatternBenchmark.directAllocation-1-1 arenaHeap=0 arenaDirect=102434332 delegateHeap=0 delegateDirect=13606238 arenaShare=88.27% blocksHeap=1 blocksDirect=3 pinned=2 reusable=1 maxPinnedHeap=0 maxPinnedDirect=2 blockReuses=373603 blockGrowths=2 hooks=1813131 hookRejections=0 violations=0 earlyReuses=0 reallocInPlace=390 reallocMoved=0 reallocDelegated=0 trims=0 trimmedBlocks=0 leakedBlocks=0 objects=127 bytesHeap=0 bytesDirect=96888298720 liveHeap=0 liveDirect=0
ARENALOOP thread=io.github.neoionet.netty.microbenchmark.ByteBufAllocatorAllocPatternBenchmark.directAllocation-1-29 arenaHeap=0 arenaDirect=101553902 delegateHeap=0 delegateDirect=13489206 arenaShare=88.27% blocksHeap=1 blocksDirect=3 pinned=2 reusable=1 maxPinnedHeap=0 maxPinnedDirect=2 blockReuses=370389 blockGrowths=2 hooks=1797546 hookRejections=0 violations=0 earlyReuses=0 reallocInPlace=386 reallocMoved=0 reallocDelegated=0 trims=0 trimmedBlocks=0 leakedBlocks=0 objects=127 bytesHeap=0 bytesDirect=96054922144 liveHeap=0 liveDirect=0
194.189 ±(99.9%) 34.094 ns/op

# Run progress: 2.38% complete, ETA 00:17:01
# Fork: 2 of 3
# Warmup Iteration   1: 241.721 ±(99.9%) 20.745 ns/op
# Warmup Iteration   2: 233.714 ±(99.9%) 24.311 ns/op
# Warmup Iteration   3: 185.823 ±(99.9%) 17.651 ns/op
# Warmup Iteration   4: 185.876 ±(99.9%) 20.087 ns/op
# Warmup Iteration   5: 212.549 ±(99.9%) 56.448 ns/op
# Warmup Iteration   6: 189.562 ±(99.9%) 22.399 ns/op
# Warmup Iteration   7: 186.537 ±(99.9%) 23.490 ns/op
# Warmup Iteration   8: 195.295 ±(99.9%) 36.724 ns/op
# Warmup Iteration   9: 209.457 ±(99.9%) 56.227 ns/op
# Warmup Iteration  10: 202.234 ±(99.9%) 41.903 ns/op
Iteration   1: 194.555 ±(99.9%) 37.024 ns/op
Iteration   2: 196.992 ±(99.9%) 36.903 ns/op
Iteration   3: 191.753 ±(99.9%) 28.352 ns/op
Iteration   4: 209.085 ±(99.9%) 52.544 ns/op
Iteration   5: 197.883 ±(99.9%) 36.321 ns/op
Iteration   6: 206.309 ±(99.9%) 50.443 ns/op
Iteration   7: 194.252 ±(99.9%) 31.087 ns/op
Iteration   8: 189.983 ±(99.9%) 23.323 ns/op
Iteration   9: 196.505 ±(99.9%) 37.759 ns/op
Iteration  10: cRSS-pRSS:[1820, 1820]
;used-memory:[0]
ARENATELE blockSize=262144 maxBlocks=8 cap=8192 maxObjects=16384 debug=false arenaHeap=0 arenaDirect=3175694424 delegateHeap=0 delegateDirect=421825729 arenaShare=88.27% blocksHeap=32 blocksDirect=96 pinned=46 reusable=47 maxPinnedHeap=0 maxPinnedDirect=64 blockReuses=11582589 blockGrowths=64 hooks=56211173 hookRejections=0 violations=0 earlyReuses=0 reallocInPlace=12055 reallocMoved=0 reallocDelegated=0 trims=0 trimmedBlocks=0 leakedBlocks=0 objects=4064 bytesHeap=0 bytesDirect=3003773100384 liveHeap=0 liveDirect=113
ARENALOOP thread=io.github.neoionet.netty.microbenchmark.ByteBufAllocatorAllocPatternBenchmark.directAllocation-1-9 arenaHeap=0 arenaDirect=93940990 delegateHeap=0 delegateDirect=12477986 arenaShare=88.27% blocksHeap=1 blocksDirect=3 pinned=2 reusable=1 maxPinnedHeap=0 maxPinnedDirect=2 blockReuses=342620 blockGrowths=2 hooks=1662794 hookRejections=0 violations=0 earlyReuses=0 reallocInPlace=356 reallocMoved=0 reallocDelegated=0 trims=0 trimmedBlocks=0 leakedBlocks=0 objects=127 bytesHeap=0 bytesDirect=88853557344 liveHeap=0 liveDirect=113
ARENALOOP thread=io.github.neoionet.netty.microbenchmark.ByteBufAllocatorAllocPatternBenchmark.directAllocation-1-3 arenaHeap=0 arenaDirect=92834681 delegateHeap=0 delegateDirect=12331249 arenaShare=88.27% blocksHeap=1 blocksDirect=3 pinned=1 reusable=2 maxPinnedHeap=0 maxPinnedDirect=2 blockReuses=338594 blockGrowths=2 hooks=1643215 hookRejections=0 violations=0 earlyReuses=0 reallocInPlace=352 reallocMoved=0 reallocDelegated=0 trims=0 trimmedBlocks=0 leakedBlocks=0 objects=127 bytesHeap=0 bytesDirect=87809438128 liveHeap=0 liveDirect=0
ARENALOOP thread=io.github.neoionet.netty.microbenchmark.ByteBufAllocatorAllocPatternBenchmark.directAllocation-1-13 arenaHeap=0 arenaDirect=96795654 delegateHeap=0 delegateDirect=12857242 arenaShare=88.27% blocksHeap=1 blocksDirect=3 pinned=1 reusable=1 maxPinnedHeap=0 maxPinnedDirect=2 blockReuses=353043 blockGrowths=2 hooks=1713324 hookRejections=0 violations=0 earlyReuses=0 reallocInPlace=367 reallocMoved=0 reallocDelegated=0 trims=0 trimmedBlocks=0 leakedBlocks=0 objects=127 bytesHeap=0 bytesDirect=91556339824 liveHeap=0 liveDirect=0
ARENALOOP thread=io.github.neoionet.netty.microbenchmark.ByteBufAllocatorAllocPatternBenchmark.directAllocation-1-12 arenaHeap=0 arenaDirect=96737054 delegateHeap=0 delegateDirect=12849527 arenaShare=88.27% blocksHeap=1 blocksDirect=3 pinned=1 reusable=2 maxPinnedHeap=0 maxPinnedDirect=2 blockReuses=352826 blockGrowths=2 hooks=1712288 hookRejections=0 violations=0 earlyReuses=0 reallocInPlace=367 reallocMoved=0 reallocDelegated=0 trims=0 trimmedBlocks=0 leakedBlocks=0 objects=127 bytesHeap=0 bytesDirect=91500333224 liveHeap=0 liveDirect=0
ARENALOOP thread=io.github.neoionet.netty.microbenchmark.ByteBufAllocatorAllocPatternBenchmark.directAllocation-1-19 arenaHeap=0 arenaDirect=111858580 delegateHeap=0 delegateDirect=14858121 arenaShare=88.27% blocksHeap=1 blocksDirect=3 pinned=1 reusable=2 maxPinnedHeap=0 maxPinnedDirect=2 blockReuses=407981 blockGrowths=2 hooks=1979946 hookRejections=0 violations=0 earlyReuses=0 reallocInPlace=424 reallocMoved=0 reallocDelegated=0 trims=0 trimmedBlocks=0 leakedBlocks=0 objects=127 bytesHeap=0 bytesDirect=105803907896 liveHeap=0 liveDirect=0
ARENALOOP thread=io.github.neoionet.netty.microbenchmark.ByteBufAllocatorAllocPatternBenchmark.directAllocation-1-1 arenaHeap=0 arenaDirect=95720672 delegateHeap=0 delegateDirect=12714429 arenaShare=88.27% blocksHeap=1 blocksDirect=3 pinned=2 reusable=1 maxPinnedHeap=0 maxPinnedDirect=2 blockReuses=349119 blockGrowths=2 hooks=1694296 hookRejections=0 violations=0 earlyReuses=0 reallocInPlace=363 reallocMoved=0 reallocDelegated=0 trims=0 trimmedBlocks=0 leakedBlocks=0 objects=127 bytesHeap=0 bytesDirect=90538760648 liveHeap=0 liveDirect=0
ARENALOOP thread=io.github.neoionet.netty.microbenchmark.ByteBufAllocatorAllocPatternBenchmark.directAllocation-1-32 arenaHeap=0 arenaDirect=102163648 delegateHeap=0 delegateDirect=13570291 arenaShare=88.27% blocksHeap=1 blocksDirect=3 pinned=2 reusable=1 maxPinnedHeap=0 maxPinnedDirect=2 blockReuses=372619 blockGrowths=2 hooks=1808340 hookRejections=0 violations=0 earlyReuses=0 reallocInPlace=389 reallocMoved=0 reallocDelegated=0 trims=0 trimmedBlocks=0 leakedBlocks=0 objects=127 bytesHeap=0 bytesDirect=96633053496 liveHeap=0 liveDirect=0
ARENALOOP thread=io.github.neoionet.netty.microbenchmark.ByteBufAllocatorAllocPatternBenchmark.directAllocation-1-5 arenaHeap=0 arenaDirect=98818845 delegateHeap=0 delegateDirect=13126111 arenaShare=88.27% blocksHeap=1 blocksDirect=3 pinned=1 reusable=2 maxPinnedHeap=0 maxPinnedDirect=2 blockReuses=360415 blockGrowths=2 hooks=1749137 hookRejections=0 violations=0 earlyReuses=0 reallocInPlace=377 reallocMoved=0 reallocDelegated=0 trims=0 trimmedBlocks=0 leakedBlocks=0 objects=127 bytesHeap=0 bytesDirect=93468385024 liveHeap=0 liveDirect=0
ARENALOOP thread=io.github.neoionet.netty.microbenchmark.ByteBufAllocatorAllocPatternBenchmark.directAllocation-1-10 arenaHeap=0 arenaDirect=94926345 delegateHeap=0 delegateDirect=12608988 arenaShare=88.27% blocksHeap=1 blocksDirect=3 pinned=2 reusable=1 maxPinnedHeap=0 maxPinnedDirect=2 blockReuses=346222 blockGrowths=2 hooks=1680237 hookRejections=0 violations=0 earlyReuses=0 reallocInPlace=361 reallocMoved=0 reallocDelegated=0 trims=0 trimmedBlocks=0 leakedBlocks=0 objects=127 bytesHeap=0 bytesDirect=89787367592 liveHeap=0 liveDirect=0
ARENALOOP thread=io.github.neoionet.netty.microbenchmark.ByteBufAllocatorAllocPatternBenchmark.directAllocation-1-30 arenaHeap=0 arenaDirect=95262174 delegateHeap=0 delegateDirect=12653546 arenaShare=88.27% blocksHeap=1 blocksDirect=3 pinned=2 reusable=1 maxPinnedHeap=0 maxPinnedDirect=2 blockReuses=347445 blockGrowths=2 hooks=1686181 hookRejections=0 violations=0 earlyReuses=0 reallocInPlace=363 reallocMoved=0 reallocDelegated=0 trims=0 trimmedBlocks=0 leakedBlocks=0 objects=127 bytesHeap=0 bytesDirect=90104609216 liveHeap=0 liveDirect=0
ARENALOOP thread=io.github.neoionet.netty.microbenchmark.ByteBufAllocatorAllocPatternBenchmark.directAllocation-1-31 arenaHeap=0 arenaDirect=101059472 delegateHeap=0 delegateDirect=13423804 arenaShare=88.27% blocksHeap=1 blocksDirect=3 pinned=1 reusable=2 maxPinnedHeap=0 maxPinnedDirect=2 blockReuses=368591 blockGrowths=2 hooks=1788799 hookRejections=0 violations=0 earlyReuses=0 reallocInPlace=382 reallocMoved=0 reallocDelegated=0 trims=0 trimmedBlocks=0 leakedBlocks=0 objects=127 bytesHeap=0 bytesDirect=95588803600 liveHeap=0 liveDirect=0
ARENALOOP thread=io.github.neoionet.netty.microbenchmark.ByteBufAllocatorAllocPatternBenchmark.directAllocation-1-6 arenaHeap=0 arenaDirect=111722848 delegateHeap=0 delegateDirect=14840042 arenaShare=88.27% blocksHeap=1 blocksDirect=3 pinned=1 reusable=2 maxPinnedHeap=0 maxPinnedDirect=2 blockReuses=407489 blockGrowths=2 hooks=1977543 hookRejections=0 violations=0 earlyReuses=0 reallocInPlace=423 reallocMoved=0 reallocDelegated=0 trims=0 trimmedBlocks=0 leakedBlocks=0 objects=127 bytesHeap=0 bytesDirect=105676321200 liveHeap=0 liveDirect=0
ARENALOOP thread=io.github.neoionet.netty.microbenchmark.ByteBufAllocatorAllocPatternBenchmark.directAllocation-1-4 arenaHeap=0 arenaDirect=103557701 delegateHeap=0 delegateDirect=13755816 arenaShare=88.27% blocksHeap=1 blocksDirect=3 pinned=1 reusable=2 maxPinnedHeap=0 maxPinnedDirect=2 blockReuses=377698 blockGrowths=2 hooks=1833021 hookRejections=0 violations=0 earlyReuses=0 reallocInPlace=391 reallocMoved=0 reallocDelegated=0 trims=0 trimmedBlocks=0 leakedBlocks=0 objects=127 bytesHeap=0 bytesDirect=97950509496 liveHeap=0 liveDirect=0
ARENALOOP thread=io.github.neoionet.netty.microbenchmark.ByteBufAllocatorAllocPatternBenchmark.directAllocation-1-21 arenaHeap=0 arenaDirect=101685639 delegateHeap=0 delegateDirect=13506762 arenaShare=88.27% blocksHeap=1 blocksDirect=3 pinned=1 reusable=2 maxPinnedHeap=0 maxPinnedDirect=2 blockReuses=370869 blockGrowths=2 hooks=1799879 hookRejections=0 violations=0 earlyReuses=0 reallocInPlace=387 reallocMoved=0 reallocDelegated=0 trims=0 trimmedBlocks=0 leakedBlocks=0 objects=127 bytesHeap=0 bytesDirect=96179501480 liveHeap=0 liveDirect=0
ARENALOOP thread=io.github.neoionet.netty.microbenchmark.ByteBufAllocatorAllocPatternBenchmark.directAllocation-1-29 arenaHeap=0 arenaDirect=96503589 delegateHeap=0 delegateDirect=12818549 arenaShare=88.27% blocksHeap=1 blocksDirect=3 pinned=1 reusable=2 maxPinnedHeap=0 maxPinnedDirect=2 blockReuses=351974 blockGrowths=2 hooks=1708156 hookRejections=0 violations=0 earlyReuses=0 reallocInPlace=366 reallocMoved=0 reallocDelegated=0 trims=0 trimmedBlocks=0 leakedBlocks=0 objects=127 bytesHeap=0 bytesDirect=91279290080 liveHeap=0 liveDirect=0
ARENALOOP thread=io.github.neoionet.netty.microbenchmark.ByteBufAllocatorAllocPatternBenchmark.directAllocation-1-28 arenaHeap=0 arenaDirect=90743072 delegateHeap=0 delegateDirect=12053424 arenaShare=88.27% blocksHeap=1 blocksDirect=3 pinned=2 reusable=1 maxPinnedHeap=0 maxPinnedDirect=2 blockReuses=330961 blockGrowths=2 hooks=1606193 hookRejections=0 violations=0 earlyReuses=0 reallocInPlace=347 reallocMoved=0 reallocDelegated=0 trims=0 trimmedBlocks=0 leakedBlocks=0 objects=127 bytesHeap=0 bytesDirect=85829800632 liveHeap=0 liveDirect=0
ARENALOOP thread=io.github.neoionet.netty.microbenchmark.ByteBufAllocatorAllocPatternBenchmark.directAllocation-1-14 arenaHeap=0 arenaDirect=106796869 delegateHeap=0 delegateDirect=14185710 arenaShare=88.27% blocksHeap=1 blocksDirect=3 pinned=2 reusable=1 maxPinnedHeap=0 maxPinnedDirect=2 blockReuses=389517 blockGrowths=2 hooks=1890350 hookRejections=0 violations=0 earlyReuses=0 reallocInPlace=405 reallocMoved=0 reallocDelegated=0 trims=0 trimmedBlocks=0 leakedBlocks=0 objects=127 bytesHeap=0 bytesDirect=101015284432 liveHeap=0 liveDirect=0
ARENALOOP thread=io.github.neoionet.netty.microbenchmark.ByteBufAllocatorAllocPatternBenchmark.directAllocation-1-7 arenaHeap=0 arenaDirect=97315138 delegateHeap=0 delegateDirect=12926345 arenaShare=88.27% blocksHeap=1 blocksDirect=3 pinned=2 reusable=1 maxPinnedHeap=0 maxPinnedDirect=2 blockReuses=354934 blockGrowths=2 hooks=1722521 hookRejections=0 violations=0 earlyReuses=0 reallocInPlace=368 reallocMoved=0 reallocDelegated=0 trims=0 trimmedBlocks=0 leakedBlocks=0 objects=127 bytesHeap=0 bytesDirect=92046909464 liveHeap=0 liveDirect=0
ARENALOOP thread=io.github.neoionet.netty.microbenchmark.ByteBufAllocatorAllocPatternBenchmark.directAllocation-1-11 arenaHeap=0 arenaDirect=106495448 delegateHeap=0 delegateDirect=14145649 arenaShare=88.27% blocksHeap=1 blocksDirect=3 pinned=1 reusable=2 maxPinnedHeap=0 maxPinnedDirect=2 blockReuses=388414 blockGrowths=2 hooks=1885015 hookRejections=0 violations=0 earlyReuses=0 reallocInPlace=405 reallocMoved=0 reallocDelegated=0 trims=0 trimmedBlocks=0 leakedBlocks=0 objects=127 bytesHeap=0 bytesDirect=100729442312 liveHeap=0 liveDirect=0
ARENALOOP thread=io.github.neoionet.netty.microbenchmark.ByteBufAllocatorAllocPatternBenchmark.directAllocation-1-24 arenaHeap=0 arenaDirect=107439035 delegateHeap=0 delegateDirect=14271260 arenaShare=88.27% blocksHeap=1 blocksDirect=3 pinned=2 reusable=1 maxPinnedHeap=0 maxPinnedDirect=2 blockReuses=391860 blockGrowths=2 hooks=1901721 hookRejections=0 violations=0 earlyReuses=0 reallocInPlace=406 reallocMoved=0 reallocDelegated=0 trims=0 trimmedBlocks=0 leakedBlocks=0 objects=127 bytesHeap=0 bytesDirect=101622985592 liveHeap=0 liveDirect=0
ARENALOOP thread=io.github.neoionet.netty.microbenchmark.ByteBufAllocatorAllocPatternBenchmark.directAllocation-1-27 arenaHeap=0 arenaDirect=99719558 delegateHeap=0 delegateDirect=13245521 arenaShare=88.27% blocksHeap=1 blocksDirect=3 pinned=1 reusable=2 maxPinnedHeap=0 maxPinnedDirect=2 blockReuses=363704 blockGrowths=2 hooks=1765077 hookRejections=0 violations=0 earlyReuses=0 reallocInPlace=377 reallocMoved=0 reallocDelegated=0 trims=0 trimmedBlocks=0 leakedBlocks=0 objects=127 bytesHeap=0 bytesDirect=94321319584 liveHeap=0 liveDirect=0
ARENALOOP thread=io.github.neoionet.netty.microbenchmark.ByteBufAllocatorAllocPatternBenchmark.directAllocation-1-17 arenaHeap=0 arenaDirect=94734826 delegateHeap=0 delegateDirect=12583616 arenaShare=88.27% blocksHeap=1 blocksDirect=3 pinned=2 reusable=1 maxPinnedHeap=0 maxPinnedDirect=2 blockReuses=345524 blockGrowths=2 hooks=1676848 hookRejections=0 violations=0 earlyReuses=0 reallocInPlace=361 reallocMoved=0 reallocDelegated=0 trims=0 trimmedBlocks=0 leakedBlocks=0 objects=127 bytesHeap=0 bytesDirect=89606400680 liveHeap=0 liveDirect=0
ARENALOOP thread=io.github.neoionet.netty.microbenchmark.ByteBufAllocatorAllocPatternBenchmark.directAllocation-1-16 arenaHeap=0 arenaDirect=103351706 delegateHeap=0 delegateDirect=13727905 arenaShare=88.27% blocksHeap=1 blocksDirect=3 pinned=1 reusable=2 maxPinnedHeap=0 maxPinnedDirect=2 blockReuses=376952 blockGrowths=2 hooks=1829366 hookRejections=0 violations=0 earlyReuses=0 reallocInPlace=391 reallocMoved=0 reallocDelegated=0 trims=0 trimmedBlocks=0 leakedBlocks=0 objects=127 bytesHeap=0 bytesDirect=97756947352 liveHeap=0 liveDirect=0
ARENALOOP thread=io.github.neoionet.netty.microbenchmark.ByteBufAllocatorAllocPatternBenchmark.directAllocation-1-2 arenaHeap=0 arenaDirect=100919658 delegateHeap=0 delegateDirect=13405270 arenaShare=88.27% blocksHeap=1 blocksDirect=3 pinned=2 reusable=1 maxPinnedHeap=0 maxPinnedDirect=2 blockReuses=368083 blockGrowths=2 hooks=1786325 hookRejections=0 violations=0 earlyReuses=0 reallocInPlace=382 reallocMoved=0 reallocDelegated=0 trims=0 trimmedBlocks=0 leakedBlocks=0 objects=127 bytesHeap=0 bytesDirect=95456872088 liveHeap=0 liveDirect=0
ARENALOOP thread=io.github.neoionet.netty.microbenchmark.ByteBufAllocatorAllocPatternBenchmark.directAllocation-1-25 arenaHeap=0 arenaDirect=95043403 delegateHeap=0 delegateDirect=12624466 arenaShare=88.27% blocksHeap=1 blocksDirect=3 pinned=2 reusable=1 maxPinnedHeap=0 maxPinnedDirect=2 blockReuses=346648 blockGrowths=2 hooks=1682308 hookRejections=0 violations=0 earlyReuses=0 reallocInPlace=362 reallocMoved=0 reallocDelegated=0 trims=0 trimmedBlocks=0 leakedBlocks=0 objects=127 bytesHeap=0 bytesDirect=89897920328 liveHeap=0 liveDirect=0
ARENALOOP thread=io.github.neoionet.netty.microbenchmark.ByteBufAllocatorAllocPatternBenchmark.directAllocation-1-23 arenaHeap=0 arenaDirect=90444179 delegateHeap=0 delegateDirect=12013527 arenaShare=88.27% blocksHeap=1 blocksDirect=3 pinned=1 reusable=2 maxPinnedHeap=0 maxPinnedDirect=2 blockReuses=329869 blockGrowths=2 hooks=1600899 hookRejections=0 violations=0 earlyReuses=0 reallocInPlace=344 reallocMoved=0 reallocDelegated=0 trims=0 trimmedBlocks=0 leakedBlocks=0 objects=127 bytesHeap=0 bytesDirect=85546831728 liveHeap=0 liveDirect=0
ARENALOOP thread=io.github.neoionet.netty.microbenchmark.ByteBufAllocatorAllocPatternBenchmark.directAllocation-1-8 arenaHeap=0 arenaDirect=111834945 delegateHeap=0 delegateDirect=14854957 arenaShare=88.27% blocksHeap=1 blocksDirect=3 pinned=1 reusable=1 maxPinnedHeap=0 maxPinnedDirect=2 blockReuses=407896 blockGrowths=2 hooks=1979527 hookRejections=0 violations=0 earlyReuses=0 reallocInPlace=424 reallocMoved=0 reallocDelegated=0 trims=0 trimmedBlocks=0 leakedBlocks=0 objects=127 bytesHeap=0 bytesDirect=105781676024 liveHeap=0 liveDirect=0
ARENALOOP thread=io.github.neoionet.netty.microbenchmark.ByteBufAllocatorAllocPatternBenchmark.directAllocation-1-15 arenaHeap=0 arenaDirect=83914802 delegateHeap=0 delegateDirect=11146285 arenaShare=88.27% blocksHeap=1 blocksDirect=3 pinned=1 reusable=2 maxPinnedHeap=0 maxPinnedDirect=2 blockReuses=306057 blockGrowths=2 hooks=1485327 hookRejections=0 violations=0 earlyReuses=0 reallocInPlace=320 reallocMoved=0 reallocDelegated=0 trims=0 trimmedBlocks=0 leakedBlocks=0 objects=127 bytesHeap=0 bytesDirect=79371447704 liveHeap=0 liveDirect=0
ARENALOOP thread=io.github.neoionet.netty.microbenchmark.ByteBufAllocatorAllocPatternBenchmark.directAllocation-1-22 arenaHeap=0 arenaDirect=88823001 delegateHeap=0 delegateDirect=11798463 arenaShare=88.27% blocksHeap=1 blocksDirect=3 pinned=2 reusable=1 maxPinnedHeap=0 maxPinnedDirect=2 blockReuses=323958 blockGrowths=2 hooks=1572208 hookRejections=0 violations=0 earlyReuses=0 reallocInPlace=336 reallocMoved=0 reallocDelegated=0 trims=0 trimmedBlocks=0 leakedBlocks=0 objects=127 bytesHeap=0 bytesDirect=84013699448 liveHeap=0 liveDirect=0
ARENALOOP thread=io.github.neoionet.netty.microbenchmark.ByteBufAllocatorAllocPatternBenchmark.directAllocation-1-26 arenaHeap=0 arenaDirect=115485679 delegateHeap=0 delegateDirect=15339899 arenaShare=88.27% blocksHeap=1 blocksDirect=3 pinned=1 reusable=1 maxPinnedHeap=0 maxPinnedDirect=2 blockReuses=421213 blockGrowths=2 hooks=2044147 hookRejections=0 violations=0 earlyReuses=0 reallocInPlace=437 reallocMoved=0 reallocDelegated=0 trims=0 trimmedBlocks=0 leakedBlocks=0 objects=127 bytesHeap=0 bytesDirect=109235211280 liveHeap=0 liveDirect=0
ARENALOOP thread=io.github.neoionet.netty.microbenchmark.ByteBufAllocatorAllocPatternBenchmark.directAllocation-1-20 arenaHeap=0 arenaDirect=79713085 delegateHeap=0 delegateDirect=10588333 arenaShare=88.27% blocksHeap=1 blocksDirect=3 pinned=1 reusable=2 maxPinnedHeap=0 maxPinnedDirect=2 blockReuses=290733 blockGrowths=2 hooks=1410957 hookRejections=0 violations=0 earlyReuses=0 reallocInPlace=305 reallocMoved=0 reallocDelegated=0 trims=0 trimmedBlocks=0 leakedBlocks=0 objects=127 bytesHeap=0 bytesDirect=75397444800 liveHeap=0 liveDirect=0
ARENALOOP thread=io.github.neoionet.netty.microbenchmark.ByteBufAllocatorAllocPatternBenchmark.directAllocation-1-18 arenaHeap=0 arenaDirect=109332128 delegateHeap=0 delegateDirect=14522636 arenaShare=88.27% blocksHeap=1 blocksDirect=3 pinned=2 reusable=1 maxPinnedHeap=0 maxPinnedDirect=2 blockReuses=398761 blockGrowths=2 hooks=1935228 hookRejections=0 violations=0 earlyReuses=0 reallocInPlace=417 reallocMoved=0 reallocDelegated=0 trims=0 trimmedBlocks=0 leakedBlocks=0 objects=127 bytesHeap=0 bytesDirect=103412728688 liveHeap=0 liveDirect=0
192.509 ±(99.9%) 28.358 ns/op

# Run progress: 4.76% complete, ETA 00:16:36
# Fork: 3 of 3
# Warmup Iteration   1: 235.619 ±(99.9%) 13.239 ns/op
# Warmup Iteration   2: 195.207 ±(99.9%) 32.769 ns/op
# Warmup Iteration   3: 211.348 ±(99.9%) 49.186 ns/op
# Warmup Iteration   4: 193.957 ±(99.9%) 34.285 ns/op
# Warmup Iteration   5: 197.286 ±(99.9%) 37.066 ns/op
# Warmup Iteration   6: 211.080 ±(99.9%) 50.813 ns/op
# Warmup Iteration   7: 222.123 ±(99.9%) 76.078 ns/op
# Warmup Iteration   8: 193.501 ±(99.9%) 35.121 ns/op
# Warmup Iteration   9: 186.469 ±(99.9%) 29.571 ns/op
# Warmup Iteration  10: 189.000 ±(99.9%) 34.062 ns/op
Iteration   1: 183.966 ±(99.9%) 25.575 ns/op
Iteration   2: 199.589 ±(99.9%) 40.729 ns/op
Iteration   3: 180.753 ±(99.9%) 20.074 ns/op
Iteration   4: 190.140 ±(99.9%) 31.771 ns/op
Iteration   5: 204.230 ±(99.9%) 49.253 ns/op
Iteration   6: 184.409 ±(99.9%) 25.192 ns/op
Iteration   7: 189.312 ±(99.9%) 30.406 ns/op
Iteration   8: 191.468 ±(99.9%) 34.291 ns/op
Iteration   9: 199.648 ±(99.9%) 44.648 ns/op
Iteration  10: cRSS-pRSS:[1766, 1766]
;used-memory:[0]
ARENATELE blockSize=262144 maxBlocks=8 cap=8192 maxObjects=16384 debug=false arenaHeap=0 arenaDirect=3276310892 delegateHeap=0 delegateDirect=435189715 arenaShare=88.27% blocksHeap=32 blocksDirect=96 pinned=45 reusable=49 maxPinnedHeap=0 maxPinnedDirect=64 blockReuses=11949502 blockGrowths=64 hooks=57992120 hookRejections=0 violations=0 earlyReuses=0 reallocInPlace=12448 reallocMoved=0 reallocDelegated=0 trims=0 trimmedBlocks=0 leakedBlocks=0 objects=4064 bytesHeap=0 bytesDirect=3098925465816 liveHeap=0 liveDirect=0
ARENALOOP thread=io.github.neoionet.netty.microbenchmark.ByteBufAllocatorAllocPatternBenchmark.directAllocation-1-18 arenaHeap=0 arenaDirect=98547410 delegateHeap=0 delegateDirect=13089907 arenaShare=88.27% blocksHeap=1 blocksDirect=3 pinned=2 reusable=1 maxPinnedHeap=0 maxPinnedDirect=2 blockReuses=359425 blockGrowths=2 hooks=1744331 hookRejections=0 violations=0 earlyReuses=0 reallocInPlace=375 reallocMoved=0 reallocDelegated=0 trims=0 trimmedBlocks=0 leakedBlocks=0 objects=127 bytesHeap=0 bytesDirect=93211420408 liveHeap=0 liveDirect=0
ARENALOOP thread=io.github.neoionet.netty.microbenchmark.ByteBufAllocatorAllocPatternBenchmark.directAllocation-1-14 arenaHeap=0 arenaDirect=97729762 delegateHeap=0 delegateDirect=12981205 arenaShare=88.27% blocksHeap=1 blocksDirect=3 pinned=2 reusable=1 maxPinnedHeap=0 maxPinnedDirect=2 blockReuses=356439 blockGrowths=2 hooks=1729856 hookRejections=0 violations=0 earlyReuses=0 reallocInPlace=371 reallocMoved=0 reallocDelegated=0 trims=0 trimmedBlocks=0 leakedBlocks=0 objects=127 bytesHeap=0 bytesDirect=92437158624 liveHeap=0 liveDirect=0
ARENALOOP thread=io.github.neoionet.netty.microbenchmark.ByteBufAllocatorAllocPatternBenchmark.directAllocation-1-4 arenaHeap=0 arenaDirect=98682363 delegateHeap=0 delegateDirect=13107990 arenaShare=88.27% blocksHeap=1 blocksDirect=3 pinned=1 reusable=2 maxPinnedHeap=0 maxPinnedDirect=2 blockReuses=359919 blockGrowths=2 hooks=1746722 hookRejections=0 violations=0 earlyReuses=0 reallocInPlace=376 reallocMoved=0 reallocDelegated=0 trims=0 trimmedBlocks=0 leakedBlocks=0 objects=127 bytesHeap=0 bytesDirect=93339686624 liveHeap=0 liveDirect=0
ARENALOOP thread=io.github.neoionet.netty.microbenchmark.ByteBufAllocatorAllocPatternBenchmark.directAllocation-1-10 arenaHeap=0 arenaDirect=112483489 delegateHeap=0 delegateDirect=14940971 arenaShare=88.27% blocksHeap=1 blocksDirect=3 pinned=1 reusable=2 maxPinnedHeap=0 maxPinnedDirect=2 blockReuses=410249 blockGrowths=2 hooks=1991005 hookRejections=0 violations=0 earlyReuses=0 reallocInPlace=427 reallocMoved=0 reallocDelegated=0 trims=0 trimmedBlocks=0 leakedBlocks=0 objects=127 bytesHeap=0 bytesDirect=106391960656 liveHeap=0 liveDirect=0
ARENALOOP thread=io.github.neoionet.netty.microbenchmark.ByteBufAllocatorAllocPatternBenchmark.directAllocation-1-15 arenaHeap=0 arenaDirect=97196942 delegateHeap=0 delegateDirect=12910737 arenaShare=88.27% blocksHeap=1 blocksDirect=3 pinned=1 reusable=2 maxPinnedHeap=0 maxPinnedDirect=2 blockReuses=354504 blockGrowths=2 hooks=1720430 hookRejections=0 violations=0 earlyReuses=0 reallocInPlace=368 reallocMoved=0 reallocDelegated=0 trims=0 trimmedBlocks=0 leakedBlocks=0 objects=127 bytesHeap=0 bytesDirect=91935512096 liveHeap=0 liveDirect=0
ARENALOOP thread=io.github.neoionet.netty.microbenchmark.ByteBufAllocatorAllocPatternBenchmark.directAllocation-1-5 arenaHeap=0 arenaDirect=105708785 delegateHeap=0 delegateDirect=14041208 arenaShare=88.27% blocksHeap=1 blocksDirect=3 pinned=1 reusable=2 maxPinnedHeap=0 maxPinnedDirect=2 blockReuses=385547 blockGrowths=2 hooks=1871091 hookRejections=0 violations=0 earlyReuses=0 reallocInPlace=403 reallocMoved=0 reallocDelegated=0 trims=0 trimmedBlocks=0 leakedBlocks=0 objects=127 bytesHeap=0 bytesDirect=99985874448 liveHeap=0 liveDirect=0
ARENALOOP thread=io.github.neoionet.netty.microbenchmark.ByteBufAllocatorAllocPatternBenchmark.directAllocation-1-12 arenaHeap=0 arenaDirect=112421990 delegateHeap=0 delegateDirect=14932783 arenaShare=88.27% blocksHeap=1 blocksDirect=3 pinned=1 reusable=2 maxPinnedHeap=0 maxPinnedDirect=2 blockReuses=410025 blockGrowths=2 hooks=1989916 hookRejections=0 violations=0 earlyReuses=0 reallocInPlace=426 reallocMoved=0 reallocDelegated=0 trims=0 trimmedBlocks=0 leakedBlocks=0 objects=127 bytesHeap=0 bytesDirect=106333986928 liveHeap=0 liveDirect=0
ARENALOOP thread=io.github.neoionet.netty.microbenchmark.ByteBufAllocatorAllocPatternBenchmark.directAllocation-1-9 arenaHeap=0 arenaDirect=105429860 delegateHeap=0 delegateDirect=14004069 arenaShare=88.27% blocksHeap=1 blocksDirect=3 pinned=1 reusable=2 maxPinnedHeap=0 maxPinnedDirect=2 blockReuses=384526 blockGrowths=2 hooks=1866153 hookRejections=0 violations=0 earlyReuses=0 reallocInPlace=401 reallocMoved=0 reallocDelegated=0 trims=0 trimmedBlocks=0 leakedBlocks=0 objects=127 bytesHeap=0 bytesDirect=99721279000 liveHeap=0 liveDirect=0
ARENALOOP thread=io.github.neoionet.netty.microbenchmark.ByteBufAllocatorAllocPatternBenchmark.directAllocation-1-25 arenaHeap=0 arenaDirect=103458146 delegateHeap=0 delegateDirect=13742301 arenaShare=88.27% blocksHeap=1 blocksDirect=3 pinned=2 reusable=1 maxPinnedHeap=0 maxPinnedDirect=2 blockReuses=377337 blockGrowths=2 hooks=1831254 hookRejections=0 violations=0 earlyReuses=0 reallocInPlace=391 reallocMoved=0 reallocDelegated=0 trims=0 trimmedBlocks=0 leakedBlocks=0 objects=127 bytesHeap=0 bytesDirect=97856750912 liveHeap=0 liveDirect=0
ARENALOOP thread=io.github.neoionet.netty.microbenchmark.ByteBufAllocatorAllocPatternBenchmark.directAllocation-1-17 arenaHeap=0 arenaDirect=99936016 delegateHeap=0 delegateDirect=13274617 arenaShare=88.27% blocksHeap=1 blocksDirect=3 pinned=1 reusable=2 maxPinnedHeap=0 maxPinnedDirect=2 blockReuses=364490 blockGrowths=2 hooks=1768914 hookRejections=0 violations=0 earlyReuses=0 reallocInPlace=378 reallocMoved=0 reallocDelegated=0 trims=0 trimmedBlocks=0 leakedBlocks=0 objects=127 bytesHeap=0 bytesDirect=94525160152 liveHeap=0 liveDirect=0
ARENALOOP thread=io.github.neoionet.netty.microbenchmark.ByteBufAllocatorAllocPatternBenchmark.directAllocation-1-3 arenaHeap=0 arenaDirect=109193099 delegateHeap=0 delegateDirect=14504076 arenaShare=88.27% blocksHeap=1 blocksDirect=3 pinned=1 reusable=2 maxPinnedHeap=0 maxPinnedDirect=2 blockReuses=398252 blockGrowths=2 hooks=1932766 hookRejections=0 violations=0 earlyReuses=0 reallocInPlace=416 reallocMoved=0 reallocDelegated=0 trims=0 trimmedBlocks=0 leakedBlocks=0 objects=127 bytesHeap=0 bytesDirect=103280862328 liveHeap=0 liveDirect=0
ARENALOOP thread=io.github.neoionet.netty.microbenchmark.ByteBufAllocatorAllocPatternBenchmark.directAllocation-1-19 arenaHeap=0 arenaDirect=102984258 delegateHeap=0 delegateDirect=13679302 arenaShare=88.27% blocksHeap=1 blocksDirect=3 pinned=2 reusable=1 maxPinnedHeap=0 maxPinnedDirect=2 blockReuses=375610 blockGrowths=2 hooks=1822866 hookRejections=0 violations=0 earlyReuses=0 reallocInPlace=391 reallocMoved=0 reallocDelegated=0 trims=0 trimmedBlocks=0 leakedBlocks=0 objects=127 bytesHeap=0 bytesDirect=97408677792 liveHeap=0 liveDirect=0
ARENALOOP thread=io.github.neoionet.netty.microbenchmark.ByteBufAllocatorAllocPatternBenchmark.directAllocation-1-22 arenaHeap=0 arenaDirect=102561897 delegateHeap=0 delegateDirect=13623257 arenaShare=88.27% blocksHeap=1 blocksDirect=3 pinned=1 reusable=2 maxPinnedHeap=0 maxPinnedDirect=2 blockReuses=374068 blockGrowths=2 hooks=1815391 hookRejections=0 violations=0 earlyReuses=0 reallocInPlace=391 reallocMoved=0 reallocDelegated=0 trims=0 trimmedBlocks=0 leakedBlocks=0 objects=127 bytesHeap=0 bytesDirect=97008905112 liveHeap=0 liveDirect=0
ARENALOOP thread=io.github.neoionet.netty.microbenchmark.ByteBufAllocatorAllocPatternBenchmark.directAllocation-1-16 arenaHeap=0 arenaDirect=95714441 delegateHeap=0 delegateDirect=12713557 arenaShare=88.27% blocksHeap=1 blocksDirect=3 pinned=2 reusable=1 maxPinnedHeap=0 maxPinnedDirect=2 blockReuses=349096 blockGrowths=2 hooks=1694185 hookRejections=0 violations=0 earlyReuses=0 reallocInPlace=363 reallocMoved=0 reallocDelegated=0 trims=0 trimmedBlocks=0 leakedBlocks=0 objects=127 bytesHeap=0 bytesDirect=90532770912 liveHeap=0 liveDirect=0
ARENALOOP thread=io.github.neoionet.netty.microbenchmark.ByteBufAllocatorAllocPatternBenchmark.directAllocation-1-2 arenaHeap=0 arenaDirect=91495735 delegateHeap=0 delegateDirect=12153399 arenaShare=88.27% blocksHeap=1 blocksDirect=3 pinned=2 reusable=1 maxPinnedHeap=0 maxPinnedDirect=2 blockReuses=333707 blockGrowths=2 hooks=1619515 hookRejections=0 violations=0 earlyReuses=0 reallocInPlace=349 reallocMoved=0 reallocDelegated=0 trims=0 trimmedBlocks=0 leakedBlocks=0 objects=127 bytesHeap=0 bytesDirect=86541978672 liveHeap=0 liveDirect=0
ARENALOOP thread=io.github.neoionet.netty.microbenchmark.ByteBufAllocatorAllocPatternBenchmark.directAllocation-1-26 arenaHeap=0 arenaDirect=109899870 delegateHeap=0 delegateDirect=14597994 arenaShare=88.27% blocksHeap=1 blocksDirect=3 pinned=1 reusable=2 maxPinnedHeap=0 maxPinnedDirect=2 blockReuses=400829 blockGrowths=2 hooks=1945277 hookRejections=0 violations=0 earlyReuses=0 reallocInPlace=419 reallocMoved=0 reallocDelegated=0 trims=0 trimmedBlocks=0 leakedBlocks=0 objects=127 bytesHeap=0 bytesDirect=103949068736 liveHeap=0 liveDirect=0
ARENALOOP thread=io.github.neoionet.netty.microbenchmark.ByteBufAllocatorAllocPatternBenchmark.directAllocation-1-1 arenaHeap=0 arenaDirect=102011288 delegateHeap=0 delegateDirect=13550142 arenaShare=88.27% blocksHeap=1 blocksDirect=3 pinned=1 reusable=2 maxPinnedHeap=0 maxPinnedDirect=2 blockReuses=372061 blockGrowths=2 hooks=1805645 hookRejections=0 violations=0 earlyReuses=0 reallocInPlace=389 reallocMoved=0 reallocDelegated=0 trims=0 trimmedBlocks=0 leakedBlocks=0 objects=127 bytesHeap=0 bytesDirect=96488522176 liveHeap=0 liveDirect=0
ARENALOOP thread=io.github.neoionet.netty.microbenchmark.ByteBufAllocatorAllocPatternBenchmark.directAllocation-1-28 arenaHeap=0 arenaDirect=99756494 delegateHeap=0 delegateDirect=13250618 arenaShare=88.27% blocksHeap=1 blocksDirect=3 pinned=2 reusable=1 maxPinnedHeap=0 maxPinnedDirect=2 blockReuses=363836 blockGrowths=2 hooks=1765734 hookRejections=0 violations=0 earlyReuses=0 reallocInPlace=377 reallocMoved=0 reallocDelegated=0 trims=0 trimmedBlocks=0 leakedBlocks=0 objects=127 bytesHeap=0 bytesDirect=94355433712 liveHeap=0 liveDirect=0
ARENALOOP thread=io.github.neoionet.netty.microbenchmark.ByteBufAllocatorAllocPatternBenchmark.directAllocation-1-32 arenaHeap=0 arenaDirect=95616046 delegateHeap=0 delegateDirect=12700663 arenaShare=88.27% blocksHeap=1 blocksDirect=3 pinned=1 reusable=1 maxPinnedHeap=0 maxPinnedDirect=2 blockReuses=348736 blockGrowths=2 hooks=1692446 hookRejections=0 violations=0 earlyReuses=0 reallocInPlace=363 reallocMoved=0 reallocDelegated=0 trims=0 trimmedBlocks=0 leakedBlocks=0 objects=127 bytesHeap=0 bytesDirect=90439335176 liveHeap=0 liveDirect=0
ARENALOOP thread=io.github.neoionet.netty.microbenchmark.ByteBufAllocatorAllocPatternBenchmark.directAllocation-1-24 arenaHeap=0 arenaDirect=94488396 delegateHeap=0 delegateDirect=12550834 arenaShare=88.27% blocksHeap=1 blocksDirect=3 pinned=2 reusable=1 maxPinnedHeap=0 maxPinnedDirect=2 blockReuses=344622 blockGrowths=2 hooks=1672485 hookRejections=0 violations=0 earlyReuses=0 reallocInPlace=361 reallocMoved=0 reallocDelegated=0 trims=0 trimmedBlocks=0 leakedBlocks=0 objects=127 bytesHeap=0 bytesDirect=89372531392 liveHeap=0 liveDirect=0
ARENALOOP thread=io.github.neoionet.netty.microbenchmark.ByteBufAllocatorAllocPatternBenchmark.directAllocation-1-30 arenaHeap=0 arenaDirect=102233945 delegateHeap=0 delegateDirect=13579559 arenaShare=88.27% blocksHeap=1 blocksDirect=3 pinned=2 reusable=1 maxPinnedHeap=0 maxPinnedDirect=2 blockReuses=372872 blockGrowths=2 hooks=1809584 hookRejections=0 violations=0 earlyReuses=0 reallocInPlace=389 reallocMoved=0 reallocDelegated=0 trims=0 trimmedBlocks=0 leakedBlocks=0 objects=127 bytesHeap=0 bytesDirect=96698564024 liveHeap=0 liveDirect=0
ARENALOOP thread=io.github.neoionet.netty.microbenchmark.ByteBufAllocatorAllocPatternBenchmark.directAllocation-1-6 arenaHeap=0 arenaDirect=111678677 delegateHeap=0 delegateDirect=14834175 arenaShare=88.27% blocksHeap=1 blocksDirect=3 pinned=2 reusable=1 maxPinnedHeap=0 maxPinnedDirect=2 blockReuses=407327 blockGrowths=2 hooks=1976761 hookRejections=0 violations=0 earlyReuses=0 reallocInPlace=423 reallocMoved=0 reallocDelegated=0 trims=0 trimmedBlocks=0 leakedBlocks=0 objects=127 bytesHeap=0 bytesDirect=105634190928 liveHeap=0 liveDirect=0
ARENALOOP thread=io.github.neoionet.netty.microbenchmark.ByteBufAllocatorAllocPatternBenchmark.directAllocation-1-29 arenaHeap=0 arenaDirect=96565440 delegateHeap=0 delegateDirect=12826739 arenaShare=88.27% blocksHeap=1 blocksDirect=3 pinned=2 reusable=1 maxPinnedHeap=0 maxPinnedDirect=2 blockReuses=352201 blockGrowths=2 hooks=1709250 hookRejections=0 violations=0 earlyReuses=0 reallocInPlace=366 reallocMoved=0 reallocDelegated=0 trims=0 trimmedBlocks=0 leakedBlocks=0 objects=127 bytesHeap=0 bytesDirect=91338001080 liveHeap=0 liveDirect=0
ARENALOOP thread=io.github.neoionet.netty.microbenchmark.ByteBufAllocatorAllocPatternBenchmark.directAllocation-1-31 arenaHeap=0 arenaDirect=110608946 delegateHeap=0 delegateDirect=14691961 arenaShare=88.27% blocksHeap=1 blocksDirect=3 pinned=1 reusable=1 maxPinnedHeap=0 maxPinnedDirect=2 blockReuses=403422 blockGrowths=2 hooks=1957824 hookRejections=0 violations=0 earlyReuses=0 reallocInPlace=419 reallocMoved=0 reallocDelegated=0 trims=0 trimmedBlocks=0 leakedBlocks=0 objects=127 bytesHeap=0 bytesDirect=104621264816 liveHeap=0 liveDirect=0
ARENALOOP thread=io.github.neoionet.netty.microbenchmark.ByteBufAllocatorAllocPatternBenchmark.directAllocation-1-27 arenaHeap=0 arenaDirect=94699354 delegateHeap=0 delegateDirect=12578994 arenaShare=88.27% blocksHeap=1 blocksDirect=3 pinned=1 reusable=2 maxPinnedHeap=0 maxPinnedDirect=2 blockReuses=345394 blockGrowths=2 hooks=1676222 hookRejections=0 violations=0 earlyReuses=0 reallocInPlace=361 reallocMoved=0 reallocDelegated=0 trims=0 trimmedBlocks=0 leakedBlocks=0 objects=127 bytesHeap=0 bytesDirect=89572833424 liveHeap=0 liveDirect=0
ARENALOOP thread=io.github.neoionet.netty.microbenchmark.ByteBufAllocatorAllocPatternBenchmark.directAllocation-1-8 arenaHeap=0 arenaDirect=98749804 delegateHeap=0 delegateDirect=13116762 arenaShare=88.27% blocksHeap=1 blocksDirect=3 pinned=1 reusable=2 maxPinnedHeap=0 maxPinnedDirect=2 blockReuses=360165 blockGrowths=2 hooks=1747913 hookRejections=0 violations=0 earlyReuses=0 reallocInPlace=376 reallocMoved=0 reallocDelegated=0 trims=0 trimmedBlocks=0 leakedBlocks=0 objects=127 bytesHeap=0 bytesDirect=93403529704 liveHeap=0 liveDirect=0
ARENALOOP thread=io.github.neoionet.netty.microbenchmark.ByteBufAllocatorAllocPatternBenchmark.directAllocation-1-21 arenaHeap=0 arenaDirect=105310659 delegateHeap=0 delegateDirect=13988153 arenaShare=88.27% blocksHeap=1 blocksDirect=3 pinned=2 reusable=1 maxPinnedHeap=0 maxPinnedDirect=2 blockReuses=384089 blockGrowths=2 hooks=1864041 hookRejections=0 violations=0 earlyReuses=0 reallocInPlace=400 reallocMoved=0 reallocDelegated=0 trims=0 trimmedBlocks=0 leakedBlocks=0 objects=127 bytesHeap=0 bytesDirect=99607804152 liveHeap=0 liveDirect=0
ARENALOOP thread=io.github.neoionet.netty.microbenchmark.ByteBufAllocatorAllocPatternBenchmark.directAllocation-1-7 arenaHeap=0 arenaDirect=107947606 delegateHeap=0 delegateDirect=14338553 arenaShare=88.27% blocksHeap=1 blocksDirect=3 pinned=1 reusable=2 maxPinnedHeap=0 maxPinnedDirect=2 blockReuses=393716 blockGrowths=2 hooks=1910719 hookRejections=0 violations=0 earlyReuses=0 reallocInPlace=409 reallocMoved=0 reallocDelegated=0 trims=0 trimmedBlocks=0 leakedBlocks=0 objects=127 bytesHeap=0 bytesDirect=102104466056 liveHeap=0 liveDirect=0
ARENALOOP thread=io.github.neoionet.netty.microbenchmark.ByteBufAllocatorAllocPatternBenchmark.directAllocation-1-23 arenaHeap=0 arenaDirect=120411988 delegateHeap=0 delegateDirect=15994287 arenaShare=88.27% blocksHeap=1 blocksDirect=3 pinned=1 reusable=2 maxPinnedHeap=0 maxPinnedDirect=2 blockReuses=439171 blockGrowths=2 hooks=2131346 hookRejections=0 violations=0 earlyReuses=0 reallocInPlace=459 reallocMoved=0 reallocDelegated=0 trims=0 trimmedBlocks=0 leakedBlocks=0 objects=127 bytesHeap=0 bytesDirect=113892383832 liveHeap=0 liveDirect=0
ARENALOOP thread=io.github.neoionet.netty.microbenchmark.ByteBufAllocatorAllocPatternBenchmark.directAllocation-1-11 arenaHeap=0 arenaDirect=94972030 delegateHeap=0 delegateDirect=12615080 arenaShare=88.27% blocksHeap=1 blocksDirect=3 pinned=1 reusable=2 maxPinnedHeap=0 maxPinnedDirect=2 blockReuses=346387 blockGrowths=2 hooks=1681046 hookRejections=0 violations=0 earlyReuses=0 reallocInPlace=361 reallocMoved=0 reallocDelegated=0 trims=0 trimmedBlocks=0 leakedBlocks=0 objects=127 bytesHeap=0 bytesDirect=89830345504 liveHeap=0 liveDirect=0
ARENALOOP thread=io.github.neoionet.netty.microbenchmark.ByteBufAllocatorAllocPatternBenchmark.directAllocation-1-13 arenaHeap=0 arenaDirect=103469491 delegateHeap=0 delegateDirect=13743866 arenaShare=88.27% blocksHeap=1 blocksDirect=3 pinned=1 reusable=2 maxPinnedHeap=0 maxPinnedDirect=2 blockReuses=377378 blockGrowths=2 hooks=1831456 hookRejections=0 violations=0 earlyReuses=0 reallocInPlace=391 reallocMoved=0 reallocDelegated=0 trims=0 trimmedBlocks=0 leakedBlocks=0 objects=127 bytesHeap=0 bytesDirect=97867381424 liveHeap=0 liveDirect=0
ARENALOOP thread=io.github.neoionet.netty.microbenchmark.ByteBufAllocatorAllocPatternBenchmark.directAllocation-1-20 arenaHeap=0 arenaDirect=94346665 delegateHeap=0 delegateDirect=12531956 arenaShare=88.27% blocksHeap=1 blocksDirect=3 pinned=2 reusable=1 maxPinnedHeap=0 maxPinnedDirect=2 blockReuses=344102 blockGrowths=2 hooks=1669976 hookRejections=0 violations=0 earlyReuses=0 reallocInPlace=359 reallocMoved=0 reallocDelegated=0 trims=0 trimmedBlocks=0 leakedBlocks=0 objects=127 bytesHeap=0 bytesDirect=89237825016 liveHeap=0 liveDirect=0
188.992 ±(99.9%) 32.093 ns/op


Result "io.github.neoionet.netty.microbenchmark.ByteBufAllocatorAllocPatternBenchmark.directAllocation":
  194.764 ±(99.9%) 4.823 ns/op [Average]
  (min, avg, max) = (180.753, 194.764, 209.085), stdev = 7.219
  CI (99.9%): [189.940, 199.587] (assumes normal distribution)


# JMH version: 1.37
# VM version: JDK 21, Java HotSpot(TM) 64-Bit Server VM, 21+35-LTS-2513
# VM invoker: /home/forked_franz/.sdkman/candidates/java/21-oracle/bin/java
# VM options: -server -dsa -da -XX:InitialRAMPercentage=40.0 -XX:MaxRAMPercentage=40.0 -Dio.netty.leakDetection.level=disabled -Djmh.executor=CUSTOM -Djmh.executor.class=io.github.neoionet.netty.microbenchmark.executor.FastThreadLocalThreadHarnessExecutor -XX:MaxRAM=60g -Dexpt.hookEvery=64
# Blackhole mode: compiler (auto-detected, use -Djmh.blackhole.autoDetect=false to disable)
# Warmup: 10 iterations, 1 s each
# Measurement: 10 iterations, 1 s each
# Timeout: 10 min per iteration
# Threads: 32 threads, will synchronize iterations
# Benchmark mode: Average time, time/op
# Benchmark: io.github.neoionet.netty.microbenchmark.ByteBufAllocatorAllocPatternBenchmark.directAllocation
# Parameters: (MAX_LIVE_BUFFERS = 1024, allocatorType = ARENA, enableReadWrite = true, sizePattern = E_COMMERCE)

# Run progress: 7.14% complete, ETA 00:16:11
# Fork: 1 of 3
# Warmup Iteration   1: 320.318 ±(99.9%) 29.271 ns/op
# Warmup Iteration   2: 328.632 ±(99.9%) 46.349 ns/op
# Warmup Iteration   3: 228.896 ±(99.9%) 19.249 ns/op
# Warmup Iteration   4: 231.004 ±(99.9%) 29.960 ns/op
# Warmup Iteration   5: 254.668 ±(99.9%) 61.036 ns/op
# Warmup Iteration   6: 251.088 ±(99.9%) 56.383 ns/op
# Warmup Iteration   7: 238.931 ±(99.9%) 40.908 ns/op
# Warmup Iteration   8: 243.525 ±(99.9%) 50.235 ns/op
# Warmup Iteration   9: 239.954 ±(99.9%) 42.416 ns/op
# Warmup Iteration  10: 278.669 ±(99.9%) 78.069 ns/op
Iteration   1: 247.109 ±(99.9%) 52.617 ns/op
Iteration   2: 232.560 ±(99.9%) 32.944 ns/op
Iteration   3: 257.606 ±(99.9%) 61.671 ns/op
Iteration   4: 246.494 ±(99.9%) 48.019 ns/op
Iteration   5: 246.486 ±(99.9%) 35.297 ns/op
Iteration   6: 324.395 ±(99.9%) 99.374 ns/op
Iteration   7: 342.418 ±(99.9%) 90.256 ns/op
Iteration   8: 349.493 ±(99.9%) 77.789 ns/op
Iteration   9: 289.449 ±(99.9%) 74.872 ns/op
Iteration  10: cRSS-pRSS:[2237, 2237]
;used-memory:[0]
ARENATELE blockSize=262144 maxBlocks=8 cap=8192 maxObjects=16384 debug=false arenaHeap=0 arenaDirect=2430114897 delegateHeap=0 delegateDirect=322793885 arenaShare=88.27% blocksHeap=32 blocksDirect=224 pinned=137 reusable=82 maxPinnedHeap=0 maxPinnedDirect=224 blockReuses=8862493 blockGrowths=192 hooks=43013671 hookRejections=0 violations=0 earlyReuses=0 reallocInPlace=9221 reallocMoved=0 reallocDelegated=0 trims=0 trimmedBlocks=0 leakedBlocks=0 objects=30208 bytesHeap=0 bytesDirect=2298507735960 liveHeap=0 liveDirect=0
ARENALOOP thread=io.github.neoionet.netty.microbenchmark.ByteBufAllocatorAllocPatternBenchmark.directAllocation-1-1 arenaHeap=0 arenaDirect=73723426 delegateHeap=0 delegateDirect=9792492 arenaShare=88.27% blocksHeap=1 blocksDirect=7 pinned=4 reusable=3 maxPinnedHeap=0 maxPinnedDirect=7 blockReuses=268868 blockGrowths=6 hooks=1304920 hookRejections=0 violations=0 earlyReuses=0 reallocInPlace=279 reallocMoved=0 reallocDelegated=0 trims=0 trimmedBlocks=0 leakedBlocks=0 objects=944 bytesHeap=0 bytesDirect=69731420152 liveHeap=0 liveDirect=0
ARENALOOP thread=io.github.neoionet.netty.microbenchmark.ByteBufAllocatorAllocPatternBenchmark.directAllocation-1-5 arenaHeap=0 arenaDirect=71215152 delegateHeap=0 delegateDirect=9459730 arenaShare=88.27% blocksHeap=1 blocksDirect=7 pinned=4 reusable=3 maxPinnedHeap=0 maxPinnedDirect=7 blockReuses=259719 blockGrowths=6 hooks=1260529 hookRejections=0 violations=0 earlyReuses=0 reallocInPlace=270 reallocMoved=0 reallocDelegated=0 trims=0 trimmedBlocks=0 leakedBlocks=0 objects=944 bytesHeap=0 bytesDirect=67358914376 liveHeap=0 liveDirect=0
ARENALOOP thread=io.github.neoionet.netty.microbenchmark.ByteBufAllocatorAllocPatternBenchmark.directAllocation-1-30 arenaHeap=0 arenaDirect=89883526 delegateHeap=0 delegateDirect=11939314 arenaShare=88.27% blocksHeap=1 blocksDirect=7 pinned=4 reusable=3 maxPinnedHeap=0 maxPinnedDirect=7 blockReuses=327801 blockGrowths=6 hooks=1590965 hookRejections=0 violations=0 earlyReuses=0 reallocInPlace=340 reallocMoved=0 reallocDelegated=0 trims=0 trimmedBlocks=0 leakedBlocks=0 objects=944 bytesHeap=0 bytesDirect=85015710496 liveHeap=0 liveDirect=0
ARENALOOP thread=io.github.neoionet.netty.microbenchmark.ByteBufAllocatorAllocPatternBenchmark.directAllocation-1-31 arenaHeap=0 arenaDirect=73677379 delegateHeap=0 delegateDirect=9786446 arenaShare=88.27% blocksHeap=1 blocksDirect=7 pinned=4 reusable=2 maxPinnedHeap=0 maxPinnedDirect=7 blockReuses=268701 blockGrowths=6 hooks=1304106 hookRejections=0 violations=0 earlyReuses=0 reallocInPlace=279 reallocMoved=0 reallocDelegated=0 trims=0 trimmedBlocks=0 leakedBlocks=0 objects=944 bytesHeap=0 bytesDirect=69688055656 liveHeap=0 liveDirect=0
ARENALOOP thread=io.github.neoionet.netty.microbenchmark.ByteBufAllocatorAllocPatternBenchmark.directAllocation-1-6 arenaHeap=0 arenaDirect=68949679 delegateHeap=0 delegateDirect=9158539 arenaShare=88.27% blocksHeap=1 blocksDirect=7 pinned=4 reusable=3 maxPinnedHeap=0 maxPinnedDirect=7 blockReuses=251452 blockGrowths=6 hooks=1220424 hookRejections=0 violations=0 earlyReuses=0 reallocInPlace=263 reallocMoved=0 reallocDelegated=0 trims=0 trimmedBlocks=0 leakedBlocks=0 objects=944 bytesHeap=0 bytesDirect=65214661248 liveHeap=0 liveDirect=0
ARENALOOP thread=io.github.neoionet.netty.microbenchmark.ByteBufAllocatorAllocPatternBenchmark.directAllocation-1-20 arenaHeap=0 arenaDirect=78831853 delegateHeap=0 delegateDirect=10471468 arenaShare=88.27% blocksHeap=1 blocksDirect=7 pinned=4 reusable=3 maxPinnedHeap=0 maxPinnedDirect=7 blockReuses=287496 blockGrowths=6 hooks=1395348 hookRejections=0 violations=0 earlyReuses=0 reallocInPlace=298 reallocMoved=0 reallocDelegated=0 trims=0 trimmedBlocks=0 leakedBlocks=0 objects=944 bytesHeap=0 bytesDirect=74562912984 liveHeap=0 liveDirect=0
ARENALOOP thread=io.github.neoionet.netty.microbenchmark.ByteBufAllocatorAllocPatternBenchmark.directAllocation-1-29 arenaHeap=0 arenaDirect=67012087 delegateHeap=0 delegateDirect=8901296 arenaShare=88.27% blocksHeap=1 blocksDirect=7 pinned=5 reusable=2 maxPinnedHeap=0 maxPinnedDirect=7 blockReuses=244391 blockGrowths=6 hooks=1186130 hookRejections=0 violations=0 earlyReuses=0 reallocInPlace=255 reallocMoved=0 reallocDelegated=0 trims=0 trimmedBlocks=0 leakedBlocks=0 objects=944 bytesHeap=0 bytesDirect=63383547232 liveHeap=0 liveDirect=0
ARENALOOP thread=io.github.neoionet.netty.microbenchmark.ByteBufAllocatorAllocPatternBenchmark.directAllocation-1-26 arenaHeap=0 arenaDirect=88884789 delegateHeap=0 delegateDirect=11806816 arenaShare=88.27% blocksHeap=1 blocksDirect=7 pinned=4 reusable=3 maxPinnedHeap=0 maxPinnedDirect=7 blockReuses=324158 blockGrowths=6 hooks=1573290 hookRejections=0 violations=0 earlyReuses=0 reallocInPlace=336 reallocMoved=0 reallocDelegated=0 trims=0 trimmedBlocks=0 leakedBlocks=0 objects=944 bytesHeap=0 bytesDirect=84070708816 liveHeap=0 liveDirect=0
ARENALOOP thread=io.github.neoionet.netty.microbenchmark.ByteBufAllocatorAllocPatternBenchmark.directAllocation-1-28 arenaHeap=0 arenaDirect=80088623 delegateHeap=0 delegateDirect=10638149 arenaShare=88.27% blocksHeap=1 blocksDirect=7 pinned=5 reusable=2 maxPinnedHeap=0 maxPinnedDirect=7 blockReuses=292079 blockGrowths=6 hooks=1417589 hookRejections=0 violations=0 earlyReuses=0 reallocInPlace=305 reallocMoved=0 reallocDelegated=0 trims=0 trimmedBlocks=0 leakedBlocks=0 objects=944 bytesHeap=0 bytesDirect=75750980064 liveHeap=0 liveDirect=0
ARENALOOP thread=io.github.neoionet.netty.microbenchmark.ByteBufAllocatorAllocPatternBenchmark.directAllocation-1-14 arenaHeap=0 arenaDirect=88572981 delegateHeap=0 delegateDirect=11765102 arenaShare=88.27% blocksHeap=1 blocksDirect=7 pinned=4 reusable=3 maxPinnedHeap=0 maxPinnedDirect=7 blockReuses=323025 blockGrowths=6 hooks=1567766 hookRejections=0 violations=0 earlyReuses=0 reallocInPlace=335 reallocMoved=0 reallocDelegated=0 trims=0 trimmedBlocks=0 leakedBlocks=0 objects=944 bytesHeap=0 bytesDirect=83776934744 liveHeap=0 liveDirect=0
ARENALOOP thread=io.github.neoionet.netty.microbenchmark.ByteBufAllocatorAllocPatternBenchmark.directAllocation-1-13 arenaHeap=0 arenaDirect=68798727 delegateHeap=0 delegateDirect=9138648 arenaShare=88.27% blocksHeap=1 blocksDirect=7 pinned=4 reusable=3 maxPinnedHeap=0 maxPinnedDirect=7 blockReuses=250906 blockGrowths=6 hooks=1217755 hookRejections=0 violations=0 earlyReuses=0 reallocInPlace=263 reallocMoved=0 reallocDelegated=0 trims=0 trimmedBlocks=0 leakedBlocks=0 objects=944 bytesHeap=0 bytesDirect=65073186104 liveHeap=0 liveDirect=0
ARENALOOP thread=io.github.neoionet.netty.microbenchmark.ByteBufAllocatorAllocPatternBenchmark.directAllocation-1-25 arenaHeap=0 arenaDirect=62824679 delegateHeap=0 delegateDirect=8345351 arenaShare=88.27% blocksHeap=1 blocksDirect=7 pinned=4 reusable=3 maxPinnedHeap=0 maxPinnedDirect=7 blockReuses=229115 blockGrowths=6 hooks=1112015 hookRejections=0 violations=0 earlyReuses=0 reallocInPlace=237 reallocMoved=0 reallocDelegated=0 trims=0 trimmedBlocks=0 leakedBlocks=0 objects=944 bytesHeap=0 bytesDirect=59421768760 liveHeap=0 liveDirect=0
ARENALOOP thread=io.github.neoionet.netty.microbenchmark.ByteBufAllocatorAllocPatternBenchmark.directAllocation-1-17 arenaHeap=0 arenaDirect=74476950 delegateHeap=0 delegateDirect=9892861 arenaShare=88.27% blocksHeap=1 blocksDirect=7 pinned=4 reusable=2 maxPinnedHeap=0 maxPinnedDirect=7 blockReuses=271616 blockGrowths=6 hooks=1318262 hookRejections=0 violations=0 earlyReuses=0 reallocInPlace=283 reallocMoved=0 reallocDelegated=0 trims=0 trimmedBlocks=0 leakedBlocks=0 objects=944 bytesHeap=0 bytesDirect=70444205240 liveHeap=0 liveDirect=0
ARENALOOP thread=io.github.neoionet.netty.microbenchmark.ByteBufAllocatorAllocPatternBenchmark.directAllocation-1-24 arenaHeap=0 arenaDirect=85613086 delegateHeap=0 delegateDirect=11372065 arenaShare=88.27% blocksHeap=1 blocksDirect=7 pinned=5 reusable=2 maxPinnedHeap=0 maxPinnedDirect=7 blockReuses=312229 blockGrowths=6 hooks=1515376 hookRejections=0 violations=0 earlyReuses=0 reallocInPlace=325 reallocMoved=0 reallocDelegated=0 trims=0 trimmedBlocks=0 leakedBlocks=0 objects=944 bytesHeap=0 bytesDirect=80977140392 liveHeap=0 liveDirect=0
ARENALOOP thread=io.github.neoionet.netty.microbenchmark.ByteBufAllocatorAllocPatternBenchmark.directAllocation-1-32 arenaHeap=0 arenaDirect=84411297 delegateHeap=0 delegateDirect=11212487 arenaShare=88.27% blocksHeap=1 blocksDirect=7 pinned=5 reusable=2 maxPinnedHeap=0 maxPinnedDirect=7 blockReuses=307841 blockGrowths=6 hooks=1494105 hookRejections=0 violations=0 earlyReuses=0 reallocInPlace=321 reallocMoved=0 reallocDelegated=0 trims=0 trimmedBlocks=0 leakedBlocks=0 objects=944 bytesHeap=0 bytesDirect=79838914960 liveHeap=0 liveDirect=0
ARENALOOP thread=io.github.neoionet.netty.microbenchmark.ByteBufAllocatorAllocPatternBenchmark.directAllocation-1-27 arenaHeap=0 arenaDirect=72126380 delegateHeap=0 delegateDirect=9580539 arenaShare=88.27% blocksHeap=1 blocksDirect=7 pinned=4 reusable=3 maxPinnedHeap=0 maxPinnedDirect=7 blockReuses=263036 blockGrowths=6 hooks=1276654 hookRejections=0 violations=0 earlyReuses=0 reallocInPlace=275 reallocMoved=0 reallocDelegated=0 trims=0 trimmedBlocks=0 leakedBlocks=0 objects=944 bytesHeap=0 bytesDirect=68219260232 liveHeap=0 liveDirect=0
ARENALOOP thread=io.github.neoionet.netty.microbenchmark.ByteBufAllocatorAllocPatternBenchmark.directAllocation-1-18 arenaHeap=0 arenaDirect=78713191 delegateHeap=0 delegateDirect=10455674 arenaShare=88.27% blocksHeap=1 blocksDirect=7 pinned=4 reusable=2 maxPinnedHeap=0 maxPinnedDirect=7 blockReuses=287067 blockGrowths=6 hooks=1393247 hookRejections=0 violations=0 earlyReuses=0 reallocInPlace=298 reallocMoved=0 reallocDelegated=0 trims=0 trimmedBlocks=0 leakedBlocks=0 objects=944 bytesHeap=0 bytesDirect=74451438416 liveHeap=0 liveDirect=0
ARENALOOP thread=io.github.neoionet.netty.microbenchmark.ByteBufAllocatorAllocPatternBenchmark.directAllocation-1-11 arenaHeap=0 arenaDirect=63253609 delegateHeap=0 delegateDirect=8402021 arenaShare=88.27% blocksHeap=1 blocksDirect=7 pinned=4 reusable=3 maxPinnedHeap=0 maxPinnedDirect=7 blockReuses=230683 blockGrowths=6 hooks=1119603 hookRejections=0 violations=0 earlyReuses=0 reallocInPlace=240 reallocMoved=0 reallocDelegated=0 trims=0 trimmedBlocks=0 leakedBlocks=0 objects=944 bytesHeap=0 bytesDirect=59828534720 liveHeap=0 liveDirect=0
ARENALOOP thread=io.github.neoionet.netty.microbenchmark.ByteBufAllocatorAllocPatternBenchmark.directAllocation-1-7 arenaHeap=0 arenaDirect=74680980 delegateHeap=0 delegateDirect=9919878 arenaShare=88.27% blocksHeap=1 blocksDirect=7 pinned=4 reusable=3 maxPinnedHeap=0 maxPinnedDirect=7 blockReuses=272364 blockGrowths=6 hooks=1321872 hookRejections=0 violations=0 earlyReuses=0 reallocInPlace=283 reallocMoved=0 reallocDelegated=0 trims=0 trimmedBlocks=0 leakedBlocks=0 objects=944 bytesHeap=0 bytesDirect=70638394408 liveHeap=0 liveDirect=0
ARENALOOP thread=io.github.neoionet.netty.microbenchmark.ByteBufAllocatorAllocPatternBenchmark.directAllocation-1-23 arenaHeap=0 arenaDirect=93148897 delegateHeap=0 delegateDirect=12373019 arenaShare=88.27% blocksHeap=1 blocksDirect=7 pinned=4 reusable=3 maxPinnedHeap=0 maxPinnedDirect=7 blockReuses=339714 blockGrowths=6 hooks=1648763 hookRejections=0 violations=0 earlyReuses=0 reallocInPlace=353 reallocMoved=0 reallocDelegated=0 trims=0 trimmedBlocks=0 leakedBlocks=0 objects=944 bytesHeap=0 bytesDirect=88105369432 liveHeap=0 liveDirect=0
ARENALOOP thread=io.github.neoionet.netty.microbenchmark.ByteBufAllocatorAllocPatternBenchmark.directAllocation-1-16 arenaHeap=0 arenaDirect=72034897 delegateHeap=0 delegateDirect=9568320 arenaShare=88.27% blocksHeap=1 blocksDirect=7 pinned=5 reusable=2 maxPinnedHeap=0 maxPinnedDirect=7 blockReuses=262701 blockGrowths=6 hooks=1275034 hookRejections=0 violations=0 earlyReuses=0 reallocInPlace=274 reallocMoved=0 reallocDelegated=0 trims=0 trimmedBlocks=0 leakedBlocks=0 objects=944 bytesHeap=0 bytesDirect=68132275664 liveHeap=0 liveDirect=0
ARENALOOP thread=io.github.neoionet.netty.microbenchmark.ByteBufAllocatorAllocPatternBenchmark.directAllocation-1-3 arenaHeap=0 arenaDirect=75319520 delegateHeap=0 delegateDirect=10004627 arenaShare=88.27% blocksHeap=1 blocksDirect=7 pinned=4 reusable=2 maxPinnedHeap=0 maxPinnedDirect=7 blockReuses=274681 blockGrowths=6 hooks=1333173 hookRejections=0 violations=0 earlyReuses=0 reallocInPlace=286 reallocMoved=0 reallocDelegated=0 trims=0 trimmedBlocks=0 leakedBlocks=0 objects=944 bytesHeap=0 bytesDirect=71239118840 liveHeap=0 liveDirect=0
ARENALOOP thread=io.github.neoionet.netty.microbenchmark.ByteBufAllocatorAllocPatternBenchmark.directAllocation-1-2 arenaHeap=0 arenaDirect=67291945 delegateHeap=0 delegateDirect=8938393 arenaShare=88.27% blocksHeap=1 blocksDirect=7 pinned=4 reusable=3 maxPinnedHeap=0 maxPinnedDirect=7 blockReuses=245416 blockGrowths=6 hooks=1191083 hookRejections=0 violations=0 earlyReuses=0 reallocInPlace=255 reallocMoved=0 reallocDelegated=0 trims=0 trimmedBlocks=0 leakedBlocks=0 objects=944 bytesHeap=0 bytesDirect=63649585248 liveHeap=0 liveDirect=0
ARENALOOP thread=io.github.neoionet.netty.microbenchmark.ByteBufAllocatorAllocPatternBenchmark.directAllocation-1-15 arenaHeap=0 arenaDirect=82617770 delegateHeap=0 delegateDirect=10974343 arenaShare=88.27% blocksHeap=1 blocksDirect=7 pinned=5 reusable=2 maxPinnedHeap=0 maxPinnedDirect=7 blockReuses=301301 blockGrowths=6 hooks=1462360 hookRejections=0 violations=0 earlyReuses=0 reallocInPlace=312 reallocMoved=0 reallocDelegated=0 trims=0 trimmedBlocks=0 leakedBlocks=0 objects=944 bytesHeap=0 bytesDirect=78143014352 liveHeap=0 liveDirect=0
ARENALOOP thread=io.github.neoionet.netty.microbenchmark.ByteBufAllocatorAllocPatternBenchmark.directAllocation-1-4 arenaHeap=0 arenaDirect=69468864 delegateHeap=0 delegateDirect=9227513 arenaShare=88.27% blocksHeap=1 blocksDirect=7 pinned=4 reusable=2 maxPinnedHeap=0 maxPinnedDirect=7 blockReuses=253347 blockGrowths=6 hooks=1229614 hookRejections=0 violations=0 earlyReuses=0 reallocInPlace=265 reallocMoved=0 reallocDelegated=0 trims=0 trimmedBlocks=0 leakedBlocks=0 objects=944 bytesHeap=0 bytesDirect=65706092736 liveHeap=0 liveDirect=0
ARENALOOP thread=io.github.neoionet.netty.microbenchmark.ByteBufAllocatorAllocPatternBenchmark.directAllocation-1-19 arenaHeap=0 arenaDirect=73962029 delegateHeap=0 delegateDirect=9824637 arenaShare=88.27% blocksHeap=1 blocksDirect=7 pinned=4 reusable=3 maxPinnedHeap=0 maxPinnedDirect=7 blockReuses=269732 blockGrowths=6 hooks=1309150 hookRejections=0 violations=0 earlyReuses=0 reallocInPlace=279 reallocMoved=0 reallocDelegated=0 trims=0 trimmedBlocks=0 leakedBlocks=0 objects=944 bytesHeap=0 bytesDirect=69955612000 liveHeap=0 liveDirect=0
ARENALOOP thread=io.github.neoionet.netty.microbenchmark.ByteBufAllocatorAllocPatternBenchmark.directAllocation-1-21 arenaHeap=0 arenaDirect=86752133 delegateHeap=0 delegateDirect=11523196 arenaShare=88.27% blocksHeap=1 blocksDirect=7 pinned=5 reusable=2 maxPinnedHeap=0 maxPinnedDirect=7 blockReuses=316376 blockGrowths=6 hooks=1535536 hookRejections=0 violations=0 earlyReuses=0 reallocInPlace=330 reallocMoved=0 reallocDelegated=0 trims=0 trimmedBlocks=0 leakedBlocks=0 objects=944 bytesHeap=0 bytesDirect=82052558880 liveHeap=0 liveDirect=0
ARENALOOP thread=io.github.neoionet.netty.microbenchmark.ByteBufAllocatorAllocPatternBenchmark.directAllocation-1-8 arenaHeap=0 arenaDirect=69575211 delegateHeap=0 delegateDirect=9241659 arenaShare=88.27% blocksHeap=1 blocksDirect=7 pinned=4 reusable=3 maxPinnedHeap=0 maxPinnedDirect=7 blockReuses=253733 blockGrowths=6 hooks=1231497 hookRejections=0 violations=0 earlyReuses=0 reallocInPlace=265 reallocMoved=0 reallocDelegated=0 trims=0 trimmedBlocks=0 leakedBlocks=0 objects=944 bytesHeap=0 bytesDirect=65806215672 liveHeap=0 liveDirect=0
ARENALOOP thread=io.github.neoionet.netty.microbenchmark.ByteBufAllocatorAllocPatternBenchmark.directAllocation-1-12 arenaHeap=0 arenaDirect=78781369 delegateHeap=0 delegateDirect=10464544 arenaShare=88.27% blocksHeap=1 blocksDirect=7 pinned=4 reusable=3 maxPinnedHeap=0 maxPinnedDirect=7 blockReuses=287311 blockGrowths=6 hooks=1394451 hookRejections=0 violations=0 earlyReuses=0 reallocInPlace=298 reallocMoved=0 reallocDelegated=0 trims=0 trimmedBlocks=0 leakedBlocks=0 objects=944 bytesHeap=0 bytesDirect=74514827520 liveHeap=0 liveDirect=0
ARENALOOP thread=io.github.neoionet.netty.microbenchmark.ByteBufAllocatorAllocPatternBenchmark.directAllocation-1-22 arenaHeap=0 arenaDirect=71752831 delegateHeap=0 delegateDirect=9530864 arenaShare=88.27% blocksHeap=1 blocksDirect=7 pinned=5 reusable=2 maxPinnedHeap=0 maxPinnedDirect=7 blockReuses=261671 blockGrowths=6 hooks=1270041 hookRejections=0 violations=0 earlyReuses=0 reallocInPlace=273 reallocMoved=0 reallocDelegated=0 trims=0 trimmedBlocks=0 leakedBlocks=0 objects=944 bytesHeap=0 bytesDirect=67865084824 liveHeap=0 liveDirect=0
ARENALOOP thread=io.github.neoionet.netty.microbenchmark.ByteBufAllocatorAllocPatternBenchmark.directAllocation-1-9 arenaHeap=0 arenaDirect=68930066 delegateHeap=0 delegateDirect=9155958 arenaShare=88.27% blocksHeap=1 blocksDirect=7 pinned=4 reusable=3 maxPinnedHeap=0 maxPinnedDirect=7 blockReuses=251381 blockGrowths=6 hooks=1220078 hookRejections=0 violations=0 earlyReuses=0 reallocInPlace=263 reallocMoved=0 reallocDelegated=0 trims=0 trimmedBlocks=0 leakedBlocks=0 objects=944 bytesHeap=0 bytesDirect=65196284024 liveHeap=0 liveDirect=0
ARENALOOP thread=io.github.neoionet.netty.microbenchmark.ByteBufAllocatorAllocPatternBenchmark.directAllocation-1-10 arenaHeap=0 arenaDirect=74740971 delegateHeap=0 delegateDirect=9927936 arenaShare=88.27% blocksHeap=1 blocksDirect=7 pinned=5 reusable=2 maxPinnedHeap=0 maxPinnedDirect=7 blockReuses=272582 blockGrowths=6 hooks=1322935 hookRejections=0 violations=0 earlyReuses=0 reallocInPlace=283 reallocMoved=0 reallocDelegated=0 trims=0 trimmedBlocks=0 leakedBlocks=0 objects=944 bytesHeap=0 bytesDirect=70695007768 liveHeap=0 liveDirect=0
345.985 ±(99.9%) 68.878 ns/op

# Run progress: 9.52% complete, ETA 00:15:47
# Fork: 2 of 3
# Warmup Iteration   1: 299.243 ±(99.9%) 9.695 ns/op
# Warmup Iteration   2: 299.651 ±(99.9%) 55.666 ns/op
# Warmup Iteration   3: 226.782 ±(99.9%) 31.585 ns/op
# Warmup Iteration   4: 225.267 ±(99.9%) 37.078 ns/op
# Warmup Iteration   5: 251.651 ±(99.9%) 63.277 ns/op
# Warmup Iteration   6: 235.229 ±(99.9%) 50.628 ns/op
# Warmup Iteration   7: 242.935 ±(99.9%) 63.233 ns/op
# Warmup Iteration   8: 250.592 ±(99.9%) 69.476 ns/op
# Warmup Iteration   9: 264.741 ±(99.9%) 82.797 ns/op
# Warmup Iteration  10: 217.063 ±(99.9%) 26.438 ns/op
Iteration   1: 236.615 ±(99.9%) 55.396 ns/op
Iteration   2: 220.566 ±(99.9%) 30.850 ns/op
Iteration   3: 221.697 ±(99.9%) 31.811 ns/op
Iteration   4: 221.804 ±(99.9%) 34.449 ns/op
Iteration   5: 229.771 ±(99.9%) 45.193 ns/op
Iteration   6: 227.503 ±(99.9%) 49.325 ns/op
Iteration   7: 218.908 ±(99.9%) 32.457 ns/op
Iteration   8: 240.616 ±(99.9%) 62.966 ns/op
Iteration   9: 212.980 ±(99.9%) 25.796 ns/op
Iteration  10: cRSS-pRSS:[2241, 2241]
;used-memory:[0]
ARENATELE blockSize=262144 maxBlocks=8 cap=8192 maxObjects=16384 debug=false arenaHeap=0 arenaDirect=2743684994 delegateHeap=0 delegateDirect=364445957 arenaShare=88.27% blocksHeap=32 blocksDirect=224 pinned=135 reusable=86 maxPinnedHeap=0 maxPinnedDirect=224 blockReuses=10006074 blockGrowths=192 hooks=48564021 hookRejections=0 violations=0 earlyReuses=0 reallocInPlace=10434 reallocMoved=0 reallocDelegated=0 trims=0 trimmedBlocks=0 leakedBlocks=0 objects=30208 bytesHeap=0 bytesDirect=2595088997376 liveHeap=0 liveDirect=0
ARENALOOP thread=io.github.neoionet.netty.microbenchmark.ByteBufAllocatorAllocPatternBenchmark.directAllocation-1-32 arenaHeap=0 arenaDirect=92246226 delegateHeap=0 delegateDirect=12252918 arenaShare=88.27% blocksHeap=1 blocksDirect=7 pinned=4 reusable=3 maxPinnedHeap=0 maxPinnedDirect=7 blockReuses=336420 blockGrowths=6 hooks=1632783 hookRejections=0 violations=0 earlyReuses=0 reallocInPlace=349 reallocMoved=0 reallocDelegated=0 trims=0 trimmedBlocks=0 leakedBlocks=0 objects=944 bytesHeap=0 bytesDirect=87250817736 liveHeap=0 liveDirect=0
ARENALOOP thread=io.github.neoionet.netty.microbenchmark.ByteBufAllocatorAllocPatternBenchmark.directAllocation-1-2 arenaHeap=0 arenaDirect=79889116 delegateHeap=0 delegateDirect=10611889 arenaShare=88.27% blocksHeap=1 blocksDirect=7 pinned=4 reusable=3 maxPinnedHeap=0 maxPinnedDirect=7 blockReuses=291353 blockGrowths=6 hooks=1414062 hookRejections=0 violations=0 earlyReuses=0 reallocInPlace=305 reallocMoved=0 reallocDelegated=0 trims=0 trimmedBlocks=0 leakedBlocks=0 objects=944 bytesHeap=0 bytesDirect=75562828872 liveHeap=0 liveDirect=0
ARENALOOP thread=io.github.neoionet.netty.microbenchmark.ByteBufAllocatorAllocPatternBenchmark.directAllocation-1-11 arenaHeap=0 arenaDirect=95280879 delegateHeap=0 delegateDirect=12656215 arenaShare=88.27% blocksHeap=1 blocksDirect=7 pinned=3 reusable=4 maxPinnedHeap=0 maxPinnedDirect=7 blockReuses=347483 blockGrowths=6 hooks=1686501 hookRejections=0 violations=0 earlyReuses=0 reallocInPlace=363 reallocMoved=0 reallocDelegated=0 trims=0 trimmedBlocks=0 leakedBlocks=0 objects=944 bytesHeap=0 bytesDirect=90120103760 liveHeap=0 liveDirect=0
ARENALOOP thread=io.github.neoionet.netty.microbenchmark.ByteBufAllocatorAllocPatternBenchmark.directAllocation-1-14 arenaHeap=0 arenaDirect=77876818 delegateHeap=0 delegateDirect=10344750 arenaShare=88.27% blocksHeap=1 blocksDirect=7 pinned=4 reusable=3 maxPinnedHeap=0 maxPinnedDirect=7 blockReuses=284015 blockGrowths=6 hooks=1378446 hookRejections=0 violations=0 earlyReuses=0 reallocInPlace=294 reallocMoved=0 reallocDelegated=0 trims=0 trimmedBlocks=0 leakedBlocks=0 objects=944 bytesHeap=0 bytesDirect=73659879944 liveHeap=0 liveDirect=0
ARENALOOP thread=io.github.neoionet.netty.microbenchmark.ByteBufAllocatorAllocPatternBenchmark.directAllocation-1-1 arenaHeap=0 arenaDirect=91514876 delegateHeap=0 delegateDirect=12156016 arenaShare=88.27% blocksHeap=1 blocksDirect=7 pinned=4 reusable=3 maxPinnedHeap=0 maxPinnedDirect=7 blockReuses=333749 blockGrowths=6 hooks=1619841 hookRejections=0 violations=0 earlyReuses=0 reallocInPlace=349 reallocMoved=0 reallocDelegated=0 trims=0 trimmedBlocks=0 leakedBlocks=0 objects=944 bytesHeap=0 bytesDirect=86558236352 liveHeap=0 liveDirect=0
ARENALOOP thread=io.github.neoionet.netty.microbenchmark.ByteBufAllocatorAllocPatternBenchmark.directAllocation-1-7 arenaHeap=0 arenaDirect=76495466 delegateHeap=0 delegateDirect=10160957 arenaShare=88.27% blocksHeap=1 blocksDirect=7 pinned=5 reusable=2 maxPinnedHeap=0 maxPinnedDirect=7 blockReuses=278974 blockGrowths=6 hooks=1353990 hookRejections=0 violations=0 earlyReuses=0 reallocInPlace=292 reallocMoved=0 reallocDelegated=0 trims=0 trimmedBlocks=0 leakedBlocks=0 objects=944 bytesHeap=0 bytesDirect=72352406312 liveHeap=0 liveDirect=0
ARENALOOP thread=io.github.neoionet.netty.microbenchmark.ByteBufAllocatorAllocPatternBenchmark.directAllocation-1-19 arenaHeap=0 arenaDirect=86827852 delegateHeap=0 delegateDirect=11533351 arenaShare=88.27% blocksHeap=1 blocksDirect=7 pinned=4 reusable=3 maxPinnedHeap=0 maxPinnedDirect=7 blockReuses=316652 blockGrowths=6 hooks=1536877 hookRejections=0 violations=0 earlyReuses=0 reallocInPlace=330 reallocMoved=0 reallocDelegated=0 trims=0 trimmedBlocks=0 leakedBlocks=0 objects=944 bytesHeap=0 bytesDirect=82124221808 liveHeap=0 liveDirect=0
ARENALOOP thread=io.github.neoionet.netty.microbenchmark.ByteBufAllocatorAllocPatternBenchmark.directAllocation-1-12 arenaHeap=0 arenaDirect=91242659 delegateHeap=0 delegateDirect=12119893 arenaShare=88.27% blocksHeap=1 blocksDirect=7 pinned=4 reusable=3 maxPinnedHeap=0 maxPinnedDirect=7 blockReuses=332759 blockGrowths=6 hooks=1615023 hookRejections=0 violations=0 earlyReuses=0 reallocInPlace=347 reallocMoved=0 reallocDelegated=0 trims=0 trimmedBlocks=0 leakedBlocks=0 objects=944 bytesHeap=0 bytesDirect=86301305176 liveHeap=0 liveDirect=0
ARENALOOP thread=io.github.neoionet.netty.microbenchmark.ByteBufAllocatorAllocPatternBenchmark.directAllocation-1-30 arenaHeap=0 arenaDirect=80955260 delegateHeap=0 delegateDirect=10753291 arenaShare=88.27% blocksHeap=1 blocksDirect=7 pinned=4 reusable=3 maxPinnedHeap=0 maxPinnedDirect=7 blockReuses=295242 blockGrowths=6 hooks=1432930 hookRejections=0 violations=0 earlyReuses=0 reallocInPlace=307 reallocMoved=0 reallocDelegated=0 trims=0 trimmedBlocks=0 leakedBlocks=0 objects=944 bytesHeap=0 bytesDirect=76571437440 liveHeap=0 liveDirect=0
ARENALOOP thread=io.github.neoionet.netty.microbenchmark.ByteBufAllocatorAllocPatternBenchmark.directAllocation-1-17 arenaHeap=0 arenaDirect=84451216 delegateHeap=0 delegateDirect=11217667 arenaShare=88.27% blocksHeap=1 blocksDirect=7 pinned=5 reusable=2 maxPinnedHeap=0 maxPinnedDirect=7 blockReuses=307989 blockGrowths=6 hooks=1494810 hookRejections=0 violations=0 earlyReuses=0 reallocInPlace=321 reallocMoved=0 reallocDelegated=0 trims=0 trimmedBlocks=0 leakedBlocks=0 objects=944 bytesHeap=0 bytesDirect=79877204128 liveHeap=0 liveDirect=0
ARENALOOP thread=io.github.neoionet.netty.microbenchmark.ByteBufAllocatorAllocPatternBenchmark.directAllocation-1-13 arenaHeap=0 arenaDirect=86235062 delegateHeap=0 delegateDirect=11454833 arenaShare=88.27% blocksHeap=1 blocksDirect=7 pinned=5 reusable=2 maxPinnedHeap=0 maxPinnedDirect=7 blockReuses=314496 blockGrowths=6 hooks=1526388 hookRejections=0 violations=0 earlyReuses=0 reallocInPlace=326 reallocMoved=0 reallocDelegated=0 trims=0 trimmedBlocks=0 leakedBlocks=0 objects=944 bytesHeap=0 bytesDirect=81565125536 liveHeap=0 liveDirect=0
ARENALOOP thread=io.github.neoionet.netty.microbenchmark.ByteBufAllocatorAllocPatternBenchmark.directAllocation-1-5 arenaHeap=0 arenaDirect=79865092 delegateHeap=0 delegateDirect=10608700 arenaShare=88.27% blocksHeap=1 blocksDirect=7 pinned=4 reusable=3 maxPinnedHeap=0 maxPinnedDirect=7 blockReuses=291265 blockGrowths=6 hooks=1413637 hookRejections=0 violations=0 earlyReuses=0 reallocInPlace=305 reallocMoved=0 reallocDelegated=0 trims=0 trimmedBlocks=0 leakedBlocks=0 objects=944 bytesHeap=0 bytesDirect=75540162120 liveHeap=0 liveDirect=0
ARENALOOP thread=io.github.neoionet.netty.microbenchmark.ByteBufAllocatorAllocPatternBenchmark.directAllocation-1-26 arenaHeap=0 arenaDirect=80615031 delegateHeap=0 delegateDirect=10708132 arenaShare=88.27% blocksHeap=1 blocksDirect=7 pinned=4 reusable=2 maxPinnedHeap=0 maxPinnedDirect=7 blockReuses=293998 blockGrowths=6 hooks=1426908 hookRejections=0 violations=0 earlyReuses=0 reallocInPlace=307 reallocMoved=0 reallocDelegated=0 trims=0 trimmedBlocks=0 leakedBlocks=0 objects=944 bytesHeap=0 bytesDirect=76248727432 liveHeap=0 liveDirect=0
ARENALOOP thread=io.github.neoionet.netty.microbenchmark.ByteBufAllocatorAllocPatternBenchmark.directAllocation-1-24 arenaHeap=0 arenaDirect=83792284 delegateHeap=0 delegateDirect=11130117 arenaShare=88.27% blocksHeap=1 blocksDirect=7 pinned=4 reusable=3 maxPinnedHeap=0 maxPinnedDirect=7 blockReuses=305586 blockGrowths=6 hooks=1483146 hookRejections=0 violations=0 earlyReuses=0 reallocInPlace=319 reallocMoved=0 reallocDelegated=0 trims=0 trimmedBlocks=0 leakedBlocks=0 objects=944 bytesHeap=0 bytesDirect=79254140088 liveHeap=0 liveDirect=0
ARENALOOP thread=io.github.neoionet.netty.microbenchmark.ByteBufAllocatorAllocPatternBenchmark.directAllocation-1-27 arenaHeap=0 arenaDirect=76857604 delegateHeap=0 delegateDirect=10208976 arenaShare=88.27% blocksHeap=1 blocksDirect=7 pinned=5 reusable=2 maxPinnedHeap=0 maxPinnedDirect=7 blockReuses=280295 blockGrowths=6 hooks=1360399 hookRejections=0 violations=0 earlyReuses=0 reallocInPlace=293 reallocMoved=0 reallocDelegated=0 trims=0 trimmedBlocks=0 leakedBlocks=0 objects=944 bytesHeap=0 bytesDirect=72694966128 liveHeap=0 liveDirect=0
ARENALOOP thread=io.github.neoionet.netty.microbenchmark.ByteBufAllocatorAllocPatternBenchmark.directAllocation-1-3 arenaHeap=0 arenaDirect=101006746 delegateHeap=0 delegateDirect=13416835 arenaShare=88.27% blocksHeap=1 blocksDirect=7 pinned=5 reusable=2 maxPinnedHeap=0 maxPinnedDirect=7 blockReuses=368367 blockGrowths=6 hooks=1787852 hookRejections=0 violations=0 earlyReuses=0 reallocInPlace=382 reallocMoved=0 reallocDelegated=0 trims=0 trimmedBlocks=0 leakedBlocks=0 objects=944 bytesHeap=0 bytesDirect=95536469424 liveHeap=0 liveDirect=0
ARENALOOP thread=io.github.neoionet.netty.microbenchmark.ByteBufAllocatorAllocPatternBenchmark.directAllocation-1-29 arenaHeap=0 arenaDirect=95760081 delegateHeap=0 delegateDirect=12719818 arenaShare=88.27% blocksHeap=1 blocksDirect=7 pinned=4 reusable=2 maxPinnedHeap=0 maxPinnedDirect=7 blockReuses=349236 blockGrowths=6 hooks=1694982 hookRejections=0 violations=0 earlyReuses=0 reallocInPlace=363 reallocMoved=0 reallocDelegated=0 trims=0 trimmedBlocks=0 leakedBlocks=0 objects=944 bytesHeap=0 bytesDirect=90574444376 liveHeap=0 liveDirect=0
ARENALOOP thread=io.github.neoionet.netty.microbenchmark.ByteBufAllocatorAllocPatternBenchmark.directAllocation-1-18 arenaHeap=0 arenaDirect=79075076 delegateHeap=0 delegateDirect=10503497 arenaShare=88.27% blocksHeap=1 blocksDirect=7 pinned=4 reusable=3 maxPinnedHeap=0 maxPinnedDirect=7 blockReuses=288375 blockGrowths=6 hooks=1399649 hookRejections=0 violations=0 earlyReuses=0 reallocInPlace=300 reallocMoved=0 reallocDelegated=0 trims=0 trimmedBlocks=0 leakedBlocks=0 objects=944 bytesHeap=0 bytesDirect=74790706760 liveHeap=0 liveDirect=0
ARENALOOP thread=io.github.neoionet.netty.microbenchmark.ByteBufAllocatorAllocPatternBenchmark.directAllocation-1-10 arenaHeap=0 arenaDirect=88123613 delegateHeap=0 delegateDirect=11705578 arenaShare=88.27% blocksHeap=1 blocksDirect=7 pinned=4 reusable=3 maxPinnedHeap=0 maxPinnedDirect=7 blockReuses=321381 blockGrowths=6 hooks=1559815 hookRejections=0 violations=0 earlyReuses=0 reallocInPlace=335 reallocMoved=0 reallocDelegated=0 trims=0 trimmedBlocks=0 leakedBlocks=0 objects=944 bytesHeap=0 bytesDirect=83350514968 liveHeap=0 liveDirect=0
ARENALOOP thread=io.github.neoionet.netty.microbenchmark.ByteBufAllocatorAllocPatternBenchmark.directAllocation-1-4 arenaHeap=0 arenaDirect=74422698 delegateHeap=0 delegateDirect=9885653 arenaShare=88.27% blocksHeap=1 blocksDirect=7 pinned=5 reusable=2 maxPinnedHeap=0 maxPinnedDirect=7 blockReuses=271418 blockGrowths=6 hooks=1317301 hookRejections=0 violations=0 earlyReuses=0 reallocInPlace=283 reallocMoved=0 reallocDelegated=0 trims=0 trimmedBlocks=0 leakedBlocks=0 objects=944 bytesHeap=0 bytesDirect=70392920584 liveHeap=0 liveDirect=0
ARENALOOP thread=io.github.neoionet.netty.microbenchmark.ByteBufAllocatorAllocPatternBenchmark.directAllocation-1-20 arenaHeap=0 arenaDirect=84695073 delegateHeap=0 delegateDirect=11249967 arenaShare=88.27% blocksHeap=1 blocksDirect=7 pinned=5 reusable=2 maxPinnedHeap=0 maxPinnedDirect=7 blockReuses=308883 blockGrowths=6 hooks=1499125 hookRejections=0 violations=0 earlyReuses=0 reallocInPlace=321 reallocMoved=0 reallocDelegated=0 trims=0 trimmedBlocks=0 leakedBlocks=0 objects=944 bytesHeap=0 bytesDirect=80109074672 liveHeap=0 liveDirect=0
ARENALOOP thread=io.github.neoionet.netty.microbenchmark.ByteBufAllocatorAllocPatternBenchmark.directAllocation-1-8 arenaHeap=0 arenaDirect=92042783 delegateHeap=0 delegateDirect=12226077 arenaShare=88.27% blocksHeap=1 blocksDirect=7 pinned=4 reusable=3 maxPinnedHeap=0 maxPinnedDirect=7 blockReuses=335678 blockGrowths=6 hooks=1629184 hookRejections=0 violations=0 earlyReuses=0 reallocInPlace=349 reallocMoved=0 reallocDelegated=0 trims=0 trimmedBlocks=0 leakedBlocks=0 objects=944 bytesHeap=0 bytesDirect=87058442560 liveHeap=0 liveDirect=0
ARENALOOP thread=io.github.neoionet.netty.microbenchmark.ByteBufAllocatorAllocPatternBenchmark.directAllocation-1-22 arenaHeap=0 arenaDirect=82932435 delegateHeap=0 delegateDirect=11015771 arenaShare=88.27% blocksHeap=1 blocksDirect=7 pinned=4 reusable=3 maxPinnedHeap=0 maxPinnedDirect=7 blockReuses=302444 blockGrowths=6 hooks=1467924 hookRejections=0 violations=0 earlyReuses=0 reallocInPlace=315 reallocMoved=0 reallocDelegated=0 trims=0 trimmedBlocks=0 leakedBlocks=0 objects=944 bytesHeap=0 bytesDirect=78439472880 liveHeap=0 liveDirect=0
ARENALOOP thread=io.github.neoionet.netty.microbenchmark.ByteBufAllocatorAllocPatternBenchmark.directAllocation-1-16 arenaHeap=0 arenaDirect=91367455 delegateHeap=0 delegateDirect=12136381 arenaShare=88.27% blocksHeap=1 blocksDirect=7 pinned=4 reusable=3 maxPinnedHeap=0 maxPinnedDirect=7 blockReuses=333210 blockGrowths=6 hooks=1617231 hookRejections=0 violations=0 earlyReuses=0 reallocInPlace=348 reallocMoved=0 reallocDelegated=0 trims=0 trimmedBlocks=0 leakedBlocks=0 objects=944 bytesHeap=0 bytesDirect=86418396096 liveHeap=0 liveDirect=0
ARENALOOP thread=io.github.neoionet.netty.microbenchmark.ByteBufAllocatorAllocPatternBenchmark.directAllocation-1-23 arenaHeap=0 arenaDirect=84435737 delegateHeap=0 delegateDirect=11215630 arenaShare=88.27% blocksHeap=1 blocksDirect=7 pinned=4 reusable=2 maxPinnedHeap=0 maxPinnedDirect=7 blockReuses=307932 blockGrowths=6 hooks=1494536 hookRejections=0 violations=0 earlyReuses=0 reallocInPlace=321 reallocMoved=0 reallocDelegated=0 trims=0 trimmedBlocks=0 leakedBlocks=0 objects=944 bytesHeap=0 bytesDirect=79862440184 liveHeap=0 liveDirect=0
ARENALOOP thread=io.github.neoionet.netty.microbenchmark.ByteBufAllocatorAllocPatternBenchmark.directAllocation-1-25 arenaHeap=0 arenaDirect=79921505 delegateHeap=0 delegateDirect=10616110 arenaShare=88.27% blocksHeap=1 blocksDirect=7 pinned=4 reusable=3 maxPinnedHeap=0 maxPinnedDirect=7 blockReuses=291471 blockGrowths=6 hooks=1414634 hookRejections=0 violations=0 earlyReuses=0 reallocInPlace=305 reallocMoved=0 reallocDelegated=0 trims=0 trimmedBlocks=0 leakedBlocks=0 objects=944 bytesHeap=0 bytesDirect=75593532792 liveHeap=0 liveDirect=0
ARENALOOP thread=io.github.neoionet.netty.microbenchmark.ByteBufAllocatorAllocPatternBenchmark.directAllocation-1-28 arenaHeap=0 arenaDirect=87582956 delegateHeap=0 delegateDirect=11633694 arenaShare=88.27% blocksHeap=1 blocksDirect=7 pinned=4 reusable=3 maxPinnedHeap=0 maxPinnedDirect=7 blockReuses=319411 blockGrowths=6 hooks=1550244 hookRejections=0 violations=0 earlyReuses=0 reallocInPlace=334 reallocMoved=0 reallocDelegated=0 trims=0 trimmedBlocks=0 leakedBlocks=0 objects=944 bytesHeap=0 bytesDirect=82839669888 liveHeap=0 liveDirect=0
ARENALOOP thread=io.github.neoionet.netty.microbenchmark.ByteBufAllocatorAllocPatternBenchmark.directAllocation-1-21 arenaHeap=0 arenaDirect=87766161 delegateHeap=0 delegateDirect=11658165 arenaShare=88.27% blocksHeap=1 blocksDirect=7 pinned=4 reusable=3 maxPinnedHeap=0 maxPinnedDirect=7 blockReuses=320077 blockGrowths=6 hooks=1553489 hookRejections=0 violations=0 earlyReuses=0 reallocInPlace=335 reallocMoved=0 reallocDelegated=0 trims=0 trimmedBlocks=0 leakedBlocks=0 objects=944 bytesHeap=0 bytesDirect=83012292008 liveHeap=0 liveDirect=0
ARENALOOP thread=io.github.neoionet.netty.microbenchmark.ByteBufAllocatorAllocPatternBenchmark.directAllocation-1-9 arenaHeap=0 arenaDirect=92760127 delegateHeap=0 delegateDirect=12321513 arenaShare=88.27% blocksHeap=1 blocksDirect=7 pinned=4 reusable=3 maxPinnedHeap=0 maxPinnedDirect=7 blockReuses=338294 blockGrowths=6 hooks=1641884 hookRejections=0 violations=0 earlyReuses=0 reallocInPlace=352 reallocMoved=0 reallocDelegated=0 trims=0 trimmedBlocks=0 leakedBlocks=0 objects=944 bytesHeap=0 bytesDirect=87736905856 liveHeap=0 liveDirect=0
ARENALOOP thread=io.github.neoionet.netty.microbenchmark.ByteBufAllocatorAllocPatternBenchmark.directAllocation-1-6 arenaHeap=0 arenaDirect=83675358 delegateHeap=0 delegateDirect=11114661 arenaShare=88.27% blocksHeap=1 blocksDirect=7 pinned=5 reusable=2 maxPinnedHeap=0 maxPinnedDirect=7 blockReuses=305161 blockGrowths=6 hooks=1481078 hookRejections=0 violations=0 earlyReuses=0 reallocInPlace=319 reallocMoved=0 reallocDelegated=0 trims=0 trimmedBlocks=0 leakedBlocks=0 objects=944 bytesHeap=0 bytesDirect=79143759584 liveHeap=0 liveDirect=0
ARENALOOP thread=io.github.neoionet.netty.microbenchmark.ByteBufAllocatorAllocPatternBenchmark.directAllocation-1-31 arenaHeap=0 arenaDirect=98111150 delegateHeap=0 delegateDirect=13032268 arenaShare=88.27% blocksHeap=1 blocksDirect=7 pinned=4 reusable=3 maxPinnedHeap=0 maxPinnedDirect=7 blockReuses=357805 blockGrowths=6 hooks=1736599 hookRejections=0 violations=0 earlyReuses=0 reallocInPlace=375 reallocMoved=0 reallocDelegated=0 trims=0 trimmedBlocks=0 leakedBlocks=0 objects=944 bytesHeap=0 bytesDirect=92797145552 liveHeap=0 liveDirect=0
ARENALOOP thread=io.github.neoionet.netty.microbenchmark.ByteBufAllocatorAllocPatternBenchmark.directAllocation-1-15 arenaHeap=0 arenaDirect=75860599 delegateHeap=0 delegateDirect=10076634 arenaShare=88.27% blocksHeap=1 blocksDirect=7 pinned=4 reusable=3 maxPinnedHeap=0 maxPinnedDirect=7 blockReuses=276655 blockGrowths=6 hooks=1342753 hookRejections=0 violations=0 earlyReuses=0 reallocInPlace=290 reallocMoved=0 reallocDelegated=0 trims=0 trimmedBlocks=0 leakedBlocks=0 objects=944 bytesHeap=0 bytesDirect=71751246360 liveHeap=0 liveDirect=0
240.241 ±(99.9%) 64.872 ns/op

# Run progress: 11.90% complete, ETA 00:15:22
# Fork: 3 of 3
# Warmup Iteration   1: 320.786 ±(99.9%) 55.771 ns/op
# Warmup Iteration   2: 405.828 ±(99.9%) 55.945 ns/op
# Warmup Iteration   3: 234.482 ±(99.9%) 30.951 ns/op
# Warmup Iteration   4: 231.468 ±(99.9%) 29.973 ns/op
# Warmup Iteration   5: 242.519 ±(99.9%) 31.522 ns/op
# Warmup Iteration   6: 237.806 ±(99.9%) 39.472 ns/op
# Warmup Iteration   7: 252.915 ±(99.9%) 54.908 ns/op
# Warmup Iteration   8: 258.412 ±(99.9%) 71.098 ns/op
# Warmup Iteration   9: 249.389 ±(99.9%) 51.775 ns/op
# Warmup Iteration  10: 256.504 ±(99.9%) 65.509 ns/op
Iteration   1: 267.481 ±(99.9%) 78.262 ns/op
Iteration   2: 251.005 ±(99.9%) 56.222 ns/op
Iteration   3: 242.741 ±(99.9%) 48.886 ns/op
Iteration   4: 241.114 ±(99.9%) 46.703 ns/op
Iteration   5: 246.936 ±(99.9%) 35.166 ns/op
Iteration   6: 281.388 ±(99.9%) 89.915 ns/op
Iteration   7: 307.388 ±(99.9%) 84.670 ns/op
Iteration   8: 291.327 ±(99.9%) 120.488 ns/op
Iteration   9: 285.854 ±(99.9%) 71.649 ns/op
Iteration  10: cRSS-pRSS:[2212, 2212]
;used-memory:[0]
ARENATELE blockSize=262144 maxBlocks=8 cap=8192 maxObjects=16384 debug=false arenaHeap=0 arenaDirect=2468289632 delegateHeap=0 delegateDirect=327864904 arenaShare=88.27% blocksHeap=32 blocksDirect=224 pinned=136 reusable=87 maxPinnedHeap=0 maxPinnedDirect=224 blockReuses=9001670 blockGrowths=192 hooks=43689387 hookRejections=0 violations=0 earlyReuses=0 reallocInPlace=9377 reallocMoved=0 reallocDelegated=0 trims=0 trimmedBlocks=0 leakedBlocks=0 objects=30208 bytesHeap=0 bytesDirect=2334603246624 liveHeap=0 liveDirect=294
ARENALOOP thread=io.github.neoionet.netty.microbenchmark.ByteBufAllocatorAllocPatternBenchmark.directAllocation-1-23 arenaHeap=0 arenaDirect=81431977 delegateHeap=0 delegateDirect=10816851 arenaShare=88.27% blocksHeap=1 blocksDirect=7 pinned=4 reusable=3 maxPinnedHeap=0 maxPinnedDirect=7 blockReuses=296977 blockGrowths=6 hooks=1441371 hookRejections=0 violations=0 earlyReuses=0 reallocInPlace=308 reallocMoved=0 reallocDelegated=0 trims=0 trimmedBlocks=0 leakedBlocks=0 objects=944 bytesHeap=0 bytesDirect=77021443160 liveHeap=0 liveDirect=256
ARENALOOP thread=io.github.neoionet.netty.microbenchmark.ByteBufAllocatorAllocPatternBenchmark.directAllocation-1-26 arenaHeap=0 arenaDirect=71989259 delegateHeap=0 delegateDirect=9562201 arenaShare=88.27% blocksHeap=1 blocksDirect=7 pinned=4 reusable=3 maxPinnedHeap=0 maxPinnedDirect=7 blockReuses=262534 blockGrowths=6 hooks=1274225 hookRejections=0 violations=0 earlyReuses=0 reallocInPlace=274 reallocMoved=0 reallocDelegated=0 trims=0 trimmedBlocks=0 leakedBlocks=0 objects=944 bytesHeap=0 bytesDirect=68089044704 liveHeap=0 liveDirect=0
ARENALOOP thread=io.github.neoionet.netty.microbenchmark.ByteBufAllocatorAllocPatternBenchmark.directAllocation-1-11 arenaHeap=0 arenaDirect=73808661 delegateHeap=0 delegateDirect=9803891 arenaShare=88.27% blocksHeap=1 blocksDirect=7 pinned=4 reusable=3 maxPinnedHeap=0 maxPinnedDirect=7 blockReuses=269177 blockGrowths=6 hooks=1306430 hookRejections=0 violations=0 earlyReuses=0 reallocInPlace=279 reallocMoved=0 reallocDelegated=0 trims=0 trimmedBlocks=0 leakedBlocks=0 objects=944 bytesHeap=0 bytesDirect=69811746584 liveHeap=0 liveDirect=0
ARENALOOP thread=io.github.neoionet.netty.microbenchmark.ByteBufAllocatorAllocPatternBenchmark.directAllocation-1-30 arenaHeap=0 arenaDirect=71347552 delegateHeap=0 delegateDirect=9477190 arenaShare=88.27% blocksHeap=1 blocksDirect=7 pinned=4 reusable=3 maxPinnedHeap=0 maxPinnedDirect=7 blockReuses=260201 blockGrowths=6 hooks=1262870 hookRejections=0 violations=0 earlyReuses=0 reallocInPlace=270 reallocMoved=0 reallocDelegated=0 trims=0 trimmedBlocks=0 leakedBlocks=0 objects=944 bytesHeap=0 bytesDirect=67484034576 liveHeap=0 liveDirect=0
ARENALOOP thread=io.github.neoionet.netty.microbenchmark.ByteBufAllocatorAllocPatternBenchmark.directAllocation-1-13 arenaHeap=0 arenaDirect=74618546 delegateHeap=0 delegateDirect=9911543 arenaShare=88.27% blocksHeap=1 blocksDirect=7 pinned=4 reusable=3 maxPinnedHeap=0 maxPinnedDirect=7 blockReuses=272133 blockGrowths=6 hooks=1320766 hookRejections=0 violations=0 earlyReuses=0 reallocInPlace=283 reallocMoved=0 reallocDelegated=0 trims=0 trimmedBlocks=0 leakedBlocks=0 objects=944 bytesHeap=0 bytesDirect=70578410208 liveHeap=0 liveDirect=0
ARENALOOP thread=io.github.neoionet.netty.microbenchmark.ByteBufAllocatorAllocPatternBenchmark.directAllocation-1-25 arenaHeap=0 arenaDirect=79544930 delegateHeap=0 delegateDirect=10565941 arenaShare=88.27% blocksHeap=1 blocksDirect=7 pinned=5 reusable=2 maxPinnedHeap=0 maxPinnedDirect=7 blockReuses=290092 blockGrowths=6 hooks=1407966 hookRejections=0 violations=0 earlyReuses=0 reallocInPlace=303 reallocMoved=0 reallocDelegated=0 trims=0 trimmedBlocks=0 leakedBlocks=0 objects=944 bytesHeap=0 bytesDirect=75235924808 liveHeap=0 liveDirect=0
ARENALOOP thread=io.github.neoionet.netty.microbenchmark.ByteBufAllocatorAllocPatternBenchmark.directAllocation-1-4 arenaHeap=0 arenaDirect=75833009 delegateHeap=0 delegateDirect=10072928 arenaShare=88.27% blocksHeap=1 blocksDirect=7 pinned=4 reusable=3 maxPinnedHeap=0 maxPinnedDirect=7 blockReuses=276554 blockGrowths=6 hooks=1342264 hookRejections=0 violations=0 earlyReuses=0 reallocInPlace=289 reallocMoved=0 reallocDelegated=0 trims=0 trimmedBlocks=0 leakedBlocks=0 objects=944 bytesHeap=0 bytesDirect=71725044032 liveHeap=0 liveDirect=0
ARENALOOP thread=io.github.neoionet.netty.microbenchmark.ByteBufAllocatorAllocPatternBenchmark.directAllocation-1-31 arenaHeap=0 arenaDirect=86390837 delegateHeap=0 delegateDirect=11475368 arenaShare=88.27% blocksHeap=1 blocksDirect=7 pinned=4 reusable=3 maxPinnedHeap=0 maxPinnedDirect=7 blockReuses=315058 blockGrowths=6 hooks=1529143 hookRejections=0 violations=0 earlyReuses=0 reallocInPlace=327 reallocMoved=0 reallocDelegated=0 trims=0 trimmedBlocks=0 leakedBlocks=0 objects=944 bytesHeap=0 bytesDirect=81710919968 liveHeap=0 liveDirect=0
ARENALOOP thread=io.github.neoionet.netty.microbenchmark.ByteBufAllocatorAllocPatternBenchmark.directAllocation-1-15 arenaHeap=0 arenaDirect=79435683 delegateHeap=0 delegateDirect=10551412 arenaShare=88.27% blocksHeap=1 blocksDirect=7 pinned=4 reusable=3 maxPinnedHeap=0 maxPinnedDirect=7 blockReuses=289692 blockGrowths=6 hooks=1406032 hookRejections=0 violations=0 earlyReuses=0 reallocInPlace=302 reallocMoved=0 reallocDelegated=0 trims=0 trimmedBlocks=0 leakedBlocks=0 objects=944 bytesHeap=0 bytesDirect=75132248856 liveHeap=0 liveDirect=0
ARENALOOP thread=io.github.neoionet.netty.microbenchmark.ByteBufAllocatorAllocPatternBenchmark.directAllocation-1-16 arenaHeap=0 arenaDirect=66013604 delegateHeap=0 delegateDirect=8768624 arenaShare=88.27% blocksHeap=1 blocksDirect=7 pinned=5 reusable=2 maxPinnedHeap=0 maxPinnedDirect=7 blockReuses=240748 blockGrowths=6 hooks=1168456 hookRejections=0 violations=0 earlyReuses=0 reallocInPlace=251 reallocMoved=0 reallocDelegated=0 trims=0 trimmedBlocks=0 leakedBlocks=0 objects=944 bytesHeap=0 bytesDirect=62438519944 liveHeap=0 liveDirect=0
ARENALOOP thread=io.github.neoionet.netty.microbenchmark.ByteBufAllocatorAllocPatternBenchmark.directAllocation-1-8 arenaHeap=0 arenaDirect=83810583 delegateHeap=0 delegateDirect=11132571 arenaShare=88.27% blocksHeap=1 blocksDirect=7 pinned=5 reusable=2 maxPinnedHeap=0 maxPinnedDirect=7 blockReuses=305654 blockGrowths=6 hooks=1483470 hookRejections=0 violations=0 earlyReuses=0 reallocInPlace=319 reallocMoved=0 reallocDelegated=0 trims=0 trimmedBlocks=0 leakedBlocks=0 objects=944 bytesHeap=0 bytesDirect=79271625032 liveHeap=0 liveDirect=0
ARENALOOP thread=io.github.neoionet.netty.microbenchmark.ByteBufAllocatorAllocPatternBenchmark.directAllocation-1-17 arenaHeap=0 arenaDirect=71215194 delegateHeap=0 delegateDirect=9459735 arenaShare=88.27% blocksHeap=1 blocksDirect=7 pinned=4 reusable=3 maxPinnedHeap=0 maxPinnedDirect=7 blockReuses=259719 blockGrowths=6 hooks=1260529 hookRejections=0 violations=0 earlyReuses=0 reallocInPlace=270 reallocMoved=0 reallocDelegated=0 trims=0 trimmedBlocks=0 leakedBlocks=0 objects=944 bytesHeap=0 bytesDirect=67358950720 liveHeap=0 liveDirect=0
ARENALOOP thread=io.github.neoionet.netty.microbenchmark.ByteBufAllocatorAllocPatternBenchmark.directAllocation-1-19 arenaHeap=0 arenaDirect=75221955 delegateHeap=0 delegateDirect=9991941 arenaShare=88.27% blocksHeap=1 blocksDirect=7 pinned=4 reusable=3 maxPinnedHeap=0 maxPinnedDirect=7 blockReuses=274326 blockGrowths=6 hooks=1331451 hookRejections=0 violations=0 earlyReuses=0 reallocInPlace=284 reallocMoved=0 reallocDelegated=0 trims=0 trimmedBlocks=0 leakedBlocks=0 objects=944 bytesHeap=0 bytesDirect=71147304808 liveHeap=0 liveDirect=0
ARENALOOP thread=io.github.neoionet.netty.microbenchmark.ByteBufAllocatorAllocPatternBenchmark.directAllocation-1-20 arenaHeap=0 arenaDirect=83371833 delegateHeap=0 delegateDirect=11074391 arenaShare=88.27% blocksHeap=1 blocksDirect=7 pinned=4 reusable=3 maxPinnedHeap=0 maxPinnedDirect=7 blockReuses=304051 blockGrowths=6 hooks=1475706 hookRejections=0 violations=0 earlyReuses=0 reallocInPlace=319 reallocMoved=0 reallocDelegated=0 trims=0 trimmedBlocks=0 leakedBlocks=0 objects=944 bytesHeap=0 bytesDirect=78856171576 liveHeap=0 liveDirect=0
ARENALOOP thread=io.github.neoionet.netty.microbenchmark.ByteBufAllocatorAllocPatternBenchmark.directAllocation-1-18 arenaHeap=0 arenaDirect=82595710 delegateHeap=0 delegateDirect=10971415 arenaShare=88.27% blocksHeap=1 blocksDirect=7 pinned=4 reusable=3 maxPinnedHeap=0 maxPinnedDirect=7 blockReuses=301222 blockGrowths=6 hooks=1461970 hookRejections=0 violations=0 earlyReuses=0 reallocInPlace=312 reallocMoved=0 reallocDelegated=0 trims=0 trimmedBlocks=0 leakedBlocks=0 objects=944 bytesHeap=0 bytesDirect=78122656536 liveHeap=0 liveDirect=0
ARENALOOP thread=io.github.neoionet.netty.microbenchmark.ByteBufAllocatorAllocPatternBenchmark.directAllocation-1-6 arenaHeap=0 arenaDirect=81909406 delegateHeap=0 delegateDirect=10880111 arenaShare=88.27% blocksHeap=1 blocksDirect=7 pinned=4 reusable=3 maxPinnedHeap=0 maxPinnedDirect=7 blockReuses=298721 blockGrowths=6 hooks=1449820 hookRejections=0 violations=0 earlyReuses=0 reallocInPlace=311 reallocMoved=0 reallocDelegated=0 trims=0 trimmedBlocks=0 leakedBlocks=0 objects=944 bytesHeap=0 bytesDirect=77473968008 liveHeap=0 liveDirect=0
ARENALOOP thread=io.github.neoionet.netty.microbenchmark.ByteBufAllocatorAllocPatternBenchmark.directAllocation-1-32 arenaHeap=0 arenaDirect=79470557 delegateHeap=0 delegateDirect=10556067 arenaShare=88.27% blocksHeap=1 blocksDirect=7 pinned=4 reusable=3 maxPinnedHeap=0 maxPinnedDirect=7 blockReuses=289820 blockGrowths=6 hooks=1406650 hookRejections=0 violations=0 earlyReuses=0 reallocInPlace=303 reallocMoved=0 reallocDelegated=0 trims=0 trimmedBlocks=0 leakedBlocks=0 objects=944 bytesHeap=0 bytesDirect=75165557024 liveHeap=0 liveDirect=0
ARENALOOP thread=io.github.neoionet.netty.microbenchmark.ByteBufAllocatorAllocPatternBenchmark.directAllocation-1-9 arenaHeap=0 arenaDirect=68999611 delegateHeap=0 delegateDirect=9165191 arenaShare=88.27% blocksHeap=1 blocksDirect=7 pinned=4 reusable=3 maxPinnedHeap=0 maxPinnedDirect=7 blockReuses=251638 blockGrowths=6 hooks=1221309 hookRejections=0 violations=0 earlyReuses=0 reallocInPlace=263 reallocMoved=0 reallocDelegated=0 trims=0 trimmedBlocks=0 leakedBlocks=0 objects=944 bytesHeap=0 bytesDirect=65262908368 liveHeap=0 liveDirect=0
ARENALOOP thread=io.github.neoionet.netty.microbenchmark.ByteBufAllocatorAllocPatternBenchmark.directAllocation-1-29 arenaHeap=0 arenaDirect=88645381 delegateHeap=0 delegateDirect=11774860 arenaShare=88.27% blocksHeap=1 blocksDirect=7 pinned=4 reusable=3 maxPinnedHeap=0 maxPinnedDirect=7 blockReuses=323285 blockGrowths=6 hooks=1569050 hookRejections=0 violations=0 earlyReuses=0 reallocInPlace=335 reallocMoved=0 reallocDelegated=0 trims=0 trimmedBlocks=0 leakedBlocks=0 objects=944 bytesHeap=0 bytesDirect=83844226216 liveHeap=0 liveDirect=0
ARENALOOP thread=io.github.neoionet.netty.microbenchmark.ByteBufAllocatorAllocPatternBenchmark.directAllocation-1-12 arenaHeap=0 arenaDirect=79135986 delegateHeap=0 delegateDirect=10511624 arenaShare=88.27% blocksHeap=1 blocksDirect=7 pinned=5 reusable=2 maxPinnedHeap=0 maxPinnedDirect=7 blockReuses=288597 blockGrowths=6 hooks=1400727 hookRejections=0 violations=0 earlyReuses=0 reallocInPlace=301 reallocMoved=0 reallocDelegated=0 trims=0 trimmedBlocks=0 leakedBlocks=0 objects=944 bytesHeap=0 bytesDirect=74848279808 liveHeap=0 liveDirect=0
ARENALOOP thread=io.github.neoionet.netty.microbenchmark.ByteBufAllocatorAllocPatternBenchmark.directAllocation-1-21 arenaHeap=0 arenaDirect=74864539 delegateHeap=0 delegateDirect=9944413 arenaShare=88.27% blocksHeap=1 blocksDirect=7 pinned=5 reusable=2 maxPinnedHeap=0 maxPinnedDirect=7 blockReuses=273031 blockGrowths=6 hooks=1325123 hookRejections=0 violations=0 earlyReuses=0 reallocInPlace=284 reallocMoved=0 reallocDelegated=0 trims=0 trimmedBlocks=0 leakedBlocks=0 objects=944 bytesHeap=0 bytesDirect=70811332768 liveHeap=0 liveDirect=0
ARENALOOP thread=io.github.neoionet.netty.microbenchmark.ByteBufAllocatorAllocPatternBenchmark.directAllocation-1-24 arenaHeap=0 arenaDirect=87562147 delegateHeap=0 delegateDirect=11630998 arenaShare=88.27% blocksHeap=1 blocksDirect=7 pinned=5 reusable=2 maxPinnedHeap=0 maxPinnedDirect=7 blockReuses=319335 blockGrowths=6 hooks=1549876 hookRejections=0 violations=0 earlyReuses=0 reallocInPlace=333 reallocMoved=0 reallocDelegated=0 trims=0 trimmedBlocks=0 leakedBlocks=0 objects=944 bytesHeap=0 bytesDirect=82819810544 liveHeap=0 liveDirect=0
ARENALOOP thread=io.github.neoionet.netty.microbenchmark.ByteBufAllocatorAllocPatternBenchmark.directAllocation-1-22 arenaHeap=0 arenaDirect=72497157 delegateHeap=0 delegateDirect=9629986 arenaShare=88.27% blocksHeap=1 blocksDirect=7 pinned=4 reusable=3 maxPinnedHeap=0 maxPinnedDirect=7 blockReuses=264394 blockGrowths=6 hooks=1283220 hookRejections=0 violations=0 earlyReuses=0 reallocInPlace=277 reallocMoved=0 reallocDelegated=0 trims=0 trimmedBlocks=0 leakedBlocks=0 objects=944 bytesHeap=0 bytesDirect=68571268696 liveHeap=0 liveDirect=0
ARENALOOP thread=io.github.neoionet.netty.microbenchmark.ByteBufAllocatorAllocPatternBenchmark.directAllocation-1-10 arenaHeap=0 arenaDirect=75356300 delegateHeap=0 delegateDirect=10009600 arenaShare=88.27% blocksHeap=1 blocksDirect=7 pinned=5 reusable=2 maxPinnedHeap=0 maxPinnedDirect=7 blockReuses=274814 blockGrowths=6 hooks=1333826 hookRejections=0 violations=0 earlyReuses=0 reallocInPlace=286 reallocMoved=0 reallocDelegated=0 trims=0 trimmedBlocks=0 leakedBlocks=0 objects=944 bytesHeap=0 bytesDirect=71273638064 liveHeap=0 liveDirect=0
ARENALOOP thread=io.github.neoionet.netty.microbenchmark.ByteBufAllocatorAllocPatternBenchmark.directAllocation-1-1 arenaHeap=0 arenaDirect=83516306 delegateHeap=0 delegateDirect=11093668 arenaShare=88.27% blocksHeap=1 blocksDirect=7 pinned=4 reusable=3 maxPinnedHeap=0 maxPinnedDirect=7 blockReuses=304580 blockGrowths=6 hooks=1478264 hookRejections=0 violations=0 earlyReuses=0 reallocInPlace=319 reallocMoved=0 reallocDelegated=0 trims=0 trimmedBlocks=0 leakedBlocks=0 objects=944 bytesHeap=0 bytesDirect=78993298048 liveHeap=0 liveDirect=0
ARENALOOP thread=io.github.neoionet.netty.microbenchmark.ByteBufAllocatorAllocPatternBenchmark.directAllocation-1-2 arenaHeap=0 arenaDirect=79367392 delegateHeap=0 delegateDirect=10542219 arenaShare=88.27% blocksHeap=1 blocksDirect=7 pinned=4 reusable=3 maxPinnedHeap=0 maxPinnedDirect=7 blockReuses=289444 blockGrowths=6 hooks=1404821 hookRejections=0 violations=0 earlyReuses=0 reallocInPlace=302 reallocMoved=0 reallocDelegated=0 trims=0 trimmedBlocks=0 leakedBlocks=0 objects=944 bytesHeap=0 bytesDirect=75067974616 liveHeap=0 liveDirect=0
ARENALOOP thread=io.github.neoionet.netty.microbenchmark.ByteBufAllocatorAllocPatternBenchmark.directAllocation-1-27 arenaHeap=0 arenaDirect=67961376 delegateHeap=0 delegateDirect=9027261 arenaShare=88.27% blocksHeap=1 blocksDirect=7 pinned=4 reusable=3 maxPinnedHeap=0 maxPinnedDirect=7 blockReuses=247845 blockGrowths=6 hooks=1202931 hookRejections=0 violations=0 earlyReuses=0 reallocInPlace=258 reallocMoved=0 reallocDelegated=0 trims=0 trimmedBlocks=0 leakedBlocks=0 objects=944 bytesHeap=0 bytesDirect=64279345800 liveHeap=0 liveDirect=0
ARENALOOP thread=io.github.neoionet.netty.microbenchmark.ByteBufAllocatorAllocPatternBenchmark.directAllocation-1-7 arenaHeap=0 arenaDirect=66381072 delegateHeap=0 delegateDirect=8817300 arenaShare=88.27% blocksHeap=1 blocksDirect=7 pinned=4 reusable=3 maxPinnedHeap=0 maxPinnedDirect=7 blockReuses=242091 blockGrowths=6 hooks=1174958 hookRejections=0 violations=0 earlyReuses=0 reallocInPlace=251 reallocMoved=0 reallocDelegated=0 trims=0 trimmedBlocks=0 leakedBlocks=0 objects=944 bytesHeap=0 bytesDirect=62786992488 liveHeap=0 liveDirect=0
ARENALOOP thread=io.github.neoionet.netty.microbenchmark.ByteBufAllocatorAllocPatternBenchmark.directAllocation-1-3 arenaHeap=0 arenaDirect=71522691 delegateHeap=0 delegateDirect=9500570 arenaShare=88.27% blocksHeap=1 blocksDirect=7 pinned=4 reusable=3 maxPinnedHeap=0 maxPinnedDirect=7 blockReuses=260834 blockGrowths=6 hooks=1265972 hookRejections=0 violations=0 earlyReuses=0 reallocInPlace=270 reallocMoved=0 reallocDelegated=0 trims=0 trimmedBlocks=0 leakedBlocks=0 objects=944 bytesHeap=0 bytesDirect=67648153016 liveHeap=0 liveDirect=0
ARENALOOP thread=io.github.neoionet.netty.microbenchmark.ByteBufAllocatorAllocPatternBenchmark.directAllocation-1-5 arenaHeap=0 arenaDirect=81839465 delegateHeap=0 delegateDirect=10870832 arenaShare=88.27% blocksHeap=1 blocksDirect=7 pinned=5 reusable=2 maxPinnedHeap=0 maxPinnedDirect=7 blockReuses=298466 blockGrowths=6 hooks=1448582 hookRejections=0 violations=0 earlyReuses=0 reallocInPlace=311 reallocMoved=0 reallocDelegated=0 trims=0 trimmedBlocks=0 leakedBlocks=0 objects=944 bytesHeap=0 bytesDirect=77407661072 liveHeap=0 liveDirect=0
ARENALOOP thread=io.github.neoionet.netty.microbenchmark.ByteBufAllocatorAllocPatternBenchmark.directAllocation-1-28 arenaHeap=0 arenaDirect=79810493 delegateHeap=0 delegateDirect=10601446 arenaShare=88.27% blocksHeap=1 blocksDirect=7 pinned=4 reusable=2 maxPinnedHeap=0 maxPinnedDirect=7 blockReuses=291066 blockGrowths=6 hooks=1412670 hookRejections=0 violations=0 earlyReuses=0 reallocInPlace=305 reallocMoved=0 reallocDelegated=0 trims=0 trimmedBlocks=0 leakedBlocks=0 objects=944 bytesHeap=0 bytesDirect=75488302768 liveHeap=0 liveDirect=0
ARENALOOP thread=io.github.neoionet.netty.microbenchmark.ByteBufAllocatorAllocPatternBenchmark.directAllocation-1-14 arenaHeap=0 arenaDirect=72820420 delegateHeap=0 delegateDirect=9672756 arenaShare=88.27% blocksHeap=1 blocksDirect=7 pinned=4 reusable=3 maxPinnedHeap=0 maxPinnedDirect=7 blockReuses=265571 blockGrowths=6 hooks=1288939 hookRejections=0 violations=0 earlyReuses=0 reallocInPlace=278 reallocMoved=0 reallocDelegated=0 trims=0 trimmedBlocks=0 leakedBlocks=0 objects=944 bytesHeap=0 bytesDirect=68876483808 liveHeap=0 liveDirect=0
309.297 ±(99.9%) 119.767 ns/op


Result "io.github.neoionet.netty.microbenchmark.ByteBufAllocatorAllocPatternBenchmark.directAllocation":
  262.574 ±(99.9%) 27.099 ns/op [Average]
  (min, avg, max) = (212.980, 262.574, 349.493), stdev = 40.560
  CI (99.9%): [235.475, 289.673] (assumes normal distribution)


# JMH version: 1.37
# VM version: JDK 21, Java HotSpot(TM) 64-Bit Server VM, 21+35-LTS-2513
# VM invoker: /home/forked_franz/.sdkman/candidates/java/21-oracle/bin/java
# VM options: -server -dsa -da -XX:InitialRAMPercentage=40.0 -XX:MaxRAMPercentage=40.0 -Dio.netty.leakDetection.level=disabled -Djmh.executor=CUSTOM -Djmh.executor.class=io.github.neoionet.netty.microbenchmark.executor.FastThreadLocalThreadHarnessExecutor -XX:MaxRAM=60g -Dexpt.hookEvery=64
# Blackhole mode: compiler (auto-detected, use -Djmh.blackhole.autoDetect=false to disable)
# Warmup: 10 iterations, 1 s each
# Measurement: 10 iterations, 1 s each
# Timeout: 10 min per iteration
# Threads: 32 threads, will synchronize iterations
# Benchmark mode: Average time, time/op
# Benchmark: io.github.neoionet.netty.microbenchmark.ByteBufAllocatorAllocPatternBenchmark.directAllocation
# Parameters: (MAX_LIVE_BUFFERS = 4096, allocatorType = ARENA, enableReadWrite = true, sizePattern = E_COMMERCE)

# Run progress: 14.29% complete, ETA 00:14:57
# Fork: 1 of 3
# Warmup Iteration   1: 526.993 ±(99.9%) 64.453 ns/op
# Warmup Iteration   2: 630.628 ±(99.9%) 73.969 ns/op
# Warmup Iteration   3: 367.391 ±(99.9%) 60.161 ns/op
# Warmup Iteration   4: 364.963 ±(99.9%) 59.982 ns/op
# Warmup Iteration   5: 430.371 ±(99.9%) 96.109 ns/op
# Warmup Iteration   6: 472.114 ±(99.9%) 90.783 ns/op
# Warmup Iteration   7: 454.817 ±(99.9%) 127.047 ns/op
# Warmup Iteration   8: 440.115 ±(99.9%) 90.845 ns/op
# Warmup Iteration   9: 460.019 ±(99.9%) 147.394 ns/op
# Warmup Iteration  10: 428.891 ±(99.9%) 103.421 ns/op
Iteration   1: 472.537 ±(99.9%) 127.981 ns/op
Iteration   2: 429.085 ±(99.9%) 111.448 ns/op
Iteration   3: 496.463 ±(99.9%) 131.758 ns/op
Iteration   4: 457.596 ±(99.9%) 147.894 ns/op
Iteration   5: 424.089 ±(99.9%) 83.448 ns/op
Iteration   6: 471.337 ±(99.9%) 153.071 ns/op
Iteration   7: 471.683 ±(99.9%) 185.491 ns/op
Iteration   8: 425.483 ±(99.9%) 91.322 ns/op
Iteration   9: 476.591 ±(99.9%) 153.962 ns/op
Iteration  10: cRSS-pRSS:[2826, 2826]
;used-memory:[0]
ARENATELE blockSize=262144 maxBlocks=8 cap=8192 maxObjects=16384 debug=false arenaHeap=0 arenaDirect=840504278 delegateHeap=0 delegateDirect=857974681 arenaShare=49.49% blocksHeap=32 blocksDirect=256 pinned=256 reusable=0 maxPinnedHeap=0 maxPinnedDirect=256 blockReuses=2912861 blockGrowths=224 hooks=26536670 hookRejections=0 violations=0 earlyReuses=0 reallocInPlace=3217 reallocMoved=0 reallocDelegated=0 trims=0 trimmedBlocks=0 leakedBlocks=0 objects=81760 bytesHeap=0 bytesDirect=4288233729536 liveHeap=0 liveDirect=1792
ARENALOOP thread=io.github.neoionet.netty.microbenchmark.ByteBufAllocatorAllocPatternBenchmark.directAllocation-1-30 arenaHeap=0 arenaDirect=22218135 delegateHeap=0 delegateDirect=22679607 arenaShare=49.49% blocksHeap=1 blocksDirect=8 pinned=8 reusable=0 maxPinnedHeap=0 maxPinnedDirect=8 blockReuses=76998 blockGrowths=7 hooks=701463 hookRejections=0 violations=0 earlyReuses=0 reallocInPlace=86 reallocMoved=0 reallocDelegated=0 trims=0 trimmedBlocks=0 leakedBlocks=0 objects=2555 bytesHeap=0 bytesDirect=113354936560 liveHeap=0 liveDirect=1792
ARENALOOP thread=io.github.neoionet.netty.microbenchmark.ByteBufAllocatorAllocPatternBenchmark.directAllocation-1-29 arenaHeap=0 arenaDirect=25042446 delegateHeap=0 delegateDirect=25562496 arenaShare=49.49% blocksHeap=1 blocksDirect=8 pinned=8 reusable=0 maxPinnedHeap=0 maxPinnedDirect=8 blockReuses=86787 blockGrowths=7 hooks=790638 hookRejections=0 violations=0 earlyReuses=0 reallocInPlace=96 reallocMoved=0 reallocDelegated=0 trims=0 trimmedBlocks=0 leakedBlocks=0 objects=2555 bytesHeap=0 bytesDirect=127758537280 liveHeap=0 liveDirect=0
ARENALOOP thread=io.github.neoionet.netty.microbenchmark.ByteBufAllocatorAllocPatternBenchmark.directAllocation-1-32 arenaHeap=0 arenaDirect=32204485 delegateHeap=0 delegateDirect=32872646 arenaShare=49.49% blocksHeap=1 blocksDirect=8 pinned=8 reusable=0 maxPinnedHeap=0 maxPinnedDirect=8 blockReuses=111609 blockGrowths=7 hooks=1016766 hookRejections=0 violations=0 earlyReuses=0 reallocInPlace=124 reallocMoved=0 reallocDelegated=0 trims=0 trimmedBlocks=0 leakedBlocks=0 objects=2555 bytesHeap=0 bytesDirect=164305187528 liveHeap=0 liveDirect=0
ARENALOOP thread=io.github.neoionet.netty.microbenchmark.ByteBufAllocatorAllocPatternBenchmark.directAllocation-1-18 arenaHeap=0 arenaDirect=29207059 delegateHeap=0 delegateDirect=29812894 arenaShare=49.49% blocksHeap=1 blocksDirect=8 pinned=8 reusable=0 maxPinnedHeap=0 maxPinnedDirect=8 blockReuses=101219 blockGrowths=7 hooks=922122 hookRejections=0 violations=0 earlyReuses=0 reallocInPlace=112 reallocMoved=0 reallocDelegated=0 trims=0 trimmedBlocks=0 leakedBlocks=0 objects=2555 bytesHeap=0 bytesDirect=149004106608 liveHeap=0 liveDirect=0
ARENALOOP thread=io.github.neoionet.netty.microbenchmark.ByteBufAllocatorAllocPatternBenchmark.directAllocation-1-21 arenaHeap=0 arenaDirect=25719241 delegateHeap=0 delegateDirect=26253007 arenaShare=49.49% blocksHeap=1 blocksDirect=8 pinned=8 reusable=0 maxPinnedHeap=0 maxPinnedDirect=8 blockReuses=89131 blockGrowths=7 hooks=812002 hookRejections=0 violations=0 earlyReuses=0 reallocInPlace=98 reallocMoved=0 reallocDelegated=0 trims=0 trimmedBlocks=0 leakedBlocks=0 objects=2555 bytesHeap=0 bytesDirect=131219005232 liveHeap=0 liveDirect=0
ARENALOOP thread=io.github.neoionet.netty.microbenchmark.ByteBufAllocatorAllocPatternBenchmark.directAllocation-1-14 arenaHeap=0 arenaDirect=28538004 delegateHeap=0 delegateDirect=29130079 arenaShare=49.49% blocksHeap=1 blocksDirect=8 pinned=8 reusable=0 maxPinnedHeap=0 maxPinnedDirect=8 blockReuses=98900 blockGrowths=7 hooks=900999 hookRejections=0 violations=0 earlyReuses=0 reallocInPlace=110 reallocMoved=0 reallocDelegated=0 trims=0 trimmedBlocks=0 leakedBlocks=0 objects=2555 bytesHeap=0 bytesDirect=145594089440 liveHeap=0 liveDirect=0
ARENALOOP thread=io.github.neoionet.netty.microbenchmark.ByteBufAllocatorAllocPatternBenchmark.directAllocation-1-24 arenaHeap=0 arenaDirect=27563392 delegateHeap=0 delegateDirect=28136938 arenaShare=49.49% blocksHeap=1 blocksDirect=8 pinned=8 reusable=0 maxPinnedHeap=0 maxPinnedDirect=8 blockReuses=95526 blockGrowths=7 hooks=870253 hookRejections=0 violations=0 earlyReuses=0 reallocInPlace=105 reallocMoved=0 reallocDelegated=0 trims=0 trimmedBlocks=0 leakedBlocks=0 objects=2555 bytesHeap=0 bytesDirect=140631069568 liveHeap=0 liveDirect=0
ARENALOOP thread=io.github.neoionet.netty.microbenchmark.ByteBufAllocatorAllocPatternBenchmark.directAllocation-1-13 arenaHeap=0 arenaDirect=26826749 delegateHeap=0 delegateDirect=27384164 arenaShare=49.49% blocksHeap=1 blocksDirect=8 pinned=8 reusable=0 maxPinnedHeap=0 maxPinnedDirect=8 blockReuses=92972 blockGrowths=7 hooks=846981 hookRejections=0 violations=0 earlyReuses=0 reallocInPlace=102 reallocMoved=0 reallocDelegated=0 trims=0 trimmedBlocks=0 leakedBlocks=0 objects=2555 bytesHeap=0 bytesDirect=136864875640 liveHeap=0 liveDirect=0
ARENALOOP thread=io.github.neoionet.netty.microbenchmark.ByteBufAllocatorAllocPatternBenchmark.directAllocation-1-23 arenaHeap=0 arenaDirect=25933616 delegateHeap=0 delegateDirect=26473308 arenaShare=49.49% blocksHeap=1 blocksDirect=8 pinned=8 reusable=0 maxPinnedHeap=0 maxPinnedDirect=8 blockReuses=89877 blockGrowths=7 hooks=818794 hookRejections=0 violations=0 earlyReuses=0 reallocInPlace=100 reallocMoved=0 reallocDelegated=0 trims=0 trimmedBlocks=0 leakedBlocks=0 objects=2555 bytesHeap=0 bytesDirect=132319657968 liveHeap=0 liveDirect=0
ARENALOOP thread=io.github.neoionet.netty.microbenchmark.ByteBufAllocatorAllocPatternBenchmark.directAllocation-1-11 arenaHeap=0 arenaDirect=25632830 delegateHeap=0 delegateDirect=26166034 arenaShare=49.49% blocksHeap=1 blocksDirect=8 pinned=8 reusable=0 maxPinnedHeap=0 maxPinnedDirect=8 blockReuses=88833 blockGrowths=7 hooks=809293 hookRejections=0 violations=0 earlyReuses=0 reallocInPlace=97 reallocMoved=0 reallocDelegated=0 trims=0 trimmedBlocks=0 leakedBlocks=0 objects=2555 bytesHeap=0 bytesDirect=130782725528 liveHeap=0 liveDirect=0
ARENALOOP thread=io.github.neoionet.netty.microbenchmark.ByteBufAllocatorAllocPatternBenchmark.directAllocation-1-31 arenaHeap=0 arenaDirect=29524942 delegateHeap=0 delegateDirect=30140829 arenaShare=49.48% blocksHeap=1 blocksDirect=8 pinned=8 reusable=0 maxPinnedHeap=0 maxPinnedDirect=8 blockReuses=102326 blockGrowths=7 hooks=932213 hookRejections=0 violations=0 earlyReuses=0 reallocInPlace=113 reallocMoved=0 reallocDelegated=0 trims=0 trimmedBlocks=0 leakedBlocks=0 objects=2555 bytesHeap=0 bytesDirect=150644722112 liveHeap=0 liveDirect=0
ARENALOOP thread=io.github.neoionet.netty.microbenchmark.ByteBufAllocatorAllocPatternBenchmark.directAllocation-1-1 arenaHeap=0 arenaDirect=26118403 delegateHeap=0 delegateDirect=26663305 arenaShare=49.48% blocksHeap=1 blocksDirect=8 pinned=8 reusable=0 maxPinnedHeap=0 maxPinnedDirect=8 blockReuses=90520 blockGrowths=7 hooks=824650 hookRejections=0 violations=0 earlyReuses=0 reallocInPlace=100 reallocMoved=0 reallocDelegated=0 trims=0 trimmedBlocks=0 leakedBlocks=0 objects=2555 bytesHeap=0 bytesDirect=133267300504 liveHeap=0 liveDirect=0
ARENALOOP thread=io.github.neoionet.netty.microbenchmark.ByteBufAllocatorAllocPatternBenchmark.directAllocation-1-22 arenaHeap=0 arenaDirect=24226782 delegateHeap=0 delegateDirect=24730445 arenaShare=49.49% blocksHeap=1 blocksDirect=8 pinned=8 reusable=0 maxPinnedHeap=0 maxPinnedDirect=8 blockReuses=83960 blockGrowths=7 hooks=764892 hookRejections=0 violations=0 earlyReuses=0 reallocInPlace=93 reallocMoved=0 reallocDelegated=0 trims=0 trimmedBlocks=0 leakedBlocks=0 objects=2555 bytesHeap=0 bytesDirect=123607520832 liveHeap=0 liveDirect=0
ARENALOOP thread=io.github.neoionet.netty.microbenchmark.ByteBufAllocatorAllocPatternBenchmark.directAllocation-1-7 arenaHeap=0 arenaDirect=30682147 delegateHeap=0 delegateDirect=31316618 arenaShare=49.49% blocksHeap=1 blocksDirect=8 pinned=8 reusable=0 maxPinnedHeap=0 maxPinnedDirect=8 blockReuses=106328 blockGrowths=7 hooks=968666 hookRejections=0 violations=0 earlyReuses=0 reallocInPlace=118 reallocMoved=0 reallocDelegated=0 trims=0 trimmedBlocks=0 leakedBlocks=0 objects=2555 bytesHeap=0 bytesDirect=156525253632 liveHeap=0 liveDirect=0
ARENALOOP thread=io.github.neoionet.netty.microbenchmark.ByteBufAllocatorAllocPatternBenchmark.directAllocation-1-12 arenaHeap=0 arenaDirect=26219555 delegateHeap=0 delegateDirect=26765329 arenaShare=49.48% blocksHeap=1 blocksDirect=8 pinned=8 reusable=0 maxPinnedHeap=0 maxPinnedDirect=8 blockReuses=90868 blockGrowths=7 hooks=827824 hookRejections=0 violations=0 earlyReuses=0 reallocInPlace=100 reallocMoved=0 reallocDelegated=0 trims=0 trimmedBlocks=0 leakedBlocks=0 objects=2555 bytesHeap=0 bytesDirect=133778555592 liveHeap=0 liveDirect=0
ARENALOOP thread=io.github.neoionet.netty.microbenchmark.ByteBufAllocatorAllocPatternBenchmark.directAllocation-1-10 arenaHeap=0 arenaDirect=14220748 delegateHeap=0 delegateDirect=14518556 arenaShare=49.48% blocksHeap=1 blocksDirect=8 pinned=8 reusable=0 maxPinnedHeap=0 maxPinnedDirect=8 blockReuses=49282 blockGrowths=7 hooks=448987 hookRejections=0 violations=0 earlyReuses=0 reallocInPlace=54 reallocMoved=0 reallocDelegated=0 trims=0 trimmedBlocks=0 leakedBlocks=0 objects=2555 bytesHeap=0 bytesDirect=72559218712 liveHeap=0 liveDirect=0
ARENALOOP thread=io.github.neoionet.netty.microbenchmark.ByteBufAllocatorAllocPatternBenchmark.directAllocation-1-6 arenaHeap=0 arenaDirect=22176031 delegateHeap=0 delegateDirect=22636460 arenaShare=49.49% blocksHeap=1 blocksDirect=8 pinned=8 reusable=0 maxPinnedHeap=0 maxPinnedDirect=8 blockReuses=76851 blockGrowths=7 hooks=700131 hookRejections=0 violations=0 earlyReuses=0 reallocInPlace=86 reallocMoved=0 reallocDelegated=0 trims=0 trimmedBlocks=0 leakedBlocks=0 objects=2555 bytesHeap=0 bytesDirect=113138463408 liveHeap=0 liveDirect=0
ARENALOOP thread=io.github.neoionet.netty.microbenchmark.ByteBufAllocatorAllocPatternBenchmark.directAllocation-1-4 arenaHeap=0 arenaDirect=24826630 delegateHeap=0 delegateDirect=25341364 arenaShare=49.49% blocksHeap=1 blocksDirect=8 pinned=8 reusable=0 maxPinnedHeap=0 maxPinnedDirect=8 blockReuses=86037 blockGrowths=7 hooks=783810 hookRejections=0 violations=0 earlyReuses=0 reallocInPlace=94 reallocMoved=0 reallocDelegated=0 trims=0 trimmedBlocks=0 leakedBlocks=0 objects=2555 bytesHeap=0 bytesDirect=126654450288 liveHeap=0 liveDirect=0
ARENALOOP thread=io.github.neoionet.netty.microbenchmark.ByteBufAllocatorAllocPatternBenchmark.directAllocation-1-2 arenaHeap=0 arenaDirect=26477460 delegateHeap=0 delegateDirect=27027562 arenaShare=49.49% blocksHeap=1 blocksDirect=8 pinned=8 reusable=0 maxPinnedHeap=0 maxPinnedDirect=8 blockReuses=91760 blockGrowths=7 hooks=835951 hookRejections=0 violations=0 earlyReuses=0 reallocInPlace=102 reallocMoved=0 reallocDelegated=0 trims=0 trimmedBlocks=0 leakedBlocks=0 objects=2555 bytesHeap=0 bytesDirect=135083633536 liveHeap=0 liveDirect=0
ARENALOOP thread=io.github.neoionet.netty.microbenchmark.ByteBufAllocatorAllocPatternBenchmark.directAllocation-1-17 arenaHeap=0 arenaDirect=26630910 delegateHeap=0 delegateDirect=27184036 arenaShare=49.49% blocksHeap=1 blocksDirect=8 pinned=8 reusable=0 maxPinnedHeap=0 maxPinnedDirect=8 blockReuses=92291 blockGrowths=7 hooks=840794 hookRejections=0 violations=0 earlyReuses=0 reallocInPlace=102 reallocMoved=0 reallocDelegated=0 trims=0 trimmedBlocks=0 leakedBlocks=0 objects=2555 bytesHeap=0 bytesDirect=135867061888 liveHeap=0 liveDirect=0
ARENALOOP thread=io.github.neoionet.netty.microbenchmark.ByteBufAllocatorAllocPatternBenchmark.directAllocation-1-25 arenaHeap=0 arenaDirect=25196024 delegateHeap=0 delegateDirect=25720225 arenaShare=49.49% blocksHeap=1 blocksDirect=8 pinned=8 reusable=0 maxPinnedHeap=0 maxPinnedDirect=8 blockReuses=87320 blockGrowths=7 hooks=795502 hookRejections=0 violations=0 earlyReuses=0 reallocInPlace=96 reallocMoved=0 reallocDelegated=0 trims=0 trimmedBlocks=0 leakedBlocks=0 objects=2555 bytesHeap=0 bytesDirect=128548307896 liveHeap=0 liveDirect=0
ARENALOOP thread=io.github.neoionet.netty.microbenchmark.ByteBufAllocatorAllocPatternBenchmark.directAllocation-1-19 arenaHeap=0 arenaDirect=24671109 delegateHeap=0 delegateDirect=25184945 arenaShare=49.48% blocksHeap=1 blocksDirect=8 pinned=8 reusable=0 maxPinnedHeap=0 maxPinnedDirect=8 blockReuses=85502 blockGrowths=7 hooks=778936 hookRejections=0 violations=0 earlyReuses=0 reallocInPlace=94 reallocMoved=0 reallocDelegated=0 trims=0 trimmedBlocks=0 leakedBlocks=0 objects=2555 bytesHeap=0 bytesDirect=125873119824 liveHeap=0 liveDirect=0
ARENALOOP thread=io.github.neoionet.netty.microbenchmark.ByteBufAllocatorAllocPatternBenchmark.directAllocation-1-20 arenaHeap=0 arenaDirect=22177327 delegateHeap=0 delegateDirect=22637739 arenaShare=49.49% blocksHeap=1 blocksDirect=8 pinned=8 reusable=0 maxPinnedHeap=0 maxPinnedDirect=8 blockReuses=76855 blockGrowths=7 hooks=700171 hookRejections=0 violations=0 earlyReuses=0 reallocInPlace=86 reallocMoved=0 reallocDelegated=0 trims=0 trimmedBlocks=0 leakedBlocks=0 objects=2555 bytesHeap=0 bytesDirect=113145116728 liveHeap=0 liveDirect=0
ARENALOOP thread=io.github.neoionet.netty.microbenchmark.ByteBufAllocatorAllocPatternBenchmark.directAllocation-1-3 arenaHeap=0 arenaDirect=24176186 delegateHeap=0 delegateDirect=24679477 arenaShare=49.48% blocksHeap=1 blocksDirect=8 pinned=8 reusable=0 maxPinnedHeap=0 maxPinnedDirect=8 blockReuses=83786 blockGrowths=7 hooks=763305 hookRejections=0 violations=0 earlyReuses=0 reallocInPlace=92 reallocMoved=0 reallocDelegated=0 trims=0 trimmedBlocks=0 leakedBlocks=0 objects=2555 bytesHeap=0 bytesDirect=123352264344 liveHeap=0 liveDirect=0
ARENALOOP thread=io.github.neoionet.netty.microbenchmark.ByteBufAllocatorAllocPatternBenchmark.directAllocation-1-9 arenaHeap=0 arenaDirect=34599732 delegateHeap=0 delegateDirect=35316633 arenaShare=49.49% blocksHeap=1 blocksDirect=8 pinned=8 reusable=0 maxPinnedHeap=0 maxPinnedDirect=8 blockReuses=119908 blockGrowths=7 hooks=1092379 hookRejections=0 violations=0 earlyReuses=0 reallocInPlace=133 reallocMoved=0 reallocDelegated=0 trims=0 trimmedBlocks=0 leakedBlocks=0 objects=2555 bytesHeap=0 bytesDirect=176523460264 liveHeap=0 liveDirect=0
ARENALOOP thread=io.github.neoionet.netty.microbenchmark.ByteBufAllocatorAllocPatternBenchmark.directAllocation-1-8 arenaHeap=0 arenaDirect=25218299 delegateHeap=0 delegateDirect=25742391 arenaShare=49.49% blocksHeap=1 blocksDirect=8 pinned=8 reusable=0 maxPinnedHeap=0 maxPinnedDirect=8 blockReuses=87396 blockGrowths=7 hooks=796196 hookRejections=0 violations=0 earlyReuses=0 reallocInPlace=96 reallocMoved=0 reallocDelegated=0 trims=0 trimmedBlocks=0 leakedBlocks=0 objects=2555 bytesHeap=0 bytesDirect=128659941952 liveHeap=0 liveDirect=0
ARENALOOP thread=io.github.neoionet.netty.microbenchmark.ByteBufAllocatorAllocPatternBenchmark.directAllocation-1-27 arenaHeap=0 arenaDirect=32298416 delegateHeap=0 delegateDirect=32969637 arenaShare=49.49% blocksHeap=1 blocksDirect=8 pinned=8 reusable=0 maxPinnedHeap=0 maxPinnedDirect=8 blockReuses=111936 blockGrowths=7 hooks=1019749 hookRejections=0 violations=0 earlyReuses=0 reallocInPlace=124 reallocMoved=0 reallocDelegated=0 trims=0 trimmedBlocks=0 leakedBlocks=0 objects=2555 bytesHeap=0 bytesDirect=164789380168 liveHeap=0 liveDirect=0
ARENALOOP thread=io.github.neoionet.netty.microbenchmark.ByteBufAllocatorAllocPatternBenchmark.directAllocation-1-5 arenaHeap=0 arenaDirect=25301016 delegateHeap=0 delegateDirect=25829867 arenaShare=49.48% blocksHeap=1 blocksDirect=8 pinned=8 reusable=0 maxPinnedHeap=0 maxPinnedDirect=8 blockReuses=87688 blockGrowths=7 hooks=798856 hookRejections=0 violations=0 earlyReuses=0 reallocInPlace=96 reallocMoved=0 reallocDelegated=0 trims=0 trimmedBlocks=0 leakedBlocks=0 objects=2555 bytesHeap=0 bytesDirect=129097467552 liveHeap=0 liveDirect=0
ARENALOOP thread=io.github.neoionet.netty.microbenchmark.ByteBufAllocatorAllocPatternBenchmark.directAllocation-1-26 arenaHeap=0 arenaDirect=29720914 delegateHeap=0 delegateDirect=30337694 arenaShare=49.49% blocksHeap=1 blocksDirect=8 pinned=8 reusable=0 maxPinnedHeap=0 maxPinnedDirect=8 blockReuses=103001 blockGrowths=7 hooks=938351 hookRejections=0 violations=0 earlyReuses=0 reallocInPlace=113 reallocMoved=0 reallocDelegated=0 trims=0 trimmedBlocks=0 leakedBlocks=0 objects=2555 bytesHeap=0 bytesDirect=151634363616 liveHeap=0 liveDirect=0
ARENALOOP thread=io.github.neoionet.netty.microbenchmark.ByteBufAllocatorAllocPatternBenchmark.directAllocation-1-16 arenaHeap=0 arenaDirect=26159391 delegateHeap=0 delegateDirect=26704056 arenaShare=49.48% blocksHeap=1 blocksDirect=8 pinned=8 reusable=0 maxPinnedHeap=0 maxPinnedDirect=8 blockReuses=90661 blockGrowths=7 hooks=825927 hookRejections=0 violations=0 earlyReuses=0 reallocInPlace=100 reallocMoved=0 reallocDelegated=0 trims=0 trimmedBlocks=0 leakedBlocks=0 objects=2555 bytesHeap=0 bytesDirect=133470691752 liveHeap=0 liveDirect=0
ARENALOOP thread=io.github.neoionet.netty.microbenchmark.ByteBufAllocatorAllocPatternBenchmark.directAllocation-1-28 arenaHeap=0 arenaDirect=26031155 delegateHeap=0 delegateDirect=26573328 arenaShare=49.48% blocksHeap=1 blocksDirect=8 pinned=8 reusable=0 maxPinnedHeap=0 maxPinnedDirect=8 blockReuses=90216 blockGrowths=7 hooks=821881 hookRejections=0 violations=0 earlyReuses=0 reallocInPlace=100 reallocMoved=0 reallocDelegated=0 trims=0 trimmedBlocks=0 leakedBlocks=0 objects=2555 bytesHeap=0 bytesDirect=132817907312 liveHeap=0 liveDirect=0
ARENALOOP thread=io.github.neoionet.netty.microbenchmark.ByteBufAllocatorAllocPatternBenchmark.directAllocation-1-15 arenaHeap=0 arenaDirect=24965144 delegateHeap=0 delegateDirect=25483012 arenaShare=49.49% blocksHeap=1 blocksDirect=8 pinned=8 reusable=0 maxPinnedHeap=0 maxPinnedDirect=8 blockReuses=86517 blockGrowths=7 hooks=788188 hookRejections=0 violations=0 earlyReuses=0 reallocInPlace=95 reallocMoved=0 reallocDelegated=0 trims=0 trimmedBlocks=0 leakedBlocks=0 objects=2555 bytesHeap=0 bytesDirect=127361336272 liveHeap=0 liveDirect=0
463.689 ±(99.9%) 150.842 ns/op

# Run progress: 16.67% complete, ETA 00:14:33
# Fork: 2 of 3
# Warmup Iteration   1: 490.097 ±(99.9%) 55.663 ns/op
# Warmup Iteration   2: 479.879 ±(99.9%) 72.871 ns/op
# Warmup Iteration   3: 357.430 ±(99.9%) 54.208 ns/op
# Warmup Iteration   4: 357.671 ±(99.9%) 59.039 ns/op
# Warmup Iteration   5: 392.763 ±(99.9%) 79.076 ns/op
# Warmup Iteration   6: 366.325 ±(99.9%) 83.746 ns/op
# Warmup Iteration   7: 366.906 ±(99.9%) 71.205 ns/op
# Warmup Iteration   8: 387.209 ±(99.9%) 104.686 ns/op
# Warmup Iteration   9: 372.119 ±(99.9%) 82.944 ns/op
# Warmup Iteration  10: 396.667 ±(99.9%) 113.728 ns/op
Iteration   1: 361.911 ±(99.9%) 68.166 ns/op
Iteration   2: 348.103 ±(99.9%) 51.372 ns/op
Iteration   3: 387.908 ±(99.9%) 95.436 ns/op
Iteration   4: 350.318 ±(99.9%) 51.473 ns/op
Iteration   5: 398.196 ±(99.9%) 98.220 ns/op
Iteration   6: 370.374 ±(99.9%) 79.675 ns/op
Iteration   7: 426.482 ±(99.9%) 144.749 ns/op
Iteration   8: 415.009 ±(99.9%) 145.983 ns/op
Iteration   9: 420.035 ±(99.9%) 118.924 ns/op
Iteration  10: cRSS-pRSS:[2820, 2820]
;used-memory:[0]
ARENATELE blockSize=262144 maxBlocks=8 cap=8192 maxObjects=16384 debug=false arenaHeap=0 arenaDirect=970637957 delegateHeap=0 delegateDirect=990783522 arenaShare=49.49% blocksHeap=32 blocksDirect=256 pinned=255 reusable=0 maxPinnedHeap=0 maxPinnedDirect=256 blockReuses=3363854 blockGrowths=224 hooks=30645148 hookRejections=0 violations=0 earlyReuses=0 reallocInPlace=3715 reallocMoved=0 reallocDelegated=0 trims=0 trimmedBlocks=0 leakedBlocks=0 objects=81760 bytesHeap=0 bytesDirect=4952051327144 liveHeap=0 liveDirect=249
ARENALOOP thread=io.github.neoionet.netty.microbenchmark.ByteBufAllocatorAllocPatternBenchmark.directAllocation-1-27 arenaHeap=0 arenaDirect=26819584 delegateHeap=0 delegateDirect=27376921 arenaShare=49.49% blocksHeap=1 blocksDirect=8 pinned=7 reusable=0 maxPinnedHeap=0 maxPinnedDirect=8 blockReuses=92947 blockGrowths=7 hooks=846756 hookRejections=0 violations=0 earlyReuses=0 reallocInPlace=102 reallocMoved=0 reallocDelegated=0 trims=0 trimmedBlocks=0 leakedBlocks=0 objects=2555 bytesHeap=0 bytesDirect=136828681400 liveHeap=0 liveDirect=230
ARENALOOP thread=io.github.neoionet.netty.microbenchmark.ByteBufAllocatorAllocPatternBenchmark.directAllocation-1-9 arenaHeap=0 arenaDirect=33055874 delegateHeap=0 delegateDirect=33741318 arenaShare=49.49% blocksHeap=1 blocksDirect=8 pinned=8 reusable=0 maxPinnedHeap=0 maxPinnedDirect=8 blockReuses=114559 blockGrowths=7 hooks=1043642 hookRejections=0 violations=0 earlyReuses=0 reallocInPlace=126 reallocMoved=0 reallocDelegated=0 trims=0 trimmedBlocks=0 leakedBlocks=0 objects=2555 bytesHeap=0 bytesDirect=168640966952 liveHeap=0 liveDirect=0
ARENALOOP thread=io.github.neoionet.netty.microbenchmark.ByteBufAllocatorAllocPatternBenchmark.directAllocation-1-25 arenaHeap=0 arenaDirect=27976767 delegateHeap=0 delegateDirect=28558347 arenaShare=49.49% blocksHeap=1 blocksDirect=8 pinned=8 reusable=0 maxPinnedHeap=0 maxPinnedDirect=8 blockReuses=96957 blockGrowths=7 hooks=883297 hookRejections=0 violations=0 earlyReuses=0 reallocInPlace=107 reallocMoved=0 reallocDelegated=0 trims=0 trimmedBlocks=0 leakedBlocks=0 objects=2555 bytesHeap=0 bytesDirect=142741821856 liveHeap=0 liveDirect=0
ARENALOOP thread=io.github.neoionet.netty.microbenchmark.ByteBufAllocatorAllocPatternBenchmark.directAllocation-1-8 arenaHeap=0 arenaDirect=28168074 delegateHeap=0 delegateDirect=28754731 arenaShare=49.48% blocksHeap=1 blocksDirect=8 pinned=8 reusable=0 maxPinnedHeap=0 maxPinnedDirect=8 blockReuses=97623 blockGrowths=7 hooks=889354 hookRejections=0 violations=0 earlyReuses=0 reallocInPlace=108 reallocMoved=0 reallocDelegated=0 trims=0 trimmedBlocks=0 leakedBlocks=0 objects=2555 bytesHeap=0 bytesDirect=143720994384 liveHeap=0 liveDirect=0
ARENALOOP thread=io.github.neoionet.netty.microbenchmark.ByteBufAllocatorAllocPatternBenchmark.directAllocation-1-32 arenaHeap=0 arenaDirect=33441259 delegateHeap=0 delegateDirect=34133157 arenaShare=49.49% blocksHeap=1 blocksDirect=8 pinned=8 reusable=0 maxPinnedHeap=0 maxPinnedDirect=8 blockReuses=115892 blockGrowths=7 hooks=1055786 hookRejections=0 violations=0 earlyReuses=0 reallocInPlace=128 reallocMoved=0 reallocDelegated=0 trims=0 trimmedBlocks=0 leakedBlocks=0 objects=2555 bytesHeap=0 bytesDirect=170601750752 liveHeap=0 liveDirect=0
ARENALOOP thread=io.github.neoionet.netty.microbenchmark.ByteBufAllocatorAllocPatternBenchmark.directAllocation-1-23 arenaHeap=0 arenaDirect=31278693 delegateHeap=0 delegateDirect=31927137 arenaShare=49.49% blocksHeap=1 blocksDirect=8 pinned=8 reusable=0 maxPinnedHeap=0 maxPinnedDirect=8 blockReuses=108399 blockGrowths=7 hooks=987527 hookRejections=0 violations=0 earlyReuses=0 reallocInPlace=120 reallocMoved=0 reallocDelegated=0 trims=0 trimmedBlocks=0 leakedBlocks=0 objects=2555 bytesHeap=0 bytesDirect=159572619384 liveHeap=0 liveDirect=0
ARENALOOP thread=io.github.neoionet.netty.microbenchmark.ByteBufAllocatorAllocPatternBenchmark.directAllocation-1-3 arenaHeap=0 arenaDirect=32877923 delegateHeap=0 delegateDirect=33559069 arenaShare=49.49% blocksHeap=1 blocksDirect=8 pinned=8 reusable=0 maxPinnedHeap=0 maxPinnedDirect=8 blockReuses=113941 blockGrowths=7 hooks=1038014 hookRejections=0 violations=0 earlyReuses=0 reallocInPlace=126 reallocMoved=0 reallocDelegated=0 trims=0 trimmedBlocks=0 leakedBlocks=0 objects=2555 bytesHeap=0 bytesDirect=167732936448 liveHeap=0 liveDirect=0
ARENALOOP thread=io.github.neoionet.netty.microbenchmark.ByteBufAllocatorAllocPatternBenchmark.directAllocation-1-6 arenaHeap=0 arenaDirect=28481444 delegateHeap=0 delegateDirect=29071816 arenaShare=49.49% blocksHeap=1 blocksDirect=8 pinned=8 reusable=0 maxPinnedHeap=0 maxPinnedDirect=8 blockReuses=98704 blockGrowths=7 hooks=899205 hookRejections=0 violations=0 earlyReuses=0 reallocInPlace=110 reallocMoved=0 reallocDelegated=0 trims=0 trimmedBlocks=0 leakedBlocks=0 objects=2555 bytesHeap=0 bytesDirect=145305693504 liveHeap=0 liveDirect=0
ARENALOOP thread=io.github.neoionet.netty.microbenchmark.ByteBufAllocatorAllocPatternBenchmark.directAllocation-1-13 arenaHeap=0 arenaDirect=31226398 delegateHeap=0 delegateDirect=31873463 arenaShare=49.49% blocksHeap=1 blocksDirect=8 pinned=8 reusable=0 maxPinnedHeap=0 maxPinnedDirect=8 blockReuses=108217 blockGrowths=7 hooks=985871 hookRejections=0 violations=0 earlyReuses=0 reallocInPlace=120 reallocMoved=0 reallocDelegated=0 trims=0 trimmedBlocks=0 leakedBlocks=0 objects=2555 bytesHeap=0 bytesDirect=159304264400 liveHeap=0 liveDirect=0
ARENALOOP thread=io.github.neoionet.netty.microbenchmark.ByteBufAllocatorAllocPatternBenchmark.directAllocation-1-7 arenaHeap=0 arenaDirect=30252217 delegateHeap=0 delegateDirect=30881922 arenaShare=49.48% blocksHeap=1 blocksDirect=8 pinned=8 reusable=0 maxPinnedHeap=0 maxPinnedDirect=8 blockReuses=104846 blockGrowths=7 hooks=955156 hookRejections=0 violations=0 earlyReuses=0 reallocInPlace=116 reallocMoved=0 reallocDelegated=0 trims=0 trimmedBlocks=0 leakedBlocks=0 objects=2555 bytesHeap=0 bytesDirect=154354030600 liveHeap=0 liveDirect=0
ARENALOOP thread=io.github.neoionet.netty.microbenchmark.ByteBufAllocatorAllocPatternBenchmark.directAllocation-1-28 arenaHeap=0 arenaDirect=22959169 delegateHeap=0 delegateDirect=23436981 arenaShare=49.49% blocksHeap=1 blocksDirect=8 pinned=8 reusable=0 maxPinnedHeap=0 maxPinnedDirect=8 blockReuses=79567 blockGrowths=7 hooks=724875 hookRejections=0 violations=0 earlyReuses=0 reallocInPlace=88 reallocMoved=0 reallocDelegated=0 trims=0 trimmedBlocks=0 leakedBlocks=0 objects=2555 bytesHeap=0 bytesDirect=117134366336 liveHeap=0 liveDirect=0
ARENALOOP thread=io.github.neoionet.netty.microbenchmark.ByteBufAllocatorAllocPatternBenchmark.directAllocation-1-12 arenaHeap=0 arenaDirect=30096648 delegateHeap=0 delegateDirect=30722292 arenaShare=49.49% blocksHeap=1 blocksDirect=8 pinned=8 reusable=0 maxPinnedHeap=0 maxPinnedDirect=8 blockReuses=104304 blockGrowths=7 hooks=950231 hookRejections=0 violations=0 earlyReuses=0 reallocInPlace=116 reallocMoved=0 reallocDelegated=0 trims=0 trimmedBlocks=0 leakedBlocks=0 objects=2555 bytesHeap=0 bytesDirect=153555960024 liveHeap=0 liveDirect=0
ARENALOOP thread=io.github.neoionet.netty.microbenchmark.ByteBufAllocatorAllocPatternBenchmark.directAllocation-1-2 arenaHeap=0 arenaDirect=28177210 delegateHeap=0 delegateDirect=28764129 arenaShare=49.48% blocksHeap=1 blocksDirect=8 pinned=8 reusable=0 maxPinnedHeap=0 maxPinnedDirect=8 blockReuses=97655 blockGrowths=7 hooks=889644 hookRejections=0 violations=0 earlyReuses=0 reallocInPlace=108 reallocMoved=0 reallocDelegated=0 trims=0 trimmedBlocks=0 leakedBlocks=0 objects=2555 bytesHeap=0 bytesDirect=143768171112 liveHeap=0 liveDirect=0
ARENALOOP thread=io.github.neoionet.netty.microbenchmark.ByteBufAllocatorAllocPatternBenchmark.directAllocation-1-15 arenaHeap=0 arenaDirect=32356230 delegateHeap=0 delegateDirect=33028657 arenaShare=49.49% blocksHeap=1 blocksDirect=8 pinned=8 reusable=0 maxPinnedHeap=0 maxPinnedDirect=8 blockReuses=112137 blockGrowths=7 hooks=1021574 hookRejections=0 violations=0 earlyReuses=0 reallocInPlace=124 reallocMoved=0 reallocDelegated=0 trims=0 trimmedBlocks=0 leakedBlocks=0 objects=2555 bytesHeap=0 bytesDirect=165084451536 liveHeap=0 liveDirect=0
ARENALOOP thread=io.github.neoionet.netty.microbenchmark.ByteBufAllocatorAllocPatternBenchmark.directAllocation-1-24 arenaHeap=0 arenaDirect=33737643 delegateHeap=0 delegateDirect=34440590 arenaShare=49.48% blocksHeap=1 blocksDirect=8 pinned=8 reusable=0 maxPinnedHeap=0 maxPinnedDirect=8 blockReuses=116927 blockGrowths=7 hooks=1065220 hookRejections=0 violations=0 earlyReuses=0 reallocInPlace=129 reallocMoved=0 reallocDelegated=0 trims=0 trimmedBlocks=0 leakedBlocks=0 objects=2555 bytesHeap=0 bytesDirect=172137375176 liveHeap=0 liveDirect=0
ARENALOOP thread=io.github.neoionet.netty.microbenchmark.ByteBufAllocatorAllocPatternBenchmark.directAllocation-1-22 arenaHeap=0 arenaDirect=35289975 delegateHeap=0 delegateDirect=36020061 arenaShare=49.49% blocksHeap=1 blocksDirect=8 pinned=8 reusable=0 maxPinnedHeap=0 maxPinnedDirect=8 blockReuses=122299 blockGrowths=7 hooks=1114155 hookRejections=0 violations=0 earlyReuses=0 reallocInPlace=135 reallocMoved=0 reallocDelegated=0 trims=0 trimmedBlocks=0 leakedBlocks=0 objects=2555 bytesHeap=0 bytesDirect=180031753920 liveHeap=0 liveDirect=0
ARENALOOP thread=io.github.neoionet.netty.microbenchmark.ByteBufAllocatorAllocPatternBenchmark.directAllocation-1-31 arenaHeap=0 arenaDirect=34338511 delegateHeap=0 delegateDirect=35050891 arenaShare=49.49% blocksHeap=1 blocksDirect=8 pinned=8 reusable=0 maxPinnedHeap=0 maxPinnedDirect=8 blockReuses=119005 blockGrowths=7 hooks=1084145 hookRejections=0 violations=0 earlyReuses=0 reallocInPlace=132 reallocMoved=0 reallocDelegated=0 trims=0 trimmedBlocks=0 leakedBlocks=0 objects=2555 bytesHeap=0 bytesDirect=175193780240 liveHeap=0 liveDirect=0
ARENALOOP thread=io.github.neoionet.netty.microbenchmark.ByteBufAllocatorAllocPatternBenchmark.directAllocation-1-30 arenaHeap=0 arenaDirect=35367528 delegateHeap=0 delegateDirect=36099192 arenaShare=49.49% blocksHeap=1 blocksDirect=8 pinned=8 reusable=0 maxPinnedHeap=0 maxPinnedDirect=8 blockReuses=122568 blockGrowths=7 hooks=1116603 hookRejections=0 violations=0 earlyReuses=0 reallocInPlace=135 reallocMoved=0 reallocDelegated=0 trims=0 trimmedBlocks=0 leakedBlocks=0 objects=2555 bytesHeap=0 bytesDirect=180427170304 liveHeap=0 liveDirect=0
ARENALOOP thread=io.github.neoionet.netty.microbenchmark.ByteBufAllocatorAllocPatternBenchmark.directAllocation-1-20 arenaHeap=0 arenaDirect=30058859 delegateHeap=0 delegateDirect=30682845 arenaShare=49.49% blocksHeap=1 blocksDirect=8 pinned=8 reusable=0 maxPinnedHeap=0 maxPinnedDirect=8 blockReuses=104172 blockGrowths=7 hooks=949025 hookRejections=0 violations=0 earlyReuses=0 reallocInPlace=115 reallocMoved=0 reallocDelegated=0 trims=0 trimmedBlocks=0 leakedBlocks=0 objects=2555 bytesHeap=0 bytesDirect=153361575224 liveHeap=0 liveDirect=0
ARENALOOP thread=io.github.neoionet.netty.microbenchmark.ByteBufAllocatorAllocPatternBenchmark.directAllocation-1-21 arenaHeap=0 arenaDirect=35048813 delegateHeap=0 delegateDirect=35775470 arenaShare=49.49% blocksHeap=1 blocksDirect=8 pinned=8 reusable=0 maxPinnedHeap=0 maxPinnedDirect=8 blockReuses=121467 blockGrowths=7 hooks=1106565 hookRejections=0 violations=0 earlyReuses=0 reallocInPlace=134 reallocMoved=0 reallocDelegated=0 trims=0 trimmedBlocks=0 leakedBlocks=0 objects=2555 bytesHeap=0 bytesDirect=178810654064 liveHeap=0 liveDirect=0
ARENALOOP thread=io.github.neoionet.netty.microbenchmark.ByteBufAllocatorAllocPatternBenchmark.directAllocation-1-26 arenaHeap=0 arenaDirect=31947828 delegateHeap=0 delegateDirect=32609416 arenaShare=49.49% blocksHeap=1 blocksDirect=8 pinned=8 reusable=0 maxPinnedHeap=0 maxPinnedDirect=8 blockReuses=110716 blockGrowths=7 hooks=1008642 hookRejections=0 violations=0 earlyReuses=0 reallocInPlace=122 reallocMoved=0 reallocDelegated=0 trims=0 trimmedBlocks=0 leakedBlocks=0 objects=2555 bytesHeap=0 bytesDirect=162991569648 liveHeap=0 liveDirect=0
ARENALOOP thread=io.github.neoionet.netty.microbenchmark.ByteBufAllocatorAllocPatternBenchmark.directAllocation-1-19 arenaHeap=0 arenaDirect=27054924 delegateHeap=0 delegateDirect=27615532 arenaShare=49.49% blocksHeap=1 blocksDirect=8 pinned=8 reusable=0 maxPinnedHeap=0 maxPinnedDirect=8 blockReuses=93759 blockGrowths=7 hooks=854161 hookRejections=0 violations=0 earlyReuses=0 reallocInPlace=103 reallocMoved=0 reallocDelegated=0 trims=0 trimmedBlocks=0 leakedBlocks=0 objects=2555 bytesHeap=0 bytesDirect=138020490920 liveHeap=0 liveDirect=0
ARENALOOP thread=io.github.neoionet.netty.microbenchmark.ByteBufAllocatorAllocPatternBenchmark.directAllocation-1-17 arenaHeap=0 arenaDirect=24777808 delegateHeap=0 delegateDirect=25291738 arenaShare=49.49% blocksHeap=1 blocksDirect=8 pinned=8 reusable=0 maxPinnedHeap=0 maxPinnedDirect=8 blockReuses=85868 blockGrowths=7 hooks=782272 hookRejections=0 violations=0 earlyReuses=0 reallocInPlace=94 reallocMoved=0 reallocDelegated=0 trims=0 trimmedBlocks=0 leakedBlocks=0 objects=2555 bytesHeap=0 bytesDirect=126406322808 liveHeap=0 liveDirect=0
ARENALOOP thread=io.github.neoionet.netty.microbenchmark.ByteBufAllocatorAllocPatternBenchmark.directAllocation-1-16 arenaHeap=0 arenaDirect=27377665 delegateHeap=0 delegateDirect=27949711 arenaShare=49.48% blocksHeap=1 blocksDirect=8 pinned=8 reusable=0 maxPinnedHeap=0 maxPinnedDirect=8 blockReuses=94885 blockGrowths=7 hooks=864426 hookRejections=0 violations=0 earlyReuses=0 reallocInPlace=104 reallocMoved=0 reallocDelegated=0 trims=0 trimmedBlocks=0 leakedBlocks=0 objects=2555 bytesHeap=0 bytesDirect=139693125520 liveHeap=0 liveDirect=0
ARENALOOP thread=io.github.neoionet.netty.microbenchmark.ByteBufAllocatorAllocPatternBenchmark.directAllocation-1-10 arenaHeap=0 arenaDirect=29340344 delegateHeap=0 delegateDirect=29949516 arenaShare=49.49% blocksHeap=1 blocksDirect=8 pinned=8 reusable=0 maxPinnedHeap=0 maxPinnedDirect=8 blockReuses=101682 blockGrowths=7 hooks=926340 hookRejections=0 violations=0 earlyReuses=0 reallocInPlace=112 reallocMoved=0 reallocDelegated=0 trims=0 trimmedBlocks=0 leakedBlocks=0 objects=2555 bytesHeap=0 bytesDirect=149688134664 liveHeap=0 liveDirect=0
ARENALOOP thread=io.github.neoionet.netty.microbenchmark.ByteBufAllocatorAllocPatternBenchmark.directAllocation-1-5 arenaHeap=0 arenaDirect=32060345 delegateHeap=0 delegateDirect=32725339 arenaShare=49.49% blocksHeap=1 blocksDirect=8 pinned=8 reusable=0 maxPinnedHeap=0 maxPinnedDirect=8 blockReuses=111108 blockGrowths=7 hooks=1012212 hookRejections=0 violations=0 earlyReuses=0 reallocInPlace=123 reallocMoved=0 reallocDelegated=0 trims=0 trimmedBlocks=0 leakedBlocks=0 objects=2555 bytesHeap=0 bytesDirect=163570664272 liveHeap=0 liveDirect=0
ARENALOOP thread=io.github.neoionet.netty.microbenchmark.ByteBufAllocatorAllocPatternBenchmark.directAllocation-1-18 arenaHeap=0 arenaDirect=28662048 delegateHeap=0 delegateDirect=29256353 arenaShare=49.49% blocksHeap=1 blocksDirect=8 pinned=8 reusable=0 maxPinnedHeap=0 maxPinnedDirect=8 blockReuses=99330 blockGrowths=7 hooks=904911 hookRejections=0 violations=0 earlyReuses=0 reallocInPlace=110 reallocMoved=0 reallocDelegated=0 trims=0 trimmedBlocks=0 leakedBlocks=0 objects=2555 bytesHeap=0 bytesDirect=146225312728 liveHeap=0 liveDirect=0
ARENALOOP thread=io.github.neoionet.netty.microbenchmark.ByteBufAllocatorAllocPatternBenchmark.directAllocation-1-14 arenaHeap=0 arenaDirect=26450750 delegateHeap=0 delegateDirect=26999431 arenaShare=49.49% blocksHeap=1 blocksDirect=8 pinned=8 reusable=0 maxPinnedHeap=0 maxPinnedDirect=8 blockReuses=91666 blockGrowths=7 hooks=835095 hookRejections=0 violations=0 earlyReuses=0 reallocInPlace=102 reallocMoved=0 reallocDelegated=0 trims=0 trimmedBlocks=0 leakedBlocks=0 objects=2555 bytesHeap=0 bytesDirect=134944212632 liveHeap=0 liveDirect=0
ARENALOOP thread=io.github.neoionet.netty.microbenchmark.ByteBufAllocatorAllocPatternBenchmark.directAllocation-1-1 arenaHeap=0 arenaDirect=33996844 delegateHeap=0 delegateDirect=34700600 arenaShare=49.49% blocksHeap=1 blocksDirect=8 pinned=8 reusable=0 maxPinnedHeap=0 maxPinnedDirect=8 blockReuses=117817 blockGrowths=7 hooks=1073333 hookRejections=0 violations=0 earlyReuses=0 reallocInPlace=130 reallocMoved=0 reallocDelegated=0 trims=0 trimmedBlocks=0 leakedBlocks=0 objects=2555 bytesHeap=0 bytesDirect=173444752168 liveHeap=0 liveDirect=0
ARENALOOP thread=io.github.neoionet.netty.microbenchmark.ByteBufAllocatorAllocPatternBenchmark.directAllocation-1-11 arenaHeap=0 arenaDirect=27221929 delegateHeap=0 delegateDirect=27786413 arenaShare=49.49% blocksHeap=1 blocksDirect=8 pinned=8 reusable=0 maxPinnedHeap=0 maxPinnedDirect=8 blockReuses=94339 blockGrowths=7 hooks=859441 hookRejections=0 violations=0 earlyReuses=0 reallocInPlace=104 reallocMoved=0 reallocDelegated=0 trims=0 trimmedBlocks=0 leakedBlocks=0 objects=2555 bytesHeap=0 bytesDirect=138877444016 liveHeap=0 liveDirect=0
ARENALOOP thread=io.github.neoionet.netty.microbenchmark.ByteBufAllocatorAllocPatternBenchmark.directAllocation-1-4 arenaHeap=0 arenaDirect=31608473 delegateHeap=0 delegateDirect=32266733 arenaShare=49.48% blocksHeap=1 blocksDirect=8 pinned=8 reusable=0 maxPinnedHeap=0 maxPinnedDirect=8 blockReuses=109547 blockGrowths=7 hooks=997986 hookRejections=0 violations=0 earlyReuses=0 reallocInPlace=121 reallocMoved=0 reallocDelegated=0 trims=0 trimmedBlocks=0 leakedBlocks=0 objects=2555 bytesHeap=0 bytesDirect=161271945088 liveHeap=0 liveDirect=0
ARENALOOP thread=io.github.neoionet.netty.microbenchmark.ByteBufAllocatorAllocPatternBenchmark.directAllocation-1-29 arenaHeap=0 arenaDirect=29130180 delegateHeap=0 delegateDirect=29733751 arenaShare=49.49% blocksHeap=1 blocksDirect=8 pinned=8 reusable=0 maxPinnedHeap=0 maxPinnedDirect=8 blockReuses=100951 blockGrowths=7 hooks=919684 hookRejections=0 violations=0 earlyReuses=0 reallocInPlace=111 reallocMoved=0 reallocDelegated=0 trims=0 trimmedBlocks=0 leakedBlocks=0 objects=2555 bytesHeap=0 bytesDirect=148608335064 liveHeap=0 liveDirect=0
391.497 ±(99.9%) 110.380 ns/op

# Run progress: 19.05% complete, ETA 00:14:09
# Fork: 3 of 3
# Warmup Iteration   1: 512.422 ±(99.9%) 68.407 ns/op
# Warmup Iteration   2: 357.167 ±(99.9%) 37.829 ns/op
# Warmup Iteration   3: 397.209 ±(99.9%) 109.469 ns/op
# Warmup Iteration   4: 423.570 ±(99.9%) 115.974 ns/op
# Warmup Iteration   5: 469.060 ±(99.9%) 124.188 ns/op
# Warmup Iteration   6: 476.361 ±(99.9%) 137.030 ns/op
# Warmup Iteration   7: 469.308 ±(99.9%) 101.038 ns/op
# Warmup Iteration   8: 428.545 ±(99.9%) 85.339 ns/op
# Warmup Iteration   9: 508.183 ±(99.9%) 163.434 ns/op
# Warmup Iteration  10: 426.014 ±(99.9%) 103.769 ns/op
Iteration   1: 467.722 ±(99.9%) 92.367 ns/op
Iteration   2: 429.335 ±(99.9%) 106.863 ns/op
Iteration   3: 446.241 ±(99.9%) 110.932 ns/op
Iteration   4: 471.821 ±(99.9%) 116.203 ns/op
Iteration   5: 461.233 ±(99.9%) 96.519 ns/op
Iteration   6: 426.373 ±(99.9%) 141.666 ns/op
Iteration   7: 440.902 ±(99.9%) 143.501 ns/op
Iteration   8: 471.141 ±(99.9%) 137.357 ns/op
Iteration   9: 525.057 ±(99.9%) 185.348 ns/op
Iteration  10: cRSS-pRSS:[2835, 2835]
;used-memory:[0]
ARENATELE blockSize=262144 maxBlocks=8 cap=8192 maxObjects=16384 debug=false arenaHeap=0 arenaDirect=847134099 delegateHeap=0 delegateDirect=864743162 arenaShare=49.49% blocksHeap=32 blocksDirect=256 pinned=249 reusable=1 maxPinnedHeap=0 maxPinnedDirect=256 blockReuses=2935842 blockGrowths=224 hooks=26746022 hookRejections=0 violations=0 earlyReuses=0 reallocInPlace=3245 reallocMoved=0 reallocDelegated=0 trims=0 trimmedBlocks=0 leakedBlocks=0 objects=81760 bytesHeap=0 bytesDirect=4322040754456 liveHeap=0 liveDirect=1998
ARENALOOP thread=io.github.neoionet.netty.microbenchmark.ByteBufAllocatorAllocPatternBenchmark.directAllocation-1-21 arenaHeap=0 arenaDirect=31257614 delegateHeap=0 delegateDirect=31906024 arenaShare=49.49% blocksHeap=1 blocksDirect=8 pinned=8 reusable=0 maxPinnedHeap=0 maxPinnedDirect=8 blockReuses=108326 blockGrowths=7 hooks=986867 hookRejections=0 violations=0 earlyReuses=0 reallocInPlace=120 reallocMoved=0 reallocDelegated=0 trims=0 trimmedBlocks=0 leakedBlocks=0 objects=2555 bytesHeap=0 bytesDirect=159467154296 liveHeap=0 liveDirect=1998
ARENALOOP thread=io.github.neoionet.netty.microbenchmark.ByteBufAllocatorAllocPatternBenchmark.directAllocation-1-9 arenaHeap=0 arenaDirect=24494030 delegateHeap=0 delegateDirect=25003143 arenaShare=49.49% blocksHeap=1 blocksDirect=8 pinned=8 reusable=0 maxPinnedHeap=0 maxPinnedDirect=8 blockReuses=84885 blockGrowths=7 hooks=773329 hookRejections=0 violations=0 earlyReuses=0 reallocInPlace=94 reallocMoved=0 reallocDelegated=0 trims=0 trimmedBlocks=0 leakedBlocks=0 objects=2555 bytesHeap=0 bytesDirect=124966815000 liveHeap=0 liveDirect=0
ARENALOOP thread=io.github.neoionet.netty.microbenchmark.ByteBufAllocatorAllocPatternBenchmark.directAllocation-1-23 arenaHeap=0 arenaDirect=28112746 delegateHeap=0 delegateDirect=28697623 arenaShare=49.49% blocksHeap=1 blocksDirect=8 pinned=8 reusable=0 maxPinnedHeap=0 maxPinnedDirect=8 blockReuses=97430 blockGrowths=7 hooks=887598 hookRejections=0 violations=0 earlyReuses=0 reallocInPlace=108 reallocMoved=0 reallocDelegated=0 trims=0 trimmedBlocks=0 leakedBlocks=0 objects=2555 bytesHeap=0 bytesDirect=143436941608 liveHeap=0 liveDirect=0
ARENALOOP thread=io.github.neoionet.netty.microbenchmark.ByteBufAllocatorAllocPatternBenchmark.directAllocation-1-27 arenaHeap=0 arenaDirect=29077243 delegateHeap=0 delegateDirect=29679298 arenaShare=49.49% blocksHeap=1 blocksDirect=8 pinned=8 reusable=0 maxPinnedHeap=0 maxPinnedDirect=8 blockReuses=100768 blockGrowths=7 hooks=918006 hookRejections=0 violations=0 earlyReuses=0 reallocInPlace=111 reallocMoved=0 reallocDelegated=0 trims=0 trimmedBlocks=0 leakedBlocks=0 objects=2555 bytesHeap=0 bytesDirect=148336829896 liveHeap=0 liveDirect=0
ARENALOOP thread=io.github.neoionet.netty.microbenchmark.ByteBufAllocatorAllocPatternBenchmark.directAllocation-1-11 arenaHeap=0 arenaDirect=20914608 delegateHeap=0 delegateDirect=21350508 arenaShare=49.48% blocksHeap=1 blocksDirect=8 pinned=8 reusable=0 maxPinnedHeap=0 maxPinnedDirect=8 blockReuses=72482 blockGrowths=7 hooks=660328 hookRejections=0 violations=0 earlyReuses=0 reallocInPlace=80 reallocMoved=0 reallocDelegated=0 trims=0 trimmedBlocks=0 leakedBlocks=0 objects=2555 bytesHeap=0 bytesDirect=106705105824 liveHeap=0 liveDirect=0
ARENALOOP thread=io.github.neoionet.netty.microbenchmark.ByteBufAllocatorAllocPatternBenchmark.directAllocation-1-10 arenaHeap=0 arenaDirect=26734173 delegateHeap=0 delegateDirect=27290805 arenaShare=49.48% blocksHeap=1 blocksDirect=8 pinned=8 reusable=0 maxPinnedHeap=0 maxPinnedDirect=8 blockReuses=92652 blockGrowths=7 hooks=844076 hookRejections=0 violations=0 earlyReuses=0 reallocInPlace=102 reallocMoved=0 reallocDelegated=0 trims=0 trimmedBlocks=0 leakedBlocks=0 objects=2555 bytesHeap=0 bytesDirect=136399893024 liveHeap=0 liveDirect=0
ARENALOOP thread=io.github.neoionet.netty.microbenchmark.ByteBufAllocatorAllocPatternBenchmark.directAllocation-1-29 arenaHeap=0 arenaDirect=28337448 delegateHeap=0 delegateDirect=28926127 arenaShare=49.49% blocksHeap=1 blocksDirect=8 pinned=7 reusable=0 maxPinnedHeap=0 maxPinnedDirect=8 blockReuses=98207 blockGrowths=7 hooks=894679 hookRejections=0 violations=0 earlyReuses=0 reallocInPlace=109 reallocMoved=0 reallocDelegated=0 trims=0 trimmedBlocks=0 leakedBlocks=0 objects=2555 bytesHeap=0 bytesDirect=144580686008 liveHeap=0 liveDirect=0
ARENALOOP thread=io.github.neoionet.netty.microbenchmark.ByteBufAllocatorAllocPatternBenchmark.directAllocation-1-8 arenaHeap=0 arenaDirect=29353933 delegateHeap=0 delegateDirect=29963701 arenaShare=49.49% blocksHeap=1 blocksDirect=8 pinned=7 reusable=0 maxPinnedHeap=0 maxPinnedDirect=8 blockReuses=101730 blockGrowths=7 hooks=926774 hookRejections=0 violations=0 earlyReuses=0 reallocInPlace=112 reallocMoved=0 reallocDelegated=0 trims=0 trimmedBlocks=0 leakedBlocks=0 objects=2555 bytesHeap=0 bytesDirect=149759881640 liveHeap=0 liveDirect=0
ARENALOOP thread=io.github.neoionet.netty.microbenchmark.ByteBufAllocatorAllocPatternBenchmark.directAllocation-1-12 arenaHeap=0 arenaDirect=32567982 delegateHeap=0 delegateDirect=33242227 arenaShare=49.49% blocksHeap=1 blocksDirect=8 pinned=8 reusable=0 maxPinnedHeap=0 maxPinnedDirect=8 blockReuses=112866 blockGrowths=7 hooks=1028220 hookRejections=0 violations=0 earlyReuses=0 reallocInPlace=126 reallocMoved=0 reallocDelegated=0 trims=0 trimmedBlocks=0 leakedBlocks=0 objects=2555 bytesHeap=0 bytesDirect=166151328192 liveHeap=0 liveDirect=0
ARENALOOP thread=io.github.neoionet.netty.microbenchmark.ByteBufAllocatorAllocPatternBenchmark.directAllocation-1-31 arenaHeap=0 arenaDirect=29304102 delegateHeap=0 delegateDirect=29911502 arenaShare=49.49% blocksHeap=1 blocksDirect=8 pinned=7 reusable=1 maxPinnedHeap=0 maxPinnedDirect=8 blockReuses=101555 blockGrowths=7 hooks=925179 hookRejections=0 violations=0 earlyReuses=0 reallocInPlace=112 reallocMoved=0 reallocDelegated=0 trims=0 trimmedBlocks=0 leakedBlocks=0 objects=2555 bytesHeap=0 bytesDirect=149499285368 liveHeap=0 liveDirect=0
ARENALOOP thread=io.github.neoionet.netty.microbenchmark.ByteBufAllocatorAllocPatternBenchmark.directAllocation-1-16 arenaHeap=0 arenaDirect=27082407 delegateHeap=0 delegateDirect=27643935 arenaShare=49.49% blocksHeap=1 blocksDirect=8 pinned=8 reusable=0 maxPinnedHeap=0 maxPinnedDirect=8 blockReuses=93855 blockGrowths=7 hooks=855035 hookRejections=0 violations=0 earlyReuses=0 reallocInPlace=104 reallocMoved=0 reallocDelegated=0 trims=0 trimmedBlocks=0 leakedBlocks=0 objects=2555 bytesHeap=0 bytesDirect=138163599208 liveHeap=0 liveDirect=0
ARENALOOP thread=io.github.neoionet.netty.microbenchmark.ByteBufAllocatorAllocPatternBenchmark.directAllocation-1-15 arenaHeap=0 arenaDirect=22126041 delegateHeap=0 delegateDirect=22587502 arenaShare=49.48% blocksHeap=1 blocksDirect=8 pinned=8 reusable=0 maxPinnedHeap=0 maxPinnedDirect=8 blockReuses=76681 blockGrowths=7 hooks=698585 hookRejections=0 violations=0 earlyReuses=0 reallocInPlace=85 reallocMoved=0 reallocDelegated=0 trims=0 trimmedBlocks=0 leakedBlocks=0 objects=2555 bytesHeap=0 bytesDirect=112896662072 liveHeap=0 liveDirect=0
ARENALOOP thread=io.github.neoionet.netty.microbenchmark.ByteBufAllocatorAllocPatternBenchmark.directAllocation-1-7 arenaHeap=0 arenaDirect=24871715 delegateHeap=0 delegateDirect=25387685 arenaShare=49.49% blocksHeap=1 blocksDirect=8 pinned=7 reusable=0 maxPinnedHeap=0 maxPinnedDirect=8 blockReuses=86194 blockGrowths=7 hooks=785239 hookRejections=0 violations=0 earlyReuses=0 reallocInPlace=95 reallocMoved=0 reallocDelegated=0 trims=0 trimmedBlocks=0 leakedBlocks=0 objects=2555 bytesHeap=0 bytesDirect=126885070544 liveHeap=0 liveDirect=0
ARENALOOP thread=io.github.neoionet.netty.microbenchmark.ByteBufAllocatorAllocPatternBenchmark.directAllocation-1-18 arenaHeap=0 arenaDirect=25229083 delegateHeap=0 delegateDirect=25753629 arenaShare=49.49% blocksHeap=1 blocksDirect=8 pinned=8 reusable=0 maxPinnedHeap=0 maxPinnedDirect=8 blockReuses=87434 blockGrowths=7 hooks=796540 hookRejections=0 violations=0 earlyReuses=0 reallocInPlace=96 reallocMoved=0 reallocDelegated=0 trims=0 trimmedBlocks=0 leakedBlocks=0 objects=2555 bytesHeap=0 bytesDirect=128715975344 liveHeap=0 liveDirect=0
ARENALOOP thread=io.github.neoionet.netty.microbenchmark.ByteBufAllocatorAllocPatternBenchmark.directAllocation-1-30 arenaHeap=0 arenaDirect=26735653 delegateHeap=0 delegateDirect=27292457 arenaShare=49.48% blocksHeap=1 blocksDirect=8 pinned=8 reusable=0 maxPinnedHeap=0 maxPinnedDirect=8 blockReuses=92658 blockGrowths=7 hooks=844125 hookRejections=0 violations=0 earlyReuses=0 reallocInPlace=102 reallocMoved=0 reallocDelegated=0 trims=0 trimmedBlocks=0 leakedBlocks=0 objects=2555 bytesHeap=0 bytesDirect=136408044896 liveHeap=0 liveDirect=0
ARENALOOP thread=io.github.neoionet.netty.microbenchmark.ByteBufAllocatorAllocPatternBenchmark.directAllocation-1-17 arenaHeap=0 arenaDirect=29185826 delegateHeap=0 delegateDirect=29791751 arenaShare=49.49% blocksHeap=1 blocksDirect=8 pinned=8 reusable=0 maxPinnedHeap=0 maxPinnedDirect=8 blockReuses=101146 blockGrowths=7 hooks=921460 hookRejections=0 violations=0 earlyReuses=0 reallocInPlace=112 reallocMoved=0 reallocDelegated=0 trims=0 trimmedBlocks=0 leakedBlocks=0 objects=2555 bytesHeap=0 bytesDirect=148898375896 liveHeap=0 liveDirect=0
ARENALOOP thread=io.github.neoionet.netty.microbenchmark.ByteBufAllocatorAllocPatternBenchmark.directAllocation-1-3 arenaHeap=0 arenaDirect=26333674 delegateHeap=0 delegateDirect=26879979 arenaShare=49.49% blocksHeap=1 blocksDirect=8 pinned=7 reusable=0 maxPinnedHeap=0 maxPinnedDirect=8 blockReuses=91261 blockGrowths=7 hooks=831399 hookRejections=0 violations=0 earlyReuses=0 reallocInPlace=102 reallocMoved=0 reallocDelegated=0 trims=0 trimmedBlocks=0 leakedBlocks=0 objects=2555 bytesHeap=0 bytesDirect=134349791088 liveHeap=0 liveDirect=0
ARENALOOP thread=io.github.neoionet.netty.microbenchmark.ByteBufAllocatorAllocPatternBenchmark.directAllocation-1-19 arenaHeap=0 arenaDirect=27066905 delegateHeap=0 delegateDirect=27628721 arenaShare=49.49% blocksHeap=1 blocksDirect=8 pinned=8 reusable=0 maxPinnedHeap=0 maxPinnedDirect=8 blockReuses=93802 blockGrowths=7 hooks=854555 hookRejections=0 violations=0 earlyReuses=0 reallocInPlace=104 reallocMoved=0 reallocDelegated=0 trims=0 trimmedBlocks=0 leakedBlocks=0 objects=2555 bytesHeap=0 bytesDirect=138086829568 liveHeap=0 liveDirect=0
ARENALOOP thread=io.github.neoionet.netty.microbenchmark.ByteBufAllocatorAllocPatternBenchmark.directAllocation-1-1 arenaHeap=0 arenaDirect=15844613 delegateHeap=0 delegateDirect=16177288 arenaShare=49.48% blocksHeap=1 blocksDirect=8 pinned=8 reusable=0 maxPinnedHeap=0 maxPinnedDirect=8 blockReuses=54913 blockGrowths=7 hooks=500278 hookRejections=0 violations=0 earlyReuses=0 reallocInPlace=60 reallocMoved=0 reallocDelegated=0 trims=0 trimmedBlocks=0 leakedBlocks=0 objects=2555 bytesHeap=0 bytesDirect=80854046368 liveHeap=0 liveDirect=0
ARENALOOP thread=io.github.neoionet.netty.microbenchmark.ByteBufAllocatorAllocPatternBenchmark.directAllocation-1-4 arenaHeap=0 arenaDirect=27428707 delegateHeap=0 delegateDirect=28001342 arenaShare=49.48% blocksHeap=1 blocksDirect=8 pinned=8 reusable=0 maxPinnedHeap=0 maxPinnedDirect=8 blockReuses=95061 blockGrowths=7 hooks=866030 hookRejections=0 violations=0 earlyReuses=0 reallocInPlace=105 reallocMoved=0 reallocDelegated=0 trims=0 trimmedBlocks=0 leakedBlocks=0 objects=2555 bytesHeap=0 bytesDirect=139950907408 liveHeap=0 liveDirect=0
ARENALOOP thread=io.github.neoionet.netty.microbenchmark.ByteBufAllocatorAllocPatternBenchmark.directAllocation-1-5 arenaHeap=0 arenaDirect=26011044 delegateHeap=0 delegateDirect=26553548 arenaShare=49.48% blocksHeap=1 blocksDirect=8 pinned=8 reusable=0 maxPinnedHeap=0 maxPinnedDirect=8 blockReuses=90147 blockGrowths=7 hooks=821257 hookRejections=0 violations=0 earlyReuses=0 reallocInPlace=100 reallocMoved=0 reallocDelegated=0 trims=0 trimmedBlocks=0 leakedBlocks=0 objects=2555 bytesHeap=0 bytesDirect=132718457160 liveHeap=0 liveDirect=0
ARENALOOP thread=io.github.neoionet.netty.microbenchmark.ByteBufAllocatorAllocPatternBenchmark.directAllocation-1-20 arenaHeap=0 arenaDirect=25103616 delegateHeap=0 delegateDirect=25623967 arenaShare=49.49% blocksHeap=1 blocksDirect=8 pinned=8 reusable=0 maxPinnedHeap=0 maxPinnedDirect=8 blockReuses=86996 blockGrowths=7 hooks=792554 hookRejections=0 violations=0 earlyReuses=0 reallocInPlace=96 reallocMoved=0 reallocDelegated=0 trims=0 trimmedBlocks=0 leakedBlocks=0 objects=2555 bytesHeap=0 bytesDirect=128067354544 liveHeap=0 liveDirect=0
ARENALOOP thread=io.github.neoionet.netty.microbenchmark.ByteBufAllocatorAllocPatternBenchmark.directAllocation-1-28 arenaHeap=0 arenaDirect=23007314 delegateHeap=0 delegateDirect=23485442 arenaShare=49.49% blocksHeap=1 blocksDirect=8 pinned=7 reusable=0 maxPinnedHeap=0 maxPinnedDirect=8 blockReuses=79733 blockGrowths=7 hooks=726385 hookRejections=0 violations=0 earlyReuses=0 reallocInPlace=88 reallocMoved=0 reallocDelegated=0 trims=0 trimmedBlocks=0 leakedBlocks=0 objects=2555 bytesHeap=0 bytesDirect=117377163072 liveHeap=0 liveDirect=0
ARENALOOP thread=io.github.neoionet.netty.microbenchmark.ByteBufAllocatorAllocPatternBenchmark.directAllocation-1-32 arenaHeap=0 arenaDirect=26490071 delegateHeap=0 delegateDirect=27039590 arenaShare=49.49% blocksHeap=1 blocksDirect=8 pinned=8 reusable=0 maxPinnedHeap=0 maxPinnedDirect=8 blockReuses=91802 blockGrowths=7 hooks=836336 hookRejections=0 violations=0 earlyReuses=0 reallocInPlace=102 reallocMoved=0 reallocDelegated=0 trims=0 trimmedBlocks=0 leakedBlocks=0 objects=2555 bytesHeap=0 bytesDirect=135144901424 liveHeap=0 liveDirect=0
ARENALOOP thread=io.github.neoionet.netty.microbenchmark.ByteBufAllocatorAllocPatternBenchmark.directAllocation-1-25 arenaHeap=0 arenaDirect=24178208 delegateHeap=0 delegateDirect=24681586 arenaShare=49.48% blocksHeap=1 blocksDirect=8 pinned=8 reusable=0 maxPinnedHeap=0 maxPinnedDirect=8 blockReuses=83793 blockGrowths=7 hooks=763370 hookRejections=0 violations=0 earlyReuses=0 reallocInPlace=92 reallocMoved=0 reallocDelegated=0 trims=0 trimmedBlocks=0 leakedBlocks=0 objects=2555 bytesHeap=0 bytesDirect=123363202968 liveHeap=0 liveDirect=0
ARENALOOP thread=io.github.neoionet.netty.microbenchmark.ByteBufAllocatorAllocPatternBenchmark.directAllocation-1-14 arenaHeap=0 arenaDirect=26060076 delegateHeap=0 delegateDirect=26602795 arenaShare=49.48% blocksHeap=1 blocksDirect=8 pinned=8 reusable=0 maxPinnedHeap=0 maxPinnedDirect=8 blockReuses=90316 blockGrowths=7 hooks=822793 hookRejections=0 violations=0 earlyReuses=0 reallocInPlace=100 reallocMoved=0 reallocDelegated=0 trims=0 trimmedBlocks=0 leakedBlocks=0 objects=2555 bytesHeap=0 bytesDirect=132965058248 liveHeap=0 liveDirect=0
ARENALOOP thread=io.github.neoionet.netty.microbenchmark.ByteBufAllocatorAllocPatternBenchmark.directAllocation-1-6 arenaHeap=0 arenaDirect=25984037 delegateHeap=0 delegateDirect=26524890 arenaShare=49.48% blocksHeap=1 blocksDirect=8 pinned=8 reusable=0 maxPinnedHeap=0 maxPinnedDirect=8 blockReuses=90052 blockGrowths=7 hooks=820387 hookRejections=0 violations=0 earlyReuses=0 reallocInPlace=100 reallocMoved=0 reallocDelegated=0 trims=0 trimmedBlocks=0 leakedBlocks=0 objects=2555 bytesHeap=0 bytesDirect=132576223944 liveHeap=0 liveDirect=0
ARENALOOP thread=io.github.neoionet.netty.microbenchmark.ByteBufAllocatorAllocPatternBenchmark.directAllocation-1-2 arenaHeap=0 arenaDirect=26087516 delegateHeap=0 delegateDirect=26631400 arenaShare=49.48% blocksHeap=1 blocksDirect=8 pinned=8 reusable=0 maxPinnedHeap=0 maxPinnedDirect=8 blockReuses=90413 blockGrowths=7 hooks=823669 hookRejections=0 violations=0 earlyReuses=0 reallocInPlace=100 reallocMoved=0 reallocDelegated=0 trims=0 trimmedBlocks=0 leakedBlocks=0 objects=2555 bytesHeap=0 bytesDirect=133106974944 liveHeap=0 liveDirect=0
ARENALOOP thread=io.github.neoionet.netty.microbenchmark.ByteBufAllocatorAllocPatternBenchmark.directAllocation-1-24 arenaHeap=0 arenaDirect=30141768 delegateHeap=0 delegateDirect=30767609 arenaShare=49.49% blocksHeap=1 blocksDirect=8 pinned=8 reusable=0 maxPinnedHeap=0 maxPinnedDirect=8 blockReuses=104461 blockGrowths=7 hooks=951645 hookRejections=0 violations=0 earlyReuses=0 reallocInPlace=116 reallocMoved=0 reallocDelegated=0 trims=0 trimmedBlocks=0 leakedBlocks=0 objects=2555 bytesHeap=0 bytesDirect=153783591984 liveHeap=0 liveDirect=0
ARENALOOP thread=io.github.neoionet.netty.microbenchmark.ByteBufAllocatorAllocPatternBenchmark.directAllocation-1-26 arenaHeap=0 arenaDirect=34026374 delegateHeap=0 delegateDirect=34730493 arenaShare=49.49% blocksHeap=1 blocksDirect=8 pinned=8 reusable=0 maxPinnedHeap=0 maxPinnedDirect=8 blockReuses=117919 blockGrowths=7 hooks=1074262 hookRejections=0 violations=0 earlyReuses=0 reallocInPlace=130 reallocMoved=0 reallocDelegated=0 trims=0 trimmedBlocks=0 leakedBlocks=0 objects=2555 bytesHeap=0 bytesDirect=173594044936 liveHeap=0 liveDirect=0
ARENALOOP thread=io.github.neoionet.netty.microbenchmark.ByteBufAllocatorAllocPatternBenchmark.directAllocation-1-13 arenaHeap=0 arenaDirect=24740864 delegateHeap=0 delegateDirect=25255365 arenaShare=49.49% blocksHeap=1 blocksDirect=8 pinned=7 reusable=0 maxPinnedHeap=0 maxPinnedDirect=8 blockReuses=85743 blockGrowths=7 hooks=781127 hookRejections=0 violations=0 earlyReuses=0 reallocInPlace=94 reallocMoved=0 reallocDelegated=0 trims=0 trimmedBlocks=0 leakedBlocks=0 objects=2555 bytesHeap=0 bytesDirect=126224094136 liveHeap=0 liveDirect=0
ARENALOOP thread=io.github.neoionet.netty.microbenchmark.ByteBufAllocatorAllocPatternBenchmark.directAllocation-1-22 arenaHeap=0 arenaDirect=23244708 delegateHeap=0 delegateDirect=23731230 arenaShare=49.48% blocksHeap=1 blocksDirect=8 pinned=8 reusable=0 maxPinnedHeap=0 maxPinnedDirect=8 blockReuses=80561 blockGrowths=7 hooks=733935 hookRejections=0 violations=0 earlyReuses=0 reallocInPlace=88 reallocMoved=0 reallocDelegated=0 trims=0 trimmedBlocks=0 leakedBlocks=0 objects=2555 bytesHeap=0 bytesDirect=118606463848 liveHeap=0 liveDirect=0
419.972 ±(99.9%) 94.423 ns/op


Result "io.github.neoionet.netty.microbenchmark.ByteBufAllocatorAllocPatternBenchmark.directAllocation":
  433.940 ±(99.9%) 28.977 ns/op [Average]
  (min, avg, max) = (348.103, 433.940, 525.057), stdev = 43.372
  CI (99.9%): [404.962, 462.917] (assumes normal distribution)


# JMH version: 1.37
# VM version: JDK 21, Java HotSpot(TM) 64-Bit Server VM, 21+35-LTS-2513
# VM invoker: /home/forked_franz/.sdkman/candidates/java/21-oracle/bin/java
# VM options: -server -dsa -da -XX:InitialRAMPercentage=40.0 -XX:MaxRAMPercentage=40.0 -Dio.netty.leakDetection.level=disabled -Djmh.executor=CUSTOM -Djmh.executor.class=io.github.neoionet.netty.microbenchmark.executor.FastThreadLocalThreadHarnessExecutor -XX:MaxRAM=60g -Dexpt.hookEvery=64
# Blackhole mode: compiler (auto-detected, use -Djmh.blackhole.autoDetect=false to disable)
# Warmup: 10 iterations, 1 s each
# Measurement: 10 iterations, 1 s each
# Timeout: 10 min per iteration
# Threads: 32 threads, will synchronize iterations
# Benchmark mode: Average time, time/op
# Benchmark: io.github.neoionet.netty.microbenchmark.ByteBufAllocatorAllocPatternBenchmark.directAllocation
# Parameters: (MAX_LIVE_BUFFERS = 8192, allocatorType = ARENA, enableReadWrite = true, sizePattern = E_COMMERCE)

# Run progress: 21.43% complete, ETA 00:13:44
# Fork: 1 of 3
# Warmup Iteration   1: 819.593 ±(99.9%) 157.903 ns/op
# Warmup Iteration   2: 642.473 ±(99.9%) 105.726 ns/op
# Warmup Iteration   3: 565.405 ±(99.9%) 133.459 ns/op
# Warmup Iteration   4: 537.454 ±(99.9%) 104.789 ns/op
# Warmup Iteration   5: 579.618 ±(99.9%) 122.704 ns/op
# Warmup Iteration   6: 527.209 ±(99.9%) 92.265 ns/op
# Warmup Iteration   7: 529.833 ±(99.9%) 101.354 ns/op
# Warmup Iteration   8: 505.941 ±(99.9%) 62.754 ns/op
# Warmup Iteration   9: 524.122 ±(99.9%) 94.011 ns/op
# Warmup Iteration  10: 551.756 ±(99.9%) 128.841 ns/op
Iteration   1: 534.598 ±(99.9%) 97.760 ns/op
Iteration   2: 592.627 ±(99.9%) 165.195 ns/op
Iteration   3: 607.853 ±(99.9%) 215.084 ns/op
Iteration   4: 525.305 ±(99.9%) 109.406 ns/op
Iteration   5: 581.908 ±(99.9%) 181.710 ns/op
Iteration   6: 645.557 ±(99.9%) 229.123 ns/op
Iteration   7: 563.687 ±(99.9%) 144.943 ns/op
Iteration   8: 540.707 ±(99.9%) 119.580 ns/op
Iteration   9: 603.350 ±(99.9%) 194.166 ns/op
Iteration  10: cRSS-pRSS:[3575, 3575]
;used-memory:[0]
ARENATELE blockSize=262144 maxBlocks=8 cap=8192 maxObjects=16384 debug=false arenaHeap=0 arenaDirect=360522031 delegateHeap=0 delegateDirect=1009175149 arenaShare=26.32% blocksHeap=32 blocksDirect=256 pinned=254 reusable=1 maxPinnedHeap=0 maxPinnedDirect=256 blockReuses=1221974 blockGrowths=224 hooks=21397408 hookRejections=0 violations=0 earlyReuses=0 reallocInPlace=1623 reallocMoved=0 reallocDelegated=0 trims=0 trimmedBlocks=0 leakedBlocks=0 objects=87264 bytesHeap=0 bytesDirect=4491694668760 liveHeap=0 liveDirect=1108
ARENALOOP thread=io.github.neoionet.netty.microbenchmark.ByteBufAllocatorAllocPatternBenchmark.directAllocation-1-21 arenaHeap=0 arenaDirect=13344306 delegateHeap=0 delegateDirect=37353568 arenaShare=26.32% blocksHeap=1 blocksDirect=8 pinned=8 reusable=0 maxPinnedHeap=0 maxPinnedDirect=8 blockReuses=45232 blockGrowths=7 hooks=792026 hookRejections=0 violations=0 earlyReuses=0 reallocInPlace=60 reallocMoved=0 reallocDelegated=0 trims=0 trimmedBlocks=0 leakedBlocks=0 objects=2727 bytesHeap=0 bytesDirect=166260622144 liveHeap=0 liveDirect=1108
ARENALOOP thread=io.github.neoionet.netty.microbenchmark.ByteBufAllocatorAllocPatternBenchmark.directAllocation-1-31 arenaHeap=0 arenaDirect=11748435 delegateHeap=0 delegateDirect=32883895 arenaShare=26.32% blocksHeap=1 blocksDirect=8 pinned=8 reusable=0 maxPinnedHeap=0 maxPinnedDirect=8 blockReuses=39820 blockGrowths=7 hooks=697252 hookRejections=0 violations=0 earlyReuses=0 reallocInPlace=53 reallocMoved=0 reallocDelegated=0 trims=0 trimmedBlocks=0 leakedBlocks=0 objects=2727 bytesHeap=0 bytesDirect=146361889864 liveHeap=0 liveDirect=0
ARENALOOP thread=io.github.neoionet.netty.microbenchmark.ByteBufAllocatorAllocPatternBenchmark.directAllocation-1-7 arenaHeap=0 arenaDirect=11001358 delegateHeap=0 delegateDirect=30792529 arenaShare=26.32% blocksHeap=1 blocksDirect=8 pinned=8 reusable=0 maxPinnedHeap=0 maxPinnedDirect=8 blockReuses=37287 blockGrowths=7 hooks=652901 hookRejections=0 violations=0 earlyReuses=0 reallocInPlace=48 reallocMoved=0 reallocDelegated=0 trims=0 trimmedBlocks=0 leakedBlocks=0 objects=2727 bytesHeap=0 bytesDirect=137050893440 liveHeap=0 liveDirect=0
ARENALOOP thread=io.github.neoionet.netty.microbenchmark.ByteBufAllocatorAllocPatternBenchmark.directAllocation-1-25 arenaHeap=0 arenaDirect=10242581 delegateHeap=0 delegateDirect=28674612 arenaShare=26.32% blocksHeap=1 blocksDirect=8 pinned=8 reusable=0 maxPinnedHeap=0 maxPinnedDirect=8 blockReuses=34718 blockGrowths=7 hooks=607953 hookRejections=0 violations=0 earlyReuses=0 reallocInPlace=47 reallocMoved=0 reallocDelegated=0 trims=0 trimmedBlocks=0 leakedBlocks=0 objects=2727 bytesHeap=0 bytesDirect=127624657936 liveHeap=0 liveDirect=0
ARENALOOP thread=io.github.neoionet.netty.microbenchmark.ByteBufAllocatorAllocPatternBenchmark.directAllocation-1-29 arenaHeap=0 arenaDirect=9779118 delegateHeap=0 delegateDirect=27375465 arenaShare=26.32% blocksHeap=1 blocksDirect=8 pinned=8 reusable=0 maxPinnedHeap=0 maxPinnedDirect=8 blockReuses=33146 blockGrowths=7 hooks=580412 hookRejections=0 violations=0 earlyReuses=0 reallocInPlace=43 reallocMoved=0 reallocDelegated=0 trims=0 trimmedBlocks=0 leakedBlocks=0 objects=2727 bytesHeap=0 bytesDirect=121839304768 liveHeap=0 liveDirect=0
ARENALOOP thread=io.github.neoionet.netty.microbenchmark.ByteBufAllocatorAllocPatternBenchmark.directAllocation-1-23 arenaHeap=0 arenaDirect=13121062 delegateHeap=0 delegateDirect=36723906 arenaShare=26.32% blocksHeap=1 blocksDirect=8 pinned=8 reusable=0 maxPinnedHeap=0 maxPinnedDirect=8 blockReuses=44471 blockGrowths=7 hooks=778699 hookRejections=0 violations=0 earlyReuses=0 reallocInPlace=58 reallocMoved=0 reallocDelegated=0 trims=0 trimmedBlocks=0 leakedBlocks=0 objects=2727 bytesHeap=0 bytesDirect=163457028488 liveHeap=0 liveDirect=0
ARENALOOP thread=io.github.neoionet.netty.microbenchmark.ByteBufAllocatorAllocPatternBenchmark.directAllocation-1-24 arenaHeap=0 arenaDirect=12422762 delegateHeap=0 delegateDirect=34774569 arenaShare=26.32% blocksHeap=1 blocksDirect=8 pinned=8 reusable=0 maxPinnedHeap=0 maxPinnedDirect=8 blockReuses=42107 blockGrowths=7 hooks=737330 hookRejections=0 violations=0 earlyReuses=0 reallocInPlace=57 reallocMoved=0 reallocDelegated=0 trims=0 trimmedBlocks=0 leakedBlocks=0 objects=2727 bytesHeap=0 bytesDirect=154781544704 liveHeap=0 liveDirect=0
ARENALOOP thread=io.github.neoionet.netty.microbenchmark.ByteBufAllocatorAllocPatternBenchmark.directAllocation-1-8 arenaHeap=0 arenaDirect=11364554 delegateHeap=0 delegateDirect=31812203 arenaShare=26.32% blocksHeap=1 blocksDirect=8 pinned=8 reusable=0 maxPinnedHeap=0 maxPinnedDirect=8 blockReuses=38519 blockGrowths=7 hooks=674508 hookRejections=0 violations=0 earlyReuses=0 reallocInPlace=52 reallocMoved=0 reallocDelegated=0 trims=0 trimmedBlocks=0 leakedBlocks=0 objects=2727 bytesHeap=0 bytesDirect=141592352864 liveHeap=0 liveDirect=0
ARENALOOP thread=io.github.neoionet.netty.microbenchmark.ByteBufAllocatorAllocPatternBenchmark.directAllocation-1-16 arenaHeap=0 arenaDirect=13026661 delegateHeap=0 delegateDirect=36455770 arenaShare=26.33% blocksHeap=1 blocksDirect=8 pinned=8 reusable=0 maxPinnedHeap=0 maxPinnedDirect=8 blockReuses=44148 blockGrowths=7 hooks=773034 hookRejections=0 violations=0 earlyReuses=0 reallocInPlace=58 reallocMoved=0 reallocDelegated=0 trims=0 trimmedBlocks=0 leakedBlocks=0 objects=2727 bytesHeap=0 bytesDirect=162262445328 liveHeap=0 liveDirect=0
ARENALOOP thread=io.github.neoionet.netty.microbenchmark.ByteBufAllocatorAllocPatternBenchmark.directAllocation-1-18 arenaHeap=0 arenaDirect=12078623 delegateHeap=0 delegateDirect=33809326 arenaShare=26.32% blocksHeap=1 blocksDirect=8 pinned=7 reusable=1 maxPinnedHeap=0 maxPinnedDirect=8 blockReuses=40939 blockGrowths=7 hooks=716871 hookRejections=0 violations=0 earlyReuses=0 reallocInPlace=53 reallocMoved=0 reallocDelegated=0 trims=0 trimmedBlocks=0 leakedBlocks=0 objects=2727 bytesHeap=0 bytesDirect=150481160744 liveHeap=0 liveDirect=0
ARENALOOP thread=io.github.neoionet.netty.microbenchmark.ByteBufAllocatorAllocPatternBenchmark.directAllocation-1-1 arenaHeap=0 arenaDirect=10221337 delegateHeap=0 delegateDirect=28618268 arenaShare=26.32% blocksHeap=1 blocksDirect=8 pinned=8 reusable=0 maxPinnedHeap=0 maxPinnedDirect=8 blockReuses=34648 blockGrowths=7 hooks=606740 hookRejections=0 violations=0 earlyReuses=0 reallocInPlace=47 reallocMoved=0 reallocDelegated=0 trims=0 trimmedBlocks=0 leakedBlocks=0 objects=2727 bytesHeap=0 bytesDirect=127373183256 liveHeap=0 liveDirect=0
ARENALOOP thread=io.github.neoionet.netty.microbenchmark.ByteBufAllocatorAllocPatternBenchmark.directAllocation-1-12 arenaHeap=0 arenaDirect=12493097 delegateHeap=0 delegateDirect=34965609 arenaShare=26.32% blocksHeap=1 blocksDirect=8 pinned=8 reusable=0 maxPinnedHeap=0 maxPinnedDirect=8 blockReuses=42341 blockGrowths=7 hooks=741414 hookRejections=0 violations=0 earlyReuses=0 reallocInPlace=57 reallocMoved=0 reallocDelegated=0 trims=0 trimmedBlocks=0 leakedBlocks=0 objects=2727 bytesHeap=0 bytesDirect=155631964008 liveHeap=0 liveDirect=0
ARENALOOP thread=io.github.neoionet.netty.microbenchmark.ByteBufAllocatorAllocPatternBenchmark.directAllocation-1-15 arenaHeap=0 arenaDirect=12087571 delegateHeap=0 delegateDirect=33831164 arenaShare=26.32% blocksHeap=1 blocksDirect=8 pinned=8 reusable=0 maxPinnedHeap=0 maxPinnedDirect=8 blockReuses=40969 blockGrowths=7 hooks=717352 hookRejections=0 violations=0 earlyReuses=0 reallocInPlace=53 reallocMoved=0 reallocDelegated=0 trims=0 trimmedBlocks=0 leakedBlocks=0 objects=2727 bytesHeap=0 bytesDirect=150578698040 liveHeap=0 liveDirect=0
ARENALOOP thread=io.github.neoionet.netty.microbenchmark.ByteBufAllocatorAllocPatternBenchmark.directAllocation-1-19 arenaHeap=0 arenaDirect=9383763 delegateHeap=0 delegateDirect=26267420 arenaShare=26.32% blocksHeap=1 blocksDirect=8 pinned=8 reusable=0 maxPinnedHeap=0 maxPinnedDirect=8 blockReuses=31803 blockGrowths=7 hooks=556921 hookRejections=0 violations=0 earlyReuses=0 reallocInPlace=43 reallocMoved=0 reallocDelegated=0 trims=0 trimmedBlocks=0 leakedBlocks=0 objects=2727 bytesHeap=0 bytesDirect=116908728080 liveHeap=0 liveDirect=0
ARENALOOP thread=io.github.neoionet.netty.microbenchmark.ByteBufAllocatorAllocPatternBenchmark.directAllocation-1-5 arenaHeap=0 arenaDirect=12196901 delegateHeap=0 delegateDirect=34142702 arenaShare=26.32% blocksHeap=1 blocksDirect=8 pinned=8 reusable=0 maxPinnedHeap=0 maxPinnedDirect=8 blockReuses=41343 blockGrowths=7 hooks=723928 hookRejections=0 violations=0 earlyReuses=0 reallocInPlace=55 reallocMoved=0 reallocDelegated=0 trims=0 trimmedBlocks=0 leakedBlocks=0 objects=2727 bytesHeap=0 bytesDirect=151967051536 liveHeap=0 liveDirect=0
ARENALOOP thread=io.github.neoionet.netty.microbenchmark.ByteBufAllocatorAllocPatternBenchmark.directAllocation-1-28 arenaHeap=0 arenaDirect=10003221 delegateHeap=0 delegateDirect=28007517 arenaShare=26.32% blocksHeap=1 blocksDirect=8 pinned=8 reusable=0 maxPinnedHeap=0 maxPinnedDirect=8 blockReuses=33910 blockGrowths=7 hooks=593789 hookRejections=0 violations=0 earlyReuses=0 reallocInPlace=45 reallocMoved=0 reallocDelegated=0 trims=0 trimmedBlocks=0 leakedBlocks=0 objects=2727 bytesHeap=0 bytesDirect=124653914704 liveHeap=0 liveDirect=0
ARENALOOP thread=io.github.neoionet.netty.microbenchmark.ByteBufAllocatorAllocPatternBenchmark.directAllocation-1-6 arenaHeap=0 arenaDirect=11161477 delegateHeap=0 delegateDirect=31249605 arenaShare=26.32% blocksHeap=1 blocksDirect=8 pinned=8 reusable=0 maxPinnedHeap=0 maxPinnedDirect=8 blockReuses=37836 blockGrowths=7 hooks=662545 hookRejections=0 violations=0 earlyReuses=0 reallocInPlace=51 reallocMoved=0 reallocDelegated=0 trims=0 trimmedBlocks=0 leakedBlocks=0 objects=2727 bytesHeap=0 bytesDirect=139086320896 liveHeap=0 liveDirect=0
ARENALOOP thread=io.github.neoionet.netty.microbenchmark.ByteBufAllocatorAllocPatternBenchmark.directAllocation-1-9 arenaHeap=0 arenaDirect=8939801 delegateHeap=0 delegateDirect=25035693 arenaShare=26.31% blocksHeap=1 blocksDirect=8 pinned=8 reusable=0 maxPinnedHeap=0 maxPinnedDirect=8 blockReuses=30308 blockGrowths=7 hooks=530739 hookRejections=0 violations=0 earlyReuses=0 reallocInPlace=41 reallocMoved=0 reallocDelegated=0 trims=0 trimmedBlocks=0 leakedBlocks=0 objects=2727 bytesHeap=0 bytesDirect=111422256424 liveHeap=0 liveDirect=0
ARENALOOP thread=io.github.neoionet.netty.microbenchmark.ByteBufAllocatorAllocPatternBenchmark.directAllocation-1-27 arenaHeap=0 arenaDirect=9687659 delegateHeap=0 delegateDirect=27116287 arenaShare=26.32% blocksHeap=1 blocksDirect=8 pinned=8 reusable=0 maxPinnedHeap=0 maxPinnedDirect=8 blockReuses=32835 blockGrowths=7 hooks=574933 hookRejections=0 violations=0 earlyReuses=0 reallocInPlace=43 reallocMoved=0 reallocDelegated=0 trims=0 trimmedBlocks=0 leakedBlocks=0 objects=2727 bytesHeap=0 bytesDirect=120683824488 liveHeap=0 liveDirect=0
ARENALOOP thread=io.github.neoionet.netty.microbenchmark.ByteBufAllocatorAllocPatternBenchmark.directAllocation-1-17 arenaHeap=0 arenaDirect=11370975 delegateHeap=0 delegateDirect=31828049 arenaShare=26.32% blocksHeap=1 blocksDirect=8 pinned=8 reusable=0 maxPinnedHeap=0 maxPinnedDirect=8 blockReuses=38540 blockGrowths=7 hooks=674856 hookRejections=0 violations=0 earlyReuses=0 reallocInPlace=52 reallocMoved=0 reallocDelegated=0 trims=0 trimmedBlocks=0 leakedBlocks=0 objects=2727 bytesHeap=0 bytesDirect=141663916896 liveHeap=0 liveDirect=0
ARENALOOP thread=io.github.neoionet.netty.microbenchmark.ByteBufAllocatorAllocPatternBenchmark.directAllocation-1-20 arenaHeap=0 arenaDirect=10010266 delegateHeap=0 delegateDirect=28027317 arenaShare=26.32% blocksHeap=1 blocksDirect=8 pinned=8 reusable=0 maxPinnedHeap=0 maxPinnedDirect=8 blockReuses=33934 blockGrowths=7 hooks=594209 hookRejections=0 violations=0 earlyReuses=0 reallocInPlace=45 reallocMoved=0 reallocDelegated=0 trims=0 trimmedBlocks=0 leakedBlocks=0 objects=2727 bytesHeap=0 bytesDirect=124742049248 liveHeap=0 liveDirect=0
ARENALOOP thread=io.github.neoionet.netty.microbenchmark.ByteBufAllocatorAllocPatternBenchmark.directAllocation-1-22 arenaHeap=0 arenaDirect=11019972 delegateHeap=0 delegateDirect=30846520 arenaShare=26.32% blocksHeap=1 blocksDirect=8 pinned=8 reusable=0 maxPinnedHeap=0 maxPinnedDirect=8 blockReuses=37352 blockGrowths=7 hooks=654035 hookRejections=0 violations=0 earlyReuses=0 reallocInPlace=48 reallocMoved=0 reallocDelegated=0 trims=0 trimmedBlocks=0 leakedBlocks=0 objects=2727 bytesHeap=0 bytesDirect=137290804088 liveHeap=0 liveDirect=0
ARENALOOP thread=io.github.neoionet.netty.microbenchmark.ByteBufAllocatorAllocPatternBenchmark.directAllocation-1-11 arenaHeap=0 arenaDirect=10658453 delegateHeap=0 delegateDirect=29834782 arenaShare=26.32% blocksHeap=1 blocksDirect=8 pinned=8 reusable=0 maxPinnedHeap=0 maxPinnedDirect=8 blockReuses=36127 blockGrowths=7 hooks=632578 hookRejections=0 violations=0 earlyReuses=0 reallocInPlace=48 reallocMoved=0 reallocDelegated=0 trims=0 trimmedBlocks=0 leakedBlocks=0 objects=2727 bytesHeap=0 bytesDirect=132787477024 liveHeap=0 liveDirect=0
ARENALOOP thread=io.github.neoionet.netty.microbenchmark.ByteBufAllocatorAllocPatternBenchmark.directAllocation-1-4 arenaHeap=0 arenaDirect=11169517 delegateHeap=0 delegateDirect=31271672 arenaShare=26.32% blocksHeap=1 blocksDirect=8 pinned=8 reusable=0 maxPinnedHeap=0 maxPinnedDirect=8 blockReuses=37863 blockGrowths=7 hooks=663015 hookRejections=0 violations=0 earlyReuses=0 reallocInPlace=51 reallocMoved=0 reallocDelegated=0 trims=0 trimmedBlocks=0 leakedBlocks=0 objects=2727 bytesHeap=0 bytesDirect=139184654728 liveHeap=0 liveDirect=0
ARENALOOP thread=io.github.neoionet.netty.microbenchmark.ByteBufAllocatorAllocPatternBenchmark.directAllocation-1-2 arenaHeap=0 arenaDirect=11301253 delegateHeap=0 delegateDirect=31637250 arenaShare=26.32% blocksHeap=1 blocksDirect=8 pinned=8 reusable=0 maxPinnedHeap=0 maxPinnedDirect=8 blockReuses=38307 blockGrowths=7 hooks=670786 hookRejections=0 violations=0 earlyReuses=0 reallocInPlace=52 reallocMoved=0 reallocDelegated=0 trims=0 trimmedBlocks=0 leakedBlocks=0 objects=2727 bytesHeap=0 bytesDirect=140813832704 liveHeap=0 liveDirect=0
ARENALOOP thread=io.github.neoionet.netty.microbenchmark.ByteBufAllocatorAllocPatternBenchmark.directAllocation-1-10 arenaHeap=0 arenaDirect=15493637 delegateHeap=0 delegateDirect=43362053 arenaShare=26.32% blocksHeap=1 blocksDirect=8 pinned=8 reusable=0 maxPinnedHeap=0 maxPinnedDirect=8 blockReuses=52513 blockGrowths=7 hooks=919492 hookRejections=0 violations=0 earlyReuses=0 reallocInPlace=68 reallocMoved=0 reallocDelegated=0 trims=0 trimmedBlocks=0 leakedBlocks=0 objects=2727 bytesHeap=0 bytesDirect=193010849032 liveHeap=0 liveDirect=0
ARENALOOP thread=io.github.neoionet.netty.microbenchmark.ByteBufAllocatorAllocPatternBenchmark.directAllocation-1-30 arenaHeap=0 arenaDirect=9664458 delegateHeap=0 delegateDirect=27052195 arenaShare=26.32% blocksHeap=1 blocksDirect=8 pinned=8 reusable=0 maxPinnedHeap=0 maxPinnedDirect=8 blockReuses=32756 blockGrowths=7 hooks=573569 hookRejections=0 violations=0 earlyReuses=0 reallocInPlace=43 reallocMoved=0 reallocDelegated=0 trims=0 trimmedBlocks=0 leakedBlocks=0 objects=2727 bytesHeap=0 bytesDirect=120398325448 liveHeap=0 liveDirect=0
ARENALOOP thread=io.github.neoionet.netty.microbenchmark.ByteBufAllocatorAllocPatternBenchmark.directAllocation-1-14 arenaHeap=0 arenaDirect=10584086 delegateHeap=0 delegateDirect=29624692 arenaShare=26.32% blocksHeap=1 blocksDirect=8 pinned=7 reusable=0 maxPinnedHeap=0 maxPinnedDirect=8 blockReuses=35873 blockGrowths=7 hooks=628134 hookRejections=0 violations=0 earlyReuses=0 reallocInPlace=48 reallocMoved=0 reallocDelegated=0 trims=0 trimmedBlocks=0 leakedBlocks=0 objects=2727 bytesHeap=0 bytesDirect=131853644784 liveHeap=0 liveDirect=0
ARENALOOP thread=io.github.neoionet.netty.microbenchmark.ByteBufAllocatorAllocPatternBenchmark.directAllocation-1-26 arenaHeap=0 arenaDirect=12601560 delegateHeap=0 delegateDirect=35266703 arenaShare=26.33% blocksHeap=1 blocksDirect=8 pinned=8 reusable=0 maxPinnedHeap=0 maxPinnedDirect=8 blockReuses=42706 blockGrowths=7 hooks=747813 hookRejections=0 violations=0 earlyReuses=0 reallocInPlace=57 reallocMoved=0 reallocDelegated=0 trims=0 trimmedBlocks=0 leakedBlocks=0 objects=2727 bytesHeap=0 bytesDirect=156976642640 liveHeap=0 liveDirect=0
ARENALOOP thread=io.github.neoionet.netty.microbenchmark.ByteBufAllocatorAllocPatternBenchmark.directAllocation-1-32 arenaHeap=0 arenaDirect=10454863 delegateHeap=0 delegateDirect=29263737 arenaShare=26.32% blocksHeap=1 blocksDirect=8 pinned=8 reusable=0 maxPinnedHeap=0 maxPinnedDirect=8 blockReuses=35433 blockGrowths=7 hooks=620475 hookRejections=0 violations=0 earlyReuses=0 reallocInPlace=47 reallocMoved=0 reallocDelegated=0 trims=0 trimmedBlocks=0 leakedBlocks=0 objects=2727 bytesHeap=0 bytesDirect=130249716072 liveHeap=0 liveDirect=0
ARENALOOP thread=io.github.neoionet.netty.microbenchmark.ByteBufAllocatorAllocPatternBenchmark.directAllocation-1-3 arenaHeap=0 arenaDirect=11320109 delegateHeap=0 delegateDirect=31690086 arenaShare=26.32% blocksHeap=1 blocksDirect=8 pinned=8 reusable=0 maxPinnedHeap=0 maxPinnedDirect=8 blockReuses=38371 blockGrowths=7 hooks=671906 hookRejections=0 violations=0 earlyReuses=0 reallocInPlace=52 reallocMoved=0 reallocDelegated=0 trims=0 trimmedBlocks=0 leakedBlocks=0 objects=2727 bytesHeap=0 bytesDirect=141049878696 liveHeap=0 liveDirect=0
ARENALOOP thread=io.github.neoionet.netty.microbenchmark.ByteBufAllocatorAllocPatternBenchmark.directAllocation-1-13 arenaHeap=0 arenaDirect=10568595 delegateHeap=0 delegateDirect=29579985 arenaShare=26.32% blocksHeap=1 blocksDirect=8 pinned=8 reusable=0 maxPinnedHeap=0 maxPinnedDirect=8 blockReuses=35819 blockGrowths=7 hooks=627193 hookRejections=0 violations=0 earlyReuses=0 reallocInPlace=48 reallocMoved=0 reallocDelegated=0 trims=0 trimmedBlocks=0 leakedBlocks=0 objects=2727 bytesHeap=0 bytesDirect=131655035688 liveHeap=0 liveDirect=0
539.156 ±(99.9%) 122.154 ns/op

# Run progress: 23.81% complete, ETA 00:13:20
# Fork: 2 of 3
# Warmup Iteration   1: 852.173 ±(99.9%) 167.262 ns/op
# Warmup Iteration   2: 524.353 ±(99.9%) 84.693 ns/op
# Warmup Iteration   3: 504.005 ±(99.9%) 92.005 ns/op
# Warmup Iteration   4: 521.629 ±(99.9%) 101.196 ns/op
# Warmup Iteration   5: 605.788 ±(99.9%) 144.905 ns/op
# Warmup Iteration   6: 600.428 ±(99.9%) 157.444 ns/op
# Warmup Iteration   7: 554.845 ±(99.9%) 132.474 ns/op
# Warmup Iteration   8: 586.026 ±(99.9%) 141.456 ns/op
# Warmup Iteration   9: 562.848 ±(99.9%) 153.989 ns/op
# Warmup Iteration  10: 614.237 ±(99.9%) 146.938 ns/op
Iteration   1: 597.842 ±(99.9%) 196.091 ns/op
Iteration   2: 632.178 ±(99.9%) 198.152 ns/op
Iteration   3: 629.842 ±(99.9%) 148.927 ns/op
Iteration   4: 706.815 ±(99.9%) 208.518 ns/op
Iteration   5: 702.649 ±(99.9%) 261.108 ns/op
Iteration   6: 713.662 ±(99.9%) 258.491 ns/op
Iteration   7: 602.819 ±(99.9%) 195.524 ns/op
Iteration   8: 720.097 ±(99.9%) 242.758 ns/op
Iteration   9: 667.555 ±(99.9%) 166.264 ns/op
Iteration  10: cRSS-pRSS:[3557, 3557]
;used-memory:[0]
ARENATELE blockSize=262144 maxBlocks=8 cap=8192 maxObjects=16384 debug=false arenaHeap=0 arenaDirect=345316721 delegateHeap=0 delegateDirect=966597366 arenaShare=26.32% blocksHeap=32 blocksDirect=256 pinned=253 reusable=0 maxPinnedHeap=0 maxPinnedDirect=256 blockReuses=1170408 blockGrowths=224 hooks=20494546 hookRejections=0 violations=0 earlyReuses=0 reallocInPlace=1558 reallocMoved=0 reallocDelegated=0 trims=0 trimmedBlocks=0 leakedBlocks=0 objects=87264 bytesHeap=0 bytesDirect=4302170765088 liveHeap=0 liveDirect=593
ARENALOOP thread=io.github.neoionet.netty.microbenchmark.ByteBufAllocatorAllocPatternBenchmark.directAllocation-1-20 arenaHeap=0 arenaDirect=11866973 delegateHeap=0 delegateDirect=33212371 arenaShare=26.32% blocksHeap=1 blocksDirect=8 pinned=7 reusable=0 maxPinnedHeap=0 maxPinnedDirect=8 blockReuses=40220 blockGrowths=7 hooks=704236 hookRejections=0 violations=0 earlyReuses=0 reallocInPlace=53 reallocMoved=0 reallocDelegated=0 trims=0 trimmedBlocks=0 leakedBlocks=0 objects=2727 bytesHeap=0 bytesDirect=147824257672 liveHeap=0 liveDirect=593
ARENALOOP thread=io.github.neoionet.netty.microbenchmark.ByteBufAllocatorAllocPatternBenchmark.directAllocation-1-12 arenaHeap=0 arenaDirect=13021441 delegateHeap=0 delegateDirect=36441588 arenaShare=26.33% blocksHeap=1 blocksDirect=8 pinned=8 reusable=0 maxPinnedHeap=0 maxPinnedDirect=8 blockReuses=44131 blockGrowths=7 hooks=772731 hookRejections=0 violations=0 earlyReuses=0 reallocInPlace=58 reallocMoved=0 reallocDelegated=0 trims=0 trimmedBlocks=0 leakedBlocks=0 objects=2727 bytesHeap=0 bytesDirect=162199885048 liveHeap=0 liveDirect=0
ARENALOOP thread=io.github.neoionet.netty.microbenchmark.ByteBufAllocatorAllocPatternBenchmark.directAllocation-1-16 arenaHeap=0 arenaDirect=10587894 delegateHeap=0 delegateDirect=29635623 arenaShare=26.32% blocksHeap=1 blocksDirect=8 pinned=8 reusable=0 maxPinnedHeap=0 maxPinnedDirect=8 blockReuses=35885 blockGrowths=7 hooks=628364 hookRejections=0 violations=0 earlyReuses=0 reallocInPlace=48 reallocMoved=0 reallocDelegated=0 trims=0 trimmedBlocks=0 leakedBlocks=0 objects=2727 bytesHeap=0 bytesDirect=131902056520 liveHeap=0 liveDirect=0
ARENALOOP thread=io.github.neoionet.netty.microbenchmark.ByteBufAllocatorAllocPatternBenchmark.directAllocation-1-21 arenaHeap=0 arenaDirect=11055039 delegateHeap=0 delegateDirect=30946156 arenaShare=26.32% blocksHeap=1 blocksDirect=8 pinned=7 reusable=0 maxPinnedHeap=0 maxPinnedDirect=8 blockReuses=37472 blockGrowths=7 hooks=656140 hookRejections=0 violations=0 earlyReuses=0 reallocInPlace=48 reallocMoved=0 reallocDelegated=0 trims=0 trimmedBlocks=0 leakedBlocks=0 objects=2727 bytesHeap=0 bytesDirect=137734804968 liveHeap=0 liveDirect=0
ARENALOOP thread=io.github.neoionet.netty.microbenchmark.ByteBufAllocatorAllocPatternBenchmark.directAllocation-1-17 arenaHeap=0 arenaDirect=10325558 delegateHeap=0 delegateDirect=28899600 arenaShare=26.32% blocksHeap=1 blocksDirect=8 pinned=8 reusable=0 maxPinnedHeap=0 maxPinnedDirect=8 blockReuses=34994 blockGrowths=7 hooks=612765 hookRejections=0 violations=0 earlyReuses=0 reallocInPlace=47 reallocMoved=0 reallocDelegated=0 trims=0 trimmedBlocks=0 leakedBlocks=0 objects=2727 bytesHeap=0 bytesDirect=128629376776 liveHeap=0 liveDirect=0
ARENALOOP thread=io.github.neoionet.netty.microbenchmark.ByteBufAllocatorAllocPatternBenchmark.directAllocation-1-32 arenaHeap=0 arenaDirect=10495081 delegateHeap=0 delegateDirect=29374139 arenaShare=26.32% blocksHeap=1 blocksDirect=8 pinned=8 reusable=0 maxPinnedHeap=0 maxPinnedDirect=8 blockReuses=35568 blockGrowths=7 hooks=622828 hookRejections=0 violations=0 earlyReuses=0 reallocInPlace=48 reallocMoved=0 reallocDelegated=0 trims=0 trimmedBlocks=0 leakedBlocks=0 objects=2727 bytesHeap=0 bytesDirect=130740841352 liveHeap=0 liveDirect=0
ARENALOOP thread=io.github.neoionet.netty.microbenchmark.ByteBufAllocatorAllocPatternBenchmark.directAllocation-1-10 arenaHeap=0 arenaDirect=6799976 delegateHeap=0 delegateDirect=19053097 arenaShare=26.30% blocksHeap=1 blocksDirect=8 pinned=8 reusable=0 maxPinnedHeap=0 maxPinnedDirect=8 blockReuses=23060 blockGrowths=7 hooks=403826 hookRejections=0 violations=0 earlyReuses=0 reallocInPlace=31 reallocMoved=0 reallocDelegated=0 trims=0 trimmedBlocks=0 leakedBlocks=0 objects=2727 bytesHeap=0 bytesDirect=84787098216 liveHeap=0 liveDirect=0
ARENALOOP thread=io.github.neoionet.netty.microbenchmark.ByteBufAllocatorAllocPatternBenchmark.directAllocation-1-29 arenaHeap=0 arenaDirect=10455164 delegateHeap=0 delegateDirect=29264887 arenaShare=26.32% blocksHeap=1 blocksDirect=8 pinned=8 reusable=0 maxPinnedHeap=0 maxPinnedDirect=8 blockReuses=35434 blockGrowths=7 hooks=620497 hookRejections=0 violations=0 earlyReuses=0 reallocInPlace=47 reallocMoved=0 reallocDelegated=0 trims=0 trimmedBlocks=0 leakedBlocks=0 objects=2727 bytesHeap=0 bytesDirect=130254434456 liveHeap=0 liveDirect=0
ARENALOOP thread=io.github.neoionet.netty.microbenchmark.ByteBufAllocatorAllocPatternBenchmark.directAllocation-1-28 arenaHeap=0 arenaDirect=10337468 delegateHeap=0 delegateDirect=28934037 arenaShare=26.32% blocksHeap=1 blocksDirect=8 pinned=8 reusable=0 maxPinnedHeap=0 maxPinnedDirect=8 blockReuses=35035 blockGrowths=7 hooks=613489 hookRejections=0 violations=0 earlyReuses=0 reallocInPlace=47 reallocMoved=0 reallocDelegated=0 trims=0 trimmedBlocks=0 leakedBlocks=0 objects=2727 bytesHeap=0 bytesDirect=128783515520 liveHeap=0 liveDirect=0
ARENALOOP thread=io.github.neoionet.netty.microbenchmark.ByteBufAllocatorAllocPatternBenchmark.directAllocation-1-25 arenaHeap=0 arenaDirect=8634865 delegateHeap=0 delegateDirect=24173062 arenaShare=26.32% blocksHeap=1 blocksDirect=8 pinned=8 reusable=0 maxPinnedHeap=0 maxPinnedDirect=8 blockReuses=29268 blockGrowths=7 hooks=512495 hookRejections=0 violations=0 earlyReuses=0 reallocInPlace=38 reallocMoved=0 reallocDelegated=0 trims=0 trimmedBlocks=0 leakedBlocks=0 objects=2727 bytesHeap=0 bytesDirect=107580682032 liveHeap=0 liveDirect=0
ARENALOOP thread=io.github.neoionet.netty.microbenchmark.ByteBufAllocatorAllocPatternBenchmark.directAllocation-1-14 arenaHeap=0 arenaDirect=9577642 delegateHeap=0 delegateDirect=26811633 arenaShare=26.32% blocksHeap=1 blocksDirect=8 pinned=8 reusable=0 maxPinnedHeap=0 maxPinnedDirect=8 blockReuses=32464 blockGrowths=7 hooks=568454 hookRejections=0 violations=0 earlyReuses=0 reallocInPlace=43 reallocMoved=0 reallocDelegated=0 trims=0 trimmedBlocks=0 leakedBlocks=0 objects=2727 bytesHeap=0 bytesDirect=119327900136 liveHeap=0 liveDirect=0
ARENALOOP thread=io.github.neoionet.netty.microbenchmark.ByteBufAllocatorAllocPatternBenchmark.directAllocation-1-27 arenaHeap=0 arenaDirect=11824510 delegateHeap=0 delegateDirect=33093512 arenaShare=26.32% blocksHeap=1 blocksDirect=8 pinned=8 reusable=0 maxPinnedHeap=0 maxPinnedDirect=8 blockReuses=40076 blockGrowths=7 hooks=701716 hookRejections=0 violations=0 earlyReuses=0 reallocInPlace=53 reallocMoved=0 reallocDelegated=0 trims=0 trimmedBlocks=0 leakedBlocks=0 objects=2727 bytesHeap=0 bytesDirect=147295422232 liveHeap=0 liveDirect=0
ARENALOOP thread=io.github.neoionet.netty.microbenchmark.ByteBufAllocatorAllocPatternBenchmark.directAllocation-1-5 arenaHeap=0 arenaDirect=9110759 delegateHeap=0 delegateDirect=25510890 arenaShare=26.32% blocksHeap=1 blocksDirect=8 pinned=8 reusable=0 maxPinnedHeap=0 maxPinnedDirect=8 blockReuses=30885 blockGrowths=7 hooks=540835 hookRejections=0 violations=0 earlyReuses=0 reallocInPlace=42 reallocMoved=0 reallocDelegated=0 trims=0 trimmedBlocks=0 leakedBlocks=0 objects=2727 bytesHeap=0 bytesDirect=113540220488 liveHeap=0 liveDirect=0
ARENALOOP thread=io.github.neoionet.netty.microbenchmark.ByteBufAllocatorAllocPatternBenchmark.directAllocation-1-19 arenaHeap=0 arenaDirect=10328747 delegateHeap=0 delegateDirect=28910475 arenaShare=26.32% blocksHeap=1 blocksDirect=8 pinned=8 reusable=0 maxPinnedHeap=0 maxPinnedDirect=8 blockReuses=35005 blockGrowths=7 hooks=612984 hookRejections=0 violations=0 earlyReuses=0 reallocInPlace=47 reallocMoved=0 reallocDelegated=0 trims=0 trimmedBlocks=0 leakedBlocks=0 objects=2727 bytesHeap=0 bytesDirect=128677795112 liveHeap=0 liveDirect=0
ARENALOOP thread=io.github.neoionet.netty.microbenchmark.ByteBufAllocatorAllocPatternBenchmark.directAllocation-1-9 arenaHeap=0 arenaDirect=11588060 delegateHeap=0 delegateDirect=32433087 arenaShare=26.32% blocksHeap=1 blocksDirect=8 pinned=8 reusable=0 maxPinnedHeap=0 maxPinnedDirect=8 blockReuses=39272 blockGrowths=7 hooks=687702 hookRejections=0 violations=0 earlyReuses=0 reallocInPlace=53 reallocMoved=0 reallocDelegated=0 trims=0 trimmedBlocks=0 leakedBlocks=0 objects=2727 bytesHeap=0 bytesDirect=144358191512 liveHeap=0 liveDirect=0
ARENALOOP thread=io.github.neoionet.netty.microbenchmark.ByteBufAllocatorAllocPatternBenchmark.directAllocation-1-2 arenaHeap=0 arenaDirect=11140593 delegateHeap=0 delegateDirect=31189299 arenaShare=26.32% blocksHeap=1 blocksDirect=8 pinned=8 reusable=0 maxPinnedHeap=0 maxPinnedDirect=8 blockReuses=37764 blockGrowths=7 hooks=661276 hookRejections=0 violations=0 earlyReuses=0 reallocInPlace=50 reallocMoved=0 reallocDelegated=0 trims=0 trimmedBlocks=0 leakedBlocks=0 objects=2727 bytesHeap=0 bytesDirect=138818072816 liveHeap=0 liveDirect=0
ARENALOOP thread=io.github.neoionet.netty.microbenchmark.ByteBufAllocatorAllocPatternBenchmark.directAllocation-1-3 arenaHeap=0 arenaDirect=9708331 delegateHeap=0 delegateDirect=27175805 arenaShare=26.32% blocksHeap=1 blocksDirect=8 pinned=8 reusable=0 maxPinnedHeap=0 maxPinnedDirect=8 blockReuses=32905 blockGrowths=7 hooks=576186 hookRejections=0 violations=0 earlyReuses=0 reallocInPlace=43 reallocMoved=0 reallocDelegated=0 trims=0 trimmedBlocks=0 leakedBlocks=0 objects=2727 bytesHeap=0 bytesDirect=120948600800 liveHeap=0 liveDirect=0
ARENALOOP thread=io.github.neoionet.netty.microbenchmark.ByteBufAllocatorAllocPatternBenchmark.directAllocation-1-11 arenaHeap=0 arenaDirect=12986314 delegateHeap=0 delegateDirect=36341401 arenaShare=26.33% blocksHeap=1 blocksDirect=8 pinned=8 reusable=0 maxPinnedHeap=0 maxPinnedDirect=8 blockReuses=44012 blockGrowths=7 hooks=770617 hookRejections=0 violations=0 earlyReuses=0 reallocInPlace=58 reallocMoved=0 reallocDelegated=0 trims=0 trimmedBlocks=0 leakedBlocks=0 objects=2727 bytesHeap=0 bytesDirect=161753740480 liveHeap=0 liveDirect=0
ARENALOOP thread=io.github.neoionet.netty.microbenchmark.ByteBufAllocatorAllocPatternBenchmark.directAllocation-1-4 arenaHeap=0 arenaDirect=10850551 delegateHeap=0 delegateDirect=30371378 arenaShare=26.32% blocksHeap=1 blocksDirect=8 pinned=7 reusable=0 maxPinnedHeap=0 maxPinnedDirect=8 blockReuses=36777 blockGrowths=7 hooks=643964 hookRejections=0 violations=0 earlyReuses=0 reallocInPlace=48 reallocMoved=0 reallocDelegated=0 trims=0 trimmedBlocks=0 leakedBlocks=0 objects=2727 bytesHeap=0 bytesDirect=135174654128 liveHeap=0 liveDirect=0
ARENALOOP thread=io.github.neoionet.netty.microbenchmark.ByteBufAllocatorAllocPatternBenchmark.directAllocation-1-23 arenaHeap=0 arenaDirect=10308292 delegateHeap=0 delegateDirect=28854017 arenaShare=26.32% blocksHeap=1 blocksDirect=8 pinned=8 reusable=0 maxPinnedHeap=0 maxPinnedDirect=8 blockReuses=34937 blockGrowths=7 hooks=611783 hookRejections=0 violations=0 earlyReuses=0 reallocInPlace=47 reallocMoved=0 reallocDelegated=0 trims=0 trimmedBlocks=0 leakedBlocks=0 objects=2727 bytesHeap=0 bytesDirect=128425765800 liveHeap=0 liveDirect=0
ARENALOOP thread=io.github.neoionet.netty.microbenchmark.ByteBufAllocatorAllocPatternBenchmark.directAllocation-1-18 arenaHeap=0 arenaDirect=11189087 delegateHeap=0 delegateDirect=31328524 arenaShare=26.32% blocksHeap=1 blocksDirect=8 pinned=8 reusable=0 maxPinnedHeap=0 maxPinnedDirect=8 blockReuses=37932 blockGrowths=7 hooks=664209 hookRejections=0 violations=0 earlyReuses=0 reallocInPlace=51 reallocMoved=0 reallocDelegated=0 trims=0 trimmedBlocks=0 leakedBlocks=0 objects=2727 bytesHeap=0 bytesDirect=139437960408 liveHeap=0 liveDirect=0
ARENALOOP thread=io.github.neoionet.netty.microbenchmark.ByteBufAllocatorAllocPatternBenchmark.directAllocation-1-6 arenaHeap=0 arenaDirect=10440555 delegateHeap=0 delegateDirect=29222017 arenaShare=26.32% blocksHeap=1 blocksDirect=8 pinned=8 reusable=0 maxPinnedHeap=0 maxPinnedDirect=8 blockReuses=35383 blockGrowths=7 hooks=619599 hookRejections=0 violations=0 earlyReuses=0 reallocInPlace=47 reallocMoved=0 reallocDelegated=0 trims=0 trimmedBlocks=0 leakedBlocks=0 objects=2727 bytesHeap=0 bytesDirect=130064328784 liveHeap=0 liveDirect=0
ARENALOOP thread=io.github.neoionet.netty.microbenchmark.ByteBufAllocatorAllocPatternBenchmark.directAllocation-1-24 arenaHeap=0 arenaDirect=9618688 delegateHeap=0 delegateDirect=26924650 arenaShare=26.32% blocksHeap=1 blocksDirect=8 pinned=8 reusable=0 maxPinnedHeap=0 maxPinnedDirect=8 blockReuses=32602 blockGrowths=7 hooks=570861 hookRejections=0 violations=0 earlyReuses=0 reallocInPlace=43 reallocMoved=0 reallocDelegated=0 trims=0 trimmedBlocks=0 leakedBlocks=0 objects=2727 bytesHeap=0 bytesDirect=119831312008 liveHeap=0 liveDirect=0
ARENALOOP thread=io.github.neoionet.netty.microbenchmark.ByteBufAllocatorAllocPatternBenchmark.directAllocation-1-1 arenaHeap=0 arenaDirect=11373610 delegateHeap=0 delegateDirect=31835438 arenaShare=26.32% blocksHeap=1 blocksDirect=8 pinned=8 reusable=0 maxPinnedHeap=0 maxPinnedDirect=8 blockReuses=38549 blockGrowths=7 hooks=675013 hookRejections=0 violations=0 earlyReuses=0 reallocInPlace=52 reallocMoved=0 reallocDelegated=0 trims=0 trimmedBlocks=0 leakedBlocks=0 objects=2727 bytesHeap=0 bytesDirect=141697241184 liveHeap=0 liveDirect=0
ARENALOOP thread=io.github.neoionet.netty.microbenchmark.ByteBufAllocatorAllocPatternBenchmark.directAllocation-1-31 arenaHeap=0 arenaDirect=13685894 delegateHeap=0 delegateDirect=38297300 arenaShare=26.33% blocksHeap=1 blocksDirect=8 pinned=8 reusable=0 maxPinnedHeap=0 maxPinnedDirect=8 blockReuses=46379 blockGrowths=7 hooks=812109 hookRejections=0 violations=0 earlyReuses=0 reallocInPlace=62 reallocMoved=0 reallocDelegated=0 trims=0 trimmedBlocks=0 leakedBlocks=0 objects=2727 bytesHeap=0 bytesDirect=170468911936 liveHeap=0 liveDirect=0
ARENALOOP thread=io.github.neoionet.netty.microbenchmark.ByteBufAllocatorAllocPatternBenchmark.directAllocation-1-7 arenaHeap=0 arenaDirect=13679313 delegateHeap=0 delegateDirect=38280631 arenaShare=26.33% blocksHeap=1 blocksDirect=8 pinned=8 reusable=0 maxPinnedHeap=0 maxPinnedDirect=8 blockReuses=46357 blockGrowths=7 hooks=811746 hookRejections=0 violations=0 earlyReuses=0 reallocInPlace=62 reallocMoved=0 reallocDelegated=0 trims=0 trimmedBlocks=0 leakedBlocks=0 objects=2727 bytesHeap=0 bytesDirect=170393827448 liveHeap=0 liveDirect=0
ARENALOOP thread=io.github.neoionet.netty.microbenchmark.ByteBufAllocatorAllocPatternBenchmark.directAllocation-1-26 arenaHeap=0 arenaDirect=11453697 delegateHeap=0 delegateDirect=32056827 arenaShare=26.32% blocksHeap=1 blocksDirect=8 pinned=8 reusable=0 maxPinnedHeap=0 maxPinnedDirect=8 blockReuses=38817 blockGrowths=7 hooks=679723 hookRejections=0 violations=0 earlyReuses=0 reallocInPlace=52 reallocMoved=0 reallocDelegated=0 trims=0 trimmedBlocks=0 leakedBlocks=0 objects=2727 bytesHeap=0 bytesDirect=142685516456 liveHeap=0 liveDirect=0
ARENALOOP thread=io.github.neoionet.netty.microbenchmark.ByteBufAllocatorAllocPatternBenchmark.directAllocation-1-15 arenaHeap=0 arenaDirect=10181645 delegateHeap=0 delegateDirect=28508538 arenaShare=26.32% blocksHeap=1 blocksDirect=8 pinned=8 reusable=0 maxPinnedHeap=0 maxPinnedDirect=8 blockReuses=34515 blockGrowths=7 hooks=604406 hookRejections=0 violations=0 earlyReuses=0 reallocInPlace=47 reallocMoved=0 reallocDelegated=0 trims=0 trimmedBlocks=0 leakedBlocks=0 objects=2727 bytesHeap=0 bytesDirect=126882571184 liveHeap=0 liveDirect=0
ARENALOOP thread=io.github.neoionet.netty.microbenchmark.ByteBufAllocatorAllocPatternBenchmark.directAllocation-1-13 arenaHeap=0 arenaDirect=11088882 delegateHeap=0 delegateDirect=31044759 arenaShare=26.32% blocksHeap=1 blocksDirect=8 pinned=8 reusable=0 maxPinnedHeap=0 maxPinnedDirect=8 blockReuses=37589 blockGrowths=7 hooks=658210 hookRejections=0 violations=0 earlyReuses=0 reallocInPlace=50 reallocMoved=0 reallocDelegated=0 trims=0 trimmedBlocks=0 leakedBlocks=0 objects=2727 bytesHeap=0 bytesDirect=138174936568 liveHeap=0 liveDirect=0
ARENALOOP thread=io.github.neoionet.netty.microbenchmark.ByteBufAllocatorAllocPatternBenchmark.directAllocation-1-8 arenaHeap=0 arenaDirect=9297475 delegateHeap=0 delegateDirect=26025515 arenaShare=26.32% blocksHeap=1 blocksDirect=8 pinned=8 reusable=0 maxPinnedHeap=0 maxPinnedDirect=8 blockReuses=31511 blockGrowths=7 hooks=551793 hookRejections=0 violations=0 earlyReuses=0 reallocInPlace=42 reallocMoved=0 reallocDelegated=0 trims=0 trimmedBlocks=0 leakedBlocks=0 objects=2727 bytesHeap=0 bytesDirect=115835049312 liveHeap=0 liveDirect=0
ARENALOOP thread=io.github.neoionet.netty.microbenchmark.ByteBufAllocatorAllocPatternBenchmark.directAllocation-1-30 arenaHeap=0 arenaDirect=12196910 delegateHeap=0 delegateDirect=34143450 arenaShare=26.32% blocksHeap=1 blocksDirect=8 pinned=8 reusable=0 maxPinnedHeap=0 maxPinnedDirect=8 blockReuses=41343 blockGrowths=7 hooks=723940 hookRejections=0 violations=0 earlyReuses=0 reallocInPlace=55 reallocMoved=0 reallocDelegated=0 trims=0 trimmedBlocks=0 leakedBlocks=0 objects=2727 bytesHeap=0 bytesDirect=151970195152 liveHeap=0 liveDirect=0
ARENALOOP thread=io.github.neoionet.netty.microbenchmark.ByteBufAllocatorAllocPatternBenchmark.directAllocation-1-22 arenaHeap=0 arenaDirect=10107707 delegateHeap=0 delegateDirect=28303660 arenaShare=26.31% blocksHeap=1 blocksDirect=8 pinned=8 reusable=0 maxPinnedHeap=0 maxPinnedDirect=8 blockReuses=34267 blockGrowths=7 hooks=600049 hookRejections=0 violations=0 earlyReuses=0 reallocInPlace=46 reallocMoved=0 reallocDelegated=0 trims=0 trimmedBlocks=0 leakedBlocks=0 objects=2727 bytesHeap=0 bytesDirect=125971598584 liveHeap=0 liveDirect=0
635.563 ±(99.9%) 152.158 ns/op

# Run progress: 26.19% complete, ETA 00:12:55
# Fork: 3 of 3
# Warmup Iteration   1: 854.896 ±(99.9%) 142.880 ns/op
# Warmup Iteration   2: 569.444 ±(99.9%) 134.846 ns/op
# Warmup Iteration   3: 517.904 ±(99.9%) 88.179 ns/op
# Warmup Iteration   4: 537.235 ±(99.9%) 127.427 ns/op
# Warmup Iteration   5: 639.719 ±(99.9%) 204.312 ns/op
# Warmup Iteration   6: 557.358 ±(99.9%) 90.220 ns/op
# Warmup Iteration   7: 613.304 ±(99.9%) 137.834 ns/op
# Warmup Iteration   8: 708.352 ±(99.9%) 260.635 ns/op
# Warmup Iteration   9: 678.570 ±(99.9%) 228.130 ns/op
# Warmup Iteration  10: 577.314 ±(99.9%) 78.262 ns/op
Iteration   1: 552.673 ±(99.9%) 103.309 ns/op
Iteration   2: 569.421 ±(99.9%) 129.581 ns/op
Iteration   3: 553.239 ±(99.9%) 75.612 ns/op
Iteration   4: 591.593 ±(99.9%) 101.969 ns/op
Iteration   5: 594.233 ±(99.9%) 139.328 ns/op
Iteration   6: 578.961 ±(99.9%) 122.310 ns/op
Iteration   7: 597.888 ±(99.9%) 146.793 ns/op
Iteration   8: 592.302 ±(99.9%) 167.810 ns/op
Iteration   9: 648.749 ±(99.9%) 232.359 ns/op
Iteration  10: cRSS-pRSS:[3553, 3553]
;used-memory:[0]
ARENATELE blockSize=262144 maxBlocks=8 cap=8192 maxObjects=16384 debug=false arenaHeap=0 arenaDirect=342380863 delegateHeap=0 delegateDirect=958416250 arenaShare=26.32% blocksHeap=32 blocksDirect=256 pinned=253 reusable=0 maxPinnedHeap=0 maxPinnedDirect=256 blockReuses=1160481 blockGrowths=224 hooks=20320843 hookRejections=0 violations=0 earlyReuses=0 reallocInPlace=1542 reallocMoved=0 reallocDelegated=0 trims=0 trimmedBlocks=0 leakedBlocks=0 objects=87264 bytesHeap=0 bytesDirect=4265729900312 liveHeap=0 liveDirect=899
ARENALOOP thread=io.github.neoionet.netty.microbenchmark.ByteBufAllocatorAllocPatternBenchmark.directAllocation-1-26 arenaHeap=0 arenaDirect=8504949 delegateHeap=0 delegateDirect=23809770 arenaShare=26.32% blocksHeap=1 blocksDirect=8 pinned=7 reusable=0 maxPinnedHeap=0 maxPinnedDirect=8 blockReuses=28829 blockGrowths=7 hooks=504789 hookRejections=0 violations=0 earlyReuses=0 reallocInPlace=38 reallocMoved=0 reallocDelegated=0 trims=0 trimmedBlocks=0 leakedBlocks=0 objects=2727 bytesHeap=0 bytesDirect=105963068504 liveHeap=0 liveDirect=899
ARENALOOP thread=io.github.neoionet.netty.microbenchmark.ByteBufAllocatorAllocPatternBenchmark.directAllocation-1-2 arenaHeap=0 arenaDirect=10040005 delegateHeap=0 delegateDirect=28111296 arenaShare=26.32% blocksHeap=1 blocksDirect=8 pinned=8 reusable=0 maxPinnedHeap=0 maxPinnedDirect=8 blockReuses=34035 blockGrowths=7 hooks=595986 hookRejections=0 violations=0 earlyReuses=0 reallocInPlace=46 reallocMoved=0 reallocDelegated=0 trims=0 trimmedBlocks=0 leakedBlocks=0 objects=2727 bytesHeap=0 bytesDirect=125114929776 liveHeap=0 liveDirect=0
ARENALOOP thread=io.github.neoionet.netty.microbenchmark.ByteBufAllocatorAllocPatternBenchmark.directAllocation-1-27 arenaHeap=0 arenaDirect=8868994 delegateHeap=0 delegateDirect=24834648 arenaShare=26.31% blocksHeap=1 blocksDirect=8 pinned=8 reusable=0 maxPinnedHeap=0 maxPinnedDirect=8 blockReuses=30067 blockGrowths=7 hooks=526491 hookRejections=0 violations=0 earlyReuses=0 reallocInPlace=38 reallocMoved=0 reallocDelegated=0 trims=0 trimmedBlocks=0 leakedBlocks=0 objects=2727 bytesHeap=0 bytesDirect=110526880024 liveHeap=0 liveDirect=0
ARENALOOP thread=io.github.neoionet.netty.microbenchmark.ByteBufAllocatorAllocPatternBenchmark.directAllocation-1-1 arenaHeap=0 arenaDirect=12665985 delegateHeap=0 delegateDirect=35447788 arenaShare=26.33% blocksHeap=1 blocksDirect=8 pinned=8 reusable=0 maxPinnedHeap=0 maxPinnedDirect=8 blockReuses=42925 blockGrowths=7 hooks=751649 hookRejections=0 violations=0 earlyReuses=0 reallocInPlace=57 reallocMoved=0 reallocDelegated=0 trims=0 trimmedBlocks=0 leakedBlocks=0 objects=2727 bytesHeap=0 bytesDirect=157780831152 liveHeap=0 liveDirect=0
ARENALOOP thread=io.github.neoionet.netty.microbenchmark.ByteBufAllocatorAllocPatternBenchmark.directAllocation-1-3 arenaHeap=0 arenaDirect=12140065 delegateHeap=0 delegateDirect=33979309 arenaShare=26.32% blocksHeap=1 blocksDirect=8 pinned=8 reusable=0 maxPinnedHeap=0 maxPinnedDirect=8 blockReuses=41147 blockGrowths=7 hooks=720487 hookRejections=0 violations=0 earlyReuses=0 reallocInPlace=53 reallocMoved=0 reallocDelegated=0 trims=0 trimmedBlocks=0 leakedBlocks=0 objects=2727 bytesHeap=0 bytesDirect=151238451456 liveHeap=0 liveDirect=0
ARENALOOP thread=io.github.neoionet.netty.microbenchmark.ByteBufAllocatorAllocPatternBenchmark.directAllocation-1-16 arenaHeap=0 arenaDirect=10160392 delegateHeap=0 delegateDirect=28449498 arenaShare=26.32% blocksHeap=1 blocksDirect=8 pinned=8 reusable=0 maxPinnedHeap=0 maxPinnedDirect=8 blockReuses=34444 blockGrowths=7 hooks=603151 hookRejections=0 violations=0 earlyReuses=0 reallocInPlace=47 reallocMoved=0 reallocDelegated=0 trims=0 trimmedBlocks=0 leakedBlocks=0 objects=2727 bytesHeap=0 bytesDirect=126619435024 liveHeap=0 liveDirect=0
ARENALOOP thread=io.github.neoionet.netty.microbenchmark.ByteBufAllocatorAllocPatternBenchmark.directAllocation-1-5 arenaHeap=0 arenaDirect=11553689 delegateHeap=0 delegateDirect=32336877 arenaShare=26.32% blocksHeap=1 blocksDirect=8 pinned=8 reusable=0 maxPinnedHeap=0 maxPinnedDirect=8 blockReuses=39155 blockGrowths=7 hooks=685662 hookRejections=0 violations=0 earlyReuses=0 reallocInPlace=52 reallocMoved=0 reallocDelegated=0 trims=0 trimmedBlocks=0 leakedBlocks=0 objects=2727 bytesHeap=0 bytesDirect=143930852824 liveHeap=0 liveDirect=0
ARENALOOP thread=io.github.neoionet.netty.microbenchmark.ByteBufAllocatorAllocPatternBenchmark.directAllocation-1-25 arenaHeap=0 arenaDirect=11492188 delegateHeap=0 delegateDirect=32163402 arenaShare=26.32% blocksHeap=1 blocksDirect=8 pinned=8 reusable=0 maxPinnedHeap=0 maxPinnedDirect=8 blockReuses=38947 blockGrowths=7 hooks=681990 hookRejections=0 violations=0 earlyReuses=0 reallocInPlace=52 reallocMoved=0 reallocDelegated=0 trims=0 trimmedBlocks=0 leakedBlocks=0 objects=2727 bytesHeap=0 bytesDirect=143160739552 liveHeap=0 liveDirect=0
ARENALOOP thread=io.github.neoionet.netty.microbenchmark.ByteBufAllocatorAllocPatternBenchmark.directAllocation-1-14 arenaHeap=0 arenaDirect=9455557 delegateHeap=0 delegateDirect=26469544 arenaShare=26.32% blocksHeap=1 blocksDirect=8 pinned=7 reusable=0 maxPinnedHeap=0 maxPinnedDirect=8 blockReuses=32049 blockGrowths=7 hooks=561201 hookRejections=0 violations=0 earlyReuses=0 reallocInPlace=43 reallocMoved=0 reallocDelegated=0 trims=0 trimmedBlocks=0 leakedBlocks=0 objects=2727 bytesHeap=0 bytesDirect=117806918952 liveHeap=0 liveDirect=0
ARENALOOP thread=io.github.neoionet.netty.microbenchmark.ByteBufAllocatorAllocPatternBenchmark.directAllocation-1-29 arenaHeap=0 arenaDirect=9807756 delegateHeap=0 delegateDirect=27456682 arenaShare=26.32% blocksHeap=1 blocksDirect=8 pinned=8 reusable=0 maxPinnedHeap=0 maxPinnedDirect=8 blockReuses=33245 blockGrowths=7 hooks=582128 hookRejections=0 violations=0 earlyReuses=0 reallocInPlace=43 reallocMoved=0 reallocDelegated=0 trims=0 trimmedBlocks=0 leakedBlocks=0 objects=2727 bytesHeap=0 bytesDirect=122199308296 liveHeap=0 liveDirect=0
ARENALOOP thread=io.github.neoionet.netty.microbenchmark.ByteBufAllocatorAllocPatternBenchmark.directAllocation-1-28 arenaHeap=0 arenaDirect=10964223 delegateHeap=0 delegateDirect=30693286 arenaShare=26.32% blocksHeap=1 blocksDirect=8 pinned=8 reusable=0 maxPinnedHeap=0 maxPinnedDirect=8 blockReuses=37164 blockGrowths=7 hooks=650770 hookRejections=0 violations=0 earlyReuses=0 reallocInPlace=48 reallocMoved=0 reallocDelegated=0 trims=0 trimmedBlocks=0 leakedBlocks=0 objects=2727 bytesHeap=0 bytesDirect=136609206632 liveHeap=0 liveDirect=0
ARENALOOP thread=io.github.neoionet.netty.microbenchmark.ByteBufAllocatorAllocPatternBenchmark.directAllocation-1-19 arenaHeap=0 arenaDirect=10586780 delegateHeap=0 delegateDirect=29631574 arenaShare=26.32% blocksHeap=1 blocksDirect=8 pinned=8 reusable=0 maxPinnedHeap=0 maxPinnedDirect=8 blockReuses=35881 blockGrowths=7 hooks=628283 hookRejections=0 violations=0 earlyReuses=0 reallocInPlace=48 reallocMoved=0 reallocDelegated=0 trims=0 trimmedBlocks=0 leakedBlocks=0 objects=2727 bytesHeap=0 bytesDirect=131884269088 liveHeap=0 liveDirect=0
ARENALOOP thread=io.github.neoionet.netty.microbenchmark.ByteBufAllocatorAllocPatternBenchmark.directAllocation-1-7 arenaHeap=0 arenaDirect=9864345 delegateHeap=0 delegateDirect=27616559 arenaShare=26.32% blocksHeap=1 blocksDirect=8 pinned=8 reusable=0 maxPinnedHeap=0 maxPinnedDirect=8 blockReuses=33436 blockGrowths=7 hooks=585511 hookRejections=0 violations=0 earlyReuses=0 reallocInPlace=43 reallocMoved=0 reallocDelegated=0 trims=0 trimmedBlocks=0 leakedBlocks=0 objects=2727 bytesHeap=0 bytesDirect=122911584008 liveHeap=0 liveDirect=0
ARENALOOP thread=io.github.neoionet.netty.microbenchmark.ByteBufAllocatorAllocPatternBenchmark.directAllocation-1-10 arenaHeap=0 arenaDirect=12215480 delegateHeap=0 delegateDirect=34195643 arenaShare=26.32% blocksHeap=1 blocksDirect=8 pinned=7 reusable=0 maxPinnedHeap=0 maxPinnedDirect=8 blockReuses=41407 blockGrowths=7 hooks=725045 hookRejections=0 violations=0 earlyReuses=0 reallocInPlace=55 reallocMoved=0 reallocDelegated=0 trims=0 trimmedBlocks=0 leakedBlocks=0 objects=2727 bytesHeap=0 bytesDirect=152203344536 liveHeap=0 liveDirect=0
ARENALOOP thread=io.github.neoionet.netty.microbenchmark.ByteBufAllocatorAllocPatternBenchmark.directAllocation-1-22 arenaHeap=0 arenaDirect=11290815 delegateHeap=0 delegateDirect=31610004 arenaShare=26.32% blocksHeap=1 blocksDirect=8 pinned=8 reusable=0 maxPinnedHeap=0 maxPinnedDirect=8 blockReuses=38273 blockGrowths=7 hooks=670197 hookRejections=0 violations=0 earlyReuses=0 reallocInPlace=52 reallocMoved=0 reallocDelegated=0 trims=0 trimmedBlocks=0 leakedBlocks=0 objects=2727 bytesHeap=0 bytesDirect=140690879256 liveHeap=0 liveDirect=0
ARENALOOP thread=io.github.neoionet.netty.microbenchmark.ByteBufAllocatorAllocPatternBenchmark.directAllocation-1-24 arenaHeap=0 arenaDirect=11847283 delegateHeap=0 delegateDirect=33157088 arenaShare=26.32% blocksHeap=1 blocksDirect=8 pinned=8 reusable=0 maxPinnedHeap=0 maxPinnedDirect=8 blockReuses=40153 blockGrowths=7 hooks=703065 hookRejections=0 violations=0 earlyReuses=0 reallocInPlace=53 reallocMoved=0 reallocDelegated=0 trims=0 trimmedBlocks=0 leakedBlocks=0 objects=2727 bytesHeap=0 bytesDirect=147578764400 liveHeap=0 liveDirect=0
ARENALOOP thread=io.github.neoionet.netty.microbenchmark.ByteBufAllocatorAllocPatternBenchmark.directAllocation-1-4 arenaHeap=0 arenaDirect=11680674 delegateHeap=0 delegateDirect=32691460 arenaShare=26.32% blocksHeap=1 blocksDirect=8 pinned=8 reusable=0 maxPinnedHeap=0 maxPinnedDirect=8 blockReuses=39587 blockGrowths=7 hooks=693186 hookRejections=0 violations=0 earlyReuses=0 reallocInPlace=53 reallocMoved=0 reallocDelegated=0 trims=0 trimmedBlocks=0 leakedBlocks=0 objects=2727 bytesHeap=0 bytesDirect=145507057896 liveHeap=0 liveDirect=0
ARENALOOP thread=io.github.neoionet.netty.microbenchmark.ByteBufAllocatorAllocPatternBenchmark.directAllocation-1-9 arenaHeap=0 arenaDirect=10446694 delegateHeap=0 delegateDirect=29240675 arenaShare=26.32% blocksHeap=1 blocksDirect=8 pinned=8 reusable=0 maxPinnedHeap=0 maxPinnedDirect=8 blockReuses=35404 blockGrowths=7 hooks=619987 hookRejections=0 violations=0 earlyReuses=0 reallocInPlace=47 reallocMoved=0 reallocDelegated=0 trims=0 trimmedBlocks=0 leakedBlocks=0 objects=2727 bytesHeap=0 bytesDirect=130146835728 liveHeap=0 liveDirect=0
ARENALOOP thread=io.github.neoionet.netty.microbenchmark.ByteBufAllocatorAllocPatternBenchmark.directAllocation-1-31 arenaHeap=0 arenaDirect=9598897 delegateHeap=0 delegateDirect=26870168 arenaShare=26.32% blocksHeap=1 blocksDirect=8 pinned=8 reusable=0 maxPinnedHeap=0 maxPinnedDirect=8 blockReuses=32535 blockGrowths=7 hooks=569701 hookRejections=0 violations=0 earlyReuses=0 reallocInPlace=43 reallocMoved=0 reallocDelegated=0 trims=0 trimmedBlocks=0 leakedBlocks=0 objects=2727 bytesHeap=0 bytesDirect=119588450440 liveHeap=0 liveDirect=0
ARENALOOP thread=io.github.neoionet.netty.microbenchmark.ByteBufAllocatorAllocPatternBenchmark.directAllocation-1-6 arenaHeap=0 arenaDirect=11390381 delegateHeap=0 delegateDirect=31880003 arenaShare=26.32% blocksHeap=1 blocksDirect=8 pinned=8 reusable=0 maxPinnedHeap=0 maxPinnedDirect=8 blockReuses=38604 blockGrowths=7 hooks=675971 hookRejections=0 violations=0 earlyReuses=0 reallocInPlace=52 reallocMoved=0 reallocDelegated=0 trims=0 trimmedBlocks=0 leakedBlocks=0 objects=2727 bytesHeap=0 bytesDirect=141894996704 liveHeap=0 liveDirect=0
ARENALOOP thread=io.github.neoionet.netty.microbenchmark.ByteBufAllocatorAllocPatternBenchmark.directAllocation-1-30 arenaHeap=0 arenaDirect=10063189 delegateHeap=0 delegateDirect=28177628 arenaShare=26.32% blocksHeap=1 blocksDirect=8 pinned=8 reusable=0 maxPinnedHeap=0 maxPinnedDirect=8 blockReuses=34115 blockGrowths=7 hooks=597384 hookRejections=0 violations=0 earlyReuses=0 reallocInPlace=46 reallocMoved=0 reallocDelegated=0 trims=0 trimmedBlocks=0 leakedBlocks=0 objects=2727 bytesHeap=0 bytesDirect=125410094616 liveHeap=0 liveDirect=0
ARENALOOP thread=io.github.neoionet.netty.microbenchmark.ByteBufAllocatorAllocPatternBenchmark.directAllocation-1-13 arenaHeap=0 arenaDirect=9279000 delegateHeap=0 delegateDirect=25975167 arenaShare=26.32% blocksHeap=1 blocksDirect=8 pinned=8 reusable=0 maxPinnedHeap=0 maxPinnedDirect=8 blockReuses=31448 blockGrowths=7 hooks=550718 hookRejections=0 violations=0 earlyReuses=0 reallocInPlace=42 reallocMoved=0 reallocDelegated=0 trims=0 trimmedBlocks=0 leakedBlocks=0 objects=2727 bytesHeap=0 bytesDirect=115610015056 liveHeap=0 liveDirect=0
ARENALOOP thread=io.github.neoionet.netty.microbenchmark.ByteBufAllocatorAllocPatternBenchmark.directAllocation-1-12 arenaHeap=0 arenaDirect=12592361 delegateHeap=0 delegateDirect=35240760 arenaShare=26.33% blocksHeap=1 blocksDirect=8 pinned=8 reusable=0 maxPinnedHeap=0 maxPinnedDirect=8 blockReuses=42675 blockGrowths=7 hooks=747264 hookRejections=0 violations=0 earlyReuses=0 reallocInPlace=57 reallocMoved=0 reallocDelegated=0 trims=0 trimmedBlocks=0 leakedBlocks=0 objects=2727 bytesHeap=0 bytesDirect=156860666064 liveHeap=0 liveDirect=0
ARENALOOP thread=io.github.neoionet.netty.microbenchmark.ByteBufAllocatorAllocPatternBenchmark.directAllocation-1-23 arenaHeap=0 arenaDirect=11001358 delegateHeap=0 delegateDirect=30793790 arenaShare=26.32% blocksHeap=1 blocksDirect=8 pinned=8 reusable=0 maxPinnedHeap=0 maxPinnedDirect=8 blockReuses=37287 blockGrowths=7 hooks=652921 hookRejections=0 violations=0 earlyReuses=0 reallocInPlace=48 reallocMoved=0 reallocDelegated=0 trims=0 trimmedBlocks=0 leakedBlocks=0 objects=2727 bytesHeap=0 bytesDirect=137056136320 liveHeap=0 liveDirect=0
ARENALOOP thread=io.github.neoionet.netty.microbenchmark.ByteBufAllocatorAllocPatternBenchmark.directAllocation-1-15 arenaHeap=0 arenaDirect=10497804 delegateHeap=0 delegateDirect=29381488 arenaShare=26.32% blocksHeap=1 blocksDirect=8 pinned=8 reusable=0 maxPinnedHeap=0 maxPinnedDirect=8 blockReuses=35577 blockGrowths=7 hooks=622985 hookRejections=0 violations=0 earlyReuses=0 reallocInPlace=48 reallocMoved=0 reallocDelegated=0 trims=0 trimmedBlocks=0 leakedBlocks=0 objects=2727 bytesHeap=0 bytesDirect=130773275720 liveHeap=0 liveDirect=0
ARENALOOP thread=io.github.neoionet.netty.microbenchmark.ByteBufAllocatorAllocPatternBenchmark.directAllocation-1-11 arenaHeap=0 arenaDirect=10714044 delegateHeap=0 delegateDirect=29988728 arenaShare=26.32% blocksHeap=1 blocksDirect=8 pinned=8 reusable=0 maxPinnedHeap=0 maxPinnedDirect=8 blockReuses=36314 blockGrowths=7 hooks=635852 hookRejections=0 violations=0 earlyReuses=0 reallocInPlace=48 reallocMoved=0 reallocDelegated=0 trims=0 trimmedBlocks=0 leakedBlocks=0 objects=2727 bytesHeap=0 bytesDirect=133471500208 liveHeap=0 liveDirect=0
ARENALOOP thread=io.github.neoionet.netty.microbenchmark.ByteBufAllocatorAllocPatternBenchmark.directAllocation-1-21 arenaHeap=0 arenaDirect=9395440 delegateHeap=0 delegateDirect=26298993 arenaShare=26.32% blocksHeap=1 blocksDirect=8 pinned=8 reusable=0 maxPinnedHeap=0 maxPinnedDirect=8 blockReuses=31842 blockGrowths=7 hooks=557597 hookRejections=0 violations=0 earlyReuses=0 reallocInPlace=43 reallocMoved=0 reallocDelegated=0 trims=0 trimmedBlocks=0 leakedBlocks=0 objects=2727 bytesHeap=0 bytesDirect=117050492320 liveHeap=0 liveDirect=0
ARENALOOP thread=io.github.neoionet.netty.microbenchmark.ByteBufAllocatorAllocPatternBenchmark.directAllocation-1-18 arenaHeap=0 arenaDirect=11662527 delegateHeap=0 delegateDirect=32641755 arenaShare=26.32% blocksHeap=1 blocksDirect=8 pinned=8 reusable=0 maxPinnedHeap=0 maxPinnedDirect=8 blockReuses=39526 blockGrowths=7 hooks=692126 hookRejections=0 violations=0 earlyReuses=0 reallocInPlace=53 reallocMoved=0 reallocDelegated=0 trims=0 trimmedBlocks=0 leakedBlocks=0 objects=2727 bytesHeap=0 bytesDirect=145285408408 liveHeap=0 liveDirect=0
ARENALOOP thread=io.github.neoionet.netty.microbenchmark.ByteBufAllocatorAllocPatternBenchmark.directAllocation-1-8 arenaHeap=0 arenaDirect=10186134 delegateHeap=0 delegateDirect=28520181 arenaShare=26.32% blocksHeap=1 blocksDirect=8 pinned=8 reusable=0 maxPinnedHeap=0 maxPinnedDirect=8 blockReuses=34530 blockGrowths=7 hooks=604658 hookRejections=0 violations=0 earlyReuses=0 reallocInPlace=47 reallocMoved=0 reallocDelegated=0 trims=0 trimmedBlocks=0 leakedBlocks=0 objects=2727 bytesHeap=0 bytesDirect=126935138480 liveHeap=0 liveDirect=0
ARENALOOP thread=io.github.neoionet.netty.microbenchmark.ByteBufAllocatorAllocPatternBenchmark.directAllocation-1-20 arenaHeap=0 arenaDirect=11151511 delegateHeap=0 delegateDirect=31221089 arenaShare=26.32% blocksHeap=1 blocksDirect=8 pinned=8 reusable=0 maxPinnedHeap=0 maxPinnedDirect=8 blockReuses=37802 blockGrowths=7 hooks=661943 hookRejections=0 violations=0 earlyReuses=0 reallocInPlace=51 reallocMoved=0 reallocDelegated=0 trims=0 trimmedBlocks=0 leakedBlocks=0 objects=2727 bytesHeap=0 bytesDirect=138959415160 liveHeap=0 liveDirect=0
ARENALOOP thread=io.github.neoionet.netty.microbenchmark.ByteBufAllocatorAllocPatternBenchmark.directAllocation-1-17 arenaHeap=0 arenaDirect=9032030 delegateHeap=0 delegateDirect=25294366 arenaShare=26.31% blocksHeap=1 blocksDirect=8 pinned=8 reusable=0 maxPinnedHeap=0 maxPinnedDirect=8 blockReuses=30622 blockGrowths=7 hooks=536221 hookRejections=0 violations=0 earlyReuses=0 reallocInPlace=41 reallocMoved=0 reallocDelegated=0 trims=0 trimmedBlocks=0 leakedBlocks=0 objects=2727 bytesHeap=0 bytesDirect=112573963808 liveHeap=0 liveDirect=0
ARENALOOP thread=io.github.neoionet.netty.microbenchmark.ByteBufAllocatorAllocPatternBenchmark.directAllocation-1-32 arenaHeap=0 arenaDirect=12230313 delegateHeap=0 delegateDirect=34237031 arenaShare=26.32% blocksHeap=1 blocksDirect=8 pinned=8 reusable=0 maxPinnedHeap=0 maxPinnedDirect=8 blockReuses=41456 blockGrowths=7 hooks=725924 hookRejections=0 violations=0 earlyReuses=0 reallocInPlace=55 reallocMoved=0 reallocDelegated=0 trims=0 trimmedBlocks=0 leakedBlocks=0 objects=2727 bytesHeap=0 bytesDirect=152386989904 liveHeap=0 liveDirect=0
674.908 ±(99.9%) 240.002 ns/op


Result "io.github.neoionet.netty.microbenchmark.ByteBufAllocatorAllocPatternBenchmark.directAllocation":
  609.925 ±(99.9%) 37.009 ns/op [Average]
  (min, avg, max) = (525.305, 609.925, 720.097), stdev = 55.393
  CI (99.9%): [572.916, 646.933] (assumes normal distribution)


# JMH version: 1.37
# VM version: JDK 21, Java HotSpot(TM) 64-Bit Server VM, 21+35-LTS-2513
# VM invoker: /home/forked_franz/.sdkman/candidates/java/21-oracle/bin/java
# VM options: -server -dsa -da -XX:InitialRAMPercentage=40.0 -XX:MaxRAMPercentage=40.0 -Dio.netty.leakDetection.level=disabled -Djmh.executor=CUSTOM -Djmh.executor.class=io.github.neoionet.netty.microbenchmark.executor.FastThreadLocalThreadHarnessExecutor -XX:MaxRAM=60g -Dexpt.hookEvery=64
# Blackhole mode: compiler (auto-detected, use -Djmh.blackhole.autoDetect=false to disable)
# Warmup: 10 iterations, 1 s each
# Measurement: 10 iterations, 1 s each
# Timeout: 10 min per iteration
# Threads: 32 threads, will synchronize iterations
# Benchmark mode: Average time, time/op
# Benchmark: io.github.neoionet.netty.microbenchmark.ByteBufAllocatorAllocPatternBenchmark.directAllocation
# Parameters: (MAX_LIVE_BUFFERS = 16384, allocatorType = ARENA, enableReadWrite = true, sizePattern = E_COMMERCE)

# Run progress: 28.57% complete, ETA 00:12:30
# Fork: 1 of 3
# Warmup Iteration   1: 886.997 ±(99.9%) 127.402 ns/op
# Warmup Iteration   2: 851.794 ±(99.9%) 126.369 ns/op
# Warmup Iteration   3: 633.915 ±(99.9%) 78.128 ns/op
# Warmup Iteration   4: 704.412 ±(99.9%) 196.838 ns/op
# Warmup Iteration   5: 700.177 ±(99.9%) 136.127 ns/op
# Warmup Iteration   6: 691.146 ±(99.9%) 129.960 ns/op
# Warmup Iteration   7: 843.451 ±(99.9%) 184.119 ns/op
# Warmup Iteration   8: 751.547 ±(99.9%) 113.063 ns/op
# Warmup Iteration   9: 741.733 ±(99.9%) 105.589 ns/op
# Warmup Iteration  10: 713.386 ±(99.9%) 130.467 ns/op
Iteration   1: 805.987 ±(99.9%) 215.876 ns/op
Iteration   2: 808.548 ±(99.9%) 237.110 ns/op
Iteration   3: 717.437 ±(99.9%) 132.089 ns/op
Iteration   4: 776.300 ±(99.9%) 145.353 ns/op
Iteration   5: 779.235 ±(99.9%) 153.261 ns/op
Iteration   6: 858.414 ±(99.9%) 230.718 ns/op
Iteration   7: 837.922 ±(99.9%) 232.262 ns/op
Iteration   8: 793.285 ±(99.9%) 203.794 ns/op
Iteration   9: 753.586 ±(99.9%) 145.186 ns/op
Iteration  10: cRSS-pRSS:[4833, 4833]
;used-memory:[0]
ARENATELE blockSize=262144 maxBlocks=8 cap=8192 maxObjects=16384 debug=false arenaHeap=0 arenaDirect=134441523 delegateHeap=0 delegateDirect=851047968 arenaShare=13.64% blocksHeap=32 blocksDirect=256 pinned=256 reusable=0 maxPinnedHeap=0 maxPinnedDirect=256 blockReuses=456493 blockGrowths=224 hooks=15390068 hookRejections=0 violations=0 earlyReuses=0 reallocInPlace=680 reallocMoved=0 reallocDelegated=0 trims=0 trimmedBlocks=0 leakedBlocks=0 objects=89216 bytesHeap=0 bytesDirect=3621150557944 liveHeap=0 liveDirect=4140
ARENALOOP thread=io.github.neoionet.netty.microbenchmark.ByteBufAllocatorAllocPatternBenchmark.directAllocation-1-27 arenaHeap=0 arenaDirect=3859194 delegateHeap=0 delegateDirect=24422766 arenaShare=13.65% blocksHeap=1 blocksDirect=8 pinned=8 reusable=0 maxPinnedHeap=0 maxPinnedDirect=8 blockReuses=13100 blockGrowths=7 hooks=441649 hookRejections=0 violations=0 earlyReuses=0 reallocInPlace=20 reallocMoved=0 reallocDelegated=0 trims=0 trimmedBlocks=0 leakedBlocks=0 objects=2788 bytesHeap=0 bytesDirect=103913690920 liveHeap=0 liveDirect=907
ARENALOOP thread=io.github.neoionet.netty.microbenchmark.ByteBufAllocatorAllocPatternBenchmark.directAllocation-1-26 arenaHeap=0 arenaDirect=4307055 delegateHeap=0 delegateDirect=27266628 arenaShare=13.64% blocksHeap=1 blocksDirect=8 pinned=8 reusable=0 maxPinnedHeap=0 maxPinnedDirect=8 blockReuses=14627 blockGrowths=7 hooks=493082 hookRejections=0 violations=0 earlyReuses=0 reallocInPlace=21 reallocMoved=0 reallocDelegated=0 trims=0 trimmedBlocks=0 leakedBlocks=0 objects=2788 bytesHeap=0 bytesDirect=116018452312 liveHeap=0 liveDirect=0
ARENALOOP thread=io.github.neoionet.netty.microbenchmark.ByteBufAllocatorAllocPatternBenchmark.directAllocation-1-31 arenaHeap=0 arenaDirect=3900280 delegateHeap=0 delegateDirect=24683882 arenaShare=13.64% blocksHeap=1 blocksDirect=8 pinned=8 reusable=0 maxPinnedHeap=0 maxPinnedDirect=8 blockReuses=13240 blockGrowths=7 hooks=446371 hookRejections=0 violations=0 earlyReuses=0 reallocInPlace=20 reallocMoved=0 reallocDelegated=0 trims=0 trimmedBlocks=0 leakedBlocks=0 objects=2788 bytesHeap=0 bytesDirect=105024008888 liveHeap=0 liveDirect=0
ARENALOOP thread=io.github.neoionet.netty.microbenchmark.ByteBufAllocatorAllocPatternBenchmark.directAllocation-1-32 arenaHeap=0 arenaDirect=4914056 delegateHeap=0 delegateDirect=31111433 arenaShare=13.64% blocksHeap=1 blocksDirect=8 pinned=8 reusable=0 maxPinnedHeap=0 maxPinnedDirect=8 blockReuses=16688 blockGrowths=7 hooks=562642 hookRejections=0 violations=0 earlyReuses=0 reallocInPlace=26 reallocMoved=0 reallocDelegated=0 trims=0 trimmedBlocks=0 leakedBlocks=0 objects=2788 bytesHeap=0 bytesDirect=132391719952 liveHeap=0 liveDirect=0
ARENALOOP thread=io.github.neoionet.netty.microbenchmark.ByteBufAllocatorAllocPatternBenchmark.directAllocation-1-16 arenaHeap=0 arenaDirect=4414969 delegateHeap=0 delegateDirect=27950706 arenaShare=13.64% blocksHeap=1 blocksDirect=8 pinned=8 reusable=0 maxPinnedHeap=0 maxPinnedDirect=8 blockReuses=14993 blockGrowths=7 hooks=505457 hookRejections=0 violations=0 earlyReuses=0 reallocInPlace=22 reallocMoved=0 reallocDelegated=0 trims=0 trimmedBlocks=0 leakedBlocks=0 objects=2788 bytesHeap=0 bytesDirect=118929837656 liveHeap=0 liveDirect=0
ARENALOOP thread=io.github.neoionet.netty.microbenchmark.ByteBufAllocatorAllocPatternBenchmark.directAllocation-1-18 arenaHeap=0 arenaDirect=4330916 delegateHeap=0 delegateDirect=27415794 arenaShare=13.64% blocksHeap=1 blocksDirect=8 pinned=8 reusable=0 maxPinnedHeap=0 maxPinnedDirect=8 blockReuses=14707 blockGrowths=7 hooks=495786 hookRejections=0 violations=0 earlyReuses=0 reallocInPlace=21 reallocMoved=0 reallocDelegated=0 trims=0 trimmedBlocks=0 leakedBlocks=0 objects=2788 bytesHeap=0 bytesDirect=116654157608 liveHeap=0 liveDirect=0
ARENALOOP thread=io.github.neoionet.netty.microbenchmark.ByteBufAllocatorAllocPatternBenchmark.directAllocation-1-10 arenaHeap=0 arenaDirect=4143465 delegateHeap=0 delegateDirect=26234045 arenaShare=13.64% blocksHeap=1 blocksDirect=8 pinned=8 reusable=0 maxPinnedHeap=0 maxPinnedDirect=8 blockReuses=14071 blockGrowths=7 hooks=474392 hookRejections=0 violations=0 earlyReuses=0 reallocInPlace=21 reallocMoved=0 reallocDelegated=0 trims=0 trimmedBlocks=0 leakedBlocks=0 objects=2788 bytesHeap=0 bytesDirect=111622072104 liveHeap=0 liveDirect=35
ARENALOOP thread=io.github.neoionet.netty.microbenchmark.ByteBufAllocatorAllocPatternBenchmark.directAllocation-1-20 arenaHeap=0 arenaDirect=3747376 delegateHeap=0 delegateDirect=23722391 arenaShare=13.64% blocksHeap=1 blocksDirect=8 pinned=8 reusable=0 maxPinnedHeap=0 maxPinnedDirect=8 blockReuses=12723 blockGrowths=7 hooks=428959 hookRejections=0 violations=0 earlyReuses=0 reallocInPlace=19 reallocMoved=0 reallocDelegated=0 trims=0 trimmedBlocks=0 leakedBlocks=0 objects=2788 bytesHeap=0 bytesDirect=100931921616 liveHeap=0 liveDirect=545
ARENALOOP thread=io.github.neoionet.netty.microbenchmark.ByteBufAllocatorAllocPatternBenchmark.directAllocation-1-11 arenaHeap=0 arenaDirect=3513809 delegateHeap=0 delegateDirect=22238086 arenaShare=13.64% blocksHeap=1 blocksDirect=8 pinned=8 reusable=0 maxPinnedHeap=0 maxPinnedDirect=8 blockReuses=11927 blockGrowths=7 hooks=402117 hookRejections=0 violations=0 earlyReuses=0 reallocInPlace=19 reallocMoved=0 reallocDelegated=0 trims=0 trimmedBlocks=0 leakedBlocks=0 objects=2788 bytesHeap=0 bytesDirect=94610551256 liveHeap=0 liveDirect=0
ARENALOOP thread=io.github.neoionet.netty.microbenchmark.ByteBufAllocatorAllocPatternBenchmark.directAllocation-1-23 arenaHeap=0 arenaDirect=3758967 delegateHeap=0 delegateDirect=23795020 arenaShare=13.64% blocksHeap=1 blocksDirect=8 pinned=8 reusable=0 maxPinnedHeap=0 maxPinnedDirect=8 blockReuses=12762 blockGrowths=7 hooks=430275 hookRejections=0 violations=0 earlyReuses=0 reallocInPlace=19 reallocMoved=0 reallocDelegated=0 trims=0 trimmedBlocks=0 leakedBlocks=0 objects=2788 bytesHeap=0 bytesDirect=101241249680 liveHeap=0 liveDirect=60
ARENALOOP thread=io.github.neoionet.netty.microbenchmark.ByteBufAllocatorAllocPatternBenchmark.directAllocation-1-25 arenaHeap=0 arenaDirect=4555124 delegateHeap=0 delegateDirect=28838406 arenaShare=13.64% blocksHeap=1 blocksDirect=8 pinned=8 reusable=0 maxPinnedHeap=0 maxPinnedDirect=8 blockReuses=15468 blockGrowths=7 hooks=521517 hookRejections=0 violations=0 earlyReuses=0 reallocInPlace=22 reallocMoved=0 reallocDelegated=0 trims=0 trimmedBlocks=0 leakedBlocks=0 objects=2788 bytesHeap=0 bytesDirect=122706022592 liveHeap=0 liveDirect=316
ARENALOOP thread=io.github.neoionet.netty.microbenchmark.ByteBufAllocatorAllocPatternBenchmark.directAllocation-1-21 arenaHeap=0 arenaDirect=3628470 delegateHeap=0 delegateDirect=22962078 arenaShare=13.65% blocksHeap=1 blocksDirect=8 pinned=8 reusable=0 maxPinnedHeap=0 maxPinnedDirect=8 blockReuses=12316 blockGrowths=7 hooks=415221 hookRejections=0 violations=0 earlyReuses=0 reallocInPlace=19 reallocMoved=0 reallocDelegated=0 trims=0 trimmedBlocks=0 leakedBlocks=0 objects=2788 bytesHeap=0 bytesDirect=97694271712 liveHeap=0 liveDirect=0
ARENALOOP thread=io.github.neoionet.netty.microbenchmark.ByteBufAllocatorAllocPatternBenchmark.directAllocation-1-29 arenaHeap=0 arenaDirect=4240751 delegateHeap=0 delegateDirect=26847897 arenaShare=13.64% blocksHeap=1 blocksDirect=8 pinned=8 reusable=0 maxPinnedHeap=0 maxPinnedDirect=8 blockReuses=14400 blockGrowths=7 hooks=485504 hookRejections=0 violations=0 earlyReuses=0 reallocInPlace=21 reallocMoved=0 reallocDelegated=0 trims=0 trimmedBlocks=0 leakedBlocks=0 objects=2788 bytesHeap=0 bytesDirect=114236229432 liveHeap=0 liveDirect=0
ARENALOOP thread=io.github.neoionet.netty.microbenchmark.ByteBufAllocatorAllocPatternBenchmark.directAllocation-1-28 arenaHeap=0 arenaDirect=4614951 delegateHeap=0 delegateDirect=29211882 arenaShare=13.64% blocksHeap=1 blocksDirect=8 pinned=8 reusable=0 maxPinnedHeap=0 maxPinnedDirect=8 blockReuses=15671 blockGrowths=7 hooks=528288 hookRejections=0 violations=0 earlyReuses=0 reallocInPlace=23 reallocMoved=0 reallocDelegated=0 trims=0 trimmedBlocks=0 leakedBlocks=0 objects=2788 bytesHeap=0 bytesDirect=124297280920 liveHeap=0 liveDirect=0
ARENALOOP thread=io.github.neoionet.netty.microbenchmark.ByteBufAllocatorAllocPatternBenchmark.directAllocation-1-1 arenaHeap=0 arenaDirect=3924621 delegateHeap=0 delegateDirect=24842169 arenaShare=13.64% blocksHeap=1 blocksDirect=8 pinned=8 reusable=0 maxPinnedHeap=0 maxPinnedDirect=8 blockReuses=13324 blockGrowths=7 hooks=449225 hookRejections=0 violations=0 earlyReuses=0 reallocInPlace=20 reallocMoved=0 reallocDelegated=0 trims=0 trimmedBlocks=0 leakedBlocks=0 objects=2788 bytesHeap=0 bytesDirect=105698120360 liveHeap=0 liveDirect=0
ARENALOOP thread=io.github.neoionet.netty.microbenchmark.ByteBufAllocatorAllocPatternBenchmark.directAllocation-1-15 arenaHeap=0 arenaDirect=4155009 delegateHeap=0 delegateDirect=26304036 arenaShare=13.64% blocksHeap=1 blocksDirect=8 pinned=8 reusable=0 maxPinnedHeap=0 maxPinnedDirect=8 blockReuses=14110 blockGrowths=7 hooks=475666 hookRejections=0 violations=0 earlyReuses=0 reallocInPlace=21 reallocMoved=0 reallocDelegated=0 trims=0 trimmedBlocks=0 leakedBlocks=0 objects=2788 bytesHeap=0 bytesDirect=111920367936 liveHeap=0 liveDirect=0
ARENALOOP thread=io.github.neoionet.netty.microbenchmark.ByteBufAllocatorAllocPatternBenchmark.directAllocation-1-5 arenaHeap=0 arenaDirect=4867826 delegateHeap=0 delegateDirect=30813722 arenaShare=13.64% blocksHeap=1 blocksDirect=8 pinned=8 reusable=0 maxPinnedHeap=0 maxPinnedDirect=8 blockReuses=16529 blockGrowths=7 hooks=557268 hookRejections=0 violations=0 earlyReuses=0 reallocInPlace=26 reallocMoved=0 reallocDelegated=0 trims=0 trimmedBlocks=0 leakedBlocks=0 objects=2788 bytesHeap=0 bytesDirect=131122750936 liveHeap=0 liveDirect=0
ARENALOOP thread=io.github.neoionet.netty.microbenchmark.ByteBufAllocatorAllocPatternBenchmark.directAllocation-1-8 arenaHeap=0 arenaDirect=3705648 delegateHeap=0 delegateDirect=23454004 arenaShare=13.64% blocksHeap=1 blocksDirect=8 pinned=8 reusable=0 maxPinnedHeap=0 maxPinnedDirect=8 blockReuses=12579 blockGrowths=7 hooks=424113 hookRejections=0 violations=0 earlyReuses=0 reallocInPlace=19 reallocMoved=0 reallocDelegated=0 trims=0 trimmedBlocks=0 leakedBlocks=0 objects=2788 bytesHeap=0 bytesDirect=99787730464 liveHeap=0 liveDirect=273
ARENALOOP thread=io.github.neoionet.netty.microbenchmark.ByteBufAllocatorAllocPatternBenchmark.directAllocation-1-13 arenaHeap=0 arenaDirect=3546769 delegateHeap=0 delegateDirect=22452118 arenaShare=13.64% blocksHeap=1 blocksDirect=8 pinned=8 reusable=0 maxPinnedHeap=0 maxPinnedDirect=8 blockReuses=12041 blockGrowths=7 hooks=405976 hookRejections=0 violations=0 earlyReuses=0 reallocInPlace=19 reallocMoved=0 reallocDelegated=0 trims=0 trimmedBlocks=0 leakedBlocks=0 objects=2788 bytesHeap=0 bytesDirect=95522567448 liveHeap=0 liveDirect=607
ARENALOOP thread=io.github.neoionet.netty.microbenchmark.ByteBufAllocatorAllocPatternBenchmark.directAllocation-1-24 arenaHeap=0 arenaDirect=3820879 delegateHeap=0 delegateDirect=24185187 arenaShare=13.64% blocksHeap=1 blocksDirect=8 pinned=8 reusable=0 maxPinnedHeap=0 maxPinnedDirect=8 blockReuses=12972 blockGrowths=7 hooks=437338 hookRejections=0 violations=0 earlyReuses=0 reallocInPlace=20 reallocMoved=0 reallocDelegated=0 trims=0 trimmedBlocks=0 leakedBlocks=0 objects=2788 bytesHeap=0 bytesDirect=102901875960 liveHeap=0 liveDirect=0
ARENALOOP thread=io.github.neoionet.netty.microbenchmark.ByteBufAllocatorAllocPatternBenchmark.directAllocation-1-9 arenaHeap=0 arenaDirect=4780155 delegateHeap=0 delegateDirect=30257928 arenaShare=13.64% blocksHeap=1 blocksDirect=8 pinned=8 reusable=0 maxPinnedHeap=0 maxPinnedDirect=8 blockReuses=16231 blockGrowths=7 hooks=547214 hookRejections=0 violations=0 earlyReuses=0 reallocInPlace=24 reallocMoved=0 reallocDelegated=0 trims=0 trimmedBlocks=0 leakedBlocks=0 objects=2788 bytesHeap=0 bytesDirect=128754612200 liveHeap=0 liveDirect=277
ARENALOOP thread=io.github.neoionet.netty.microbenchmark.ByteBufAllocatorAllocPatternBenchmark.directAllocation-1-19 arenaHeap=0 arenaDirect=4097378 delegateHeap=0 delegateDirect=25939304 arenaShare=13.64% blocksHeap=1 blocksDirect=8 pinned=8 reusable=0 maxPinnedHeap=0 maxPinnedDirect=8 blockReuses=13914 blockGrowths=7 hooks=469067 hookRejections=0 violations=0 earlyReuses=0 reallocInPlace=21 reallocMoved=0 reallocDelegated=0 trims=0 trimmedBlocks=0 leakedBlocks=0 objects=2788 bytesHeap=0 bytesDirect=110368157000 liveHeap=0 liveDirect=0
ARENALOOP thread=io.github.neoionet.netty.microbenchmark.ByteBufAllocatorAllocPatternBenchmark.directAllocation-1-14 arenaHeap=0 arenaDirect=4020714 delegateHeap=0 delegateDirect=25450650 arenaShare=13.64% blocksHeap=1 blocksDirect=8 pinned=8 reusable=0 maxPinnedHeap=0 maxPinnedDirect=8 blockReuses=13652 blockGrowths=7 hooks=460234 hookRejections=0 violations=0 earlyReuses=0 reallocInPlace=20 reallocMoved=0 reallocDelegated=0 trims=0 trimmedBlocks=0 leakedBlocks=0 objects=2788 bytesHeap=0 bytesDirect=108287869256 liveHeap=0 liveDirect=0
ARENALOOP thread=io.github.neoionet.netty.microbenchmark.ByteBufAllocatorAllocPatternBenchmark.directAllocation-1-22 arenaHeap=0 arenaDirect=4331170 delegateHeap=0 delegateDirect=27419567 arenaShare=13.64% blocksHeap=1 blocksDirect=8 pinned=8 reusable=0 maxPinnedHeap=0 maxPinnedDirect=8 blockReuses=14708 blockGrowths=7 hooks=495849 hookRejections=0 violations=0 earlyReuses=0 reallocInPlace=21 reallocMoved=0 reallocDelegated=0 trims=0 trimmedBlocks=0 leakedBlocks=0 objects=2788 bytesHeap=0 bytesDirect=116669885256 liveHeap=0 liveDirect=0
ARENALOOP thread=io.github.neoionet.netty.microbenchmark.ByteBufAllocatorAllocPatternBenchmark.directAllocation-1-2 arenaHeap=0 arenaDirect=4203038 delegateHeap=0 delegateDirect=26609200 arenaShare=13.64% blocksHeap=1 blocksDirect=8 pinned=8 reusable=0 maxPinnedHeap=0 maxPinnedDirect=8 blockReuses=14273 blockGrowths=7 hooks=481185 hookRejections=0 violations=0 earlyReuses=0 reallocInPlace=21 reallocMoved=0 reallocDelegated=0 trims=0 trimmedBlocks=0 leakedBlocks=0 objects=2788 bytesHeap=0 bytesDirect=113219331824 liveHeap=0 liveDirect=396
ARENALOOP thread=io.github.neoionet.netty.microbenchmark.ByteBufAllocatorAllocPatternBenchmark.directAllocation-1-4 arenaHeap=0 arenaDirect=4512598 delegateHeap=0 delegateDirect=28570959 arenaShare=13.64% blocksHeap=1 blocksDirect=8 pinned=8 reusable=0 maxPinnedHeap=0 maxPinnedDirect=8 blockReuses=15325 blockGrowths=7 hooks=516674 hookRejections=0 violations=0 earlyReuses=0 reallocInPlace=22 reallocMoved=0 reallocDelegated=0 trims=0 trimmedBlocks=0 leakedBlocks=0 objects=2788 bytesHeap=0 bytesDirect=121568073952 liveHeap=0 liveDirect=0
ARENALOOP thread=io.github.neoionet.netty.microbenchmark.ByteBufAllocatorAllocPatternBenchmark.directAllocation-1-30 arenaHeap=0 arenaDirect=3988896 delegateHeap=0 delegateDirect=25250931 arenaShare=13.64% blocksHeap=1 blocksDirect=8 pinned=8 reusable=0 maxPinnedHeap=0 maxPinnedDirect=8 blockReuses=13543 blockGrowths=7 hooks=456616 hookRejections=0 violations=0 earlyReuses=0 reallocInPlace=20 reallocMoved=0 reallocDelegated=0 trims=0 trimmedBlocks=0 leakedBlocks=0 objects=2788 bytesHeap=0 bytesDirect=107437419800 liveHeap=0 liveDirect=534
ARENALOOP thread=io.github.neoionet.netty.microbenchmark.ByteBufAllocatorAllocPatternBenchmark.directAllocation-1-7 arenaHeap=0 arenaDirect=4132429 delegateHeap=0 delegateDirect=26167473 arenaShare=13.64% blocksHeap=1 blocksDirect=8 pinned=8 reusable=0 maxPinnedHeap=0 maxPinnedDirect=8 blockReuses=14035 blockGrowths=7 hooks=473179 hookRejections=0 violations=0 earlyReuses=0 reallocInPlace=21 reallocMoved=0 reallocDelegated=0 trims=0 trimmedBlocks=0 leakedBlocks=0 objects=2788 bytesHeap=0 bytesDirect=111339151704 liveHeap=0 liveDirect=0
ARENALOOP thread=io.github.neoionet.netty.microbenchmark.ByteBufAllocatorAllocPatternBenchmark.directAllocation-1-17 arenaHeap=0 arenaDirect=5565451 delegateHeap=0 delegateDirect=35220348 arenaShare=13.65% blocksHeap=1 blocksDirect=8 pinned=8 reusable=0 maxPinnedHeap=0 maxPinnedDirect=8 blockReuses=18896 blockGrowths=7 hooks=637022 hookRejections=0 violations=0 earlyReuses=0 reallocInPlace=29 reallocMoved=0 reallocDelegated=0 trims=0 trimmedBlocks=0 leakedBlocks=0 objects=2788 bytesHeap=0 bytesDirect=149886114672 liveHeap=0 liveDirect=0
ARENALOOP thread=io.github.neoionet.netty.microbenchmark.ByteBufAllocatorAllocPatternBenchmark.directAllocation-1-12 arenaHeap=0 arenaDirect=4363379 delegateHeap=0 delegateDirect=27624931 arenaShare=13.64% blocksHeap=1 blocksDirect=8 pinned=8 reusable=0 maxPinnedHeap=0 maxPinnedDirect=8 blockReuses=14819 blockGrowths=7 hooks=499561 hookRejections=0 violations=0 earlyReuses=0 reallocInPlace=21 reallocMoved=0 reallocDelegated=0 trims=0 trimmedBlocks=0 leakedBlocks=0 objects=2788 bytesHeap=0 bytesDirect=117542964424 liveHeap=0 liveDirect=28
ARENALOOP thread=io.github.neoionet.netty.microbenchmark.ByteBufAllocatorAllocPatternBenchmark.directAllocation-1-3 arenaHeap=0 arenaDirect=3744619 delegateHeap=0 delegateDirect=23704724 arenaShare=13.64% blocksHeap=1 blocksDirect=8 pinned=8 reusable=0 maxPinnedHeap=0 maxPinnedDirect=8 blockReuses=12714 blockGrowths=7 hooks=428639 hookRejections=0 violations=0 earlyReuses=0 reallocInPlace=19 reallocMoved=0 reallocDelegated=0 trims=0 trimmedBlocks=0 leakedBlocks=0 objects=2788 bytesHeap=0 bytesDirect=100856738352 liveHeap=0 liveDirect=0
ARENALOOP thread=io.github.neoionet.netty.microbenchmark.ByteBufAllocatorAllocPatternBenchmark.directAllocation-1-6 arenaHeap=0 arenaDirect=4751561 delegateHeap=0 delegateDirect=30079703 arenaShare=13.64% blocksHeap=1 blocksDirect=8 pinned=8 reusable=0 maxPinnedHeap=0 maxPinnedDirect=8 blockReuses=16135 blockGrowths=7 hooks=543982 hookRejections=0 violations=0 earlyReuses=0 reallocInPlace=23 reallocMoved=0 reallocDelegated=0 trims=0 trimmedBlocks=0 leakedBlocks=0 objects=2788 bytesHeap=0 bytesDirect=127995359752 liveHeap=0 liveDirect=156
716.844 ±(99.9%) 110.135 ns/op

# Run progress: 30.95% complete, ETA 00:12:07
# Fork: 2 of 3
# Warmup Iteration   1: 899.352 ±(99.9%) 103.701 ns/op
# Warmup Iteration   2: 894.940 ±(99.9%) 193.290 ns/op
# Warmup Iteration   3: 657.038 ±(99.9%) 150.256 ns/op
# Warmup Iteration   4: 708.822 ±(99.9%) 173.226 ns/op
# Warmup Iteration   5: 714.036 ±(99.9%) 159.379 ns/op
# Warmup Iteration   6: 756.133 ±(99.9%) 223.158 ns/op
# Warmup Iteration   7: 641.714 ±(99.9%) 80.821 ns/op
# Warmup Iteration   8: 688.388 ±(99.9%) 137.048 ns/op
# Warmup Iteration   9: 672.968 ±(99.9%) 130.727 ns/op
# Warmup Iteration  10: 645.519 ±(99.9%) 92.237 ns/op
Iteration   1: 669.226 ±(99.9%) 136.519 ns/op
Iteration   2: 677.457 ±(99.9%) 125.771 ns/op
Iteration   3: 688.842 ±(99.9%) 139.470 ns/op
Iteration   4: 662.763 ±(99.9%) 96.879 ns/op
Iteration   5: 673.250 ±(99.9%) 110.210 ns/op
Iteration   6: 746.676 ±(99.9%) 199.104 ns/op
Iteration   7: 691.983 ±(99.9%) 147.372 ns/op
Iteration   8: 693.141 ±(99.9%) 142.918 ns/op
Iteration   9: 695.360 ±(99.9%) 155.833 ns/op
Iteration  10: cRSS-pRSS:[4831, 4831]
;used-memory:[0]
ARENATELE blockSize=262144 maxBlocks=8 cap=8192 maxObjects=16384 debug=false arenaHeap=0 arenaDirect=144719584 delegateHeap=0 delegateDirect=916104335 arenaShare=13.64% blocksHeap=32 blocksDirect=256 pinned=254 reusable=0 maxPinnedHeap=0 maxPinnedDirect=256 blockReuses=491408 blockGrowths=224 hooks=16567166 hookRejections=0 violations=0 earlyReuses=0 reallocInPlace=737 reallocMoved=0 reallocDelegated=0 trims=0 trimmedBlocks=0 leakedBlocks=0 objects=89216 bytesHeap=0 bytesDirect=3898127698560 liveHeap=0 liveDirect=600
ARENALOOP thread=io.github.neoionet.netty.microbenchmark.ByteBufAllocatorAllocPatternBenchmark.directAllocation-1-12 arenaHeap=0 arenaDirect=4656558 delegateHeap=0 delegateDirect=29476652 arenaShare=13.64% blocksHeap=1 blocksDirect=8 pinned=8 reusable=0 maxPinnedHeap=0 maxPinnedDirect=8 blockReuses=15811 blockGrowths=7 hooks=533075 hookRejections=0 violations=0 earlyReuses=0 reallocInPlace=23 reallocMoved=0 reallocDelegated=0 trims=0 trimmedBlocks=0 leakedBlocks=0 objects=2788 bytesHeap=0 bytesDirect=125424381592 liveHeap=0 liveDirect=600
ARENALOOP thread=io.github.neoionet.netty.microbenchmark.ByteBufAllocatorAllocPatternBenchmark.directAllocation-1-27 arenaHeap=0 arenaDirect=4923529 delegateHeap=0 delegateDirect=31170135 arenaShare=13.64% blocksHeap=1 blocksDirect=8 pinned=8 reusable=0 maxPinnedHeap=0 maxPinnedDirect=8 blockReuses=16720 blockGrowths=7 hooks=563707 hookRejections=0 violations=0 earlyReuses=0 reallocInPlace=26 reallocMoved=0 reallocDelegated=0 trims=0 trimmedBlocks=0 leakedBlocks=0 objects=2788 bytesHeap=0 bytesDirect=132641819792 liveHeap=0 liveDirect=0
ARENALOOP thread=io.github.neoionet.netty.microbenchmark.ByteBufAllocatorAllocPatternBenchmark.directAllocation-1-9 arenaHeap=0 arenaDirect=5022390 delegateHeap=0 delegateDirect=31786768 arenaShare=13.64% blocksHeap=1 blocksDirect=8 pinned=8 reusable=0 maxPinnedHeap=0 maxPinnedDirect=8 blockReuses=17053 blockGrowths=7 hooks=574887 hookRejections=0 violations=0 earlyReuses=0 reallocInPlace=27 reallocMoved=0 reallocDelegated=0 trims=0 trimmedBlocks=0 leakedBlocks=0 objects=2788 bytesHeap=0 bytesDirect=135268739728 liveHeap=0 liveDirect=0
ARENALOOP thread=io.github.neoionet.netty.microbenchmark.ByteBufAllocatorAllocPatternBenchmark.directAllocation-1-6 arenaHeap=0 arenaDirect=4123169 delegateHeap=0 delegateDirect=26106551 arenaShare=13.64% blocksHeap=1 blocksDirect=8 pinned=8 reusable=0 maxPinnedHeap=0 maxPinnedDirect=8 blockReuses=14003 blockGrowths=7 hooks=472083 hookRejections=0 violations=0 earlyReuses=0 reallocInPlace=21 reallocMoved=0 reallocDelegated=0 trims=0 trimmedBlocks=0 leakedBlocks=0 objects=2788 bytesHeap=0 bytesDirect=111081357792 liveHeap=0 liveDirect=0
ARENALOOP thread=io.github.neoionet.netty.microbenchmark.ByteBufAllocatorAllocPatternBenchmark.directAllocation-1-11 arenaHeap=0 arenaDirect=4300540 delegateHeap=0 delegateDirect=27229962 arenaShare=13.64% blocksHeap=1 blocksDirect=8 pinned=8 reusable=0 maxPinnedHeap=0 maxPinnedDirect=8 blockReuses=14605 blockGrowths=7 hooks=492408 hookRejections=0 violations=0 earlyReuses=0 reallocInPlace=21 reallocMoved=0 reallocDelegated=0 trims=0 trimmedBlocks=0 leakedBlocks=0 objects=2788 bytesHeap=0 bytesDirect=115861814784 liveHeap=0 liveDirect=0
ARENALOOP thread=io.github.neoionet.netty.microbenchmark.ByteBufAllocatorAllocPatternBenchmark.directAllocation-1-22 arenaHeap=0 arenaDirect=3954973 delegateHeap=0 delegateDirect=25035266 arenaShare=13.64% blocksHeap=1 blocksDirect=8 pinned=8 reusable=0 maxPinnedHeap=0 maxPinnedDirect=8 blockReuses=13429 blockGrowths=7 hooks=452716 hookRejections=0 violations=0 earlyReuses=0 reallocInPlace=20 reallocMoved=0 reallocDelegated=0 trims=0 trimmedBlocks=0 leakedBlocks=0 objects=2788 bytesHeap=0 bytesDirect=106521002208 liveHeap=0 liveDirect=0
ARENALOOP thread=io.github.neoionet.netty.microbenchmark.ByteBufAllocatorAllocPatternBenchmark.directAllocation-1-14 arenaHeap=0 arenaDirect=3977453 delegateHeap=0 delegateDirect=25180389 arenaShare=13.64% blocksHeap=1 blocksDirect=8 pinned=8 reusable=0 maxPinnedHeap=0 maxPinnedDirect=8 blockReuses=13504 blockGrowths=7 hooks=455335 hookRejections=0 violations=0 earlyReuses=0 reallocInPlace=20 reallocMoved=0 reallocDelegated=0 trims=0 trimmedBlocks=0 leakedBlocks=0 objects=2788 bytesHeap=0 bytesDirect=107136220192 liveHeap=0 liveDirect=0
ARENALOOP thread=io.github.neoionet.netty.microbenchmark.ByteBufAllocatorAllocPatternBenchmark.directAllocation-1-2 arenaHeap=0 arenaDirect=5065864 delegateHeap=0 delegateDirect=32063309 arenaShare=13.64% blocksHeap=1 blocksDirect=8 pinned=8 reusable=0 maxPinnedHeap=0 maxPinnedDirect=8 blockReuses=17200 blockGrowths=7 hooks=579887 hookRejections=0 violations=0 earlyReuses=0 reallocInPlace=27 reallocMoved=0 reallocDelegated=0 trims=0 trimmedBlocks=0 leakedBlocks=0 objects=2788 bytesHeap=0 bytesDirect=136445154632 liveHeap=0 liveDirect=0
ARENALOOP thread=io.github.neoionet.netty.microbenchmark.ByteBufAllocatorAllocPatternBenchmark.directAllocation-1-8 arenaHeap=0 arenaDirect=4300264 delegateHeap=0 delegateDirect=27229487 arenaShare=13.64% blocksHeap=1 blocksDirect=8 pinned=7 reusable=0 maxPinnedHeap=0 maxPinnedDirect=8 blockReuses=14605 blockGrowths=7 hooks=492396 hookRejections=0 violations=0 earlyReuses=0 reallocInPlace=21 reallocMoved=0 reallocDelegated=0 trims=0 trimmedBlocks=0 leakedBlocks=0 objects=2788 bytesHeap=0 bytesDirect=115859514160 liveHeap=0 liveDirect=0
ARENALOOP thread=io.github.neoionet.netty.microbenchmark.ByteBufAllocatorAllocPatternBenchmark.directAllocation-1-3 arenaHeap=0 arenaDirect=4865091 delegateHeap=0 delegateDirect=30796657 arenaShare=13.64% blocksHeap=1 blocksDirect=8 pinned=8 reusable=0 maxPinnedHeap=0 maxPinnedDirect=8 blockReuses=16521 blockGrowths=7 hooks=556958 hookRejections=0 violations=0 earlyReuses=0 reallocInPlace=26 reallocMoved=0 reallocDelegated=0 trims=0 trimmedBlocks=0 leakedBlocks=0 objects=2788 bytesHeap=0 bytesDirect=131050126384 liveHeap=0 liveDirect=0
ARENALOOP thread=io.github.neoionet.netty.microbenchmark.ByteBufAllocatorAllocPatternBenchmark.directAllocation-1-18 arenaHeap=0 arenaDirect=5353980 delegateHeap=0 delegateDirect=33882430 arenaShare=13.65% blocksHeap=1 blocksDirect=8 pinned=8 reusable=0 maxPinnedHeap=0 maxPinnedDirect=8 blockReuses=18177 blockGrowths=7 hooks=612812 hookRejections=0 violations=0 earlyReuses=0 reallocInPlace=28 reallocMoved=0 reallocDelegated=0 trims=0 trimmedBlocks=0 leakedBlocks=0 objects=2788 bytesHeap=0 bytesDirect=144188473184 liveHeap=0 liveDirect=0
ARENALOOP thread=io.github.neoionet.netty.microbenchmark.ByteBufAllocatorAllocPatternBenchmark.directAllocation-1-17 arenaHeap=0 arenaDirect=4867739 delegateHeap=0 delegateDirect=30811089 arenaShare=13.64% blocksHeap=1 blocksDirect=8 pinned=8 reusable=0 maxPinnedHeap=0 maxPinnedDirect=8 blockReuses=16529 blockGrowths=7 hooks=557225 hookRejections=0 violations=0 earlyReuses=0 reallocInPlace=26 reallocMoved=0 reallocDelegated=0 trims=0 trimmedBlocks=0 leakedBlocks=0 objects=2788 bytesHeap=0 bytesDirect=131111413616 liveHeap=0 liveDirect=0
ARENALOOP thread=io.github.neoionet.netty.microbenchmark.ByteBufAllocatorAllocPatternBenchmark.directAllocation-1-23 arenaHeap=0 arenaDirect=4510147 delegateHeap=0 delegateDirect=28557678 arenaShare=13.64% blocksHeap=1 blocksDirect=8 pinned=8 reusable=0 maxPinnedHeap=0 maxPinnedDirect=8 blockReuses=15317 blockGrowths=7 hooks=516428 hookRejections=0 violations=0 earlyReuses=0 reallocInPlace=22 reallocMoved=0 reallocDelegated=0 trims=0 trimmedBlocks=0 leakedBlocks=0 objects=2788 bytesHeap=0 bytesDirect=121511216168 liveHeap=0 liveDirect=0
ARENALOOP thread=io.github.neoionet.netty.microbenchmark.ByteBufAllocatorAllocPatternBenchmark.directAllocation-1-31 arenaHeap=0 arenaDirect=4790392 delegateHeap=0 delegateDirect=30320876 arenaShare=13.64% blocksHeap=1 blocksDirect=8 pinned=8 reusable=0 maxPinnedHeap=0 maxPinnedDirect=8 blockReuses=16266 blockGrowths=7 hooks=548357 hookRejections=0 violations=0 earlyReuses=0 reallocInPlace=24 reallocMoved=0 reallocDelegated=0 trims=0 trimmedBlocks=0 leakedBlocks=0 objects=2788 bytesHeap=0 bytesDirect=129022211208 liveHeap=0 liveDirect=0
ARENALOOP thread=io.github.neoionet.netty.microbenchmark.ByteBufAllocatorAllocPatternBenchmark.directAllocation-1-7 arenaHeap=0 arenaDirect=4585385 delegateHeap=0 delegateDirect=29027347 arenaShare=13.64% blocksHeap=1 blocksDirect=8 pinned=8 reusable=0 maxPinnedHeap=0 maxPinnedDirect=8 blockReuses=15570 blockGrowths=7 hooks=524942 hookRejections=0 violations=0 earlyReuses=0 reallocInPlace=22 reallocMoved=0 reallocDelegated=0 trims=0 trimmedBlocks=0 leakedBlocks=0 objects=2788 bytesHeap=0 bytesDirect=123510683936 liveHeap=0 liveDirect=0
ARENALOOP thread=io.github.neoionet.netty.microbenchmark.ByteBufAllocatorAllocPatternBenchmark.directAllocation-1-1 arenaHeap=0 arenaDirect=5265659 delegateHeap=0 delegateDirect=33328464 arenaShare=13.64% blocksHeap=1 blocksDirect=8 pinned=8 reusable=0 maxPinnedHeap=0 maxPinnedDirect=8 blockReuses=17879 blockGrowths=7 hooks=602777 hookRejections=0 violations=0 earlyReuses=0 reallocInPlace=28 reallocMoved=0 reallocDelegated=0 trims=0 trimmedBlocks=0 leakedBlocks=0 objects=2788 bytesHeap=0 bytesDirect=141829959432 liveHeap=0 liveDirect=0
ARENALOOP thread=io.github.neoionet.netty.microbenchmark.ByteBufAllocatorAllocPatternBenchmark.directAllocation-1-10 arenaHeap=0 arenaDirect=5168653 delegateHeap=0 delegateDirect=32716544 arenaShare=13.64% blocksHeap=1 blocksDirect=8 pinned=8 reusable=0 maxPinnedHeap=0 maxPinnedDirect=8 blockReuses=17550 blockGrowths=7 hooks=591700 hookRejections=0 violations=0 earlyReuses=0 reallocInPlace=27 reallocMoved=0 reallocDelegated=0 trims=0 trimmedBlocks=0 leakedBlocks=0 objects=2788 bytesHeap=0 bytesDirect=139223538136 liveHeap=0 liveDirect=0
ARENALOOP thread=io.github.neoionet.netty.microbenchmark.ByteBufAllocatorAllocPatternBenchmark.directAllocation-1-20 arenaHeap=0 arenaDirect=3822386 delegateHeap=0 delegateDirect=24194604 arenaShare=13.64% blocksHeap=1 blocksDirect=8 pinned=8 reusable=0 maxPinnedHeap=0 maxPinnedDirect=8 blockReuses=12977 blockGrowths=7 hooks=437509 hookRejections=0 violations=0 earlyReuses=0 reallocInPlace=20 reallocMoved=0 reallocDelegated=0 trims=0 trimmedBlocks=0 leakedBlocks=0 objects=2788 bytesHeap=0 bytesDirect=102941707040 liveHeap=0 liveDirect=0
ARENALOOP thread=io.github.neoionet.netty.microbenchmark.ByteBufAllocatorAllocPatternBenchmark.directAllocation-1-15 arenaHeap=0 arenaDirect=5132849 delegateHeap=0 delegateDirect=32490684 arenaShare=13.64% blocksHeap=1 blocksDirect=8 pinned=8 reusable=0 maxPinnedHeap=0 maxPinnedDirect=8 blockReuses=17429 blockGrowths=7 hooks=587611 hookRejections=0 violations=0 earlyReuses=0 reallocInPlace=27 reallocMoved=0 reallocDelegated=0 trims=0 trimmedBlocks=0 leakedBlocks=0 objects=2788 bytesHeap=0 bytesDirect=138263080088 liveHeap=0 liveDirect=0
ARENALOOP thread=io.github.neoionet.netty.microbenchmark.ByteBufAllocatorAllocPatternBenchmark.directAllocation-1-13 arenaHeap=0 arenaDirect=4239860 delegateHeap=0 delegateDirect=26839379 arenaShare=13.64% blocksHeap=1 blocksDirect=8 pinned=8 reusable=0 maxPinnedHeap=0 maxPinnedDirect=8 blockReuses=14397 blockGrowths=7 hooks=485357 hookRejections=0 violations=0 earlyReuses=0 reallocInPlace=21 reallocMoved=0 reallocDelegated=0 trims=0 trimmedBlocks=0 leakedBlocks=0 objects=2788 bytesHeap=0 bytesDirect=114200329600 liveHeap=0 liveDirect=0
ARENALOOP thread=io.github.neoionet.netty.microbenchmark.ByteBufAllocatorAllocPatternBenchmark.directAllocation-1-16 arenaHeap=0 arenaDirect=4258875 delegateHeap=0 delegateDirect=26957377 arenaShare=13.64% blocksHeap=1 blocksDirect=8 pinned=8 reusable=0 maxPinnedHeap=0 maxPinnedDirect=8 blockReuses=14460 blockGrowths=7 hooks=487497 hookRejections=0 violations=0 earlyReuses=0 reallocInPlace=21 reallocMoved=0 reallocDelegated=0 trims=0 trimmedBlocks=0 leakedBlocks=0 objects=2788 bytesHeap=0 bytesDirect=114702478440 liveHeap=0 liveDirect=0
ARENALOOP thread=io.github.neoionet.netty.microbenchmark.ByteBufAllocatorAllocPatternBenchmark.directAllocation-1-29 arenaHeap=0 arenaDirect=4083986 delegateHeap=0 delegateDirect=25849332 arenaShare=13.64% blocksHeap=1 blocksDirect=8 pinned=8 reusable=0 maxPinnedHeap=0 maxPinnedDirect=8 blockReuses=13867 blockGrowths=7 hooks=467452 hookRejections=0 violations=0 earlyReuses=0 reallocInPlace=21 reallocMoved=0 reallocDelegated=0 trims=0 trimmedBlocks=0 leakedBlocks=0 objects=2788 bytesHeap=0 bytesDirect=109985454424 liveHeap=0 liveDirect=0
ARENALOOP thread=io.github.neoionet.netty.microbenchmark.ByteBufAllocatorAllocPatternBenchmark.directAllocation-1-28 arenaHeap=0 arenaDirect=4051844 delegateHeap=0 delegateDirect=25647669 arenaShare=13.64% blocksHeap=1 blocksDirect=8 pinned=8 reusable=0 maxPinnedHeap=0 maxPinnedDirect=8 blockReuses=13757 blockGrowths=7 hooks=463798 hookRejections=0 violations=0 earlyReuses=0 reallocInPlace=21 reallocMoved=0 reallocDelegated=0 trims=0 trimmedBlocks=0 leakedBlocks=0 objects=2788 bytesHeap=0 bytesDirect=109126328416 liveHeap=0 liveDirect=0
ARENALOOP thread=io.github.neoionet.netty.microbenchmark.ByteBufAllocatorAllocPatternBenchmark.directAllocation-1-30 arenaHeap=0 arenaDirect=5107701 delegateHeap=0 delegateDirect=32331968 arenaShare=13.64% blocksHeap=1 blocksDirect=8 pinned=7 reusable=0 maxPinnedHeap=0 maxPinnedDirect=8 blockReuses=17346 blockGrowths=7 hooks=584738 hookRejections=0 violations=0 earlyReuses=0 reallocInPlace=27 reallocMoved=0 reallocDelegated=0 trims=0 trimmedBlocks=0 leakedBlocks=0 objects=2788 bytesHeap=0 bytesDirect=137588887424 liveHeap=0 liveDirect=0
ARENALOOP thread=io.github.neoionet.netty.microbenchmark.ByteBufAllocatorAllocPatternBenchmark.directAllocation-1-26 arenaHeap=0 arenaDirect=4368730 delegateHeap=0 delegateDirect=27657511 arenaShare=13.64% blocksHeap=1 blocksDirect=8 pinned=8 reusable=0 maxPinnedHeap=0 maxPinnedDirect=8 blockReuses=14836 blockGrowths=7 hooks=500154 hookRejections=0 violations=0 earlyReuses=0 reallocInPlace=21 reallocMoved=0 reallocDelegated=0 trims=0 trimmedBlocks=0 leakedBlocks=0 objects=2788 bytesHeap=0 bytesDirect=117681502488 liveHeap=0 liveDirect=0
ARENALOOP thread=io.github.neoionet.netty.microbenchmark.ByteBufAllocatorAllocPatternBenchmark.directAllocation-1-19 arenaHeap=0 arenaDirect=3815328 delegateHeap=0 delegateDirect=24152232 arenaShare=13.64% blocksHeap=1 blocksDirect=8 pinned=8 reusable=0 maxPinnedHeap=0 maxPinnedDirect=8 blockReuses=12953 blockGrowths=7 hooks=436737 hookRejections=0 violations=0 earlyReuses=0 reallocInPlace=20 reallocMoved=0 reallocDelegated=0 trims=0 trimmedBlocks=0 leakedBlocks=0 objects=2788 bytesHeap=0 bytesDirect=102761990008 liveHeap=0 liveDirect=0
ARENALOOP thread=io.github.neoionet.netty.microbenchmark.ByteBufAllocatorAllocPatternBenchmark.directAllocation-1-25 arenaHeap=0 arenaDirect=4363454 delegateHeap=0 delegateDirect=27624941 arenaShare=13.64% blocksHeap=1 blocksDirect=8 pinned=8 reusable=0 maxPinnedHeap=0 maxPinnedDirect=8 blockReuses=14819 blockGrowths=7 hooks=499562 hookRejections=0 violations=0 earlyReuses=0 reallocInPlace=21 reallocMoved=0 reallocDelegated=0 trims=0 trimmedBlocks=0 leakedBlocks=0 objects=2788 bytesHeap=0 bytesDirect=117543024808 liveHeap=0 liveDirect=0
ARENALOOP thread=io.github.neoionet.netty.microbenchmark.ByteBufAllocatorAllocPatternBenchmark.directAllocation-1-32 arenaHeap=0 arenaDirect=4158279 delegateHeap=0 delegateDirect=26325389 arenaShare=13.64% blocksHeap=1 blocksDirect=8 pinned=8 reusable=0 maxPinnedHeap=0 maxPinnedDirect=8 blockReuses=14121 blockGrowths=7 hooks=476051 hookRejections=0 violations=0 earlyReuses=0 reallocInPlace=21 reallocMoved=0 reallocDelegated=0 trims=0 trimmedBlocks=0 leakedBlocks=0 objects=2788 bytesHeap=0 bytesDirect=112011268896 liveHeap=0 liveDirect=0
ARENALOOP thread=io.github.neoionet.netty.microbenchmark.ByteBufAllocatorAllocPatternBenchmark.directAllocation-1-5 arenaHeap=0 arenaDirect=3849823 delegateHeap=0 delegateDirect=24365803 arenaShare=13.64% blocksHeap=1 blocksDirect=8 pinned=8 reusable=0 maxPinnedHeap=0 maxPinnedDirect=8 blockReuses=13069 blockGrowths=7 hooks=440613 hookRejections=0 violations=0 earlyReuses=0 reallocInPlace=20 reallocMoved=0 reallocDelegated=0 trims=0 trimmedBlocks=0 leakedBlocks=0 objects=2788 bytesHeap=0 bytesDirect=103671020992 liveHeap=0 liveDirect=0
ARENALOOP thread=io.github.neoionet.netty.microbenchmark.ByteBufAllocatorAllocPatternBenchmark.directAllocation-1-4 arenaHeap=0 arenaDirect=4648942 delegateHeap=0 delegateDirect=29427707 arenaShare=13.64% blocksHeap=1 blocksDirect=8 pinned=8 reusable=0 maxPinnedHeap=0 maxPinnedDirect=8 blockReuses=15785 blockGrowths=7 hooks=532191 hookRejections=0 violations=0 earlyReuses=0 reallocInPlace=23 reallocMoved=0 reallocDelegated=0 trims=0 trimmedBlocks=0 leakedBlocks=0 objects=2788 bytesHeap=0 bytesDirect=125216394000 liveHeap=0 liveDirect=0
ARENALOOP thread=io.github.neoionet.netty.microbenchmark.ByteBufAllocatorAllocPatternBenchmark.directAllocation-1-24 arenaHeap=0 arenaDirect=4501411 delegateHeap=0 delegateDirect=28501462 arenaShare=13.64% blocksHeap=1 blocksDirect=8 pinned=8 reusable=0 maxPinnedHeap=0 maxPinnedDirect=8 blockReuses=15287 blockGrowths=7 hooks=515413 hookRejections=0 violations=0 earlyReuses=0 reallocInPlace=22 reallocMoved=0 reallocDelegated=0 trims=0 trimmedBlocks=0 leakedBlocks=0 objects=2788 bytesHeap=0 bytesDirect=121272610848 liveHeap=0 liveDirect=0
ARENALOOP thread=io.github.neoionet.netty.microbenchmark.ByteBufAllocatorAllocPatternBenchmark.directAllocation-1-21 arenaHeap=0 arenaDirect=4584330 delegateHeap=0 delegateDirect=29018673 arenaShare=13.64% blocksHeap=1 blocksDirect=8 pinned=8 reusable=0 maxPinnedHeap=0 maxPinnedDirect=8 blockReuses=15566 blockGrowths=7 hooks=524790 hookRejections=0 violations=0 earlyReuses=0 reallocInPlace=22 reallocMoved=0 reallocDelegated=0 trims=0 trimmedBlocks=0 leakedBlocks=0 objects=2788 bytesHeap=0 bytesDirect=123473994144 liveHeap=0 liveDirect=0
686.593 ±(99.9%) 143.949 ns/op

# Run progress: 33.33% complete, ETA 00:11:42
# Fork: 3 of 3
# Warmup Iteration   1: 863.153 ±(99.9%) 95.074 ns/op
# Warmup Iteration   2: 916.356 ±(99.9%) 142.964 ns/op
# Warmup Iteration   3: 647.363 ±(99.9%) 103.311 ns/op
# Warmup Iteration   4: 683.691 ±(99.9%) 139.701 ns/op
# Warmup Iteration   5: 774.190 ±(99.9%) 207.713 ns/op
# Warmup Iteration   6: 824.008 ±(99.9%) 319.175 ns/op
# Warmup Iteration   7: 698.542 ±(99.9%) 138.167 ns/op
# Warmup Iteration   8: 646.163 ±(99.9%) 71.496 ns/op
# Warmup Iteration   9: 666.038 ±(99.9%) 113.065 ns/op
# Warmup Iteration  10: 757.554 ±(99.9%) 232.770 ns/op
Iteration   1: 695.156 ±(99.9%) 158.996 ns/op
Iteration   2: 677.580 ±(99.9%) 126.883 ns/op
Iteration   3: 800.685 ±(99.9%) 293.688 ns/op
Iteration   4: 694.733 ±(99.9%) 144.067 ns/op
Iteration   5: 710.009 ±(99.9%) 189.230 ns/op
Iteration   6: 697.175 ±(99.9%) 151.300 ns/op
Iteration   7: 681.108 ±(99.9%) 131.817 ns/op
Iteration   8: 699.541 ±(99.9%) 152.390 ns/op
Iteration   9: 745.348 ±(99.9%) 253.266 ns/op
Iteration  10: cRSS-pRSS:[4848, 4848]
;used-memory:[0]
ARENATELE blockSize=262144 maxBlocks=8 cap=8192 maxObjects=16384 debug=false arenaHeap=0 arenaDirect=145514516 delegateHeap=0 delegateDirect=921173057 arenaShare=13.64% blocksHeap=32 blocksDirect=256 pinned=253 reusable=0 maxPinnedHeap=0 maxPinnedDirect=256 blockReuses=494125 blockGrowths=224 hooks=16658786 hookRejections=0 violations=0 earlyReuses=0 reallocInPlace=732 reallocMoved=0 reallocDelegated=0 trims=0 trimmedBlocks=0 leakedBlocks=0 objects=89216 bytesHeap=0 bytesDirect=3919678617360 liveHeap=0 liveDirect=20403
ARENALOOP thread=io.github.neoionet.netty.microbenchmark.ByteBufAllocatorAllocPatternBenchmark.directAllocation-1-8 arenaHeap=0 arenaDirect=4701479 delegateHeap=0 delegateDirect=29764884 arenaShare=13.64% blocksHeap=1 blocksDirect=8 pinned=8 reusable=0 maxPinnedHeap=0 maxPinnedDirect=8 blockReuses=15966 blockGrowths=7 hooks=538280 hookRejections=0 violations=0 earlyReuses=0 reallocInPlace=23 reallocMoved=0 reallocDelegated=0 trims=0 trimmedBlocks=0 leakedBlocks=0 objects=2788 bytesHeap=0 bytesDirect=126653498832 liveHeap=0 liveDirect=20
ARENALOOP thread=io.github.neoionet.netty.microbenchmark.ByteBufAllocatorAllocPatternBenchmark.directAllocation-1-18 arenaHeap=0 arenaDirect=4384707 delegateHeap=0 delegateDirect=27760230 arenaShare=13.64% blocksHeap=1 blocksDirect=8 pinned=8 reusable=0 maxPinnedHeap=0 maxPinnedDirect=8 blockReuses=14891 blockGrowths=7 hooks=502008 hookRejections=0 violations=0 earlyReuses=0 reallocInPlace=22 reallocMoved=0 reallocDelegated=0 trims=0 trimmedBlocks=0 leakedBlocks=0 objects=2788 bytesHeap=0 bytesDirect=118118028152 liveHeap=0 liveDirect=130
ARENALOOP thread=io.github.neoionet.netty.microbenchmark.ByteBufAllocatorAllocPatternBenchmark.directAllocation-1-7 arenaHeap=0 arenaDirect=4971182 delegateHeap=0 delegateDirect=31469134 arenaShare=13.64% blocksHeap=1 blocksDirect=8 pinned=8 reusable=0 maxPinnedHeap=0 maxPinnedDirect=8 blockReuses=16881 blockGrowths=7 hooks=569123 hookRejections=0 violations=0 earlyReuses=0 reallocInPlace=27 reallocMoved=0 reallocDelegated=0 trims=0 trimmedBlocks=0 leakedBlocks=0 objects=2788 bytesHeap=0 bytesDirect=133915963144 liveHeap=0 liveDirect=357
ARENALOOP thread=io.github.neoionet.netty.microbenchmark.ByteBufAllocatorAllocPatternBenchmark.directAllocation-1-4 arenaHeap=0 arenaDirect=4516845 delegateHeap=0 delegateDirect=28597230 arenaShare=13.64% blocksHeap=1 blocksDirect=8 pinned=8 reusable=0 maxPinnedHeap=0 maxPinnedDirect=8 blockReuses=15340 blockGrowths=7 hooks=517151 hookRejections=0 violations=0 earlyReuses=0 reallocInPlace=22 reallocMoved=0 reallocDelegated=0 trims=0 trimmedBlocks=0 leakedBlocks=0 objects=2788 bytesHeap=0 bytesDirect=121680446792 liveHeap=0 liveDirect=1277
ARENALOOP thread=io.github.neoionet.netty.microbenchmark.ByteBufAllocatorAllocPatternBenchmark.directAllocation-1-17 arenaHeap=0 arenaDirect=4567187 delegateHeap=0 delegateDirect=28913415 arenaShare=13.64% blocksHeap=1 blocksDirect=8 pinned=8 reusable=0 maxPinnedHeap=0 maxPinnedDirect=8 blockReuses=15509 blockGrowths=7 hooks=522878 hookRejections=0 violations=0 earlyReuses=0 reallocInPlace=22 reallocMoved=0 reallocDelegated=0 trims=0 trimmedBlocks=0 leakedBlocks=0 objects=2788 bytesHeap=0 bytesDirect=123025219648 liveHeap=0 liveDirect=0
ARENALOOP thread=io.github.neoionet.netty.microbenchmark.ByteBufAllocatorAllocPatternBenchmark.directAllocation-1-31 arenaHeap=0 arenaDirect=4326445 delegateHeap=0 delegateDirect=27390989 arenaShare=13.64% blocksHeap=1 blocksDirect=8 pinned=7 reusable=0 maxPinnedHeap=0 maxPinnedDirect=8 blockReuses=14693 blockGrowths=7 hooks=495328 hookRejections=0 violations=0 earlyReuses=0 reallocInPlace=21 reallocMoved=0 reallocDelegated=0 trims=0 trimmedBlocks=0 leakedBlocks=0 objects=2788 bytesHeap=0 bytesDirect=116547622016 liveHeap=0 liveDirect=286
ARENALOOP thread=io.github.neoionet.netty.microbenchmark.ByteBufAllocatorAllocPatternBenchmark.directAllocation-1-32 arenaHeap=0 arenaDirect=3983562 delegateHeap=0 delegateDirect=25213686 arenaShare=13.64% blocksHeap=1 blocksDirect=8 pinned=8 reusable=0 maxPinnedHeap=0 maxPinnedDirect=8 blockReuses=13525 blockGrowths=7 hooks=455951 hookRejections=0 violations=0 earlyReuses=0 reallocInPlace=20 reallocMoved=0 reallocDelegated=0 trims=0 trimmedBlocks=0 leakedBlocks=0 objects=2788 bytesHeap=0 bytesDirect=107279451680 liveHeap=0 liveDirect=578
ARENALOOP thread=io.github.neoionet.netty.microbenchmark.ByteBufAllocatorAllocPatternBenchmark.directAllocation-1-22 arenaHeap=0 arenaDirect=5024880 delegateHeap=0 delegateDirect=31805056 arenaShare=13.64% blocksHeap=1 blocksDirect=8 pinned=7 reusable=0 maxPinnedHeap=0 maxPinnedDirect=8 blockReuses=17062 blockGrowths=7 hooks=575211 hookRejections=0 violations=0 earlyReuses=0 reallocInPlace=27 reallocMoved=0 reallocDelegated=0 trims=0 trimmedBlocks=0 leakedBlocks=0 objects=2788 bytesHeap=0 bytesDirect=135346048720 liveHeap=0 liveDirect=0
ARENALOOP thread=io.github.neoionet.netty.microbenchmark.ByteBufAllocatorAllocPatternBenchmark.directAllocation-1-9 arenaHeap=0 arenaDirect=3663480 delegateHeap=0 delegateDirect=23187696 arenaShare=13.64% blocksHeap=1 blocksDirect=8 pinned=8 reusable=0 maxPinnedHeap=0 maxPinnedDirect=8 blockReuses=12437 blockGrowths=7 hooks=419293 hookRejections=0 violations=0 earlyReuses=0 reallocInPlace=19 reallocMoved=0 reallocDelegated=0 trims=0 trimmedBlocks=0 leakedBlocks=0 objects=2788 bytesHeap=0 bytesDirect=98654184656 liveHeap=0 liveDirect=1198
ARENALOOP thread=io.github.neoionet.netty.microbenchmark.ByteBufAllocatorAllocPatternBenchmark.directAllocation-1-12 arenaHeap=0 arenaDirect=4744636 delegateHeap=0 delegateDirect=30035652 arenaShare=13.64% blocksHeap=1 blocksDirect=8 pinned=8 reusable=0 maxPinnedHeap=0 maxPinnedDirect=8 blockReuses=16111 blockGrowths=7 hooks=543186 hookRejections=0 violations=0 earlyReuses=0 reallocInPlace=23 reallocMoved=0 reallocDelegated=0 trims=0 trimmedBlocks=0 leakedBlocks=0 objects=2788 bytesHeap=0 bytesDirect=127807354088 liveHeap=0 liveDirect=0
ARENALOOP thread=io.github.neoionet.netty.microbenchmark.ByteBufAllocatorAllocPatternBenchmark.directAllocation-1-23 arenaHeap=0 arenaDirect=4814036 delegateHeap=0 delegateDirect=30478208 arenaShare=13.64% blocksHeap=1 blocksDirect=8 pinned=8 reusable=0 maxPinnedHeap=0 maxPinnedDirect=8 blockReuses=16348 blockGrowths=7 hooks=551185 hookRejections=0 violations=0 earlyReuses=0 reallocInPlace=24 reallocMoved=0 reallocDelegated=0 trims=0 trimmedBlocks=0 leakedBlocks=0 objects=2788 bytesHeap=0 bytesDirect=129693595048 liveHeap=0 liveDirect=0
ARENALOOP thread=io.github.neoionet.netty.microbenchmark.ByteBufAllocatorAllocPatternBenchmark.directAllocation-1-21 arenaHeap=0 arenaDirect=4557680 delegateHeap=0 delegateDirect=28853097 arenaShare=13.64% blocksHeap=1 blocksDirect=8 pinned=8 reusable=0 maxPinnedHeap=0 maxPinnedDirect=8 blockReuses=15476 blockGrowths=7 hooks=521787 hookRejections=0 violations=0 earlyReuses=0 reallocInPlace=22 reallocMoved=0 reallocDelegated=0 trims=0 trimmedBlocks=0 leakedBlocks=0 objects=2788 bytesHeap=0 bytesDirect=122768637824 liveHeap=0 liveDirect=505
ARENALOOP thread=io.github.neoionet.netty.microbenchmark.ByteBufAllocatorAllocPatternBenchmark.directAllocation-1-1 arenaHeap=0 arenaDirect=4662909 delegateHeap=0 delegateDirect=29517952 arenaShare=13.64% blocksHeap=1 blocksDirect=8 pinned=8 reusable=0 maxPinnedHeap=0 maxPinnedDirect=8 blockReuses=15833 blockGrowths=7 hooks=533819 hookRejections=0 violations=0 earlyReuses=0 reallocInPlace=23 reallocMoved=0 reallocDelegated=0 trims=0 trimmedBlocks=0 leakedBlocks=0 objects=2788 bytesHeap=0 bytesDirect=125600666760 liveHeap=0 liveDirect=542
ARENALOOP thread=io.github.neoionet.netty.microbenchmark.ByteBufAllocatorAllocPatternBenchmark.directAllocation-1-10 arenaHeap=0 arenaDirect=5106170 delegateHeap=0 delegateDirect=32325474 arenaShare=13.64% blocksHeap=1 blocksDirect=8 pinned=8 reusable=0 maxPinnedHeap=0 maxPinnedDirect=8 blockReuses=17340 blockGrowths=7 hooks=584613 hookRejections=0 violations=0 earlyReuses=0 reallocInPlace=27 reallocMoved=0 reallocDelegated=0 trims=0 trimmedBlocks=0 leakedBlocks=0 objects=2788 bytesHeap=0 bytesDirect=137560842416 liveHeap=0 liveDirect=650
ARENALOOP thread=io.github.neoionet.netty.microbenchmark.ByteBufAllocatorAllocPatternBenchmark.directAllocation-1-13 arenaHeap=0 arenaDirect=4421970 delegateHeap=0 delegateDirect=27996657 arenaShare=13.64% blocksHeap=1 blocksDirect=8 pinned=8 reusable=0 maxPinnedHeap=0 maxPinnedDirect=8 blockReuses=15017 blockGrowths=7 hooks=506285 hookRejections=0 violations=0 earlyReuses=0 reallocInPlace=22 reallocMoved=0 reallocDelegated=0 trims=0 trimmedBlocks=0 leakedBlocks=0 objects=2788 bytesHeap=0 bytesDirect=119125739544 liveHeap=0 liveDirect=275
ARENALOOP thread=io.github.neoionet.netty.microbenchmark.ByteBufAllocatorAllocPatternBenchmark.directAllocation-1-3 arenaHeap=0 arenaDirect=4539548 delegateHeap=0 delegateDirect=28738821 arenaShare=13.64% blocksHeap=1 blocksDirect=8 pinned=7 reusable=0 maxPinnedHeap=0 maxPinnedDirect=8 blockReuses=15417 blockGrowths=7 hooks=519718 hookRejections=0 violations=0 earlyReuses=0 reallocInPlace=22 reallocMoved=0 reallocDelegated=0 trims=0 trimmedBlocks=0 leakedBlocks=0 objects=2788 bytesHeap=0 bytesDirect=122282729224 liveHeap=0 liveDirect=607
ARENALOOP thread=io.github.neoionet.netty.microbenchmark.ByteBufAllocatorAllocPatternBenchmark.directAllocation-1-6 arenaHeap=0 arenaDirect=4225799 delegateHeap=0 delegateDirect=26748345 arenaShare=13.64% blocksHeap=1 blocksDirect=8 pinned=8 reusable=0 maxPinnedHeap=0 maxPinnedDirect=8 blockReuses=14349 blockGrowths=7 hooks=483715 hookRejections=0 violations=0 earlyReuses=0 reallocInPlace=21 reallocMoved=0 reallocDelegated=0 trims=0 trimmedBlocks=0 leakedBlocks=0 objects=2788 bytesHeap=0 bytesDirect=113811830280 liveHeap=0 liveDirect=1591
ARENALOOP thread=io.github.neoionet.netty.microbenchmark.ByteBufAllocatorAllocPatternBenchmark.directAllocation-1-24 arenaHeap=0 arenaDirect=4865749 delegateHeap=0 delegateDirect=30804410 arenaShare=13.64% blocksHeap=1 blocksDirect=8 pinned=8 reusable=0 maxPinnedHeap=0 maxPinnedDirect=8 blockReuses=16523 blockGrowths=7 hooks=557090 hookRejections=0 violations=0 earlyReuses=0 reallocInPlace=26 reallocMoved=0 reallocDelegated=0 trims=0 trimmedBlocks=0 leakedBlocks=0 objects=2788 bytesHeap=0 bytesDirect=131083214600 liveHeap=0 liveDirect=763
ARENALOOP thread=io.github.neoionet.netty.microbenchmark.ByteBufAllocatorAllocPatternBenchmark.directAllocation-1-16 arenaHeap=0 arenaDirect=5076798 delegateHeap=0 delegateDirect=32135316 arenaShare=13.64% blocksHeap=1 blocksDirect=8 pinned=8 reusable=0 maxPinnedHeap=0 maxPinnedDirect=8 blockReuses=17238 blockGrowths=7 hooks=581183 hookRejections=0 violations=0 earlyReuses=0 reallocInPlace=27 reallocMoved=0 reallocDelegated=0 trims=0 trimmedBlocks=0 leakedBlocks=0 objects=2788 bytesHeap=0 bytesDirect=136751635464 liveHeap=0 liveDirect=1371
ARENALOOP thread=io.github.neoionet.netty.microbenchmark.ByteBufAllocatorAllocPatternBenchmark.directAllocation-1-26 arenaHeap=0 arenaDirect=5487494 delegateHeap=0 delegateDirect=34732290 arenaShare=13.64% blocksHeap=1 blocksDirect=8 pinned=8 reusable=0 maxPinnedHeap=0 maxPinnedDirect=8 blockReuses=18633 blockGrowths=7 hooks=628178 hookRejections=0 violations=0 earlyReuses=0 reallocInPlace=28 reallocMoved=0 reallocDelegated=0 trims=0 trimmedBlocks=0 leakedBlocks=0 objects=2788 bytesHeap=0 bytesDirect=147808115896 liveHeap=0 liveDirect=146
ARENALOOP thread=io.github.neoionet.netty.microbenchmark.ByteBufAllocatorAllocPatternBenchmark.directAllocation-1-20 arenaHeap=0 arenaDirect=4483324 delegateHeap=0 delegateDirect=28383243 arenaShare=13.64% blocksHeap=1 blocksDirect=8 pinned=8 reusable=0 maxPinnedHeap=0 maxPinnedDirect=8 blockReuses=15225 blockGrowths=7 hooks=513284 hookRejections=0 violations=0 earlyReuses=0 reallocInPlace=22 reallocMoved=0 reallocDelegated=0 trims=0 trimmedBlocks=0 leakedBlocks=0 objects=2788 bytesHeap=0 bytesDirect=120769106880 liveHeap=0 liveDirect=964
ARENALOOP thread=io.github.neoionet.netty.microbenchmark.ByteBufAllocatorAllocPatternBenchmark.directAllocation-1-29 arenaHeap=0 arenaDirect=4213590 delegateHeap=0 delegateDirect=26672671 arenaShare=13.64% blocksHeap=1 blocksDirect=8 pinned=8 reusable=0 maxPinnedHeap=0 maxPinnedDirect=8 blockReuses=14308 blockGrowths=7 hooks=482341 hookRejections=0 violations=0 earlyReuses=0 reallocInPlace=21 reallocMoved=0 reallocDelegated=0 trims=0 trimmedBlocks=0 leakedBlocks=0 objects=2788 bytesHeap=0 bytesDirect=113488935256 liveHeap=0 liveDirect=1089
ARENALOOP thread=io.github.neoionet.netty.microbenchmark.ByteBufAllocatorAllocPatternBenchmark.directAllocation-1-2 arenaHeap=0 arenaDirect=4379393 delegateHeap=0 delegateDirect=27726842 arenaShare=13.64% blocksHeap=1 blocksDirect=8 pinned=8 reusable=0 maxPinnedHeap=0 maxPinnedDirect=8 blockReuses=14873 blockGrowths=7 hooks=501403 hookRejections=0 violations=0 earlyReuses=0 reallocInPlace=22 reallocMoved=0 reallocDelegated=0 trims=0 trimmedBlocks=0 leakedBlocks=0 objects=2788 bytesHeap=0 bytesDirect=117975962184 liveHeap=0 liveDirect=197
ARENALOOP thread=io.github.neoionet.netty.microbenchmark.ByteBufAllocatorAllocPatternBenchmark.directAllocation-1-5 arenaHeap=0 arenaDirect=4561777 delegateHeap=0 delegateDirect=28877064 arenaShare=13.64% blocksHeap=1 blocksDirect=8 pinned=8 reusable=0 maxPinnedHeap=0 maxPinnedDirect=8 blockReuses=15490 blockGrowths=7 hooks=522225 hookRejections=0 violations=0 earlyReuses=0 reallocInPlace=22 reallocMoved=0 reallocDelegated=0 trims=0 trimmedBlocks=0 leakedBlocks=0 objects=2788 bytesHeap=0 bytesDirect=122871050552 liveHeap=0 liveDirect=0
ARENALOOP thread=io.github.neoionet.netty.microbenchmark.ByteBufAllocatorAllocPatternBenchmark.directAllocation-1-28 arenaHeap=0 arenaDirect=4594288 delegateHeap=0 delegateDirect=29083049 arenaShare=13.64% blocksHeap=1 blocksDirect=8 pinned=8 reusable=0 maxPinnedHeap=0 maxPinnedDirect=8 blockReuses=15600 blockGrowths=7 hooks=525952 hookRejections=0 violations=0 earlyReuses=0 reallocInPlace=22 reallocMoved=0 reallocDelegated=0 trims=0 trimmedBlocks=0 leakedBlocks=0 objects=2788 bytesHeap=0 bytesDirect=123747785944 liveHeap=0 liveDirect=775
ARENALOOP thread=io.github.neoionet.netty.microbenchmark.ByteBufAllocatorAllocPatternBenchmark.directAllocation-1-25 arenaHeap=0 arenaDirect=4738738 delegateHeap=0 delegateDirect=29995661 arenaShare=13.64% blocksHeap=1 blocksDirect=8 pinned=8 reusable=0 maxPinnedHeap=0 maxPinnedDirect=8 blockReuses=16091 blockGrowths=7 hooks=542468 hookRejections=0 violations=0 earlyReuses=0 reallocInPlace=23 reallocMoved=0 reallocDelegated=0 trims=0 trimmedBlocks=0 leakedBlocks=0 objects=2788 bytesHeap=0 bytesDirect=127637847688 liveHeap=0 liveDirect=1320
ARENALOOP thread=io.github.neoionet.netty.microbenchmark.ByteBufAllocatorAllocPatternBenchmark.directAllocation-1-27 arenaHeap=0 arenaDirect=3957894 delegateHeap=0 delegateDirect=25055316 arenaShare=13.64% blocksHeap=1 blocksDirect=8 pinned=8 reusable=0 maxPinnedHeap=0 maxPinnedDirect=8 blockReuses=13439 blockGrowths=7 hooks=453075 hookRejections=0 violations=0 earlyReuses=0 reallocInPlace=20 reallocMoved=0 reallocDelegated=0 trims=0 trimmedBlocks=0 leakedBlocks=0 objects=2788 bytesHeap=0 bytesDirect=106606060672 liveHeap=0 liveDirect=1308
ARENALOOP thread=io.github.neoionet.netty.microbenchmark.ByteBufAllocatorAllocPatternBenchmark.directAllocation-1-19 arenaHeap=0 arenaDirect=4575295 delegateHeap=0 delegateDirect=28962853 arenaShare=13.64% blocksHeap=1 blocksDirect=8 pinned=8 reusable=0 maxPinnedHeap=0 maxPinnedDirect=8 blockReuses=15536 blockGrowths=7 hooks=523777 hookRejections=0 violations=0 earlyReuses=0 reallocInPlace=22 reallocMoved=0 reallocDelegated=0 trims=0 trimmedBlocks=0 leakedBlocks=0 objects=2788 bytesHeap=0 bytesDirect=123235979976 liveHeap=0 liveDirect=1051
ARENALOOP thread=io.github.neoionet.netty.microbenchmark.ByteBufAllocatorAllocPatternBenchmark.directAllocation-1-14 arenaHeap=0 arenaDirect=4975118 delegateHeap=0 delegateDirect=31497053 arenaShare=13.64% blocksHeap=1 blocksDirect=8 pinned=8 reusable=0 maxPinnedHeap=0 maxPinnedDirect=8 blockReuses=16895 blockGrowths=7 hooks=569621 hookRejections=0 violations=0 earlyReuses=0 reallocInPlace=27 reallocMoved=0 reallocDelegated=0 trims=0 trimmedBlocks=0 leakedBlocks=0 objects=2788 bytesHeap=0 bytesDirect=134034519976 liveHeap=0 liveDirect=860
ARENALOOP thread=io.github.neoionet.netty.microbenchmark.ByteBufAllocatorAllocPatternBenchmark.directAllocation-1-30 arenaHeap=0 arenaDirect=4086382 delegateHeap=0 delegateDirect=25870203 arenaShare=13.64% blocksHeap=1 blocksDirect=8 pinned=8 reusable=0 maxPinnedHeap=0 maxPinnedDirect=8 blockReuses=13876 blockGrowths=7 hooks=467815 hookRejections=0 violations=0 earlyReuses=0 reallocInPlace=21 reallocMoved=0 reallocDelegated=0 trims=0 trimmedBlocks=0 leakedBlocks=0 objects=2788 bytesHeap=0 bytesDirect=110073487496 liveHeap=0 liveDirect=1363
ARENALOOP thread=io.github.neoionet.netty.microbenchmark.ByteBufAllocatorAllocPatternBenchmark.directAllocation-1-11 arenaHeap=0 arenaDirect=3912954 delegateHeap=0 delegateDirect=24767303 arenaShare=13.64% blocksHeap=1 blocksDirect=8 pinned=8 reusable=0 maxPinnedHeap=0 maxPinnedDirect=8 blockReuses=13284 blockGrowths=7 hooks=447873 hookRejections=0 violations=0 earlyReuses=0 reallocInPlace=20 reallocMoved=0 reallocDelegated=0 trims=0 trimmedBlocks=0 leakedBlocks=0 objects=2788 bytesHeap=0 bytesDirect=105379374728 liveHeap=0 liveDirect=397
ARENALOOP thread=io.github.neoionet.netty.microbenchmark.ByteBufAllocatorAllocPatternBenchmark.directAllocation-1-15 arenaHeap=0 arenaDirect=4393207 delegateHeap=0 delegateDirect=27813257 arenaShare=13.64% blocksHeap=1 blocksDirect=8 pinned=8 reusable=0 maxPinnedHeap=0 maxPinnedDirect=8 blockReuses=14919 blockGrowths=7 hooks=502970 hookRejections=0 violations=0 earlyReuses=0 reallocInPlace=22 reallocMoved=0 reallocDelegated=0 trims=0 trimmedBlocks=0 leakedBlocks=0 objects=2788 bytesHeap=0 bytesDirect=118343681224 liveHeap=0 liveDirect=782
757.102 ±(99.9%) 218.864 ns/op


Result "io.github.neoionet.netty.microbenchmark.ByteBufAllocatorAllocPatternBenchmark.directAllocation":
  729.710 ±(99.9%) 36.712 ns/op [Average]
  (min, avg, max) = (662.763, 729.710, 858.414), stdev = 54.949
  CI (99.9%): [692.998, 766.422] (assumes normal distribution)


# JMH version: 1.37
# VM version: JDK 21, Java HotSpot(TM) 64-Bit Server VM, 21+35-LTS-2513
# VM invoker: /home/forked_franz/.sdkman/candidates/java/21-oracle/bin/java
# VM options: -server -dsa -da -XX:InitialRAMPercentage=40.0 -XX:MaxRAMPercentage=40.0 -Dio.netty.leakDetection.level=disabled -Djmh.executor=CUSTOM -Djmh.executor.class=io.github.neoionet.netty.microbenchmark.executor.FastThreadLocalThreadHarnessExecutor -XX:MaxRAM=60g -Dexpt.hookEvery=64
# Blackhole mode: compiler (auto-detected, use -Djmh.blackhole.autoDetect=false to disable)
# Warmup: 10 iterations, 1 s each
# Measurement: 10 iterations, 1 s each
# Timeout: 10 min per iteration
# Threads: 32 threads, will synchronize iterations
# Benchmark mode: Average time, time/op
# Benchmark: io.github.neoionet.netty.microbenchmark.ByteBufAllocatorAllocPatternBenchmark.directAllocation
# Parameters: (MAX_LIVE_BUFFERS = 32768, allocatorType = ARENA, enableReadWrite = true, sizePattern = E_COMMERCE)

# Run progress: 35.71% complete, ETA 00:11:18
# Fork: 1 of 3
# Warmup Iteration   1: 1064.081 ±(99.9%) 169.506 ns/op
# Warmup Iteration   2: 745.271 ±(99.9%) 147.833 ns/op
# Warmup Iteration   3: 733.312 ±(99.9%) 145.430 ns/op
# Warmup Iteration   4: 729.089 ±(99.9%) 119.414 ns/op
# Warmup Iteration   5: 740.362 ±(99.9%) 166.014 ns/op
# Warmup Iteration   6: 739.463 ±(99.9%) 162.964 ns/op
# Warmup Iteration   7: 690.813 ±(99.9%) 90.072 ns/op
# Warmup Iteration   8: 736.592 ±(99.9%) 120.496 ns/op
# Warmup Iteration   9: 709.924 ±(99.9%) 109.050 ns/op
# Warmup Iteration  10: 797.378 ±(99.9%) 231.554 ns/op
Iteration   1: 729.738 ±(99.9%) 139.321 ns/op
Iteration   2: 702.540 ±(99.9%) 111.171 ns/op
Iteration   3: 745.641 ±(99.9%) 160.030 ns/op
Iteration   4: 699.076 ±(99.9%) 92.385 ns/op
Iteration   5: 741.654 ±(99.9%) 152.281 ns/op
Iteration   6: 718.092 ±(99.9%) 120.993 ns/op
Iteration   7: 720.857 ±(99.9%) 114.793 ns/op
Iteration   8: 746.481 ±(99.9%) 138.410 ns/op
Iteration   9: 828.858 ±(99.9%) 249.322 ns/op
Iteration  10: cRSS-pRSS:[7392, 7392]
;used-memory:[0]
ARENATELE blockSize=262144 maxBlocks=8 cap=8192 maxObjects=16384 debug=false arenaHeap=0 arenaDirect=68717273 delegateHeap=0 delegateDirect=910938192 arenaShare=7.01% blocksHeap=32 blocksDirect=256 pinned=255 reusable=0 maxPinnedHeap=0 maxPinnedDirect=256 blockReuses=232044 blockGrowths=224 hooks=15290717 hookRejections=0 violations=0 earlyReuses=0 reallocInPlace=325 reallocMoved=0 reallocDelegated=0 trims=0 trimmedBlocks=0 leakedBlocks=0 objects=88672 bytesHeap=0 bytesDirect=3796823461520 liveHeap=0 liveDirect=768
ARENALOOP thread=io.github.neoionet.netty.microbenchmark.ByteBufAllocatorAllocPatternBenchmark.directAllocation-1-17 arenaHeap=0 arenaDirect=1946077 delegateHeap=0 delegateDirect=25805753 arenaShare=7.01% blocksHeap=1 blocksDirect=8 pinned=8 reusable=0 maxPinnedHeap=0 maxPinnedDirect=8 blockReuses=6573 blockGrowths=7 hooks=433110 hookRejections=0 violations=0 earlyReuses=0 reallocInPlace=8 reallocMoved=0 reallocDelegated=0 trims=0 trimmedBlocks=0 leakedBlocks=0 objects=2771 bytesHeap=0 bytesDirect=107544272464 liveHeap=0 liveDirect=763
ARENALOOP thread=io.github.neoionet.netty.microbenchmark.ByteBufAllocatorAllocPatternBenchmark.directAllocation-1-25 arenaHeap=0 arenaDirect=2192435 delegateHeap=0 delegateDirect=29064375 arenaShare=7.01% blocksHeap=1 blocksDirect=8 pinned=8 reusable=0 maxPinnedHeap=0 maxPinnedDirect=8 blockReuses=7405 blockGrowths=7 hooks=487875 hookRejections=0 violations=0 earlyReuses=0 reallocInPlace=11 reallocMoved=0 reallocDelegated=0 trims=0 trimmedBlocks=0 leakedBlocks=0 objects=2771 bytesHeap=0 bytesDirect=121146067296 liveHeap=0 liveDirect=0
ARENALOOP thread=io.github.neoionet.netty.microbenchmark.ByteBufAllocatorAllocPatternBenchmark.directAllocation-1-14 arenaHeap=0 arenaDirect=2139069 delegateHeap=0 delegateDirect=28364062 arenaShare=7.01% blocksHeap=1 blocksDirect=8 pinned=8 reusable=0 maxPinnedHeap=0 maxPinnedDirect=8 blockReuses=7225 blockGrowths=7 hooks=476099 hookRejections=0 violations=0 earlyReuses=0 reallocInPlace=10 reallocMoved=0 reallocDelegated=0 trims=0 trimmedBlocks=0 leakedBlocks=0 objects=2771 bytesHeap=0 bytesDirect=118224147216 liveHeap=0 liveDirect=0
ARENALOOP thread=io.github.neoionet.netty.microbenchmark.ByteBufAllocatorAllocPatternBenchmark.directAllocation-1-1 arenaHeap=0 arenaDirect=2380066 delegateHeap=0 delegateDirect=31538199 arenaShare=7.02% blocksHeap=1 blocksDirect=8 pinned=8 reusable=0 maxPinnedHeap=0 maxPinnedDirect=8 blockReuses=8035 blockGrowths=7 hooks=529460 hookRejections=0 violations=0 earlyReuses=0 reallocInPlace=12 reallocMoved=0 reallocDelegated=0 trims=0 trimmedBlocks=0 leakedBlocks=0 objects=2771 bytesHeap=0 bytesDirect=131468139112 liveHeap=0 liveDirect=0
ARENALOOP thread=io.github.neoionet.netty.microbenchmark.ByteBufAllocatorAllocPatternBenchmark.directAllocation-1-9 arenaHeap=0 arenaDirect=1880193 delegateHeap=0 delegateDirect=24938105 arenaShare=7.01% blocksHeap=1 blocksDirect=8 pinned=8 reusable=0 maxPinnedHeap=0 maxPinnedDirect=8 blockReuses=6349 blockGrowths=7 hooks=418523 hookRejections=0 violations=0 earlyReuses=0 reallocInPlace=8 reallocMoved=0 reallocDelegated=0 trims=0 trimmedBlocks=0 leakedBlocks=0 objects=2771 bytesHeap=0 bytesDirect=103921729768 liveHeap=0 liveDirect=0
ARENALOOP thread=io.github.neoionet.netty.microbenchmark.ByteBufAllocatorAllocPatternBenchmark.directAllocation-1-26 arenaHeap=0 arenaDirect=2342286 delegateHeap=0 delegateDirect=31031230 arenaShare=7.02% blocksHeap=1 blocksDirect=8 pinned=8 reusable=0 maxPinnedHeap=0 maxPinnedDirect=8 blockReuses=7907 blockGrowths=7 hooks=520949 hookRejections=0 violations=0 earlyReuses=0 reallocInPlace=11 reallocMoved=0 reallocDelegated=0 trims=0 trimmedBlocks=0 leakedBlocks=0 objects=2771 bytesHeap=0 bytesDirect=129354151280 liveHeap=0 liveDirect=0
ARENALOOP thread=io.github.neoionet.netty.microbenchmark.ByteBufAllocatorAllocPatternBenchmark.directAllocation-1-7 arenaHeap=0 arenaDirect=2333266 delegateHeap=0 delegateDirect=30915222 arenaShare=7.02% blocksHeap=1 blocksDirect=8 pinned=7 reusable=0 maxPinnedHeap=0 maxPinnedDirect=8 blockReuses=7877 blockGrowths=7 hooks=518995 hookRejections=0 violations=0 earlyReuses=0 reallocInPlace=11 reallocMoved=0 reallocDelegated=0 trims=0 trimmedBlocks=0 leakedBlocks=0 objects=2771 bytesHeap=0 bytesDirect=128869196480 liveHeap=0 liveDirect=0
ARENALOOP thread=io.github.neoionet.netty.microbenchmark.ByteBufAllocatorAllocPatternBenchmark.directAllocation-1-13 arenaHeap=0 arenaDirect=1933687 delegateHeap=0 delegateDirect=25642715 arenaShare=7.01% blocksHeap=1 blocksDirect=8 pinned=8 reusable=0 maxPinnedHeap=0 maxPinnedDirect=8 blockReuses=6531 blockGrowths=7 hooks=430369 hookRejections=0 violations=0 earlyReuses=0 reallocInPlace=8 reallocMoved=0 reallocDelegated=0 trims=0 trimmedBlocks=0 leakedBlocks=0 objects=2771 bytesHeap=0 bytesDirect=106864295984 liveHeap=0 liveDirect=0
ARENALOOP thread=io.github.neoionet.netty.microbenchmark.ByteBufAllocatorAllocPatternBenchmark.directAllocation-1-27 arenaHeap=0 arenaDirect=1680690 delegateHeap=0 delegateDirect=22273318 arenaShare=7.02% blocksHeap=1 blocksDirect=8 pinned=8 reusable=0 maxPinnedHeap=0 maxPinnedDirect=8 blockReuses=5672 blockGrowths=7 hooks=373769 hookRejections=0 violations=0 earlyReuses=0 reallocInPlace=7 reallocMoved=0 reallocDelegated=0 trims=0 trimmedBlocks=0 leakedBlocks=0 objects=2771 bytesHeap=0 bytesDirect=92803555536 liveHeap=0 liveDirect=0
ARENALOOP thread=io.github.neoionet.netty.microbenchmark.ByteBufAllocatorAllocPatternBenchmark.directAllocation-1-31 arenaHeap=0 arenaDirect=2406299 delegateHeap=0 delegateDirect=31896553 arenaShare=7.01% blocksHeap=1 blocksDirect=8 pinned=8 reusable=0 maxPinnedHeap=0 maxPinnedDirect=8 blockReuses=8125 blockGrowths=7 hooks=535470 hookRejections=0 violations=0 earlyReuses=0 reallocInPlace=12 reallocMoved=0 reallocDelegated=0 trims=0 trimmedBlocks=0 leakedBlocks=0 objects=2771 bytesHeap=0 bytesDirect=132962664728 liveHeap=0 liveDirect=0
ARENALOOP thread=io.github.neoionet.netty.microbenchmark.ByteBufAllocatorAllocPatternBenchmark.directAllocation-1-29 arenaHeap=0 arenaDirect=1967746 delegateHeap=0 delegateDirect=26095275 arenaShare=7.01% blocksHeap=1 blocksDirect=8 pinned=8 reusable=0 maxPinnedHeap=0 maxPinnedDirect=8 blockReuses=6646 blockGrowths=7 hooks=437972 hookRejections=0 violations=0 earlyReuses=0 reallocInPlace=10 reallocMoved=0 reallocDelegated=0 trims=0 trimmedBlocks=0 leakedBlocks=0 objects=2771 bytesHeap=0 bytesDirect=108751548896 liveHeap=0 liveDirect=0
ARENALOOP thread=io.github.neoionet.netty.microbenchmark.ByteBufAllocatorAllocPatternBenchmark.directAllocation-1-16 arenaHeap=0 arenaDirect=1955277 delegateHeap=0 delegateDirect=25926837 arenaShare=7.01% blocksHeap=1 blocksDirect=8 pinned=8 reusable=0 maxPinnedHeap=0 maxPinnedDirect=8 blockReuses=6604 blockGrowths=7 hooks=435146 hookRejections=0 violations=0 earlyReuses=0 reallocInPlace=8 reallocMoved=0 reallocDelegated=0 trims=0 trimmedBlocks=0 leakedBlocks=0 objects=2771 bytesHeap=0 bytesDirect=108050033408 liveHeap=0 liveDirect=0
ARENALOOP thread=io.github.neoionet.netty.microbenchmark.ByteBufAllocatorAllocPatternBenchmark.directAllocation-1-6 arenaHeap=0 arenaDirect=1903198 delegateHeap=0 delegateDirect=25237343 arenaShare=7.01% blocksHeap=1 blocksDirect=8 pinned=8 reusable=0 maxPinnedHeap=0 maxPinnedDirect=8 blockReuses=6428 blockGrowths=7 hooks=423558 hookRejections=0 violations=0 earlyReuses=0 reallocInPlace=8 reallocMoved=0 reallocDelegated=0 trims=0 trimmedBlocks=0 leakedBlocks=0 objects=2771 bytesHeap=0 bytesDirect=105171620824 liveHeap=0 liveDirect=0
ARENALOOP thread=io.github.neoionet.netty.microbenchmark.ByteBufAllocatorAllocPatternBenchmark.directAllocation-1-15 arenaHeap=0 arenaDirect=2078566 delegateHeap=0 delegateDirect=27553013 arenaShare=7.01% blocksHeap=1 blocksDirect=8 pinned=8 reusable=0 maxPinnedHeap=0 maxPinnedDirect=8 blockReuses=7019 blockGrowths=7 hooks=462481 hookRejections=0 violations=0 earlyReuses=0 reallocInPlace=10 reallocMoved=0 reallocDelegated=0 trims=0 trimmedBlocks=0 leakedBlocks=0 objects=2771 bytesHeap=0 bytesDirect=114837319880 liveHeap=0 liveDirect=0
ARENALOOP thread=io.github.neoionet.netty.microbenchmark.ByteBufAllocatorAllocPatternBenchmark.directAllocation-1-8 arenaHeap=0 arenaDirect=1990016 delegateHeap=0 delegateDirect=26383761 arenaShare=7.01% blocksHeap=1 blocksDirect=8 pinned=8 reusable=0 maxPinnedHeap=0 maxPinnedDirect=8 blockReuses=6720 blockGrowths=7 hooks=442828 hookRejections=0 violations=0 earlyReuses=0 reallocInPlace=10 reallocMoved=0 reallocDelegated=0 trims=0 trimmedBlocks=0 leakedBlocks=0 objects=2771 bytesHeap=0 bytesDirect=109956363352 liveHeap=0 liveDirect=0
ARENALOOP thread=io.github.neoionet.netty.microbenchmark.ByteBufAllocatorAllocPatternBenchmark.directAllocation-1-30 arenaHeap=0 arenaDirect=2111603 delegateHeap=0 delegateDirect=28006154 arenaShare=7.01% blocksHeap=1 blocksDirect=8 pinned=8 reusable=0 maxPinnedHeap=0 maxPinnedDirect=8 blockReuses=7133 blockGrowths=7 hooks=470077 hookRejections=0 violations=0 earlyReuses=0 reallocInPlace=10 reallocMoved=0 reallocDelegated=0 trims=0 trimmedBlocks=0 leakedBlocks=0 objects=2771 bytesHeap=0 bytesDirect=116730037352 liveHeap=0 liveDirect=0
ARENALOOP thread=io.github.neoionet.netty.microbenchmark.ByteBufAllocatorAllocPatternBenchmark.directAllocation-1-32 arenaHeap=0 arenaDirect=2393941 delegateHeap=0 delegateDirect=31720089 arenaShare=7.02% blocksHeap=1 blocksDirect=8 pinned=8 reusable=0 maxPinnedHeap=0 maxPinnedDirect=8 blockReuses=8082 blockGrowths=7 hooks=532519 hookRejections=0 violations=0 earlyReuses=0 reallocInPlace=12 reallocMoved=0 reallocDelegated=0 trims=0 trimmedBlocks=0 leakedBlocks=0 objects=2771 bytesHeap=0 bytesDirect=132227063440 liveHeap=0 liveDirect=0
ARENALOOP thread=io.github.neoionet.netty.microbenchmark.ByteBufAllocatorAllocPatternBenchmark.directAllocation-1-21 arenaHeap=0 arenaDirect=2317241 delegateHeap=0 delegateDirect=30707989 arenaShare=7.02% blocksHeap=1 blocksDirect=8 pinned=8 reusable=0 maxPinnedHeap=0 maxPinnedDirect=8 blockReuses=7822 blockGrowths=7 hooks=515507 hookRejections=0 violations=0 earlyReuses=0 reallocInPlace=11 reallocMoved=0 reallocDelegated=0 trims=0 trimmedBlocks=0 leakedBlocks=0 objects=2771 bytesHeap=0 bytesDirect=128003726696 liveHeap=0 liveDirect=0
ARENALOOP thread=io.github.neoionet.netty.microbenchmark.ByteBufAllocatorAllocPatternBenchmark.directAllocation-1-4 arenaHeap=0 arenaDirect=2104941 delegateHeap=0 delegateDirect=27914174 arenaShare=7.01% blocksHeap=1 blocksDirect=8 pinned=8 reusable=0 maxPinnedHeap=0 maxPinnedDirect=8 blockReuses=7110 blockGrowths=7 hooks=468536 hookRejections=0 violations=0 earlyReuses=0 reallocInPlace=10 reallocMoved=0 reallocDelegated=0 trims=0 trimmedBlocks=0 leakedBlocks=0 objects=2771 bytesHeap=0 bytesDirect=116346120536 liveHeap=0 liveDirect=0
ARENALOOP thread=io.github.neoionet.netty.microbenchmark.ByteBufAllocatorAllocPatternBenchmark.directAllocation-1-28 arenaHeap=0 arenaDirect=2087470 delegateHeap=0 delegateDirect=27674866 arenaShare=7.01% blocksHeap=1 blocksDirect=8 pinned=8 reusable=0 maxPinnedHeap=0 maxPinnedDirect=8 blockReuses=7049 blockGrowths=7 hooks=464524 hookRejections=0 violations=0 earlyReuses=0 reallocInPlace=10 reallocMoved=0 reallocDelegated=0 trims=0 trimmedBlocks=0 leakedBlocks=0 objects=2771 bytesHeap=0 bytesDirect=115346913576 liveHeap=0 liveDirect=0
ARENALOOP thread=io.github.neoionet.netty.microbenchmark.ByteBufAllocatorAllocPatternBenchmark.directAllocation-1-19 arenaHeap=0 arenaDirect=2623521 delegateHeap=0 delegateDirect=34768892 arenaShare=7.02% blocksHeap=1 blocksDirect=8 pinned=8 reusable=0 maxPinnedHeap=0 maxPinnedDirect=8 blockReuses=8859 blockGrowths=7 hooks=583744 hookRejections=0 violations=0 earlyReuses=0 reallocInPlace=12 reallocMoved=0 reallocDelegated=0 trims=0 trimmedBlocks=0 leakedBlocks=0 objects=2771 bytesHeap=0 bytesDirect=144947868264 liveHeap=0 liveDirect=0
ARENALOOP thread=io.github.neoionet.netty.microbenchmark.ByteBufAllocatorAllocPatternBenchmark.directAllocation-1-5 arenaHeap=0 arenaDirect=2115381 delegateHeap=0 delegateDirect=28054555 arenaShare=7.01% blocksHeap=1 blocksDirect=8 pinned=8 reusable=0 maxPinnedHeap=0 maxPinnedDirect=8 blockReuses=7146 blockGrowths=7 hooks=470893 hookRejections=0 violations=0 earlyReuses=0 reallocInPlace=10 reallocMoved=0 reallocDelegated=0 trims=0 trimmedBlocks=0 leakedBlocks=0 objects=2771 bytesHeap=0 bytesDirect=116932066320 liveHeap=0 liveDirect=0
ARENALOOP thread=io.github.neoionet.netty.microbenchmark.ByteBufAllocatorAllocPatternBenchmark.directAllocation-1-2 arenaHeap=0 arenaDirect=2072132 delegateHeap=0 delegateDirect=27469980 arenaShare=7.01% blocksHeap=1 blocksDirect=8 pinned=8 reusable=0 maxPinnedHeap=0 maxPinnedDirect=8 blockReuses=6997 blockGrowths=7 hooks=461083 hookRejections=0 violations=0 earlyReuses=0 reallocInPlace=10 reallocMoved=0 reallocDelegated=0 trims=0 trimmedBlocks=0 leakedBlocks=0 objects=2771 bytesHeap=0 bytesDirect=114490410280 liveHeap=0 liveDirect=0
ARENALOOP thread=io.github.neoionet.netty.microbenchmark.ByteBufAllocatorAllocPatternBenchmark.directAllocation-1-24 arenaHeap=0 arenaDirect=2083733 delegateHeap=0 delegateDirect=27617986 arenaShare=7.02% blocksHeap=1 blocksDirect=8 pinned=8 reusable=0 maxPinnedHeap=0 maxPinnedDirect=8 blockReuses=7036 blockGrowths=7 hooks=463577 hookRejections=0 violations=0 earlyReuses=0 reallocInPlace=10 reallocMoved=0 reallocDelegated=0 trims=0 trimmedBlocks=0 leakedBlocks=0 objects=2771 bytesHeap=0 bytesDirect=115109005128 liveHeap=0 liveDirect=0
ARENALOOP thread=io.github.neoionet.netty.microbenchmark.ByteBufAllocatorAllocPatternBenchmark.directAllocation-1-3 arenaHeap=0 arenaDirect=2367522 delegateHeap=0 delegateDirect=31372868 arenaShare=7.02% blocksHeap=1 blocksDirect=8 pinned=8 reusable=0 maxPinnedHeap=0 maxPinnedDirect=8 blockReuses=7994 blockGrowths=7 hooks=526681 hookRejections=0 violations=0 earlyReuses=0 reallocInPlace=12 reallocMoved=0 reallocDelegated=0 trims=0 trimmedBlocks=0 leakedBlocks=0 objects=2771 bytesHeap=0 bytesDirect=130778488512 liveHeap=0 liveDirect=0
ARENALOOP thread=io.github.neoionet.netty.microbenchmark.ByteBufAllocatorAllocPatternBenchmark.directAllocation-1-20 arenaHeap=0 arenaDirect=2150064 delegateHeap=0 delegateDirect=28511460 arenaShare=7.01% blocksHeap=1 blocksDirect=8 pinned=8 reusable=0 maxPinnedHeap=0 maxPinnedDirect=8 blockReuses=7262 blockGrowths=7 hooks=478574 hookRejections=0 violations=0 earlyReuses=0 reallocInPlace=10 reallocMoved=0 reallocDelegated=0 trims=0 trimmedBlocks=0 leakedBlocks=0 objects=2771 bytesHeap=0 bytesDirect=118839079320 liveHeap=0 liveDirect=0
ARENALOOP thread=io.github.neoionet.netty.microbenchmark.ByteBufAllocatorAllocPatternBenchmark.directAllocation-1-18 arenaHeap=0 arenaDirect=2202285 delegateHeap=0 delegateDirect=29205460 arenaShare=7.01% blocksHeap=1 blocksDirect=8 pinned=8 reusable=0 maxPinnedHeap=0 maxPinnedDirect=8 blockReuses=7439 blockGrowths=7 hooks=490234 hookRejections=0 violations=0 earlyReuses=0 reallocInPlace=11 reallocMoved=0 reallocDelegated=0 trims=0 trimmedBlocks=0 leakedBlocks=0 objects=2771 bytesHeap=0 bytesDirect=121734888944 liveHeap=0 liveDirect=0
ARENALOOP thread=io.github.neoionet.netty.microbenchmark.ByteBufAllocatorAllocPatternBenchmark.directAllocation-1-23 arenaHeap=0 arenaDirect=2405998 delegateHeap=0 delegateDirect=31891075 arenaShare=7.02% blocksHeap=1 blocksDirect=8 pinned=8 reusable=0 maxPinnedHeap=0 maxPinnedDirect=8 blockReuses=8124 blockGrowths=7 hooks=535379 hookRejections=0 violations=0 earlyReuses=0 reallocInPlace=12 reallocMoved=0 reallocDelegated=0 trims=0 trimmedBlocks=0 leakedBlocks=0 objects=2771 bytesHeap=0 bytesDirect=132939864776 liveHeap=0 liveDirect=0
ARENALOOP thread=io.github.neoionet.netty.microbenchmark.ByteBufAllocatorAllocPatternBenchmark.directAllocation-1-12 arenaHeap=0 arenaDirect=2157059 delegateHeap=0 delegateDirect=28602679 arenaShare=7.01% blocksHeap=1 blocksDirect=8 pinned=8 reusable=0 maxPinnedHeap=0 maxPinnedDirect=8 blockReuses=7286 blockGrowths=7 hooks=480108 hookRejections=0 violations=0 earlyReuses=0 reallocInPlace=10 reallocMoved=0 reallocDelegated=0 trims=0 trimmedBlocks=0 leakedBlocks=0 objects=2771 bytesHeap=0 bytesDirect=119219561472 liveHeap=0 liveDirect=0
ARENALOOP thread=io.github.neoionet.netty.microbenchmark.ByteBufAllocatorAllocPatternBenchmark.directAllocation-1-11 arenaHeap=0 arenaDirect=2052032 delegateHeap=0 delegateDirect=27200882 arenaShare=7.01% blocksHeap=1 blocksDirect=8 pinned=8 reusable=0 maxPinnedHeap=0 maxPinnedDirect=8 blockReuses=6928 blockGrowths=7 hooks=456564 hookRejections=0 violations=0 earlyReuses=0 reallocInPlace=10 reallocMoved=0 reallocDelegated=0 trims=0 trimmedBlocks=0 leakedBlocks=0 objects=2771 bytesHeap=0 bytesDirect=113366075952 liveHeap=0 liveDirect=0
ARENALOOP thread=io.github.neoionet.netty.microbenchmark.ByteBufAllocatorAllocPatternBenchmark.directAllocation-1-10 arenaHeap=0 arenaDirect=2300525 delegateHeap=0 delegateDirect=30475802 arenaShare=7.02% blocksHeap=1 blocksDirect=8 pinned=8 reusable=0 maxPinnedHeap=0 maxPinnedDirect=8 blockReuses=7764 blockGrowths=7 hooks=511618 hookRejections=0 violations=0 earlyReuses=0 reallocInPlace=11 reallocMoved=0 reallocDelegated=0 trims=0 trimmedBlocks=0 leakedBlocks=0 objects=2771 bytesHeap=0 bytesDirect=127035976680 liveHeap=0 liveDirect=0
ARENALOOP thread=io.github.neoionet.netty.microbenchmark.ByteBufAllocatorAllocPatternBenchmark.directAllocation-1-22 arenaHeap=0 arenaDirect=2042954 delegateHeap=0 delegateDirect=27077520 arenaShare=7.02% blocksHeap=1 blocksDirect=8 pinned=8 reusable=0 maxPinnedHeap=0 maxPinnedDirect=8 blockReuses=6897 blockGrowths=7 hooks=454495 hookRejections=0 violations=0 earlyReuses=0 reallocInPlace=10 reallocMoved=0 reallocDelegated=0 trims=0 trimmedBlocks=0 leakedBlocks=0 objects=2771 bytesHeap=0 bytesDirect=112851208048 liveHeap=0 liveDirect=0
830.975 ±(99.9%) 249.461 ns/op

# Run progress: 38.10% complete, ETA 00:10:54
# Fork: 2 of 3
# Warmup Iteration   1: 1036.203 ±(99.9%) 124.066 ns/op
# Warmup Iteration   2: 704.893 ±(99.9%) 90.656 ns/op
# Warmup Iteration   3: 705.217 ±(99.9%) 93.134 ns/op
# Warmup Iteration   4: 834.299 ±(99.9%) 232.147 ns/op
# Warmup Iteration   5: 777.931 ±(99.9%) 162.900 ns/op
# Warmup Iteration   6: 823.615 ±(99.9%) 222.471 ns/op
# Warmup Iteration   7: 736.595 ±(99.9%) 148.748 ns/op
# Warmup Iteration   8: 767.435 ±(99.9%) 129.338 ns/op
# Warmup Iteration   9: 877.457 ±(99.9%) 223.109 ns/op
# Warmup Iteration  10: 754.296 ±(99.9%) 88.190 ns/op
Iteration   1: 826.486 ±(99.9%) 175.646 ns/op
Iteration   2: 793.073 ±(99.9%) 135.046 ns/op
Iteration   3: 811.965 ±(99.9%) 200.040 ns/op
Iteration   4: 772.047 ±(99.9%) 156.998 ns/op
Iteration   5: 782.817 ±(99.9%) 140.091 ns/op
Iteration   6: 796.491 ±(99.9%) 157.564 ns/op
Iteration   7: 795.067 ±(99.9%) 154.001 ns/op
Iteration   8: 789.165 ±(99.9%) 151.123 ns/op
Iteration   9: 830.072 ±(99.9%) 222.294 ns/op
Iteration  10: cRSS-pRSS:[7392, 7392]
;used-memory:[0]
ARENATELE blockSize=262144 maxBlocks=8 cap=8192 maxObjects=16384 debug=false arenaHeap=0 arenaDirect=64848377 delegateHeap=0 delegateDirect=859765809 arenaShare=7.01% blocksHeap=32 blocksDirect=256 pinned=255 reusable=0 maxPinnedHeap=0 maxPinnedDirect=256 blockReuses=218989 blockGrowths=224 hooks=14430698 hookRejections=0 violations=0 earlyReuses=0 reallocInPlace=301 reallocMoved=0 reallocDelegated=0 trims=0 trimmedBlocks=0 leakedBlocks=0 objects=88672 bytesHeap=0 bytesDirect=3583246884056 liveHeap=0 liveDirect=115
ARENALOOP thread=io.github.neoionet.netty.microbenchmark.ByteBufAllocatorAllocPatternBenchmark.directAllocation-1-27 arenaHeap=0 arenaDirect=2189256 delegateHeap=0 delegateDirect=29027219 arenaShare=7.01% blocksHeap=1 blocksDirect=8 pinned=7 reusable=0 maxPinnedHeap=0 maxPinnedDirect=8 blockReuses=7395 blockGrowths=7 hooks=487245 hookRejections=0 violations=0 earlyReuses=0 reallocInPlace=11 reallocMoved=0 reallocDelegated=0 trims=0 trimmedBlocks=0 leakedBlocks=0 objects=2771 bytesHeap=0 bytesDirect=120990719792 liveHeap=0 liveDirect=115
ARENALOOP thread=io.github.neoionet.netty.microbenchmark.ByteBufAllocatorAllocPatternBenchmark.directAllocation-1-13 arenaHeap=0 arenaDirect=1996827 delegateHeap=0 delegateDirect=26475237 arenaShare=7.01% blocksHeap=1 blocksDirect=8 pinned=8 reusable=0 maxPinnedHeap=0 maxPinnedDirect=8 blockReuses=6743 blockGrowths=7 hooks=444364 hookRejections=0 violations=0 earlyReuses=0 reallocInPlace=10 reallocMoved=0 reallocDelegated=0 trims=0 trimmedBlocks=0 leakedBlocks=0 objects=2771 bytesHeap=0 bytesDirect=110337890584 liveHeap=0 liveDirect=0
ARENALOOP thread=io.github.neoionet.netty.microbenchmark.ByteBufAllocatorAllocPatternBenchmark.directAllocation-1-15 arenaHeap=0 arenaDirect=2486572 delegateHeap=0 delegateDirect=32963897 arenaShare=7.01% blocksHeap=1 blocksDirect=8 pinned=8 reusable=0 maxPinnedHeap=0 maxPinnedDirect=8 blockReuses=8399 blockGrowths=7 hooks=553401 hookRejections=0 violations=0 earlyReuses=0 reallocInPlace=12 reallocMoved=0 reallocDelegated=0 trims=0 trimmedBlocks=0 leakedBlocks=0 objects=2771 bytesHeap=0 bytesDirect=137416068768 liveHeap=0 liveDirect=0
ARENALOOP thread=io.github.neoionet.netty.microbenchmark.ByteBufAllocatorAllocPatternBenchmark.directAllocation-1-28 arenaHeap=0 arenaDirect=2251627 delegateHeap=0 delegateDirect=29840940 arenaShare=7.02% blocksHeap=1 blocksDirect=8 pinned=8 reusable=0 maxPinnedHeap=0 maxPinnedDirect=8 blockReuses=7602 blockGrowths=7 hooks=500934 hookRejections=0 violations=0 earlyReuses=0 reallocInPlace=11 reallocMoved=0 reallocDelegated=0 trims=0 trimmedBlocks=0 leakedBlocks=0 objects=2771 bytesHeap=0 bytesDirect=124386397632 liveHeap=0 liveDirect=0
ARENALOOP thread=io.github.neoionet.netty.microbenchmark.ByteBufAllocatorAllocPatternBenchmark.directAllocation-1-18 arenaHeap=0 arenaDirect=2138712 delegateHeap=0 delegateDirect=28360912 arenaShare=7.01% blocksHeap=1 blocksDirect=8 pinned=8 reusable=0 maxPinnedHeap=0 maxPinnedDirect=8 blockReuses=7224 blockGrowths=7 hooks=476044 hookRejections=0 violations=0 earlyReuses=0 reallocInPlace=10 reallocMoved=0 reallocDelegated=0 trims=0 trimmedBlocks=0 leakedBlocks=0 objects=2771 bytesHeap=0 bytesDirect=118210796496 liveHeap=0 liveDirect=0
ARENALOOP thread=io.github.neoionet.netty.microbenchmark.ByteBufAllocatorAllocPatternBenchmark.directAllocation-1-25 arenaHeap=0 arenaDirect=1997769 delegateHeap=0 delegateDirect=26482557 arenaShare=7.01% blocksHeap=1 blocksDirect=8 pinned=8 reusable=0 maxPinnedHeap=0 maxPinnedDirect=8 blockReuses=6746 blockGrowths=7 hooks=444493 hookRejections=0 violations=0 earlyReuses=0 reallocInPlace=10 reallocMoved=0 reallocDelegated=0 trims=0 trimmedBlocks=0 leakedBlocks=0 objects=2771 bytesHeap=0 bytesDirect=110369077256 liveHeap=0 liveDirect=0
ARENALOOP thread=io.github.neoionet.netty.microbenchmark.ByteBufAllocatorAllocPatternBenchmark.directAllocation-1-20 arenaHeap=0 arenaDirect=2027941 delegateHeap=0 delegateDirect=26881390 arenaShare=7.01% blocksHeap=1 blocksDirect=8 pinned=8 reusable=0 maxPinnedHeap=0 maxPinnedDirect=8 blockReuses=6847 blockGrowths=7 hooks=451196 hookRejections=0 violations=0 earlyReuses=0 reallocInPlace=10 reallocMoved=0 reallocDelegated=0 trims=0 trimmedBlocks=0 leakedBlocks=0 objects=2771 bytesHeap=0 bytesDirect=112032411088 liveHeap=0 liveDirect=0
ARENALOOP thread=io.github.neoionet.netty.microbenchmark.ByteBufAllocatorAllocPatternBenchmark.directAllocation-1-32 arenaHeap=0 arenaDirect=2111599 delegateHeap=0 delegateDirect=28004705 arenaShare=7.01% blocksHeap=1 blocksDirect=8 pinned=8 reusable=0 maxPinnedHeap=0 maxPinnedDirect=8 blockReuses=7133 blockGrowths=7 hooks=470055 hookRejections=0 violations=0 earlyReuses=0 reallocInPlace=10 reallocMoved=0 reallocDelegated=0 trims=0 trimmedBlocks=0 leakedBlocks=0 objects=2771 bytesHeap=0 bytesDirect=116724270424 liveHeap=0 liveDirect=0
ARENALOOP thread=io.github.neoionet.netty.microbenchmark.ByteBufAllocatorAllocPatternBenchmark.directAllocation-1-24 arenaHeap=0 arenaDirect=2169586 delegateHeap=0 delegateDirect=28769799 arenaShare=7.01% blocksHeap=1 blocksDirect=8 pinned=8 reusable=0 maxPinnedHeap=0 maxPinnedDirect=8 blockReuses=7328 blockGrowths=7 hooks=482915 hookRejections=0 violations=0 earlyReuses=0 reallocInPlace=11 reallocMoved=0 reallocDelegated=0 trims=0 trimmedBlocks=0 leakedBlocks=0 objects=2771 bytesHeap=0 bytesDirect=119916331544 liveHeap=0 liveDirect=0
ARENALOOP thread=io.github.neoionet.netty.microbenchmark.ByteBufAllocatorAllocPatternBenchmark.directAllocation-1-10 arenaHeap=0 arenaDirect=1954672 delegateHeap=0 delegateDirect=25918036 arenaShare=7.01% blocksHeap=1 blocksDirect=8 pinned=8 reusable=0 maxPinnedHeap=0 maxPinnedDirect=8 blockReuses=6602 blockGrowths=7 hooks=434999 hookRejections=0 violations=0 earlyReuses=0 reallocInPlace=8 reallocMoved=0 reallocDelegated=0 trims=0 trimmedBlocks=0 leakedBlocks=0 objects=2771 bytesHeap=0 bytesDirect=108013343800 liveHeap=0 liveDirect=0
ARENALOOP thread=io.github.neoionet.netty.microbenchmark.ByteBufAllocatorAllocPatternBenchmark.directAllocation-1-1 arenaHeap=0 arenaDirect=2002451 delegateHeap=0 delegateDirect=26547477 arenaShare=7.01% blocksHeap=1 blocksDirect=8 pinned=8 reusable=0 maxPinnedHeap=0 maxPinnedDirect=8 blockReuses=6762 blockGrowths=7 hooks=445580 hookRejections=0 violations=0 earlyReuses=0 reallocInPlace=10 reallocMoved=0 reallocDelegated=0 trims=0 trimmedBlocks=0 leakedBlocks=0 objects=2771 bytesHeap=0 bytesDirect=110639202008 liveHeap=0 liveDirect=0
ARENALOOP thread=io.github.neoionet.netty.microbenchmark.ByteBufAllocatorAllocPatternBenchmark.directAllocation-1-16 arenaHeap=0 arenaDirect=1964161 delegateHeap=0 delegateDirect=26046321 arenaShare=7.01% blocksHeap=1 blocksDirect=8 pinned=8 reusable=0 maxPinnedHeap=0 maxPinnedDirect=8 blockReuses=6634 blockGrowths=7 hooks=437151 hookRejections=0 violations=0 earlyReuses=0 reallocInPlace=9 reallocMoved=0 reallocDelegated=0 trims=0 trimmedBlocks=0 leakedBlocks=0 objects=2771 bytesHeap=0 bytesDirect=108547677840 liveHeap=0 liveDirect=0
ARENALOOP thread=io.github.neoionet.netty.microbenchmark.ByteBufAllocatorAllocPatternBenchmark.directAllocation-1-17 arenaHeap=0 arenaDirect=1870622 delegateHeap=0 delegateDirect=24811670 arenaShare=7.01% blocksHeap=1 blocksDirect=8 pinned=8 reusable=0 maxPinnedHeap=0 maxPinnedDirect=8 blockReuses=6318 blockGrowths=7 hooks=416398 hookRejections=0 violations=0 earlyReuses=0 reallocInPlace=8 reallocMoved=0 reallocDelegated=0 trims=0 trimmedBlocks=0 leakedBlocks=0 objects=2771 bytesHeap=0 bytesDirect=103394814152 liveHeap=0 liveDirect=0
ARENALOOP thread=io.github.neoionet.netty.microbenchmark.ByteBufAllocatorAllocPatternBenchmark.directAllocation-1-4 arenaHeap=0 arenaDirect=1951644 delegateHeap=0 delegateDirect=25882999 arenaShare=7.01% blocksHeap=1 blocksDirect=8 pinned=8 reusable=0 maxPinnedHeap=0 maxPinnedDirect=8 blockReuses=6592 blockGrowths=7 hooks=434404 hookRejections=0 violations=0 earlyReuses=0 reallocInPlace=8 reallocMoved=0 reallocDelegated=0 trims=0 trimmedBlocks=0 leakedBlocks=0 objects=2771 bytesHeap=0 bytesDirect=107866886184 liveHeap=0 liveDirect=0
ARENALOOP thread=io.github.neoionet.netty.microbenchmark.ByteBufAllocatorAllocPatternBenchmark.directAllocation-1-3 arenaHeap=0 arenaDirect=2327520 delegateHeap=0 delegateDirect=30837580 arenaShare=7.02% blocksHeap=1 blocksDirect=8 pinned=8 reusable=0 maxPinnedHeap=0 maxPinnedDirect=8 blockReuses=7857 blockGrowths=7 hooks=517692 hookRejections=0 violations=0 earlyReuses=0 reallocInPlace=11 reallocMoved=0 reallocDelegated=0 trims=0 trimmedBlocks=0 leakedBlocks=0 objects=2771 bytesHeap=0 bytesDirect=128545038432 liveHeap=0 liveDirect=0
ARENALOOP thread=io.github.neoionet.netty.microbenchmark.ByteBufAllocatorAllocPatternBenchmark.directAllocation-1-31 arenaHeap=0 arenaDirect=1789930 delegateHeap=0 delegateDirect=23723390 arenaShare=7.02% blocksHeap=1 blocksDirect=8 pinned=8 reusable=0 maxPinnedHeap=0 maxPinnedDirect=8 blockReuses=6042 blockGrowths=7 hooks=398133 hookRejections=0 violations=0 earlyReuses=0 reallocInPlace=7 reallocMoved=0 reallocDelegated=0 trims=0 trimmedBlocks=0 leakedBlocks=0 objects=2771 bytesHeap=0 bytesDirect=98854887992 liveHeap=0 liveDirect=0
ARENALOOP thread=io.github.neoionet.netty.microbenchmark.ByteBufAllocatorAllocPatternBenchmark.directAllocation-1-21 arenaHeap=0 arenaDirect=2003912 delegateHeap=0 delegateDirect=26569309 arenaShare=7.01% blocksHeap=1 blocksDirect=8 pinned=8 reusable=0 maxPinnedHeap=0 maxPinnedDirect=8 blockReuses=6767 blockGrowths=7 hooks=445944 hookRejections=0 violations=0 earlyReuses=0 reallocInPlace=10 reallocMoved=0 reallocDelegated=0 trims=0 trimmedBlocks=0 leakedBlocks=0 objects=2771 bytesHeap=0 bytesDirect=110730135736 liveHeap=0 liveDirect=0
ARENALOOP thread=io.github.neoionet.netty.microbenchmark.ByteBufAllocatorAllocPatternBenchmark.directAllocation-1-30 arenaHeap=0 arenaDirect=2276879 delegateHeap=0 delegateDirect=30176280 arenaShare=7.02% blocksHeap=1 blocksDirect=8 pinned=8 reusable=0 maxPinnedHeap=0 maxPinnedDirect=8 blockReuses=7686 blockGrowths=7 hooks=506568 hookRejections=0 violations=0 earlyReuses=0 reallocInPlace=11 reallocMoved=0 reallocDelegated=0 trims=0 trimmedBlocks=0 leakedBlocks=0 objects=2771 bytesHeap=0 bytesDirect=125785398008 liveHeap=0 liveDirect=0
ARENALOOP thread=io.github.neoionet.netty.microbenchmark.ByteBufAllocatorAllocPatternBenchmark.directAllocation-1-2 arenaHeap=0 arenaDirect=1919151 delegateHeap=0 delegateDirect=25449785 arenaShare=7.01% blocksHeap=1 blocksDirect=8 pinned=8 reusable=0 maxPinnedHeap=0 maxPinnedDirect=8 blockReuses=6482 blockGrowths=7 hooks=427127 hookRejections=0 violations=0 earlyReuses=0 reallocInPlace=8 reallocMoved=0 reallocDelegated=0 trims=0 trimmedBlocks=0 leakedBlocks=0 objects=2771 bytesHeap=0 bytesDirect=106058547128 liveHeap=0 liveDirect=0
ARENALOOP thread=io.github.neoionet.netty.microbenchmark.ByteBufAllocatorAllocPatternBenchmark.directAllocation-1-5 arenaHeap=0 arenaDirect=2067117 delegateHeap=0 delegateDirect=27399857 arenaShare=7.02% blocksHeap=1 blocksDirect=8 pinned=8 reusable=0 maxPinnedHeap=0 maxPinnedDirect=8 blockReuses=6980 blockGrowths=7 hooks=459909 hookRejections=0 violations=0 earlyReuses=0 reallocInPlace=10 reallocMoved=0 reallocDelegated=0 trims=0 trimmedBlocks=0 leakedBlocks=0 objects=2771 bytesHeap=0 bytesDirect=114197493688 liveHeap=0 liveDirect=0
ARENALOOP thread=io.github.neoionet.netty.microbenchmark.ByteBufAllocatorAllocPatternBenchmark.directAllocation-1-11 arenaHeap=0 arenaDirect=1783886 delegateHeap=0 delegateDirect=23644691 arenaShare=7.02% blocksHeap=1 blocksDirect=8 pinned=8 reusable=0 maxPinnedHeap=0 maxPinnedDirect=8 blockReuses=6021 blockGrowths=7 hooks=396809 hookRejections=0 violations=0 earlyReuses=0 reallocInPlace=7 reallocMoved=0 reallocDelegated=0 trims=0 trimmedBlocks=0 leakedBlocks=0 objects=2771 bytesHeap=0 bytesDirect=98526815352 liveHeap=0 liveDirect=0
ARENALOOP thread=io.github.neoionet.netty.microbenchmark.ByteBufAllocatorAllocPatternBenchmark.directAllocation-1-8 arenaHeap=0 arenaDirect=2034803 delegateHeap=0 delegateDirect=26967640 arenaShare=7.02% blocksHeap=1 blocksDirect=8 pinned=8 reusable=0 maxPinnedHeap=0 maxPinnedDirect=8 blockReuses=6869 blockGrowths=7 hooks=452651 hookRejections=0 violations=0 earlyReuses=0 reallocInPlace=10 reallocMoved=0 reallocDelegated=0 trims=0 trimmedBlocks=0 leakedBlocks=0 objects=2771 bytesHeap=0 bytesDirect=112392654160 liveHeap=0 liveDirect=0
ARENALOOP thread=io.github.neoionet.netty.microbenchmark.ByteBufAllocatorAllocPatternBenchmark.directAllocation-1-6 arenaHeap=0 arenaDirect=1967207 delegateHeap=0 delegateDirect=26083294 arenaShare=7.01% blocksHeap=1 blocksDirect=8 pinned=8 reusable=0 maxPinnedHeap=0 maxPinnedDirect=8 blockReuses=6644 blockGrowths=7 hooks=437777 hookRejections=0 violations=0 earlyReuses=0 reallocInPlace=10 reallocMoved=0 reallocDelegated=0 trims=0 trimmedBlocks=0 leakedBlocks=0 objects=2771 bytesHeap=0 bytesDirect=108702279416 liveHeap=0 liveDirect=0
ARENALOOP thread=io.github.neoionet.netty.microbenchmark.ByteBufAllocatorAllocPatternBenchmark.directAllocation-1-7 arenaHeap=0 arenaDirect=1945200 delegateHeap=0 delegateDirect=25795266 arenaShare=7.01% blocksHeap=1 blocksDirect=8 pinned=8 reusable=0 maxPinnedHeap=0 maxPinnedDirect=8 blockReuses=6570 blockGrowths=7 hooks=432932 hookRejections=0 violations=0 earlyReuses=0 reallocInPlace=8 reallocMoved=0 reallocDelegated=0 trims=0 trimmedBlocks=0 leakedBlocks=0 objects=2771 bytesHeap=0 bytesDirect=107500258528 liveHeap=0 liveDirect=0
ARENALOOP thread=io.github.neoionet.netty.microbenchmark.ByteBufAllocatorAllocPatternBenchmark.directAllocation-1-14 arenaHeap=0 arenaDirect=1889356 delegateHeap=0 delegateDirect=25054792 arenaShare=7.01% blocksHeap=1 blocksDirect=8 pinned=8 reusable=0 maxPinnedHeap=0 maxPinnedDirect=8 blockReuses=6381 blockGrowths=7 hooks=420490 hookRejections=0 violations=0 earlyReuses=0 reallocInPlace=8 reallocMoved=0 reallocDelegated=0 trims=0 trimmedBlocks=0 leakedBlocks=0 objects=2771 bytesHeap=0 bytesDirect=104409350752 liveHeap=0 liveDirect=0
ARENALOOP thread=io.github.neoionet.netty.microbenchmark.ByteBufAllocatorAllocPatternBenchmark.directAllocation-1-9 arenaHeap=0 arenaDirect=1820732 delegateHeap=0 delegateDirect=24151921 arenaShare=7.01% blocksHeap=1 blocksDirect=8 pinned=8 reusable=0 maxPinnedHeap=0 maxPinnedDirect=8 blockReuses=6149 blockGrowths=7 hooks=405310 hookRejections=0 violations=0 earlyReuses=0 reallocInPlace=7 reallocMoved=0 reallocDelegated=0 trims=0 trimmedBlocks=0 leakedBlocks=0 objects=2771 bytesHeap=0 bytesDirect=100641292128 liveHeap=0 liveDirect=0
ARENALOOP thread=io.github.neoionet.netty.microbenchmark.ByteBufAllocatorAllocPatternBenchmark.directAllocation-1-23 arenaHeap=0 arenaDirect=2123154 delegateHeap=0 delegateDirect=28157568 arenaShare=7.01% blocksHeap=1 blocksDirect=8 pinned=8 reusable=0 maxPinnedHeap=0 maxPinnedDirect=8 blockReuses=7172 blockGrowths=7 hooks=472624 hookRejections=0 violations=0 earlyReuses=0 reallocInPlace=10 reallocMoved=0 reallocDelegated=0 trims=0 trimmedBlocks=0 leakedBlocks=0 objects=2771 bytesHeap=0 bytesDirect=117361606096 liveHeap=0 liveDirect=0
ARENALOOP thread=io.github.neoionet.netty.microbenchmark.ByteBufAllocatorAllocPatternBenchmark.directAllocation-1-29 arenaHeap=0 arenaDirect=1666735 delegateHeap=0 delegateDirect=22093684 arenaShare=7.01% blocksHeap=1 blocksDirect=8 pinned=8 reusable=0 maxPinnedHeap=0 maxPinnedDirect=8 blockReuses=5625 blockGrowths=7 hooks=370744 hookRejections=0 violations=0 earlyReuses=0 reallocInPlace=7 reallocMoved=0 reallocDelegated=0 trims=0 trimmedBlocks=0 leakedBlocks=0 objects=2771 bytesHeap=0 bytesDirect=92053082224 liveHeap=0 liveDirect=0
ARENALOOP thread=io.github.neoionet.netty.microbenchmark.ByteBufAllocatorAllocPatternBenchmark.directAllocation-1-19 arenaHeap=0 arenaDirect=2006894 delegateHeap=0 delegateDirect=26605670 arenaShare=7.01% blocksHeap=1 blocksDirect=8 pinned=8 reusable=0 maxPinnedHeap=0 maxPinnedDirect=8 blockReuses=6777 blockGrowths=7 hooks=446559 hookRejections=0 violations=0 earlyReuses=0 reallocInPlace=10 reallocMoved=0 reallocDelegated=0 trims=0 trimmedBlocks=0 leakedBlocks=0 objects=2771 bytesHeap=0 bytesDirect=110882120872 liveHeap=0 liveDirect=0
ARENALOOP thread=io.github.neoionet.netty.microbenchmark.ByteBufAllocatorAllocPatternBenchmark.directAllocation-1-26 arenaHeap=0 arenaDirect=1968932 delegateHeap=0 delegateDirect=26107576 arenaShare=7.01% blocksHeap=1 blocksDirect=8 pinned=8 reusable=0 maxPinnedHeap=0 maxPinnedDirect=8 blockReuses=6650 blockGrowths=7 hooks=438183 hookRejections=0 violations=0 earlyReuses=0 reallocInPlace=10 reallocMoved=0 reallocDelegated=0 trims=0 trimmedBlocks=0 leakedBlocks=0 objects=2771 bytesHeap=0 bytesDirect=108803180064 liveHeap=0 liveDirect=0
ARENALOOP thread=io.github.neoionet.netty.microbenchmark.ByteBufAllocatorAllocPatternBenchmark.directAllocation-1-12 arenaHeap=0 arenaDirect=2245548 delegateHeap=0 delegateDirect=29765108 arenaShare=7.02% blocksHeap=1 blocksDirect=8 pinned=8 reusable=0 maxPinnedHeap=0 maxPinnedDirect=8 blockReuses=7582 blockGrowths=7 hooks=499654 hookRejections=0 violations=0 earlyReuses=0 reallocInPlace=11 reallocMoved=0 reallocDelegated=0 trims=0 trimmedBlocks=0 leakedBlocks=0 objects=2771 bytesHeap=0 bytesDirect=124069845288 liveHeap=0 liveDirect=0
ARENALOOP thread=io.github.neoionet.netty.microbenchmark.ByteBufAllocatorAllocPatternBenchmark.directAllocation-1-22 arenaHeap=0 arenaDirect=1897982 delegateHeap=0 delegateDirect=25169239 arenaShare=7.01% blocksHeap=1 blocksDirect=8 pinned=8 reusable=0 maxPinnedHeap=0 maxPinnedDirect=8 blockReuses=6410 blockGrowths=7 hooks=422413 hookRejections=0 violations=0 earlyReuses=0 reallocInPlace=8 reallocMoved=0 reallocDelegated=0 trims=0 trimmedBlocks=0 leakedBlocks=0 objects=2771 bytesHeap=0 bytesDirect=104887010624 liveHeap=0 liveDirect=0
778.252 ±(99.9%) 163.823 ns/op

# Run progress: 40.48% complete, ETA 00:10:30
# Fork: 3 of 3
# Warmup Iteration   1: 1040.310 ±(99.9%) 90.093 ns/op
# Warmup Iteration   2: 1007.314 ±(99.9%) 135.076 ns/op
# Warmup Iteration   3: 745.166 ±(99.9%) 164.273 ns/op
# Warmup Iteration   4: 758.267 ±(99.9%) 159.204 ns/op
# Warmup Iteration   5: 729.308 ±(99.9%) 118.163 ns/op
# Warmup Iteration   6: 755.591 ±(99.9%) 177.075 ns/op
# Warmup Iteration   7: 760.193 ±(99.9%) 169.157 ns/op
# Warmup Iteration   8: 746.627 ±(99.9%) 120.871 ns/op
# Warmup Iteration   9: 748.128 ±(99.9%) 164.239 ns/op
# Warmup Iteration  10: 757.890 ±(99.9%) 173.362 ns/op
Iteration   1: 783.136 ±(99.9%) 187.519 ns/op
Iteration   2: 773.466 ±(99.9%) 210.863 ns/op
Iteration   3: 724.315 ±(99.9%) 123.286 ns/op
Iteration   4: 718.673 ±(99.9%) 98.159 ns/op
Iteration   5: 733.142 ±(99.9%) 123.015 ns/op
Iteration   6: 815.192 ±(99.9%) 238.723 ns/op
Iteration   7: 735.282 ±(99.9%) 139.313 ns/op
Iteration   8: 853.688 ±(99.9%) 266.040 ns/op
Iteration   9: 768.442 ±(99.9%) 162.594 ns/op
Iteration  10: cRSS-pRSS:[7408, 7408]
;used-memory:[0]
ARENATELE blockSize=262144 maxBlocks=8 cap=8192 maxObjects=16384 debug=false arenaHeap=0 arenaDirect=67018890 delegateHeap=0 delegateDirect=888477448 arenaShare=7.01% blocksHeap=32 blocksDirect=256 pinned=256 reusable=0 maxPinnedHeap=0 maxPinnedDirect=256 blockReuses=226318 blockGrowths=224 hooks=14913233 hookRejections=0 violations=0 earlyReuses=0 reallocInPlace=315 reallocMoved=0 reallocDelegated=0 trims=0 trimmedBlocks=0 leakedBlocks=0 objects=88672 bytesHeap=0 bytesDirect=3703073422928 liveHeap=0 liveDirect=896
ARENALOOP thread=io.github.neoionet.netty.microbenchmark.ByteBufAllocatorAllocPatternBenchmark.directAllocation-1-22 arenaHeap=0 arenaDirect=1737313 delegateHeap=0 delegateDirect=23032070 arenaShare=7.01% blocksHeap=1 blocksDirect=8 pinned=8 reusable=0 maxPinnedHeap=0 maxPinnedDirect=8 blockReuses=5864 blockGrowths=7 hooks=386509 hookRejections=0 violations=0 earlyReuses=0 reallocInPlace=7 reallocMoved=0 reallocDelegated=0 trims=0 trimmedBlocks=0 leakedBlocks=0 objects=2771 bytesHeap=0 bytesDirect=95969472184 liveHeap=0 liveDirect=67
ARENALOOP thread=io.github.neoionet.netty.microbenchmark.ByteBufAllocatorAllocPatternBenchmark.directAllocation-1-27 arenaHeap=0 arenaDirect=1893229 delegateHeap=0 delegateDirect=25105824 arenaShare=7.01% blocksHeap=1 blocksDirect=8 pinned=8 reusable=0 maxPinnedHeap=0 maxPinnedDirect=8 blockReuses=6394 blockGrowths=7 hooks=421348 hookRejections=0 violations=0 earlyReuses=0 reallocInPlace=8 reallocMoved=0 reallocDelegated=0 trims=0 trimmedBlocks=0 leakedBlocks=0 objects=2771 bytesHeap=0 bytesDirect=104622861368 liveHeap=0 liveDirect=22
ARENALOOP thread=io.github.neoionet.netty.microbenchmark.ByteBufAllocatorAllocPatternBenchmark.directAllocation-1-18 arenaHeap=0 arenaDirect=2081415 delegateHeap=0 delegateDirect=27589311 arenaShare=7.02% blocksHeap=1 blocksDirect=8 pinned=8 reusable=0 maxPinnedHeap=0 maxPinnedDirect=8 blockReuses=7028 blockGrowths=7 hooks=463093 hookRejections=0 violations=0 earlyReuses=0 reallocInPlace=10 reallocMoved=0 reallocDelegated=0 trims=0 trimmedBlocks=0 leakedBlocks=0 objects=2771 bytesHeap=0 bytesDirect=114988740720 liveHeap=0 liveDirect=4
ARENALOOP thread=io.github.neoionet.netty.microbenchmark.ByteBufAllocatorAllocPatternBenchmark.directAllocation-1-10 arenaHeap=0 arenaDirect=2518310 delegateHeap=0 delegateDirect=33371759 arenaShare=7.02% blocksHeap=1 blocksDirect=8 pinned=8 reusable=0 maxPinnedHeap=0 maxPinnedDirect=8 blockReuses=8505 blockGrowths=7 hooks=560270 hookRejections=0 violations=0 earlyReuses=0 reallocInPlace=12 reallocMoved=0 reallocDelegated=0 trims=0 trimmedBlocks=0 leakedBlocks=0 objects=2771 bytesHeap=0 bytesDirect=139118877152 liveHeap=0 liveDirect=12
ARENALOOP thread=io.github.neoionet.netty.microbenchmark.ByteBufAllocatorAllocPatternBenchmark.directAllocation-1-19 arenaHeap=0 arenaDirect=2027087 delegateHeap=0 delegateDirect=26868193 arenaShare=7.02% blocksHeap=1 blocksDirect=8 pinned=8 reusable=0 maxPinnedHeap=0 maxPinnedDirect=8 blockReuses=6844 blockGrowths=7 hooks=450976 hookRejections=0 violations=0 earlyReuses=0 reallocInPlace=10 reallocMoved=0 reallocDelegated=0 trims=0 trimmedBlocks=0 leakedBlocks=0 objects=2771 bytesHeap=0 bytesDirect=111977126768 liveHeap=0 liveDirect=51
ARENALOOP thread=io.github.neoionet.netty.microbenchmark.ByteBufAllocatorAllocPatternBenchmark.directAllocation-1-4 arenaHeap=0 arenaDirect=2147658 delegateHeap=0 delegateDirect=28478090 arenaShare=7.01% blocksHeap=1 blocksDirect=8 pinned=8 reusable=0 maxPinnedHeap=0 maxPinnedDirect=8 blockReuses=7254 blockGrowths=7 hooks=478015 hookRejections=0 violations=0 earlyReuses=0 reallocInPlace=10 reallocMoved=0 reallocDelegated=0 trims=0 trimmedBlocks=0 leakedBlocks=0 objects=2771 bytesHeap=0 bytesDirect=118700224192 liveHeap=0 liveDirect=36
ARENALOOP thread=io.github.neoionet.netty.microbenchmark.ByteBufAllocatorAllocPatternBenchmark.directAllocation-1-20 arenaHeap=0 arenaDirect=2024553 delegateHeap=0 delegateDirect=26835828 arenaShare=7.01% blocksHeap=1 blocksDirect=8 pinned=8 reusable=0 maxPinnedHeap=0 maxPinnedDirect=8 blockReuses=6836 blockGrowths=7 hooks=450431 hookRejections=0 violations=0 earlyReuses=0 reallocInPlace=10 reallocMoved=0 reallocDelegated=0 trims=0 trimmedBlocks=0 leakedBlocks=0 objects=2771 bytesHeap=0 bytesDirect=111842437080 liveHeap=0 liveDirect=38
ARENALOOP thread=io.github.neoionet.netty.microbenchmark.ByteBufAllocatorAllocPatternBenchmark.directAllocation-1-1 arenaHeap=0 arenaDirect=2150375 delegateHeap=0 delegateDirect=28515214 arenaShare=7.01% blocksHeap=1 blocksDirect=8 pinned=8 reusable=0 maxPinnedHeap=0 maxPinnedDirect=8 blockReuses=7263 blockGrowths=7 hooks=478637 hookRejections=0 violations=0 earlyReuses=0 reallocInPlace=10 reallocMoved=0 reallocDelegated=0 trims=0 trimmedBlocks=0 leakedBlocks=0 objects=2771 bytesHeap=0 bytesDirect=118854537192 liveHeap=0 liveDirect=24
ARENALOOP thread=io.github.neoionet.netty.microbenchmark.ByteBufAllocatorAllocPatternBenchmark.directAllocation-1-25 arenaHeap=0 arenaDirect=1654709 delegateHeap=0 delegateDirect=21935084 arenaShare=7.01% blocksHeap=1 blocksDirect=8 pinned=8 reusable=0 maxPinnedHeap=0 maxPinnedDirect=8 blockReuses=5585 blockGrowths=7 hooks=368078 hookRejections=0 violations=0 earlyReuses=0 reallocInPlace=7 reallocMoved=0 reallocDelegated=0 trims=0 trimmedBlocks=0 leakedBlocks=0 objects=2771 bytesHeap=0 bytesDirect=91391176512 liveHeap=0 liveDirect=15
ARENALOOP thread=io.github.neoionet.netty.microbenchmark.ByteBufAllocatorAllocPatternBenchmark.directAllocation-1-23 arenaHeap=0 arenaDirect=1656853 delegateHeap=0 delegateDirect=21958700 arenaShare=7.02% blocksHeap=1 blocksDirect=8 pinned=8 reusable=0 maxPinnedHeap=0 maxPinnedDirect=8 blockReuses=5592 blockGrowths=7 hooks=368481 hookRejections=0 violations=0 earlyReuses=0 reallocInPlace=7 reallocMoved=0 reallocDelegated=0 trims=0 trimmedBlocks=0 leakedBlocks=0 objects=2771 bytesHeap=0 bytesDirect=91490222656 liveHeap=0 liveDirect=28
ARENALOOP thread=io.github.neoionet.netty.microbenchmark.ByteBufAllocatorAllocPatternBenchmark.directAllocation-1-6 arenaHeap=0 arenaDirect=1972901 delegateHeap=0 delegateDirect=26159258 arenaShare=7.01% blocksHeap=1 blocksDirect=8 pinned=8 reusable=0 maxPinnedHeap=0 maxPinnedDirect=8 blockReuses=6662 blockGrowths=7 hooks=439052 hookRejections=0 violations=0 earlyReuses=0 reallocInPlace=10 reallocMoved=0 reallocDelegated=0 trims=0 trimmedBlocks=0 leakedBlocks=0 objects=2771 bytesHeap=0 bytesDirect=109018310968 liveHeap=0 liveDirect=30
ARENALOOP thread=io.github.neoionet.netty.microbenchmark.ByteBufAllocatorAllocPatternBenchmark.directAllocation-1-24 arenaHeap=0 arenaDirect=2083733 delegateHeap=0 delegateDirect=27618686 arenaShare=7.02% blocksHeap=1 blocksDirect=8 pinned=8 reusable=0 maxPinnedHeap=0 maxPinnedDirect=8 blockReuses=7036 blockGrowths=7 hooks=463588 hookRejections=0 violations=0 earlyReuses=0 reallocInPlace=10 reallocMoved=0 reallocDelegated=0 trims=0 trimmedBlocks=0 leakedBlocks=0 objects=2771 bytesHeap=0 bytesDirect=115111888712 liveHeap=0 liveDirect=21
ARENALOOP thread=io.github.neoionet.netty.microbenchmark.ByteBufAllocatorAllocPatternBenchmark.directAllocation-1-11 arenaHeap=0 arenaDirect=1828980 delegateHeap=0 delegateDirect=24257874 arenaShare=7.01% blocksHeap=1 blocksDirect=8 pinned=8 reusable=0 maxPinnedHeap=0 maxPinnedDirect=8 blockReuses=6177 blockGrowths=7 hooks=407095 hookRejections=0 violations=0 earlyReuses=0 reallocInPlace=7 reallocMoved=0 reallocDelegated=0 trims=0 trimmedBlocks=0 leakedBlocks=0 objects=2771 bytesHeap=0 bytesDirect=101084077944 liveHeap=0 liveDirect=26
ARENALOOP thread=io.github.neoionet.netty.microbenchmark.ByteBufAllocatorAllocPatternBenchmark.directAllocation-1-5 arenaHeap=0 arenaDirect=1903539 delegateHeap=0 delegateDirect=25246659 arenaShare=7.01% blocksHeap=1 blocksDirect=8 pinned=8 reusable=0 maxPinnedHeap=0 maxPinnedDirect=8 blockReuses=6429 blockGrowths=7 hooks=423709 hookRejections=0 violations=0 earlyReuses=0 reallocInPlace=8 reallocMoved=0 reallocDelegated=0 trims=0 trimmedBlocks=0 leakedBlocks=0 objects=2771 bytesHeap=0 bytesDirect=105210148928 liveHeap=0 liveDirect=31
ARENALOOP thread=io.github.neoionet.netty.microbenchmark.ByteBufAllocatorAllocPatternBenchmark.directAllocation-1-26 arenaHeap=0 arenaDirect=2180008 delegateHeap=0 delegateDirect=28898681 arenaShare=7.01% blocksHeap=1 blocksDirect=8 pinned=8 reusable=0 maxPinnedHeap=0 maxPinnedDirect=8 blockReuses=7362 blockGrowths=7 hooks=485092 hookRejections=0 violations=0 earlyReuses=0 reallocInPlace=11 reallocMoved=0 reallocDelegated=0 trims=0 trimmedBlocks=0 leakedBlocks=0 objects=2771 bytesHeap=0 bytesDirect=120454813472 liveHeap=0 liveDirect=29
ARENALOOP thread=io.github.neoionet.netty.microbenchmark.ByteBufAllocatorAllocPatternBenchmark.directAllocation-1-29 arenaHeap=0 arenaDirect=2479335 delegateHeap=0 delegateDirect=32867816 arenaShare=7.01% blocksHeap=1 blocksDirect=8 pinned=8 reusable=0 maxPinnedHeap=0 maxPinnedDirect=8 blockReuses=8374 blockGrowths=7 hooks=551787 hookRejections=0 violations=0 earlyReuses=0 reallocInPlace=12 reallocMoved=0 reallocDelegated=0 trims=0 trimmedBlocks=0 leakedBlocks=0 objects=2771 bytesHeap=0 bytesDirect=137016294480 liveHeap=0 liveDirect=36
ARENALOOP thread=io.github.neoionet.netty.microbenchmark.ByteBufAllocatorAllocPatternBenchmark.directAllocation-1-9 arenaHeap=0 arenaDirect=2237845 delegateHeap=0 delegateDirect=29664876 arenaShare=7.01% blocksHeap=1 blocksDirect=8 pinned=8 reusable=0 maxPinnedHeap=0 maxPinnedDirect=8 blockReuses=7557 blockGrowths=7 hooks=497968 hookRejections=0 violations=0 earlyReuses=0 reallocInPlace=11 reallocMoved=0 reallocDelegated=0 trims=0 trimmedBlocks=0 leakedBlocks=0 objects=2771 bytesHeap=0 bytesDirect=123651884728 liveHeap=0 liveDirect=33
ARENALOOP thread=io.github.neoionet.netty.microbenchmark.ByteBufAllocatorAllocPatternBenchmark.directAllocation-1-21 arenaHeap=0 arenaDirect=2067117 delegateHeap=0 delegateDirect=27401520 arenaShare=7.01% blocksHeap=1 blocksDirect=8 pinned=8 reusable=0 maxPinnedHeap=0 maxPinnedDirect=8 blockReuses=6980 blockGrowths=7 hooks=459935 hookRejections=0 violations=0 earlyReuses=0 reallocInPlace=10 reallocMoved=0 reallocDelegated=0 trims=0 trimmedBlocks=0 leakedBlocks=0 objects=2771 bytesHeap=0 bytesDirect=114204309432 liveHeap=0 liveDirect=28
ARENALOOP thread=io.github.neoionet.netty.microbenchmark.ByteBufAllocatorAllocPatternBenchmark.directAllocation-1-32 arenaHeap=0 arenaDirect=2468505 delegateHeap=0 delegateDirect=32715779 arenaShare=7.02% blocksHeap=1 blocksDirect=8 pinned=8 reusable=0 maxPinnedHeap=0 maxPinnedDirect=8 blockReuses=8336 blockGrowths=7 hooks=549242 hookRejections=0 violations=0 earlyReuses=0 reallocInPlace=12 reallocMoved=0 reallocDelegated=0 trims=0 trimmedBlocks=0 leakedBlocks=0 objects=2771 bytesHeap=0 bytesDirect=136381866568 liveHeap=0 liveDirect=21
ARENALOOP thread=io.github.neoionet.netty.microbenchmark.ByteBufAllocatorAllocPatternBenchmark.directAllocation-1-2 arenaHeap=0 arenaDirect=1807182 delegateHeap=0 delegateDirect=23966328 arenaShare=7.01% blocksHeap=1 blocksDirect=8 pinned=8 reusable=0 maxPinnedHeap=0 maxPinnedDirect=8 blockReuses=6102 blockGrowths=7 hooks=402199 hookRejections=0 violations=0 earlyReuses=0 reallocInPlace=7 reallocMoved=0 reallocDelegated=0 trims=0 trimmedBlocks=0 leakedBlocks=0 objects=2771 bytesHeap=0 bytesDirect=99867205088 liveHeap=0 liveDirect=44
ARENALOOP thread=io.github.neoionet.netty.microbenchmark.ByteBufAllocatorAllocPatternBenchmark.directAllocation-1-8 arenaHeap=0 arenaDirect=2081415 delegateHeap=0 delegateDirect=27594705 arenaShare=7.01% blocksHeap=1 blocksDirect=8 pinned=8 reusable=0 maxPinnedHeap=0 maxPinnedDirect=8 blockReuses=7028 blockGrowths=7 hooks=463177 hookRejections=0 violations=0 earlyReuses=0 reallocInPlace=10 reallocMoved=0 reallocDelegated=0 trims=0 trimmedBlocks=0 leakedBlocks=0 objects=2771 bytesHeap=0 bytesDirect=115010760144 liveHeap=0 liveDirect=32
ARENALOOP thread=io.github.neoionet.netty.microbenchmark.ByteBufAllocatorAllocPatternBenchmark.directAllocation-1-16 arenaHeap=0 arenaDirect=2148806 delegateHeap=0 delegateDirect=28489196 arenaShare=7.01% blocksHeap=1 blocksDirect=8 pinned=8 reusable=0 maxPinnedHeap=0 maxPinnedDirect=8 blockReuses=7258 blockGrowths=7 hooks=478206 hookRejections=0 violations=0 earlyReuses=0 reallocInPlace=10 reallocMoved=0 reallocDelegated=0 trims=0 trimmedBlocks=0 leakedBlocks=0 objects=2771 bytesHeap=0 bytesDirect=118746839776 liveHeap=0 liveDirect=27
ARENALOOP thread=io.github.neoionet.netty.microbenchmark.ByteBufAllocatorAllocPatternBenchmark.directAllocation-1-17 arenaHeap=0 arenaDirect=2072132 delegateHeap=0 delegateDirect=27471435 arenaShare=7.01% blocksHeap=1 blocksDirect=8 pinned=8 reusable=0 maxPinnedHeap=0 maxPinnedDirect=8 blockReuses=6997 blockGrowths=7 hooks=461106 hookRejections=0 violations=0 earlyReuses=0 reallocInPlace=10 reallocMoved=0 reallocDelegated=0 trims=0 trimmedBlocks=0 leakedBlocks=0 objects=2771 bytesHeap=0 bytesDirect=114496439592 liveHeap=0 liveDirect=41
ARENALOOP thread=io.github.neoionet.netty.microbenchmark.ByteBufAllocatorAllocPatternBenchmark.directAllocation-1-15 arenaHeap=0 arenaDirect=2199633 delegateHeap=0 delegateDirect=29165749 arenaShare=7.01% blocksHeap=1 blocksDirect=8 pinned=8 reusable=0 maxPinnedHeap=0 maxPinnedDirect=8 blockReuses=7430 blockGrowths=7 hooks=489572 hookRejections=0 violations=0 earlyReuses=0 reallocInPlace=11 reallocMoved=0 reallocDelegated=0 trims=0 trimmedBlocks=0 leakedBlocks=0 objects=2771 bytesHeap=0 bytesDirect=121569264840 liveHeap=0 liveDirect=22
ARENALOOP thread=io.github.neoionet.netty.microbenchmark.ByteBufAllocatorAllocPatternBenchmark.directAllocation-1-12 arenaHeap=0 arenaDirect=2478323 delegateHeap=0 delegateDirect=32850060 arenaShare=7.02% blocksHeap=1 blocksDirect=8 pinned=8 reusable=0 maxPinnedHeap=0 maxPinnedDirect=8 blockReuses=8370 blockGrowths=7 hooks=551493 hookRejections=0 violations=0 earlyReuses=0 reallocInPlace=12 reallocMoved=0 reallocDelegated=0 trims=0 trimmedBlocks=0 leakedBlocks=0 objects=2771 bytesHeap=0 bytesDirect=136941882424 liveHeap=0 liveDirect=0
ARENALOOP thread=io.github.neoionet.netty.microbenchmark.ByteBufAllocatorAllocPatternBenchmark.directAllocation-1-30 arenaHeap=0 arenaDirect=2521552 delegateHeap=0 delegateDirect=33420363 arenaShare=7.02% blocksHeap=1 blocksDirect=8 pinned=8 reusable=0 maxPinnedHeap=0 maxPinnedDirect=8 blockReuses=8516 blockGrowths=7 hooks=561080 hookRejections=0 violations=0 earlyReuses=0 reallocInPlace=12 reallocMoved=0 reallocDelegated=0 trims=0 trimmedBlocks=0 leakedBlocks=0 objects=2771 bytesHeap=0 bytesDirect=139321181496 liveHeap=0 liveDirect=26
ARENALOOP thread=io.github.neoionet.netty.microbenchmark.ByteBufAllocatorAllocPatternBenchmark.directAllocation-1-31 arenaHeap=0 arenaDirect=2427078 delegateHeap=0 delegateDirect=32167244 arenaShare=7.02% blocksHeap=1 blocksDirect=8 pinned=8 reusable=0 maxPinnedHeap=0 maxPinnedDirect=8 blockReuses=8196 blockGrowths=7 hooks=540024 hookRejections=0 violations=0 earlyReuses=0 reallocInPlace=12 reallocMoved=0 reallocDelegated=0 trims=0 trimmedBlocks=0 leakedBlocks=0 objects=2771 bytesHeap=0 bytesDirect=134092547312 liveHeap=0 liveDirect=37
ARENALOOP thread=io.github.neoionet.netty.microbenchmark.ByteBufAllocatorAllocPatternBenchmark.directAllocation-1-28 arenaHeap=0 arenaDirect=2042954 delegateHeap=0 delegateDirect=27074173 arenaShare=7.02% blocksHeap=1 blocksDirect=8 pinned=8 reusable=0 maxPinnedHeap=0 maxPinnedDirect=8 blockReuses=6897 blockGrowths=7 hooks=454443 hookRejections=0 violations=0 earlyReuses=0 reallocInPlace=10 reallocMoved=0 reallocDelegated=0 trims=0 trimmedBlocks=0 leakedBlocks=0 objects=2771 bytesHeap=0 bytesDirect=112837576560 liveHeap=0 liveDirect=6
ARENALOOP thread=io.github.neoionet.netty.microbenchmark.ByteBufAllocatorAllocPatternBenchmark.directAllocation-1-7 arenaHeap=0 arenaDirect=1947624 delegateHeap=0 delegateDirect=25830096 arenaShare=7.01% blocksHeap=1 blocksDirect=8 pinned=8 reusable=0 maxPinnedHeap=0 maxPinnedDirect=8 blockReuses=6578 blockGrowths=7 hooks=433514 hookRejections=0 violations=0 earlyReuses=0 reallocInPlace=8 reallocMoved=0 reallocDelegated=0 trims=0 trimmedBlocks=0 leakedBlocks=0 objects=2771 bytesHeap=0 bytesDirect=107645943024 liveHeap=0 liveDirect=37
ARENALOOP thread=io.github.neoionet.netty.microbenchmark.ByteBufAllocatorAllocPatternBenchmark.directAllocation-1-14 arenaHeap=0 arenaDirect=1967501 delegateHeap=0 delegateDirect=26088502 arenaShare=7.01% blocksHeap=1 blocksDirect=8 pinned=8 reusable=0 maxPinnedHeap=0 maxPinnedDirect=8 blockReuses=6645 blockGrowths=7 hooks=437863 hookRejections=0 violations=0 earlyReuses=0 reallocInPlace=10 reallocMoved=0 reallocDelegated=0 trims=0 trimmedBlocks=0 leakedBlocks=0 objects=2771 bytesHeap=0 bytesDirect=108723771856 liveHeap=0 liveDirect=41
ARENALOOP thread=io.github.neoionet.netty.microbenchmark.ByteBufAllocatorAllocPatternBenchmark.directAllocation-1-13 arenaHeap=0 arenaDirect=1986920 delegateHeap=0 delegateDirect=26346881 arenaShare=7.01% blocksHeap=1 blocksDirect=8 pinned=8 reusable=0 maxPinnedHeap=0 maxPinnedDirect=8 blockReuses=6710 blockGrowths=7 hooks=442203 hookRejections=0 violations=0 earlyReuses=0 reallocInPlace=10 reallocMoved=0 reallocDelegated=0 trims=0 trimmedBlocks=0 leakedBlocks=0 objects=2771 bytesHeap=0 bytesDirect=109802045544 liveHeap=0 liveDirect=31
ARENALOOP thread=io.github.neoionet.netty.microbenchmark.ByteBufAllocatorAllocPatternBenchmark.directAllocation-1-3 arenaHeap=0 arenaDirect=2224305 delegateHeap=0 delegateDirect=29491494 arenaShare=7.01% blocksHeap=1 blocksDirect=8 pinned=8 reusable=0 maxPinnedHeap=0 maxPinnedDirect=8 blockReuses=7513 blockGrowths=7 hooks=495047 hookRejections=0 violations=0 earlyReuses=0 reallocInPlace=11 reallocMoved=0 reallocDelegated=0 trims=0 trimmedBlocks=0 leakedBlocks=0 objects=2771 bytesHeap=0 bytesDirect=122928694216 liveHeap=0 liveDirect=0
949.217 ±(99.9%) 346.177 ns/op


Result "io.github.neoionet.netty.microbenchmark.ByteBufAllocatorAllocPatternBenchmark.directAllocation":
  776.463 ±(99.9%) 35.926 ns/op [Average]
  (min, avg, max) = (699.076, 776.463, 949.217), stdev = 53.773
  CI (99.9%): [740.537, 812.390] (assumes normal distribution)


# JMH version: 1.37
# VM version: JDK 21, Java HotSpot(TM) 64-Bit Server VM, 21+35-LTS-2513
# VM invoker: /home/forked_franz/.sdkman/candidates/java/21-oracle/bin/java
# VM options: -server -dsa -da -XX:InitialRAMPercentage=40.0 -XX:MaxRAMPercentage=40.0 -Dio.netty.leakDetection.level=disabled -Djmh.executor=CUSTOM -Djmh.executor.class=io.github.neoionet.netty.microbenchmark.executor.FastThreadLocalThreadHarnessExecutor -XX:MaxRAM=60g -Dexpt.hookEvery=64
# Blackhole mode: compiler (auto-detected, use -Djmh.blackhole.autoDetect=false to disable)
# Warmup: 10 iterations, 1 s each
# Measurement: 10 iterations, 1 s each
# Timeout: 10 min per iteration
# Threads: 32 threads, will synchronize iterations
# Benchmark mode: Average time, time/op
# Benchmark: io.github.neoionet.netty.microbenchmark.ByteBufAllocatorAllocPatternBenchmark.directAllocation
# Parameters: (MAX_LIVE_BUFFERS = 65536, allocatorType = ARENA, enableReadWrite = true, sizePattern = E_COMMERCE)

# Run progress: 42.86% complete, ETA 00:10:06
# Fork: 1 of 3
# Warmup Iteration   1: 1089.829 ±(99.9%) 171.111 ns/op
# Warmup Iteration   2: 901.588 ±(99.9%) 187.626 ns/op
# Warmup Iteration   3: 824.500 ±(99.9%) 131.241 ns/op
# Warmup Iteration   4: 906.626 ±(99.9%) 235.941 ns/op
# Warmup Iteration   5: 936.387 ±(99.9%) 208.459 ns/op
# Warmup Iteration   6: 969.283 ±(99.9%) 247.664 ns/op
# Warmup Iteration   7: 882.986 ±(99.9%) 177.924 ns/op
# Warmup Iteration   8: 877.102 ±(99.9%) 171.029 ns/op
# Warmup Iteration   9: 909.455 ±(99.9%) 174.813 ns/op
# Warmup Iteration  10: 873.867 ±(99.9%) 179.398 ns/op
Iteration   1: 875.388 ±(99.9%) 158.985 ns/op
Iteration   2: 848.221 ±(99.9%) 137.795 ns/op
Iteration   3: 877.205 ±(99.9%) 190.564 ns/op
Iteration   4: 975.935 ±(99.9%) 251.995 ns/op
Iteration   5: 876.114 ±(99.9%) 184.270 ns/op
Iteration   6: 926.151 ±(99.9%) 208.774 ns/op
Iteration   7: 924.771 ±(99.9%) 215.459 ns/op
Iteration   8: 870.569 ±(99.9%) 152.207 ns/op
Iteration   9: 920.551 ±(99.9%) 205.833 ns/op
Iteration  10: cRSS-pRSS:[12422, 12422]
;used-memory:[0]
ARENATELE blockSize=262144 maxBlocks=8 cap=8192 maxObjects=16384 debug=false arenaHeap=0 arenaDirect=29292744 delegateHeap=0 delegateDirect=798945182 arenaShare=3.54% blocksHeap=32 blocksDirect=256 pinned=256 reusable=0 maxPinnedHeap=0 maxPinnedDirect=256 blockReuses=99057 blockGrowths=224 hooks=12908436 hookRejections=0 violations=0 earlyReuses=0 reallocInPlace=377 reallocMoved=0 reallocDelegated=0 trims=0 trimmedBlocks=0 leakedBlocks=0 objects=91520 bytesHeap=0 bytesDirect=3293660341824 liveHeap=0 liveDirect=0
ARENALOOP thread=io.github.neoionet.netty.microbenchmark.ByteBufAllocatorAllocPatternBenchmark.directAllocation-1-3 arenaHeap=0 arenaDirect=969891 delegateHeap=0 delegateDirect=26455294 arenaShare=3.54% blocksHeap=1 blocksDirect=8 pinned=8 reusable=0 maxPinnedHeap=0 maxPinnedDirect=8 blockReuses=3281 blockGrowths=7 hooks=427494 hookRejections=0 violations=0 earlyReuses=0 reallocInPlace=13 reallocMoved=0 reallocDelegated=0 trims=0 trimmedBlocks=0 leakedBlocks=0 objects=2860 bytesHeap=0 bytesDirect=109078614128 liveHeap=0 liveDirect=0
ARENALOOP thread=io.github.neoionet.netty.microbenchmark.ByteBufAllocatorAllocPatternBenchmark.directAllocation-1-6 arenaHeap=0 arenaDirect=806413 delegateHeap=0 delegateDirect=21961893 arenaShare=3.54% blocksHeap=1 blocksDirect=8 pinned=8 reusable=0 maxPinnedHeap=0 maxPinnedDirect=8 blockReuses=2721 blockGrowths=7 hooks=354730 hookRejections=0 violations=0 earlyReuses=0 reallocInPlace=10 reallocMoved=0 reallocDelegated=0 trims=0 trimmedBlocks=0 leakedBlocks=0 objects=2860 bytesHeap=0 bytesDirect=90502649152 liveHeap=0 liveDirect=0
ARENALOOP thread=io.github.neoionet.netty.microbenchmark.ByteBufAllocatorAllocPatternBenchmark.directAllocation-1-24 arenaHeap=0 arenaDirect=841808 delegateHeap=0 delegateDirect=22944753 arenaShare=3.54% blocksHeap=1 blocksDirect=8 pinned=8 reusable=0 maxPinnedHeap=0 maxPinnedDirect=8 blockReuses=2845 blockGrowths=7 hooks=370641 hookRejections=0 violations=0 earlyReuses=0 reallocInPlace=10 reallocMoved=0 reallocDelegated=0 trims=0 trimmedBlocks=0 leakedBlocks=0 objects=2860 bytesHeap=0 bytesDirect=94567293864 liveHeap=0 liveDirect=0
ARENALOOP thread=io.github.neoionet.netty.microbenchmark.ByteBufAllocatorAllocPatternBenchmark.directAllocation-1-25 arenaHeap=0 arenaDirect=855910 delegateHeap=0 delegateDirect=23336560 arenaShare=3.54% blocksHeap=1 blocksDirect=8 pinned=8 reusable=0 maxPinnedHeap=0 maxPinnedDirect=8 blockReuses=2893 blockGrowths=7 hooks=376983 hookRejections=0 violations=0 earlyReuses=0 reallocInPlace=11 reallocMoved=0 reallocDelegated=0 trims=0 trimmedBlocks=0 leakedBlocks=0 objects=2860 bytesHeap=0 bytesDirect=96187419368 liveHeap=0 liveDirect=0
ARENALOOP thread=io.github.neoionet.netty.microbenchmark.ByteBufAllocatorAllocPatternBenchmark.directAllocation-1-1 arenaHeap=0 arenaDirect=880909 delegateHeap=0 delegateDirect=24034365 arenaShare=3.54% blocksHeap=1 blocksDirect=8 pinned=8 reusable=0 maxPinnedHeap=0 maxPinnedDirect=8 blockReuses=2979 blockGrowths=7 hooks=388277 hookRejections=0 violations=0 earlyReuses=0 reallocInPlace=11 reallocMoved=0 reallocDelegated=0 trims=0 trimmedBlocks=0 leakedBlocks=0 objects=2860 bytesHeap=0 bytesDirect=99071626520 liveHeap=0 liveDirect=0
ARENALOOP thread=io.github.neoionet.netty.microbenchmark.ByteBufAllocatorAllocPatternBenchmark.directAllocation-1-17 arenaHeap=0 arenaDirect=1106301 delegateHeap=0 delegateDirect=30198215 arenaShare=3.53% blocksHeap=1 blocksDirect=8 pinned=8 reusable=0 maxPinnedHeap=0 maxPinnedDirect=8 blockReuses=3744 blockGrowths=7 hooks=488109 hookRejections=0 violations=0 earlyReuses=0 reallocInPlace=13 reallocMoved=0 reallocDelegated=0 trims=0 trimmedBlocks=0 leakedBlocks=0 objects=2860 bytesHeap=0 bytesDirect=124548800704 liveHeap=0 liveDirect=0
ARENALOOP thread=io.github.neoionet.netty.microbenchmark.ByteBufAllocatorAllocPatternBenchmark.directAllocation-1-9 arenaHeap=0 arenaDirect=705942 delegateHeap=0 delegateDirect=19243898 arenaShare=3.54% blocksHeap=1 blocksDirect=8 pinned=8 reusable=0 maxPinnedHeap=0 maxPinnedDirect=8 blockReuses=2383 blockGrowths=7 hooks=310692 hookRejections=0 violations=0 earlyReuses=0 reallocInPlace=10 reallocMoved=0 reallocDelegated=0 trims=0 trimmedBlocks=0 leakedBlocks=0 objects=2860 bytesHeap=0 bytesDirect=79269488120 liveHeap=0 liveDirect=0
ARENALOOP thread=io.github.neoionet.netty.microbenchmark.ByteBufAllocatorAllocPatternBenchmark.directAllocation-1-8 arenaHeap=0 arenaDirect=905261 delegateHeap=0 delegateDirect=24705146 arenaShare=3.53% blocksHeap=1 blocksDirect=8 pinned=8 reusable=0 maxPinnedHeap=0 maxPinnedDirect=8 blockReuses=3063 blockGrowths=7 hooks=399138 hookRejections=0 violations=0 earlyReuses=0 reallocInPlace=12 reallocMoved=0 reallocDelegated=0 trims=0 trimmedBlocks=0 leakedBlocks=0 objects=2860 bytesHeap=0 bytesDirect=101845953360 liveHeap=0 liveDirect=0
ARENALOOP thread=io.github.neoionet.netty.microbenchmark.ByteBufAllocatorAllocPatternBenchmark.directAllocation-1-13 arenaHeap=0 arenaDirect=977147 delegateHeap=0 delegateDirect=26659781 arenaShare=3.54% blocksHeap=1 blocksDirect=8 pinned=8 reusable=0 maxPinnedHeap=0 maxPinnedDirect=8 blockReuses=3306 blockGrowths=7 hooks=430803 hookRejections=0 violations=0 earlyReuses=0 reallocInPlace=13 reallocMoved=0 reallocDelegated=0 trims=0 trimmedBlocks=0 leakedBlocks=0 objects=2860 bytesHeap=0 bytesDirect=109923326840 liveHeap=0 liveDirect=0
ARENALOOP thread=io.github.neoionet.netty.microbenchmark.ByteBufAllocatorAllocPatternBenchmark.directAllocation-1-26 arenaHeap=0 arenaDirect=972623 delegateHeap=0 delegateDirect=26547549 arenaShare=3.53% blocksHeap=1 blocksDirect=8 pinned=8 reusable=0 maxPinnedHeap=0 maxPinnedDirect=8 blockReuses=3291 blockGrowths=7 hooks=428978 hookRejections=0 violations=0 earlyReuses=0 reallocInPlace=13 reallocMoved=0 reallocDelegated=0 trims=0 trimmedBlocks=0 leakedBlocks=0 objects=2860 bytesHeap=0 bytesDirect=109459441544 liveHeap=0 liveDirect=0
ARENALOOP thread=io.github.neoionet.netty.microbenchmark.ByteBufAllocatorAllocPatternBenchmark.directAllocation-1-7 arenaHeap=0 arenaDirect=879798 delegateHeap=0 delegateDirect=24006098 arenaShare=3.54% blocksHeap=1 blocksDirect=8 pinned=8 reusable=0 maxPinnedHeap=0 maxPinnedDirect=8 blockReuses=2975 blockGrowths=7 hooks=387818 hookRejections=0 violations=0 earlyReuses=0 reallocInPlace=11 reallocMoved=0 reallocDelegated=0 trims=0 trimmedBlocks=0 leakedBlocks=0 objects=2860 bytesHeap=0 bytesDirect=98955075632 liveHeap=0 liveDirect=0
ARENALOOP thread=io.github.neoionet.netty.microbenchmark.ByteBufAllocatorAllocPatternBenchmark.directAllocation-1-32 arenaHeap=0 arenaDirect=961156 delegateHeap=0 delegateDirect=26216530 arenaShare=3.54% blocksHeap=1 blocksDirect=8 pinned=8 reusable=0 maxPinnedHeap=0 maxPinnedDirect=8 blockReuses=3251 blockGrowths=7 hooks=423627 hookRejections=0 violations=0 earlyReuses=0 reallocInPlace=13 reallocMoved=0 reallocDelegated=0 trims=0 trimmedBlocks=0 leakedBlocks=0 objects=2860 bytesHeap=0 bytesDirect=108092642592 liveHeap=0 liveDirect=0
ARENALOOP thread=io.github.neoionet.netty.microbenchmark.ByteBufAllocatorAllocPatternBenchmark.directAllocation-1-28 arenaHeap=0 arenaDirect=1065855 delegateHeap=0 delegateDirect=29055070 arenaShare=3.54% blocksHeap=1 blocksDirect=8 pinned=8 reusable=0 maxPinnedHeap=0 maxPinnedDirect=8 blockReuses=3606 blockGrowths=7 hooks=469615 hookRejections=0 violations=0 earlyReuses=0 reallocInPlace=13 reallocMoved=0 reallocDelegated=0 trims=0 trimmedBlocks=0 leakedBlocks=0 objects=2860 bytesHeap=0 bytesDirect=119824974592 liveHeap=0 liveDirect=0
ARENALOOP thread=io.github.neoionet.netty.microbenchmark.ByteBufAllocatorAllocPatternBenchmark.directAllocation-1-30 arenaHeap=0 arenaDirect=1011781 delegateHeap=0 delegateDirect=27580967 arenaShare=3.54% blocksHeap=1 blocksDirect=8 pinned=8 reusable=0 maxPinnedHeap=0 maxPinnedDirect=8 blockReuses=3422 blockGrowths=7 hooks=445737 hookRejections=0 violations=0 earlyReuses=0 reallocInPlace=13 reallocMoved=0 reallocDelegated=0 trims=0 trimmedBlocks=0 leakedBlocks=0 objects=2860 bytesHeap=0 bytesDirect=113731873456 liveHeap=0 liveDirect=0
ARENALOOP thread=io.github.neoionet.netty.microbenchmark.ByteBufAllocatorAllocPatternBenchmark.directAllocation-1-22 arenaHeap=0 arenaDirect=1053916 delegateHeap=0 delegateDirect=28734645 arenaShare=3.54% blocksHeap=1 blocksDirect=8 pinned=8 reusable=0 maxPinnedHeap=0 maxPinnedDirect=8 blockReuses=3566 blockGrowths=7 hooks=464422 hookRejections=0 violations=0 earlyReuses=0 reallocInPlace=13 reallocMoved=0 reallocDelegated=0 trims=0 trimmedBlocks=0 leakedBlocks=0 objects=2860 bytesHeap=0 bytesDirect=118500678528 liveHeap=0 liveDirect=0
ARENALOOP thread=io.github.neoionet.netty.microbenchmark.ByteBufAllocatorAllocPatternBenchmark.directAllocation-1-29 arenaHeap=0 arenaDirect=948555 delegateHeap=0 delegateDirect=25872363 arenaShare=3.54% blocksHeap=1 blocksDirect=8 pinned=8 reusable=0 maxPinnedHeap=0 maxPinnedDirect=8 blockReuses=3208 blockGrowths=7 hooks=418052 hookRejections=0 violations=0 earlyReuses=0 reallocInPlace=13 reallocMoved=0 reallocDelegated=0 trims=0 trimmedBlocks=0 leakedBlocks=0 objects=2860 bytesHeap=0 bytesDirect=106670552744 liveHeap=0 liveDirect=0
ARENALOOP thread=io.github.neoionet.netty.microbenchmark.ByteBufAllocatorAllocPatternBenchmark.directAllocation-1-15 arenaHeap=0 arenaDirect=767354 delegateHeap=0 delegateDirect=20907863 arenaShare=3.54% blocksHeap=1 blocksDirect=8 pinned=8 reusable=0 maxPinnedHeap=0 maxPinnedDirect=8 blockReuses=2591 blockGrowths=7 hooks=337651 hookRejections=0 violations=0 earlyReuses=0 reallocInPlace=10 reallocMoved=0 reallocDelegated=0 trims=0 trimmedBlocks=0 leakedBlocks=0 objects=2860 bytesHeap=0 bytesDirect=86147579384 liveHeap=0 liveDirect=0
ARENALOOP thread=io.github.neoionet.netty.microbenchmark.ByteBufAllocatorAllocPatternBenchmark.directAllocation-1-10 arenaHeap=0 arenaDirect=708121 delegateHeap=0 delegateDirect=19299443 arenaShare=3.54% blocksHeap=1 blocksDirect=8 pinned=8 reusable=0 maxPinnedHeap=0 maxPinnedDirect=8 blockReuses=2391 blockGrowths=7 hooks=311594 hookRejections=0 violations=0 earlyReuses=0 reallocInPlace=10 reallocMoved=0 reallocDelegated=0 trims=0 trimmedBlocks=0 leakedBlocks=0 objects=2860 bytesHeap=0 bytesDirect=79499311920 liveHeap=0 liveDirect=0
ARENALOOP thread=io.github.neoionet.netty.microbenchmark.ByteBufAllocatorAllocPatternBenchmark.directAllocation-1-12 arenaHeap=0 arenaDirect=916420 delegateHeap=0 delegateDirect=25016209 arenaShare=3.53% blocksHeap=1 blocksDirect=8 pinned=8 reusable=0 maxPinnedHeap=0 maxPinnedDirect=8 blockReuses=3101 blockGrowths=7 hooks=404173 hookRejections=0 violations=0 earlyReuses=0 reallocInPlace=12 reallocMoved=0 reallocDelegated=0 trims=0 trimmedBlocks=0 leakedBlocks=0 objects=2860 bytesHeap=0 bytesDirect=103132327832 liveHeap=0 liveDirect=0
ARENALOOP thread=io.github.neoionet.netty.microbenchmark.ByteBufAllocatorAllocPatternBenchmark.directAllocation-1-20 arenaHeap=0 arenaDirect=978606 delegateHeap=0 delegateDirect=26699541 arenaShare=3.54% blocksHeap=1 blocksDirect=8 pinned=8 reusable=0 maxPinnedHeap=0 maxPinnedDirect=8 blockReuses=3311 blockGrowths=7 hooks=431447 hookRejections=0 violations=0 earlyReuses=0 reallocInPlace=13 reallocMoved=0 reallocDelegated=0 trims=0 trimmedBlocks=0 leakedBlocks=0 objects=2860 bytesHeap=0 bytesDirect=110087923080 liveHeap=0 liveDirect=0
ARENALOOP thread=io.github.neoionet.netty.microbenchmark.ByteBufAllocatorAllocPatternBenchmark.directAllocation-1-14 arenaHeap=0 arenaDirect=962365 delegateHeap=0 delegateDirect=26249670 arenaShare=3.54% blocksHeap=1 blocksDirect=8 pinned=8 reusable=0 maxPinnedHeap=0 maxPinnedDirect=8 blockReuses=3255 blockGrowths=7 hooks=424164 hookRejections=0 violations=0 earlyReuses=0 reallocInPlace=13 reallocMoved=0 reallocDelegated=0 trims=0 trimmedBlocks=0 leakedBlocks=0 objects=2860 bytesHeap=0 bytesDirect=108229695240 liveHeap=0 liveDirect=0
ARENALOOP thread=io.github.neoionet.netty.microbenchmark.ByteBufAllocatorAllocPatternBenchmark.directAllocation-1-11 arenaHeap=0 arenaDirect=904068 delegateHeap=0 delegateDirect=24678728 arenaShare=3.53% blocksHeap=1 blocksDirect=8 pinned=8 reusable=0 maxPinnedHeap=0 maxPinnedDirect=8 blockReuses=3059 blockGrowths=7 hooks=398707 hookRejections=0 violations=0 earlyReuses=0 reallocInPlace=12 reallocMoved=0 reallocDelegated=0 trims=0 trimmedBlocks=0 leakedBlocks=0 objects=2860 bytesHeap=0 bytesDirect=101736658512 liveHeap=0 liveDirect=0
ARENALOOP thread=io.github.neoionet.netty.microbenchmark.ByteBufAllocatorAllocPatternBenchmark.directAllocation-1-4 arenaHeap=0 arenaDirect=864620 delegateHeap=0 delegateDirect=23581878 arenaShare=3.54% blocksHeap=1 blocksDirect=8 pinned=8 reusable=0 maxPinnedHeap=0 maxPinnedDirect=8 blockReuses=2923 blockGrowths=7 hooks=380952 hookRejections=0 violations=0 earlyReuses=0 reallocInPlace=11 reallocMoved=0 reallocDelegated=0 trims=0 trimmedBlocks=0 leakedBlocks=0 objects=2860 bytesHeap=0 bytesDirect=97200905984 liveHeap=0 liveDirect=0
ARENALOOP thread=io.github.neoionet.netty.microbenchmark.ByteBufAllocatorAllocPatternBenchmark.directAllocation-1-23 arenaHeap=0 arenaDirect=849149 delegateHeap=0 delegateDirect=23169006 arenaShare=3.54% blocksHeap=1 blocksDirect=8 pinned=8 reusable=0 maxPinnedHeap=0 maxPinnedDirect=8 blockReuses=2871 blockGrowths=7 hooks=374259 hookRejections=0 violations=0 earlyReuses=0 reallocInPlace=11 reallocMoved=0 reallocDelegated=0 trims=0 trimmedBlocks=0 leakedBlocks=0 objects=2860 bytesHeap=0 bytesDirect=95494010792 liveHeap=0 liveDirect=0
ARENALOOP thread=io.github.neoionet.netty.microbenchmark.ByteBufAllocatorAllocPatternBenchmark.directAllocation-1-27 arenaHeap=0 arenaDirect=998255 delegateHeap=0 delegateDirect=27234741 arenaShare=3.54% blocksHeap=1 blocksDirect=8 pinned=8 reusable=0 maxPinnedHeap=0 maxPinnedDirect=8 blockReuses=3377 blockGrowths=7 hooks=440116 hookRejections=0 violations=0 earlyReuses=0 reallocInPlace=13 reallocMoved=0 reallocDelegated=0 trims=0 trimmedBlocks=0 leakedBlocks=0 objects=2860 bytesHeap=0 bytesDirect=112300368696 liveHeap=0 liveDirect=0
ARENALOOP thread=io.github.neoionet.netty.microbenchmark.ByteBufAllocatorAllocPatternBenchmark.directAllocation-1-2 arenaHeap=0 arenaDirect=791702 delegateHeap=0 delegateDirect=21564623 arenaShare=3.54% blocksHeap=1 blocksDirect=8 pinned=8 reusable=0 maxPinnedHeap=0 maxPinnedDirect=8 blockReuses=2672 blockGrowths=7 hooks=348293 hookRejections=0 violations=0 earlyReuses=0 reallocInPlace=10 reallocMoved=0 reallocDelegated=0 trims=0 trimmedBlocks=0 leakedBlocks=0 objects=2860 bytesHeap=0 bytesDirect=88860966032 liveHeap=0 liveDirect=0
ARENALOOP thread=io.github.neoionet.netty.microbenchmark.ByteBufAllocatorAllocPatternBenchmark.directAllocation-1-5 arenaHeap=0 arenaDirect=899850 delegateHeap=0 delegateDirect=24554474 arenaShare=3.54% blocksHeap=1 blocksDirect=8 pinned=8 reusable=0 maxPinnedHeap=0 maxPinnedDirect=8 blockReuses=3044 blockGrowths=7 hooks=396699 hookRejections=0 violations=0 earlyReuses=0 reallocInPlace=11 reallocMoved=0 reallocDelegated=0 trims=0 trimmedBlocks=0 leakedBlocks=0 objects=2860 bytesHeap=0 bytesDirect=101222160448 liveHeap=0 liveDirect=0
ARENALOOP thread=io.github.neoionet.netty.microbenchmark.ByteBufAllocatorAllocPatternBenchmark.directAllocation-1-16 arenaHeap=0 arenaDirect=867433 delegateHeap=0 delegateDirect=23660048 arenaShare=3.54% blocksHeap=1 blocksDirect=8 pinned=8 reusable=0 maxPinnedHeap=0 maxPinnedDirect=8 blockReuses=2933 blockGrowths=7 hooks=382217 hookRejections=0 violations=0 earlyReuses=0 reallocInPlace=11 reallocMoved=0 reallocDelegated=0 trims=0 trimmedBlocks=0 leakedBlocks=0 objects=2860 bytesHeap=0 bytesDirect=97524325448 liveHeap=0 liveDirect=0
ARENALOOP thread=io.github.neoionet.netty.microbenchmark.ByteBufAllocatorAllocPatternBenchmark.directAllocation-1-21 arenaHeap=0 arenaDirect=873275 delegateHeap=0 delegateDirect=23823011 arenaShare=3.54% blocksHeap=1 blocksDirect=8 pinned=8 reusable=0 maxPinnedHeap=0 maxPinnedDirect=8 blockReuses=2954 blockGrowths=7 hooks=384855 hookRejections=0 violations=0 earlyReuses=0 reallocInPlace=11 reallocMoved=0 reallocDelegated=0 trims=0 trimmedBlocks=0 leakedBlocks=0 objects=2860 bytesHeap=0 bytesDirect=98198648584 liveHeap=0 liveDirect=0
ARENALOOP thread=io.github.neoionet.netty.microbenchmark.ByteBufAllocatorAllocPatternBenchmark.directAllocation-1-31 arenaHeap=0 arenaDirect=1026137 delegateHeap=0 delegateDirect=27969089 arenaShare=3.54% blocksHeap=1 blocksDirect=8 pinned=8 reusable=0 maxPinnedHeap=0 maxPinnedDirect=8 blockReuses=3471 blockGrowths=7 hooks=452026 hookRejections=0 violations=0 earlyReuses=0 reallocInPlace=13 reallocMoved=0 reallocDelegated=0 trims=0 trimmedBlocks=0 leakedBlocks=0 objects=2860 bytesHeap=0 bytesDirect=115336204464 liveHeap=0 liveDirect=0
ARENALOOP thread=io.github.neoionet.netty.microbenchmark.ByteBufAllocatorAllocPatternBenchmark.directAllocation-1-18 arenaHeap=0 arenaDirect=1045263 delegateHeap=0 delegateDirect=28508205 arenaShare=3.54% blocksHeap=1 blocksDirect=8 pinned=8 reusable=0 maxPinnedHeap=0 maxPinnedDirect=8 blockReuses=3536 blockGrowths=7 hooks=460748 hookRejections=0 violations=0 earlyReuses=0 reallocInPlace=13 reallocMoved=0 reallocDelegated=0 trims=0 trimmedBlocks=0 leakedBlocks=0 objects=2860 bytesHeap=0 bytesDirect=117563744416 liveHeap=0 liveDirect=0
ARENALOOP thread=io.github.neoionet.netty.microbenchmark.ByteBufAllocatorAllocPatternBenchmark.directAllocation-1-19 arenaHeap=0 arenaDirect=896860 delegateHeap=0 delegateDirect=24475526 arenaShare=3.53% blocksHeap=1 blocksDirect=8 pinned=8 reusable=0 maxPinnedHeap=0 maxPinnedDirect=8 blockReuses=3034 blockGrowths=7 hooks=395419 hookRejections=0 violations=0 earlyReuses=0 reallocInPlace=11 reallocMoved=0 reallocDelegated=0 trims=0 trimmedBlocks=0 leakedBlocks=0 objects=2860 bytesHeap=0 bytesDirect=100895099848 liveHeap=0 liveDirect=0
984.705 ±(99.9%) 273.085 ns/op

# Run progress: 45.24% complete, ETA 00:09:43
# Fork: 2 of 3
# Warmup Iteration   1: 1149.169 ±(99.9%) 140.029 ns/op
# Warmup Iteration   2: 781.189 ±(99.9%) 134.667 ns/op
# Warmup Iteration   3: 840.823 ±(99.9%) 146.180 ns/op
# Warmup Iteration   4: 867.854 ±(99.9%) 216.873 ns/op
# Warmup Iteration   5: 758.083 ±(99.9%) 87.190 ns/op
# Warmup Iteration   6: 902.688 ±(99.9%) 276.732 ns/op
# Warmup Iteration   7: 807.700 ±(99.9%) 152.059 ns/op
# Warmup Iteration   8: 801.988 ±(99.9%) 129.223 ns/op
# Warmup Iteration   9: 793.581 ±(99.9%) 127.921 ns/op
# Warmup Iteration  10: 816.162 ±(99.9%) 155.646 ns/op
Iteration   1: 832.483 ±(99.9%) 165.880 ns/op
Iteration   2: 850.334 ±(99.9%) 184.481 ns/op
Iteration   3: 811.011 ±(99.9%) 148.610 ns/op
Iteration   4: 888.256 ±(99.9%) 223.997 ns/op
Iteration   5: 880.010 ±(99.9%) 195.025 ns/op
Iteration   6: 892.573 ±(99.9%) 204.782 ns/op
Iteration   7: 799.444 ±(99.9%) 109.179 ns/op
Iteration   8: 865.709 ±(99.9%) 204.172 ns/op
Iteration   9: 831.833 ±(99.9%) 155.194 ns/op
Iteration  10: cRSS-pRSS:[12426, 12426]
;used-memory:[0]
ARENATELE blockSize=262144 maxBlocks=8 cap=8192 maxObjects=16384 debug=false arenaHeap=0 arenaDirect=30693053 delegateHeap=0 delegateDirect=837326510 arenaShare=3.54% blocksHeap=32 blocksDirect=256 pinned=256 reusable=0 maxPinnedHeap=0 maxPinnedDirect=256 blockReuses=103826 blockGrowths=224 hooks=13530022 hookRejections=0 violations=0 earlyReuses=0 reallocInPlace=394 reallocMoved=0 reallocDelegated=0 trims=0 trimmedBlocks=0 leakedBlocks=0 objects=91520 bytesHeap=0 bytesDirect=3452321298424 liveHeap=0 liveDirect=680
ARENALOOP thread=io.github.neoionet.netty.microbenchmark.ByteBufAllocatorAllocPatternBenchmark.directAllocation-1-4 arenaHeap=0 arenaDirect=881625 delegateHeap=0 delegateDirect=24050002 arenaShare=3.54% blocksHeap=1 blocksDirect=8 pinned=8 reusable=0 maxPinnedHeap=0 maxPinnedDirect=8 blockReuses=2981 blockGrowths=7 hooks=388532 hookRejections=0 violations=0 earlyReuses=0 reallocInPlace=11 reallocMoved=0 reallocDelegated=0 trims=0 trimmedBlocks=0 leakedBlocks=0 objects=2860 bytesHeap=0 bytesDirect=99136416248 liveHeap=0 liveDirect=38
ARENALOOP thread=io.github.neoionet.netty.microbenchmark.ByteBufAllocatorAllocPatternBenchmark.directAllocation-1-7 arenaHeap=0 arenaDirect=978930 delegateHeap=0 delegateDirect=26709917 arenaShare=3.54% blocksHeap=1 blocksDirect=8 pinned=8 reusable=0 maxPinnedHeap=0 maxPinnedDirect=8 blockReuses=3312 blockGrowths=7 hooks=431614 hookRejections=0 violations=0 earlyReuses=0 reallocInPlace=13 reallocMoved=0 reallocDelegated=0 trims=0 trimmedBlocks=0 leakedBlocks=0 objects=2860 bytesHeap=0 bytesDirect=110130642624 liveHeap=0 liveDirect=64
ARENALOOP thread=io.github.neoionet.netty.microbenchmark.ByteBufAllocatorAllocPatternBenchmark.directAllocation-1-9 arenaHeap=0 arenaDirect=1124056 delegateHeap=0 delegateDirect=30672886 arenaShare=3.54% blocksHeap=1 blocksDirect=8 pinned=8 reusable=0 maxPinnedHeap=0 maxPinnedDirect=8 blockReuses=3805 blockGrowths=7 hooks=495803 hookRejections=0 violations=0 earlyReuses=0 reallocInPlace=13 reallocMoved=0 reallocDelegated=0 trims=0 trimmedBlocks=0 leakedBlocks=0 objects=2860 bytesHeap=0 bytesDirect=126512376920 liveHeap=0 liveDirect=0
ARENALOOP thread=io.github.neoionet.netty.microbenchmark.ByteBufAllocatorAllocPatternBenchmark.directAllocation-1-1 arenaHeap=0 arenaDirect=907675 delegateHeap=0 delegateDirect=24771554 arenaShare=3.53% blocksHeap=1 blocksDirect=8 pinned=8 reusable=0 maxPinnedHeap=0 maxPinnedDirect=8 blockReuses=3071 blockGrowths=7 hooks=400213 hookRejections=0 violations=0 earlyReuses=0 reallocInPlace=12 reallocMoved=0 reallocDelegated=0 trims=0 trimmedBlocks=0 leakedBlocks=0 objects=2860 bytesHeap=0 bytesDirect=102120379568 liveHeap=0 liveDirect=183
ARENALOOP thread=io.github.neoionet.netty.microbenchmark.ByteBufAllocatorAllocPatternBenchmark.directAllocation-1-27 arenaHeap=0 arenaDirect=849451 delegateHeap=0 delegateDirect=23180849 arenaShare=3.53% blocksHeap=1 blocksDirect=8 pinned=8 reusable=0 maxPinnedHeap=0 maxPinnedDirect=8 blockReuses=2872 blockGrowths=7 hooks=374449 hookRejections=0 violations=0 earlyReuses=0 reallocInPlace=11 reallocMoved=0 reallocDelegated=0 trims=0 trimmedBlocks=0 leakedBlocks=0 objects=2860 bytesHeap=0 bytesDirect=95542769336 liveHeap=0 liveDirect=0
ARENALOOP thread=io.github.neoionet.netty.microbenchmark.ByteBufAllocatorAllocPatternBenchmark.directAllocation-1-25 arenaHeap=0 arenaDirect=981884 delegateHeap=0 delegateDirect=26780858 arenaShare=3.54% blocksHeap=1 blocksDirect=8 pinned=8 reusable=0 maxPinnedHeap=0 maxPinnedDirect=8 blockReuses=3321 blockGrowths=7 hooks=432768 hookRejections=0 violations=0 earlyReuses=0 reallocInPlace=13 reallocMoved=0 reallocDelegated=0 trims=0 trimmedBlocks=0 leakedBlocks=0 objects=2860 bytesHeap=0 bytesDirect=110423635424 liveHeap=0 liveDirect=0
ARENALOOP thread=io.github.neoionet.netty.microbenchmark.ByteBufAllocatorAllocPatternBenchmark.directAllocation-1-8 arenaHeap=0 arenaDirect=917695 delegateHeap=0 delegateDirect=25041527 arenaShare=3.54% blocksHeap=1 blocksDirect=8 pinned=8 reusable=0 maxPinnedHeap=0 maxPinnedDirect=8 blockReuses=3105 blockGrowths=7 hooks=404588 hookRejections=0 violations=0 earlyReuses=0 reallocInPlace=12 reallocMoved=0 reallocDelegated=0 trims=0 trimmedBlocks=0 leakedBlocks=0 objects=2860 bytesHeap=0 bytesDirect=103236900904 liveHeap=0 liveDirect=37
ARENALOOP thread=io.github.neoionet.netty.microbenchmark.ByteBufAllocatorAllocPatternBenchmark.directAllocation-1-29 arenaHeap=0 arenaDirect=1121796 delegateHeap=0 delegateDirect=30592324 arenaShare=3.54% blocksHeap=1 blocksDirect=8 pinned=8 reusable=0 maxPinnedHeap=0 maxPinnedDirect=8 blockReuses=3797 blockGrowths=7 hooks=494509 hookRejections=0 violations=0 earlyReuses=0 reallocInPlace=13 reallocMoved=0 reallocDelegated=0 trims=0 trimmedBlocks=0 leakedBlocks=0 objects=2860 bytesHeap=0 bytesDirect=126179502728 liveHeap=0 liveDirect=0
ARENALOOP thread=io.github.neoionet.netty.microbenchmark.ByteBufAllocatorAllocPatternBenchmark.directAllocation-1-18 arenaHeap=0 arenaDirect=854986 delegateHeap=0 delegateDirect=23316701 arenaShare=3.54% blocksHeap=1 blocksDirect=8 pinned=8 reusable=0 maxPinnedHeap=0 maxPinnedDirect=8 blockReuses=2890 blockGrowths=7 hooks=376658 hookRejections=0 violations=0 earlyReuses=0 reallocInPlace=11 reallocMoved=0 reallocDelegated=0 trims=0 trimmedBlocks=0 leakedBlocks=0 objects=2860 bytesHeap=0 bytesDirect=96105125760 liveHeap=0 liveDirect=0
ARENALOOP thread=io.github.neoionet.netty.microbenchmark.ByteBufAllocatorAllocPatternBenchmark.directAllocation-1-13 arenaHeap=0 arenaDirect=978606 delegateHeap=0 delegateDirect=26696949 arenaShare=3.54% blocksHeap=1 blocksDirect=8 pinned=8 reusable=0 maxPinnedHeap=0 maxPinnedDirect=8 blockReuses=3311 blockGrowths=7 hooks=431406 hookRejections=0 violations=0 earlyReuses=0 reallocInPlace=13 reallocMoved=0 reallocDelegated=0 trims=0 trimmedBlocks=0 leakedBlocks=0 objects=2860 bytesHeap=0 bytesDirect=110077175504 liveHeap=0 liveDirect=0
ARENALOOP thread=io.github.neoionet.netty.microbenchmark.ByteBufAllocatorAllocPatternBenchmark.directAllocation-1-32 arenaHeap=0 arenaDirect=989624 delegateHeap=0 delegateDirect=26999614 arenaShare=3.54% blocksHeap=1 blocksDirect=8 pinned=8 reusable=0 maxPinnedHeap=0 maxPinnedDirect=8 blockReuses=3347 blockGrowths=7 hooks=436307 hookRejections=0 violations=0 earlyReuses=0 reallocInPlace=13 reallocMoved=0 reallocDelegated=0 trims=0 trimmedBlocks=0 leakedBlocks=0 objects=2860 bytesHeap=0 bytesDirect=111328057848 liveHeap=0 liveDirect=0
ARENALOOP thread=io.github.neoionet.netty.microbenchmark.ByteBufAllocatorAllocPatternBenchmark.directAllocation-1-22 arenaHeap=0 arenaDirect=913043 delegateHeap=0 delegateDirect=24912954 arenaShare=3.54% blocksHeap=1 blocksDirect=8 pinned=8 reusable=0 maxPinnedHeap=0 maxPinnedDirect=8 blockReuses=3089 blockGrowths=7 hooks=402507 hookRejections=0 violations=0 earlyReuses=0 reallocInPlace=12 reallocMoved=0 reallocDelegated=0 trims=0 trimmedBlocks=0 leakedBlocks=0 objects=2860 bytesHeap=0 bytesDirect=102705627424 liveHeap=0 liveDirect=0
ARENALOOP thread=io.github.neoionet.netty.microbenchmark.ByteBufAllocatorAllocPatternBenchmark.directAllocation-1-21 arenaHeap=0 arenaDirect=1016484 delegateHeap=0 delegateDirect=27710567 arenaShare=3.54% blocksHeap=1 blocksDirect=8 pinned=8 reusable=0 maxPinnedHeap=0 maxPinnedDirect=8 blockReuses=3438 blockGrowths=7 hooks=447836 hookRejections=0 violations=0 earlyReuses=0 reallocInPlace=13 reallocMoved=0 reallocDelegated=0 trims=0 trimmedBlocks=0 leakedBlocks=0 objects=2860 bytesHeap=0 bytesDirect=114267842312 liveHeap=0 liveDirect=186
ARENALOOP thread=io.github.neoionet.netty.microbenchmark.ByteBufAllocatorAllocPatternBenchmark.directAllocation-1-31 arenaHeap=0 arenaDirect=1042939 delegateHeap=0 delegateDirect=28442322 arenaShare=3.54% blocksHeap=1 blocksDirect=8 pinned=8 reusable=0 maxPinnedHeap=0 maxPinnedDirect=8 blockReuses=3528 blockGrowths=7 hooks=459683 hookRejections=0 violations=0 earlyReuses=0 reallocInPlace=13 reallocMoved=0 reallocDelegated=0 trims=0 trimmedBlocks=0 leakedBlocks=0 objects=2860 bytesHeap=0 bytesDirect=117291947912 liveHeap=0 liveDirect=0
ARENALOOP thread=io.github.neoionet.netty.microbenchmark.ByteBufAllocatorAllocPatternBenchmark.directAllocation-1-20 arenaHeap=0 arenaDirect=910077 delegateHeap=0 delegateDirect=24838751 arenaShare=3.53% blocksHeap=1 blocksDirect=8 pinned=8 reusable=0 maxPinnedHeap=0 maxPinnedDirect=8 blockReuses=3079 blockGrowths=7 hooks=401301 hookRejections=0 violations=0 earlyReuses=0 reallocInPlace=12 reallocMoved=0 reallocDelegated=0 trims=0 trimmedBlocks=0 leakedBlocks=0 objects=2860 bytesHeap=0 bytesDirect=102398453992 liveHeap=0 liveDirect=0
ARENALOOP thread=io.github.neoionet.netty.microbenchmark.ByteBufAllocatorAllocPatternBenchmark.directAllocation-1-17 arenaHeap=0 arenaDirect=873625 delegateHeap=0 delegateDirect=23847113 arenaShare=3.53% blocksHeap=1 blocksDirect=8 pinned=8 reusable=0 maxPinnedHeap=0 maxPinnedDirect=8 blockReuses=2955 blockGrowths=7 hooks=385237 hookRejections=0 violations=0 earlyReuses=0 reallocInPlace=11 reallocMoved=0 reallocDelegated=0 trims=0 trimmedBlocks=0 leakedBlocks=0 objects=2860 bytesHeap=0 bytesDirect=98297726672 liveHeap=0 liveDirect=166
ARENALOOP thread=io.github.neoionet.netty.microbenchmark.ByteBufAllocatorAllocPatternBenchmark.directAllocation-1-2 arenaHeap=0 arenaDirect=905867 delegateHeap=0 delegateDirect=24727760 arenaShare=3.53% blocksHeap=1 blocksDirect=8 pinned=8 reusable=0 maxPinnedHeap=0 maxPinnedDirect=8 blockReuses=3065 blockGrowths=7 hooks=399501 hookRejections=0 violations=0 earlyReuses=0 reallocInPlace=12 reallocMoved=0 reallocDelegated=0 trims=0 trimmedBlocks=0 leakedBlocks=0 objects=2860 bytesHeap=0 bytesDirect=101939261048 liveHeap=0 liveDirect=0
ARENALOOP thread=io.github.neoionet.netty.microbenchmark.ByteBufAllocatorAllocPatternBenchmark.directAllocation-1-11 arenaHeap=0 arenaDirect=886345 delegateHeap=0 delegateDirect=24187856 arenaShare=3.53% blocksHeap=1 blocksDirect=8 pinned=8 reusable=0 maxPinnedHeap=0 maxPinnedDirect=8 blockReuses=2998 blockGrowths=7 hooks=390760 hookRejections=0 violations=0 earlyReuses=0 reallocInPlace=11 reallocMoved=0 reallocDelegated=0 trims=0 trimmedBlocks=0 leakedBlocks=0 objects=2860 bytesHeap=0 bytesDirect=99705953136 liveHeap=0 liveDirect=0
ARENALOOP thread=io.github.neoionet.netty.microbenchmark.ByteBufAllocatorAllocPatternBenchmark.directAllocation-1-24 arenaHeap=0 arenaDirect=936387 delegateHeap=0 delegateDirect=25548760 arenaShare=3.54% blocksHeap=1 blocksDirect=8 pinned=8 reusable=0 maxPinnedHeap=0 maxPinnedDirect=8 blockReuses=3167 blockGrowths=7 hooks=412806 hookRejections=0 violations=0 earlyReuses=0 reallocInPlace=12 reallocMoved=0 reallocDelegated=0 trims=0 trimmedBlocks=0 leakedBlocks=0 objects=2860 bytesHeap=0 bytesDirect=105333337160 liveHeap=0 liveDirect=0
ARENALOOP thread=io.github.neoionet.netty.microbenchmark.ByteBufAllocatorAllocPatternBenchmark.directAllocation-1-3 arenaHeap=0 arenaDirect=1037578 delegateHeap=0 delegateDirect=28286598 arenaShare=3.54% blocksHeap=1 blocksDirect=8 pinned=8 reusable=0 maxPinnedHeap=0 maxPinnedDirect=8 blockReuses=3510 blockGrowths=7 hooks=457166 hookRejections=0 violations=0 earlyReuses=0 reallocInPlace=13 reallocMoved=0 reallocDelegated=0 trims=0 trimmedBlocks=0 leakedBlocks=0 objects=2860 bytesHeap=0 bytesDirect=116648519928 liveHeap=0 liveDirect=0
ARENALOOP thread=io.github.neoionet.netty.microbenchmark.ByteBufAllocatorAllocPatternBenchmark.directAllocation-1-19 arenaHeap=0 arenaDirect=917019 delegateHeap=0 delegateDirect=25030469 arenaShare=3.53% blocksHeap=1 blocksDirect=8 pinned=8 reusable=0 maxPinnedHeap=0 maxPinnedDirect=8 blockReuses=3103 blockGrowths=7 hooks=404405 hookRejections=0 violations=0 earlyReuses=0 reallocInPlace=12 reallocMoved=0 reallocDelegated=0 trims=0 trimmedBlocks=0 leakedBlocks=0 objects=2860 bytesHeap=0 bytesDirect=103191045144 liveHeap=0 liveDirect=0
ARENALOOP thread=io.github.neoionet.netty.microbenchmark.ByteBufAllocatorAllocPatternBenchmark.directAllocation-1-23 arenaHeap=0 arenaDirect=989043 delegateHeap=0 delegateDirect=26971656 arenaShare=3.54% blocksHeap=1 blocksDirect=8 pinned=8 reusable=0 maxPinnedHeap=0 maxPinnedDirect=8 blockReuses=3345 blockGrowths=7 hooks=435861 hookRejections=0 violations=0 earlyReuses=0 reallocInPlace=13 reallocMoved=0 reallocDelegated=0 trims=0 trimmedBlocks=0 leakedBlocks=0 objects=2860 bytesHeap=0 bytesDirect=111212740232 liveHeap=0 liveDirect=0
ARENALOOP thread=io.github.neoionet.netty.microbenchmark.ByteBufAllocatorAllocPatternBenchmark.directAllocation-1-26 arenaHeap=0 arenaDirect=1096178 delegateHeap=0 delegateDirect=29884854 arenaShare=3.54% blocksHeap=1 blocksDirect=8 pinned=8 reusable=0 maxPinnedHeap=0 maxPinnedDirect=8 blockReuses=3709 blockGrowths=7 hooks=483054 hookRejections=0 violations=0 earlyReuses=0 reallocInPlace=13 reallocMoved=0 reallocDelegated=0 trims=0 trimmedBlocks=0 leakedBlocks=0 objects=2860 bytesHeap=0 bytesDirect=123254109816 liveHeap=0 liveDirect=0
ARENALOOP thread=io.github.neoionet.netty.microbenchmark.ByteBufAllocatorAllocPatternBenchmark.directAllocation-1-12 arenaHeap=0 arenaDirect=1035799 delegateHeap=0 delegateDirect=28249305 arenaShare=3.54% blocksHeap=1 blocksDirect=8 pinned=8 reusable=0 maxPinnedHeap=0 maxPinnedDirect=8 blockReuses=3504 blockGrowths=7 hooks=456555 hookRejections=0 violations=0 earlyReuses=0 reallocInPlace=13 reallocMoved=0 reallocDelegated=0 trims=0 trimmedBlocks=0 leakedBlocks=0 objects=2860 bytesHeap=0 bytesDirect=116493618800 liveHeap=0 liveDirect=0
ARENALOOP thread=io.github.neoionet.netty.microbenchmark.ByteBufAllocatorAllocPatternBenchmark.directAllocation-1-14 arenaHeap=0 arenaDirect=970444 delegateHeap=0 delegateDirect=26474167 arenaShare=3.54% blocksHeap=1 blocksDirect=8 pinned=8 reusable=0 maxPinnedHeap=0 maxPinnedDirect=8 blockReuses=3283 blockGrowths=7 hooks=427798 hookRejections=0 violations=0 earlyReuses=0 reallocInPlace=13 reallocMoved=0 reallocDelegated=0 trims=0 trimmedBlocks=0 leakedBlocks=0 objects=2860 bytesHeap=0 bytesDirect=109156729608 liveHeap=0 liveDirect=0
ARENALOOP thread=io.github.neoionet.netty.microbenchmark.ByteBufAllocatorAllocPatternBenchmark.directAllocation-1-16 arenaHeap=0 arenaDirect=965193 delegateHeap=0 delegateDirect=26334963 arenaShare=3.54% blocksHeap=1 blocksDirect=8 pinned=8 reusable=0 maxPinnedHeap=0 maxPinnedDirect=8 blockReuses=3265 blockGrowths=7 hooks=425540 hookRejections=0 violations=0 earlyReuses=0 reallocInPlace=13 reallocMoved=0 reallocDelegated=0 trims=0 trimmedBlocks=0 leakedBlocks=0 objects=2860 bytesHeap=0 bytesDirect=108581428160 liveHeap=0 liveDirect=0
ARENALOOP thread=io.github.neoionet.netty.microbenchmark.ByteBufAllocatorAllocPatternBenchmark.directAllocation-1-30 arenaHeap=0 arenaDirect=734170 delegateHeap=0 delegateDirect=20015481 arenaShare=3.54% blocksHeap=1 blocksDirect=8 pinned=8 reusable=0 maxPinnedHeap=0 maxPinnedDirect=8 blockReuses=2480 blockGrowths=7 hooks=323189 hookRejections=0 violations=0 earlyReuses=0 reallocInPlace=10 reallocMoved=0 reallocDelegated=0 trims=0 trimmedBlocks=0 leakedBlocks=0 objects=2860 bytesHeap=0 bytesDirect=82458633424 liveHeap=0 liveDirect=0
ARENALOOP thread=io.github.neoionet.netty.microbenchmark.ByteBufAllocatorAllocPatternBenchmark.directAllocation-1-10 arenaHeap=0 arenaDirect=1068687 delegateHeap=0 delegateDirect=29158811 arenaShare=3.54% blocksHeap=1 blocksDirect=8 pinned=8 reusable=0 maxPinnedHeap=0 maxPinnedDirect=8 blockReuses=3615 blockGrowths=7 hooks=471280 hookRejections=0 violations=0 earlyReuses=0 reallocInPlace=13 reallocMoved=0 reallocDelegated=0 trims=0 trimmedBlocks=0 leakedBlocks=0 objects=2860 bytesHeap=0 bytesDirect=120252701720 liveHeap=0 liveDirect=0
ARENALOOP thread=io.github.neoionet.netty.microbenchmark.ByteBufAllocatorAllocPatternBenchmark.directAllocation-1-28 arenaHeap=0 arenaDirect=991344 delegateHeap=0 delegateDirect=27032329 arenaShare=3.54% blocksHeap=1 blocksDirect=8 pinned=8 reusable=0 maxPinnedHeap=0 maxPinnedDirect=8 blockReuses=3353 blockGrowths=7 hooks=436845 hookRejections=0 violations=0 earlyReuses=0 reallocInPlace=13 reallocMoved=0 reallocDelegated=0 trims=0 trimmedBlocks=0 leakedBlocks=0 objects=2860 bytesHeap=0 bytesDirect=111463551648 liveHeap=0 liveDirect=0
ARENALOOP thread=io.github.neoionet.netty.microbenchmark.ByteBufAllocatorAllocPatternBenchmark.directAllocation-1-6 arenaHeap=0 arenaDirect=989043 delegateHeap=0 delegateDirect=26978897 arenaShare=3.54% blocksHeap=1 blocksDirect=8 pinned=8 reusable=0 maxPinnedHeap=0 maxPinnedDirect=8 blockReuses=3345 blockGrowths=7 hooks=435975 hookRejections=0 violations=0 earlyReuses=0 reallocInPlace=13 reallocMoved=0 reallocDelegated=0 trims=0 trimmedBlocks=0 leakedBlocks=0 objects=2860 bytesHeap=0 bytesDirect=111242624648 liveHeap=0 liveDirect=0
ARENALOOP thread=io.github.neoionet.netty.microbenchmark.ByteBufAllocatorAllocPatternBenchmark.directAllocation-1-15 arenaHeap=0 arenaDirect=907021 delegateHeap=0 delegateDirect=24762940 arenaShare=3.53% blocksHeap=1 blocksDirect=8 pinned=8 reusable=0 maxPinnedHeap=0 maxPinnedDirect=8 blockReuses=3069 blockGrowths=7 hooks=400069 hookRejections=0 violations=0 earlyReuses=0 reallocInPlace=12 reallocMoved=0 reallocDelegated=0 trims=0 trimmedBlocks=0 leakedBlocks=0 objects=2860 bytesHeap=0 bytesDirect=102084737760 liveHeap=0 liveDirect=0
ARENALOOP thread=io.github.neoionet.netty.microbenchmark.ByteBufAllocatorAllocPatternBenchmark.directAllocation-1-5 arenaHeap=0 arenaDirect=920439 delegateHeap=0 delegateDirect=25116776 arenaShare=3.54% blocksHeap=1 blocksDirect=8 pinned=8 reusable=0 maxPinnedHeap=0 maxPinnedDirect=8 blockReuses=3114 blockGrowths=7 hooks=405807 hookRejections=0 violations=0 earlyReuses=0 reallocInPlace=12 reallocMoved=0 reallocDelegated=0 trims=0 trimmedBlocks=0 leakedBlocks=0 objects=2860 bytesHeap=0 bytesDirect=103547725016 liveHeap=0 liveDirect=0
888.317 ±(99.9%) 202.814 ns/op

# Run progress: 47.62% complete, ETA 00:09:19
# Fork: 3 of 3
# Warmup Iteration   1: 1109.986 ±(99.9%) 118.986 ns/op
# Warmup Iteration   2: 859.831 ±(99.9%) 213.980 ns/op
# Warmup Iteration   3: 929.945 ±(99.9%) 224.312 ns/op
# Warmup Iteration   4: 832.414 ±(99.9%) 144.049 ns/op
# Warmup Iteration   5: 818.044 ±(99.9%) 164.826 ns/op
# Warmup Iteration   6: 921.238 ±(99.9%) 253.697 ns/op
# Warmup Iteration   7: 777.638 ±(99.9%) 101.099 ns/op
# Warmup Iteration   8: 811.183 ±(99.9%) 153.290 ns/op
# Warmup Iteration   9: 877.557 ±(99.9%) 226.948 ns/op
# Warmup Iteration  10: 848.149 ±(99.9%) 195.823 ns/op
Iteration   1: 777.007 ±(99.9%) 96.627 ns/op
Iteration   2: 925.081 ±(99.9%) 259.755 ns/op
Iteration   3: 857.900 ±(99.9%) 179.199 ns/op
Iteration   4: 835.032 ±(99.9%) 174.247 ns/op
Iteration   5: 850.437 ±(99.9%) 173.359 ns/op
Iteration   6: 872.561 ±(99.9%) 192.907 ns/op
Iteration   7: 842.389 ±(99.9%) 171.153 ns/op
Iteration   8: 940.607 ±(99.9%) 308.979 ns/op
Iteration   9: 876.739 ±(99.9%) 231.607 ns/op
Iteration  10: cRSS-pRSS:[12413, 12413]
;used-memory:[0]
ARENATELE blockSize=262144 maxBlocks=8 cap=8192 maxObjects=16384 debug=false arenaHeap=0 arenaDirect=30624329 delegateHeap=0 delegateDirect=835366297 arenaShare=3.54% blocksHeap=32 blocksDirect=256 pinned=256 reusable=0 maxPinnedHeap=0 maxPinnedDirect=256 blockReuses=103582 blockGrowths=224 hooks=13498318 hookRejections=0 violations=0 earlyReuses=0 reallocInPlace=388 reallocMoved=0 reallocDelegated=0 trims=0 trimmedBlocks=0 leakedBlocks=0 objects=91520 bytesHeap=0 bytesDirect=3444214538072 liveHeap=0 liveDirect=423
ARENALOOP thread=io.github.neoionet.netty.microbenchmark.ByteBufAllocatorAllocPatternBenchmark.directAllocation-1-15 arenaHeap=0 arenaDirect=802803 delegateHeap=0 delegateDirect=21858903 arenaShare=3.54% blocksHeap=1 blocksDirect=8 pinned=8 reusable=0 maxPinnedHeap=0 maxPinnedDirect=8 blockReuses=2709 blockGrowths=7 hooks=353065 hookRejections=0 violations=0 earlyReuses=0 reallocInPlace=10 reallocMoved=0 reallocDelegated=0 trims=0 trimmedBlocks=0 leakedBlocks=0 objects=2860 bytesHeap=0 bytesDirect=90077585144 liveHeap=0 liveDirect=176
ARENALOOP thread=io.github.neoionet.netty.microbenchmark.ByteBufAllocatorAllocPatternBenchmark.directAllocation-1-32 arenaHeap=0 arenaDirect=892455 delegateHeap=0 delegateDirect=24359244 arenaShare=3.53% blocksHeap=1 blocksDirect=8 pinned=8 reusable=0 maxPinnedHeap=0 maxPinnedDirect=8 blockReuses=3019 blockGrowths=7 hooks=393533 hookRejections=0 violations=0 earlyReuses=0 reallocInPlace=11 reallocMoved=0 reallocDelegated=0 trims=0 trimmedBlocks=0 leakedBlocks=0 objects=2860 bytesHeap=0 bytesDirect=100413636712 liveHeap=0 liveDirect=80
ARENALOOP thread=io.github.neoionet.netty.microbenchmark.ByteBufAllocatorAllocPatternBenchmark.directAllocation-1-24 arenaHeap=0 arenaDirect=1019711 delegateHeap=0 delegateDirect=27824074 arenaShare=3.54% blocksHeap=1 blocksDirect=8 pinned=8 reusable=0 maxPinnedHeap=0 maxPinnedDirect=8 blockReuses=3449 blockGrowths=7 hooks=449660 hookRejections=0 violations=0 earlyReuses=0 reallocInPlace=13 reallocMoved=0 reallocDelegated=0 trims=0 trimmedBlocks=0 leakedBlocks=0 objects=2860 bytesHeap=0 bytesDirect=114736230720 liveHeap=0 liveDirect=0
ARENALOOP thread=io.github.neoionet.netty.microbenchmark.ByteBufAllocatorAllocPatternBenchmark.directAllocation-1-3 arenaHeap=0 arenaDirect=905261 delegateHeap=0 delegateDirect=24703328 arenaShare=3.53% blocksHeap=1 blocksDirect=8 pinned=8 reusable=0 maxPinnedHeap=0 maxPinnedDirect=8 blockReuses=3063 blockGrowths=7 hooks=399110 hookRejections=0 violations=0 earlyReuses=0 reallocInPlace=12 reallocMoved=0 reallocDelegated=0 trims=0 trimmedBlocks=0 leakedBlocks=0 objects=2860 bytesHeap=0 bytesDirect=101838613552 liveHeap=0 liveDirect=0
ARENALOOP thread=io.github.neoionet.netty.microbenchmark.ByteBufAllocatorAllocPatternBenchmark.directAllocation-1-14 arenaHeap=0 arenaDirect=1071041 delegateHeap=0 delegateDirect=29223884 arenaShare=3.54% blocksHeap=1 blocksDirect=8 pinned=8 reusable=0 maxPinnedHeap=0 maxPinnedDirect=8 blockReuses=3623 blockGrowths=7 hooks=472334 hookRejections=0 violations=0 earlyReuses=0 reallocInPlace=13 reallocMoved=0 reallocDelegated=0 trims=0 trimmedBlocks=0 leakedBlocks=0 objects=2860 bytesHeap=0 bytesDirect=120521858760 liveHeap=0 liveDirect=0
ARENALOOP thread=io.github.neoionet.netty.microbenchmark.ByteBufAllocatorAllocPatternBenchmark.directAllocation-1-31 arenaHeap=0 arenaDirect=1012067 delegateHeap=0 delegateDirect=27587517 arenaShare=3.54% blocksHeap=1 blocksDirect=8 pinned=8 reusable=0 maxPinnedHeap=0 maxPinnedDirect=8 blockReuses=3423 blockGrowths=7 hooks=445844 hookRejections=0 violations=0 earlyReuses=0 reallocInPlace=13 reallocMoved=0 reallocDelegated=0 trims=0 trimmedBlocks=0 leakedBlocks=0 objects=2860 bytesHeap=0 bytesDirect=113759132336 liveHeap=0 liveDirect=0
ARENALOOP thread=io.github.neoionet.netty.microbenchmark.ByteBufAllocatorAllocPatternBenchmark.directAllocation-1-9 arenaHeap=0 arenaDirect=923043 delegateHeap=0 delegateDirect=25189437 arenaShare=3.53% blocksHeap=1 blocksDirect=8 pinned=8 reusable=0 maxPinnedHeap=0 maxPinnedDirect=8 blockReuses=3123 blockGrowths=7 hooks=406983 hookRejections=0 violations=0 earlyReuses=0 reallocInPlace=12 reallocMoved=0 reallocDelegated=0 trims=0 trimmedBlocks=0 leakedBlocks=0 objects=2860 bytesHeap=0 bytesDirect=103848595000 liveHeap=0 liveDirect=0
ARENALOOP thread=io.github.neoionet.netty.microbenchmark.ByteBufAllocatorAllocPatternBenchmark.directAllocation-1-20 arenaHeap=0 arenaDirect=995682 delegateHeap=0 delegateDirect=27157283 arenaShare=3.54% blocksHeap=1 blocksDirect=8 pinned=8 reusable=0 maxPinnedHeap=0 maxPinnedDirect=8 blockReuses=3368 blockGrowths=7 hooks=438866 hookRejections=0 violations=0 earlyReuses=0 reallocInPlace=13 reallocMoved=0 reallocDelegated=0 trims=0 trimmedBlocks=0 leakedBlocks=0 objects=2860 bytesHeap=0 bytesDirect=111980631656 liveHeap=0 liveDirect=157
ARENALOOP thread=io.github.neoionet.netty.microbenchmark.ByteBufAllocatorAllocPatternBenchmark.directAllocation-1-10 arenaHeap=0 arenaDirect=772351 delegateHeap=0 delegateDirect=21039599 arenaShare=3.54% blocksHeap=1 blocksDirect=8 pinned=8 reusable=0 maxPinnedHeap=0 maxPinnedDirect=8 blockReuses=2608 blockGrowths=7 hooks=339787 hookRejections=0 violations=0 earlyReuses=0 reallocInPlace=10 reallocMoved=0 reallocDelegated=0 trims=0 trimmedBlocks=0 leakedBlocks=0 objects=2860 bytesHeap=0 bytesDirect=86692180128 liveHeap=0 liveDirect=0
ARENALOOP thread=io.github.neoionet.netty.microbenchmark.ByteBufAllocatorAllocPatternBenchmark.directAllocation-1-4 arenaHeap=0 arenaDirect=935441 delegateHeap=0 delegateDirect=25523941 arenaShare=3.54% blocksHeap=1 blocksDirect=8 pinned=8 reusable=0 maxPinnedHeap=0 maxPinnedDirect=8 blockReuses=3164 blockGrowths=7 hooks=412403 hookRejections=0 violations=0 earlyReuses=0 reallocInPlace=12 reallocMoved=0 reallocDelegated=0 trims=0 trimmedBlocks=0 leakedBlocks=0 objects=2860 bytesHeap=0 bytesDirect=105230852904 liveHeap=0 liveDirect=0
ARENALOOP thread=io.github.neoionet.netty.microbenchmark.ByteBufAllocatorAllocPatternBenchmark.directAllocation-1-26 arenaHeap=0 arenaDirect=894483 delegateHeap=0 delegateDirect=24404775 arenaShare=3.54% blocksHeap=1 blocksDirect=8 pinned=8 reusable=0 maxPinnedHeap=0 maxPinnedDirect=8 blockReuses=3026 blockGrowths=7 hooks=394276 hookRejections=0 violations=0 earlyReuses=0 reallocInPlace=11 reallocMoved=0 reallocDelegated=0 trims=0 trimmedBlocks=0 leakedBlocks=0 objects=2860 bytesHeap=0 bytesDirect=100602859336 liveHeap=0 liveDirect=0
ARENALOOP thread=io.github.neoionet.netty.microbenchmark.ByteBufAllocatorAllocPatternBenchmark.directAllocation-1-27 arenaHeap=0 arenaDirect=939177 delegateHeap=0 delegateDirect=25618171 arenaShare=3.54% blocksHeap=1 blocksDirect=8 pinned=8 reusable=0 maxPinnedHeap=0 maxPinnedDirect=8 blockReuses=3177 blockGrowths=7 hooks=413934 hookRejections=0 violations=0 earlyReuses=0 reallocInPlace=12 reallocMoved=0 reallocDelegated=0 trims=0 trimmedBlocks=0 leakedBlocks=0 objects=2860 bytesHeap=0 bytesDirect=105620472488 liveHeap=0 liveDirect=4
ARENALOOP thread=io.github.neoionet.netty.microbenchmark.ByteBufAllocatorAllocPatternBenchmark.directAllocation-1-25 arenaHeap=0 arenaDirect=1048013 delegateHeap=0 delegateDirect=28597878 arenaShare=3.54% blocksHeap=1 blocksDirect=8 pinned=8 reusable=0 maxPinnedHeap=0 maxPinnedDirect=8 blockReuses=3546 blockGrowths=7 hooks=462193 hookRejections=0 violations=0 earlyReuses=0 reallocInPlace=13 reallocMoved=0 reallocDelegated=0 trims=0 trimmedBlocks=0 leakedBlocks=0 objects=2860 bytesHeap=0 bytesDirect=117934865648 liveHeap=0 liveDirect=0
ARENALOOP thread=io.github.neoionet.netty.microbenchmark.ByteBufAllocatorAllocPatternBenchmark.directAllocation-1-5 arenaHeap=0 arenaDirect=954259 delegateHeap=0 delegateDirect=26040732 arenaShare=3.53% blocksHeap=1 blocksDirect=8 pinned=8 reusable=0 maxPinnedHeap=0 maxPinnedDirect=8 blockReuses=3229 blockGrowths=7 hooks=420772 hookRejections=0 violations=0 earlyReuses=0 reallocInPlace=13 reallocMoved=0 reallocDelegated=0 trims=0 trimmedBlocks=0 leakedBlocks=0 objects=2860 bytesHeap=0 bytesDirect=107366307096 liveHeap=0 liveDirect=0
ARENALOOP thread=io.github.neoionet.netty.microbenchmark.ByteBufAllocatorAllocPatternBenchmark.directAllocation-1-18 arenaHeap=0 arenaDirect=805151 delegateHeap=0 delegateDirect=21921112 arenaShare=3.54% blocksHeap=1 blocksDirect=8 pinned=8 reusable=0 maxPinnedHeap=0 maxPinnedDirect=8 blockReuses=2717 blockGrowths=7 hooks=354073 hookRejections=0 violations=0 earlyReuses=0 reallocInPlace=10 reallocMoved=0 reallocDelegated=0 trims=0 trimmedBlocks=0 leakedBlocks=0 objects=2860 bytesHeap=0 bytesDirect=90334419376 liveHeap=0 liveDirect=0
ARENALOOP thread=io.github.neoionet.netty.microbenchmark.ByteBufAllocatorAllocPatternBenchmark.directAllocation-1-1 arenaHeap=0 arenaDirect=881625 delegateHeap=0 delegateDirect=24051077 arenaShare=3.54% blocksHeap=1 blocksDirect=8 pinned=8 reusable=0 maxPinnedHeap=0 maxPinnedDirect=8 blockReuses=2981 blockGrowths=7 hooks=388549 hookRejections=0 violations=0 earlyReuses=0 reallocInPlace=11 reallocMoved=0 reallocDelegated=0 trims=0 trimmedBlocks=0 leakedBlocks=0 objects=2860 bytesHeap=0 bytesDirect=99140872560 liveHeap=0 liveDirect=1
ARENALOOP thread=io.github.neoionet.netty.microbenchmark.ByteBufAllocatorAllocPatternBenchmark.directAllocation-1-23 arenaHeap=0 arenaDirect=1124628 delegateHeap=0 delegateDirect=30689514 arenaShare=3.53% blocksHeap=1 blocksDirect=8 pinned=8 reusable=0 maxPinnedHeap=0 maxPinnedDirect=8 blockReuses=3807 blockGrowths=7 hooks=496071 hookRejections=0 violations=0 earlyReuses=0 reallocInPlace=13 reallocMoved=0 reallocDelegated=0 trims=0 trimmedBlocks=0 leakedBlocks=0 objects=2860 bytesHeap=0 bytesDirect=126580786672 liveHeap=0 liveDirect=0
ARENALOOP thread=io.github.neoionet.netty.microbenchmark.ByteBufAllocatorAllocPatternBenchmark.directAllocation-1-7 arenaHeap=0 arenaDirect=900382 delegateHeap=0 delegateDirect=24571875 arenaShare=3.53% blocksHeap=1 blocksDirect=8 pinned=8 reusable=0 maxPinnedHeap=0 maxPinnedDirect=8 blockReuses=3046 blockGrowths=7 hooks=396980 hookRejections=0 violations=0 earlyReuses=0 reallocInPlace=11 reallocMoved=0 reallocDelegated=0 trims=0 trimmedBlocks=0 leakedBlocks=0 objects=2860 bytesHeap=0 bytesDirect=101294234144 liveHeap=0 liveDirect=0
ARENALOOP thread=io.github.neoionet.netty.microbenchmark.ByteBufAllocatorAllocPatternBenchmark.directAllocation-1-29 arenaHeap=0 arenaDirect=1089688 delegateHeap=0 delegateDirect=29737457 arenaShare=3.53% blocksHeap=1 blocksDirect=8 pinned=8 reusable=0 maxPinnedHeap=0 maxPinnedDirect=8 blockReuses=3687 blockGrowths=7 hooks=480650 hookRejections=0 violations=0 earlyReuses=0 reallocInPlace=13 reallocMoved=0 reallocDelegated=0 trims=0 trimmedBlocks=0 leakedBlocks=0 objects=2860 bytesHeap=0 bytesDirect=122644514720 liveHeap=0 liveDirect=0
ARENALOOP thread=io.github.neoionet.netty.microbenchmark.ByteBufAllocatorAllocPatternBenchmark.directAllocation-1-2 arenaHeap=0 arenaDirect=856452 delegateHeap=0 delegateDirect=23357370 arenaShare=3.54% blocksHeap=1 blocksDirect=8 pinned=8 reusable=0 maxPinnedHeap=0 maxPinnedDirect=8 blockReuses=2895 blockGrowths=7 hooks=377316 hookRejections=0 violations=0 earlyReuses=0 reallocInPlace=11 reallocMoved=0 reallocDelegated=0 trims=0 trimmedBlocks=0 leakedBlocks=0 objects=2860 bytesHeap=0 bytesDirect=96273106440 liveHeap=0 liveDirect=0
ARENALOOP thread=io.github.neoionet.netty.microbenchmark.ByteBufAllocatorAllocPatternBenchmark.directAllocation-1-16 arenaHeap=0 arenaDirect=1047200 delegateHeap=0 delegateDirect=28564059 arenaShare=3.54% blocksHeap=1 blocksDirect=8 pinned=8 reusable=0 maxPinnedHeap=0 maxPinnedDirect=8 blockReuses=3543 blockGrowths=7 hooks=461651 hookRejections=0 violations=0 earlyReuses=0 reallocInPlace=13 reallocMoved=0 reallocDelegated=0 trims=0 trimmedBlocks=0 leakedBlocks=0 objects=2860 bytesHeap=0 bytesDirect=117795422464 liveHeap=0 liveDirect=0
ARENALOOP thread=io.github.neoionet.netty.microbenchmark.ByteBufAllocatorAllocPatternBenchmark.directAllocation-1-30 arenaHeap=0 arenaDirect=981237 delegateHeap=0 delegateDirect=26756342 arenaShare=3.54% blocksHeap=1 blocksDirect=8 pinned=8 reusable=0 maxPinnedHeap=0 maxPinnedDirect=8 blockReuses=3319 blockGrowths=7 hooks=432375 hookRejections=0 violations=0 earlyReuses=0 reallocInPlace=13 reallocMoved=0 reallocDelegated=0 trims=0 trimmedBlocks=0 leakedBlocks=0 objects=2860 bytesHeap=0 bytesDirect=110322721408 liveHeap=0 liveDirect=0
ARENALOOP thread=io.github.neoionet.netty.microbenchmark.ByteBufAllocatorAllocPatternBenchmark.directAllocation-1-21 arenaHeap=0 arenaDirect=903771 delegateHeap=0 delegateDirect=24673909 arenaShare=3.53% blocksHeap=1 blocksDirect=8 pinned=8 reusable=0 maxPinnedHeap=0 maxPinnedDirect=8 blockReuses=3058 blockGrowths=7 hooks=398627 hookRejections=0 violations=0 earlyReuses=0 reallocInPlace=12 reallocMoved=0 reallocDelegated=0 trims=0 trimmedBlocks=0 leakedBlocks=0 objects=2860 bytesHeap=0 bytesDirect=101716481488 liveHeap=0 liveDirect=0
ARENALOOP thread=io.github.neoionet.netty.microbenchmark.ByteBufAllocatorAllocPatternBenchmark.directAllocation-1-22 arenaHeap=0 arenaDirect=1040620 delegateHeap=0 delegateDirect=28386829 arenaShare=3.54% blocksHeap=1 blocksDirect=8 pinned=8 reusable=0 maxPinnedHeap=0 maxPinnedDirect=8 blockReuses=3520 blockGrowths=7 hooks=458779 hookRejections=0 violations=0 earlyReuses=0 reallocInPlace=13 reallocMoved=0 reallocDelegated=0 trims=0 trimmedBlocks=0 leakedBlocks=0 objects=2860 bytesHeap=0 bytesDirect=117061863896 liveHeap=0 liveDirect=0
ARENALOOP thread=io.github.neoionet.netty.microbenchmark.ByteBufAllocatorAllocPatternBenchmark.directAllocation-1-8 arenaHeap=0 arenaDirect=1173608 delegateHeap=0 delegateDirect=32013551 arenaShare=3.54% blocksHeap=1 blocksDirect=8 pinned=8 reusable=0 maxPinnedHeap=0 maxPinnedDirect=8 blockReuses=3973 blockGrowths=7 hooks=517525 hookRejections=0 violations=0 earlyReuses=0 reallocInPlace=14 reallocMoved=0 reallocDelegated=0 trims=0 trimmedBlocks=0 leakedBlocks=0 objects=2860 bytesHeap=0 bytesDirect=132054937456 liveHeap=0 liveDirect=0
ARENALOOP thread=io.github.neoionet.netty.microbenchmark.ByteBufAllocatorAllocPatternBenchmark.directAllocation-1-6 arenaHeap=0 arenaDirect=1012601 delegateHeap=0 delegateDirect=27612469 arenaShare=3.54% blocksHeap=1 blocksDirect=8 pinned=8 reusable=0 maxPinnedHeap=0 maxPinnedDirect=8 blockReuses=3425 blockGrowths=7 hooks=446242 hookRejections=0 violations=0 earlyReuses=0 reallocInPlace=13 reallocMoved=0 reallocDelegated=0 trims=0 trimmedBlocks=0 leakedBlocks=0 objects=2860 bytesHeap=0 bytesDirect=113861875272 liveHeap=0 liveDirect=0
ARENALOOP thread=io.github.neoionet.netty.microbenchmark.ByteBufAllocatorAllocPatternBenchmark.directAllocation-1-13 arenaHeap=0 arenaDirect=983561 delegateHeap=0 delegateDirect=26817576 arenaShare=3.54% blocksHeap=1 blocksDirect=8 pinned=8 reusable=0 maxPinnedHeap=0 maxPinnedDirect=8 blockReuses=3327 blockGrowths=7 hooks=433368 hookRejections=0 violations=0 earlyReuses=0 reallocInPlace=13 reallocMoved=0 reallocDelegated=0 trims=0 trimmedBlocks=0 leakedBlocks=0 objects=2860 bytesHeap=0 bytesDirect=110575897392 liveHeap=0 liveDirect=0
ARENALOOP thread=io.github.neoionet.netty.microbenchmark.ByteBufAllocatorAllocPatternBenchmark.directAllocation-1-17 arenaHeap=0 arenaDirect=849149 delegateHeap=0 delegateDirect=23152389 arenaShare=3.54% blocksHeap=1 blocksDirect=8 pinned=8 reusable=0 maxPinnedHeap=0 maxPinnedDirect=8 blockReuses=2871 blockGrowths=7 hooks=374000 hookRejections=0 violations=0 earlyReuses=0 reallocInPlace=11 reallocMoved=0 reallocDelegated=0 trims=0 trimmedBlocks=0 leakedBlocks=0 objects=2860 bytesHeap=0 bytesDirect=95426117568 liveHeap=0 liveDirect=0
ARENALOOP thread=io.github.neoionet.netty.microbenchmark.ByteBufAllocatorAllocPatternBenchmark.directAllocation-1-28 arenaHeap=0 arenaDirect=925069 delegateHeap=0 delegateDirect=25241832 arenaShare=3.54% blocksHeap=1 blocksDirect=8 pinned=8 reusable=0 maxPinnedHeap=0 maxPinnedDirect=8 blockReuses=3130 blockGrowths=7 hooks=407833 hookRejections=0 violations=0 earlyReuses=0 reallocInPlace=12 reallocMoved=0 reallocDelegated=0 trims=0 trimmedBlocks=0 leakedBlocks=0 objects=2860 bytesHeap=0 bytesDirect=104065336752 liveHeap=0 liveDirect=0
ARENALOOP thread=io.github.neoionet.netty.microbenchmark.ByteBufAllocatorAllocPatternBenchmark.directAllocation-1-12 arenaHeap=0 arenaDirect=1036302 delegateHeap=0 delegateDirect=28278313 arenaShare=3.54% blocksHeap=1 blocksDirect=8 pinned=8 reusable=0 maxPinnedHeap=0 maxPinnedDirect=8 blockReuses=3506 blockGrowths=7 hooks=457016 hookRejections=0 violations=0 earlyReuses=0 reallocInPlace=13 reallocMoved=0 reallocDelegated=0 trims=0 trimmedBlocks=0 leakedBlocks=0 objects=2860 bytesHeap=0 bytesDirect=116613148656 liveHeap=0 liveDirect=0
ARENALOOP thread=io.github.neoionet.netty.microbenchmark.ByteBufAllocatorAllocPatternBenchmark.directAllocation-1-11 arenaHeap=0 arenaDirect=873625 delegateHeap=0 delegateDirect=23842837 arenaShare=3.53% blocksHeap=1 blocksDirect=8 pinned=8 reusable=0 maxPinnedHeap=0 maxPinnedDirect=8 blockReuses=2955 blockGrowths=7 hooks=385170 hookRejections=0 violations=0 earlyReuses=0 reallocInPlace=11 reallocMoved=0 reallocDelegated=0 trims=0 trimmedBlocks=0 leakedBlocks=0 objects=2860 bytesHeap=0 bytesDirect=98280163560 liveHeap=0 liveDirect=0
ARENALOOP thread=io.github.neoionet.netty.microbenchmark.ByteBufAllocatorAllocPatternBenchmark.directAllocation-1-19 arenaHeap=0 arenaDirect=973873 delegateHeap=0 delegateDirect=26569020 arenaShare=3.54% blocksHeap=1 blocksDirect=8 pinned=8 reusable=0 maxPinnedHeap=0 maxPinnedDirect=8 blockReuses=3295 blockGrowths=7 hooks=429333 hookRejections=0 violations=0 earlyReuses=0 reallocInPlace=13 reallocMoved=0 reallocDelegated=0 trims=0 trimmedBlocks=0 leakedBlocks=0 objects=2860 bytesHeap=0 bytesDirect=109548816768 liveHeap=0 liveDirect=0
898.394 ±(99.9%) 236.906 ns/op


Result "io.github.neoionet.netty.microbenchmark.ByteBufAllocatorAllocPatternBenchmark.directAllocation":
  876.524 ±(99.9%) 31.740 ns/op [Average]
  (min, avg, max) = (777.007, 876.524, 984.705), stdev = 47.506
  CI (99.9%): [844.785, 908.264] (assumes normal distribution)


# JMH version: 1.37
# VM version: JDK 21, Java HotSpot(TM) 64-Bit Server VM, 21+35-LTS-2513
# VM invoker: /home/forked_franz/.sdkman/candidates/java/21-oracle/bin/java
# VM options: -server -dsa -da -XX:InitialRAMPercentage=40.0 -XX:MaxRAMPercentage=40.0 -Dio.netty.leakDetection.level=disabled -Djmh.executor=CUSTOM -Djmh.executor.class=io.github.neoionet.netty.microbenchmark.executor.FastThreadLocalThreadHarnessExecutor -XX:MaxRAM=60g -Dexpt.hookEvery=64
# Blackhole mode: compiler (auto-detected, use -Djmh.blackhole.autoDetect=false to disable)
# Warmup: 10 iterations, 1 s each
# Measurement: 10 iterations, 1 s each
# Timeout: 10 min per iteration
# Threads: 32 threads, will synchronize iterations
# Benchmark mode: Average time, time/op
# Benchmark: io.github.neoionet.netty.microbenchmark.ByteBufAllocatorAllocPatternBenchmark.heapAllocation
# Parameters: (MAX_LIVE_BUFFERS = 128, allocatorType = ARENA, enableReadWrite = true, sizePattern = E_COMMERCE)

# Run progress: 50.00% complete, ETA 00:08:55
# Fork: 1 of 3
# Warmup Iteration   1: 241.131 ±(99.9%) 21.693 ns/op
# Warmup Iteration   2: 253.207 ±(99.9%) 43.358 ns/op
# Warmup Iteration   3: 198.508 ±(99.9%) 31.245 ns/op
# Warmup Iteration   4: 198.419 ±(99.9%) 29.996 ns/op
# Warmup Iteration   5: 197.977 ±(99.9%) 26.689 ns/op
# Warmup Iteration   6: 220.148 ±(99.9%) 50.395 ns/op
# Warmup Iteration   7: 213.549 ±(99.9%) 43.798 ns/op
# Warmup Iteration   8: 196.836 ±(99.9%) 25.052 ns/op
# Warmup Iteration   9: 202.619 ±(99.9%) 34.835 ns/op
# Warmup Iteration  10: 208.066 ±(99.9%) 41.873 ns/op
Iteration   1: 196.358 ±(99.9%) 28.606 ns/op
Iteration   2: 207.610 ±(99.9%) 44.729 ns/op
Iteration   3: 200.273 ±(99.9%) 34.346 ns/op
Iteration   4: 200.284 ±(99.9%) 33.309 ns/op
Iteration   5: 213.662 ±(99.9%) 51.310 ns/op
Iteration   6: 217.989 ±(99.9%) 54.544 ns/op
Iteration   7: 194.267 ±(99.9%) 22.473 ns/op
Iteration   8: 200.451 ±(99.9%) 33.836 ns/op
Iteration   9: 209.605 ±(99.9%) 43.318 ns/op
Iteration  10: cRSS-pRSS:[1824, 1824]
;used-memory:[0]
ARENATELE blockSize=262144 maxBlocks=8 cap=8192 maxObjects=16384 debug=false arenaHeap=3059383783 arenaDirect=0 delegateHeap=406377139 delegateDirect=0 arenaShare=88.27% blocksHeap=96 blocksDirect=32 pinned=50 reusable=45 maxPinnedHeap=64 maxPinnedDirect=0 blockReuses=11158378 blockGrowths=64 hooks=54152435 hookRejections=0 violations=0 earlyReuses=0 reallocInPlace=11615 reallocMoved=0 reallocDelegated=0 trims=0 trimmedBlocks=0 leakedBlocks=0 objects=4064 bytesHeap=2893760426928 bytesDirect=0 liveHeap=114 liveDirect=0
ARENALOOP thread=io.github.neoionet.netty.microbenchmark.ByteBufAllocatorAllocPatternBenchmark.heapAllocation-1-21 arenaHeap=98271748 arenaDirect=0 delegateHeap=13053386 delegateDirect=0 arenaShare=88.27% blocksHeap=3 blocksDirect=1 pinned=1 reusable=2 maxPinnedHeap=2 maxPinnedDirect=0 blockReuses=358423 blockGrowths=2 hooks=1739453 hookRejections=0 violations=0 earlyReuses=0 reallocInPlace=375 reallocMoved=0 reallocDelegated=0 trims=0 trimmedBlocks=0 leakedBlocks=0 objects=127 bytesHeap=92951666984 bytesDirect=0 liveHeap=0 liveDirect=0
ARENALOOP thread=io.github.neoionet.netty.microbenchmark.ByteBufAllocatorAllocPatternBenchmark.heapAllocation-1-16 arenaHeap=90048555 arenaDirect=0 delegateHeap=11961219 delegateDirect=0 arenaShare=88.27% blocksHeap=3 blocksDirect=1 pinned=1 reusable=1 maxPinnedHeap=2 maxPinnedDirect=0 blockReuses=328427 blockGrowths=2 hooks=1593900 hookRejections=0 violations=0 earlyReuses=0 reallocInPlace=341 reallocMoved=0 reallocDelegated=0 trims=0 trimmedBlocks=0 leakedBlocks=0 objects=127 bytesHeap=85172686104 bytesDirect=0 liveHeap=0 liveDirect=0
ARENALOOP thread=io.github.neoionet.netty.microbenchmark.ByteBufAllocatorAllocPatternBenchmark.heapAllocation-1-9 arenaHeap=80152591 arenaDirect=0 delegateHeap=10646632 delegateDirect=0 arenaShare=88.27% blocksHeap=3 blocksDirect=1 pinned=2 reusable=1 maxPinnedHeap=2 maxPinnedDirect=0 blockReuses=292337 blockGrowths=2 hooks=1418735 hookRejections=0 violations=0 earlyReuses=0 reallocInPlace=305 reallocMoved=0 reallocDelegated=0 trims=0 trimmedBlocks=0 leakedBlocks=0 objects=127 bytesHeap=75813207544 bytesDirect=0 liveHeap=0 liveDirect=0
ARENALOOP thread=io.github.neoionet.netty.microbenchmark.ByteBufAllocatorAllocPatternBenchmark.heapAllocation-1-8 arenaHeap=89255231 arenaDirect=0 delegateHeap=11855735 delegateDirect=0 arenaShare=88.27% blocksHeap=3 blocksDirect=1 pinned=1 reusable=2 maxPinnedHeap=2 maxPinnedDirect=0 blockReuses=325538 blockGrowths=2 hooks=1579856 hookRejections=0 violations=0 earlyReuses=0 reallocInPlace=339 reallocMoved=0 reallocDelegated=0 trims=0 trimmedBlocks=0 leakedBlocks=0 objects=127 bytesHeap=84423646864 bytesDirect=0 liveHeap=0 liveDirect=0
ARENALOOP thread=io.github.neoionet.netty.microbenchmark.ByteBufAllocatorAllocPatternBenchmark.heapAllocation-1-31 arenaHeap=91232474 arenaDirect=0 delegateHeap=12118342 delegateDirect=0 arenaShare=88.27% blocksHeap=3 blocksDirect=1 pinned=1 reusable=2 maxPinnedHeap=2 maxPinnedDirect=0 blockReuses=332749 blockGrowths=2 hooks=1614854 hookRejections=0 violations=0 earlyReuses=0 reallocInPlace=347 reallocMoved=0 reallocDelegated=0 trims=0 trimmedBlocks=0 leakedBlocks=0 objects=127 bytesHeap=86293540856 bytesDirect=0 liveHeap=0 liveDirect=0
ARENALOOP thread=io.github.neoionet.netty.microbenchmark.ByteBufAllocatorAllocPatternBenchmark.heapAllocation-1-13 arenaHeap=93281258 arenaDirect=0 delegateHeap=12390471 delegateDirect=0 arenaShare=88.27% blocksHeap=3 blocksDirect=1 pinned=1 reusable=2 maxPinnedHeap=2 maxPinnedDirect=0 blockReuses=340227 blockGrowths=2 hooks=1651118 hookRejections=0 violations=0 earlyReuses=0 reallocInPlace=353 reallocMoved=0 reallocDelegated=0 trims=0 trimmedBlocks=0 leakedBlocks=0 objects=127 bytesHeap=88233053192 bytesDirect=0 liveHeap=0 liveDirect=0
ARENALOOP thread=io.github.neoionet.netty.microbenchmark.ByteBufAllocatorAllocPatternBenchmark.heapAllocation-1-23 arenaHeap=99827179 arenaDirect=0 delegateHeap=13260137 delegateDirect=0 arenaShare=88.27% blocksHeap=3 blocksDirect=1 pinned=2 reusable=1 maxPinnedHeap=2 maxPinnedDirect=0 blockReuses=364093 blockGrowths=2 hooks=1766987 hookRejections=0 violations=0 earlyReuses=0 reallocInPlace=377 reallocMoved=0 reallocDelegated=0 trims=0 trimmedBlocks=0 leakedBlocks=0 objects=127 bytesHeap=94422085968 bytesDirect=0 liveHeap=0 liveDirect=0
ARENALOOP thread=io.github.neoionet.netty.microbenchmark.ByteBufAllocatorAllocPatternBenchmark.heapAllocation-1-4 arenaHeap=90049768 arenaDirect=0 delegateHeap=11961378 delegateDirect=0 arenaShare=88.27% blocksHeap=3 blocksDirect=1 pinned=2 reusable=1 maxPinnedHeap=2 maxPinnedDirect=0 blockReuses=328431 blockGrowths=2 hooks=1593922 hookRejections=0 violations=0 earlyReuses=0 reallocInPlace=341 reallocMoved=0 reallocDelegated=0 trims=0 trimmedBlocks=0 leakedBlocks=0 objects=127 bytesHeap=85173795008 bytesDirect=0 liveHeap=0 liveDirect=0
ARENALOOP thread=io.github.neoionet.netty.microbenchmark.ByteBufAllocatorAllocPatternBenchmark.heapAllocation-1-2 arenaHeap=107081679 arenaDirect=0 delegateHeap=14223428 delegateDirect=0 arenaShare=88.27% blocksHeap=3 blocksDirect=1 pinned=2 reusable=1 maxPinnedHeap=2 maxPinnedDirect=0 blockReuses=390558 blockGrowths=2 hooks=1895390 hookRejections=0 violations=0 earlyReuses=0 reallocInPlace=405 reallocMoved=0 reallocDelegated=0 trims=0 trimmedBlocks=0 leakedBlocks=0 objects=127 bytesHeap=101285356216 bytesDirect=0 liveHeap=0 liveDirect=0
ARENALOOP thread=io.github.neoionet.netty.microbenchmark.ByteBufAllocatorAllocPatternBenchmark.heapAllocation-1-1 arenaHeap=107468129 arenaDirect=0 delegateHeap=14275072 delegateDirect=0 arenaShare=88.27% blocksHeap=3 blocksDirect=1 pinned=1 reusable=2 maxPinnedHeap=2 maxPinnedDirect=0 blockReuses=391965 blockGrowths=2 hooks=1902235 hookRejections=0 violations=0 earlyReuses=0 reallocInPlace=406 reallocMoved=0 reallocDelegated=0 trims=0 trimmedBlocks=0 leakedBlocks=0 objects=127 bytesHeap=101650262120 bytesDirect=0 liveHeap=0 liveDirect=0
ARENALOOP thread=io.github.neoionet.netty.microbenchmark.ByteBufAllocatorAllocPatternBenchmark.heapAllocation-1-20 arenaHeap=94991780 arenaDirect=0 delegateHeap=12617667 delegateDirect=0 arenaShare=88.27% blocksHeap=3 blocksDirect=1 pinned=1 reusable=2 maxPinnedHeap=2 maxPinnedDirect=0 blockReuses=346459 blockGrowths=2 hooks=1681395 hookRejections=0 violations=0 earlyReuses=0 reallocInPlace=362 reallocMoved=0 reallocDelegated=0 trims=0 trimmedBlocks=0 leakedBlocks=0 objects=127 bytesHeap=89849051840 bytesDirect=0 liveHeap=114 liveDirect=0
ARENALOOP thread=io.github.neoionet.netty.microbenchmark.ByteBufAllocatorAllocPatternBenchmark.heapAllocation-1-17 arenaHeap=97206605 arenaDirect=0 delegateHeap=12912062 delegateDirect=0 arenaShare=88.27% blocksHeap=3 blocksDirect=1 pinned=2 reusable=1 maxPinnedHeap=2 maxPinnedDirect=0 blockReuses=354541 blockGrowths=2 hooks=1720602 hookRejections=0 violations=0 earlyReuses=0 reallocInPlace=368 reallocMoved=0 reallocDelegated=0 trims=0 trimmedBlocks=0 leakedBlocks=0 objects=127 bytesHeap=91945042616 bytesDirect=0 liveHeap=0 liveDirect=0
ARENALOOP thread=io.github.neoionet.netty.microbenchmark.ByteBufAllocatorAllocPatternBenchmark.heapAllocation-1-10 arenaHeap=90814097 arenaDirect=0 delegateHeap=12062883 delegateDirect=0 arenaShare=88.27% blocksHeap=3 blocksDirect=1 pinned=1 reusable=2 maxPinnedHeap=2 maxPinnedDirect=0 blockReuses=331221 blockGrowths=2 hooks=1607450 hookRejections=0 violations=0 earlyReuses=0 reallocInPlace=347 reallocMoved=0 reallocDelegated=0 trims=0 trimmedBlocks=0 leakedBlocks=0 objects=127 bytesHeap=85897390816 bytesDirect=0 liveHeap=0 liveDirect=0
ARENALOOP thread=io.github.neoionet.netty.microbenchmark.ByteBufAllocatorAllocPatternBenchmark.heapAllocation-1-26 arenaHeap=107504829 arenaDirect=0 delegateHeap=14280106 delegateDirect=0 arenaShare=88.27% blocksHeap=3 blocksDirect=1 pinned=2 reusable=1 maxPinnedHeap=2 maxPinnedDirect=0 blockReuses=392101 blockGrowths=2 hooks=1902887 hookRejections=0 violations=0 earlyReuses=0 reallocInPlace=406 reallocMoved=0 reallocDelegated=0 trims=0 trimmedBlocks=0 leakedBlocks=0 objects=127 bytesHeap=101685443616 bytesDirect=0 liveHeap=0 liveDirect=0
ARENALOOP thread=io.github.neoionet.netty.microbenchmark.ByteBufAllocatorAllocPatternBenchmark.heapAllocation-1-15 arenaHeap=94324232 arenaDirect=0 delegateHeap=12528894 delegateDirect=0 arenaShare=88.27% blocksHeap=3 blocksDirect=1 pinned=2 reusable=1 maxPinnedHeap=2 maxPinnedDirect=0 blockReuses=344021 blockGrowths=2 hooks=1669578 hookRejections=0 violations=0 earlyReuses=0 reallocInPlace=359 reallocMoved=0 reallocDelegated=0 trims=0 trimmedBlocks=0 leakedBlocks=0 objects=127 bytesHeap=89216838848 bytesDirect=0 liveHeap=0 liveDirect=0
ARENALOOP thread=io.github.neoionet.netty.microbenchmark.ByteBufAllocatorAllocPatternBenchmark.heapAllocation-1-12 arenaHeap=91529450 arenaDirect=0 delegateHeap=12157782 delegateDirect=0 arenaShare=88.27% blocksHeap=3 blocksDirect=1 pinned=2 reusable=1 maxPinnedHeap=2 maxPinnedDirect=0 blockReuses=333830 blockGrowths=2 hooks=1620111 hookRejections=0 violations=0 earlyReuses=0 reallocInPlace=349 reallocMoved=0 reallocDelegated=0 trims=0 trimmedBlocks=0 leakedBlocks=0 objects=127 bytesHeap=86573833680 bytesDirect=0 liveHeap=0 liveDirect=0
ARENALOOP thread=io.github.neoionet.netty.microbenchmark.ByteBufAllocatorAllocPatternBenchmark.heapAllocation-1-25 arenaHeap=105788320 arenaDirect=0 delegateHeap=14051940 delegateDirect=0 arenaShare=88.27% blocksHeap=3 blocksDirect=1 pinned=1 reusable=2 maxPinnedHeap=2 maxPinnedDirect=0 blockReuses=385837 blockGrowths=2 hooks=1872502 hookRejections=0 violations=0 earlyReuses=0 reallocInPlace=403 reallocMoved=0 reallocDelegated=0 trims=0 trimmedBlocks=0 leakedBlocks=0 objects=127 bytesHeap=100061077472 bytesDirect=0 liveHeap=0 liveDirect=0
ARENALOOP thread=io.github.neoionet.netty.microbenchmark.ByteBufAllocatorAllocPatternBenchmark.heapAllocation-1-5 arenaHeap=84337547 arenaDirect=0 delegateHeap=11202365 delegateDirect=0 arenaShare=88.27% blocksHeap=3 blocksDirect=1 pinned=1 reusable=2 maxPinnedHeap=2 maxPinnedDirect=0 blockReuses=307598 blockGrowths=2 hooks=1492809 hookRejections=0 violations=0 earlyReuses=0 reallocInPlace=321 reallocMoved=0 reallocDelegated=0 trims=0 trimmedBlocks=0 leakedBlocks=0 objects=127 bytesHeap=79771142432 bytesDirect=0 liveHeap=0 liveDirect=0
ARENALOOP thread=io.github.neoionet.netty.microbenchmark.ByteBufAllocatorAllocPatternBenchmark.heapAllocation-1-27 arenaHeap=86158855 arenaDirect=0 delegateHeap=11444433 delegateDirect=0 arenaShare=88.27% blocksHeap=3 blocksDirect=1 pinned=2 reusable=1 maxPinnedHeap=2 maxPinnedDirect=0 blockReuses=314245 blockGrowths=2 hooks=1525049 hookRejections=0 violations=0 earlyReuses=0 reallocInPlace=326 reallocMoved=0 reallocDelegated=0 trims=0 trimmedBlocks=0 leakedBlocks=0 objects=127 bytesHeap=81494904664 bytesDirect=0 liveHeap=0 liveDirect=0
ARENALOOP thread=io.github.neoionet.netty.microbenchmark.ByteBufAllocatorAllocPatternBenchmark.heapAllocation-1-30 arenaHeap=89215237 arenaDirect=0 delegateHeap=11850394 delegateDirect=0 arenaShare=88.27% blocksHeap=3 blocksDirect=1 pinned=2 reusable=1 maxPinnedHeap=2 maxPinnedDirect=0 blockReuses=325393 blockGrowths=2 hooks=1579148 hookRejections=0 violations=0 earlyReuses=0 reallocInPlace=339 reallocMoved=0 reallocDelegated=0 trims=0 trimmedBlocks=0 leakedBlocks=0 objects=127 bytesHeap=84385884840 bytesDirect=0 liveHeap=0 liveDirect=0
ARENALOOP thread=io.github.neoionet.netty.microbenchmark.ByteBufAllocatorAllocPatternBenchmark.heapAllocation-1-11 arenaHeap=96888129 arenaDirect=0 delegateHeap=12869528 delegateDirect=0 arenaShare=88.27% blocksHeap=3 blocksDirect=1 pinned=2 reusable=1 maxPinnedHeap=2 maxPinnedDirect=0 blockReuses=353383 blockGrowths=2 hooks=1714961 hookRejections=0 violations=0 earlyReuses=0 reallocInPlace=367 reallocMoved=0 reallocDelegated=0 trims=0 trimmedBlocks=0 leakedBlocks=0 objects=127 bytesHeap=91644620744 bytesDirect=0 liveHeap=0 liveDirect=0
ARENALOOP thread=io.github.neoionet.netty.microbenchmark.ByteBufAllocatorAllocPatternBenchmark.heapAllocation-1-7 arenaHeap=91640777 arenaDirect=0 delegateHeap=12172493 delegateDirect=0 arenaShare=88.27% blocksHeap=3 blocksDirect=1 pinned=1 reusable=2 maxPinnedHeap=2 maxPinnedDirect=0 blockReuses=334236 blockGrowths=2 hooks=1622080 hookRejections=0 violations=0 earlyReuses=0 reallocInPlace=349 reallocMoved=0 reallocDelegated=0 trims=0 trimmedBlocks=0 leakedBlocks=0 objects=127 bytesHeap=86679199488 bytesDirect=0 liveHeap=0 liveDirect=0
ARENALOOP thread=io.github.neoionet.netty.microbenchmark.ByteBufAllocatorAllocPatternBenchmark.heapAllocation-1-14 arenaHeap=100816832 arenaDirect=0 delegateHeap=13391530 delegateDirect=0 arenaShare=88.27% blocksHeap=3 blocksDirect=1 pinned=1 reusable=2 maxPinnedHeap=2 maxPinnedDirect=0 blockReuses=367709 blockGrowths=2 hooks=1784503 hookRejections=0 violations=0 earlyReuses=0 reallocInPlace=382 reallocMoved=0 reallocDelegated=0 trims=0 trimmedBlocks=0 leakedBlocks=0 objects=127 bytesHeap=95359982064 bytesDirect=0 liveHeap=0 liveDirect=0
ARENALOOP thread=io.github.neoionet.netty.microbenchmark.ByteBufAllocatorAllocPatternBenchmark.heapAllocation-1-18 arenaHeap=100363081 arenaDirect=0 delegateHeap=13331185 delegateDirect=0 arenaShare=88.27% blocksHeap=3 blocksDirect=1 pinned=2 reusable=1 maxPinnedHeap=2 maxPinnedDirect=0 blockReuses=366052 blockGrowths=2 hooks=1776470 hookRejections=0 violations=0 earlyReuses=0 reallocInPlace=381 reallocMoved=0 reallocDelegated=0 trims=0 trimmedBlocks=0 leakedBlocks=0 objects=127 bytesHeap=94930091624 bytesDirect=0 liveHeap=0 liveDirect=0
ARENALOOP thread=io.github.neoionet.netty.microbenchmark.ByteBufAllocatorAllocPatternBenchmark.heapAllocation-1-32 arenaHeap=89358594 arenaDirect=0 delegateHeap=11869374 delegateDirect=0 arenaShare=88.27% blocksHeap=3 blocksDirect=1 pinned=2 reusable=1 maxPinnedHeap=2 maxPinnedDirect=0 blockReuses=325916 blockGrowths=2 hooks=1581685 hookRejections=0 violations=0 earlyReuses=0 reallocInPlace=339 reallocMoved=0 reallocDelegated=0 trims=0 trimmedBlocks=0 leakedBlocks=0 objects=127 bytesHeap=84521418200 bytesDirect=0 liveHeap=0 liveDirect=0
ARENALOOP thread=io.github.neoionet.netty.microbenchmark.ByteBufAllocatorAllocPatternBenchmark.heapAllocation-1-22 arenaHeap=94646853 arenaDirect=0 delegateHeap=12572018 delegateDirect=0 arenaShare=88.27% blocksHeap=3 blocksDirect=1 pinned=1 reusable=2 maxPinnedHeap=2 maxPinnedDirect=0 blockReuses=345202 blockGrowths=2 hooks=1675292 hookRejections=0 violations=0 earlyReuses=0 reallocInPlace=361 reallocMoved=0 reallocDelegated=0 trims=0 trimmedBlocks=0 leakedBlocks=0 objects=127 bytesHeap=89523052560 bytesDirect=0 liveHeap=0 liveDirect=0
ARENALOOP thread=io.github.neoionet.netty.microbenchmark.ByteBufAllocatorAllocPatternBenchmark.heapAllocation-1-19 arenaHeap=95523273 arenaDirect=0 delegateHeap=12688344 delegateDirect=0 arenaShare=88.27% blocksHeap=3 blocksDirect=1 pinned=2 reusable=1 maxPinnedHeap=2 maxPinnedDirect=0 blockReuses=348395 blockGrowths=2 hooks=1690804 hookRejections=0 violations=0 earlyReuses=0 reallocInPlace=363 reallocMoved=0 reallocDelegated=0 trims=0 trimmedBlocks=0 leakedBlocks=0 objects=127 bytesHeap=90350989240 bytesDirect=0 liveHeap=0 liveDirect=0
ARENALOOP thread=io.github.neoionet.netty.microbenchmark.ByteBufAllocatorAllocPatternBenchmark.heapAllocation-1-6 arenaHeap=96875526 arenaDirect=0 delegateHeap=12867836 delegateDirect=0 arenaShare=88.27% blocksHeap=3 blocksDirect=1 pinned=2 reusable=1 maxPinnedHeap=2 maxPinnedDirect=0 blockReuses=353336 blockGrowths=2 hooks=1714738 hookRejections=0 violations=0 earlyReuses=0 reallocInPlace=367 reallocMoved=0 reallocDelegated=0 trims=0 trimmedBlocks=0 leakedBlocks=0 objects=127 bytesHeap=91632527336 bytesDirect=0 liveHeap=0 liveDirect=0
ARENALOOP thread=io.github.neoionet.netty.microbenchmark.ByteBufAllocatorAllocPatternBenchmark.heapAllocation-1-24 arenaHeap=103894505 arenaDirect=0 delegateHeap=13800329 delegateDirect=0 arenaShare=88.27% blocksHeap=3 blocksDirect=1 pinned=2 reusable=1 maxPinnedHeap=2 maxPinnedDirect=0 blockReuses=378932 blockGrowths=2 hooks=1838979 hookRejections=0 violations=0 earlyReuses=0 reallocInPlace=394 reallocMoved=0 reallocDelegated=0 trims=0 trimmedBlocks=0 leakedBlocks=0 objects=127 bytesHeap=98270233800 bytesDirect=0 liveHeap=0 liveDirect=0
ARENALOOP thread=io.github.neoionet.netty.microbenchmark.ByteBufAllocatorAllocPatternBenchmark.heapAllocation-1-3 arenaHeap=95417917 arenaDirect=0 delegateHeap=12674231 delegateDirect=0 arenaShare=88.27% blocksHeap=3 blocksDirect=1 pinned=1 reusable=2 maxPinnedHeap=2 maxPinnedDirect=0 blockReuses=348012 blockGrowths=2 hooks=1688937 hookRejections=0 violations=0 earlyReuses=0 reallocInPlace=363 reallocMoved=0 reallocDelegated=0 trims=0 trimmedBlocks=0 leakedBlocks=0 objects=127 bytesHeap=90251754648 bytesDirect=0 liveHeap=0 liveDirect=0
ARENALOOP thread=io.github.neoionet.netty.microbenchmark.ByteBufAllocatorAllocPatternBenchmark.heapAllocation-1-28 arenaHeap=105573092 arenaDirect=0 delegateHeap=14023246 delegateDirect=0 arenaShare=88.27% blocksHeap=3 blocksDirect=1 pinned=2 reusable=1 maxPinnedHeap=2 maxPinnedDirect=0 blockReuses=385051 blockGrowths=2 hooks=1868690 hookRejections=0 violations=0 earlyReuses=0 reallocInPlace=403 reallocMoved=0 reallocDelegated=0 trims=0 trimmedBlocks=0 leakedBlocks=0 objects=127 bytesHeap=99857125976 bytesDirect=0 liveHeap=0 liveDirect=0
ARENALOOP thread=io.github.neoionet.netty.microbenchmark.ByteBufAllocatorAllocPatternBenchmark.heapAllocation-1-29 arenaHeap=99845640 arenaDirect=0 delegateHeap=13262699 delegateDirect=0 arenaShare=88.27% blocksHeap=3 blocksDirect=1 pinned=2 reusable=1 maxPinnedHeap=2 maxPinnedDirect=0 blockReuses=364160 blockGrowths=2 hooks=1767315 hookRejections=0 violations=0 earlyReuses=0 reallocInPlace=377 reallocMoved=0 reallocDelegated=0 trims=0 trimmedBlocks=0 leakedBlocks=0 objects=127 bytesHeap=94439519568 bytesDirect=0 liveHeap=0 liveDirect=0
205.189 ±(99.9%) 36.910 ns/op

# Run progress: 52.38% complete, ETA 00:08:29
# Fork: 2 of 3
# Warmup Iteration   1: 232.786 ±(99.9%) 19.839 ns/op
# Warmup Iteration   2: 351.732 ±(99.9%) 63.197 ns/op
# Warmup Iteration   3: 192.633 ±(99.9%) 24.548 ns/op
# Warmup Iteration   4: 195.827 ±(99.9%) 30.218 ns/op
# Warmup Iteration   5: 220.558 ±(99.9%) 60.803 ns/op
# Warmup Iteration   6: 191.138 ±(99.9%) 21.724 ns/op
# Warmup Iteration   7: 202.770 ±(99.9%) 37.312 ns/op
# Warmup Iteration   8: 203.434 ±(99.9%) 41.107 ns/op
# Warmup Iteration   9: 202.668 ±(99.9%) 38.936 ns/op
# Warmup Iteration  10: 208.210 ±(99.9%) 48.185 ns/op
Iteration   1: 203.008 ±(99.9%) 39.164 ns/op
Iteration   2: 198.414 ±(99.9%) 31.749 ns/op
Iteration   3: 202.555 ±(99.9%) 42.066 ns/op
Iteration   4: 207.087 ±(99.9%) 42.879 ns/op
Iteration   5: 218.302 ±(99.9%) 53.611 ns/op
Iteration   6: 210.425 ±(99.9%) 48.011 ns/op
Iteration   7: 192.802 ±(99.9%) 29.698 ns/op
Iteration   8: 223.776 ±(99.9%) 65.293 ns/op
Iteration   9: 217.163 ±(99.9%) 49.946 ns/op
Iteration  10: cRSS-pRSS:[2075, 2075]
;used-memory:[0]
ARENATELE blockSize=262144 maxBlocks=8 cap=8192 maxObjects=16384 debug=false arenaHeap=3063042507 arenaDirect=0 delegateHeap=406862076 delegateDirect=0 arenaShare=88.27% blocksHeap=96 blocksDirect=32 pinned=41 reusable=53 maxPinnedHeap=64 maxPinnedDirect=0 blockReuses=11171702 blockGrowths=64 hooks=54217179 hookRejections=0 violations=0 earlyReuses=0 reallocInPlace=11612 reallocMoved=0 reallocDelegated=0 trims=0 trimmedBlocks=0 leakedBlocks=0 objects=4064 bytesHeap=2897217047800 bytesDirect=0 liveHeap=110 liveDirect=0
ARENALOOP thread=io.github.neoionet.netty.microbenchmark.ByteBufAllocatorAllocPatternBenchmark.heapAllocation-1-6 arenaHeap=88357854 arenaDirect=0 delegateHeap=11736416 delegateDirect=0 arenaShare=88.27% blocksHeap=3 blocksDirect=1 pinned=2 reusable=1 maxPinnedHeap=2 maxPinnedDirect=0 blockReuses=322266 blockGrowths=2 hooks=1563970 hookRejections=0 violations=0 earlyReuses=0 reallocInPlace=335 reallocMoved=0 reallocDelegated=0 trims=0 trimmedBlocks=0 leakedBlocks=0 objects=127 bytesHeap=83574924384 bytesDirect=0 liveHeap=110 liveDirect=0
ARENALOOP thread=io.github.neoionet.netty.microbenchmark.ByteBufAllocatorAllocPatternBenchmark.heapAllocation-1-12 arenaHeap=93488624 arenaDirect=0 delegateHeap=12418153 delegateDirect=0 arenaShare=88.27% blocksHeap=3 blocksDirect=1 pinned=1 reusable=2 maxPinnedHeap=2 maxPinnedDirect=0 blockReuses=340979 blockGrowths=2 hooks=1654791 hookRejections=0 violations=0 earlyReuses=0 reallocInPlace=354 reallocMoved=0 reallocDelegated=0 trims=0 trimmedBlocks=0 leakedBlocks=0 objects=127 bytesHeap=88428106744 bytesDirect=0 liveHeap=0 liveDirect=0
ARENALOOP thread=io.github.neoionet.netty.microbenchmark.ByteBufAllocatorAllocPatternBenchmark.heapAllocation-1-8 arenaHeap=82349739 arenaDirect=0 delegateHeap=10938630 delegateDirect=0 arenaShare=88.27% blocksHeap=3 blocksDirect=1 pinned=2 reusable=1 maxPinnedHeap=2 maxPinnedDirect=0 blockReuses=300352 blockGrowths=2 hooks=1457628 hookRejections=0 violations=0 earlyReuses=0 reallocInPlace=312 reallocMoved=0 reallocDelegated=0 trims=0 trimmedBlocks=0 leakedBlocks=0 objects=127 bytesHeap=77891957176 bytesDirect=0 liveHeap=0 liveDirect=0
ARENALOOP thread=io.github.neoionet.netty.microbenchmark.ByteBufAllocatorAllocPatternBenchmark.heapAllocation-1-27 arenaHeap=92367076 arenaDirect=0 delegateHeap=12269167 delegateDirect=0 arenaShare=88.27% blocksHeap=3 blocksDirect=1 pinned=1 reusable=2 maxPinnedHeap=2 maxPinnedDirect=0 blockReuses=336884 blockGrowths=2 hooks=1634939 hookRejections=0 violations=0 earlyReuses=0 reallocInPlace=349 reallocMoved=0 reallocDelegated=0 trims=0 trimmedBlocks=0 leakedBlocks=0 objects=127 bytesHeap=87365954328 bytesDirect=0 liveHeap=0 liveDirect=0
ARENALOOP thread=io.github.neoionet.netty.microbenchmark.ByteBufAllocatorAllocPatternBenchmark.heapAllocation-1-23 arenaHeap=105023373 arenaDirect=0 delegateHeap=13950022 delegateDirect=0 arenaShare=88.27% blocksHeap=3 blocksDirect=1 pinned=1 reusable=2 maxPinnedHeap=2 maxPinnedDirect=0 blockReuses=383041 blockGrowths=2 hooks=1858957 hookRejections=0 violations=0 earlyReuses=0 reallocInPlace=398 reallocMoved=0 reallocDelegated=0 trims=0 trimmedBlocks=0 leakedBlocks=0 objects=127 bytesHeap=99336069192 bytesDirect=0 liveHeap=0 liveDirect=0
ARENALOOP thread=io.github.neoionet.netty.microbenchmark.ByteBufAllocatorAllocPatternBenchmark.heapAllocation-1-22 arenaHeap=92114011 arenaDirect=0 delegateHeap=12235219 delegateDirect=0 arenaShare=88.27% blocksHeap=3 blocksDirect=1 pinned=2 reusable=1 maxPinnedHeap=2 maxPinnedDirect=0 blockReuses=335968 blockGrowths=2 hooks=1630454 hookRejections=0 violations=0 earlyReuses=0 reallocInPlace=349 reallocMoved=0 reallocDelegated=0 trims=0 trimmedBlocks=0 leakedBlocks=0 objects=127 bytesHeap=87128330664 bytesDirect=0 liveHeap=0 liveDirect=0
ARENALOOP thread=io.github.neoionet.netty.microbenchmark.ByteBufAllocatorAllocPatternBenchmark.heapAllocation-1-31 arenaHeap=101996021 arenaDirect=0 delegateHeap=13548021 delegateDirect=0 arenaShare=88.27% blocksHeap=3 blocksDirect=1 pinned=1 reusable=2 maxPinnedHeap=2 maxPinnedDirect=0 blockReuses=372005 blockGrowths=2 hooks=1805373 hookRejections=0 violations=0 earlyReuses=0 reallocInPlace=389 reallocMoved=0 reallocDelegated=0 trims=0 trimmedBlocks=0 leakedBlocks=0 objects=127 bytesHeap=96474007328 bytesDirect=0 liveHeap=0 liveDirect=0
ARENALOOP thread=io.github.neoionet.netty.microbenchmark.ByteBufAllocatorAllocPatternBenchmark.heapAllocation-1-4 arenaHeap=92059196 arenaDirect=0 delegateHeap=12228066 delegateDirect=0 arenaShare=88.27% blocksHeap=3 blocksDirect=1 pinned=1 reusable=2 maxPinnedHeap=2 maxPinnedDirect=0 blockReuses=335766 blockGrowths=2 hooks=1629486 hookRejections=0 violations=0 earlyReuses=0 reallocInPlace=349 reallocMoved=0 reallocDelegated=0 trims=0 trimmedBlocks=0 leakedBlocks=0 objects=127 bytesHeap=87075994984 bytesDirect=0 liveHeap=0 liveDirect=0
ARENALOOP thread=io.github.neoionet.netty.microbenchmark.ByteBufAllocatorAllocPatternBenchmark.heapAllocation-1-15 arenaHeap=92544374 arenaDirect=0 delegateHeap=12292735 delegateDirect=0 arenaShare=88.27% blocksHeap=3 blocksDirect=1 pinned=1 reusable=2 maxPinnedHeap=2 maxPinnedDirect=0 blockReuses=337531 blockGrowths=2 hooks=1638077 hookRejections=0 violations=0 earlyReuses=0 reallocInPlace=350 reallocMoved=0 reallocDelegated=0 trims=0 trimmedBlocks=0 leakedBlocks=0 objects=127 bytesHeap=87533822584 bytesDirect=0 liveHeap=0 liveDirect=0
ARENALOOP thread=io.github.neoionet.netty.microbenchmark.ByteBufAllocatorAllocPatternBenchmark.heapAllocation-1-2 arenaHeap=101054204 arenaDirect=0 delegateHeap=13423101 delegateDirect=0 arenaShare=88.27% blocksHeap=3 blocksDirect=1 pinned=1 reusable=2 maxPinnedHeap=2 maxPinnedDirect=0 blockReuses=368572 blockGrowths=2 hooks=1788705 hookRejections=0 violations=0 earlyReuses=0 reallocInPlace=382 reallocMoved=0 reallocDelegated=0 trims=0 trimmedBlocks=0 leakedBlocks=0 objects=127 bytesHeap=95583884936 bytesDirect=0 liveHeap=0 liveDirect=0
ARENALOOP thread=io.github.neoionet.netty.microbenchmark.ByteBufAllocatorAllocPatternBenchmark.heapAllocation-1-28 arenaHeap=90797616 arenaDirect=0 delegateHeap=12060656 delegateDirect=0 arenaShare=88.27% blocksHeap=3 blocksDirect=1 pinned=1 reusable=2 maxPinnedHeap=2 maxPinnedDirect=0 blockReuses=331160 blockGrowths=2 hooks=1607158 hookRejections=0 violations=0 earlyReuses=0 reallocInPlace=347 reallocMoved=0 reallocDelegated=0 trims=0 trimmedBlocks=0 leakedBlocks=0 objects=127 bytesHeap=85881521016 bytesDirect=0 liveHeap=0 liveDirect=0
ARENALOOP thread=io.github.neoionet.netty.microbenchmark.ByteBufAllocatorAllocPatternBenchmark.heapAllocation-1-26 arenaHeap=101287372 arenaDirect=0 delegateHeap=13453839 delegateDirect=0 arenaShare=88.27% blocksHeap=3 blocksDirect=1 pinned=1 reusable=2 maxPinnedHeap=2 maxPinnedDirect=0 blockReuses=369414 blockGrowths=2 hooks=1792829 hookRejections=0 violations=0 earlyReuses=0 reallocInPlace=384 reallocMoved=0 reallocDelegated=0 trims=0 trimmedBlocks=0 leakedBlocks=0 objects=127 bytesHeap=95802122216 bytesDirect=0 liveHeap=0 liveDirect=0
ARENALOOP thread=io.github.neoionet.netty.microbenchmark.ByteBufAllocatorAllocPatternBenchmark.heapAllocation-1-21 arenaHeap=114402358 arenaDirect=0 delegateHeap=15195815 delegateDirect=0 arenaShare=88.27% blocksHeap=3 blocksDirect=1 pinned=1 reusable=2 maxPinnedHeap=2 maxPinnedDirect=0 blockReuses=417258 blockGrowths=2 hooks=2024969 hookRejections=0 violations=0 earlyReuses=0 reallocInPlace=433 reallocMoved=0 reallocDelegated=0 trims=0 trimmedBlocks=0 leakedBlocks=0 objects=127 bytesHeap=108209602840 bytesDirect=0 liveHeap=0 liveDirect=0
ARENALOOP thread=io.github.neoionet.netty.microbenchmark.ByteBufAllocatorAllocPatternBenchmark.heapAllocation-1-5 arenaHeap=109968143 arenaDirect=0 delegateHeap=14607029 delegateDirect=0 arenaShare=88.27% blocksHeap=3 blocksDirect=1 pinned=1 reusable=2 maxPinnedHeap=2 maxPinnedDirect=0 blockReuses=401080 blockGrowths=2 hooks=1946485 hookRejections=0 violations=0 earlyReuses=0 reallocInPlace=419 reallocMoved=0 reallocDelegated=0 trims=0 trimmedBlocks=0 leakedBlocks=0 objects=127 bytesHeap=104014140768 bytesDirect=0 liveHeap=0 liveDirect=0
ARENALOOP thread=io.github.neoionet.netty.microbenchmark.ByteBufAllocatorAllocPatternBenchmark.heapAllocation-1-24 arenaHeap=104203872 arenaDirect=0 delegateHeap=13841278 delegateDirect=0 arenaShare=88.27% blocksHeap=3 blocksDirect=1 pinned=1 reusable=1 maxPinnedHeap=2 maxPinnedDirect=0 blockReuses=380063 blockGrowths=2 hooks=1844453 hookRejections=0 violations=0 earlyReuses=0 reallocInPlace=395 reallocMoved=0 reallocDelegated=0 trims=0 trimmedBlocks=0 leakedBlocks=0 objects=127 bytesHeap=98563513400 bytesDirect=0 liveHeap=0 liveDirect=0
ARENALOOP thread=io.github.neoionet.netty.microbenchmark.ByteBufAllocatorAllocPatternBenchmark.heapAllocation-1-11 arenaHeap=108531135 arenaDirect=0 delegateHeap=14416294 delegateDirect=0 arenaShare=88.27% blocksHeap=3 blocksDirect=1 pinned=2 reusable=1 maxPinnedHeap=2 maxPinnedDirect=0 blockReuses=395840 blockGrowths=2 hooks=1921051 hookRejections=0 violations=0 earlyReuses=0 reallocInPlace=410 reallocMoved=0 reallocDelegated=0 trims=0 trimmedBlocks=0 leakedBlocks=0 objects=127 bytesHeap=102655222792 bytesDirect=0 liveHeap=0 liveDirect=0
ARENALOOP thread=io.github.neoionet.netty.microbenchmark.ByteBufAllocatorAllocPatternBenchmark.heapAllocation-1-29 arenaHeap=103003193 arenaDirect=0 delegateHeap=13681870 delegateDirect=0 arenaShare=88.27% blocksHeap=3 blocksDirect=1 pinned=2 reusable=1 maxPinnedHeap=2 maxPinnedDirect=0 blockReuses=375679 blockGrowths=2 hooks=1823202 hookRejections=0 violations=0 earlyReuses=0 reallocInPlace=391 reallocMoved=0 reallocDelegated=0 trims=0 trimmedBlocks=0 leakedBlocks=0 objects=127 bytesHeap=97426573568 bytesDirect=0 liveHeap=0 liveDirect=0
ARENALOOP thread=io.github.neoionet.netty.microbenchmark.ByteBufAllocatorAllocPatternBenchmark.heapAllocation-1-7 arenaHeap=84730562 arenaDirect=0 delegateHeap=11254395 delegateDirect=0 arenaShare=88.27% blocksHeap=3 blocksDirect=1 pinned=1 reusable=1 maxPinnedHeap=2 maxPinnedDirect=0 blockReuses=309039 blockGrowths=2 hooks=1499762 hookRejections=0 violations=0 earlyReuses=0 reallocInPlace=321 reallocMoved=0 reallocDelegated=0 trims=0 trimmedBlocks=0 leakedBlocks=0 objects=127 bytesHeap=80144628880 bytesDirect=0 liveHeap=0 liveDirect=0
ARENALOOP thread=io.github.neoionet.netty.microbenchmark.ByteBufAllocatorAllocPatternBenchmark.heapAllocation-1-9 arenaHeap=105226090 arenaDirect=0 delegateHeap=13977030 delegateDirect=0 arenaShare=88.27% blocksHeap=3 blocksDirect=1 pinned=1 reusable=2 maxPinnedHeap=2 maxPinnedDirect=0 blockReuses=383780 blockGrowths=2 hooks=1862546 hookRejections=0 violations=0 earlyReuses=0 reallocInPlace=400 reallocMoved=0 reallocDelegated=0 trims=0 trimmedBlocks=0 leakedBlocks=0 objects=127 bytesHeap=99527651288 bytesDirect=0 liveHeap=0 liveDirect=0
ARENALOOP thread=io.github.neoionet.netty.microbenchmark.ByteBufAllocatorAllocPatternBenchmark.heapAllocation-1-17 arenaHeap=78558963 arenaDirect=0 delegateHeap=10434976 delegateDirect=0 arenaShare=88.27% blocksHeap=3 blocksDirect=1 pinned=1 reusable=2 maxPinnedHeap=2 maxPinnedDirect=0 blockReuses=286528 blockGrowths=2 hooks=1390528 hookRejections=0 violations=0 earlyReuses=0 reallocInPlace=298 reallocMoved=0 reallocDelegated=0 trims=0 trimmedBlocks=0 leakedBlocks=0 objects=127 bytesHeap=74307014640 bytesDirect=0 liveHeap=0 liveDirect=0
ARENALOOP thread=io.github.neoionet.netty.microbenchmark.ByteBufAllocatorAllocPatternBenchmark.heapAllocation-1-13 arenaHeap=85731156 arenaDirect=0 delegateHeap=11387508 delegateDirect=0 arenaShare=88.27% blocksHeap=3 blocksDirect=1 pinned=1 reusable=2 maxPinnedHeap=2 maxPinnedDirect=0 blockReuses=312687 blockGrowths=2 hooks=1517477 hookRejections=0 violations=0 earlyReuses=0 reallocInPlace=325 reallocMoved=0 reallocDelegated=0 trims=0 trimmedBlocks=0 leakedBlocks=0 objects=127 bytesHeap=81090930584 bytesDirect=0 liveHeap=0 liveDirect=0
ARENALOOP thread=io.github.neoionet.netty.microbenchmark.ByteBufAllocatorAllocPatternBenchmark.heapAllocation-1-32 arenaHeap=104391168 arenaDirect=0 delegateHeap=13866229 delegateDirect=0 arenaShare=88.27% blocksHeap=3 blocksDirect=1 pinned=2 reusable=1 maxPinnedHeap=2 maxPinnedDirect=0 blockReuses=380748 blockGrowths=2 hooks=1847769 hookRejections=0 violations=0 earlyReuses=0 reallocInPlace=395 reallocMoved=0 reallocDelegated=0 trims=0 trimmedBlocks=0 leakedBlocks=0 objects=127 bytesHeap=98741358496 bytesDirect=0 liveHeap=0 liveDirect=0
ARENALOOP thread=io.github.neoionet.netty.microbenchmark.ByteBufAllocatorAllocPatternBenchmark.heapAllocation-1-10 arenaHeap=92468078 arenaDirect=0 delegateHeap=12282653 delegateDirect=0 arenaShare=88.27% blocksHeap=3 blocksDirect=1 pinned=2 reusable=1 maxPinnedHeap=2 maxPinnedDirect=0 blockReuses=337252 blockGrowths=2 hooks=1636728 hookRejections=0 violations=0 earlyReuses=0 reallocInPlace=349 reallocMoved=0 reallocDelegated=0 trims=0 trimmedBlocks=0 leakedBlocks=0 objects=127 bytesHeap=87461277144 bytesDirect=0 liveHeap=0 liveDirect=0
ARENALOOP thread=io.github.neoionet.netty.microbenchmark.ByteBufAllocatorAllocPatternBenchmark.heapAllocation-1-25 arenaHeap=85491714 arenaDirect=0 delegateHeap=11355760 delegateDirect=0 arenaShare=88.27% blocksHeap=3 blocksDirect=1 pinned=1 reusable=2 maxPinnedHeap=2 maxPinnedDirect=0 blockReuses=311813 blockGrowths=2 hooks=1513239 hookRejections=0 violations=0 earlyReuses=0 reallocInPlace=324 reallocMoved=0 reallocDelegated=0 trims=0 trimmedBlocks=0 leakedBlocks=0 objects=127 bytesHeap=80864164936 bytesDirect=0 liveHeap=0 liveDirect=0
ARENALOOP thread=io.github.neoionet.netty.microbenchmark.ByteBufAllocatorAllocPatternBenchmark.heapAllocation-1-20 arenaHeap=93848601 arenaDirect=0 delegateHeap=12465779 delegateDirect=0 arenaShare=88.27% blocksHeap=3 blocksDirect=1 pinned=1 reusable=2 maxPinnedHeap=2 maxPinnedDirect=0 blockReuses=342285 blockGrowths=2 hooks=1661160 hookRejections=0 violations=0 earlyReuses=0 reallocInPlace=356 reallocMoved=0 reallocDelegated=0 trims=0 trimmedBlocks=0 leakedBlocks=0 objects=127 bytesHeap=88766683648 bytesDirect=0 liveHeap=0 liveDirect=0
ARENALOOP thread=io.github.neoionet.netty.microbenchmark.ByteBufAllocatorAllocPatternBenchmark.heapAllocation-1-30 arenaHeap=77711635 arenaDirect=0 delegateHeap=10322545 delegateDirect=0 arenaShare=88.27% blocksHeap=3 blocksDirect=1 pinned=1 reusable=2 maxPinnedHeap=2 maxPinnedDirect=0 blockReuses=283431 blockGrowths=2 hooks=1375532 hookRejections=0 violations=0 earlyReuses=0 reallocInPlace=294 reallocMoved=0 reallocDelegated=0 trims=0 trimmedBlocks=0 leakedBlocks=0 objects=127 bytesHeap=73503870944 bytesDirect=0 liveHeap=0 liveDirect=0
ARENALOOP thread=io.github.neoionet.netty.microbenchmark.ByteBufAllocatorAllocPatternBenchmark.heapAllocation-1-19 arenaHeap=96331745 arenaDirect=0 delegateHeap=12795869 delegateDirect=0 arenaShare=88.27% blocksHeap=3 blocksDirect=1 pinned=1 reusable=2 maxPinnedHeap=2 maxPinnedDirect=0 blockReuses=351348 blockGrowths=2 hooks=1705116 hookRejections=0 violations=0 earlyReuses=0 reallocInPlace=364 reallocMoved=0 reallocDelegated=0 trims=0 trimmedBlocks=0 leakedBlocks=0 objects=127 bytesHeap=91117001312 bytesDirect=0 liveHeap=0 liveDirect=0
ARENALOOP thread=io.github.neoionet.netty.microbenchmark.ByteBufAllocatorAllocPatternBenchmark.heapAllocation-1-3 arenaHeap=99942254 arenaDirect=0 delegateHeap=13275430 delegateDirect=0 arenaShare=88.27% blocksHeap=3 blocksDirect=1 pinned=2 reusable=1 maxPinnedHeap=2 maxPinnedDirect=0 blockReuses=364513 blockGrowths=2 hooks=1769024 hookRejections=0 violations=0 earlyReuses=0 reallocInPlace=378 reallocMoved=0 reallocDelegated=0 trims=0 trimmedBlocks=0 leakedBlocks=0 objects=127 bytesHeap=94531023112 bytesDirect=0 liveHeap=0 liveDirect=0
ARENALOOP thread=io.github.neoionet.netty.microbenchmark.ByteBufAllocatorAllocPatternBenchmark.heapAllocation-1-16 arenaHeap=92214281 arenaDirect=0 delegateHeap=12248555 delegateDirect=0 arenaShare=88.27% blocksHeap=3 blocksDirect=1 pinned=2 reusable=1 maxPinnedHeap=2 maxPinnedDirect=0 blockReuses=336331 blockGrowths=2 hooks=1632229 hookRejections=0 violations=0 earlyReuses=0 reallocInPlace=349 reallocMoved=0 reallocDelegated=0 trims=0 trimmedBlocks=0 leakedBlocks=0 objects=127 bytesHeap=87222524744 bytesDirect=0 liveHeap=0 liveDirect=0
ARENALOOP thread=io.github.neoionet.netty.microbenchmark.ByteBufAllocatorAllocPatternBenchmark.heapAllocation-1-1 arenaHeap=87132059 arenaDirect=0 delegateHeap=11573765 delegateDirect=0 arenaShare=88.27% blocksHeap=3 blocksDirect=1 pinned=1 reusable=2 maxPinnedHeap=2 maxPinnedDirect=0 blockReuses=317792 blockGrowths=2 hooks=1542276 hookRejections=0 violations=0 earlyReuses=0 reallocInPlace=333 reallocMoved=0 reallocDelegated=0 trims=0 trimmedBlocks=0 leakedBlocks=0 objects=127 bytesHeap=82414787976 bytesDirect=0 liveHeap=0 liveDirect=0
ARENALOOP thread=io.github.neoionet.netty.microbenchmark.ByteBufAllocatorAllocPatternBenchmark.heapAllocation-1-18 arenaHeap=103524425 arenaDirect=0 delegateHeap=13751248 delegateDirect=0 arenaShare=88.27% blocksHeap=3 blocksDirect=1 pinned=1 reusable=2 maxPinnedHeap=2 maxPinnedDirect=0 blockReuses=377577 blockGrowths=2 hooks=1832430 hookRejections=0 violations=0 earlyReuses=0 reallocInPlace=391 reallocMoved=0 reallocDelegated=0 trims=0 trimmedBlocks=0 leakedBlocks=0 objects=127 bytesHeap=97919103720 bytesDirect=0 liveHeap=0 liveDirect=0
ARENALOOP thread=io.github.neoionet.netty.microbenchmark.ByteBufAllocatorAllocPatternBenchmark.heapAllocation-1-14 arenaHeap=102191615 arenaDirect=0 delegateHeap=13574023 delegateDirect=0 arenaShare=88.27% blocksHeap=3 blocksDirect=1 pinned=1 reusable=2 maxPinnedHeap=2 maxPinnedDirect=0 blockReuses=372720 blockGrowths=2 hooks=1808836 hookRejections=0 violations=0 earlyReuses=0 reallocInPlace=389 reallocMoved=0 reallocDelegated=0 trims=0 trimmedBlocks=0 leakedBlocks=0 objects=127 bytesHeap=96659277456 bytesDirect=0 liveHeap=0 liveDirect=0
193.990 ±(99.9%) 26.480 ns/op

# Run progress: 54.76% complete, ETA 00:08:03
# Fork: 3 of 3
# Warmup Iteration   1: 230.420 ±(99.9%) 18.568 ns/op
# Warmup Iteration   2: 300.085 ±(99.9%) 38.699 ns/op
# Warmup Iteration   3: 193.793 ±(99.9%) 27.448 ns/op
# Warmup Iteration   4: 192.965 ±(99.9%) 26.792 ns/op
# Warmup Iteration   5: 216.065 ±(99.9%) 45.997 ns/op
# Warmup Iteration   6: 196.830 ±(99.9%) 30.338 ns/op
# Warmup Iteration   7: 200.059 ±(99.9%) 36.917 ns/op
# Warmup Iteration   8: 197.815 ±(99.9%) 34.630 ns/op
# Warmup Iteration   9: 209.927 ±(99.9%) 47.372 ns/op
# Warmup Iteration  10: 194.601 ±(99.9%) 31.421 ns/op
Iteration   1: 206.657 ±(99.9%) 47.415 ns/op
Iteration   2: 203.928 ±(99.9%) 48.031 ns/op
Iteration   3: 212.282 ±(99.9%) 56.866 ns/op
Iteration   4: 199.661 ±(99.9%) 38.241 ns/op
Iteration   5: 197.287 ±(99.9%) 30.942 ns/op
Iteration   6: 201.809 ±(99.9%) 40.622 ns/op
Iteration   7: 192.821 ±(99.9%) 26.899 ns/op
Iteration   8: 208.737 ±(99.9%) 47.316 ns/op
Iteration   9: 211.093 ±(99.9%) 46.830 ns/op
Iteration  10: cRSS-pRSS:[1790, 1790]
;used-memory:[0]
ARENATELE blockSize=262144 maxBlocks=8 cap=8192 maxObjects=16384 debug=false arenaHeap=3113759142 arenaDirect=0 delegateHeap=413598614 delegateDirect=0 arenaShare=88.27% blocksHeap=96 blocksDirect=32 pinned=46 reusable=47 maxPinnedHeap=64 maxPinnedDirect=0 blockReuses=11356655 blockGrowths=64 hooks=55114884 hookRejections=0 violations=0 earlyReuses=0 reallocInPlace=11816 reallocMoved=0 reallocDelegated=0 trims=0 trimmedBlocks=0 leakedBlocks=0 objects=4064 bytesHeap=2945180308864 bytesDirect=0 liveHeap=110 liveDirect=0
ARENALOOP thread=io.github.neoionet.netty.microbenchmark.ByteBufAllocatorAllocPatternBenchmark.heapAllocation-1-5 arenaHeap=104944868 arenaDirect=0 delegateHeap=13939620 delegateDirect=0 arenaShare=88.27% blocksHeap=3 blocksDirect=1 pinned=2 reusable=1 maxPinnedHeap=2 maxPinnedDirect=0 blockReuses=382756 blockGrowths=2 hooks=1857568 hookRejections=0 violations=0 earlyReuses=0 reallocInPlace=398 reallocMoved=0 reallocDelegated=0 trims=0 trimmedBlocks=0 leakedBlocks=0 objects=127 bytesHeap=99262077616 bytesDirect=0 liveHeap=78 liveDirect=0
ARENALOOP thread=io.github.neoionet.netty.microbenchmark.ByteBufAllocatorAllocPatternBenchmark.heapAllocation-1-3 arenaHeap=91889571 arenaDirect=0 delegateHeap=12205642 delegateDirect=0 arenaShare=88.27% blocksHeap=3 blocksDirect=1 pinned=2 reusable=1 maxPinnedHeap=2 maxPinnedDirect=0 blockReuses=335145 blockGrowths=2 hooks=1626485 hookRejections=0 violations=0 earlyReuses=0 reallocInPlace=349 reallocMoved=0 reallocDelegated=0 trims=0 trimmedBlocks=0 leakedBlocks=0 objects=127 bytesHeap=86914775352 bytesDirect=0 liveHeap=0 liveDirect=0
ARENALOOP thread=io.github.neoionet.netty.microbenchmark.ByteBufAllocatorAllocPatternBenchmark.heapAllocation-1-9 arenaHeap=101495767 arenaDirect=0 delegateHeap=13481530 delegateDirect=0 arenaShare=88.27% blocksHeap=3 blocksDirect=1 pinned=2 reusable=1 maxPinnedHeap=2 maxPinnedDirect=0 blockReuses=370175 blockGrowths=2 hooks=1796518 hookRejections=0 violations=0 earlyReuses=0 reallocInPlace=385 reallocMoved=0 reallocDelegated=0 trims=0 trimmedBlocks=0 leakedBlocks=0 objects=127 bytesHeap=95999408864 bytesDirect=0 liveHeap=0 liveDirect=0
ARENALOOP thread=io.github.neoionet.netty.microbenchmark.ByteBufAllocatorAllocPatternBenchmark.heapAllocation-1-2 arenaHeap=108368697 arenaDirect=0 delegateHeap=14394599 delegateDirect=0 arenaShare=88.27% blocksHeap=3 blocksDirect=1 pinned=1 reusable=1 maxPinnedHeap=2 maxPinnedDirect=0 blockReuses=395250 blockGrowths=2 hooks=1918174 hookRejections=0 violations=0 earlyReuses=0 reallocInPlace=410 reallocMoved=0 reallocDelegated=0 trims=0 trimmedBlocks=0 leakedBlocks=0 objects=127 bytesHeap=102502126400 bytesDirect=0 liveHeap=0 liveDirect=0
ARENALOOP thread=io.github.neoionet.netty.microbenchmark.ByteBufAllocatorAllocPatternBenchmark.heapAllocation-1-10 arenaHeap=103980941 arenaDirect=0 delegateHeap=13811745 delegateDirect=0 arenaShare=88.27% blocksHeap=3 blocksDirect=1 pinned=1 reusable=2 maxPinnedHeap=2 maxPinnedDirect=0 blockReuses=379247 blockGrowths=2 hooks=1840508 hookRejections=0 violations=0 earlyReuses=0 reallocInPlace=394 reallocMoved=0 reallocDelegated=0 trims=0 trimmedBlocks=0 leakedBlocks=0 objects=127 bytesHeap=98352064592 bytesDirect=0 liveHeap=0 liveDirect=0
ARENALOOP thread=io.github.neoionet.netty.microbenchmark.ByteBufAllocatorAllocPatternBenchmark.heapAllocation-1-16 arenaHeap=99499940 arenaDirect=0 delegateHeap=13216349 delegateDirect=0 arenaShare=88.27% blocksHeap=3 blocksDirect=1 pinned=1 reusable=2 maxPinnedHeap=2 maxPinnedDirect=0 blockReuses=362904 blockGrowths=2 hooks=1761190 hookRejections=0 violations=0 earlyReuses=0 reallocInPlace=377 reallocMoved=0 reallocDelegated=0 trims=0 trimmedBlocks=0 leakedBlocks=0 objects=127 bytesHeap=94113756192 bytesDirect=0 liveHeap=0 liveDirect=0
ARENALOOP thread=io.github.neoionet.netty.microbenchmark.ByteBufAllocatorAllocPatternBenchmark.heapAllocation-1-17 arenaHeap=93490332 arenaDirect=0 delegateHeap=12418374 delegateDirect=0 arenaShare=88.27% blocksHeap=3 blocksDirect=1 pinned=2 reusable=1 maxPinnedHeap=2 maxPinnedDirect=0 blockReuses=340986 blockGrowths=2 hooks=1654821 hookRejections=0 violations=0 earlyReuses=0 reallocInPlace=354 reallocMoved=0 reallocDelegated=0 trims=0 trimmedBlocks=0 leakedBlocks=0 objects=127 bytesHeap=88429756416 bytesDirect=0 liveHeap=0 liveDirect=0
ARENALOOP thread=io.github.neoionet.netty.microbenchmark.ByteBufAllocatorAllocPatternBenchmark.heapAllocation-1-25 arenaHeap=80423027 arenaDirect=0 delegateHeap=10682499 delegateDirect=0 arenaShare=88.27% blocksHeap=3 blocksDirect=1 pinned=2 reusable=1 maxPinnedHeap=2 maxPinnedDirect=0 blockReuses=293322 blockGrowths=2 hooks=1423521 hookRejections=0 violations=0 earlyReuses=0 reallocInPlace=307 reallocMoved=0 reallocDelegated=0 trims=0 trimmedBlocks=0 leakedBlocks=0 objects=127 bytesHeap=76068812392 bytesDirect=0 liveHeap=0 liveDirect=0
ARENALOOP thread=io.github.neoionet.netty.microbenchmark.ByteBufAllocatorAllocPatternBenchmark.heapAllocation-1-19 arenaHeap=99847768 arenaDirect=0 delegateHeap=13263044 delegateDirect=0 arenaShare=88.27% blocksHeap=3 blocksDirect=1 pinned=2 reusable=1 maxPinnedHeap=2 maxPinnedDirect=0 blockReuses=364168 blockGrowths=2 hooks=1767354 hookRejections=0 violations=0 earlyReuses=0 reallocInPlace=377 reallocMoved=0 reallocDelegated=0 trims=0 trimmedBlocks=0 leakedBlocks=0 objects=127 bytesHeap=94441608096 bytesDirect=0 liveHeap=0 liveDirect=0
ARENALOOP thread=io.github.neoionet.netty.microbenchmark.ByteBufAllocatorAllocPatternBenchmark.heapAllocation-1-31 arenaHeap=114353765 arenaDirect=0 delegateHeap=15189256 delegateDirect=0 arenaShare=88.27% blocksHeap=3 blocksDirect=1 pinned=2 reusable=1 maxPinnedHeap=2 maxPinnedDirect=0 blockReuses=417082 blockGrowths=2 hooks=2024107 hookRejections=0 violations=0 earlyReuses=0 reallocInPlace=433 reallocMoved=0 reallocDelegated=0 trims=0 trimmedBlocks=0 leakedBlocks=0 objects=127 bytesHeap=108163798272 bytesDirect=0 liveHeap=0 liveDirect=0
ARENALOOP thread=io.github.neoionet.netty.microbenchmark.ByteBufAllocatorAllocPatternBenchmark.heapAllocation-1-7 arenaHeap=103530454 arenaDirect=0 delegateHeap=13752030 delegateDirect=0 arenaShare=88.27% blocksHeap=3 blocksDirect=1 pinned=2 reusable=1 maxPinnedHeap=2 maxPinnedDirect=0 blockReuses=377600 blockGrowths=2 hooks=1832536 hookRejections=0 violations=0 earlyReuses=0 reallocInPlace=391 reallocMoved=0 reallocDelegated=0 trims=0 trimmedBlocks=0 leakedBlocks=0 objects=127 bytesHeap=97924917448 bytesDirect=0 liveHeap=0 liveDirect=0
ARENALOOP thread=io.github.neoionet.netty.microbenchmark.ByteBufAllocatorAllocPatternBenchmark.heapAllocation-1-27 arenaHeap=93107619 arenaDirect=0 delegateHeap=12367367 delegateDirect=0 arenaShare=88.27% blocksHeap=3 blocksDirect=1 pinned=1 reusable=2 maxPinnedHeap=2 maxPinnedDirect=0 blockReuses=339591 blockGrowths=2 hooks=1648044 hookRejections=0 violations=0 earlyReuses=0 reallocInPlace=353 reallocMoved=0 reallocDelegated=0 trims=0 trimmedBlocks=0 leakedBlocks=0 objects=127 bytesHeap=88067999128 bytesDirect=0 liveHeap=0 liveDirect=0
ARENALOOP thread=io.github.neoionet.netty.microbenchmark.ByteBufAllocatorAllocPatternBenchmark.heapAllocation-1-4 arenaHeap=91520944 arenaDirect=0 delegateHeap=12156660 delegateDirect=0 arenaShare=88.27% blocksHeap=3 blocksDirect=1 pinned=2 reusable=1 maxPinnedHeap=2 maxPinnedDirect=0 blockReuses=333800 blockGrowths=2 hooks=1619960 hookRejections=0 violations=0 earlyReuses=0 reallocInPlace=349 reallocMoved=0 reallocDelegated=0 trims=0 trimmedBlocks=0 leakedBlocks=0 objects=127 bytesHeap=86566010264 bytesDirect=0 liveHeap=0 liveDirect=0
ARENALOOP thread=io.github.neoionet.netty.microbenchmark.ByteBufAllocatorAllocPatternBenchmark.heapAllocation-1-22 arenaHeap=83537081 arenaDirect=0 delegateHeap=11096302 delegateDirect=0 arenaShare=88.27% blocksHeap=3 blocksDirect=1 pinned=1 reusable=2 maxPinnedHeap=2 maxPinnedDirect=0 blockReuses=304682 blockGrowths=2 hooks=1478644 hookRejections=0 violations=0 earlyReuses=0 reallocInPlace=319 reallocMoved=0 reallocDelegated=0 trims=0 trimmedBlocks=0 leakedBlocks=0 objects=127 bytesHeap=79014867832 bytesDirect=0 liveHeap=0 liveDirect=0
ARENALOOP thread=io.github.neoionet.netty.microbenchmark.ByteBufAllocatorAllocPatternBenchmark.heapAllocation-1-30 arenaHeap=97963133 arenaDirect=0 delegateHeap=13012204 delegateDirect=0 arenaShare=88.27% blocksHeap=3 blocksDirect=1 pinned=2 reusable=1 maxPinnedHeap=2 maxPinnedDirect=0 blockReuses=357291 blockGrowths=2 hooks=1733987 hookRejections=0 violations=0 earlyReuses=0 reallocInPlace=373 reallocMoved=0 reallocDelegated=0 trims=0 trimmedBlocks=0 leakedBlocks=0 objects=127 bytesHeap=92658165224 bytesDirect=0 liveHeap=0 liveDirect=0
ARENALOOP thread=io.github.neoionet.netty.microbenchmark.ByteBufAllocatorAllocPatternBenchmark.heapAllocation-1-26 arenaHeap=108919561 arenaDirect=0 delegateHeap=14467636 delegateDirect=0 arenaShare=88.27% blocksHeap=3 blocksDirect=1 pinned=1 reusable=2 maxPinnedHeap=2 maxPinnedDirect=0 blockReuses=397251 blockGrowths=2 hooks=1927922 hookRejections=0 violations=0 earlyReuses=0 reallocInPlace=413 reallocMoved=0 reallocDelegated=0 trims=0 trimmedBlocks=0 leakedBlocks=0 objects=127 bytesHeap=103021101848 bytesDirect=0 liveHeap=0 liveDirect=0
ARENALOOP thread=io.github.neoionet.netty.microbenchmark.ByteBufAllocatorAllocPatternBenchmark.heapAllocation-1-1 arenaHeap=92034047 arenaDirect=0 delegateHeap=12224727 delegateDirect=0 arenaShare=88.27% blocksHeap=3 blocksDirect=1 pinned=2 reusable=1 maxPinnedHeap=2 maxPinnedDirect=0 blockReuses=335673 blockGrowths=2 hooks=1629041 hookRejections=0 violations=0 earlyReuses=0 reallocInPlace=349 reallocMoved=0 reallocDelegated=0 trims=0 trimmedBlocks=0 leakedBlocks=0 objects=127 bytesHeap=87051804672 bytesDirect=0 liveHeap=0 liveDirect=0
ARENALOOP thread=io.github.neoionet.netty.microbenchmark.ByteBufAllocatorAllocPatternBenchmark.heapAllocation-1-32 arenaHeap=96216051 arenaDirect=0 delegateHeap=12780487 delegateDirect=0 arenaShare=88.27% blocksHeap=3 blocksDirect=1 pinned=1 reusable=2 maxPinnedHeap=2 maxPinnedDirect=0 blockReuses=350922 blockGrowths=2 hooks=1703068 hookRejections=0 violations=0 earlyReuses=0 reallocInPlace=364 reallocMoved=0 reallocDelegated=0 trims=0 trimmedBlocks=0 leakedBlocks=0 objects=127 bytesHeap=91006450184 bytesDirect=0 liveHeap=0 liveDirect=0
ARENALOOP thread=io.github.neoionet.netty.microbenchmark.ByteBufAllocatorAllocPatternBenchmark.heapAllocation-1-29 arenaHeap=117797741 arenaDirect=0 delegateHeap=15646973 delegateDirect=0 arenaShare=88.27% blocksHeap=3 blocksDirect=1 pinned=1 reusable=1 maxPinnedHeap=2 maxPinnedDirect=0 blockReuses=429639 blockGrowths=2 hooks=2085071 hookRejections=0 violations=0 earlyReuses=0 reallocInPlace=447 reallocMoved=0 reallocDelegated=0 trims=0 trimmedBlocks=0 leakedBlocks=0 objects=127 bytesHeap=111420184808 bytesDirect=0 liveHeap=0 liveDirect=0
ARENALOOP thread=io.github.neoionet.netty.microbenchmark.ByteBufAllocatorAllocPatternBenchmark.heapAllocation-1-13 arenaHeap=98483144 arenaDirect=0 delegateHeap=13081420 delegateDirect=0 arenaShare=88.27% blocksHeap=3 blocksDirect=1 pinned=1 reusable=1 maxPinnedHeap=2 maxPinnedDirect=0 blockReuses=359194 blockGrowths=2 hooks=1743194 hookRejections=0 violations=0 earlyReuses=0 reallocInPlace=375 reallocMoved=0 reallocDelegated=0 trims=0 trimmedBlocks=0 leakedBlocks=0 objects=127 bytesHeap=93151406072 bytesDirect=0 liveHeap=0 liveDirect=0
ARENALOOP thread=io.github.neoionet.netty.microbenchmark.ByteBufAllocatorAllocPatternBenchmark.heapAllocation-1-28 arenaHeap=97503317 arenaDirect=0 delegateHeap=12951275 delegateDirect=0 arenaShare=88.27% blocksHeap=3 blocksDirect=1 pinned=1 reusable=2 maxPinnedHeap=2 maxPinnedDirect=0 blockReuses=355615 blockGrowths=2 hooks=1725851 hookRejections=0 violations=0 earlyReuses=0 reallocInPlace=369 reallocMoved=0 reallocDelegated=0 trims=0 trimmedBlocks=0 leakedBlocks=0 objects=127 bytesHeap=92223584712 bytesDirect=0 liveHeap=0 liveDirect=0
ARENALOOP thread=io.github.neoionet.netty.microbenchmark.ByteBufAllocatorAllocPatternBenchmark.heapAllocation-1-11 arenaHeap=98100625 arenaDirect=0 delegateHeap=13030682 delegateDirect=0 arenaShare=88.27% blocksHeap=3 blocksDirect=1 pinned=1 reusable=2 maxPinnedHeap=2 maxPinnedDirect=0 blockReuses=357796 blockGrowths=2 hooks=1736424 hookRejections=0 violations=0 earlyReuses=0 reallocInPlace=375 reallocMoved=0 reallocDelegated=0 trims=0 trimmedBlocks=0 leakedBlocks=0 objects=127 bytesHeap=92789188408 bytesDirect=0 liveHeap=0 liveDirect=0
ARENALOOP thread=io.github.neoionet.netty.microbenchmark.ByteBufAllocatorAllocPatternBenchmark.heapAllocation-1-14 arenaHeap=92859245 arenaDirect=0 delegateHeap=12334435 delegateDirect=0 arenaShare=88.27% blocksHeap=3 blocksDirect=1 pinned=1 reusable=2 maxPinnedHeap=2 maxPinnedDirect=0 blockReuses=338683 blockGrowths=2 hooks=1643649 hookRejections=0 violations=0 earlyReuses=0 reallocInPlace=352 reallocMoved=0 reallocDelegated=0 trims=0 trimmedBlocks=0 leakedBlocks=0 objects=127 bytesHeap=87832486120 bytesDirect=0 liveHeap=0 liveDirect=0
ARENALOOP thread=io.github.neoionet.netty.microbenchmark.ByteBufAllocatorAllocPatternBenchmark.heapAllocation-1-8 arenaHeap=97343967 arenaDirect=0 delegateHeap=12930289 delegateDirect=0 arenaShare=88.27% blocksHeap=3 blocksDirect=1 pinned=1 reusable=2 maxPinnedHeap=2 maxPinnedDirect=0 blockReuses=355039 blockGrowths=2 hooks=1723033 hookRejections=0 violations=0 earlyReuses=0 reallocInPlace=368 reallocMoved=0 reallocDelegated=0 trims=0 trimmedBlocks=0 leakedBlocks=0 objects=127 bytesHeap=92074349488 bytesDirect=0 liveHeap=0 liveDirect=0
ARENALOOP thread=io.github.neoionet.netty.microbenchmark.ByteBufAllocatorAllocPatternBenchmark.heapAllocation-1-6 arenaHeap=94493500 arenaDirect=0 delegateHeap=12551519 delegateDirect=0 arenaShare=88.27% blocksHeap=3 blocksDirect=1 pinned=2 reusable=1 maxPinnedHeap=2 maxPinnedDirect=0 blockReuses=344640 blockGrowths=2 hooks=1672576 hookRejections=0 violations=0 earlyReuses=0 reallocInPlace=361 reallocMoved=0 reallocDelegated=0 trims=0 trimmedBlocks=0 leakedBlocks=0 objects=127 bytesHeap=89377263664 bytesDirect=0 liveHeap=0 liveDirect=0
ARENALOOP thread=io.github.neoionet.netty.microbenchmark.ByteBufAllocatorAllocPatternBenchmark.heapAllocation-1-15 arenaHeap=81486544 arenaDirect=0 delegateHeap=10823905 delegateDirect=0 arenaShare=88.27% blocksHeap=3 blocksDirect=1 pinned=1 reusable=2 maxPinnedHeap=2 maxPinnedDirect=0 blockReuses=297201 blockGrowths=2 hooks=1442348 hookRejections=0 violations=0 earlyReuses=0 reallocInPlace=308 reallocMoved=0 reallocDelegated=0 trims=0 trimmedBlocks=0 leakedBlocks=0 objects=127 bytesHeap=77074847432 bytesDirect=0 liveHeap=0 liveDirect=0
ARENALOOP thread=io.github.neoionet.netty.microbenchmark.ByteBufAllocatorAllocPatternBenchmark.heapAllocation-1-23 arenaHeap=106287732 arenaDirect=0 delegateHeap=14118267 delegateDirect=0 arenaShare=88.27% blocksHeap=3 blocksDirect=1 pinned=2 reusable=1 maxPinnedHeap=2 maxPinnedDirect=0 blockReuses=387657 blockGrowths=2 hooks=1881341 hookRejections=0 violations=0 earlyReuses=0 reallocInPlace=405 reallocMoved=0 reallocDelegated=0 trims=0 trimmedBlocks=0 leakedBlocks=0 objects=127 bytesHeap=100532972936 bytesDirect=0 liveHeap=0 liveDirect=0
ARENALOOP thread=io.github.neoionet.netty.microbenchmark.ByteBufAllocatorAllocPatternBenchmark.heapAllocation-1-18 arenaHeap=100493057 arenaDirect=0 delegateHeap=13348344 delegateDirect=0 arenaShare=88.27% blocksHeap=3 blocksDirect=1 pinned=1 reusable=2 maxPinnedHeap=2 maxPinnedDirect=0 blockReuses=366528 blockGrowths=2 hooks=1778769 hookRejections=0 violations=0 earlyReuses=0 reallocInPlace=381 reallocMoved=0 reallocDelegated=0 trims=0 trimmedBlocks=0 leakedBlocks=0 objects=127 bytesHeap=95053573944 bytesDirect=0 liveHeap=0 liveDirect=0
ARENALOOP thread=io.github.neoionet.netty.microbenchmark.ByteBufAllocatorAllocPatternBenchmark.heapAllocation-1-20 arenaHeap=96041709 arenaDirect=0 delegateHeap=12757090 delegateDirect=0 arenaShare=88.27% blocksHeap=3 blocksDirect=1 pinned=1 reusable=2 maxPinnedHeap=2 maxPinnedDirect=0 blockReuses=350288 blockGrowths=2 hooks=1699979 hookRejections=0 violations=0 earlyReuses=0 reallocInPlace=363 reallocMoved=0 reallocDelegated=0 trims=0 trimmedBlocks=0 leakedBlocks=0 objects=127 bytesHeap=90842128144 bytesDirect=0 liveHeap=0 liveDirect=0
ARENALOOP thread=io.github.neoionet.netty.microbenchmark.ByteBufAllocatorAllocPatternBenchmark.heapAllocation-1-24 arenaHeap=83671988 arenaDirect=0 delegateHeap=11114029 delegateDirect=0 arenaShare=88.27% blocksHeap=3 blocksDirect=1 pinned=1 reusable=2 maxPinnedHeap=2 maxPinnedDirect=0 blockReuses=305173 blockGrowths=2 hooks=1481029 hookRejections=0 violations=0 earlyReuses=0 reallocInPlace=319 reallocMoved=0 reallocDelegated=0 trims=0 trimmedBlocks=0 leakedBlocks=0 objects=127 bytesHeap=79142204896 bytesDirect=0 liveHeap=0 liveDirect=0
ARENALOOP thread=io.github.neoionet.netty.microbenchmark.ByteBufAllocatorAllocPatternBenchmark.heapAllocation-1-21 arenaHeap=87963372 arenaDirect=0 delegateHeap=11684019 delegateDirect=0 arenaShare=88.27% blocksHeap=3 blocksDirect=1 pinned=1 reusable=2 maxPinnedHeap=2 maxPinnedDirect=0 blockReuses=320824 blockGrowths=2 hooks=1556988 hookRejections=0 violations=0 earlyReuses=0 reallocInPlace=335 reallocMoved=0 reallocDelegated=0 trims=0 trimmedBlocks=0 leakedBlocks=0 objects=127 bytesHeap=83201032472 bytesDirect=0 liveHeap=0 liveDirect=0
ARENALOOP thread=io.github.neoionet.netty.microbenchmark.ByteBufAllocatorAllocPatternBenchmark.heapAllocation-1-12 arenaHeap=96109635 arenaDirect=0 delegateHeap=12766296 delegateDirect=0 arenaShare=88.27% blocksHeap=3 blocksDirect=1 pinned=2 reusable=1 maxPinnedHeap=2 maxPinnedDirect=0 blockReuses=350533 blockGrowths=2 hooks=1701184 hookRejections=0 violations=0 earlyReuses=0 reallocInPlace=363 reallocMoved=0 reallocDelegated=0 trims=0 trimmedBlocks=0 leakedBlocks=0 objects=127 bytesHeap=90905584976 bytesDirect=0 liveHeap=0 liveDirect=0
190.930 ±(99.9%) 24.793 ns/op


Result "io.github.neoionet.netty.microbenchmark.ByteBufAllocatorAllocPatternBenchmark.heapAllocation":
  204.614 ±(99.9%) 5.698 ns/op [Average]
  (min, avg, max) = (190.930, 204.614, 223.776), stdev = 8.529
  CI (99.9%): [198.916, 210.312] (assumes normal distribution)


# JMH version: 1.37
# VM version: JDK 21, Java HotSpot(TM) 64-Bit Server VM, 21+35-LTS-2513
# VM invoker: /home/forked_franz/.sdkman/candidates/java/21-oracle/bin/java
# VM options: -server -dsa -da -XX:InitialRAMPercentage=40.0 -XX:MaxRAMPercentage=40.0 -Dio.netty.leakDetection.level=disabled -Djmh.executor=CUSTOM -Djmh.executor.class=io.github.neoionet.netty.microbenchmark.executor.FastThreadLocalThreadHarnessExecutor -XX:MaxRAM=60g -Dexpt.hookEvery=64
# Blackhole mode: compiler (auto-detected, use -Djmh.blackhole.autoDetect=false to disable)
# Warmup: 10 iterations, 1 s each
# Measurement: 10 iterations, 1 s each
# Timeout: 10 min per iteration
# Threads: 32 threads, will synchronize iterations
# Benchmark mode: Average time, time/op
# Benchmark: io.github.neoionet.netty.microbenchmark.ByteBufAllocatorAllocPatternBenchmark.heapAllocation
# Parameters: (MAX_LIVE_BUFFERS = 1024, allocatorType = ARENA, enableReadWrite = true, sizePattern = E_COMMERCE)

# Run progress: 57.14% complete, ETA 00:07:38
# Fork: 1 of 3
# Warmup Iteration   1: 417.774 ±(99.9%) 111.962 ns/op
# Warmup Iteration   2: 308.643 ±(99.9%) 57.002 ns/op
# Warmup Iteration   3: 320.147 ±(99.9%) 75.754 ns/op
# Warmup Iteration   4: 380.880 ±(99.9%) 124.279 ns/op
# Warmup Iteration   5: 314.275 ±(99.9%) 50.415 ns/op
# Warmup Iteration   6: 346.208 ±(99.9%) 146.130 ns/op
# Warmup Iteration   7: 313.387 ±(99.9%) 77.405 ns/op
# Warmup Iteration   8: 302.708 ±(99.9%) 74.967 ns/op
# Warmup Iteration   9: 316.129 ±(99.9%) 67.701 ns/op
# Warmup Iteration  10: 314.375 ±(99.9%) 93.926 ns/op
Iteration   1: 417.824 ±(99.9%) 120.739 ns/op
Iteration   2: 317.248 ±(99.9%) 61.690 ns/op
Iteration   3: 319.034 ±(99.9%) 79.721 ns/op
Iteration   4: 346.509 ±(99.9%) 108.941 ns/op
Iteration   5: 357.590 ±(99.9%) 76.366 ns/op
Iteration   6: 336.538 ±(99.9%) 127.795 ns/op
Iteration   7: 312.905 ±(99.9%) 101.154 ns/op
Iteration   8: 313.119 ±(99.9%) 83.626 ns/op
Iteration   9: 307.822 ±(99.9%) 114.494 ns/op
Iteration  10: cRSS-pRSS:[2242, 2242]
;used-memory:[0]
ARENATELE blockSize=262144 maxBlocks=8 cap=8192 maxObjects=16384 debug=false arenaHeap=2030965501 arenaDirect=0 delegateHeap=269775350 delegateDirect=0 arenaShare=88.27% blocksHeap=224 blocksDirect=32 pinned=138 reusable=82 maxPinnedHeap=224 maxPinnedDirect=0 blockReuses=7406797 blockGrowths=192 hooks=35948549 hookRejections=0 violations=0 earlyReuses=0 reallocInPlace=7722 reallocMoved=0 reallocDelegated=0 trims=0 trimmedBlocks=0 leakedBlocks=0 objects=30208 bytesHeap=1920976778128 bytesDirect=0 liveHeap=126 liveDirect=0
ARENALOOP thread=io.github.neoionet.netty.microbenchmark.ByteBufAllocatorAllocPatternBenchmark.heapAllocation-1-1 arenaHeap=66076916 arenaDirect=0 delegateHeap=8776975 delegateDirect=0 arenaShare=88.27% blocksHeap=7 blocksDirect=1 pinned=5 reusable=2 maxPinnedHeap=7 maxPinnedDirect=0 blockReuses=240979 blockGrowths=6 hooks=1169576 hookRejections=0 violations=0 earlyReuses=0 reallocInPlace=251 reallocMoved=0 reallocDelegated=0 trims=0 trimmedBlocks=0 leakedBlocks=0 objects=944 bytesHeap=62498534856 bytesDirect=0 liveHeap=109 liveDirect=0
ARENALOOP thread=io.github.neoionet.netty.microbenchmark.ByteBufAllocatorAllocPatternBenchmark.heapAllocation-1-16 arenaHeap=65390720 arenaDirect=0 delegateHeap=8685891 delegateDirect=0 arenaShare=88.27% blocksHeap=7 blocksDirect=1 pinned=4 reusable=3 maxPinnedHeap=7 maxPinnedDirect=0 blockReuses=238475 blockGrowths=6 hooks=1157431 hookRejections=0 violations=0 earlyReuses=0 reallocInPlace=250 reallocMoved=0 reallocDelegated=0 trims=0 trimmedBlocks=0 leakedBlocks=0 objects=944 bytesHeap=61849133552 bytesDirect=0 liveHeap=0 liveDirect=0
ARENALOOP thread=io.github.neoionet.netty.microbenchmark.ByteBufAllocatorAllocPatternBenchmark.heapAllocation-1-25 arenaHeap=66469844 arenaDirect=0 delegateHeap=8829339 delegateDirect=0 arenaShare=88.27% blocksHeap=7 blocksDirect=1 pinned=5 reusable=2 maxPinnedHeap=7 maxPinnedDirect=0 blockReuses=242408 blockGrowths=6 hooks=1176533 hookRejections=0 violations=0 earlyReuses=0 reallocInPlace=251 reallocMoved=0 reallocDelegated=0 trims=0 trimmedBlocks=0 leakedBlocks=0 objects=944 bytesHeap=62869235992 bytesDirect=0 liveHeap=0 liveDirect=0
ARENALOOP thread=io.github.neoionet.netty.microbenchmark.ByteBufAllocatorAllocPatternBenchmark.heapAllocation-1-29 arenaHeap=65083101 arenaDirect=0 delegateHeap=8645171 delegateDirect=0 arenaShare=88.27% blocksHeap=7 blocksDirect=1 pinned=5 reusable=2 maxPinnedHeap=7 maxPinnedDirect=0 blockReuses=237356 blockGrowths=6 hooks=1151988 hookRejections=0 violations=0 earlyReuses=0 reallocInPlace=249 reallocMoved=0 reallocDelegated=0 trims=0 trimmedBlocks=0 leakedBlocks=0 objects=944 bytesHeap=61558878304 bytesDirect=0 liveHeap=0 liveDirect=0
ARENALOOP thread=io.github.neoionet.netty.microbenchmark.ByteBufAllocatorAllocPatternBenchmark.heapAllocation-1-26 arenaHeap=60130812 arenaDirect=0 delegateHeap=7987403 delegateDirect=0 arenaShare=88.27% blocksHeap=7 blocksDirect=1 pinned=4 reusable=3 maxPinnedHeap=7 maxPinnedDirect=0 blockReuses=219294 blockGrowths=6 hooks=1064331 hookRejections=0 violations=0 earlyReuses=0 reallocInPlace=228 reallocMoved=0 reallocDelegated=0 trims=0 trimmedBlocks=0 leakedBlocks=0 objects=944 bytesHeap=56874742680 bytesDirect=0 liveHeap=0 liveDirect=0
ARENALOOP thread=io.github.neoionet.netty.microbenchmark.ByteBufAllocatorAllocPatternBenchmark.heapAllocation-1-32 arenaHeap=57578428 arenaDirect=0 delegateHeap=7648150 delegateDirect=0 arenaShare=88.27% blocksHeap=7 blocksDirect=1 pinned=5 reusable=2 maxPinnedHeap=7 maxPinnedDirect=0 blockReuses=209985 blockGrowths=6 hooks=1019149 hookRejections=0 violations=0 earlyReuses=0 reallocInPlace=221 reallocMoved=0 reallocDelegated=0 trims=0 trimmedBlocks=0 leakedBlocks=0 objects=944 bytesHeap=54460297424 bytesDirect=0 liveHeap=0 liveDirect=0
ARENALOOP thread=io.github.neoionet.netty.microbenchmark.ByteBufAllocatorAllocPatternBenchmark.heapAllocation-1-20 arenaHeap=64021161 arenaDirect=0 delegateHeap=8504122 delegateDirect=0 arenaShare=88.27% blocksHeap=7 blocksDirect=1 pinned=5 reusable=2 maxPinnedHeap=7 maxPinnedDirect=0 blockReuses=233482 blockGrowths=6 hooks=1133191 hookRejections=0 violations=0 earlyReuses=0 reallocInPlace=242 reallocMoved=0 reallocDelegated=0 trims=0 trimmedBlocks=0 leakedBlocks=0 objects=944 bytesHeap=60554424416 bytesDirect=0 liveHeap=0 liveDirect=0
ARENALOOP thread=io.github.neoionet.netty.microbenchmark.ByteBufAllocatorAllocPatternBenchmark.heapAllocation-1-3 arenaHeap=83720002 arenaDirect=0 delegateHeap=11120509 delegateDirect=0 arenaShare=88.27% blocksHeap=7 blocksDirect=1 pinned=4 reusable=3 maxPinnedHeap=7 maxPinnedDirect=0 blockReuses=305321 blockGrowths=6 hooks=1481866 hookRejections=0 violations=0 earlyReuses=0 reallocInPlace=319 reallocMoved=0 reallocDelegated=0 trims=0 trimmedBlocks=0 leakedBlocks=0 objects=944 bytesHeap=79185371776 bytesDirect=0 liveHeap=0 liveDirect=0
ARENALOOP thread=io.github.neoionet.netty.microbenchmark.ByteBufAllocatorAllocPatternBenchmark.heapAllocation-1-8 arenaHeap=63107853 arenaDirect=0 delegateHeap=8382828 delegateDirect=0 arenaShare=88.27% blocksHeap=7 blocksDirect=1 pinned=4 reusable=3 maxPinnedHeap=7 maxPinnedDirect=0 blockReuses=230154 blockGrowths=6 hooks=1117025 hookRejections=0 violations=0 earlyReuses=0 reallocInPlace=240 reallocMoved=0 reallocDelegated=0 trims=0 trimmedBlocks=0 leakedBlocks=0 objects=944 bytesHeap=59691123304 bytesDirect=0 liveHeap=0 liveDirect=0
ARENALOOP thread=io.github.neoionet.netty.microbenchmark.ByteBufAllocatorAllocPatternBenchmark.heapAllocation-1-31 arenaHeap=58124788 arenaDirect=0 delegateHeap=7720816 delegateDirect=0 arenaShare=88.27% blocksHeap=7 blocksDirect=1 pinned=4 reusable=3 maxPinnedHeap=7 maxPinnedDirect=0 blockReuses=211976 blockGrowths=6 hooks=1028821 hookRejections=0 violations=0 earlyReuses=0 reallocInPlace=223 reallocMoved=0 reallocDelegated=0 trims=0 trimmedBlocks=0 leakedBlocks=0 objects=944 bytesHeap=54976708736 bytesDirect=0 liveHeap=0 liveDirect=0
ARENALOOP thread=io.github.neoionet.netty.microbenchmark.ByteBufAllocatorAllocPatternBenchmark.heapAllocation-1-6 arenaHeap=56035221 arenaDirect=0 delegateHeap=7443116 delegateDirect=0 arenaShare=88.27% blocksHeap=7 blocksDirect=1 pinned=4 reusable=3 maxPinnedHeap=7 maxPinnedDirect=0 blockReuses=204357 blockGrowths=6 hooks=991833 hookRejections=0 violations=0 earlyReuses=0 reallocInPlace=213 reallocMoved=0 reallocDelegated=0 trims=0 trimmedBlocks=0 leakedBlocks=0 objects=944 bytesHeap=53001019384 bytesDirect=0 liveHeap=0 liveDirect=0
ARENALOOP thread=io.github.neoionet.netty.microbenchmark.ByteBufAllocatorAllocPatternBenchmark.heapAllocation-1-14 arenaHeap=64252033 arenaDirect=0 delegateHeap=8534527 delegateDirect=0 arenaShare=88.27% blocksHeap=7 blocksDirect=1 pinned=5 reusable=2 maxPinnedHeap=7 maxPinnedDirect=0 blockReuses=234317 blockGrowths=6 hooks=1137274 hookRejections=0 violations=0 earlyReuses=0 reallocInPlace=244 reallocMoved=0 reallocDelegated=0 trims=0 trimmedBlocks=0 leakedBlocks=0 objects=944 bytesHeap=60770938224 bytesDirect=0 liveHeap=0 liveDirect=0
ARENALOOP thread=io.github.neoionet.netty.microbenchmark.ByteBufAllocatorAllocPatternBenchmark.heapAllocation-1-24 arenaHeap=63010039 arenaDirect=0 delegateHeap=8369867 delegateDirect=0 arenaShare=88.27% blocksHeap=7 blocksDirect=1 pinned=4 reusable=3 maxPinnedHeap=7 maxPinnedDirect=0 blockReuses=229795 blockGrowths=6 hooks=1115295 hookRejections=0 violations=0 earlyReuses=0 reallocInPlace=238 reallocMoved=0 reallocDelegated=0 trims=0 trimmedBlocks=0 leakedBlocks=0 objects=944 bytesHeap=59598129992 bytesDirect=0 liveHeap=0 liveDirect=0
ARENALOOP thread=io.github.neoionet.netty.microbenchmark.ByteBufAllocatorAllocPatternBenchmark.heapAllocation-1-30 arenaHeap=63037068 arenaDirect=0 delegateHeap=8373389 delegateDirect=0 arenaShare=88.27% blocksHeap=7 blocksDirect=1 pinned=4 reusable=2 maxPinnedHeap=7 maxPinnedDirect=0 blockReuses=229894 blockGrowths=6 hooks=1115772 hookRejections=0 violations=0 earlyReuses=0 reallocInPlace=238 reallocMoved=0 reallocDelegated=0 trims=0 trimmedBlocks=0 leakedBlocks=0 objects=944 bytesHeap=59623627416 bytesDirect=0 liveHeap=0 liveDirect=0
ARENALOOP thread=io.github.neoionet.netty.microbenchmark.ByteBufAllocatorAllocPatternBenchmark.heapAllocation-1-15 arenaHeap=66933822 arenaDirect=0 delegateHeap=8890924 delegateDirect=0 arenaShare=88.27% blocksHeap=7 blocksDirect=1 pinned=4 reusable=2 maxPinnedHeap=7 maxPinnedDirect=0 blockReuses=244106 blockGrowths=6 hooks=1184745 hookRejections=0 violations=0 earlyReuses=0 reallocInPlace=254 reallocMoved=0 reallocDelegated=0 trims=0 trimmedBlocks=0 leakedBlocks=0 objects=944 bytesHeap=63309498528 bytesDirect=0 liveHeap=0 liveDirect=0
ARENALOOP thread=io.github.neoionet.netty.microbenchmark.ByteBufAllocatorAllocPatternBenchmark.heapAllocation-1-18 arenaHeap=71520178 arenaDirect=0 delegateHeap=9500225 delegateDirect=0 arenaShare=88.27% blocksHeap=7 blocksDirect=1 pinned=4 reusable=3 maxPinnedHeap=7 maxPinnedDirect=0 blockReuses=260826 blockGrowths=6 hooks=1265927 hookRejections=0 violations=0 earlyReuses=0 reallocInPlace=270 reallocMoved=0 reallocDelegated=0 trims=0 trimmedBlocks=0 leakedBlocks=0 objects=944 bytesHeap=67645959528 bytesDirect=0 liveHeap=0 liveDirect=0
ARENALOOP thread=io.github.neoionet.netty.microbenchmark.ByteBufAllocatorAllocPatternBenchmark.heapAllocation-1-19 arenaHeap=59646291 arenaDirect=0 delegateHeap=7922856 delegateDirect=0 arenaShare=88.27% blocksHeap=7 blocksDirect=1 pinned=4 reusable=2 maxPinnedHeap=7 maxPinnedDirect=0 blockReuses=217528 blockGrowths=6 hooks=1055751 hookRejections=0 violations=0 earlyReuses=0 reallocInPlace=227 reallocMoved=0 reallocDelegated=0 trims=0 trimmedBlocks=0 leakedBlocks=0 objects=944 bytesHeap=56416725632 bytesDirect=0 liveHeap=0 liveDirect=0
ARENALOOP thread=io.github.neoionet.netty.microbenchmark.ByteBufAllocatorAllocPatternBenchmark.heapAllocation-1-7 arenaHeap=25255580 arenaDirect=0 delegateHeap=3354663 delegateDirect=0 arenaShare=88.27% blocksHeap=7 blocksDirect=1 pinned=4 reusable=3 maxPinnedHeap=7 maxPinnedDirect=0 blockReuses=92102 blockGrowths=6 hooks=447019 hookRejections=0 violations=0 earlyReuses=0 reallocInPlace=97 reallocMoved=0 reallocDelegated=0 trims=0 trimmedBlocks=0 leakedBlocks=0 objects=944 bytesHeap=23887859496 bytesDirect=0 liveHeap=0 liveDirect=0
ARENALOOP thread=io.github.neoionet.netty.microbenchmark.ByteBufAllocatorAllocPatternBenchmark.heapAllocation-1-28 arenaHeap=67503208 arenaDirect=0 delegateHeap=8966636 delegateDirect=0 arenaShare=88.27% blocksHeap=7 blocksDirect=1 pinned=5 reusable=2 maxPinnedHeap=7 maxPinnedDirect=0 blockReuses=246183 blockGrowths=6 hooks=1194825 hookRejections=0 violations=0 earlyReuses=0 reallocInPlace=256 reallocMoved=0 reallocDelegated=0 trims=0 trimmedBlocks=0 leakedBlocks=0 objects=944 bytesHeap=63848326040 bytesDirect=0 liveHeap=0 liveDirect=0
ARENALOOP thread=io.github.neoionet.netty.microbenchmark.ByteBufAllocatorAllocPatternBenchmark.heapAllocation-1-17 arenaHeap=70861366 arenaDirect=0 delegateHeap=9412477 delegateDirect=0 arenaShare=88.27% blocksHeap=7 blocksDirect=1 pinned=4 reusable=3 maxPinnedHeap=7 maxPinnedDirect=0 blockReuses=258430 blockGrowths=6 hooks=1254262 hookRejections=0 violations=0 earlyReuses=0 reallocInPlace=269 reallocMoved=0 reallocDelegated=0 trims=0 trimmedBlocks=0 leakedBlocks=0 objects=944 bytesHeap=67024591672 bytesDirect=0 liveHeap=0 liveDirect=0
ARENALOOP thread=io.github.neoionet.netty.microbenchmark.ByteBufAllocatorAllocPatternBenchmark.heapAllocation-1-21 arenaHeap=65344770 arenaDirect=0 delegateHeap=8679828 delegateDirect=0 arenaShare=88.27% blocksHeap=7 blocksDirect=1 pinned=4 reusable=3 maxPinnedHeap=7 maxPinnedDirect=0 blockReuses=238308 blockGrowths=6 hooks=1156618 hookRejections=0 violations=0 earlyReuses=0 reallocInPlace=249 reallocMoved=0 reallocDelegated=0 trims=0 trimmedBlocks=0 leakedBlocks=0 objects=944 bytesHeap=61805809520 bytesDirect=0 liveHeap=0 liveDirect=0
ARENALOOP thread=io.github.neoionet.netty.microbenchmark.ByteBufAllocatorAllocPatternBenchmark.heapAllocation-1-10 arenaHeap=62334716 arenaDirect=0 delegateHeap=8279953 delegateDirect=0 arenaShare=88.27% blocksHeap=7 blocksDirect=1 pinned=5 reusable=2 maxPinnedHeap=7 maxPinnedDirect=0 blockReuses=227332 blockGrowths=6 hooks=1103338 hookRejections=0 violations=0 earlyReuses=0 reallocInPlace=237 reallocMoved=0 reallocDelegated=0 trims=0 trimmedBlocks=0 leakedBlocks=0 objects=944 bytesHeap=58959150456 bytesDirect=0 liveHeap=0 liveDirect=0
ARENALOOP thread=io.github.neoionet.netty.microbenchmark.ByteBufAllocatorAllocPatternBenchmark.heapAllocation-1-12 arenaHeap=58320813 arenaDirect=0 delegateHeap=7746699 delegateDirect=0 arenaShare=88.27% blocksHeap=7 blocksDirect=1 pinned=4 reusable=3 maxPinnedHeap=7 maxPinnedDirect=0 blockReuses=212691 blockGrowths=6 hooks=1032288 hookRejections=0 violations=0 earlyReuses=0 reallocInPlace=223 reallocMoved=0 reallocDelegated=0 trims=0 trimmedBlocks=0 leakedBlocks=0 objects=944 bytesHeap=55162242264 bytesDirect=0 liveHeap=0 liveDirect=0
ARENALOOP thread=io.github.neoionet.netty.microbenchmark.ByteBufAllocatorAllocPatternBenchmark.heapAllocation-1-11 arenaHeap=51303692 arenaDirect=0 delegateHeap=6814577 delegateDirect=0 arenaShare=88.27% blocksHeap=7 blocksDirect=1 pinned=4 reusable=3 maxPinnedHeap=7 maxPinnedDirect=0 blockReuses=187102 blockGrowths=6 hooks=908081 hookRejections=0 violations=0 earlyReuses=0 reallocInPlace=195 reallocMoved=0 reallocDelegated=0 trims=0 trimmedBlocks=0 leakedBlocks=0 objects=944 bytesHeap=48525844632 bytesDirect=0 liveHeap=0 liveDirect=0
ARENALOOP thread=io.github.neoionet.netty.microbenchmark.ByteBufAllocatorAllocPatternBenchmark.heapAllocation-1-5 arenaHeap=67505693 arenaDirect=0 delegateHeap=8966967 delegateDirect=0 arenaShare=88.27% blocksHeap=7 blocksDirect=1 pinned=4 reusable=3 maxPinnedHeap=7 maxPinnedDirect=0 blockReuses=246191 blockGrowths=6 hooks=1194869 hookRejections=0 violations=0 earlyReuses=0 reallocInPlace=256 reallocMoved=0 reallocDelegated=0 trims=0 trimmedBlocks=0 leakedBlocks=0 objects=944 bytesHeap=63850509864 bytesDirect=0 liveHeap=0 liveDirect=0
ARENALOOP thread=io.github.neoionet.netty.microbenchmark.ByteBufAllocatorAllocPatternBenchmark.heapAllocation-1-13 arenaHeap=74294801 arenaDirect=0 delegateHeap=9868687 delegateDirect=0 arenaShare=88.27% blocksHeap=7 blocksDirect=1 pinned=5 reusable=2 maxPinnedHeap=7 maxPinnedDirect=0 blockReuses=270951 blockGrowths=6 hooks=1315038 hookRejections=0 violations=0 earlyReuses=0 reallocInPlace=282 reallocMoved=0 reallocDelegated=0 trims=0 trimmedBlocks=0 leakedBlocks=0 objects=944 bytesHeap=70271685576 bytesDirect=0 liveHeap=0 liveDirect=0
ARENALOOP thread=io.github.neoionet.netty.microbenchmark.ByteBufAllocatorAllocPatternBenchmark.heapAllocation-1-27 arenaHeap=64239435 arenaDirect=0 delegateHeap=8532959 delegateDirect=0 arenaShare=88.27% blocksHeap=7 blocksDirect=1 pinned=4 reusable=3 maxPinnedHeap=7 maxPinnedDirect=0 blockReuses=234271 blockGrowths=6 hooks=1137052 hookRejections=0 violations=0 earlyReuses=0 reallocInPlace=244 reallocMoved=0 reallocDelegated=0 trims=0 trimmedBlocks=0 leakedBlocks=0 objects=944 bytesHeap=60758982848 bytesDirect=0 liveHeap=0 liveDirect=0
ARENALOOP thread=io.github.neoionet.netty.microbenchmark.ByteBufAllocatorAllocPatternBenchmark.heapAllocation-1-2 arenaHeap=63960214 arenaDirect=0 delegateHeap=8495847 delegateDirect=0 arenaShare=88.27% blocksHeap=7 blocksDirect=1 pinned=4 reusable=3 maxPinnedHeap=7 maxPinnedDirect=0 blockReuses=233258 blockGrowths=6 hooks=1132109 hookRejections=0 violations=0 earlyReuses=0 reallocInPlace=242 reallocMoved=0 reallocDelegated=0 trims=0 trimmedBlocks=0 leakedBlocks=0 objects=944 bytesHeap=60496385416 bytesDirect=0 liveHeap=0 liveDirect=0
ARENALOOP thread=io.github.neoionet.netty.microbenchmark.ByteBufAllocatorAllocPatternBenchmark.heapAllocation-1-23 arenaHeap=69720774 arenaDirect=0 delegateHeap=9261069 delegateDirect=0 arenaShare=88.27% blocksHeap=7 blocksDirect=1 pinned=5 reusable=2 maxPinnedHeap=7 maxPinnedDirect=0 blockReuses=254268 blockGrowths=6 hooks=1234075 hookRejections=0 violations=0 earlyReuses=0 reallocInPlace=265 reallocMoved=0 reallocDelegated=0 trims=0 trimmedBlocks=0 leakedBlocks=0 objects=944 bytesHeap=65944952472 bytesDirect=0 liveHeap=0 liveDirect=0
ARENALOOP thread=io.github.neoionet.netty.microbenchmark.ByteBufAllocatorAllocPatternBenchmark.heapAllocation-1-9 arenaHeap=74400387 arenaDirect=0 delegateHeap=9882648 delegateDirect=0 arenaShare=88.27% blocksHeap=7 blocksDirect=1 pinned=4 reusable=2 maxPinnedHeap=7 maxPinnedDirect=0 blockReuses=271336 blockGrowths=6 hooks=1316906 hookRejections=0 violations=0 earlyReuses=0 reallocInPlace=283 reallocMoved=0 reallocDelegated=0 trims=0 trimmedBlocks=0 leakedBlocks=0 objects=944 bytesHeap=70371527544 bytesDirect=0 liveHeap=0 liveDirect=0
ARENALOOP thread=io.github.neoionet.netty.microbenchmark.ByteBufAllocatorAllocPatternBenchmark.heapAllocation-1-4 arenaHeap=64793275 arenaDirect=0 delegateHeap=8606582 delegateDirect=0 arenaShare=88.27% blocksHeap=7 blocksDirect=1 pinned=4 reusable=3 maxPinnedHeap=7 maxPinnedDirect=0 blockReuses=236295 blockGrowths=6 hooks=1146856 hookRejections=0 violations=0 earlyReuses=0 reallocInPlace=249 reallocMoved=0 reallocDelegated=0 trims=0 trimmedBlocks=0 leakedBlocks=0 objects=944 bytesHeap=61283886880 bytesDirect=0 liveHeap=0 liveDirect=0
ARENALOOP thread=io.github.neoionet.netty.microbenchmark.ByteBufAllocatorAllocPatternBenchmark.heapAllocation-1-22 arenaHeap=56988500 arenaDirect=0 delegateHeap=7569650 delegateDirect=0 arenaShare=88.27% blocksHeap=7 blocksDirect=1 pinned=4 reusable=3 maxPinnedHeap=7 maxPinnedDirect=0 blockReuses=207826 blockGrowths=6 hooks=1008705 hookRejections=0 violations=0 earlyReuses=0 reallocInPlace=217 reallocMoved=0 reallocDelegated=0 trims=0 trimmedBlocks=0 leakedBlocks=0 objects=944 bytesHeap=53900673704 bytesDirect=0 liveHeap=0 liveDirect=0
335.371 ±(99.9%) 70.275 ns/op

# Run progress: 59.52% complete, ETA 00:07:12
# Fork: 2 of 3
# Warmup Iteration   1: 418.263 ±(99.9%) 56.636 ns/op
# Warmup Iteration   2: 339.484 ±(99.9%) 80.126 ns/op
# Warmup Iteration   3: 247.265 ±(99.9%) 47.255 ns/op
# Warmup Iteration   4: 263.704 ±(99.9%) 48.144 ns/op
# Warmup Iteration   5: 252.146 ±(99.9%) 38.654 ns/op
# Warmup Iteration   6: 275.413 ±(99.9%) 90.935 ns/op
# Warmup Iteration   7: 272.112 ±(99.9%) 68.264 ns/op
# Warmup Iteration   8: 258.435 ±(99.9%) 54.081 ns/op
# Warmup Iteration   9: 265.282 ±(99.9%) 79.086 ns/op
# Warmup Iteration  10: 285.083 ±(99.9%) 84.707 ns/op
Iteration   1: 276.817 ±(99.9%) 63.274 ns/op
Iteration   2: 279.961 ±(99.9%) 72.419 ns/op
Iteration   3: 248.309 ±(99.9%) 44.632 ns/op
Iteration   4: 265.614 ±(99.9%) 59.096 ns/op
Iteration   5: 253.302 ±(99.9%) 48.178 ns/op
Iteration   6: 277.004 ±(99.9%) 71.906 ns/op
Iteration   7: 255.357 ±(99.9%) 57.876 ns/op
Iteration   8: 254.786 ±(99.9%) 47.417 ns/op
Iteration   9: 258.818 ±(99.9%) 57.630 ns/op
Iteration  10: cRSS-pRSS:[2204, 2205]
;used-memory:[0]
ARENATELE blockSize=262144 maxBlocks=8 cap=8192 maxObjects=16384 debug=false arenaHeap=2455178784 arenaDirect=0 delegateHeap=326123051 delegateDirect=0 arenaShare=88.27% blocksHeap=224 blocksDirect=32 pinned=143 reusable=76 maxPinnedHeap=224 maxPinnedDirect=0 blockReuses=8953868 blockGrowths=192 hooks=43457312 hookRejections=0 violations=0 earlyReuses=0 reallocInPlace=9340 reallocMoved=0 reallocDelegated=0 trims=0 trimmedBlocks=0 leakedBlocks=0 objects=30208 bytesHeap=2322204419488 bytesDirect=0 liveHeap=907 liveDirect=0
ARENALOOP thread=io.github.neoionet.netty.microbenchmark.ByteBufAllocatorAllocPatternBenchmark.heapAllocation-1-14 arenaHeap=75240169 arenaDirect=0 delegateHeap=9994330 delegateDirect=0 arenaShare=88.27% blocksHeap=7 blocksDirect=1 pinned=5 reusable=2 maxPinnedHeap=7 maxPinnedDirect=0 blockReuses=274393 blockGrowths=6 hooks=1331773 hookRejections=0 violations=0 earlyReuses=0 reallocInPlace=285 reallocMoved=0 reallocDelegated=0 trims=0 trimmedBlocks=0 leakedBlocks=0 objects=944 bytesHeap=71164507000 bytesDirect=0 liveHeap=877 liveDirect=0
ARENALOOP thread=io.github.neoionet.netty.microbenchmark.ByteBufAllocatorAllocPatternBenchmark.heapAllocation-1-18 arenaHeap=65474530 arenaDirect=0 delegateHeap=8697061 delegateDirect=0 arenaShare=88.27% blocksHeap=7 blocksDirect=1 pinned=4 reusable=3 maxPinnedHeap=7 maxPinnedDirect=0 blockReuses=238777 blockGrowths=6 hooks=1158915 hookRejections=0 violations=0 earlyReuses=0 reallocInPlace=251 reallocMoved=0 reallocDelegated=0 trims=0 trimmedBlocks=0 leakedBlocks=0 objects=944 bytesHeap=61927623080 bytesDirect=0 liveHeap=0 liveDirect=0
ARENALOOP thread=io.github.neoionet.netty.microbenchmark.ByteBufAllocatorAllocPatternBenchmark.heapAllocation-1-9 arenaHeap=68409526 arenaDirect=0 delegateHeap=9086746 delegateDirect=0 arenaShare=88.27% blocksHeap=7 blocksDirect=1 pinned=5 reusable=2 maxPinnedHeap=7 maxPinnedDirect=0 blockReuses=249481 blockGrowths=6 hooks=1210863 hookRejections=0 violations=0 earlyReuses=0 reallocInPlace=261 reallocMoved=0 reallocDelegated=0 trims=0 trimmedBlocks=0 leakedBlocks=0 objects=944 bytesHeap=64703744520 bytesDirect=0 liveHeap=0 liveDirect=0
ARENALOOP thread=io.github.neoionet.netty.microbenchmark.ByteBufAllocatorAllocPatternBenchmark.heapAllocation-1-4 arenaHeap=76219483 arenaDirect=0 delegateHeap=10124356 delegateDirect=0 arenaShare=88.27% blocksHeap=7 blocksDirect=1 pinned=4 reusable=3 maxPinnedHeap=7 maxPinnedDirect=0 blockReuses=277970 blockGrowths=6 hooks=1349106 hookRejections=0 violations=0 earlyReuses=0 reallocInPlace=291 reallocMoved=0 reallocDelegated=0 trims=0 trimmedBlocks=0 leakedBlocks=0 objects=944 bytesHeap=72092005760 bytesDirect=0 liveHeap=0 liveDirect=0
ARENALOOP thread=io.github.neoionet.netty.microbenchmark.ByteBufAllocatorAllocPatternBenchmark.heapAllocation-1-21 arenaHeap=80412418 arenaDirect=0 delegateHeap=10681253 delegateDirect=0 arenaShare=88.27% blocksHeap=7 blocksDirect=1 pinned=5 reusable=2 maxPinnedHeap=7 maxPinnedDirect=0 blockReuses=293259 blockGrowths=6 hooks=1423322 hookRejections=0 violations=0 earlyReuses=0 reallocInPlace=307 reallocMoved=0 reallocDelegated=0 trims=0 trimmedBlocks=0 leakedBlocks=0 objects=944 bytesHeap=76057209128 bytesDirect=0 liveHeap=0 liveDirect=0
ARENALOOP thread=io.github.neoionet.netty.microbenchmark.ByteBufAllocatorAllocPatternBenchmark.heapAllocation-1-27 arenaHeap=66297182 arenaDirect=0 delegateHeap=8806089 delegateDirect=0 arenaShare=88.27% blocksHeap=7 blocksDirect=1 pinned=5 reusable=2 maxPinnedHeap=7 maxPinnedDirect=0 blockReuses=241784 blockGrowths=6 hooks=1173472 hookRejections=0 violations=0 earlyReuses=0 reallocInPlace=251 reallocMoved=0 reallocDelegated=0 trims=0 trimmedBlocks=0 leakedBlocks=0 objects=944 bytesHeap=62707372984 bytesDirect=0 liveHeap=0 liveDirect=0
ARENALOOP thread=io.github.neoionet.netty.microbenchmark.ByteBufAllocatorAllocPatternBenchmark.heapAllocation-1-7 arenaHeap=69853827 arenaDirect=0 delegateHeap=9278648 delegateDirect=0 arenaShare=88.27% blocksHeap=7 blocksDirect=1 pinned=4 reusable=2 maxPinnedHeap=7 maxPinnedDirect=0 blockReuses=254756 blockGrowths=6 hooks=1236428 hookRejections=0 violations=0 earlyReuses=0 reallocInPlace=265 reallocMoved=0 reallocDelegated=0 trims=0 trimmedBlocks=0 leakedBlocks=0 objects=944 bytesHeap=66071450392 bytesDirect=0 liveHeap=0 liveDirect=0
ARENALOOP thread=io.github.neoionet.netty.microbenchmark.ByteBufAllocatorAllocPatternBenchmark.heapAllocation-1-5 arenaHeap=78018033 arenaDirect=0 delegateHeap=10363311 delegateDirect=0 arenaShare=88.27% blocksHeap=7 blocksDirect=1 pinned=5 reusable=2 maxPinnedHeap=7 maxPinnedDirect=0 blockReuses=284530 blockGrowths=6 hooks=1380942 hookRejections=0 violations=0 earlyReuses=0 reallocInPlace=296 reallocMoved=0 reallocDelegated=0 trims=0 trimmedBlocks=0 leakedBlocks=0 objects=944 bytesHeap=73793387776 bytesDirect=0 liveHeap=0 liveDirect=0
ARENALOOP thread=io.github.neoionet.netty.microbenchmark.ByteBufAllocatorAllocPatternBenchmark.heapAllocation-1-16 arenaHeap=75486433 arenaDirect=0 delegateHeap=10026743 delegateDirect=0 arenaShare=88.27% blocksHeap=7 blocksDirect=1 pinned=4 reusable=2 maxPinnedHeap=7 maxPinnedDirect=0 blockReuses=275288 blockGrowths=6 hooks=1336127 hookRejections=0 violations=0 earlyReuses=0 reallocInPlace=287 reallocMoved=0 reallocDelegated=0 trims=0 trimmedBlocks=0 leakedBlocks=0 objects=944 bytesHeap=71396535304 bytesDirect=0 liveHeap=0 liveDirect=0
ARENALOOP thread=io.github.neoionet.netty.microbenchmark.ByteBufAllocatorAllocPatternBenchmark.heapAllocation-1-6 arenaHeap=88066285 arenaDirect=0 delegateHeap=11697844 delegateDirect=0 arenaShare=88.27% blocksHeap=7 blocksDirect=1 pinned=5 reusable=2 maxPinnedHeap=7 maxPinnedDirect=0 blockReuses=321171 blockGrowths=6 hooks=1558798 hookRejections=0 violations=0 earlyReuses=0 reallocInPlace=335 reallocMoved=0 reallocDelegated=0 trims=0 trimmedBlocks=0 leakedBlocks=0 objects=944 bytesHeap=83295957304 bytesDirect=0 liveHeap=0 liveDirect=0
ARENALOOP thread=io.github.neoionet.netty.microbenchmark.ByteBufAllocatorAllocPatternBenchmark.heapAllocation-1-8 arenaHeap=52472792 arenaDirect=0 delegateHeap=6969907 delegateDirect=0 arenaShare=88.27% blocksHeap=7 blocksDirect=1 pinned=5 reusable=2 maxPinnedHeap=7 maxPinnedDirect=0 blockReuses=191372 blockGrowths=6 hooks=928776 hookRejections=0 violations=0 earlyReuses=0 reallocInPlace=199 reallocMoved=0 reallocDelegated=0 trims=0 trimmedBlocks=0 leakedBlocks=0 objects=944 bytesHeap=49633276624 bytesDirect=0 liveHeap=0 liveDirect=0
ARENALOOP thread=io.github.neoionet.netty.microbenchmark.ByteBufAllocatorAllocPatternBenchmark.heapAllocation-1-26 arenaHeap=85173699 arenaDirect=0 delegateHeap=11313887 delegateDirect=0 arenaShare=88.27% blocksHeap=7 blocksDirect=1 pinned=5 reusable=2 maxPinnedHeap=7 maxPinnedDirect=0 blockReuses=310623 blockGrowths=6 hooks=1507602 hookRejections=0 violations=0 earlyReuses=0 reallocInPlace=322 reallocMoved=0 reallocDelegated=0 trims=0 trimmedBlocks=0 leakedBlocks=0 objects=944 bytesHeap=80560470512 bytesDirect=0 liveHeap=0 liveDirect=0
ARENALOOP thread=io.github.neoionet.netty.microbenchmark.ByteBufAllocatorAllocPatternBenchmark.heapAllocation-1-31 arenaHeap=89942973 arenaDirect=0 delegateHeap=11947359 delegateDirect=0 arenaShare=88.27% blocksHeap=7 blocksDirect=1 pinned=5 reusable=2 maxPinnedHeap=7 maxPinnedDirect=0 blockReuses=328020 blockGrowths=6 hooks=1592020 hookRejections=0 violations=0 earlyReuses=0 reallocInPlace=340 reallocMoved=0 reallocDelegated=0 trims=0 trimmedBlocks=0 leakedBlocks=0 objects=944 bytesHeap=85072501544 bytesDirect=0 liveHeap=0 liveDirect=0
ARENALOOP thread=io.github.neoionet.netty.microbenchmark.ByteBufAllocatorAllocPatternBenchmark.heapAllocation-1-12 arenaHeap=84489999 arenaDirect=0 delegateHeap=11222896 delegateDirect=0 arenaShare=88.27% blocksHeap=7 blocksDirect=1 pinned=4 reusable=2 maxPinnedHeap=7 maxPinnedDirect=0 blockReuses=308131 blockGrowths=6 hooks=1495497 hookRejections=0 violations=0 earlyReuses=0 reallocInPlace=321 reallocMoved=0 reallocDelegated=0 trims=0 trimmedBlocks=0 leakedBlocks=0 objects=944 bytesHeap=79914024520 bytesDirect=0 liveHeap=0 liveDirect=0
ARENALOOP thread=io.github.neoionet.netty.microbenchmark.ByteBufAllocatorAllocPatternBenchmark.heapAllocation-1-30 arenaHeap=64831161 arenaDirect=0 delegateHeap=8611646 delegateDirect=0 arenaShare=88.27% blocksHeap=7 blocksDirect=1 pinned=4 reusable=3 maxPinnedHeap=7 maxPinnedDirect=0 blockReuses=236433 blockGrowths=6 hooks=1147527 hookRejections=0 violations=0 earlyReuses=0 reallocInPlace=249 reallocMoved=0 reallocDelegated=0 trims=0 trimmedBlocks=0 leakedBlocks=0 objects=944 bytesHeap=61319593288 bytesDirect=0 liveHeap=0 liveDirect=0
ARENALOOP thread=io.github.neoionet.netty.microbenchmark.ByteBufAllocatorAllocPatternBenchmark.heapAllocation-1-3 arenaHeap=69347328 arenaDirect=0 delegateHeap=9211406 delegateDirect=0 arenaShare=88.27% blocksHeap=7 blocksDirect=1 pinned=4 reusable=3 maxPinnedHeap=7 maxPinnedDirect=0 blockReuses=252904 blockGrowths=6 hooks=1227464 hookRejections=0 violations=0 earlyReuses=0 reallocInPlace=265 reallocMoved=0 reallocDelegated=0 trims=0 trimmedBlocks=0 leakedBlocks=0 objects=944 bytesHeap=65591367784 bytesDirect=0 liveHeap=0 liveDirect=0
ARENALOOP thread=io.github.neoionet.netty.microbenchmark.ByteBufAllocatorAllocPatternBenchmark.heapAllocation-1-19 arenaHeap=80561984 arenaDirect=0 delegateHeap=10701042 delegateDirect=0 arenaShare=88.27% blocksHeap=7 blocksDirect=1 pinned=5 reusable=2 maxPinnedHeap=7 maxPinnedDirect=0 blockReuses=293805 blockGrowths=6 hooks=1425968 hookRejections=0 violations=0 earlyReuses=0 reallocInPlace=307 reallocMoved=0 reallocDelegated=0 trims=0 trimmedBlocks=0 leakedBlocks=0 objects=944 bytesHeap=76198796440 bytesDirect=0 liveHeap=0 liveDirect=0
ARENALOOP thread=io.github.neoionet.netty.microbenchmark.ByteBufAllocatorAllocPatternBenchmark.heapAllocation-1-20 arenaHeap=87841568 arenaDirect=0 delegateHeap=11668085 delegateDirect=0 arenaShare=88.27% blocksHeap=7 blocksDirect=1 pinned=4 reusable=3 maxPinnedHeap=7 maxPinnedDirect=0 blockReuses=320353 blockGrowths=6 hooks=1554822 hookRejections=0 violations=0 earlyReuses=0 reallocInPlace=335 reallocMoved=0 reallocDelegated=0 trims=0 trimmedBlocks=0 leakedBlocks=0 objects=944 bytesHeap=83084034960 bytesDirect=0 liveHeap=0 liveDirect=0
ARENALOOP thread=io.github.neoionet.netty.microbenchmark.ByteBufAllocatorAllocPatternBenchmark.heapAllocation-1-2 arenaHeap=79449979 arenaDirect=0 delegateHeap=10553254 delegateDirect=0 arenaShare=88.27% blocksHeap=7 blocksDirect=1 pinned=5 reusable=2 maxPinnedHeap=7 maxPinnedDirect=0 blockReuses=289744 blockGrowths=6 hooks=1406284 hookRejections=0 violations=0 earlyReuses=0 reallocInPlace=303 reallocMoved=0 reallocDelegated=0 trims=0 trimmedBlocks=0 leakedBlocks=0 objects=944 bytesHeap=75145767664 bytesDirect=0 liveHeap=0 liveDirect=0
ARENALOOP thread=io.github.neoionet.netty.microbenchmark.ByteBufAllocatorAllocPatternBenchmark.heapAllocation-1-10 arenaHeap=75882911 arenaDirect=0 delegateHeap=10079624 delegateDirect=0 arenaShare=88.27% blocksHeap=7 blocksDirect=1 pinned=4 reusable=3 maxPinnedHeap=7 maxPinnedDirect=0 blockReuses=276738 blockGrowths=6 hooks=1343148 hookRejections=0 violations=0 earlyReuses=0 reallocInPlace=291 reallocMoved=0 reallocDelegated=0 trims=0 trimmedBlocks=0 leakedBlocks=0 objects=944 bytesHeap=71772814648 bytesDirect=0 liveHeap=0 liveDirect=0
ARENALOOP thread=io.github.neoionet.netty.microbenchmark.ByteBufAllocatorAllocPatternBenchmark.heapAllocation-1-23 arenaHeap=74005278 arenaDirect=0 delegateHeap=9830353 delegateDirect=0 arenaShare=88.27% blocksHeap=7 blocksDirect=1 pinned=5 reusable=2 maxPinnedHeap=7 maxPinnedDirect=0 blockReuses=269891 blockGrowths=6 hooks=1309915 hookRejections=0 violations=0 earlyReuses=0 reallocInPlace=280 reallocMoved=0 reallocDelegated=0 trims=0 trimmedBlocks=0 leakedBlocks=0 objects=944 bytesHeap=69996789632 bytesDirect=0 liveHeap=0 liveDirect=0
ARENALOOP thread=io.github.neoionet.netty.microbenchmark.ByteBufAllocatorAllocPatternBenchmark.heapAllocation-1-28 arenaHeap=86464791 arenaDirect=0 delegateHeap=11485148 delegateDirect=0 arenaShare=88.27% blocksHeap=7 blocksDirect=1 pinned=4 reusable=2 maxPinnedHeap=7 maxPinnedDirect=0 blockReuses=315327 blockGrowths=6 hooks=1530451 hookRejections=0 violations=0 earlyReuses=0 reallocInPlace=328 reallocMoved=0 reallocDelegated=0 trims=0 trimmedBlocks=0 leakedBlocks=0 objects=944 bytesHeap=81780489072 bytesDirect=0 liveHeap=0 liveDirect=0
ARENALOOP thread=io.github.neoionet.netty.microbenchmark.ByteBufAllocatorAllocPatternBenchmark.heapAllocation-1-32 arenaHeap=85146092 arenaDirect=0 delegateHeap=11310165 delegateDirect=0 arenaShare=88.27% blocksHeap=7 blocksDirect=1 pinned=4 reusable=3 maxPinnedHeap=7 maxPinnedDirect=0 blockReuses=310522 blockGrowths=6 hooks=1507113 hookRejections=0 violations=0 earlyReuses=0 reallocInPlace=322 reallocMoved=0 reallocDelegated=0 trims=0 trimmedBlocks=0 leakedBlocks=0 objects=944 bytesHeap=80534388336 bytesDirect=0 liveHeap=0 liveDirect=0
ARENALOOP thread=io.github.neoionet.netty.microbenchmark.ByteBufAllocatorAllocPatternBenchmark.heapAllocation-1-25 arenaHeap=65589385 arenaDirect=0 delegateHeap=8712309 delegateDirect=0 arenaShare=88.27% blocksHeap=7 blocksDirect=1 pinned=4 reusable=3 maxPinnedHeap=7 maxPinnedDirect=0 blockReuses=239199 blockGrowths=6 hooks=1160947 hookRejections=0 violations=0 earlyReuses=0 reallocInPlace=251 reallocMoved=0 reallocDelegated=0 trims=0 trimmedBlocks=0 leakedBlocks=0 objects=944 bytesHeap=62036937688 bytesDirect=0 liveHeap=0 liveDirect=0
ARENALOOP thread=io.github.neoionet.netty.microbenchmark.ByteBufAllocatorAllocPatternBenchmark.heapAllocation-1-13 arenaHeap=75875141 arenaDirect=0 delegateHeap=10078551 delegateDirect=0 arenaShare=88.27% blocksHeap=7 blocksDirect=1 pinned=5 reusable=2 maxPinnedHeap=7 maxPinnedDirect=0 blockReuses=276709 blockGrowths=6 hooks=1343010 hookRejections=0 violations=0 earlyReuses=0 reallocInPlace=291 reallocMoved=0 reallocDelegated=0 trims=0 trimmedBlocks=0 leakedBlocks=0 objects=944 bytesHeap=71765109992 bytesDirect=0 liveHeap=0 liveDirect=0
ARENALOOP thread=io.github.neoionet.netty.microbenchmark.ByteBufAllocatorAllocPatternBenchmark.heapAllocation-1-29 arenaHeap=79282600 arenaDirect=0 delegateHeap=10531096 delegateDirect=0 arenaShare=88.27% blocksHeap=7 blocksDirect=1 pinned=4 reusable=3 maxPinnedHeap=7 maxPinnedDirect=0 blockReuses=289133 blockGrowths=6 hooks=1403323 hookRejections=0 violations=0 earlyReuses=0 reallocInPlace=301 reallocMoved=0 reallocDelegated=0 trims=0 trimmedBlocks=0 leakedBlocks=0 objects=944 bytesHeap=74987253048 bytesDirect=0 liveHeap=0 liveDirect=0
ARENALOOP thread=io.github.neoionet.netty.microbenchmark.ByteBufAllocatorAllocPatternBenchmark.heapAllocation-1-22 arenaHeap=75316286 arenaDirect=0 delegateHeap=10004191 delegateDirect=0 arenaShare=88.27% blocksHeap=7 blocksDirect=1 pinned=4 reusable=2 maxPinnedHeap=7 maxPinnedDirect=0 blockReuses=274669 blockGrowths=6 hooks=1333116 hookRejections=0 violations=0 earlyReuses=0 reallocInPlace=286 reallocMoved=0 reallocDelegated=0 trims=0 trimmedBlocks=0 leakedBlocks=0 objects=944 bytesHeap=71235985272 bytesDirect=0 liveHeap=0 liveDirect=0
ARENALOOP thread=io.github.neoionet.netty.microbenchmark.ByteBufAllocatorAllocPatternBenchmark.heapAllocation-1-24 arenaHeap=69912683 arenaDirect=0 delegateHeap=9286346 delegateDirect=0 arenaShare=88.27% blocksHeap=7 blocksDirect=1 pinned=4 reusable=3 maxPinnedHeap=7 maxPinnedDirect=0 blockReuses=254973 blockGrowths=6 hooks=1237468 hookRejections=0 violations=0 earlyReuses=0 reallocInPlace=265 reallocMoved=0 reallocDelegated=0 trims=0 trimmedBlocks=0 leakedBlocks=0 objects=944 bytesHeap=66127900696 bytesDirect=0 liveHeap=0 liveDirect=0
ARENALOOP thread=io.github.neoionet.netty.microbenchmark.ByteBufAllocatorAllocPatternBenchmark.heapAllocation-1-15 arenaHeap=78387950 arenaDirect=0 delegateHeap=10412280 delegateDirect=0 arenaShare=88.27% blocksHeap=7 blocksDirect=1 pinned=5 reusable=2 maxPinnedHeap=7 maxPinnedDirect=0 blockReuses=285884 blockGrowths=6 hooks=1387487 hookRejections=0 violations=0 earlyReuses=0 reallocInPlace=297 reallocMoved=0 reallocDelegated=0 trims=0 trimmedBlocks=0 leakedBlocks=0 objects=944 bytesHeap=74144649848 bytesDirect=0 liveHeap=0 liveDirect=0
ARENALOOP thread=io.github.neoionet.netty.microbenchmark.ByteBufAllocatorAllocPatternBenchmark.heapAllocation-1-17 arenaHeap=79480812 arenaDirect=0 delegateHeap=10557395 delegateDirect=0 arenaShare=88.27% blocksHeap=7 blocksDirect=1 pinned=5 reusable=2 maxPinnedHeap=7 maxPinnedDirect=0 blockReuses=289859 blockGrowths=6 hooks=1406830 hookRejections=0 violations=0 earlyReuses=0 reallocInPlace=303 reallocMoved=0 reallocDelegated=0 trims=0 trimmedBlocks=0 leakedBlocks=0 objects=944 bytesHeap=75175560680 bytesDirect=0 liveHeap=0 liveDirect=0
ARENALOOP thread=io.github.neoionet.netty.microbenchmark.ByteBufAllocatorAllocPatternBenchmark.heapAllocation-1-11 arenaHeap=85252442 arenaDirect=0 delegateHeap=11324311 delegateDirect=0 arenaShare=88.27% blocksHeap=7 blocksDirect=1 pinned=4 reusable=3 maxPinnedHeap=7 maxPinnedDirect=0 blockReuses=310913 blockGrowths=6 hooks=1508995 hookRejections=0 violations=0 earlyReuses=0 reallocInPlace=322 reallocMoved=0 reallocDelegated=0 trims=0 trimmedBlocks=0 leakedBlocks=0 objects=944 bytesHeap=80635700656 bytesDirect=0 liveHeap=0 liveDirect=0
ARENALOOP thread=io.github.neoionet.netty.microbenchmark.ByteBufAllocatorAllocPatternBenchmark.heapAllocation-1-1 arenaHeap=86993044 arenaDirect=0 delegateHeap=11555419 delegateDirect=0 arenaShare=88.27% blocksHeap=7 blocksDirect=1 pinned=4 reusable=3 maxPinnedHeap=7 maxPinnedDirect=0 blockReuses=317257 blockGrowths=6 hooks=1539803 hookRejections=0 violations=0 earlyReuses=0 reallocInPlace=333 reallocMoved=0 reallocDelegated=0 trims=0 trimmedBlocks=0 leakedBlocks=0 objects=944 bytesHeap=82281213336 bytesDirect=0 liveHeap=0 liveDirect=0
258.260 ±(99.9%) 48.097 ns/op

# Run progress: 61.90% complete, ETA 00:06:46
# Fork: 3 of 3
# Warmup Iteration   1: 485.081 ±(99.9%) 84.502 ns/op
# Warmup Iteration   2: 437.276 ±(99.9%) 79.743 ns/op
# Warmup Iteration   3: 325.267 ±(99.9%) 77.669 ns/op
# Warmup Iteration   4: 303.119 ±(99.9%) 98.497 ns/op
# Warmup Iteration   5: 330.160 ±(99.9%) 110.739 ns/op
# Warmup Iteration   6: 312.069 ±(99.9%) 89.452 ns/op
# Warmup Iteration   7: 372.258 ±(99.9%) 118.895 ns/op
# Warmup Iteration   8: 351.069 ±(99.9%) 86.902 ns/op
# Warmup Iteration   9: 330.877 ±(99.9%) 69.911 ns/op
# Warmup Iteration  10: 319.506 ±(99.9%) 78.594 ns/op
Iteration   1: 346.746 ±(99.9%) 57.266 ns/op
Iteration   2: 308.555 ±(99.9%) 96.710 ns/op
Iteration   3: 304.407 ±(99.9%) 91.871 ns/op
Iteration   4: 336.566 ±(99.9%) 69.816 ns/op
Iteration   5: 333.021 ±(99.9%) 76.826 ns/op
Iteration   6: 348.518 ±(99.9%) 132.587 ns/op
Iteration   7: 308.589 ±(99.9%) 103.778 ns/op
Iteration   8: 321.684 ±(99.9%) 92.142 ns/op
Iteration   9: 335.489 ±(99.9%) 156.172 ns/op
Iteration  10: cRSS-pRSS:[2237, 2237]
;used-memory:[0]
ARENATELE blockSize=262144 maxBlocks=8 cap=8192 maxObjects=16384 debug=false arenaHeap=2020491473 arenaDirect=0 delegateHeap=268381920 delegateDirect=0 arenaShare=88.27% blocksHeap=224 blocksDirect=32 pinned=142 reusable=79 maxPinnedHeap=224 maxPinnedDirect=0 blockReuses=7368582 blockGrowths=192 hooks=35763119 hookRejections=0 violations=0 earlyReuses=0 reallocInPlace=7685 reallocMoved=0 reallocDelegated=0 trims=0 trimmedBlocks=0 leakedBlocks=0 objects=30208 bytesHeap=1911067213144 bytesDirect=0 liveHeap=898 liveDirect=0
ARENALOOP thread=io.github.neoionet.netty.microbenchmark.ByteBufAllocatorAllocPatternBenchmark.heapAllocation-1-21 arenaHeap=79659110 arenaDirect=0 delegateHeap=10581225 delegateDirect=0 arenaShare=88.27% blocksHeap=7 blocksDirect=1 pinned=4 reusable=3 maxPinnedHeap=7 maxPinnedDirect=0 blockReuses=290511 blockGrowths=6 hooks=1409989 hookRejections=0 violations=0 earlyReuses=0 reallocInPlace=305 reallocMoved=0 reallocDelegated=0 trims=0 trimmedBlocks=0 leakedBlocks=0 objects=944 bytesHeap=75344560480 bytesDirect=0 liveHeap=898 liveDirect=0
ARENALOOP thread=io.github.neoionet.netty.microbenchmark.ByteBufAllocatorAllocPatternBenchmark.heapAllocation-1-30 arenaHeap=63576373 arenaDirect=0 delegateHeap=8444831 delegateDirect=0 arenaShare=88.27% blocksHeap=7 blocksDirect=1 pinned=5 reusable=2 maxPinnedHeap=7 maxPinnedDirect=0 blockReuses=231866 blockGrowths=6 hooks=1125315 hookRejections=0 violations=0 earlyReuses=0 reallocInPlace=241 reallocMoved=0 reallocDelegated=0 trims=0 trimmedBlocks=0 leakedBlocks=0 objects=944 bytesHeap=60135288840 bytesDirect=0 liveHeap=0 liveDirect=0
ARENALOOP thread=io.github.neoionet.netty.microbenchmark.ByteBufAllocatorAllocPatternBenchmark.heapAllocation-1-6 arenaHeap=65038278 arenaDirect=0 delegateHeap=8639145 delegateDirect=0 arenaShare=88.27% blocksHeap=7 blocksDirect=1 pinned=4 reusable=3 maxPinnedHeap=7 maxPinnedDirect=0 blockReuses=237192 blockGrowths=6 hooks=1151193 hookRejections=0 violations=0 earlyReuses=0 reallocInPlace=249 reallocMoved=0 reallocDelegated=0 trims=0 trimmedBlocks=0 leakedBlocks=0 objects=944 bytesHeap=61516472528 bytesDirect=0 liveHeap=0 liveDirect=0
ARENALOOP thread=io.github.neoionet.netty.microbenchmark.ByteBufAllocatorAllocPatternBenchmark.heapAllocation-1-28 arenaHeap=66176210 arenaDirect=0 delegateHeap=8790069 delegateDirect=0 arenaShare=88.27% blocksHeap=7 blocksDirect=1 pinned=5 reusable=2 maxPinnedHeap=7 maxPinnedDirect=0 blockReuses=241344 blockGrowths=6 hooks=1171332 hookRejections=0 violations=0 earlyReuses=0 reallocInPlace=251 reallocMoved=0 reallocDelegated=0 trims=0 trimmedBlocks=0 leakedBlocks=0 objects=944 bytesHeap=62593099064 bytesDirect=0 liveHeap=0 liveDirect=0
ARENALOOP thread=io.github.neoionet.netty.microbenchmark.ByteBufAllocatorAllocPatternBenchmark.heapAllocation-1-17 arenaHeap=61586091 arenaDirect=0 delegateHeap=8180376 delegateDirect=0 arenaShare=88.27% blocksHeap=7 blocksDirect=1 pinned=5 reusable=2 maxPinnedHeap=7 maxPinnedDirect=0 blockReuses=224601 blockGrowths=6 hooks=1090085 hookRejections=0 violations=0 earlyReuses=0 reallocInPlace=235 reallocMoved=0 reallocDelegated=0 trims=0 trimmedBlocks=0 leakedBlocks=0 objects=944 bytesHeap=58250853832 bytesDirect=0 liveHeap=0 liveDirect=0
ARENALOOP thread=io.github.neoionet.netty.microbenchmark.ByteBufAllocatorAllocPatternBenchmark.heapAllocation-1-32 arenaHeap=52815467 arenaDirect=0 delegateHeap=7015555 delegateDirect=0 arenaShare=88.27% blocksHeap=7 blocksDirect=1 pinned=4 reusable=3 maxPinnedHeap=7 maxPinnedDirect=0 blockReuses=192614 blockGrowths=6 hooks=934843 hookRejections=0 violations=0 earlyReuses=0 reallocInPlace=200 reallocMoved=0 reallocDelegated=0 trims=0 trimmedBlocks=0 leakedBlocks=0 objects=944 bytesHeap=49955526784 bytesDirect=0 liveHeap=0 liveDirect=0
ARENALOOP thread=io.github.neoionet.netty.microbenchmark.ByteBufAllocatorAllocPatternBenchmark.heapAllocation-1-27 arenaHeap=60434972 arenaDirect=0 delegateHeap=8027672 delegateDirect=0 arenaShare=88.27% blocksHeap=7 blocksDirect=1 pinned=4 reusable=3 maxPinnedHeap=7 maxPinnedDirect=0 blockReuses=220398 blockGrowths=6 hooks=1069712 hookRejections=0 violations=0 earlyReuses=0 reallocInPlace=229 reallocMoved=0 reallocDelegated=0 trims=0 trimmedBlocks=0 leakedBlocks=0 objects=944 bytesHeap=57161205024 bytesDirect=0 liveHeap=0 liveDirect=0
ARENALOOP thread=io.github.neoionet.netty.microbenchmark.ByteBufAllocatorAllocPatternBenchmark.heapAllocation-1-24 arenaHeap=63786338 arenaDirect=0 delegateHeap=8472841 delegateDirect=0 arenaShare=88.27% blocksHeap=7 blocksDirect=1 pinned=5 reusable=2 maxPinnedHeap=7 maxPinnedDirect=0 blockReuses=232628 blockGrowths=6 hooks=1129033 hookRejections=0 violations=0 earlyReuses=0 reallocInPlace=242 reallocMoved=0 reallocDelegated=0 trims=0 trimmedBlocks=0 leakedBlocks=0 objects=944 bytesHeap=60332974120 bytesDirect=0 liveHeap=0 liveDirect=0
ARENALOOP thread=io.github.neoionet.netty.microbenchmark.ByteBufAllocatorAllocPatternBenchmark.heapAllocation-1-26 arenaHeap=57301965 arenaDirect=0 delegateHeap=7611301 delegateDirect=0 arenaShare=88.27% blocksHeap=7 blocksDirect=1 pinned=5 reusable=2 maxPinnedHeap=7 maxPinnedDirect=0 blockReuses=208972 blockGrowths=6 hooks=1014253 hookRejections=0 violations=0 earlyReuses=0 reallocInPlace=219 reallocMoved=0 reallocDelegated=0 trims=0 trimmedBlocks=0 leakedBlocks=0 objects=944 bytesHeap=54197830464 bytesDirect=0 liveHeap=0 liveDirect=0
ARENALOOP thread=io.github.neoionet.netty.microbenchmark.ByteBufAllocatorAllocPatternBenchmark.heapAllocation-1-5 arenaHeap=66646849 arenaDirect=0 delegateHeap=8852864 delegateDirect=0 arenaShare=88.27% blocksHeap=7 blocksDirect=1 pinned=4 reusable=3 maxPinnedHeap=7 maxPinnedDirect=0 blockReuses=243055 blockGrowths=6 hooks=1179667 hookRejections=0 violations=0 earlyReuses=0 reallocInPlace=252 reallocMoved=0 reallocDelegated=0 trims=0 trimmedBlocks=0 leakedBlocks=0 objects=944 bytesHeap=63037052792 bytesDirect=0 liveHeap=0 liveDirect=0
ARENALOOP thread=io.github.neoionet.netty.microbenchmark.ByteBufAllocatorAllocPatternBenchmark.heapAllocation-1-20 arenaHeap=75486919 arenaDirect=0 delegateHeap=10026813 delegateDirect=0 arenaShare=88.27% blocksHeap=7 blocksDirect=1 pinned=4 reusable=3 maxPinnedHeap=7 maxPinnedDirect=0 blockReuses=275289 blockGrowths=6 hooks=1336136 hookRejections=0 violations=0 earlyReuses=0 reallocInPlace=287 reallocMoved=0 reallocDelegated=0 trims=0 trimmedBlocks=0 leakedBlocks=0 objects=944 bytesHeap=71397035728 bytesDirect=0 liveHeap=0 liveDirect=0
ARENALOOP thread=io.github.neoionet.netty.microbenchmark.ByteBufAllocatorAllocPatternBenchmark.heapAllocation-1-15 arenaHeap=56253827 arenaDirect=0 delegateHeap=7472216 delegateDirect=0 arenaShare=88.27% blocksHeap=7 blocksDirect=1 pinned=4 reusable=3 maxPinnedHeap=7 maxPinnedDirect=0 blockReuses=205159 blockGrowths=6 hooks=995703 hookRejections=0 violations=0 earlyReuses=0 reallocInPlace=213 reallocMoved=0 reallocDelegated=0 trims=0 trimmedBlocks=0 leakedBlocks=0 objects=944 bytesHeap=53209110344 bytesDirect=0 liveHeap=0 liveDirect=0
ARENALOOP thread=io.github.neoionet.netty.microbenchmark.ByteBufAllocatorAllocPatternBenchmark.heapAllocation-1-25 arenaHeap=65705486 arenaDirect=0 delegateHeap=8727660 delegateDirect=0 arenaShare=88.27% blocksHeap=7 blocksDirect=1 pinned=4 reusable=2 maxPinnedHeap=7 maxPinnedDirect=0 blockReuses=239622 blockGrowths=6 hooks=1163001 hookRejections=0 violations=0 earlyReuses=0 reallocInPlace=251 reallocMoved=0 reallocDelegated=0 trims=0 trimmedBlocks=0 leakedBlocks=0 objects=944 bytesHeap=62146545448 bytesDirect=0 liveHeap=0 liveDirect=0
ARENALOOP thread=io.github.neoionet.netty.microbenchmark.ByteBufAllocatorAllocPatternBenchmark.heapAllocation-1-14 arenaHeap=66999896 arenaDirect=0 delegateHeap=8899651 delegateDirect=0 arenaShare=88.27% blocksHeap=7 blocksDirect=1 pinned=4 reusable=3 maxPinnedHeap=7 maxPinnedDirect=0 blockReuses=244346 blockGrowths=6 hooks=1185914 hookRejections=0 violations=0 earlyReuses=0 reallocInPlace=255 reallocMoved=0 reallocDelegated=0 trims=0 trimmedBlocks=0 leakedBlocks=0 objects=944 bytesHeap=63371950632 bytesDirect=0 liveHeap=0 liveDirect=0
ARENALOOP thread=io.github.neoionet.netty.microbenchmark.ByteBufAllocatorAllocPatternBenchmark.heapAllocation-1-23 arenaHeap=70042182 arenaDirect=0 delegateHeap=9303544 delegateDirect=0 arenaShare=88.27% blocksHeap=7 blocksDirect=1 pinned=5 reusable=2 maxPinnedHeap=7 maxPinnedDirect=0 blockReuses=255443 blockGrowths=6 hooks=1239760 hookRejections=0 violations=0 earlyReuses=0 reallocInPlace=265 reallocMoved=0 reallocDelegated=0 trims=0 trimmedBlocks=0 leakedBlocks=0 objects=944 bytesHeap=66249670552 bytesDirect=0 liveHeap=0 liveDirect=0
ARENALOOP thread=io.github.neoionet.netty.microbenchmark.ByteBufAllocatorAllocPatternBenchmark.heapAllocation-1-18 arenaHeap=78613785 arenaDirect=0 delegateHeap=10442489 delegateDirect=0 arenaShare=88.27% blocksHeap=7 blocksDirect=1 pinned=4 reusable=3 maxPinnedHeap=7 maxPinnedDirect=0 blockReuses=286702 blockGrowths=6 hooks=1391488 hookRejections=0 violations=0 earlyReuses=0 reallocInPlace=298 reallocMoved=0 reallocDelegated=0 trims=0 trimmedBlocks=0 leakedBlocks=0 objects=944 bytesHeap=74356920000 bytesDirect=0 liveHeap=0 liveDirect=0
ARENALOOP thread=io.github.neoionet.netty.microbenchmark.ByteBufAllocatorAllocPatternBenchmark.heapAllocation-1-19 arenaHeap=66258094 arenaDirect=0 delegateHeap=8800935 delegateDirect=0 arenaShare=88.27% blocksHeap=7 blocksDirect=1 pinned=5 reusable=2 maxPinnedHeap=7 maxPinnedDirect=0 blockReuses=241643 blockGrowths=6 hooks=1172781 hookRejections=0 violations=0 earlyReuses=0 reallocInPlace=251 reallocMoved=0 reallocDelegated=0 trims=0 trimmedBlocks=0 leakedBlocks=0 objects=944 bytesHeap=62670830408 bytesDirect=0 liveHeap=0 liveDirect=0
ARENALOOP thread=io.github.neoionet.netty.microbenchmark.ByteBufAllocatorAllocPatternBenchmark.heapAllocation-1-3 arenaHeap=80267166 arenaDirect=0 delegateHeap=10661985 delegateDirect=0 arenaShare=88.27% blocksHeap=7 blocksDirect=1 pinned=4 reusable=3 maxPinnedHeap=7 maxPinnedDirect=0 blockReuses=292726 blockGrowths=6 hooks=1420751 hookRejections=0 violations=0 earlyReuses=0 reallocInPlace=306 reallocMoved=0 reallocDelegated=0 trims=0 trimmedBlocks=0 leakedBlocks=0 objects=944 bytesHeap=75919098408 bytesDirect=0 liveHeap=0 liveDirect=0
ARENALOOP thread=io.github.neoionet.netty.microbenchmark.ByteBufAllocatorAllocPatternBenchmark.heapAllocation-1-8 arenaHeap=57000933 arenaDirect=0 delegateHeap=7571279 delegateDirect=0 arenaShare=88.27% blocksHeap=7 blocksDirect=1 pinned=5 reusable=2 maxPinnedHeap=7 maxPinnedDirect=0 blockReuses=207871 blockGrowths=6 hooks=1008924 hookRejections=0 violations=0 earlyReuses=0 reallocInPlace=217 reallocMoved=0 reallocDelegated=0 trims=0 trimmedBlocks=0 leakedBlocks=0 objects=944 bytesHeap=53912246256 bytesDirect=0 liveHeap=0 liveDirect=0
ARENALOOP thread=io.github.neoionet.netty.microbenchmark.ByteBufAllocatorAllocPatternBenchmark.heapAllocation-1-31 arenaHeap=66862629 arenaDirect=0 delegateHeap=8881461 delegateDirect=0 arenaShare=88.27% blocksHeap=7 blocksDirect=1 pinned=4 reusable=3 maxPinnedHeap=7 maxPinnedDirect=0 blockReuses=243846 blockGrowths=6 hooks=1183485 hookRejections=0 violations=0 earlyReuses=0 reallocInPlace=254 reallocMoved=0 reallocDelegated=0 trims=0 trimmedBlocks=0 leakedBlocks=0 objects=944 bytesHeap=63242145000 bytesDirect=0 liveHeap=0 liveDirect=0
ARENALOOP thread=io.github.neoionet.netty.microbenchmark.ByteBufAllocatorAllocPatternBenchmark.heapAllocation-1-13 arenaHeap=66161325 arenaDirect=0 delegateHeap=8788150 delegateDirect=0 arenaShare=88.27% blocksHeap=7 blocksDirect=1 pinned=4 reusable=3 maxPinnedHeap=7 maxPinnedDirect=0 blockReuses=241290 blockGrowths=6 hooks=1171069 hookRejections=0 violations=0 earlyReuses=0 reallocInPlace=251 reallocMoved=0 reallocDelegated=0 trims=0 trimmedBlocks=0 leakedBlocks=0 objects=944 bytesHeap=62579195672 bytesDirect=0 liveHeap=0 liveDirect=0
ARENALOOP thread=io.github.neoionet.netty.microbenchmark.ByteBufAllocatorAllocPatternBenchmark.heapAllocation-1-29 arenaHeap=62161493 arenaDirect=0 delegateHeap=8256952 delegateDirect=0 arenaShare=88.27% blocksHeap=7 blocksDirect=1 pinned=5 reusable=2 maxPinnedHeap=7 maxPinnedDirect=0 blockReuses=226696 blockGrowths=6 hooks=1100272 hookRejections=0 violations=0 earlyReuses=0 reallocInPlace=237 reallocMoved=0 reallocDelegated=0 trims=0 trimmedBlocks=0 leakedBlocks=0 objects=944 bytesHeap=58794224056 bytesDirect=0 liveHeap=0 liveDirect=0
ARENALOOP thread=io.github.neoionet.netty.microbenchmark.ByteBufAllocatorAllocPatternBenchmark.heapAllocation-1-11 arenaHeap=60709717 arenaDirect=0 delegateHeap=8063902 delegateDirect=0 arenaShare=88.27% blocksHeap=7 blocksDirect=1 pinned=4 reusable=2 maxPinnedHeap=7 maxPinnedDirect=0 blockReuses=221398 blockGrowths=6 hooks=1074571 hookRejections=0 violations=0 earlyReuses=0 reallocInPlace=231 reallocMoved=0 reallocDelegated=0 trims=0 trimmedBlocks=0 leakedBlocks=0 objects=944 bytesHeap=57420414200 bytesDirect=0 liveHeap=0 liveDirect=0
ARENALOOP thread=io.github.neoionet.netty.microbenchmark.ByteBufAllocatorAllocPatternBenchmark.heapAllocation-1-1 arenaHeap=75437242 arenaDirect=0 delegateHeap=10020333 delegateDirect=0 arenaShare=88.27% blocksHeap=7 blocksDirect=1 pinned=5 reusable=2 maxPinnedHeap=7 maxPinnedDirect=0 blockReuses=275108 blockGrowths=6 hooks=1335258 hookRejections=0 violations=0 earlyReuses=0 reallocInPlace=287 reallocMoved=0 reallocDelegated=0 trims=0 trimmedBlocks=0 leakedBlocks=0 objects=944 bytesHeap=71349963488 bytesDirect=0 liveHeap=0 liveDirect=0
ARENALOOP thread=io.github.neoionet.netty.microbenchmark.ByteBufAllocatorAllocPatternBenchmark.heapAllocation-1-4 arenaHeap=59874024 arenaDirect=0 delegateHeap=7953036 delegateDirect=0 arenaShare=88.27% blocksHeap=7 blocksDirect=1 pinned=4 reusable=3 maxPinnedHeap=7 maxPinnedDirect=0 blockReuses=218363 blockGrowths=6 hooks=1059781 hookRejections=0 violations=0 earlyReuses=0 reallocInPlace=227 reallocMoved=0 reallocDelegated=0 trims=0 trimmedBlocks=0 leakedBlocks=0 objects=944 bytesHeap=56633498088 bytesDirect=0 liveHeap=0 liveDirect=0
ARENALOOP thread=io.github.neoionet.netty.microbenchmark.ByteBufAllocatorAllocPatternBenchmark.heapAllocation-1-9 arenaHeap=53404322 arenaDirect=0 delegateHeap=7093610 delegateDirect=0 arenaShare=88.27% blocksHeap=7 blocksDirect=1 pinned=4 reusable=3 maxPinnedHeap=7 maxPinnedDirect=0 blockReuses=194755 blockGrowths=6 hooks=945264 hookRejections=0 violations=0 earlyReuses=0 reallocInPlace=204 reallocMoved=0 reallocDelegated=0 trims=0 trimmedBlocks=0 leakedBlocks=0 objects=944 bytesHeap=50510724040 bytesDirect=0 liveHeap=0 liveDirect=0
ARENALOOP thread=io.github.neoionet.netty.microbenchmark.ByteBufAllocatorAllocPatternBenchmark.heapAllocation-1-2 arenaHeap=25051236 arenaDirect=0 delegateHeap=3327472 delegateDirect=0 arenaShare=88.27% blocksHeap=7 blocksDirect=1 pinned=5 reusable=2 maxPinnedHeap=7 maxPinnedDirect=0 blockReuses=91357 blockGrowths=6 hooks=443401 hookRejections=0 violations=0 earlyReuses=0 reallocInPlace=97 reallocMoved=0 reallocDelegated=0 trims=0 trimmedBlocks=0 leakedBlocks=0 objects=944 bytesHeap=23694713216 bytesDirect=0 liveHeap=0 liveDirect=0
ARENALOOP thread=io.github.neoionet.netty.microbenchmark.ByteBufAllocatorAllocPatternBenchmark.heapAllocation-1-7 arenaHeap=54648440 arenaDirect=0 delegateHeap=7258915 delegateDirect=0 arenaShare=88.27% blocksHeap=7 blocksDirect=1 pinned=5 reusable=2 maxPinnedHeap=7 maxPinnedDirect=0 blockReuses=199298 blockGrowths=6 hooks=967286 hookRejections=0 violations=0 earlyReuses=0 reallocInPlace=209 reallocMoved=0 reallocDelegated=0 trims=0 trimmedBlocks=0 leakedBlocks=0 objects=944 bytesHeap=51688698128 bytesDirect=0 liveHeap=0 liveDirect=0
ARENALOOP thread=io.github.neoionet.netty.microbenchmark.ByteBufAllocatorAllocPatternBenchmark.heapAllocation-1-22 arenaHeap=66617051 arenaDirect=0 delegateHeap=8848959 delegateDirect=0 arenaShare=88.27% blocksHeap=7 blocksDirect=1 pinned=5 reusable=2 maxPinnedHeap=7 maxPinnedDirect=0 blockReuses=242947 blockGrowths=6 hooks=1179140 hookRejections=0 violations=0 earlyReuses=0 reallocInPlace=252 reallocMoved=0 reallocDelegated=0 trims=0 trimmedBlocks=0 leakedBlocks=0 objects=944 bytesHeap=63008976584 bytesDirect=0 liveHeap=0 liveDirect=0
ARENALOOP thread=io.github.neoionet.netty.microbenchmark.ByteBufAllocatorAllocPatternBenchmark.heapAllocation-1-10 arenaHeap=56499505 arenaDirect=0 delegateHeap=7504977 delegateDirect=0 arenaShare=88.27% blocksHeap=7 blocksDirect=1 pinned=4 reusable=3 maxPinnedHeap=7 maxPinnedDirect=0 blockReuses=206053 blockGrowths=6 hooks=1000054 hookRejections=0 violations=0 earlyReuses=0 reallocInPlace=214 reallocMoved=0 reallocDelegated=0 trims=0 trimmedBlocks=0 leakedBlocks=0 objects=944 bytesHeap=53440784200 bytesDirect=0 liveHeap=0 liveDirect=0
ARENALOOP thread=io.github.neoionet.netty.microbenchmark.ByteBufAllocatorAllocPatternBenchmark.heapAllocation-1-16 arenaHeap=42427157 arenaDirect=0 delegateHeap=5635433 delegateDirect=0 arenaShare=88.27% blocksHeap=7 blocksDirect=1 pinned=5 reusable=2 maxPinnedHeap=7 maxPinnedDirect=0 blockReuses=154722 blockGrowths=6 hooks=750961 hookRejections=0 violations=0 earlyReuses=0 reallocInPlace=163 reallocMoved=0 reallocDelegated=0 trims=0 trimmedBlocks=0 leakedBlocks=0 objects=944 bytesHeap=40128310480 bytesDirect=0 liveHeap=0 liveDirect=0
ARENALOOP thread=io.github.neoionet.netty.microbenchmark.ByteBufAllocatorAllocPatternBenchmark.heapAllocation-1-12 arenaHeap=76987391 arenaDirect=0 delegateHeap=10226269 delegateDirect=0 arenaShare=88.27% blocksHeap=7 blocksDirect=1 pinned=4 reusable=2 maxPinnedHeap=7 maxPinnedDirect=0 blockReuses=280767 blockGrowths=6 hooks=1362697 hookRejections=0 violations=0 earlyReuses=0 reallocInPlace=293 reallocMoved=0 reallocDelegated=0 trims=0 trimmedBlocks=0 leakedBlocks=0 objects=944 bytesHeap=72817294288 bytesDirect=0 liveHeap=0 liveDirect=0
320.966 ±(99.9%) 88.581 ns/op


Result "io.github.neoionet.netty.microbenchmark.ByteBufAllocatorAllocPatternBenchmark.heapAllocation":
  308.558 ±(99.9%) 26.345 ns/op [Average]
  (min, avg, max) = (248.309, 308.558, 417.824), stdev = 39.432
  CI (99.9%): [282.213, 334.903] (assumes normal distribution)


# JMH version: 1.37
# VM version: JDK 21, Java HotSpot(TM) 64-Bit Server VM, 21+35-LTS-2513
# VM invoker: /home/forked_franz/.sdkman/candidates/java/21-oracle/bin/java
# VM options: -server -dsa -da -XX:InitialRAMPercentage=40.0 -XX:MaxRAMPercentage=40.0 -Dio.netty.leakDetection.level=disabled -Djmh.executor=CUSTOM -Djmh.executor.class=io.github.neoionet.netty.microbenchmark.executor.FastThreadLocalThreadHarnessExecutor -XX:MaxRAM=60g -Dexpt.hookEvery=64
# Blackhole mode: compiler (auto-detected, use -Djmh.blackhole.autoDetect=false to disable)
# Warmup: 10 iterations, 1 s each
# Measurement: 10 iterations, 1 s each
# Timeout: 10 min per iteration
# Threads: 32 threads, will synchronize iterations
# Benchmark mode: Average time, time/op
# Benchmark: io.github.neoionet.netty.microbenchmark.ByteBufAllocatorAllocPatternBenchmark.heapAllocation
# Parameters: (MAX_LIVE_BUFFERS = 4096, allocatorType = ARENA, enableReadWrite = true, sizePattern = E_COMMERCE)

# Run progress: 64.29% complete, ETA 00:06:20
# Fork: 1 of 3
# Warmup Iteration   1: 691.871 ±(99.9%) 138.741 ns/op
# Warmup Iteration   2: 1098.867 ±(99.9%) 276.322 ns/op
# Warmup Iteration   3: 468.461 ±(99.9%) 102.545 ns/op
# Warmup Iteration   4: 543.603 ±(99.9%) 113.337 ns/op
# Warmup Iteration   5: 466.995 ±(99.9%) 121.427 ns/op
# Warmup Iteration   6: 461.649 ±(99.9%) 118.025 ns/op
# Warmup Iteration   7: 451.828 ±(99.9%) 73.472 ns/op
# Warmup Iteration   8: 457.466 ±(99.9%) 64.536 ns/op
# Warmup Iteration   9: 457.105 ±(99.9%) 107.535 ns/op
# Warmup Iteration  10: 441.099 ±(99.9%) 79.917 ns/op
Iteration   1: 424.394 ±(99.9%) 101.420 ns/op
Iteration   2: 410.839 ±(99.9%) 88.628 ns/op
Iteration   3: 419.359 ±(99.9%) 95.485 ns/op
Iteration   4: 396.920 ±(99.9%) 56.705 ns/op
Iteration   5: 428.706 ±(99.9%) 91.604 ns/op
Iteration   6: 445.531 ±(99.9%) 113.065 ns/op
Iteration   7: 429.331 ±(99.9%) 110.207 ns/op
Iteration   8: 425.440 ±(99.9%) 95.911 ns/op
Iteration   9: 428.662 ±(99.9%) 99.608 ns/op
Iteration  10: cRSS-pRSS:[2882, 2882]
;used-memory:[0]
ARENATELE blockSize=262144 maxBlocks=8 cap=8192 maxObjects=16384 debug=false arenaHeap=798205399 arenaDirect=0 delegateHeap=814809684 delegateDirect=0 arenaShare=49.49% blocksHeap=256 blocksDirect=32 pinned=251 reusable=0 maxPinnedHeap=256 maxPinnedDirect=0 blockReuses=2766273 blockGrowths=224 hooks=25201300 hookRejections=0 violations=0 earlyReuses=0 reallocInPlace=3049 reallocMoved=0 reallocDelegated=0 trims=0 trimmedBlocks=0 leakedBlocks=0 objects=81760 bytesHeap=4072446142552 bytesDirect=0 liveHeap=1732 liveDirect=0
ARENALOOP thread=io.github.neoionet.netty.microbenchmark.ByteBufAllocatorAllocPatternBenchmark.heapAllocation-1-1 arenaHeap=20463785 arenaDirect=0 delegateHeap=20889776 delegateDirect=0 arenaShare=49.48% blocksHeap=8 blocksDirect=1 pinned=7 reusable=0 maxPinnedHeap=8 maxPinnedDirect=0 blockReuses=70919 blockGrowths=7 hooks=646085 hookRejections=0 violations=0 earlyReuses=0 reallocInPlace=78 reallocMoved=0 reallocDelegated=0 trims=0 trimmedBlocks=0 leakedBlocks=0 objects=2555 bytesHeap=104406045224 bytesDirect=0 liveHeap=1720 liveDirect=0
ARENALOOP thread=io.github.neoionet.netty.microbenchmark.ByteBufAllocatorAllocPatternBenchmark.heapAllocation-1-24 arenaHeap=31902811 arenaDirect=0 delegateHeap=32563425 delegateDirect=0 arenaShare=49.49% blocksHeap=8 blocksDirect=1 pinned=8 reusable=0 maxPinnedHeap=8 maxPinnedDirect=0 blockReuses=110560 blockGrowths=7 hooks=1007220 hookRejections=0 violations=0 earlyReuses=0 reallocInPlace=121 reallocMoved=0 reallocDelegated=0 trims=0 trimmedBlocks=0 leakedBlocks=0 objects=2555 bytesHeap=162762123792 bytesDirect=0 liveHeap=0 liveDirect=0
ARENALOOP thread=io.github.neoionet.netty.microbenchmark.ByteBufAllocatorAllocPatternBenchmark.heapAllocation-1-2 arenaHeap=25661885 arenaDirect=0 delegateHeap=26194577 delegateDirect=0 arenaShare=49.49% blocksHeap=8 blocksDirect=1 pinned=8 reusable=0 maxPinnedHeap=8 maxPinnedDirect=0 blockReuses=88932 blockGrowths=7 hooks=810193 hookRejections=0 violations=0 earlyReuses=0 reallocInPlace=97 reallocMoved=0 reallocDelegated=0 trims=0 trimmedBlocks=0 leakedBlocks=0 objects=2555 bytesHeap=130926981824 bytesDirect=0 liveHeap=0 liveDirect=0
ARENALOOP thread=io.github.neoionet.netty.microbenchmark.ByteBufAllocatorAllocPatternBenchmark.heapAllocation-1-23 arenaHeap=28157305 arenaDirect=0 delegateHeap=28743905 delegateDirect=0 arenaShare=49.48% blocksHeap=8 blocksDirect=1 pinned=8 reusable=0 maxPinnedHeap=8 maxPinnedDirect=0 blockReuses=97586 blockGrowths=7 hooks=889017 hookRejections=0 violations=0 earlyReuses=0 reallocInPlace=108 reallocMoved=0 reallocDelegated=0 trims=0 trimmedBlocks=0 leakedBlocks=0 objects=2555 bytesHeap=143666682008 bytesDirect=0 liveHeap=0 liveDirect=0
ARENALOOP thread=io.github.neoionet.netty.microbenchmark.ByteBufAllocatorAllocPatternBenchmark.heapAllocation-1-12 arenaHeap=26616050 arenaDirect=0 delegateHeap=27168391 delegateDirect=0 arenaShare=49.49% blocksHeap=8 blocksDirect=1 pinned=8 reusable=0 maxPinnedHeap=8 maxPinnedDirect=0 blockReuses=92239 blockGrowths=7 hooks=840317 hookRejections=0 violations=0 earlyReuses=0 reallocInPlace=102 reallocMoved=0 reallocDelegated=0 trims=0 trimmedBlocks=0 leakedBlocks=0 objects=2555 bytesHeap=135788687800 bytesDirect=0 liveHeap=0 liveDirect=0
ARENALOOP thread=io.github.neoionet.netty.microbenchmark.ByteBufAllocatorAllocPatternBenchmark.heapAllocation-1-25 arenaHeap=24392489 arenaDirect=0 delegateHeap=24899701 delegateDirect=0 arenaShare=49.49% blocksHeap=8 blocksDirect=1 pinned=8 reusable=0 maxPinnedHeap=8 maxPinnedDirect=0 blockReuses=84534 blockGrowths=7 hooks=770126 hookRejections=0 violations=0 earlyReuses=0 reallocInPlace=94 reallocMoved=0 reallocDelegated=0 trims=0 trimmedBlocks=0 leakedBlocks=0 objects=2555 bytesHeap=124448715768 bytesDirect=0 liveHeap=0 liveDirect=0
ARENALOOP thread=io.github.neoionet.netty.microbenchmark.ByteBufAllocatorAllocPatternBenchmark.heapAllocation-1-11 arenaHeap=24623714 arenaDirect=0 delegateHeap=25135477 delegateDirect=0 arenaShare=49.49% blocksHeap=8 blocksDirect=1 pinned=8 reusable=0 maxPinnedHeap=8 maxPinnedDirect=0 blockReuses=85336 blockGrowths=7 hooks=777423 hookRejections=0 violations=0 earlyReuses=0 reallocInPlace=94 reallocMoved=0 reallocDelegated=0 trims=0 trimmedBlocks=0 leakedBlocks=0 objects=2555 bytesHeap=125628021576 bytesDirect=0 liveHeap=0 liveDirect=0
ARENALOOP thread=io.github.neoionet.netty.microbenchmark.ByteBufAllocatorAllocPatternBenchmark.heapAllocation-1-3 arenaHeap=24461310 arenaDirect=0 delegateHeap=24967814 delegateDirect=0 arenaShare=49.49% blocksHeap=8 blocksDirect=1 pinned=8 reusable=0 maxPinnedHeap=8 maxPinnedDirect=0 blockReuses=84769 blockGrowths=7 hooks=772266 hookRejections=0 violations=0 earlyReuses=0 reallocInPlace=94 reallocMoved=0 reallocDelegated=0 trims=0 trimmedBlocks=0 leakedBlocks=0 objects=2555 bytesHeap=124790932872 bytesDirect=0 liveHeap=0 liveDirect=0
ARENALOOP thread=io.github.neoionet.netty.microbenchmark.ByteBufAllocatorAllocPatternBenchmark.heapAllocation-1-18 arenaHeap=26954922 arenaDirect=0 delegateHeap=27513686 delegateDirect=0 arenaShare=49.49% blocksHeap=8 blocksDirect=1 pinned=8 reusable=0 maxPinnedHeap=8 maxPinnedDirect=0 blockReuses=93414 blockGrowths=7 hooks=851008 hookRejections=0 violations=0 earlyReuses=0 reallocInPlace=103 reallocMoved=0 reallocDelegated=0 trims=0 trimmedBlocks=0 leakedBlocks=0 objects=2555 bytesHeap=137511038688 bytesDirect=0 liveHeap=0 liveDirect=0
ARENALOOP thread=io.github.neoionet.netty.microbenchmark.ByteBufAllocatorAllocPatternBenchmark.heapAllocation-1-14 arenaHeap=19922204 arenaDirect=0 delegateHeap=20338406 delegateDirect=0 arenaShare=49.48% blocksHeap=8 blocksDirect=1 pinned=8 reusable=0 maxPinnedHeap=8 maxPinnedDirect=0 blockReuses=69045 blockGrowths=7 hooks=629008 hookRejections=0 violations=0 earlyReuses=0 reallocInPlace=76 reallocMoved=0 reallocDelegated=0 trims=0 trimmedBlocks=0 leakedBlocks=0 objects=2555 bytesHeap=101651707584 bytesDirect=0 liveHeap=0 liveDirect=0
ARENALOOP thread=io.github.neoionet.netty.microbenchmark.ByteBufAllocatorAllocPatternBenchmark.heapAllocation-1-10 arenaHeap=25263956 arenaDirect=0 delegateHeap=25791916 delegateDirect=0 arenaShare=49.48% blocksHeap=8 blocksDirect=1 pinned=8 reusable=0 maxPinnedHeap=8 maxPinnedDirect=0 blockReuses=87559 blockGrowths=7 hooks=797684 hookRejections=0 violations=0 earlyReuses=0 reallocInPlace=96 reallocMoved=0 reallocDelegated=0 trims=0 trimmedBlocks=0 leakedBlocks=0 objects=2555 bytesHeap=128906452632 bytesDirect=0 liveHeap=0 liveDirect=0
ARENALOOP thread=io.github.neoionet.netty.microbenchmark.ByteBufAllocatorAllocPatternBenchmark.heapAllocation-1-27 arenaHeap=24212178 arenaDirect=0 delegateHeap=24716046 delegateDirect=0 arenaShare=49.49% blocksHeap=8 blocksDirect=1 pinned=7 reusable=0 maxPinnedHeap=8 maxPinnedDirect=0 blockReuses=83910 blockGrowths=7 hooks=764439 hookRejections=0 violations=0 earlyReuses=0 reallocInPlace=93 reallocMoved=0 reallocDelegated=0 trims=0 trimmedBlocks=0 leakedBlocks=0 objects=2555 bytesHeap=123535792736 bytesDirect=0 liveHeap=0 liveDirect=0
ARENALOOP thread=io.github.neoionet.netty.microbenchmark.ByteBufAllocatorAllocPatternBenchmark.heapAllocation-1-30 arenaHeap=26982600 arenaDirect=0 delegateHeap=27542170 delegateDirect=0 arenaShare=49.49% blocksHeap=8 blocksDirect=1 pinned=8 reusable=0 maxPinnedHeap=8 maxPinnedDirect=0 blockReuses=93509 blockGrowths=7 hooks=851885 hookRejections=0 violations=0 earlyReuses=0 reallocInPlace=103 reallocMoved=0 reallocDelegated=0 trims=0 trimmedBlocks=0 leakedBlocks=0 objects=2555 bytesHeap=137654554872 bytesDirect=0 liveHeap=0 liveDirect=0
ARENALOOP thread=io.github.neoionet.netty.microbenchmark.ByteBufAllocatorAllocPatternBenchmark.heapAllocation-1-6 arenaHeap=22643470 arenaDirect=0 delegateHeap=23115269 delegateDirect=0 arenaShare=49.48% blocksHeap=8 blocksDirect=1 pinned=8 reusable=0 maxPinnedHeap=8 maxPinnedDirect=0 blockReuses=78474 blockGrowths=7 hooks=714916 hookRejections=0 violations=0 earlyReuses=0 reallocInPlace=86 reallocMoved=0 reallocDelegated=0 trims=0 trimmedBlocks=0 leakedBlocks=0 objects=2555 bytesHeap=115527852304 bytesDirect=0 liveHeap=0 liveDirect=0
ARENALOOP thread=io.github.neoionet.netty.microbenchmark.ByteBufAllocatorAllocPatternBenchmark.heapAllocation-1-22 arenaHeap=25514936 arenaDirect=0 delegateHeap=26048146 delegateDirect=0 arenaShare=49.48% blocksHeap=8 blocksDirect=1 pinned=8 reusable=0 maxPinnedHeap=8 maxPinnedDirect=0 blockReuses=88429 blockGrowths=7 hooks=805609 hookRejections=0 violations=0 earlyReuses=0 reallocInPlace=97 reallocMoved=0 reallocDelegated=0 trims=0 trimmedBlocks=0 leakedBlocks=0 objects=2555 bytesHeap=130191744272 bytesDirect=0 liveHeap=0 liveDirect=0
ARENALOOP thread=io.github.neoionet.netty.microbenchmark.ByteBufAllocatorAllocPatternBenchmark.heapAllocation-1-15 arenaHeap=24019462 arenaDirect=0 delegateHeap=24520919 delegateDirect=0 arenaShare=49.48% blocksHeap=8 blocksDirect=1 pinned=8 reusable=0 maxPinnedHeap=8 maxPinnedDirect=0 blockReuses=83245 blockGrowths=7 hooks=758379 hookRejections=0 violations=0 earlyReuses=0 reallocInPlace=92 reallocMoved=0 reallocDelegated=0 trims=0 trimmedBlocks=0 leakedBlocks=0 objects=2555 bytesHeap=122558439080 bytesDirect=0 liveHeap=0 liveDirect=0
ARENALOOP thread=io.github.neoionet.netty.microbenchmark.ByteBufAllocatorAllocPatternBenchmark.heapAllocation-1-9 arenaHeap=21053034 arenaDirect=0 delegateHeap=21492631 delegateDirect=0 arenaShare=49.48% blocksHeap=8 blocksDirect=1 pinned=8 reusable=0 maxPinnedHeap=8 maxPinnedDirect=0 blockReuses=72962 blockGrowths=7 hooks=664712 hookRejections=0 violations=0 earlyReuses=0 reallocInPlace=80 reallocMoved=0 reallocDelegated=0 trims=0 trimmedBlocks=0 leakedBlocks=0 objects=2555 bytesHeap=107417177464 bytesDirect=0 liveHeap=0 liveDirect=0
ARENALOOP thread=io.github.neoionet.netty.microbenchmark.ByteBufAllocatorAllocPatternBenchmark.heapAllocation-1-7 arenaHeap=24193424 arenaDirect=0 delegateHeap=24697306 delegateDirect=0 arenaShare=49.48% blocksHeap=8 blocksDirect=1 pinned=8 reusable=0 maxPinnedHeap=8 maxPinnedDirect=0 blockReuses=83846 blockGrowths=7 hooks=763853 hookRejections=0 violations=0 earlyReuses=0 reallocInPlace=93 reallocMoved=0 reallocDelegated=0 trims=0 trimmedBlocks=0 leakedBlocks=0 objects=2555 bytesHeap=123443449184 bytesDirect=0 liveHeap=0 liveDirect=0
ARENALOOP thread=io.github.neoionet.netty.microbenchmark.ByteBufAllocatorAllocPatternBenchmark.heapAllocation-1-29 arenaHeap=26700035 arenaDirect=0 delegateHeap=27254327 delegateDirect=0 arenaShare=49.49% blocksHeap=8 blocksDirect=1 pinned=8 reusable=0 maxPinnedHeap=8 maxPinnedDirect=0 blockReuses=92531 blockGrowths=7 hooks=842972 hookRejections=0 violations=0 earlyReuses=0 reallocInPlace=102 reallocMoved=0 reallocDelegated=0 trims=0 trimmedBlocks=0 leakedBlocks=0 objects=2555 bytesHeap=136219177600 bytesDirect=0 liveHeap=0 liveDirect=0
ARENALOOP thread=io.github.neoionet.netty.microbenchmark.ByteBufAllocatorAllocPatternBenchmark.heapAllocation-1-5 arenaHeap=24707273 arenaDirect=0 delegateHeap=25221408 delegateDirect=0 arenaShare=49.49% blocksHeap=8 blocksDirect=1 pinned=7 reusable=0 maxPinnedHeap=8 maxPinnedDirect=0 blockReuses=85627 blockGrowths=7 hooks=780071 hookRejections=0 violations=0 earlyReuses=0 reallocInPlace=94 reallocMoved=0 reallocDelegated=0 trims=0 trimmedBlocks=0 leakedBlocks=0 objects=2555 bytesHeap=126056191304 bytesDirect=0 liveHeap=0 liveDirect=0
ARENALOOP thread=io.github.neoionet.netty.microbenchmark.ByteBufAllocatorAllocPatternBenchmark.heapAllocation-1-32 arenaHeap=26486293 arenaDirect=0 delegateHeap=27036397 delegateDirect=0 arenaShare=49.49% blocksHeap=8 blocksDirect=1 pinned=8 reusable=0 maxPinnedHeap=8 maxPinnedDirect=0 blockReuses=91790 blockGrowths=7 hooks=836228 hookRejections=0 violations=0 earlyReuses=0 reallocInPlace=102 reallocMoved=0 reallocDelegated=0 trims=0 trimmedBlocks=0 leakedBlocks=0 objects=2555 bytesHeap=135127895424 bytesDirect=0 liveHeap=0 liveDirect=0
ARENALOOP thread=io.github.neoionet.netty.microbenchmark.ByteBufAllocatorAllocPatternBenchmark.heapAllocation-1-21 arenaHeap=24771623 arenaDirect=0 delegateHeap=25285398 delegateDirect=0 arenaShare=49.49% blocksHeap=8 blocksDirect=1 pinned=8 reusable=0 maxPinnedHeap=8 maxPinnedDirect=0 blockReuses=85847 blockGrowths=7 hooks=782076 hookRejections=0 violations=0 earlyReuses=0 reallocInPlace=94 reallocMoved=0 reallocDelegated=0 trims=0 trimmedBlocks=0 leakedBlocks=0 objects=2555 bytesHeap=126374444544 bytesDirect=0 liveHeap=0 liveDirect=0
ARENALOOP thread=io.github.neoionet.netty.microbenchmark.ByteBufAllocatorAllocPatternBenchmark.heapAllocation-1-31 arenaHeap=26471051 arenaDirect=0 delegateHeap=27020753 delegateDirect=0 arenaShare=49.49% blocksHeap=8 blocksDirect=1 pinned=8 reusable=0 maxPinnedHeap=8 maxPinnedDirect=0 blockReuses=91737 blockGrowths=7 hooks=835745 hookRejections=0 violations=0 earlyReuses=0 reallocInPlace=102 reallocMoved=0 reallocDelegated=0 trims=0 trimmedBlocks=0 leakedBlocks=0 objects=2555 bytesHeap=135050643144 bytesDirect=0 liveHeap=0 liveDirect=0
ARENALOOP thread=io.github.neoionet.netty.microbenchmark.ByteBufAllocatorAllocPatternBenchmark.heapAllocation-1-4 arenaHeap=21126400 arenaDirect=0 delegateHeap=21570077 delegateDirect=0 arenaShare=49.48% blocksHeap=8 blocksDirect=1 pinned=7 reusable=0 maxPinnedHeap=8 maxPinnedDirect=0 blockReuses=73221 blockGrowths=7 hooks=667068 hookRejections=0 violations=0 earlyReuses=0 reallocInPlace=80 reallocMoved=0 reallocDelegated=0 trims=0 trimmedBlocks=0 leakedBlocks=0 objects=2555 bytesHeap=107804515736 bytesDirect=0 liveHeap=0 liveDirect=0
ARENALOOP thread=io.github.neoionet.netty.microbenchmark.ByteBufAllocatorAllocPatternBenchmark.heapAllocation-1-8 arenaHeap=25204724 arenaDirect=0 delegateHeap=25729437 delegateDirect=0 arenaShare=49.48% blocksHeap=8 blocksDirect=1 pinned=8 reusable=0 maxPinnedHeap=8 maxPinnedDirect=0 blockReuses=87350 blockGrowths=7 hooks=795782 hookRejections=0 violations=0 earlyReuses=0 reallocInPlace=96 reallocMoved=0 reallocDelegated=0 trims=0 trimmedBlocks=0 leakedBlocks=0 objects=2555 bytesHeap=128594927240 bytesDirect=0 liveHeap=0 liveDirect=0
ARENALOOP thread=io.github.neoionet.netty.microbenchmark.ByteBufAllocatorAllocPatternBenchmark.heapAllocation-1-17 arenaHeap=26928811 arenaDirect=0 delegateHeap=27485937 delegateDirect=0 arenaShare=49.49% blocksHeap=8 blocksDirect=1 pinned=8 reusable=0 maxPinnedHeap=8 maxPinnedDirect=0 blockReuses=93321 blockGrowths=7 hooks=850166 hookRejections=0 violations=0 earlyReuses=0 reallocInPlace=102 reallocMoved=0 reallocDelegated=0 trims=0 trimmedBlocks=0 leakedBlocks=0 objects=2555 bytesHeap=137373428008 bytesDirect=0 liveHeap=0 liveDirect=0
ARENALOOP thread=io.github.neoionet.netty.microbenchmark.ByteBufAllocatorAllocPatternBenchmark.heapAllocation-1-19 arenaHeap=26656858 arenaDirect=0 delegateHeap=27210295 delegateDirect=0 arenaShare=49.49% blocksHeap=8 blocksDirect=1 pinned=8 reusable=0 maxPinnedHeap=8 maxPinnedDirect=0 blockReuses=92381 blockGrowths=7 hooks=841610 hookRejections=0 violations=0 earlyReuses=0 reallocInPlace=102 reallocMoved=0 reallocDelegated=0 trims=0 trimmedBlocks=0 leakedBlocks=0 objects=2555 bytesHeap=135999482352 bytesDirect=0 liveHeap=0 liveDirect=0
ARENALOOP thread=io.github.neoionet.netty.microbenchmark.ByteBufAllocatorAllocPatternBenchmark.heapAllocation-1-20 arenaHeap=27496662 arenaDirect=0 delegateHeap=28070294 delegateDirect=0 arenaShare=49.48% blocksHeap=8 blocksDirect=1 pinned=8 reusable=0 maxPinnedHeap=8 maxPinnedDirect=0 blockReuses=95297 blockGrowths=7 hooks=868169 hookRejections=0 violations=0 earlyReuses=0 reallocInPlace=105 reallocMoved=0 reallocDelegated=0 trims=0 trimmedBlocks=0 leakedBlocks=0 objects=2555 bytesHeap=140296278312 bytesDirect=0 liveHeap=0 liveDirect=0
ARENALOOP thread=io.github.neoionet.netty.microbenchmark.ByteBufAllocatorAllocPatternBenchmark.heapAllocation-1-16 arenaHeap=22293876 arenaDirect=0 delegateHeap=22757517 delegateDirect=0 arenaShare=49.49% blocksHeap=8 blocksDirect=1 pinned=8 reusable=0 maxPinnedHeap=8 maxPinnedDirect=0 blockReuses=77260 blockGrowths=7 hooks=703864 hookRejections=0 violations=0 earlyReuses=0 reallocInPlace=86 reallocMoved=0 reallocDelegated=0 trims=0 trimmedBlocks=0 leakedBlocks=0 objects=2555 bytesHeap=113741013648 bytesDirect=0 liveHeap=0 liveDirect=0
ARENALOOP thread=io.github.neoionet.netty.microbenchmark.ByteBufAllocatorAllocPatternBenchmark.heapAllocation-1-26 arenaHeap=22175548 arenaDirect=0 delegateHeap=22636017 delegateDirect=0 arenaShare=49.49% blocksHeap=8 blocksDirect=1 pinned=8 reusable=0 maxPinnedHeap=8 maxPinnedDirect=0 blockReuses=76849 blockGrowths=7 hooks=700116 hookRejections=0 violations=0 earlyReuses=0 reallocInPlace=86 reallocMoved=0 reallocDelegated=0 trims=0 trimmedBlocks=0 leakedBlocks=0 objects=2555 bytesHeap=113136485056 bytesDirect=0 liveHeap=0 liveDirect=0
ARENALOOP thread=io.github.neoionet.netty.microbenchmark.ByteBufAllocatorAllocPatternBenchmark.heapAllocation-1-13 arenaHeap=22680615 arenaDirect=0 delegateHeap=23153374 delegateDirect=0 arenaShare=49.48% blocksHeap=8 blocksDirect=1 pinned=7 reusable=0 maxPinnedHeap=8 maxPinnedDirect=0 blockReuses=78604 blockGrowths=7 hooks=716092 hookRejections=0 violations=0 earlyReuses=0 reallocInPlace=86 reallocMoved=0 reallocDelegated=0 trims=0 trimmedBlocks=0 leakedBlocks=0 objects=2555 bytesHeap=115716421256 bytesDirect=0 liveHeap=0 liveDirect=0
ARENALOOP thread=io.github.neoionet.netty.microbenchmark.ByteBufAllocatorAllocPatternBenchmark.heapAllocation-1-28 arenaHeap=27466095 arenaDirect=0 delegateHeap=28038892 delegateDirect=0 arenaShare=49.48% blocksHeap=8 blocksDirect=1 pinned=8 reusable=0 maxPinnedHeap=8 maxPinnedDirect=0 blockReuses=95190 blockGrowths=7 hooks=867201 hookRejections=0 violations=0 earlyReuses=0 reallocInPlace=105 reallocMoved=0 reallocDelegated=0 trims=0 trimmedBlocks=0 leakedBlocks=0 objects=2555 bytesHeap=140138839248 bytesDirect=0 liveHeap=0 liveDirect=0
449.486 ±(99.9%) 129.397 ns/op

# Run progress: 66.67% complete, ETA 00:05:55
# Fork: 2 of 3
# Warmup Iteration   1: 611.649 ±(99.9%) 127.516 ns/op
# Warmup Iteration   2: 564.903 ±(99.9%) 88.220 ns/op
# Warmup Iteration   3: 402.027 ±(99.9%) 90.613 ns/op
# Warmup Iteration   4: 443.655 ±(99.9%) 143.450 ns/op
# Warmup Iteration   5: 502.054 ±(99.9%) 178.011 ns/op
# Warmup Iteration   6: 426.421 ±(99.9%) 106.964 ns/op
# Warmup Iteration   7: 464.841 ±(99.9%) 175.233 ns/op
# Warmup Iteration   8: 469.462 ±(99.9%) 99.184 ns/op
# Warmup Iteration   9: 483.235 ±(99.9%) 180.443 ns/op
# Warmup Iteration  10: 433.761 ±(99.9%) 82.247 ns/op
Iteration   1: 436.979 ±(99.9%) 90.452 ns/op
Iteration   2: 468.992 ±(99.9%) 123.514 ns/op
Iteration   3: 424.045 ±(99.9%) 58.143 ns/op
Iteration   4: 428.503 ±(99.9%) 83.990 ns/op
Iteration   5: 420.640 ±(99.9%) 62.639 ns/op
Iteration   6: 484.802 ±(99.9%) 160.222 ns/op
Iteration   7: 413.179 ±(99.9%) 75.089 ns/op
Iteration   8: 415.002 ±(99.9%) 65.402 ns/op
Iteration   9: 438.316 ±(99.9%) 96.570 ns/op
Iteration  10: cRSS-pRSS:[2886, 2886]
;used-memory:[0]
ARENATELE blockSize=262144 maxBlocks=8 cap=8192 maxObjects=16384 debug=false arenaHeap=840503038 arenaDirect=0 delegateHeap=857971276 delegateDirect=0 arenaShare=49.49% blocksHeap=256 blocksDirect=32 pinned=253 reusable=0 maxPinnedHeap=256 maxPinnedDirect=0 blockReuses=2912847 blockGrowths=224 hooks=26536596 hookRejections=0 violations=0 earlyReuses=0 reallocInPlace=3212 reallocMoved=0 reallocDelegated=0 trims=0 trimmedBlocks=0 leakedBlocks=0 objects=81760 bytesHeap=4288239402056 bytesDirect=0 liveHeap=863 liveDirect=0
ARENALOOP thread=io.github.neoionet.netty.microbenchmark.ByteBufAllocatorAllocPatternBenchmark.heapAllocation-1-8 arenaHeap=26286703 arenaDirect=0 delegateHeap=26832956 delegateDirect=0 arenaShare=49.49% blocksHeap=8 blocksDirect=1 pinned=7 reusable=0 maxPinnedHeap=8 maxPinnedDirect=0 blockReuses=91099 blockGrowths=7 hooks=829930 hookRejections=0 violations=0 earlyReuses=0 reallocInPlace=101 reallocMoved=0 reallocDelegated=0 trims=0 trimmedBlocks=0 leakedBlocks=0 objects=2555 bytesHeap=134117113664 bytesDirect=0 liveHeap=854 liveDirect=0
ARENALOOP thread=io.github.neoionet.netty.microbenchmark.ByteBufAllocatorAllocPatternBenchmark.heapAllocation-1-6 arenaHeap=21349470 arenaDirect=0 delegateHeap=21795859 delegateDirect=0 arenaShare=49.48% blocksHeap=8 blocksDirect=1 pinned=7 reusable=0 maxPinnedHeap=8 maxPinnedDirect=0 blockReuses=73992 blockGrowths=7 hooks=674081 hookRejections=0 violations=0 earlyReuses=0 reallocInPlace=81 reallocMoved=0 reallocDelegated=0 trims=0 trimmedBlocks=0 leakedBlocks=0 objects=2555 bytesHeap=108936942312 bytesDirect=0 liveHeap=0 liveDirect=0
ARENALOOP thread=io.github.neoionet.netty.microbenchmark.ByteBufAllocatorAllocPatternBenchmark.heapAllocation-1-29 arenaHeap=23796087 arenaDirect=0 delegateHeap=24291434 delegateDirect=0 arenaShare=49.48% blocksHeap=8 blocksDirect=1 pinned=8 reusable=0 maxPinnedHeap=8 maxPinnedDirect=0 blockReuses=82468 blockGrowths=7 hooks=751303 hookRejections=0 violations=0 earlyReuses=0 reallocInPlace=91 reallocMoved=0 reallocDelegated=0 trims=0 trimmedBlocks=0 leakedBlocks=0 objects=2555 bytesHeap=121415754008 bytesDirect=0 liveHeap=0 liveDirect=0
ARENALOOP thread=io.github.neoionet.netty.microbenchmark.ByteBufAllocatorAllocPatternBenchmark.heapAllocation-1-11 arenaHeap=24928381 arenaDirect=0 delegateHeap=25445594 delegateDirect=0 arenaShare=49.49% blocksHeap=8 blocksDirect=1 pinned=8 reusable=0 maxPinnedHeap=8 maxPinnedDirect=0 blockReuses=86389 blockGrowths=7 hooks=787029 hookRejections=0 violations=0 earlyReuses=0 reallocInPlace=95 reallocMoved=0 reallocDelegated=0 trims=0 trimmedBlocks=0 leakedBlocks=0 objects=2555 bytesHeap=127174079680 bytesDirect=0 liveHeap=0 liveDirect=0
ARENALOOP thread=io.github.neoionet.netty.microbenchmark.ByteBufAllocatorAllocPatternBenchmark.heapAllocation-1-17 arenaHeap=26695557 arenaDirect=0 delegateHeap=27249467 delegateDirect=0 arenaShare=49.49% blocksHeap=8 blocksDirect=1 pinned=8 reusable=0 maxPinnedHeap=8 maxPinnedDirect=0 blockReuses=92515 blockGrowths=7 hooks=842827 hookRejections=0 violations=0 earlyReuses=0 reallocInPlace=102 reallocMoved=0 reallocDelegated=0 trims=0 trimmedBlocks=0 leakedBlocks=0 objects=2555 bytesHeap=136195141392 bytesDirect=0 liveHeap=0 liveDirect=0
ARENALOOP thread=io.github.neoionet.netty.microbenchmark.ByteBufAllocatorAllocPatternBenchmark.heapAllocation-1-15 arenaHeap=26259431 arenaDirect=0 delegateHeap=26805625 delegateDirect=0 arenaShare=49.49% blocksHeap=8 blocksDirect=1 pinned=8 reusable=0 maxPinnedHeap=8 maxPinnedDirect=0 blockReuses=91005 blockGrowths=7 hooks=829077 hookRejections=0 violations=0 earlyReuses=0 reallocInPlace=100 reallocMoved=0 reallocDelegated=0 trims=0 trimmedBlocks=0 leakedBlocks=0 objects=2555 bytesHeap=133981101416 bytesDirect=0 liveHeap=0 liveDirect=0
ARENALOOP thread=io.github.neoionet.netty.microbenchmark.ByteBufAllocatorAllocPatternBenchmark.heapAllocation-1-7 arenaHeap=24224602 arenaDirect=0 delegateHeap=24727965 delegateDirect=0 arenaShare=49.49% blocksHeap=8 blocksDirect=1 pinned=8 reusable=0 maxPinnedHeap=8 maxPinnedDirect=0 blockReuses=83952 blockGrowths=7 hooks=764819 hookRejections=0 violations=0 earlyReuses=0 reallocInPlace=93 reallocMoved=0 reallocDelegated=0 trims=0 trimmedBlocks=0 leakedBlocks=0 objects=2555 bytesHeap=123595508104 bytesDirect=0 liveHeap=0 liveDirect=0
ARENALOOP thread=io.github.neoionet.netty.microbenchmark.ByteBufAllocatorAllocPatternBenchmark.heapAllocation-1-19 arenaHeap=32091181 arenaDirect=0 delegateHeap=32756799 delegateDirect=0 arenaShare=49.49% blocksHeap=8 blocksDirect=1 pinned=8 reusable=0 maxPinnedHeap=8 maxPinnedDirect=0 blockReuses=111215 blockGrowths=7 hooks=1013185 hookRejections=0 violations=0 earlyReuses=0 reallocInPlace=123 reallocMoved=0 reallocDelegated=0 trims=0 trimmedBlocks=0 leakedBlocks=0 objects=2555 bytesHeap=163730264768 bytesDirect=0 liveHeap=0 liveDirect=0
ARENALOOP thread=io.github.neoionet.netty.microbenchmark.ByteBufAllocatorAllocPatternBenchmark.heapAllocation-1-31 arenaHeap=26947259 arenaDirect=0 delegateHeap=27505814 delegateDirect=0 arenaShare=49.49% blocksHeap=8 blocksDirect=1 pinned=8 reusable=0 maxPinnedHeap=8 maxPinnedDirect=0 blockReuses=93386 blockGrowths=7 hooks=850765 hookRejections=0 violations=0 earlyReuses=0 reallocInPlace=103 reallocMoved=0 reallocDelegated=0 trims=0 trimmedBlocks=0 leakedBlocks=0 objects=2555 bytesHeap=137472639648 bytesDirect=0 liveHeap=0 liveDirect=0
ARENALOOP thread=io.github.neoionet.netty.microbenchmark.ByteBufAllocatorAllocPatternBenchmark.heapAllocation-1-5 arenaHeap=29577073 arenaDirect=0 delegateHeap=30193709 delegateDirect=0 arenaShare=49.48% blocksHeap=8 blocksDirect=1 pinned=8 reusable=0 maxPinnedHeap=8 maxPinnedDirect=0 blockReuses=102507 blockGrowths=7 hooks=933854 hookRejections=0 violations=0 earlyReuses=0 reallocInPlace=113 reallocMoved=0 reallocDelegated=0 trims=0 trimmedBlocks=0 leakedBlocks=0 objects=2555 bytesHeap=150910248208 bytesDirect=0 liveHeap=0 liveDirect=0
ARENALOOP thread=io.github.neoionet.netty.microbenchmark.ByteBufAllocatorAllocPatternBenchmark.heapAllocation-1-4 arenaHeap=21746231 arenaDirect=0 delegateHeap=22199390 delegateDirect=0 arenaShare=49.48% blocksHeap=8 blocksDirect=1 pinned=8 reusable=0 maxPinnedHeap=8 maxPinnedDirect=0 blockReuses=75364 blockGrowths=7 hooks=686586 hookRejections=0 violations=0 earlyReuses=0 reallocInPlace=83 reallocMoved=0 reallocDelegated=0 trims=0 trimmedBlocks=0 leakedBlocks=0 objects=2555 bytesHeap=110956997576 bytesDirect=0 liveHeap=0 liveDirect=0
ARENALOOP thread=io.github.neoionet.netty.microbenchmark.ByteBufAllocatorAllocPatternBenchmark.heapAllocation-1-13 arenaHeap=25504059 arenaDirect=0 delegateHeap=26035714 delegateDirect=0 arenaShare=49.48% blocksHeap=8 blocksDirect=1 pinned=7 reusable=0 maxPinnedHeap=8 maxPinnedDirect=0 blockReuses=88390 blockGrowths=7 hooks=805244 hookRejections=0 violations=0 earlyReuses=0 reallocInPlace=97 reallocMoved=0 reallocDelegated=0 trims=0 trimmedBlocks=0 leakedBlocks=0 objects=2555 bytesHeap=130130168648 bytesDirect=0 liveHeap=0 liveDirect=0
ARENALOOP thread=io.github.neoionet.netty.microbenchmark.ByteBufAllocatorAllocPatternBenchmark.heapAllocation-1-14 arenaHeap=27840257 arenaDirect=0 delegateHeap=28418018 delegateDirect=0 arenaShare=49.49% blocksHeap=8 blocksDirect=1 pinned=8 reusable=0 maxPinnedHeap=8 maxPinnedDirect=0 blockReuses=96482 blockGrowths=7 hooks=878971 hookRejections=0 violations=0 earlyReuses=0 reallocInPlace=106 reallocMoved=0 reallocDelegated=0 trims=0 trimmedBlocks=0 leakedBlocks=0 objects=2555 bytesHeap=142040574112 bytesDirect=0 liveHeap=0 liveDirect=0
ARENALOOP thread=io.github.neoionet.netty.microbenchmark.ByteBufAllocatorAllocPatternBenchmark.heapAllocation-1-32 arenaHeap=23872772 arenaDirect=0 delegateHeap=24370646 delegateDirect=0 arenaShare=49.48% blocksHeap=8 blocksDirect=1 pinned=8 reusable=0 maxPinnedHeap=8 maxPinnedDirect=0 blockReuses=82736 blockGrowths=7 hooks=753739 hookRejections=0 violations=0 earlyReuses=0 reallocInPlace=92 reallocMoved=0 reallocDelegated=0 trims=0 trimmedBlocks=0 leakedBlocks=0 objects=2555 bytesHeap=121807696152 bytesDirect=0 liveHeap=0 liveDirect=0
ARENALOOP thread=io.github.neoionet.netty.microbenchmark.ByteBufAllocatorAllocPatternBenchmark.heapAllocation-1-24 arenaHeap=27385837 arenaDirect=0 delegateHeap=27957285 delegateDirect=0 arenaShare=49.48% blocksHeap=8 blocksDirect=1 pinned=8 reusable=0 maxPinnedHeap=8 maxPinnedDirect=0 blockReuses=94913 blockGrowths=7 hooks=864672 hookRejections=0 violations=0 earlyReuses=0 reallocInPlace=104 reallocMoved=0 reallocDelegated=0 trims=0 trimmedBlocks=0 leakedBlocks=0 objects=2555 bytesHeap=139729670688 bytesDirect=0 liveHeap=0 liveDirect=0
ARENALOOP thread=io.github.neoionet.netty.microbenchmark.ByteBufAllocatorAllocPatternBenchmark.heapAllocation-1-2 arenaHeap=26553754 arenaDirect=0 delegateHeap=27103642 delegateDirect=0 arenaShare=49.49% blocksHeap=8 blocksDirect=1 pinned=8 reusable=0 maxPinnedHeap=8 maxPinnedDirect=0 blockReuses=92021 blockGrowths=7 hooks=838332 hookRejections=0 violations=0 earlyReuses=0 reallocInPlace=102 reallocMoved=0 reallocDelegated=0 trims=0 trimmedBlocks=0 leakedBlocks=0 objects=2555 bytesHeap=135466880976 bytesDirect=0 liveHeap=0 liveDirect=0
ARENALOOP thread=io.github.neoionet.netty.microbenchmark.ByteBufAllocatorAllocPatternBenchmark.heapAllocation-1-12 arenaHeap=27465172 arenaDirect=0 delegateHeap=28037902 delegateDirect=0 arenaShare=49.48% blocksHeap=8 blocksDirect=1 pinned=8 reusable=0 maxPinnedHeap=8 maxPinnedDirect=0 blockReuses=95187 blockGrowths=7 hooks=867171 hookRejections=0 violations=0 earlyReuses=0 reallocInPlace=105 reallocMoved=0 reallocDelegated=0 trims=0 trimmedBlocks=0 leakedBlocks=0 objects=2555 bytesHeap=140134120080 bytesDirect=0 liveHeap=0 liveDirect=0
ARENALOOP thread=io.github.neoionet.netty.microbenchmark.ByteBufAllocatorAllocPatternBenchmark.heapAllocation-1-1 arenaHeap=24290221 arenaDirect=0 delegateHeap=24794731 delegateDirect=0 arenaShare=49.49% blocksHeap=8 blocksDirect=1 pinned=8 reusable=0 maxPinnedHeap=8 maxPinnedDirect=0 blockReuses=84179 blockGrowths=7 hooks=766888 hookRejections=0 violations=0 earlyReuses=0 reallocInPlace=94 reallocMoved=0 reallocDelegated=0 trims=0 trimmedBlocks=0 leakedBlocks=0 objects=2555 bytesHeap=123927092584 bytesDirect=0 liveHeap=0 liveDirect=0
ARENALOOP thread=io.github.neoionet.netty.microbenchmark.ByteBufAllocatorAllocPatternBenchmark.heapAllocation-1-23 arenaHeap=29292208 arenaDirect=0 delegateHeap=29898824 delegateDirect=0 arenaShare=49.49% blocksHeap=8 blocksDirect=1 pinned=8 reusable=0 maxPinnedHeap=8 maxPinnedDirect=0 blockReuses=101513 blockGrowths=7 hooks=924795 hookRejections=0 violations=0 earlyReuses=0 reallocInPlace=112 reallocMoved=0 reallocDelegated=0 trims=0 trimmedBlocks=0 leakedBlocks=0 objects=2555 bytesHeap=149436887056 bytesDirect=0 liveHeap=0 liveDirect=0
ARENALOOP thread=io.github.neoionet.netty.microbenchmark.ByteBufAllocatorAllocPatternBenchmark.heapAllocation-1-20 arenaHeap=30635831 arenaDirect=0 delegateHeap=31270833 delegateDirect=0 arenaShare=49.49% blocksHeap=8 blocksDirect=1 pinned=8 reusable=0 maxPinnedHeap=8 maxPinnedDirect=0 blockReuses=106170 blockGrowths=7 hooks=967227 hookRejections=0 violations=0 earlyReuses=0 reallocInPlace=118 reallocMoved=0 reallocDelegated=0 trims=0 trimmedBlocks=0 leakedBlocks=0 objects=2555 bytesHeap=156293972456 bytesDirect=0 liveHeap=0 liveDirect=0
ARENALOOP thread=io.github.neoionet.netty.microbenchmark.ByteBufAllocatorAllocPatternBenchmark.heapAllocation-1-9 arenaHeap=20645041 arenaDirect=0 delegateHeap=21073777 delegateDirect=0 arenaShare=49.49% blocksHeap=8 blocksDirect=1 pinned=8 reusable=0 maxPinnedHeap=8 maxPinnedDirect=0 blockReuses=71545 blockGrowths=7 hooks=651792 hookRejections=0 violations=0 earlyReuses=0 reallocInPlace=78 reallocMoved=0 reallocDelegated=0 trims=0 trimmedBlocks=0 leakedBlocks=0 objects=2555 bytesHeap=105322623600 bytesDirect=0 liveHeap=0 liveDirect=0
ARENALOOP thread=io.github.neoionet.netty.microbenchmark.ByteBufAllocatorAllocPatternBenchmark.heapAllocation-1-30 arenaHeap=27795253 arenaDirect=0 delegateHeap=28371688 delegateDirect=0 arenaShare=49.49% blocksHeap=8 blocksDirect=1 pinned=8 reusable=0 maxPinnedHeap=8 maxPinnedDirect=0 blockReuses=96325 blockGrowths=7 hooks=877544 hookRejections=0 violations=0 earlyReuses=0 reallocInPlace=106 reallocMoved=0 reallocDelegated=0 trims=0 trimmedBlocks=0 leakedBlocks=0 objects=2555 bytesHeap=141809375224 bytesDirect=0 liveHeap=0 liveDirect=0
ARENALOOP thread=io.github.neoionet.netty.microbenchmark.ByteBufAllocatorAllocPatternBenchmark.heapAllocation-1-21 arenaHeap=25124658 arenaDirect=0 delegateHeap=25645804 delegateDirect=0 arenaShare=49.49% blocksHeap=8 blocksDirect=1 pinned=8 reusable=0 maxPinnedHeap=8 maxPinnedDirect=0 blockReuses=87070 blockGrowths=7 hooks=793224 hookRejections=0 violations=0 earlyReuses=0 reallocInPlace=96 reallocMoved=0 reallocDelegated=0 trims=0 trimmedBlocks=0 leakedBlocks=0 objects=2555 bytesHeap=128177748576 bytesDirect=0 liveHeap=0 liveDirect=0
ARENALOOP thread=io.github.neoionet.netty.microbenchmark.ByteBufAllocatorAllocPatternBenchmark.heapAllocation-1-28 arenaHeap=25894010 arenaDirect=0 delegateHeap=26432446 delegateDirect=0 arenaShare=49.49% blocksHeap=8 blocksDirect=1 pinned=8 reusable=0 maxPinnedHeap=8 maxPinnedDirect=0 blockReuses=89739 blockGrowths=7 hooks=817536 hookRejections=0 violations=0 earlyReuses=0 reallocInPlace=99 reallocMoved=0 reallocDelegated=0 trims=0 trimmedBlocks=0 leakedBlocks=0 objects=2555 bytesHeap=132116737424 bytesDirect=0 liveHeap=0 liveDirect=0
ARENALOOP thread=io.github.neoionet.netty.microbenchmark.ByteBufAllocatorAllocPatternBenchmark.heapAllocation-1-22 arenaHeap=27685577 arenaDirect=0 delegateHeap=28260902 delegateDirect=0 arenaShare=49.49% blocksHeap=8 blocksDirect=1 pinned=8 reusable=0 maxPinnedHeap=8 maxPinnedDirect=0 blockReuses=95947 blockGrowths=7 hooks=874099 hookRejections=0 violations=0 earlyReuses=0 reallocInPlace=105 reallocMoved=0 reallocDelegated=0 trims=0 trimmedBlocks=0 leakedBlocks=0 objects=2555 bytesHeap=141254054080 bytesDirect=0 liveHeap=0 liveDirect=0
ARENALOOP thread=io.github.neoionet.netty.microbenchmark.ByteBufAllocatorAllocPatternBenchmark.heapAllocation-1-3 arenaHeap=30227096 arenaDirect=0 delegateHeap=30856182 delegateDirect=0 arenaShare=49.49% blocksHeap=8 blocksDirect=1 pinned=8 reusable=0 maxPinnedHeap=8 maxPinnedDirect=0 blockReuses=104758 blockGrowths=7 hooks=954362 hookRejections=0 violations=0 earlyReuses=0 reallocInPlace=116 reallocMoved=0 reallocDelegated=0 trims=0 trimmedBlocks=0 leakedBlocks=0 objects=2555 bytesHeap=154225083344 bytesDirect=0 liveHeap=0 liveDirect=0
ARENALOOP thread=io.github.neoionet.netty.microbenchmark.ByteBufAllocatorAllocPatternBenchmark.heapAllocation-1-10 arenaHeap=26147689 arenaDirect=0 delegateHeap=26692106 delegateDirect=0 arenaShare=49.48% blocksHeap=8 blocksDirect=1 pinned=8 reusable=0 maxPinnedHeap=8 maxPinnedDirect=0 blockReuses=90620 blockGrowths=7 hooks=825557 hookRejections=0 violations=0 earlyReuses=0 reallocInPlace=100 reallocMoved=0 reallocDelegated=0 trims=0 trimmedBlocks=0 leakedBlocks=0 objects=2555 bytesHeap=133410284912 bytesDirect=0 liveHeap=0 liveDirect=0
ARENALOOP thread=io.github.neoionet.netty.microbenchmark.ByteBufAllocatorAllocPatternBenchmark.heapAllocation-1-27 arenaHeap=28960189 arenaDirect=0 delegateHeap=29559381 delegateDirect=0 arenaShare=49.49% blocksHeap=8 blocksDirect=1 pinned=8 reusable=0 maxPinnedHeap=8 maxPinnedDirect=0 blockReuses=100361 blockGrowths=7 hooks=914304 hookRejections=0 violations=0 earlyReuses=0 reallocInPlace=110 reallocMoved=0 reallocDelegated=0 trims=0 trimmedBlocks=0 leakedBlocks=0 objects=2555 bytesHeap=147738701624 bytesDirect=0 liveHeap=0 liveDirect=0
ARENALOOP thread=io.github.neoionet.netty.microbenchmark.ByteBufAllocatorAllocPatternBenchmark.heapAllocation-1-16 arenaHeap=23481032 arenaDirect=0 delegateHeap=23970759 delegateDirect=0 arenaShare=49.48% blocksHeap=8 blocksDirect=1 pinned=8 reusable=0 maxPinnedHeap=8 maxPinnedDirect=0 blockReuses=81377 blockGrowths=7 hooks=741370 hookRejections=0 violations=0 earlyReuses=0 reallocInPlace=89 reallocMoved=0 reallocDelegated=0 trims=0 trimmedBlocks=0 leakedBlocks=0 objects=2555 bytesHeap=119808746088 bytesDirect=0 liveHeap=0 liveDirect=0
ARENALOOP thread=io.github.neoionet.netty.microbenchmark.ByteBufAllocatorAllocPatternBenchmark.heapAllocation-1-18 arenaHeap=31258377 arenaDirect=0 delegateHeap=31906603 delegateDirect=0 arenaShare=49.49% blocksHeap=8 blocksDirect=1 pinned=8 reusable=0 maxPinnedHeap=8 maxPinnedDirect=0 blockReuses=108329 blockGrowths=7 hooks=986888 hookRejections=0 violations=0 earlyReuses=0 reallocInPlace=120 reallocMoved=0 reallocDelegated=0 trims=0 trimmedBlocks=0 leakedBlocks=0 objects=2555 bytesHeap=159470242512 bytesDirect=0 liveHeap=0 liveDirect=0
ARENALOOP thread=io.github.neoionet.netty.microbenchmark.ByteBufAllocatorAllocPatternBenchmark.heapAllocation-1-26 arenaHeap=24909372 arenaDirect=0 delegateHeap=25426605 delegateDirect=0 arenaShare=49.49% blocksHeap=8 blocksDirect=1 pinned=8 reusable=0 maxPinnedHeap=8 maxPinnedDirect=0 blockReuses=86324 blockGrowths=7 hooks=786435 hookRejections=0 violations=0 earlyReuses=0 reallocInPlace=95 reallocMoved=0 reallocDelegated=0 trims=0 trimmedBlocks=0 leakedBlocks=0 objects=2555 bytesHeap=127080063336 bytesDirect=0 liveHeap=0 liveDirect=0
ARENALOOP thread=io.github.neoionet.netty.microbenchmark.ByteBufAllocatorAllocPatternBenchmark.heapAllocation-1-25 arenaHeap=21632658 arenaDirect=0 delegateHeap=22082816 delegateDirect=0 arenaShare=49.49% blocksHeap=8 blocksDirect=1 pinned=8 reusable=0 maxPinnedHeap=8 maxPinnedDirect=0 blockReuses=74969 blockGrowths=7 hooks=682990 hookRejections=0 violations=0 earlyReuses=0 reallocInPlace=83 reallocMoved=0 reallocDelegated=0 trims=0 trimmedBlocks=0 leakedBlocks=0 objects=2555 bytesHeap=110372887808 bytesDirect=0 liveHeap=0 liveDirect=0
471.846 ±(99.9%) 118.091 ns/op

# Run progress: 69.05% complete, ETA 00:05:29
# Fork: 3 of 3
# Warmup Iteration   1: 553.246 ±(99.9%) 80.717 ns/op
# Warmup Iteration   2: 822.630 ±(99.9%) 152.342 ns/op
# Warmup Iteration   3: 398.788 ±(99.9%) 81.648 ns/op
# Warmup Iteration   4: 420.492 ±(99.9%) 96.853 ns/op
# Warmup Iteration   5: 411.863 ±(99.9%) 97.254 ns/op
# Warmup Iteration   6: 411.743 ±(99.9%) 97.410 ns/op
# Warmup Iteration   7: 393.464 ±(99.9%) 70.075 ns/op
# Warmup Iteration   8: 510.651 ±(99.9%) 135.729 ns/op
# Warmup Iteration   9: 481.638 ±(99.9%) 109.759 ns/op
# Warmup Iteration  10: 522.544 ±(99.9%) 165.961 ns/op
Iteration   1: 464.845 ±(99.9%) 87.519 ns/op
Iteration   2: 495.450 ±(99.9%) 138.809 ns/op
Iteration   3: 496.379 ±(99.9%) 106.758 ns/op
Iteration   4: 487.512 ±(99.9%) 102.185 ns/op
Iteration   5: 452.861 ±(99.9%) 81.074 ns/op
Iteration   6: 453.458 ±(99.9%) 86.455 ns/op
Iteration   7: 526.930 ±(99.9%) 164.959 ns/op
Iteration   8: 572.786 ±(99.9%) 223.283 ns/op
Iteration   9: 458.320 ±(99.9%) 94.219 ns/op
Iteration  10: cRSS-pRSS:[2879, 2879]
;used-memory:[0]
ARENATELE blockSize=262144 maxBlocks=8 cap=8192 maxObjects=16384 debug=false arenaHeap=789389891 arenaDirect=0 delegateHeap=805827923 delegateDirect=0 arenaShare=49.48% blocksHeap=256 blocksDirect=32 pinned=253 reusable=0 maxPinnedHeap=256 maxPinnedDirect=0 blockReuses=2735748 blockGrowths=224 hooks=24923216 hookRejections=0 violations=0 earlyReuses=0 reallocInPlace=3014 reallocMoved=0 reallocDelegated=0 trims=0 trimmedBlocks=0 leakedBlocks=0 objects=81760 bytesHeap=4027579069216 bytesDirect=0 liveHeap=1325 liveDirect=0
ARENALOOP thread=io.github.neoionet.netty.microbenchmark.ByteBufAllocatorAllocPatternBenchmark.heapAllocation-1-14 arenaHeap=21995997 arenaDirect=0 delegateHeap=22455172 delegateDirect=0 arenaShare=49.48% blocksHeap=8 blocksDirect=1 pinned=8 reusable=0 maxPinnedHeap=8 maxPinnedDirect=0 blockReuses=76232 blockGrowths=7 hooks=694485 hookRejections=0 violations=0 earlyReuses=0 reallocInPlace=84 reallocMoved=0 reallocDelegated=0 trims=0 trimmedBlocks=0 leakedBlocks=0 objects=2555 bytesHeap=112232010800 bytesDirect=0 liveHeap=1325 liveDirect=0
ARENALOOP thread=io.github.neoionet.netty.microbenchmark.ByteBufAllocatorAllocPatternBenchmark.heapAllocation-1-2 arenaHeap=27250532 arenaDirect=0 delegateHeap=27816066 delegateDirect=0 arenaShare=49.49% blocksHeap=8 blocksDirect=1 pinned=8 reusable=0 maxPinnedHeap=8 maxPinnedDirect=0 blockReuses=94438 blockGrowths=7 hooks=860351 hookRejections=0 violations=0 earlyReuses=0 reallocInPlace=104 reallocMoved=0 reallocDelegated=0 trims=0 trimmedBlocks=0 leakedBlocks=0 objects=2555 bytesHeap=139025602272 bytesDirect=0 liveHeap=0 liveDirect=0
ARENALOOP thread=io.github.neoionet.netty.microbenchmark.ByteBufAllocatorAllocPatternBenchmark.heapAllocation-1-10 arenaHeap=25219124 arenaDirect=0 delegateHeap=25743880 delegateDirect=0 arenaShare=49.49% blocksHeap=8 blocksDirect=1 pinned=8 reusable=0 maxPinnedHeap=8 maxPinnedDirect=0 blockReuses=87399 blockGrowths=7 hooks=796232 hookRejections=0 violations=0 earlyReuses=0 reallocInPlace=96 reallocMoved=0 reallocDelegated=0 trims=0 trimmedBlocks=0 leakedBlocks=0 objects=2555 bytesHeap=128666729648 bytesDirect=0 liveHeap=0 liveDirect=0
ARENALOOP thread=io.github.neoionet.netty.microbenchmark.ByteBufAllocatorAllocPatternBenchmark.heapAllocation-1-19 arenaHeap=24163821 arenaDirect=0 delegateHeap=24667642 delegateDirect=0 arenaShare=49.48% blocksHeap=8 blocksDirect=1 pinned=8 reusable=0 maxPinnedHeap=8 maxPinnedDirect=0 blockReuses=83744 blockGrowths=7 hooks=762927 hookRejections=0 violations=0 earlyReuses=0 reallocInPlace=92 reallocMoved=0 reallocDelegated=0 trims=0 trimmedBlocks=0 leakedBlocks=0 objects=2555 bytesHeap=123293120416 bytesDirect=0 liveHeap=0 liveDirect=0
ARENALOOP thread=io.github.neoionet.netty.microbenchmark.ByteBufAllocatorAllocPatternBenchmark.heapAllocation-1-30 arenaHeap=21857109 arenaDirect=0 delegateHeap=22313899 delegateDirect=0 arenaShare=49.48% blocksHeap=8 blocksDirect=1 pinned=8 reusable=0 maxPinnedHeap=8 maxPinnedDirect=0 blockReuses=75751 blockGrowths=7 hooks=690108 hookRejections=0 violations=0 earlyReuses=0 reallocInPlace=84 reallocMoved=0 reallocDelegated=0 trims=0 trimmedBlocks=0 leakedBlocks=0 objects=2555 bytesHeap=111526880384 bytesDirect=0 liveHeap=0 liveDirect=0
ARENALOOP thread=io.github.neoionet.netty.microbenchmark.ByteBufAllocatorAllocPatternBenchmark.heapAllocation-1-23 arenaHeap=25638546 arenaDirect=0 delegateHeap=26171320 delegateDirect=0 arenaShare=49.49% blocksHeap=8 blocksDirect=1 pinned=8 reusable=0 maxPinnedHeap=8 maxPinnedDirect=0 blockReuses=88852 blockGrowths=7 hooks=809465 hookRejections=0 violations=0 earlyReuses=0 reallocInPlace=97 reallocMoved=0 reallocDelegated=0 trims=0 trimmedBlocks=0 leakedBlocks=0 objects=2555 bytesHeap=130809868032 bytesDirect=0 liveHeap=0 liveDirect=0
ARENALOOP thread=io.github.neoionet.netty.microbenchmark.ByteBufAllocatorAllocPatternBenchmark.heapAllocation-1-15 arenaHeap=28944174 arenaDirect=0 delegateHeap=29544083 delegateDirect=0 arenaShare=49.49% blocksHeap=8 blocksDirect=1 pinned=8 reusable=0 maxPinnedHeap=8 maxPinnedDirect=0 blockReuses=100307 blockGrowths=7 hooks=913815 hookRejections=0 violations=0 earlyReuses=0 reallocInPlace=110 reallocMoved=0 reallocDelegated=0 trims=0 trimmedBlocks=0 leakedBlocks=0 objects=2555 bytesHeap=147661403416 bytesDirect=0 liveHeap=0 liveDirect=0
ARENALOOP thread=io.github.neoionet.netty.microbenchmark.ByteBufAllocatorAllocPatternBenchmark.heapAllocation-1-32 arenaHeap=21058326 arenaDirect=0 delegateHeap=21497389 delegateDirect=0 arenaShare=49.48% blocksHeap=8 blocksDirect=1 pinned=8 reusable=0 maxPinnedHeap=8 maxPinnedDirect=0 blockReuses=72980 blockGrowths=7 hooks=664869 hookRejections=0 violations=0 earlyReuses=0 reallocInPlace=80 reallocMoved=0 reallocDelegated=0 trims=0 trimmedBlocks=0 leakedBlocks=0 objects=2555 bytesHeap=107441477064 bytesDirect=0 liveHeap=0 liveDirect=0
ARENALOOP thread=io.github.neoionet.netty.microbenchmark.ByteBufAllocatorAllocPatternBenchmark.heapAllocation-1-7 arenaHeap=24745542 arenaDirect=0 delegateHeap=25260198 delegateDirect=0 arenaShare=49.49% blocksHeap=8 blocksDirect=1 pinned=8 reusable=0 maxPinnedHeap=8 maxPinnedDirect=0 blockReuses=85759 blockGrowths=7 hooks=781275 hookRejections=0 violations=0 earlyReuses=0 reallocInPlace=94 reallocMoved=0 reallocDelegated=0 trims=0 trimmedBlocks=0 leakedBlocks=0 objects=2555 bytesHeap=126247971680 bytesDirect=0 liveHeap=0 liveDirect=0
ARENALOOP thread=io.github.neoionet.netty.microbenchmark.ByteBufAllocatorAllocPatternBenchmark.heapAllocation-1-20 arenaHeap=24958420 arenaDirect=0 delegateHeap=25476931 delegateDirect=0 arenaShare=49.49% blocksHeap=8 blocksDirect=1 pinned=8 reusable=0 maxPinnedHeap=8 maxPinnedDirect=0 blockReuses=86495 blockGrowths=7 hooks=787988 hookRejections=0 violations=0 earlyReuses=0 reallocInPlace=95 reallocMoved=0 reallocDelegated=0 trims=0 trimmedBlocks=0 leakedBlocks=0 objects=2555 bytesHeap=127330512488 bytesDirect=0 liveHeap=0 liveDirect=0
ARENALOOP thread=io.github.neoionet.netty.microbenchmark.ByteBufAllocatorAllocPatternBenchmark.heapAllocation-1-6 arenaHeap=28672618 arenaDirect=0 delegateHeap=29267128 delegateDirect=0 arenaShare=49.49% blocksHeap=8 blocksDirect=1 pinned=8 reusable=0 maxPinnedHeap=8 maxPinnedDirect=0 blockReuses=99366 blockGrowths=7 hooks=905244 hookRejections=0 violations=0 earlyReuses=0 reallocInPlace=110 reallocMoved=0 reallocDelegated=0 trims=0 trimmedBlocks=0 leakedBlocks=0 objects=2555 bytesHeap=146279282992 bytesDirect=0 liveHeap=0 liveDirect=0
ARENALOOP thread=io.github.neoionet.netty.microbenchmark.ByteBufAllocatorAllocPatternBenchmark.heapAllocation-1-27 arenaHeap=29647375 arenaDirect=0 delegateHeap=30264168 delegateDirect=0 arenaShare=49.49% blocksHeap=8 blocksDirect=1 pinned=7 reusable=0 maxPinnedHeap=8 maxPinnedDirect=0 blockReuses=102749 blockGrowths=7 hooks=936053 hookRejections=0 violations=0 earlyReuses=0 reallocInPlace=113 reallocMoved=0 reallocDelegated=0 trims=0 trimmedBlocks=0 leakedBlocks=0 objects=2555 bytesHeap=151265528336 bytesDirect=0 liveHeap=0 liveDirect=0
ARENALOOP thread=io.github.neoionet.netty.microbenchmark.ByteBufAllocatorAllocPatternBenchmark.heapAllocation-1-13 arenaHeap=24029192 arenaDirect=0 delegateHeap=24531184 delegateDirect=0 arenaShare=49.48% blocksHeap=8 blocksDirect=1 pinned=8 reusable=0 maxPinnedHeap=8 maxPinnedDirect=0 blockReuses=83280 blockGrowths=7 hooks=758691 hookRejections=0 violations=0 earlyReuses=0 reallocInPlace=92 reallocMoved=0 reallocDelegated=0 trims=0 trimmedBlocks=0 leakedBlocks=0 objects=2555 bytesHeap=122609187512 bytesDirect=0 liveHeap=0 liveDirect=0
ARENALOOP thread=io.github.neoionet.netty.microbenchmark.ByteBufAllocatorAllocPatternBenchmark.heapAllocation-1-31 arenaHeap=24004912 arenaDirect=0 delegateHeap=24506094 delegateDirect=0 arenaShare=49.48% blocksHeap=8 blocksDirect=1 pinned=8 reusable=0 maxPinnedHeap=8 maxPinnedDirect=0 blockReuses=83195 blockGrowths=7 hooks=757920 hookRejections=0 violations=0 earlyReuses=0 reallocInPlace=92 reallocMoved=0 reallocDelegated=0 trims=0 trimmedBlocks=0 leakedBlocks=0 objects=2555 bytesHeap=122484295696 bytesDirect=0 liveHeap=0 liveDirect=0
ARENALOOP thread=io.github.neoionet.netty.microbenchmark.ByteBufAllocatorAllocPatternBenchmark.heapAllocation-1-25 arenaHeap=21592035 arenaDirect=0 delegateHeap=22040629 delegateDirect=0 arenaShare=49.49% blocksHeap=8 blocksDirect=1 pinned=8 reusable=0 maxPinnedHeap=8 maxPinnedDirect=0 blockReuses=74827 blockGrowths=7 hooks=681696 hookRejections=0 violations=0 earlyReuses=0 reallocInPlace=82 reallocMoved=0 reallocDelegated=0 trims=0 trimmedBlocks=0 leakedBlocks=0 objects=2555 bytesHeap=110162921432 bytesDirect=0 liveHeap=0 liveDirect=0
ARENALOOP thread=io.github.neoionet.netty.microbenchmark.ByteBufAllocatorAllocPatternBenchmark.heapAllocation-1-3 arenaHeap=26140750 arenaDirect=0 delegateHeap=26685490 delegateDirect=0 arenaShare=49.48% blocksHeap=8 blocksDirect=1 pinned=8 reusable=0 maxPinnedHeap=8 maxPinnedDirect=0 blockReuses=90596 blockGrowths=7 hooks=825346 hookRejections=0 violations=0 earlyReuses=0 reallocInPlace=100 reallocMoved=0 reallocDelegated=0 trims=0 trimmedBlocks=0 leakedBlocks=0 objects=2555 bytesHeap=133377156040 bytesDirect=0 liveHeap=0 liveDirect=0
ARENALOOP thread=io.github.neoionet.netty.microbenchmark.ByteBufAllocatorAllocPatternBenchmark.heapAllocation-1-12 arenaHeap=26583138 arenaDirect=0 delegateHeap=27134683 delegateDirect=0 arenaShare=49.49% blocksHeap=8 blocksDirect=1 pinned=8 reusable=0 maxPinnedHeap=8 maxPinnedDirect=0 blockReuses=92125 blockGrowths=7 hooks=839276 hookRejections=0 violations=0 earlyReuses=0 reallocInPlace=102 reallocMoved=0 reallocDelegated=0 trims=0 trimmedBlocks=0 leakedBlocks=0 objects=2555 bytesHeap=135620948848 bytesDirect=0 liveHeap=0 liveDirect=0
ARENALOOP thread=io.github.neoionet.netty.microbenchmark.ByteBufAllocatorAllocPatternBenchmark.heapAllocation-1-9 arenaHeap=21685784 arenaDirect=0 delegateHeap=22137614 delegateDirect=0 arenaShare=49.48% blocksHeap=8 blocksDirect=1 pinned=8 reusable=0 maxPinnedHeap=8 maxPinnedDirect=0 blockReuses=75154 blockGrowths=7 hooks=684676 hookRejections=0 violations=0 earlyReuses=0 reallocInPlace=83 reallocMoved=0 reallocDelegated=0 trims=0 trimmedBlocks=0 leakedBlocks=0 objects=2555 bytesHeap=110647979072 bytesDirect=0 liveHeap=0 liveDirect=0
ARENALOOP thread=io.github.neoionet.netty.microbenchmark.ByteBufAllocatorAllocPatternBenchmark.heapAllocation-1-4 arenaHeap=28235465 arenaDirect=0 delegateHeap=28822677 delegateDirect=0 arenaShare=49.49% blocksHeap=8 blocksDirect=1 pinned=7 reusable=0 maxPinnedHeap=8 maxPinnedDirect=0 blockReuses=97856 blockGrowths=7 hooks=891469 hookRejections=0 violations=0 earlyReuses=0 reallocInPlace=108 reallocMoved=0 reallocDelegated=0 trims=0 trimmedBlocks=0 leakedBlocks=0 objects=2555 bytesHeap=144060815728 bytesDirect=0 liveHeap=0 liveDirect=0
ARENALOOP thread=io.github.neoionet.netty.microbenchmark.ByteBufAllocatorAllocPatternBenchmark.heapAllocation-1-11 arenaHeap=17258848 arenaDirect=0 delegateHeap=17620404 delegateDirect=0 arenaShare=49.48% blocksHeap=8 blocksDirect=1 pinned=8 reusable=0 maxPinnedHeap=8 maxPinnedDirect=0 blockReuses=59814 blockGrowths=7 hooks=544924 hookRejections=0 violations=0 earlyReuses=0 reallocInPlace=65 reallocMoved=0 reallocDelegated=0 trims=0 trimmedBlocks=0 leakedBlocks=0 objects=2555 bytesHeap=88066939168 bytesDirect=0 liveHeap=0 liveDirect=0
ARENALOOP thread=io.github.neoionet.netty.microbenchmark.ByteBufAllocatorAllocPatternBenchmark.heapAllocation-1-21 arenaHeap=22198998 arenaDirect=0 delegateHeap=22660778 delegateDirect=0 arenaShare=49.49% blocksHeap=8 blocksDirect=1 pinned=8 reusable=0 maxPinnedHeap=8 maxPinnedDirect=0 blockReuses=76932 blockGrowths=7 hooks=700870 hookRejections=0 violations=0 earlyReuses=0 reallocInPlace=86 reallocMoved=0 reallocDelegated=0 trims=0 trimmedBlocks=0 leakedBlocks=0 objects=2555 bytesHeap=113259480056 bytesDirect=0 liveHeap=0 liveDirect=0
ARENALOOP thread=io.github.neoionet.netty.microbenchmark.ByteBufAllocatorAllocPatternBenchmark.heapAllocation-1-22 arenaHeap=23422734 arenaDirect=0 delegateHeap=23911545 delegateDirect=0 arenaShare=49.48% blocksHeap=8 blocksDirect=1 pinned=8 reusable=0 maxPinnedHeap=8 maxPinnedDirect=0 blockReuses=81176 blockGrowths=7 hooks=739534 hookRejections=0 violations=0 earlyReuses=0 reallocInPlace=89 reallocMoved=0 reallocDelegated=0 trims=0 trimmedBlocks=0 leakedBlocks=0 objects=2555 bytesHeap=119512725016 bytesDirect=0 liveHeap=0 liveDirect=0
ARENALOOP thread=io.github.neoionet.netty.microbenchmark.ByteBufAllocatorAllocPatternBenchmark.heapAllocation-1-17 arenaHeap=27433611 arenaDirect=0 delegateHeap=28006247 delegateDirect=0 arenaShare=49.48% blocksHeap=8 blocksDirect=1 pinned=8 reusable=0 maxPinnedHeap=8 maxPinnedDirect=0 blockReuses=95078 blockGrowths=7 hooks=866183 hookRejections=0 violations=0 earlyReuses=0 reallocInPlace=105 reallocMoved=0 reallocDelegated=0 trims=0 trimmedBlocks=0 leakedBlocks=0 objects=2555 bytesHeap=139975943008 bytesDirect=0 liveHeap=0 liveDirect=0
ARENALOOP thread=io.github.neoionet.netty.microbenchmark.ByteBufAllocatorAllocPatternBenchmark.heapAllocation-1-5 arenaHeap=25436275 arenaDirect=0 delegateHeap=25968368 delegateDirect=0 arenaShare=49.48% blocksHeap=8 blocksDirect=1 pinned=7 reusable=0 maxPinnedHeap=8 maxPinnedDirect=0 blockReuses=88158 blockGrowths=7 hooks=803133 hookRejections=0 violations=0 earlyReuses=0 reallocInPlace=97 reallocMoved=0 reallocDelegated=0 trims=0 trimmedBlocks=0 leakedBlocks=0 objects=2555 bytesHeap=129788963712 bytesDirect=0 liveHeap=0 liveDirect=0
ARENALOOP thread=io.github.neoionet.netty.microbenchmark.ByteBufAllocatorAllocPatternBenchmark.heapAllocation-1-28 arenaHeap=19960064 arenaDirect=0 delegateHeap=20376317 delegateDirect=0 arenaShare=49.48% blocksHeap=8 blocksDirect=1 pinned=8 reusable=0 maxPinnedHeap=8 maxPinnedDirect=0 blockReuses=69174 blockGrowths=7 hooks=630191 hookRejections=0 violations=0 earlyReuses=0 reallocInPlace=76 reallocMoved=0 reallocDelegated=0 trims=0 trimmedBlocks=0 leakedBlocks=0 objects=2555 bytesHeap=101842341264 bytesDirect=0 liveHeap=0 liveDirect=0
ARENALOOP thread=io.github.neoionet.netty.microbenchmark.ByteBufAllocatorAllocPatternBenchmark.heapAllocation-1-29 arenaHeap=25414910 arenaDirect=0 delegateHeap=25945106 delegateDirect=0 arenaShare=49.48% blocksHeap=8 blocksDirect=1 pinned=8 reusable=0 maxPinnedHeap=8 maxPinnedDirect=0 blockReuses=88082 blockGrowths=7 hooks=802436 hookRejections=0 violations=0 earlyReuses=0 reallocInPlace=97 reallocMoved=0 reallocDelegated=0 trims=0 trimmedBlocks=0 leakedBlocks=0 objects=2555 bytesHeap=129673819568 bytesDirect=0 liveHeap=0 liveDirect=0
ARENALOOP thread=io.github.neoionet.netty.microbenchmark.ByteBufAllocatorAllocPatternBenchmark.heapAllocation-1-16 arenaHeap=22516977 arenaDirect=0 delegateHeap=22985062 delegateDirect=0 arenaShare=49.49% blocksHeap=8 blocksDirect=1 pinned=8 reusable=0 maxPinnedHeap=8 maxPinnedDirect=0 blockReuses=78033 blockGrowths=7 hooks=710905 hookRejections=0 violations=0 earlyReuses=0 reallocInPlace=86 reallocMoved=0 reallocDelegated=0 trims=0 trimmedBlocks=0 leakedBlocks=0 objects=2555 bytesHeap=114879227928 bytesDirect=0 liveHeap=0 liveDirect=0
ARENALOOP thread=io.github.neoionet.netty.microbenchmark.ByteBufAllocatorAllocPatternBenchmark.heapAllocation-1-24 arenaHeap=26053373 arenaDirect=0 delegateHeap=26595833 delegateDirect=0 arenaShare=49.48% blocksHeap=8 blocksDirect=1 pinned=8 reusable=0 maxPinnedHeap=8 maxPinnedDirect=0 blockReuses=90293 blockGrowths=7 hooks=822579 hookRejections=0 violations=0 earlyReuses=0 reallocInPlace=100 reallocMoved=0 reallocDelegated=0 trims=0 trimmedBlocks=0 leakedBlocks=0 objects=2555 bytesHeap=132930926672 bytesDirect=0 liveHeap=0 liveDirect=0
ARENALOOP thread=io.github.neoionet.netty.microbenchmark.ByteBufAllocatorAllocPatternBenchmark.heapAllocation-1-1 arenaHeap=24591908 arenaDirect=0 delegateHeap=25102137 delegateDirect=0 arenaShare=49.49% blocksHeap=8 blocksDirect=1 pinned=8 reusable=0 maxPinnedHeap=8 maxPinnedDirect=0 blockReuses=85224 blockGrowths=7 hooks=776405 hookRejections=0 violations=0 earlyReuses=0 reallocInPlace=94 reallocMoved=0 reallocDelegated=0 trims=0 trimmedBlocks=0 leakedBlocks=0 objects=2555 bytesHeap=125461822296 bytesDirect=0 liveHeap=0 liveDirect=0
ARENALOOP thread=io.github.neoionet.netty.microbenchmark.ByteBufAllocatorAllocPatternBenchmark.heapAllocation-1-18 arenaHeap=27315960 arenaDirect=0 delegateHeap=27884052 delegateDirect=0 arenaShare=49.49% blocksHeap=8 blocksDirect=1 pinned=8 reusable=0 maxPinnedHeap=8 maxPinnedDirect=0 blockReuses=94667 blockGrowths=7 hooks=862436 hookRejections=0 violations=0 earlyReuses=0 reallocInPlace=104 reallocMoved=0 reallocDelegated=0 trims=0 trimmedBlocks=0 leakedBlocks=0 objects=2555 bytesHeap=139365562944 bytesDirect=0 liveHeap=0 liveDirect=0
ARENALOOP thread=io.github.neoionet.netty.microbenchmark.ByteBufAllocatorAllocPatternBenchmark.heapAllocation-1-8 arenaHeap=23935198 arenaDirect=0 delegateHeap=24435110 delegateDirect=0 arenaShare=49.48% blocksHeap=8 blocksDirect=1 pinned=8 reusable=0 maxPinnedHeap=8 maxPinnedDirect=0 blockReuses=82953 blockGrowths=7 hooks=755722 hookRejections=0 violations=0 earlyReuses=0 reallocInPlace=92 reallocMoved=0 reallocDelegated=0 trims=0 trimmedBlocks=0 leakedBlocks=0 objects=2555 bytesHeap=122129582248 bytesDirect=0 liveHeap=0 liveDirect=0
ARENALOOP thread=io.github.neoionet.netty.microbenchmark.ByteBufAllocatorAllocPatternBenchmark.heapAllocation-1-26 arenaHeap=27428175 arenaDirect=0 delegateHeap=28000717 delegateDirect=0 arenaShare=49.48% blocksHeap=8 blocksDirect=1 pinned=8 reusable=0 maxPinnedHeap=8 maxPinnedDirect=0 blockReuses=95059 blockGrowths=7 hooks=866012 hookRejections=0 violations=0 earlyReuses=0 reallocInPlace=105 reallocMoved=0 reallocDelegated=0 trims=0 trimmedBlocks=0 leakedBlocks=0 objects=2555 bytesHeap=139948043480 bytesDirect=0 liveHeap=0 liveDirect=0
462.499 ±(99.9%) 64.309 ns/op


Result "io.github.neoionet.netty.microbenchmark.ByteBufAllocatorAllocPatternBenchmark.heapAllocation":
  451.067 ±(99.9%) 25.392 ns/op [Average]
  (min, avg, max) = (396.920, 451.067, 572.786), stdev = 38.006
  CI (99.9%): [425.675, 476.459] (assumes normal distribution)


# JMH version: 1.37
# VM version: JDK 21, Java HotSpot(TM) 64-Bit Server VM, 21+35-LTS-2513
# VM invoker: /home/forked_franz/.sdkman/candidates/java/21-oracle/bin/java
# VM options: -server -dsa -da -XX:InitialRAMPercentage=40.0 -XX:MaxRAMPercentage=40.0 -Dio.netty.leakDetection.level=disabled -Djmh.executor=CUSTOM -Djmh.executor.class=io.github.neoionet.netty.microbenchmark.executor.FastThreadLocalThreadHarnessExecutor -XX:MaxRAM=60g -Dexpt.hookEvery=64
# Blackhole mode: compiler (auto-detected, use -Djmh.blackhole.autoDetect=false to disable)
# Warmup: 10 iterations, 1 s each
# Measurement: 10 iterations, 1 s each
# Timeout: 10 min per iteration
# Threads: 32 threads, will synchronize iterations
# Benchmark mode: Average time, time/op
# Benchmark: io.github.neoionet.netty.microbenchmark.ByteBufAllocatorAllocPatternBenchmark.heapAllocation
# Parameters: (MAX_LIVE_BUFFERS = 8192, allocatorType = ARENA, enableReadWrite = true, sizePattern = E_COMMERCE)

# Run progress: 71.43% complete, ETA 00:05:04
# Fork: 1 of 3
# Warmup Iteration   1: 845.589 ±(99.9%) 120.788 ns/op
# Warmup Iteration   2: 955.291 ±(99.9%) 247.722 ns/op
# Warmup Iteration   3: 581.754 ±(99.9%) 146.040 ns/op
# Warmup Iteration   4: 567.471 ±(99.9%) 107.265 ns/op
# Warmup Iteration   5: 603.767 ±(99.9%) 135.642 ns/op
# Warmup Iteration   6: 583.560 ±(99.9%) 135.908 ns/op
# Warmup Iteration   7: 593.507 ±(99.9%) 161.920 ns/op
# Warmup Iteration   8: 536.934 ±(99.9%) 76.804 ns/op
# Warmup Iteration   9: 580.532 ±(99.9%) 135.353 ns/op
# Warmup Iteration  10: 572.114 ±(99.9%) 140.917 ns/op
Iteration   1: 565.263 ±(99.9%) 118.784 ns/op
Iteration   2: 596.839 ±(99.9%) 153.494 ns/op
Iteration   3: 560.972 ±(99.9%) 109.092 ns/op
Iteration   4: 643.946 ±(99.9%) 242.520 ns/op
Iteration   5: 631.191 ±(99.9%) 234.011 ns/op
Iteration   6: 571.093 ±(99.9%) 135.956 ns/op
Iteration   7: 562.403 ±(99.9%) 114.319 ns/op
Iteration   8: 584.506 ±(99.9%) 147.633 ns/op
Iteration   9: 623.545 ±(99.9%) 199.921 ns/op
Iteration  10: cRSS-pRSS:[3606, 3606]
;used-memory:[0]
ARENATELE blockSize=262144 maxBlocks=8 cap=8192 maxObjects=16384 debug=false arenaHeap=341690660 arenaDirect=0 delegateHeap=956461605 delegateDirect=0 arenaShare=26.32% blocksHeap=256 blocksDirect=32 pinned=254 reusable=0 maxPinnedHeap=256 maxPinnedDirect=0 blockReuses=1158134 blockGrowths=224 hooks=20279518 hookRejections=0 violations=0 earlyReuses=0 reallocInPlace=1536 reallocMoved=0 reallocDelegated=0 trims=0 trimmedBlocks=0 leakedBlocks=0 objects=87264 bytesHeap=4257024222576 bytesDirect=0 liveHeap=1280 liveDirect=0
ARENALOOP thread=io.github.neoionet.netty.microbenchmark.ByteBufAllocatorAllocPatternBenchmark.heapAllocation-1-17 arenaHeap=11429329 arenaDirect=0 delegateHeap=31988033 delegateDirect=0 arenaShare=26.32% blocksHeap=8 blocksDirect=1 pinned=8 reusable=0 maxPinnedHeap=8 maxPinnedDirect=0 blockReuses=38735 blockGrowths=7 hooks=678268 hookRejections=0 violations=0 earlyReuses=0 reallocInPlace=52 reallocMoved=0 reallocDelegated=0 trims=0 trimmedBlocks=0 leakedBlocks=0 objects=2727 bytesHeap=142378635248 bytesDirect=0 liveHeap=1280 liveDirect=0
ARENALOOP thread=io.github.neoionet.netty.microbenchmark.ByteBufAllocatorAllocPatternBenchmark.heapAllocation-1-16 arenaHeap=9107656 arenaDirect=0 delegateHeap=25502732 delegateDirect=0 arenaShare=26.31% blocksHeap=8 blocksDirect=1 pinned=8 reusable=0 maxPinnedHeap=8 maxPinnedDirect=0 blockReuses=30874 blockGrowths=7 hooks=540659 hookRejections=0 violations=0 earlyReuses=0 reallocInPlace=42 reallocMoved=0 reallocDelegated=0 trims=0 trimmedBlocks=0 leakedBlocks=0 objects=2727 bytesHeap=113503568616 bytesDirect=0 liveHeap=0 liveDirect=0
ARENALOOP thread=io.github.neoionet.netty.microbenchmark.ByteBufAllocatorAllocPatternBenchmark.heapAllocation-1-6 arenaHeap=9366406 arenaDirect=0 delegateHeap=26218500 delegateDirect=0 arenaShare=26.32% blocksHeap=8 blocksDirect=1 pinned=8 reusable=0 maxPinnedHeap=8 maxPinnedDirect=0 blockReuses=31744 blockGrowths=7 hooks=555886 hookRejections=0 violations=0 earlyReuses=0 reallocInPlace=42 reallocMoved=0 reallocDelegated=0 trims=0 trimmedBlocks=0 leakedBlocks=0 objects=2727 bytesHeap=116691990984 bytesDirect=0 liveHeap=0 liveDirect=0
ARENALOOP thread=io.github.neoionet.netty.microbenchmark.ByteBufAllocatorAllocPatternBenchmark.heapAllocation-1-29 arenaHeap=11732953 arenaDirect=0 delegateHeap=32837905 delegateDirect=0 arenaShare=26.32% blocksHeap=8 blocksDirect=1 pinned=8 reusable=0 maxPinnedHeap=8 maxPinnedDirect=0 blockReuses=39766 blockGrowths=7 hooks=696291 hookRejections=0 violations=0 earlyReuses=0 reallocInPlace=53 reallocMoved=0 reallocDelegated=0 trims=0 trimmedBlocks=0 leakedBlocks=0 objects=2727 bytesHeap=146158252752 bytesDirect=0 liveHeap=0 liveDirect=0
ARENALOOP thread=io.github.neoionet.netty.microbenchmark.ByteBufAllocatorAllocPatternBenchmark.heapAllocation-1-11 arenaHeap=10719205 arenaDirect=0 delegateHeap=30003026 delegateDirect=0 arenaShare=26.32% blocksHeap=8 blocksDirect=1 pinned=8 reusable=0 maxPinnedHeap=8 maxPinnedDirect=0 blockReuses=36331 blockGrowths=7 hooks=636156 hookRejections=0 violations=0 earlyReuses=0 reallocInPlace=48 reallocMoved=0 reallocDelegated=0 trims=0 trimmedBlocks=0 leakedBlocks=0 objects=2727 bytesHeap=133536027088 bytesDirect=0 liveHeap=0 liveDirect=0
ARENALOOP thread=io.github.neoionet.netty.microbenchmark.ByteBufAllocatorAllocPatternBenchmark.heapAllocation-1-1 arenaHeap=10139884 arenaDirect=0 delegateHeap=28392116 delegateDirect=0 arenaShare=26.32% blocksHeap=8 blocksDirect=1 pinned=8 reusable=0 maxPinnedHeap=8 maxPinnedDirect=0 blockReuses=34375 blockGrowths=7 hooks=601934 hookRejections=0 violations=0 earlyReuses=0 reallocInPlace=46 reallocMoved=0 reallocDelegated=0 trims=0 trimmedBlocks=0 leakedBlocks=0 objects=2727 bytesHeap=126365159704 bytesDirect=0 liveHeap=0 liveDirect=0
ARENALOOP thread=io.github.neoionet.netty.microbenchmark.ByteBufAllocatorAllocPatternBenchmark.heapAllocation-1-24 arenaHeap=11696094 arenaDirect=0 delegateHeap=32734976 delegateDirect=0 arenaShare=26.32% blocksHeap=8 blocksDirect=1 pinned=8 reusable=0 maxPinnedHeap=8 maxPinnedDirect=0 blockReuses=39641 blockGrowths=7 hooks=694107 hookRejections=0 violations=0 earlyReuses=0 reallocInPlace=53 reallocMoved=0 reallocDelegated=0 trims=0 trimmedBlocks=0 leakedBlocks=0 objects=2727 bytesHeap=145700721016 bytesDirect=0 liveHeap=0 liveDirect=0
ARENALOOP thread=io.github.neoionet.netty.microbenchmark.ByteBufAllocatorAllocPatternBenchmark.heapAllocation-1-7 arenaHeap=12095892 arenaDirect=0 delegateHeap=33854794 delegateDirect=0 arenaShare=26.32% blocksHeap=8 blocksDirect=1 pinned=8 reusable=0 maxPinnedHeap=8 maxPinnedDirect=0 blockReuses=40997 blockGrowths=7 hooks=717851 hookRejections=0 violations=0 earlyReuses=0 reallocInPlace=53 reallocMoved=0 reallocDelegated=0 trims=0 trimmedBlocks=0 leakedBlocks=0 objects=2727 bytesHeap=150682958344 bytesDirect=0 liveHeap=0 liveDirect=0
ARENALOOP thread=io.github.neoionet.netty.microbenchmark.ByteBufAllocatorAllocPatternBenchmark.heapAllocation-1-30 arenaHeap=11726391 arenaDirect=0 delegateHeap=32820043 delegateDirect=0 arenaShare=26.32% blocksHeap=8 blocksDirect=1 pinned=8 reusable=0 maxPinnedHeap=8 maxPinnedDirect=0 blockReuses=39743 blockGrowths=7 hooks=695910 hookRejections=0 violations=0 earlyReuses=0 reallocInPlace=53 reallocMoved=0 reallocDelegated=0 trims=0 trimmedBlocks=0 leakedBlocks=0 objects=2727 bytesHeap=146077930192 bytesDirect=0 liveHeap=0 liveDirect=0
ARENALOOP thread=io.github.neoionet.netty.microbenchmark.ByteBufAllocatorAllocPatternBenchmark.heapAllocation-1-15 arenaHeap=9981681 arenaDirect=0 delegateHeap=27947582 delegateDirect=0 arenaShare=26.32% blocksHeap=8 blocksDirect=1 pinned=8 reusable=0 maxPinnedHeap=8 maxPinnedDirect=0 blockReuses=33838 blockGrowths=7 hooks=592516 hookRejections=0 violations=0 earlyReuses=0 reallocInPlace=45 reallocMoved=0 reallocDelegated=0 trims=0 trimmedBlocks=0 leakedBlocks=0 objects=2727 bytesHeap=124386506712 bytesDirect=0 liveHeap=0 liveDirect=0
ARENALOOP thread=io.github.neoionet.netty.microbenchmark.ByteBufAllocatorAllocPatternBenchmark.heapAllocation-1-25 arenaHeap=11096009 arenaDirect=0 delegateHeap=31064810 delegateDirect=0 arenaShare=26.32% blocksHeap=8 blocksDirect=1 pinned=7 reusable=0 maxPinnedHeap=8 maxPinnedDirect=0 blockReuses=37614 blockGrowths=7 hooks=658634 hookRejections=0 violations=0 earlyReuses=0 reallocInPlace=50 reallocMoved=0 reallocDelegated=0 trims=0 trimmedBlocks=0 leakedBlocks=0 objects=2727 bytesHeap=138264471584 bytesDirect=0 liveHeap=0 liveDirect=0
ARENALOOP thread=io.github.neoionet.netty.microbenchmark.ByteBufAllocatorAllocPatternBenchmark.heapAllocation-1-3 arenaHeap=11814584 arenaDirect=0 delegateHeap=33065774 delegateDirect=0 arenaShare=26.32% blocksHeap=8 blocksDirect=1 pinned=8 reusable=0 maxPinnedHeap=8 maxPinnedDirect=0 blockReuses=40042 blockGrowths=7 hooks=701127 hookRejections=0 violations=0 earlyReuses=0 reallocInPlace=53 reallocMoved=0 reallocDelegated=0 trims=0 trimmedBlocks=0 leakedBlocks=0 objects=2727 bytesHeap=147171130224 bytesDirect=0 liveHeap=0 liveDirect=0
ARENALOOP thread=io.github.neoionet.netty.microbenchmark.ByteBufAllocatorAllocPatternBenchmark.heapAllocation-1-21 arenaHeap=10484609 arenaDirect=0 delegateHeap=29345711 delegateDirect=0 arenaShare=26.32% blocksHeap=8 blocksDirect=1 pinned=8 reusable=0 maxPinnedHeap=8 maxPinnedDirect=0 blockReuses=35533 blockGrowths=7 hooks=622220 hookRejections=0 violations=0 earlyReuses=0 reallocInPlace=48 reallocMoved=0 reallocDelegated=0 trims=0 trimmedBlocks=0 leakedBlocks=0 objects=2727 bytesHeap=130613430784 bytesDirect=0 liveHeap=0 liveDirect=0
ARENALOOP thread=io.github.neoionet.netty.microbenchmark.ByteBufAllocatorAllocPatternBenchmark.heapAllocation-1-9 arenaHeap=9372346 arenaDirect=0 delegateHeap=26235657 delegateDirect=0 arenaShare=26.32% blocksHeap=8 blocksDirect=1 pinned=8 reusable=0 maxPinnedHeap=8 maxPinnedDirect=0 blockReuses=31765 blockGrowths=7 hooks=556247 hookRejections=0 violations=0 earlyReuses=0 reallocInPlace=42 reallocMoved=0 reallocDelegated=0 trims=0 trimmedBlocks=0 leakedBlocks=0 objects=2727 bytesHeap=116768017056 bytesDirect=0 liveHeap=0 liveDirect=0
ARENALOOP thread=io.github.neoionet.netty.microbenchmark.ByteBufAllocatorAllocPatternBenchmark.heapAllocation-1-19 arenaHeap=9777978 arenaDirect=0 delegateHeap=27371501 delegateDirect=0 arenaShare=26.32% blocksHeap=8 blocksDirect=1 pinned=8 reusable=0 maxPinnedHeap=8 maxPinnedDirect=0 blockReuses=33142 blockGrowths=7 hooks=580332 hookRejections=0 violations=0 earlyReuses=0 reallocInPlace=43 reallocMoved=0 reallocDelegated=0 trims=0 trimmedBlocks=0 leakedBlocks=0 objects=2727 bytesHeap=121822014264 bytesDirect=0 liveHeap=0 liveDirect=0
ARENALOOP thread=io.github.neoionet.netty.microbenchmark.ByteBufAllocatorAllocPatternBenchmark.heapAllocation-1-12 arenaHeap=11588060 arenaDirect=0 delegateHeap=32432189 delegateDirect=0 arenaShare=26.32% blocksHeap=8 blocksDirect=1 pinned=8 reusable=0 maxPinnedHeap=8 maxPinnedDirect=0 blockReuses=39272 blockGrowths=7 hooks=687688 hookRejections=0 violations=0 earlyReuses=0 reallocInPlace=53 reallocMoved=0 reallocDelegated=0 trims=0 trimmedBlocks=0 leakedBlocks=0 objects=2727 bytesHeap=144354521496 bytesDirect=0 liveHeap=0 liveDirect=0
ARENALOOP thread=io.github.neoionet.netty.microbenchmark.ByteBufAllocatorAllocPatternBenchmark.heapAllocation-1-8 arenaHeap=9307351 arenaDirect=0 delegateHeap=26053387 delegateDirect=0 arenaShare=26.32% blocksHeap=8 blocksDirect=1 pinned=7 reusable=0 maxPinnedHeap=8 maxPinnedDirect=0 blockReuses=31545 blockGrowths=7 hooks=552383 hookRejections=0 violations=0 earlyReuses=0 reallocInPlace=42 reallocMoved=0 reallocDelegated=0 trims=0 trimmedBlocks=0 leakedBlocks=0 objects=2727 bytesHeap=115957844728 bytesDirect=0 liveHeap=0 liveDirect=0
ARENALOOP thread=io.github.neoionet.netty.microbenchmark.ByteBufAllocatorAllocPatternBenchmark.heapAllocation-1-23 arenaHeap=12142506 arenaDirect=0 delegateHeap=33986979 delegateDirect=0 arenaShare=26.32% blocksHeap=8 blocksDirect=1 pinned=8 reusable=0 maxPinnedHeap=8 maxPinnedDirect=0 blockReuses=41155 blockGrowths=7 hooks=720645 hookRejections=0 violations=0 earlyReuses=0 reallocInPlace=53 reallocMoved=0 reallocDelegated=0 trims=0 trimmedBlocks=0 leakedBlocks=0 objects=2727 bytesHeap=151272781096 bytesDirect=0 liveHeap=0 liveDirect=0
ARENALOOP thread=io.github.neoionet.netty.microbenchmark.ByteBufAllocatorAllocPatternBenchmark.heapAllocation-1-27 arenaHeap=11104561 arenaDirect=0 delegateHeap=31088198 delegateDirect=0 arenaShare=26.32% blocksHeap=8 blocksDirect=1 pinned=8 reusable=0 maxPinnedHeap=8 maxPinnedDirect=0 blockReuses=37642 blockGrowths=7 hooks=659133 hookRejections=0 violations=0 earlyReuses=0 reallocInPlace=50 reallocMoved=0 reallocDelegated=0 trims=0 trimmedBlocks=0 leakedBlocks=0 objects=2727 bytesHeap=138369097376 bytesDirect=0 liveHeap=0 liveDirect=0
ARENALOOP thread=io.github.neoionet.netty.microbenchmark.ByteBufAllocatorAllocPatternBenchmark.heapAllocation-1-2 arenaHeap=11742629 arenaDirect=0 delegateHeap=32866325 delegateDirect=0 arenaShare=26.32% blocksHeap=8 blocksDirect=1 pinned=8 reusable=0 maxPinnedHeap=8 maxPinnedDirect=0 blockReuses=39800 blockGrowths=7 hooks=696886 hookRejections=0 violations=0 earlyReuses=0 reallocInPlace=53 reallocMoved=0 reallocDelegated=0 trims=0 trimmedBlocks=0 leakedBlocks=0 objects=2727 bytesHeap=146284055648 bytesDirect=0 liveHeap=0 liveDirect=0
ARENALOOP thread=io.github.neoionet.netty.microbenchmark.ByteBufAllocatorAllocPatternBenchmark.heapAllocation-1-13 arenaHeap=8179616 arenaDirect=0 delegateHeap=22899126 delegateDirect=0 arenaShare=26.32% blocksHeap=8 blocksDirect=1 pinned=8 reusable=0 maxPinnedHeap=8 maxPinnedDirect=0 blockReuses=27723 blockGrowths=7 hooks=485477 hookRejections=0 violations=0 earlyReuses=0 reallocInPlace=37 reallocMoved=0 reallocDelegated=0 trims=0 trimmedBlocks=0 leakedBlocks=0 objects=2727 bytesHeap=101916006760 bytesDirect=0 liveHeap=0 liveDirect=0
ARENALOOP thread=io.github.neoionet.netty.microbenchmark.ByteBufAllocatorAllocPatternBenchmark.heapAllocation-1-22 arenaHeap=9538195 arenaDirect=0 delegateHeap=26701506 delegateDirect=0 arenaShare=26.32% blocksHeap=8 blocksDirect=1 pinned=8 reusable=0 maxPinnedHeap=8 maxPinnedDirect=0 blockReuses=32331 blockGrowths=7 hooks=566117 hookRejections=0 violations=0 earlyReuses=0 reallocInPlace=43 reallocMoved=0 reallocDelegated=0 trims=0 trimmedBlocks=0 leakedBlocks=0 objects=2727 bytesHeap=118838617368 bytesDirect=0 liveHeap=0 liveDirect=0
ARENALOOP thread=io.github.neoionet.netty.microbenchmark.ByteBufAllocatorAllocPatternBenchmark.heapAllocation-1-31 arenaHeap=10964224 arenaDirect=0 delegateHeap=30693749 delegateDirect=0 arenaShare=26.32% blocksHeap=8 blocksDirect=1 pinned=8 reusable=0 maxPinnedHeap=8 maxPinnedDirect=0 blockReuses=37164 blockGrowths=7 hooks=650777 hookRejections=0 violations=0 earlyReuses=0 reallocInPlace=48 reallocMoved=0 reallocDelegated=0 trims=0 trimmedBlocks=0 leakedBlocks=0 objects=2727 bytesHeap=136611041576 bytesDirect=0 liveHeap=0 liveDirect=0
ARENALOOP thread=io.github.neoionet.netty.microbenchmark.ByteBufAllocatorAllocPatternBenchmark.heapAllocation-1-26 arenaHeap=10799607 arenaDirect=0 delegateHeap=30226593 delegateDirect=0 arenaShare=26.32% blocksHeap=8 blocksDirect=1 pinned=8 reusable=0 maxPinnedHeap=8 maxPinnedDirect=0 blockReuses=36602 blockGrowths=7 hooks=640906 hookRejections=0 violations=0 earlyReuses=0 reallocInPlace=48 reallocMoved=0 reallocDelegated=0 trims=0 trimmedBlocks=0 leakedBlocks=0 objects=2727 bytesHeap=134530871536 bytesDirect=0 liveHeap=0 liveDirect=0
ARENALOOP thread=io.github.neoionet.netty.microbenchmark.ByteBufAllocatorAllocPatternBenchmark.heapAllocation-1-10 arenaHeap=10229093 arenaDirect=0 delegateHeap=28638453 delegateDirect=0 arenaShare=26.32% blocksHeap=8 blocksDirect=1 pinned=8 reusable=0 maxPinnedHeap=8 maxPinnedDirect=0 blockReuses=34674 blockGrowths=7 hooks=607177 hookRejections=0 violations=0 earlyReuses=0 reallocInPlace=47 reallocMoved=0 reallocDelegated=0 trims=0 trimmedBlocks=0 leakedBlocks=0 objects=2727 bytesHeap=127463160144 bytesDirect=0 liveHeap=0 liveDirect=0
ARENALOOP thread=io.github.neoionet.netty.microbenchmark.ByteBufAllocatorAllocPatternBenchmark.heapAllocation-1-14 arenaHeap=10286343 arenaDirect=0 delegateHeap=28792386 delegateDirect=0 arenaShare=26.32% blocksHeap=8 blocksDirect=1 pinned=8 reusable=0 maxPinnedHeap=8 maxPinnedDirect=0 blockReuses=34863 blockGrowths=7 hooks=610477 hookRejections=0 violations=0 earlyReuses=0 reallocInPlace=47 reallocMoved=0 reallocDelegated=0 trims=0 trimmedBlocks=0 leakedBlocks=0 objects=2727 bytesHeap=128149526816 bytesDirect=0 liveHeap=0 liveDirect=0
ARENALOOP thread=io.github.neoionet.netty.microbenchmark.ByteBufAllocatorAllocPatternBenchmark.heapAllocation-1-28 arenaHeap=10675645 arenaDirect=0 delegateHeap=29882735 delegateDirect=0 arenaShare=26.32% blocksHeap=8 blocksDirect=1 pinned=8 reusable=0 maxPinnedHeap=8 maxPinnedDirect=0 blockReuses=36185 blockGrowths=7 hooks=633596 hookRejections=0 violations=0 earlyReuses=0 reallocInPlace=48 reallocMoved=0 reallocDelegated=0 trims=0 trimmedBlocks=0 leakedBlocks=0 objects=2727 bytesHeap=133000702368 bytesDirect=0 liveHeap=0 liveDirect=0
ARENALOOP thread=io.github.neoionet.netty.microbenchmark.ByteBufAllocatorAllocPatternBenchmark.heapAllocation-1-20 arenaHeap=12400676 arenaDirect=0 delegateHeap=34713837 delegateDirect=0 arenaShare=26.32% blocksHeap=8 blocksDirect=1 pinned=8 reusable=0 maxPinnedHeap=8 maxPinnedDirect=0 blockReuses=42033 blockGrowths=7 hooks=736036 hookRejections=0 violations=0 earlyReuses=0 reallocInPlace=57 reallocMoved=0 reallocDelegated=0 trims=0 trimmedBlocks=0 leakedBlocks=0 objects=2727 bytesHeap=154509960728 bytesDirect=0 liveHeap=0 liveDirect=0
ARENALOOP thread=io.github.neoionet.netty.microbenchmark.ByteBufAllocatorAllocPatternBenchmark.heapAllocation-1-32 arenaHeap=10640739 arenaDirect=0 delegateHeap=29786132 delegateDirect=0 arenaShare=26.32% blocksHeap=8 blocksDirect=1 pinned=8 reusable=0 maxPinnedHeap=8 maxPinnedDirect=0 blockReuses=36067 blockGrowths=7 hooks=631541 hookRejections=0 violations=0 earlyReuses=0 reallocInPlace=48 reallocMoved=0 reallocDelegated=0 trims=0 trimmedBlocks=0 leakedBlocks=0 objects=2727 bytesHeap=132570915752 bytesDirect=0 liveHeap=0 liveDirect=0
ARENALOOP thread=io.github.neoionet.netty.microbenchmark.ByteBufAllocatorAllocPatternBenchmark.heapAllocation-1-4 arenaHeap=10832367 arenaDirect=0 delegateHeap=30320220 delegateDirect=0 arenaShare=26.32% blocksHeap=8 blocksDirect=1 pinned=8 reusable=0 maxPinnedHeap=8 maxPinnedDirect=0 blockReuses=36714 blockGrowths=7 hooks=642881 hookRejections=0 violations=0 earlyReuses=0 reallocInPlace=48 reallocMoved=0 reallocDelegated=0 trims=0 trimmedBlocks=0 leakedBlocks=0 objects=2727 bytesHeap=134947711064 bytesDirect=0 liveHeap=0 liveDirect=0
ARENALOOP thread=io.github.neoionet.netty.microbenchmark.ByteBufAllocatorAllocPatternBenchmark.heapAllocation-1-5 arenaHeap=9848007 arenaDirect=0 delegateHeap=27570967 delegateDirect=0 arenaShare=26.32% blocksHeap=8 blocksDirect=1 pinned=8 reusable=0 maxPinnedHeap=8 maxPinnedDirect=0 blockReuses=33382 blockGrowths=7 hooks=584543 hookRejections=0 violations=0 earlyReuses=0 reallocInPlace=43 reallocMoved=0 reallocDelegated=0 trims=0 trimmedBlocks=0 leakedBlocks=0 objects=2727 bytesHeap=122708444912 bytesDirect=0 liveHeap=0 liveDirect=0
ARENALOOP thread=io.github.neoionet.netty.microbenchmark.ByteBufAllocatorAllocPatternBenchmark.heapAllocation-1-18 arenaHeap=10870024 arenaDirect=0 delegateHeap=30425663 delegateDirect=0 arenaShare=26.32% blocksHeap=8 blocksDirect=1 pinned=8 reusable=0 maxPinnedHeap=8 maxPinnedDirect=0 blockReuses=36842 blockGrowths=7 hooks=645117 hookRejections=0 violations=0 earlyReuses=0 reallocInPlace=48 reallocMoved=0 reallocDelegated=0 trims=0 trimmedBlocks=0 leakedBlocks=0 objects=2727 bytesHeap=135418148640 bytesDirect=0 liveHeap=0 liveDirect=0
641.166 ±(99.9%) 211.606 ns/op

# Run progress: 73.81% complete, ETA 00:04:39
# Fork: 2 of 3
# Warmup Iteration   1: 820.931 ±(99.9%) 107.786 ns/op
# Warmup Iteration   2: 579.623 ±(99.9%) 131.881 ns/op
# Warmup Iteration   3: 586.765 ±(99.9%) 117.043 ns/op
# Warmup Iteration   4: 655.488 ±(99.9%) 185.279 ns/op
# Warmup Iteration   5: 554.031 ±(99.9%) 100.300 ns/op
# Warmup Iteration   6: 567.325 ±(99.9%) 109.657 ns/op
# Warmup Iteration   7: 568.392 ±(99.9%) 110.805 ns/op
# Warmup Iteration   8: 592.382 ±(99.9%) 133.099 ns/op
# Warmup Iteration   9: 600.259 ±(99.9%) 165.769 ns/op
# Warmup Iteration  10: 596.999 ±(99.9%) 142.353 ns/op
Iteration   1: 581.080 ±(99.9%) 135.530 ns/op
Iteration   2: 622.380 ±(99.9%) 191.271 ns/op
Iteration   3: 590.132 ±(99.9%) 134.775 ns/op
Iteration   4: 588.833 ±(99.9%) 141.876 ns/op
Iteration   5: 568.880 ±(99.9%) 91.339 ns/op
Iteration   6: 580.686 ±(99.9%) 143.561 ns/op
Iteration   7: 584.813 ±(99.9%) 146.706 ns/op
Iteration   8: 628.401 ±(99.9%) 220.727 ns/op
Iteration   9: 577.720 ±(99.9%) 133.645 ns/op
Iteration  10: cRSS-pRSS:[3618, 3618]
;used-memory:[0]
ARENATELE blockSize=262144 maxBlocks=8 cap=8192 maxObjects=16384 debug=false arenaHeap=342457119 arenaDirect=0 delegateHeap=958601189 delegateDirect=0 arenaShare=26.32% blocksHeap=256 blocksDirect=32 pinned=254 reusable=0 maxPinnedHeap=256 maxPinnedDirect=0 blockReuses=1160735 blockGrowths=224 hooks=20324922 hookRejections=0 violations=0 earlyReuses=0 reallocInPlace=1536 reallocMoved=0 reallocDelegated=0 trims=0 trimmedBlocks=0 leakedBlocks=0 objects=87264 bytesHeap=4266521759096 bytesDirect=0 liveHeap=947 liveDirect=0
ARENALOOP thread=io.github.neoionet.netty.microbenchmark.ByteBufAllocatorAllocPatternBenchmark.heapAllocation-1-11 arenaHeap=11274322 arenaDirect=0 delegateHeap=31564426 delegateDirect=0 arenaShare=26.32% blocksHeap=8 blocksDirect=1 pinned=8 reusable=0 maxPinnedHeap=8 maxPinnedDirect=0 blockReuses=38218 blockGrowths=7 hooks=669227 hookRejections=0 violations=0 earlyReuses=0 reallocInPlace=52 reallocMoved=0 reallocDelegated=0 trims=0 trimmedBlocks=0 leakedBlocks=0 objects=2727 bytesHeap=140486849536 bytesDirect=0 liveHeap=870 liveDirect=0
ARENALOOP thread=io.github.neoionet.netty.microbenchmark.ByteBufAllocatorAllocPatternBenchmark.heapAllocation-1-13 arenaHeap=10465061 arenaDirect=0 delegateHeap=29291990 delegateDirect=0 arenaShare=26.32% blocksHeap=8 blocksDirect=1 pinned=8 reusable=0 maxPinnedHeap=8 maxPinnedDirect=0 blockReuses=35467 blockGrowths=7 hooks=621075 hookRejections=0 violations=0 earlyReuses=0 reallocInPlace=47 reallocMoved=0 reallocDelegated=0 trims=0 trimmedBlocks=0 leakedBlocks=0 objects=2727 bytesHeap=130374201704 bytesDirect=0 liveHeap=0 liveDirect=0
ARENALOOP thread=io.github.neoionet.netty.microbenchmark.ByteBufAllocatorAllocPatternBenchmark.heapAllocation-1-14 arenaHeap=9686627 arenaDirect=0 delegateHeap=27114810 delegateDirect=0 arenaShare=26.32% blocksHeap=8 blocksDirect=1 pinned=8 reusable=0 maxPinnedHeap=8 maxPinnedDirect=0 blockReuses=32832 blockGrowths=7 hooks=574894 hookRejections=0 violations=0 earlyReuses=0 reallocInPlace=43 reallocMoved=0 reallocDelegated=0 trims=0 trimmedBlocks=0 leakedBlocks=0 objects=2727 bytesHeap=120676928024 bytesDirect=0 liveHeap=70 liveDirect=0
ARENALOOP thread=io.github.neoionet.netty.microbenchmark.ByteBufAllocatorAllocPatternBenchmark.heapAllocation-1-27 arenaHeap=11704178 arenaDirect=0 delegateHeap=32758796 delegateDirect=0 arenaShare=26.32% blocksHeap=8 blocksDirect=1 pinned=8 reusable=0 maxPinnedHeap=8 maxPinnedDirect=0 blockReuses=39669 blockGrowths=7 hooks=694605 hookRejections=0 violations=0 earlyReuses=0 reallocInPlace=53 reallocMoved=0 reallocDelegated=0 trims=0 trimmedBlocks=0 leakedBlocks=0 objects=2727 bytesHeap=145806709576 bytesDirect=0 liveHeap=0 liveDirect=0
ARENALOOP thread=io.github.neoionet.netty.microbenchmark.ByteBufAllocatorAllocPatternBenchmark.heapAllocation-1-19 arenaHeap=9171857 arenaDirect=0 delegateHeap=25677222 delegateDirect=0 arenaShare=26.32% blocksHeap=8 blocksDirect=1 pinned=8 reusable=0 maxPinnedHeap=8 maxPinnedDirect=0 blockReuses=31088 blockGrowths=7 hooks=544388 hookRejections=0 violations=0 earlyReuses=0 reallocInPlace=42 reallocMoved=0 reallocDelegated=0 trims=0 trimmedBlocks=0 leakedBlocks=0 objects=2727 bytesHeap=114280475576 bytesDirect=0 liveHeap=0 liveDirect=0
ARENALOOP thread=io.github.neoionet.netty.microbenchmark.ByteBufAllocatorAllocPatternBenchmark.heapAllocation-1-4 arenaHeap=8562867 arenaDirect=0 delegateHeap=23970688 delegateDirect=0 arenaShare=26.32% blocksHeap=8 blocksDirect=1 pinned=8 reusable=0 maxPinnedHeap=8 maxPinnedDirect=0 blockReuses=29024 blockGrowths=7 hooks=508208 hookRejections=0 violations=0 earlyReuses=0 reallocInPlace=38 reallocMoved=0 reallocDelegated=0 trims=0 trimmedBlocks=0 leakedBlocks=0 objects=2727 bytesHeap=106680012320 bytesDirect=0 liveHeap=0 liveDirect=0
ARENALOOP thread=io.github.neoionet.netty.microbenchmark.ByteBufAllocatorAllocPatternBenchmark.heapAllocation-1-17 arenaHeap=9589412 arenaDirect=0 delegateHeap=26843088 delegateDirect=0 arenaShare=26.32% blocksHeap=8 blocksDirect=1 pinned=8 reusable=0 maxPinnedHeap=8 maxPinnedDirect=0 blockReuses=32504 blockGrowths=7 hooks=569129 hookRejections=0 violations=0 earlyReuses=0 reallocInPlace=43 reallocMoved=0 reallocDelegated=0 trims=0 trimmedBlocks=0 leakedBlocks=0 objects=2727 bytesHeap=119467930392 bytesDirect=0 liveHeap=0 liveDirect=0
ARENALOOP thread=io.github.neoionet.netty.microbenchmark.ByteBufAllocatorAllocPatternBenchmark.heapAllocation-1-18 arenaHeap=9667542 arenaDirect=0 delegateHeap=27061009 delegateDirect=0 arenaShare=26.32% blocksHeap=8 blocksDirect=1 pinned=8 reusable=0 maxPinnedHeap=8 maxPinnedDirect=0 blockReuses=32767 blockGrowths=7 hooks=573755 hookRejections=0 violations=0 earlyReuses=0 reallocInPlace=43 reallocMoved=0 reallocDelegated=0 trims=0 trimmedBlocks=0 leakedBlocks=0 objects=2727 bytesHeap=120437856080 bytesDirect=0 liveHeap=0 liveDirect=0
ARENALOOP thread=io.github.neoionet.netty.microbenchmark.ByteBufAllocatorAllocPatternBenchmark.heapAllocation-1-24 arenaHeap=12136366 arenaDirect=0 delegateHeap=33969661 delegateDirect=0 arenaShare=26.32% blocksHeap=8 blocksDirect=1 pinned=8 reusable=0 maxPinnedHeap=8 maxPinnedDirect=0 blockReuses=41135 blockGrowths=7 hooks=720278 hookRejections=0 violations=0 earlyReuses=0 reallocInPlace=53 reallocMoved=0 reallocDelegated=0 trims=0 trimmedBlocks=0 leakedBlocks=0 objects=2727 bytesHeap=151195312992 bytesDirect=0 liveHeap=0 liveDirect=0
ARENALOOP thread=io.github.neoionet.netty.microbenchmark.ByteBufAllocatorAllocPatternBenchmark.heapAllocation-1-28 arenaHeap=9495511 arenaDirect=0 delegateHeap=26580962 delegateDirect=0 arenaShare=26.32% blocksHeap=8 blocksDirect=1 pinned=8 reusable=0 maxPinnedHeap=8 maxPinnedDirect=0 blockReuses=32185 blockGrowths=7 hooks=563566 hookRejections=0 violations=0 earlyReuses=0 reallocInPlace=43 reallocMoved=0 reallocDelegated=0 trims=0 trimmedBlocks=0 leakedBlocks=0 objects=2727 bytesHeap=118303097608 bytesDirect=0 liveHeap=0 liveDirect=0
ARENALOOP thread=io.github.neoionet.netty.microbenchmark.ByteBufAllocatorAllocPatternBenchmark.heapAllocation-1-21 arenaHeap=10987816 arenaDirect=0 delegateHeap=30755661 delegateDirect=0 arenaShare=26.32% blocksHeap=8 blocksDirect=1 pinned=8 reusable=0 maxPinnedHeap=8 maxPinnedDirect=0 blockReuses=37242 blockGrowths=7 hooks=652113 hookRejections=0 violations=0 earlyReuses=0 reallocInPlace=48 reallocMoved=0 reallocDelegated=0 trims=0 trimmedBlocks=0 leakedBlocks=0 objects=2727 bytesHeap=136886332016 bytesDirect=0 liveHeap=0 liveDirect=0
ARENALOOP thread=io.github.neoionet.netty.microbenchmark.ByteBufAllocatorAllocPatternBenchmark.heapAllocation-1-9 arenaHeap=10031883 arenaDirect=0 delegateHeap=28089078 delegateDirect=0 arenaShare=26.32% blocksHeap=8 blocksDirect=1 pinned=8 reusable=0 maxPinnedHeap=8 maxPinnedDirect=0 blockReuses=34008 blockGrowths=7 hooks=595512 hookRejections=0 violations=0 earlyReuses=0 reallocInPlace=45 reallocMoved=0 reallocDelegated=0 trims=0 trimmedBlocks=0 leakedBlocks=0 objects=2727 bytesHeap=125015778088 bytesDirect=0 liveHeap=0 liveDirect=0
ARENALOOP thread=io.github.neoionet.netty.microbenchmark.ByteBufAllocatorAllocPatternBenchmark.heapAllocation-1-31 arenaHeap=12924824 arenaDirect=0 delegateHeap=36170981 delegateDirect=0 arenaShare=26.33% blocksHeap=8 blocksDirect=1 pinned=8 reusable=0 maxPinnedHeap=8 maxPinnedDirect=0 blockReuses=43804 blockGrowths=7 hooks=766993 hookRejections=0 violations=0 earlyReuses=0 reallocInPlace=58 reallocMoved=0 reallocDelegated=0 trims=0 trimmedBlocks=0 leakedBlocks=0 objects=2727 bytesHeap=160995167344 bytesDirect=0 liveHeap=0 liveDirect=0
ARENALOOP thread=io.github.neoionet.netty.microbenchmark.ByteBufAllocatorAllocPatternBenchmark.heapAllocation-1-22 arenaHeap=8867087 arenaDirect=0 delegateHeap=24828930 delegateDirect=0 arenaShare=26.31% blocksHeap=8 blocksDirect=1 pinned=8 reusable=0 maxPinnedHeap=8 maxPinnedDirect=0 blockReuses=30060 blockGrowths=7 hooks=526372 hookRejections=0 violations=0 earlyReuses=0 reallocInPlace=38 reallocMoved=0 reallocDelegated=0 trims=0 trimmedBlocks=0 leakedBlocks=0 objects=2727 bytesHeap=110501763272 bytesDirect=0 liveHeap=0 liveDirect=0
ARENALOOP thread=io.github.neoionet.netty.microbenchmark.ByteBufAllocatorAllocPatternBenchmark.heapAllocation-1-32 arenaHeap=11786992 arenaDirect=0 delegateHeap=32991023 delegateDirect=0 arenaShare=26.32% blocksHeap=8 blocksDirect=1 pinned=8 reusable=0 maxPinnedHeap=8 maxPinnedDirect=0 blockReuses=39950 blockGrowths=7 hooks=699528 hookRejections=0 violations=0 earlyReuses=0 reallocInPlace=53 reallocMoved=0 reallocDelegated=0 trims=0 trimmedBlocks=0 leakedBlocks=0 objects=2727 bytesHeap=146838344776 bytesDirect=0 liveHeap=0 liveDirect=0
ARENALOOP thread=io.github.neoionet.netty.microbenchmark.ByteBufAllocatorAllocPatternBenchmark.heapAllocation-1-15 arenaHeap=10146932 arenaDirect=0 delegateHeap=28412963 delegateDirect=0 arenaShare=26.31% blocksHeap=8 blocksDirect=1 pinned=8 reusable=0 maxPinnedHeap=8 maxPinnedDirect=0 blockReuses=34399 blockGrowths=7 hooks=602370 hookRejections=0 violations=0 earlyReuses=0 reallocInPlace=46 reallocMoved=0 reallocDelegated=0 trims=0 trimmedBlocks=0 leakedBlocks=0 objects=2727 bytesHeap=126457545280 bytesDirect=0 liveHeap=0 liveDirect=0
ARENALOOP thread=io.github.neoionet.netty.microbenchmark.ByteBufAllocatorAllocPatternBenchmark.heapAllocation-1-30 arenaHeap=13893760 arenaDirect=0 delegateHeap=38880821 delegateDirect=0 arenaShare=26.33% blocksHeap=8 blocksDirect=1 pinned=8 reusable=0 maxPinnedHeap=8 maxPinnedDirect=0 blockReuses=47086 blockGrowths=7 hooks=824474 hookRejections=0 violations=0 earlyReuses=0 reallocInPlace=63 reallocMoved=0 reallocDelegated=0 trims=0 trimmedBlocks=0 leakedBlocks=0 objects=2727 bytesHeap=173061982272 bytesDirect=0 liveHeap=0 liveDirect=0
ARENALOOP thread=io.github.neoionet.netty.microbenchmark.ByteBufAllocatorAllocPatternBenchmark.heapAllocation-1-8 arenaHeap=12994740 arenaDirect=0 delegateHeap=36365498 delegateDirect=0 arenaShare=26.33% blocksHeap=8 blocksDirect=1 pinned=8 reusable=0 maxPinnedHeap=8 maxPinnedDirect=0 blockReuses=44040 blockGrowths=7 hooks=771125 hookRejections=0 violations=0 earlyReuses=0 reallocInPlace=58 reallocMoved=0 reallocDelegated=0 trims=0 trimmedBlocks=0 leakedBlocks=0 objects=2727 bytesHeap=161861261752 bytesDirect=0 liveHeap=0 liveDirect=0
ARENALOOP thread=io.github.neoionet.netty.microbenchmark.ByteBufAllocatorAllocPatternBenchmark.heapAllocation-1-1 arenaHeap=11565636 arenaDirect=0 delegateHeap=32370122 delegateDirect=0 arenaShare=26.32% blocksHeap=8 blocksDirect=1 pinned=8 reusable=0 maxPinnedHeap=8 maxPinnedDirect=0 blockReuses=39197 blockGrowths=7 hooks=686368 hookRejections=0 violations=0 earlyReuses=0 reallocInPlace=52 reallocMoved=0 reallocDelegated=0 trims=0 trimmedBlocks=0 leakedBlocks=0 objects=2727 bytesHeap=144078842840 bytesDirect=0 liveHeap=0 liveDirect=0
ARENALOOP thread=io.github.neoionet.netty.microbenchmark.ByteBufAllocatorAllocPatternBenchmark.heapAllocation-1-16 arenaHeap=10873051 arenaDirect=0 delegateHeap=30433510 delegateDirect=0 arenaShare=26.32% blocksHeap=8 blocksDirect=1 pinned=8 reusable=0 maxPinnedHeap=8 maxPinnedDirect=0 blockReuses=36852 blockGrowths=7 hooks=645287 hookRejections=0 violations=0 earlyReuses=0 reallocInPlace=48 reallocMoved=0 reallocDelegated=0 trims=0 trimmedBlocks=0 leakedBlocks=0 objects=2727 bytesHeap=135453230200 bytesDirect=0 liveHeap=0 liveDirect=0
ARENALOOP thread=io.github.neoionet.netty.microbenchmark.ByteBufAllocatorAllocPatternBenchmark.heapAllocation-1-10 arenaHeap=9076056 arenaDirect=0 delegateHeap=25415937 delegateDirect=0 arenaShare=26.31% blocksHeap=8 blocksDirect=1 pinned=8 reusable=0 maxPinnedHeap=8 maxPinnedDirect=0 blockReuses=30769 blockGrowths=7 hooks=538809 hookRejections=0 violations=0 earlyReuses=0 reallocInPlace=42 reallocMoved=0 reallocDelegated=0 trims=0 trimmedBlocks=0 leakedBlocks=0 objects=2727 bytesHeap=113114773152 bytesDirect=0 liveHeap=0 liveDirect=0
ARENALOOP thread=io.github.neoionet.netty.microbenchmark.ByteBufAllocatorAllocPatternBenchmark.heapAllocation-1-3 arenaHeap=9744833 arenaDirect=0 delegateHeap=27278604 delegateDirect=0 arenaShare=26.32% blocksHeap=8 blocksDirect=1 pinned=8 reusable=0 maxPinnedHeap=8 maxPinnedDirect=0 blockReuses=33030 blockGrowths=7 hooks=578363 hookRejections=0 violations=0 earlyReuses=0 reallocInPlace=43 reallocMoved=0 reallocDelegated=0 trims=0 trimmedBlocks=0 leakedBlocks=0 objects=2727 bytesHeap=121405728984 bytesDirect=0 liveHeap=0 liveDirect=0
ARENALOOP thread=io.github.neoionet.netty.microbenchmark.ByteBufAllocatorAllocPatternBenchmark.heapAllocation-1-23 arenaHeap=9660663 arenaDirect=0 delegateHeap=27041596 delegateDirect=0 arenaShare=26.32% blocksHeap=8 blocksDirect=1 pinned=7 reusable=0 maxPinnedHeap=8 maxPinnedDirect=0 blockReuses=32744 blockGrowths=7 hooks=573344 hookRejections=0 violations=0 earlyReuses=0 reallocInPlace=43 reallocMoved=0 reallocDelegated=0 trims=0 trimmedBlocks=0 leakedBlocks=0 objects=2727 bytesHeap=120351514456 bytesDirect=0 liveHeap=0 liveDirect=0
ARENALOOP thread=io.github.neoionet.netty.microbenchmark.ByteBufAllocatorAllocPatternBenchmark.heapAllocation-1-5 arenaHeap=11874630 arenaDirect=0 delegateHeap=33233348 delegateDirect=0 arenaShare=26.32% blocksHeap=8 blocksDirect=1 pinned=8 reusable=0 maxPinnedHeap=8 maxPinnedDirect=0 blockReuses=40245 blockGrowths=7 hooks=704684 hookRejections=0 violations=0 earlyReuses=0 reallocInPlace=53 reallocMoved=0 reallocDelegated=0 trims=0 trimmedBlocks=0 leakedBlocks=0 objects=2727 bytesHeap=147917147400 bytesDirect=0 liveHeap=0 liveDirect=0
ARENALOOP thread=io.github.neoionet.netty.microbenchmark.ByteBufAllocatorAllocPatternBenchmark.heapAllocation-1-20 arenaHeap=10529479 arenaDirect=0 delegateHeap=29470486 delegateDirect=0 arenaShare=26.32% blocksHeap=8 blocksDirect=1 pinned=7 reusable=0 maxPinnedHeap=8 maxPinnedDirect=0 blockReuses=35686 blockGrowths=7 hooks=624871 hookRejections=0 violations=0 earlyReuses=0 reallocInPlace=48 reallocMoved=0 reallocDelegated=0 trims=0 trimmedBlocks=0 leakedBlocks=0 objects=2727 bytesHeap=131168519744 bytesDirect=0 liveHeap=0 liveDirect=0
ARENALOOP thread=io.github.neoionet.netty.microbenchmark.ByteBufAllocatorAllocPatternBenchmark.heapAllocation-1-7 arenaHeap=10128677 arenaDirect=0 delegateHeap=28362567 delegateDirect=0 arenaShare=26.31% blocksHeap=8 blocksDirect=1 pinned=8 reusable=0 maxPinnedHeap=8 maxPinnedDirect=0 blockReuses=34338 blockGrowths=7 hooks=601297 hookRejections=0 violations=0 earlyReuses=0 reallocInPlace=46 reallocMoved=0 reallocDelegated=0 trims=0 trimmedBlocks=0 leakedBlocks=0 objects=2727 bytesHeap=126233287776 bytesDirect=0 liveHeap=0 liveDirect=0
ARENALOOP thread=io.github.neoionet.netty.microbenchmark.ByteBufAllocatorAllocPatternBenchmark.heapAllocation-1-2 arenaHeap=9339089 arenaDirect=0 delegateHeap=26141144 delegateDirect=0 arenaShare=26.32% blocksHeap=8 blocksDirect=1 pinned=8 reusable=0 maxPinnedHeap=8 maxPinnedDirect=0 blockReuses=31651 blockGrowths=7 hooks=554250 hookRejections=0 violations=0 earlyReuses=0 reallocInPlace=42 reallocMoved=0 reallocDelegated=0 trims=0 trimmedBlocks=0 leakedBlocks=0 objects=2727 bytesHeap=116348438288 bytesDirect=0 liveHeap=0 liveDirect=0
ARENALOOP thread=io.github.neoionet.netty.microbenchmark.ByteBufAllocatorAllocPatternBenchmark.heapAllocation-1-29 arenaHeap=11888780 arenaDirect=0 delegateHeap=33272369 delegateDirect=0 arenaShare=26.33% blocksHeap=8 blocksDirect=1 pinned=8 reusable=0 maxPinnedHeap=8 maxPinnedDirect=0 blockReuses=40293 blockGrowths=7 hooks=705514 hookRejections=0 violations=0 earlyReuses=0 reallocInPlace=53 reallocMoved=0 reallocDelegated=0 trims=0 trimmedBlocks=0 leakedBlocks=0 objects=2727 bytesHeap=148090257792 bytesDirect=0 liveHeap=0 liveDirect=0
ARENALOOP thread=io.github.neoionet.netty.microbenchmark.ByteBufAllocatorAllocPatternBenchmark.heapAllocation-1-6 arenaHeap=11004396 arenaDirect=0 delegateHeap=30802460 delegateDirect=0 arenaShare=26.32% blocksHeap=8 blocksDirect=1 pinned=8 reusable=0 maxPinnedHeap=8 maxPinnedDirect=0 blockReuses=37297 blockGrowths=7 hooks=653104 hookRejections=0 violations=0 earlyReuses=0 reallocInPlace=48 reallocMoved=0 reallocDelegated=0 trims=0 trimmedBlocks=0 leakedBlocks=0 objects=2727 bytesHeap=137094352256 bytesDirect=0 liveHeap=0 liveDirect=0
ARENALOOP thread=io.github.neoionet.netty.microbenchmark.ByteBufAllocatorAllocPatternBenchmark.heapAllocation-1-26 arenaHeap=9117001 arenaDirect=0 delegateHeap=25529174 delegateDirect=0 arenaShare=26.31% blocksHeap=8 blocksDirect=1 pinned=8 reusable=0 maxPinnedHeap=8 maxPinnedDirect=0 blockReuses=30906 blockGrowths=7 hooks=541218 hookRejections=0 violations=0 earlyReuses=0 reallocInPlace=42 reallocMoved=0 reallocDelegated=0 trims=0 trimmedBlocks=0 leakedBlocks=0 objects=2727 bytesHeap=113620831560 bytesDirect=0 liveHeap=0 liveDirect=0
ARENALOOP thread=io.github.neoionet.netty.microbenchmark.ByteBufAllocatorAllocPatternBenchmark.heapAllocation-1-12 arenaHeap=12962793 arenaDirect=0 delegateHeap=36276109 delegateDirect=0 arenaShare=26.33% blocksHeap=8 blocksDirect=1 pinned=8 reusable=0 maxPinnedHeap=8 maxPinnedDirect=0 blockReuses=43932 blockGrowths=7 hooks=769229 hookRejections=0 violations=0 earlyReuses=0 reallocInPlace=58 reallocMoved=0 reallocDelegated=0 trims=0 trimmedBlocks=0 leakedBlocks=0 objects=2727 bytesHeap=161463915072 bytesDirect=0 liveHeap=0 liveDirect=0
ARENALOOP thread=io.github.neoionet.netty.microbenchmark.ByteBufAllocatorAllocPatternBenchmark.heapAllocation-1-25 arenaHeap=11304258 arenaDirect=0 delegateHeap=31646156 delegateDirect=0 arenaShare=26.32% blocksHeap=8 blocksDirect=1 pinned=8 reusable=0 maxPinnedHeap=8 maxPinnedDirect=0 blockReuses=38317 blockGrowths=7 hooks=670972 hookRejections=0 violations=0 earlyReuses=0 reallocInPlace=52 reallocMoved=0 reallocDelegated=0 trims=0 trimmedBlocks=0 leakedBlocks=0 objects=2727 bytesHeap=140853370968 bytesDirect=0 liveHeap=0 liveDirect=0
605.902 ±(99.9%) 155.691 ns/op

# Run progress: 76.19% complete, ETA 00:04:13
# Fork: 3 of 3
# Warmup Iteration   1: 819.434 ±(99.9%) 113.830 ns/op
# Warmup Iteration   2: 823.320 ±(99.9%) 110.630 ns/op
# Warmup Iteration   3: 572.241 ±(99.9%) 130.859 ns/op
# Warmup Iteration   4: 588.142 ±(99.9%) 153.850 ns/op
# Warmup Iteration   5: 568.772 ±(99.9%) 129.366 ns/op
# Warmup Iteration   6: 582.302 ±(99.9%) 160.706 ns/op
# Warmup Iteration   7: 585.088 ±(99.9%) 158.309 ns/op
# Warmup Iteration   8: 600.178 ±(99.9%) 176.837 ns/op
# Warmup Iteration   9: 578.093 ±(99.9%) 152.385 ns/op
# Warmup Iteration  10: 543.124 ±(99.9%) 99.000 ns/op
Iteration   1: 579.144 ±(99.9%) 156.717 ns/op
Iteration   2: 559.443 ±(99.9%) 120.663 ns/op
Iteration   3: 558.680 ±(99.9%) 135.402 ns/op
Iteration   4: 568.575 ±(99.9%) 147.924 ns/op
Iteration   5: 605.664 ±(99.9%) 165.466 ns/op
Iteration   6: 558.884 ±(99.9%) 133.666 ns/op
Iteration   7: 539.688 ±(99.9%) 94.116 ns/op
Iteration   8: 570.198 ±(99.9%) 154.501 ns/op
Iteration   9: 616.218 ±(99.9%) 216.028 ns/op
Iteration  10: cRSS-pRSS:[3591, 3591]
;used-memory:[0]
ARENATELE blockSize=262144 maxBlocks=8 cap=8192 maxObjects=16384 debug=false arenaHeap=346617451 arenaDirect=0 delegateHeap=970243898 delegateDirect=0 arenaShare=26.32% blocksHeap=256 blocksDirect=32 pinned=254 reusable=0 maxPinnedHeap=256 maxPinnedDirect=0 blockReuses=1174823 blockGrowths=224 hooks=20571849 hookRejections=0 violations=0 earlyReuses=0 reallocInPlace=1563 reallocMoved=0 reallocDelegated=0 trims=0 trimmedBlocks=0 leakedBlocks=0 objects=87264 bytesHeap=4318379450208 bytesDirect=0 liveHeap=353 liveDirect=0
ARENALOOP thread=io.github.neoionet.netty.microbenchmark.ByteBufAllocatorAllocPatternBenchmark.heapAllocation-1-16 arenaHeap=10772516 arenaDirect=0 delegateHeap=30151766 delegateDirect=0 arenaShare=26.32% blocksHeap=8 blocksDirect=1 pinned=8 reusable=0 maxPinnedHeap=8 maxPinnedDirect=0 blockReuses=36511 blockGrowths=7 hooks=639313 hookRejections=0 violations=0 earlyReuses=0 reallocInPlace=48 reallocMoved=0 reallocDelegated=0 trims=0 trimmedBlocks=0 leakedBlocks=0 objects=2727 bytesHeap=134197533928 bytesDirect=0 liveHeap=352 liveDirect=0
ARENALOOP thread=io.github.neoionet.netty.microbenchmark.ByteBufAllocatorAllocPatternBenchmark.heapAllocation-1-10 arenaHeap=11530494 arenaDirect=0 delegateHeap=32270101 delegateDirect=0 arenaShare=26.32% blocksHeap=8 blocksDirect=1 pinned=8 reusable=0 maxPinnedHeap=8 maxPinnedDirect=0 blockReuses=39076 blockGrowths=7 hooks=684256 hookRejections=0 violations=0 earlyReuses=0 reallocInPlace=52 reallocMoved=0 reallocDelegated=0 trims=0 trimmedBlocks=0 leakedBlocks=0 objects=2727 bytesHeap=143634198304 bytesDirect=0 liveHeap=0 liveDirect=0
ARENALOOP thread=io.github.neoionet.netty.microbenchmark.ByteBufAllocatorAllocPatternBenchmark.heapAllocation-1-30 arenaHeap=10191970 arenaDirect=0 delegateHeap=28535120 delegateDirect=0 arenaShare=26.32% blocksHeap=8 blocksDirect=1 pinned=8 reusable=0 maxPinnedHeap=8 maxPinnedDirect=0 blockReuses=34549 blockGrowths=7 hooks=604982 hookRejections=0 violations=0 earlyReuses=0 reallocInPlace=47 reallocMoved=0 reallocDelegated=0 trims=0 trimmedBlocks=0 leakedBlocks=0 objects=2727 bytesHeap=127002654192 bytesDirect=0 liveHeap=0 liveDirect=0
ARENALOOP thread=io.github.neoionet.netty.microbenchmark.ByteBufAllocatorAllocPatternBenchmark.heapAllocation-1-18 arenaHeap=10783938 arenaDirect=0 delegateHeap=30182312 delegateDirect=0 arenaShare=26.32% blocksHeap=8 blocksDirect=1 pinned=8 reusable=0 maxPinnedHeap=8 maxPinnedDirect=0 blockReuses=36549 blockGrowths=7 hooks=639969 hookRejections=0 violations=0 earlyReuses=0 reallocInPlace=48 reallocMoved=0 reallocDelegated=0 trims=0 trimmedBlocks=0 leakedBlocks=0 objects=2727 bytesHeap=134333555112 bytesDirect=0 liveHeap=0 liveDirect=0
ARENALOOP thread=io.github.neoionet.netty.microbenchmark.ByteBufAllocatorAllocPatternBenchmark.heapAllocation-1-17 arenaHeap=10290630 arenaDirect=0 delegateHeap=28806101 delegateDirect=0 arenaShare=26.32% blocksHeap=8 blocksDirect=1 pinned=8 reusable=0 maxPinnedHeap=8 maxPinnedDirect=0 blockReuses=34878 blockGrowths=7 hooks=610758 hookRejections=0 violations=0 earlyReuses=0 reallocInPlace=47 reallocMoved=0 reallocDelegated=0 trims=0 trimmedBlocks=0 leakedBlocks=0 objects=2727 bytesHeap=128210214976 bytesDirect=0 liveHeap=0 liveDirect=0
ARENALOOP thread=io.github.neoionet.netty.microbenchmark.ByteBufAllocatorAllocPatternBenchmark.heapAllocation-1-1 arenaHeap=11071152 arenaDirect=0 delegateHeap=30992601 delegateDirect=0 arenaShare=26.32% blocksHeap=8 blocksDirect=1 pinned=8 reusable=0 maxPinnedHeap=8 maxPinnedDirect=0 blockReuses=37527 blockGrowths=7 hooks=657118 hookRejections=0 violations=0 earlyReuses=0 reallocInPlace=48 reallocMoved=0 reallocDelegated=0 trims=0 trimmedBlocks=0 leakedBlocks=0 objects=2727 bytesHeap=137942329976 bytesDirect=0 liveHeap=0 liveDirect=0
ARENALOOP thread=io.github.neoionet.netty.microbenchmark.ByteBufAllocatorAllocPatternBenchmark.heapAllocation-1-13 arenaHeap=11971338 arenaDirect=0 delegateHeap=33505871 delegateDirect=0 arenaShare=26.32% blocksHeap=8 blocksDirect=1 pinned=8 reusable=0 maxPinnedHeap=8 maxPinnedDirect=0 blockReuses=40574 blockGrowths=7 hooks=710453 hookRejections=0 violations=0 earlyReuses=0 reallocInPlace=53 reallocMoved=0 reallocDelegated=0 trims=0 trimmedBlocks=0 leakedBlocks=0 objects=2727 bytesHeap=149131492248 bytesDirect=0 liveHeap=0 liveDirect=0
ARENALOOP thread=io.github.neoionet.netty.microbenchmark.ByteBufAllocatorAllocPatternBenchmark.heapAllocation-1-27 arenaHeap=10263701 arenaDirect=0 delegateHeap=28731762 delegateDirect=0 arenaShare=26.32% blocksHeap=8 blocksDirect=1 pinned=8 reusable=0 maxPinnedHeap=8 maxPinnedDirect=0 blockReuses=34789 blockGrowths=7 hooks=609176 hookRejections=0 violations=0 earlyReuses=0 reallocInPlace=47 reallocMoved=0 reallocDelegated=0 trims=0 trimmedBlocks=0 leakedBlocks=0 objects=2727 bytesHeap=127879234480 bytesDirect=0 liveHeap=0 liveDirect=0
ARENALOOP thread=io.github.neoionet.netty.microbenchmark.ByteBufAllocatorAllocPatternBenchmark.heapAllocation-1-21 arenaHeap=10080763 arenaDirect=0 delegateHeap=28228481 delegateDirect=0 arenaShare=26.31% blocksHeap=8 blocksDirect=1 pinned=8 reusable=0 maxPinnedHeap=8 maxPinnedDirect=0 blockReuses=34176 blockGrowths=7 hooks=598453 hookRejections=0 violations=0 earlyReuses=0 reallocInPlace=46 reallocMoved=0 reallocDelegated=0 trims=0 trimmedBlocks=0 leakedBlocks=0 objects=2727 bytesHeap=125636980392 bytesDirect=0 liveHeap=0 liveDirect=0
ARENALOOP thread=io.github.neoionet.netty.microbenchmark.ByteBufAllocatorAllocPatternBenchmark.heapAllocation-1-4 arenaHeap=10669016 arenaDirect=0 delegateHeap=29863854 delegateDirect=0 arenaShare=26.32% blocksHeap=8 blocksDirect=1 pinned=8 reusable=0 maxPinnedHeap=8 maxPinnedDirect=0 blockReuses=36162 blockGrowths=7 hooks=633198 hookRejections=0 violations=0 earlyReuses=0 reallocInPlace=48 reallocMoved=0 reallocDelegated=0 trims=0 trimmedBlocks=0 leakedBlocks=0 objects=2727 bytesHeap=132915929784 bytesDirect=0 liveHeap=0 liveDirect=0
ARENALOOP thread=io.github.neoionet.netty.microbenchmark.ByteBufAllocatorAllocPatternBenchmark.heapAllocation-1-25 arenaHeap=11591338 arenaDirect=0 delegateHeap=32441465 delegateDirect=0 arenaShare=26.32% blocksHeap=8 blocksDirect=1 pinned=7 reusable=0 maxPinnedHeap=8 maxPinnedDirect=0 blockReuses=39284 blockGrowths=7 hooks=687884 hookRejections=0 violations=0 earlyReuses=0 reallocInPlace=53 reallocMoved=0 reallocDelegated=0 trims=0 trimmedBlocks=0 leakedBlocks=0 objects=2727 bytesHeap=144395387760 bytesDirect=0 liveHeap=0 liveDirect=0
ARENALOOP thread=io.github.neoionet.netty.microbenchmark.ByteBufAllocatorAllocPatternBenchmark.heapAllocation-1-24 arenaHeap=11815427 arenaDirect=0 delegateHeap=33068478 delegateDirect=0 arenaShare=26.32% blocksHeap=8 blocksDirect=1 pinned=8 reusable=0 maxPinnedHeap=8 maxPinnedDirect=0 blockReuses=40045 blockGrowths=7 hooks=701183 hookRejections=0 violations=0 earlyReuses=0 reallocInPlace=53 reallocMoved=0 reallocDelegated=0 trims=0 trimmedBlocks=0 leakedBlocks=0 objects=2727 bytesHeap=147183176784 bytesDirect=0 liveHeap=0 liveDirect=0
ARENALOOP thread=io.github.neoionet.netty.microbenchmark.ByteBufAllocatorAllocPatternBenchmark.heapAllocation-1-9 arenaHeap=12144416 arenaDirect=0 delegateHeap=33991931 delegateDirect=0 arenaShare=26.32% blocksHeap=8 blocksDirect=1 pinned=8 reusable=0 maxPinnedHeap=8 maxPinnedDirect=0 blockReuses=41162 blockGrowths=7 hooks=720752 hookRejections=0 violations=0 earlyReuses=0 reallocInPlace=53 reallocMoved=0 reallocDelegated=0 trims=0 trimmedBlocks=0 leakedBlocks=0 objects=2727 bytesHeap=151294883696 bytesDirect=0 liveHeap=0 liveDirect=0
ARENALOOP thread=io.github.neoionet.netty.microbenchmark.ByteBufAllocatorAllocPatternBenchmark.heapAllocation-1-23 arenaHeap=9701618 arenaDirect=0 delegateHeap=27156378 delegateDirect=0 arenaShare=26.32% blocksHeap=8 blocksDirect=1 pinned=7 reusable=0 maxPinnedHeap=8 maxPinnedDirect=0 blockReuses=32883 blockGrowths=7 hooks=575778 hookRejections=0 violations=0 earlyReuses=0 reallocInPlace=43 reallocMoved=0 reallocDelegated=0 trims=0 trimmedBlocks=0 leakedBlocks=0 objects=2727 bytesHeap=120861727816 bytesDirect=0 liveHeap=0 liveDirect=0
ARENALOOP thread=io.github.neoionet.netty.microbenchmark.ByteBufAllocatorAllocPatternBenchmark.heapAllocation-1-6 arenaHeap=10298823 arenaDirect=0 delegateHeap=28828287 delegateDirect=0 arenaShare=26.32% blocksHeap=8 blocksDirect=1 pinned=8 reusable=0 maxPinnedHeap=8 maxPinnedDirect=0 blockReuses=34905 blockGrowths=7 hooks=611233 hookRejections=0 violations=0 earlyReuses=0 reallocInPlace=47 reallocMoved=0 reallocDelegated=0 trims=0 trimmedBlocks=0 leakedBlocks=0 objects=2727 bytesHeap=128310378272 bytesDirect=0 liveHeap=0 liveDirect=0
ARENALOOP thread=io.github.neoionet.netty.microbenchmark.ByteBufAllocatorAllocPatternBenchmark.heapAllocation-1-8 arenaHeap=8078466 arenaDirect=0 delegateHeap=22617758 delegateDirect=0 arenaShare=26.32% blocksHeap=8 blocksDirect=1 pinned=8 reusable=0 maxPinnedHeap=8 maxPinnedDirect=0 blockReuses=27382 blockGrowths=7 hooks=479500 hookRejections=0 violations=0 earlyReuses=0 reallocInPlace=37 reallocMoved=0 reallocDelegated=0 trims=0 trimmedBlocks=0 leakedBlocks=0 objects=2727 bytesHeap=100660014864 bytesDirect=0 liveHeap=0 liveDirect=0
ARENALOOP thread=io.github.neoionet.netty.microbenchmark.ByteBufAllocatorAllocPatternBenchmark.heapAllocation-1-15 arenaHeap=13930823 arenaDirect=0 delegateHeap=38986065 delegateDirect=0 arenaShare=26.33% blocksHeap=8 blocksDirect=1 pinned=8 reusable=0 maxPinnedHeap=8 maxPinnedDirect=0 blockReuses=47213 blockGrowths=7 hooks=826698 hookRejections=0 violations=0 earlyReuses=0 reallocInPlace=63 reallocMoved=0 reallocDelegated=0 trims=0 trimmedBlocks=0 leakedBlocks=0 objects=2727 bytesHeap=173528957544 bytesDirect=0 liveHeap=0 liveDirect=0
ARENALOOP thread=io.github.neoionet.netty.microbenchmark.ByteBufAllocatorAllocPatternBenchmark.heapAllocation-1-28 arenaHeap=10120969 arenaDirect=0 delegateHeap=28341047 delegateDirect=0 arenaShare=26.31% blocksHeap=8 blocksDirect=1 pinned=8 reusable=0 maxPinnedHeap=8 maxPinnedDirect=0 blockReuses=34312 blockGrowths=7 hooks=600841 hookRejections=0 violations=0 earlyReuses=0 reallocInPlace=46 reallocMoved=0 reallocDelegated=0 trims=0 trimmedBlocks=0 leakedBlocks=0 objects=2727 bytesHeap=126136698336 bytesDirect=0 liveHeap=0 liveDirect=0
ARENALOOP thread=io.github.neoionet.netty.microbenchmark.ByteBufAllocatorAllocPatternBenchmark.heapAllocation-1-19 arenaHeap=10452916 arenaDirect=0 delegateHeap=29258234 delegateDirect=0 arenaShare=26.32% blocksHeap=8 blocksDirect=1 pinned=8 reusable=0 maxPinnedHeap=8 maxPinnedDirect=0 blockReuses=35426 blockGrowths=7 hooks=620358 hookRejections=0 violations=0 earlyReuses=0 reallocInPlace=47 reallocMoved=0 reallocDelegated=0 trims=0 trimmedBlocks=0 leakedBlocks=0 objects=2727 bytesHeap=130225100024 bytesDirect=0 liveHeap=0 liveDirect=0
ARENALOOP thread=io.github.neoionet.netty.microbenchmark.ByteBufAllocatorAllocPatternBenchmark.heapAllocation-1-12 arenaHeap=9321794 arenaDirect=0 delegateHeap=26092904 delegateDirect=0 arenaShare=26.32% blocksHeap=8 blocksDirect=1 pinned=8 reusable=0 maxPinnedHeap=8 maxPinnedDirect=0 blockReuses=31592 blockGrowths=7 hooks=553226 hookRejections=0 violations=0 earlyReuses=0 reallocInPlace=42 reallocMoved=0 reallocDelegated=0 trims=0 trimmedBlocks=0 leakedBlocks=0 objects=2727 bytesHeap=116133186864 bytesDirect=0 liveHeap=0 liveDirect=0
ARENALOOP thread=io.github.neoionet.netty.microbenchmark.ByteBufAllocatorAllocPatternBenchmark.heapAllocation-1-22 arenaHeap=14048147 arenaDirect=0 delegateHeap=39315118 delegateDirect=0 arenaShare=26.33% blocksHeap=8 blocksDirect=1 pinned=8 reusable=0 maxPinnedHeap=8 maxPinnedDirect=0 blockReuses=47611 blockGrowths=7 hooks=833673 hookRejections=0 violations=0 earlyReuses=0 reallocInPlace=63 reallocMoved=0 reallocDelegated=0 trims=0 trimmedBlocks=0 leakedBlocks=0 objects=2727 bytesHeap=174993472592 bytesDirect=0 liveHeap=0 liveDirect=0
ARENALOOP thread=io.github.neoionet.netty.microbenchmark.ByteBufAllocatorAllocPatternBenchmark.heapAllocation-1-26 arenaHeap=11362506 arenaDirect=0 delegateHeap=31805827 delegateDirect=0 arenaShare=26.32% blocksHeap=8 blocksDirect=1 pinned=8 reusable=0 maxPinnedHeap=8 maxPinnedDirect=0 blockReuses=38512 blockGrowths=7 hooks=674377 hookRejections=0 violations=0 earlyReuses=0 reallocInPlace=52 reallocMoved=0 reallocDelegated=0 trims=0 trimmedBlocks=0 leakedBlocks=0 objects=2727 bytesHeap=141564344496 bytesDirect=0 liveHeap=0 liveDirect=0
ARENALOOP thread=io.github.neoionet.netty.microbenchmark.ByteBufAllocatorAllocPatternBenchmark.heapAllocation-1-11 arenaHeap=10307984 arenaDirect=0 delegateHeap=28853237 delegateDirect=0 arenaShare=26.32% blocksHeap=8 blocksDirect=1 pinned=8 reusable=0 maxPinnedHeap=8 maxPinnedDirect=0 blockReuses=34936 blockGrowths=7 hooks=611766 hookRejections=0 violations=0 earlyReuses=0 reallocInPlace=47 reallocMoved=0 reallocDelegated=0 trims=0 trimmedBlocks=0 leakedBlocks=0 objects=2727 bytesHeap=128422362224 bytesDirect=0 liveHeap=0 liveDirect=0
ARENALOOP thread=io.github.neoionet.netty.microbenchmark.ByteBufAllocatorAllocPatternBenchmark.heapAllocation-1-3 arenaHeap=8671551 arenaDirect=0 delegateHeap=24277027 delegateDirect=0 arenaShare=26.32% blocksHeap=8 blocksDirect=1 pinned=8 reusable=0 maxPinnedHeap=8 maxPinnedDirect=0 blockReuses=29393 blockGrowths=7 hooks=514693 hookRejections=0 violations=0 earlyReuses=0 reallocInPlace=38 reallocMoved=0 reallocDelegated=0 trims=0 trimmedBlocks=0 leakedBlocks=0 objects=2727 bytesHeap=108045328936 bytesDirect=0 liveHeap=0 liveDirect=0
ARENALOOP thread=io.github.neoionet.netty.microbenchmark.ByteBufAllocatorAllocPatternBenchmark.heapAllocation-1-7 arenaHeap=9588948 arenaDirect=0 delegateHeap=26841623 delegateDirect=0 arenaShare=26.32% blocksHeap=8 blocksDirect=1 pinned=8 reusable=0 maxPinnedHeap=8 maxPinnedDirect=0 blockReuses=32502 blockGrowths=7 hooks=569099 hookRejections=0 violations=0 earlyReuses=0 reallocInPlace=43 reallocMoved=0 reallocDelegated=0 trims=0 trimmedBlocks=0 leakedBlocks=0 objects=2727 bytesHeap=119461248512 bytesDirect=0 liveHeap=0 liveDirect=0
ARENALOOP thread=io.github.neoionet.netty.microbenchmark.ByteBufAllocatorAllocPatternBenchmark.heapAllocation-1-5 arenaHeap=11210289 arenaDirect=0 delegateHeap=31387838 delegateDirect=0 arenaShare=26.32% blocksHeap=8 blocksDirect=1 pinned=8 reusable=0 maxPinnedHeap=8 maxPinnedDirect=0 blockReuses=38003 blockGrowths=7 hooks=665467 hookRejections=0 violations=0 earlyReuses=0 reallocInPlace=51 reallocMoved=0 reallocDelegated=0 trims=0 trimmedBlocks=0 leakedBlocks=0 objects=2727 bytesHeap=139702487288 bytesDirect=0 liveHeap=0 liveDirect=0
ARENALOOP thread=io.github.neoionet.netty.microbenchmark.ByteBufAllocatorAllocPatternBenchmark.heapAllocation-1-29 arenaHeap=10221337 arenaDirect=0 delegateHeap=28617279 delegateDirect=0 arenaShare=26.32% blocksHeap=8 blocksDirect=1 pinned=8 reusable=0 maxPinnedHeap=8 maxPinnedDirect=0 blockReuses=34648 blockGrowths=7 hooks=606725 hookRejections=0 violations=0 earlyReuses=0 reallocInPlace=47 reallocMoved=0 reallocDelegated=0 trims=0 trimmedBlocks=0 leakedBlocks=0 objects=2727 bytesHeap=127369251216 bytesDirect=0 liveHeap=0 liveDirect=0
ARENALOOP thread=io.github.neoionet.netty.microbenchmark.ByteBufAllocatorAllocPatternBenchmark.heapAllocation-1-31 arenaHeap=10534777 arenaDirect=0 delegateHeap=29487711 delegateDirect=0 arenaShare=26.32% blocksHeap=8 blocksDirect=1 pinned=8 reusable=0 maxPinnedHeap=8 maxPinnedDirect=0 blockReuses=35704 blockGrowths=7 hooks=625223 hookRejections=0 violations=0 earlyReuses=0 reallocInPlace=48 reallocMoved=0 reallocDelegated=0 trims=0 trimmedBlocks=0 leakedBlocks=0 objects=2727 bytesHeap=131243878816 bytesDirect=0 liveHeap=0 liveDirect=0
ARENALOOP thread=io.github.neoionet.netty.microbenchmark.ByteBufAllocatorAllocPatternBenchmark.heapAllocation-1-14 arenaHeap=11808247 arenaDirect=0 delegateHeap=33049466 delegateDirect=0 arenaShare=26.32% blocksHeap=8 blocksDirect=1 pinned=8 reusable=0 maxPinnedHeap=8 maxPinnedDirect=0 blockReuses=40021 blockGrowths=7 hooks=700773 hookRejections=0 violations=0 earlyReuses=0 reallocInPlace=53 reallocMoved=0 reallocDelegated=0 trims=0 trimmedBlocks=0 leakedBlocks=0 objects=2727 bytesHeap=147098370792 bytesDirect=0 liveHeap=0 liveDirect=0
ARENALOOP thread=io.github.neoionet.netty.microbenchmark.ByteBufAllocatorAllocPatternBenchmark.heapAllocation-1-20 arenaHeap=9751966 arenaDirect=0 delegateHeap=27298555 delegateDirect=0 arenaShare=26.32% blocksHeap=8 blocksDirect=1 pinned=8 reusable=0 maxPinnedHeap=8 maxPinnedDirect=0 blockReuses=33054 blockGrowths=7 hooks=578786 hookRejections=0 violations=0 earlyReuses=0 reallocInPlace=43 reallocMoved=0 reallocDelegated=0 trims=0 trimmedBlocks=0 leakedBlocks=0 objects=2727 bytesHeap=121495522592 bytesDirect=0 liveHeap=0 liveDirect=0
ARENALOOP thread=io.github.neoionet.netty.microbenchmark.ByteBufAllocatorAllocPatternBenchmark.heapAllocation-1-32 arenaHeap=12395818 arenaDirect=0 delegateHeap=34700490 delegateDirect=0 arenaShare=26.32% blocksHeap=8 blocksDirect=1 pinned=8 reusable=0 maxPinnedHeap=8 maxPinnedDirect=0 blockReuses=42017 blockGrowths=7 hooks=735751 hookRejections=0 violations=0 earlyReuses=0 reallocInPlace=57 reallocMoved=0 reallocDelegated=0 trims=0 trimmedBlocks=0 leakedBlocks=0 objects=2727 bytesHeap=154449749960 bytesDirect=0 liveHeap=0 liveDirect=0
ARENALOOP thread=io.github.neoionet.netty.microbenchmark.ByteBufAllocatorAllocPatternBenchmark.heapAllocation-1-2 arenaHeap=11633773 arenaDirect=0 delegateHeap=32559211 delegateDirect=0 arenaShare=26.32% blocksHeap=8 blocksDirect=1 pinned=8 reusable=0 maxPinnedHeap=8 maxPinnedDirect=0 blockReuses=39427 blockGrowths=7 hooks=690387 hookRejections=0 violations=0 earlyReuses=0 reallocInPlace=53 reallocMoved=0 reallocDelegated=0 trims=0 trimmedBlocks=0 leakedBlocks=0 objects=2727 bytesHeap=144919797432 bytesDirect=0 liveHeap=0 liveDirect=0
568.751 ±(99.9%) 139.234 ns/op


Result "io.github.neoionet.netty.microbenchmark.ByteBufAllocatorAllocPatternBenchmark.heapAllocation":
  587.833 ±(99.9%) 18.483 ns/op [Average]
  (min, avg, max) = (539.688, 587.833, 643.946), stdev = 27.665
  CI (99.9%): [569.350, 606.316] (assumes normal distribution)


# JMH version: 1.37
# VM version: JDK 21, Java HotSpot(TM) 64-Bit Server VM, 21+35-LTS-2513
# VM invoker: /home/forked_franz/.sdkman/candidates/java/21-oracle/bin/java
# VM options: -server -dsa -da -XX:InitialRAMPercentage=40.0 -XX:MaxRAMPercentage=40.0 -Dio.netty.leakDetection.level=disabled -Djmh.executor=CUSTOM -Djmh.executor.class=io.github.neoionet.netty.microbenchmark.executor.FastThreadLocalThreadHarnessExecutor -XX:MaxRAM=60g -Dexpt.hookEvery=64
# Blackhole mode: compiler (auto-detected, use -Djmh.blackhole.autoDetect=false to disable)
# Warmup: 10 iterations, 1 s each
# Measurement: 10 iterations, 1 s each
# Timeout: 10 min per iteration
# Threads: 32 threads, will synchronize iterations
# Benchmark mode: Average time, time/op
# Benchmark: io.github.neoionet.netty.microbenchmark.ByteBufAllocatorAllocPatternBenchmark.heapAllocation
# Parameters: (MAX_LIVE_BUFFERS = 16384, allocatorType = ARENA, enableReadWrite = true, sizePattern = E_COMMERCE)

# Run progress: 78.57% complete, ETA 00:03:48
# Fork: 1 of 3
# Warmup Iteration   1: 854.364 ±(99.9%) 145.907 ns/op
# Warmup Iteration   2: 836.384 ±(99.9%) 139.073 ns/op
# Warmup Iteration   3: 651.721 ±(99.9%) 69.333 ns/op
# Warmup Iteration   4: 781.230 ±(99.9%) 271.651 ns/op
# Warmup Iteration   5: 700.992 ±(99.9%) 117.360 ns/op
# Warmup Iteration   6: 695.304 ±(99.9%) 133.115 ns/op
# Warmup Iteration   7: 704.889 ±(99.9%) 150.670 ns/op
# Warmup Iteration   8: 698.520 ±(99.9%) 149.193 ns/op
# Warmup Iteration   9: 697.729 ±(99.9%) 153.133 ns/op
# Warmup Iteration  10: 746.019 ±(99.9%) 211.837 ns/op
Iteration   1: 673.745 ±(99.9%) 124.614 ns/op
Iteration   2: 703.211 ±(99.9%) 173.659 ns/op
Iteration   3: 680.464 ±(99.9%) 144.278 ns/op
Iteration   4: 743.123 ±(99.9%) 194.776 ns/op
Iteration   5: 781.547 ±(99.9%) 218.167 ns/op
Iteration   6: 774.414 ±(99.9%) 240.334 ns/op
Iteration   7: 687.657 ±(99.9%) 158.831 ns/op
Iteration   8: 676.514 ±(99.9%) 138.226 ns/op
Iteration   9: 721.599 ±(99.9%) 179.155 ns/op
Iteration  10: cRSS-pRSS:[4901, 4901]
;used-memory:[0]
ARENATELE blockSize=262144 maxBlocks=8 cap=8192 maxObjects=16384 debug=false arenaHeap=144820708 arenaDirect=0 delegateHeap=916752193 delegateDirect=0 arenaShare=13.64% blocksHeap=256 blocksDirect=32 pinned=255 reusable=0 maxPinnedHeap=256 maxPinnedDirect=0 blockReuses=491755 blockGrowths=224 hooks=16578867 hookRejections=0 violations=0 earlyReuses=0 reallocInPlace=734 reallocMoved=0 reallocDelegated=0 trims=0 trimmedBlocks=0 leakedBlocks=0 objects=89216 bytesHeap=3900879263960 bytesDirect=0 liveHeap=7898 liveDirect=0
ARENALOOP thread=io.github.neoionet.netty.microbenchmark.ByteBufAllocatorAllocPatternBenchmark.heapAllocation-1-15 arenaHeap=4738738 arenaDirect=0 delegateHeap=29999012 delegateDirect=0 arenaShare=13.64% blocksHeap=8 blocksDirect=1 pinned=8 reusable=0 maxPinnedHeap=8 maxPinnedDirect=0 blockReuses=16091 blockGrowths=7 hooks=542521 hookRejections=0 violations=0 earlyReuses=0 reallocInPlace=23 reallocMoved=0 reallocDelegated=0 trims=0 trimmedBlocks=0 leakedBlocks=0 objects=2788 bytesHeap=127651740896 bytesDirect=0 liveHeap=716 liveDirect=0
ARENALOOP thread=io.github.neoionet.netty.microbenchmark.ByteBufAllocatorAllocPatternBenchmark.heapAllocation-1-13 arenaHeap=4214313 arenaDirect=0 delegateHeap=26678776 delegateDirect=0 arenaShare=13.64% blocksHeap=8 blocksDirect=1 pinned=8 reusable=0 maxPinnedHeap=8 maxPinnedDirect=0 blockReuses=14310 blockGrowths=7 hooks=482448 hookRejections=0 violations=0 earlyReuses=0 reallocInPlace=21 reallocMoved=0 reallocDelegated=0 trims=0 trimmedBlocks=0 leakedBlocks=0 objects=2788 bytesHeap=113514869528 bytesDirect=0 liveHeap=0 liveDirect=0
ARENALOOP thread=io.github.neoionet.netty.microbenchmark.ByteBufAllocatorAllocPatternBenchmark.heapAllocation-1-4 arenaHeap=3963626 arenaDirect=0 delegateHeap=25093560 delegateDirect=0 arenaShare=13.64% blocksHeap=8 blocksDirect=1 pinned=8 reusable=0 maxPinnedHeap=8 maxPinnedDirect=0 blockReuses=13459 blockGrowths=7 hooks=453762 hookRejections=0 violations=0 earlyReuses=0 reallocInPlace=20 reallocMoved=0 reallocDelegated=0 trims=0 trimmedBlocks=0 leakedBlocks=0 objects=2788 bytesHeap=106767693032 bytesDirect=0 liveHeap=267 liveDirect=0
ARENALOOP thread=io.github.neoionet.netty.microbenchmark.ByteBufAllocatorAllocPatternBenchmark.heapAllocation-1-1 arenaHeap=5065571 arenaDirect=0 delegateHeap=32060573 delegateDirect=0 arenaShare=13.64% blocksHeap=8 blocksDirect=1 pinned=8 reusable=0 maxPinnedHeap=8 maxPinnedDirect=0 blockReuses=17199 blockGrowths=7 hooks=579840 hookRejections=0 violations=0 earlyReuses=0 reallocInPlace=27 reallocMoved=0 reallocDelegated=0 trims=0 trimmedBlocks=0 leakedBlocks=0 objects=2788 bytesHeap=136433360208 bytesDirect=0 liveHeap=79 liveDirect=0
ARENALOOP thread=io.github.neoionet.netty.microbenchmark.ByteBufAllocatorAllocPatternBenchmark.heapAllocation-1-5 arenaHeap=3559628 arenaDirect=0 delegateHeap=22533181 delegateDirect=0 arenaShare=13.64% blocksHeap=8 blocksDirect=1 pinned=8 reusable=0 maxPinnedHeap=8 maxPinnedDirect=0 blockReuses=12085 blockGrowths=7 hooks=407444 hookRejections=0 violations=0 earlyReuses=0 reallocInPlace=19 reallocMoved=0 reallocDelegated=0 trims=0 trimmedBlocks=0 leakedBlocks=0 objects=2788 bytesHeap=95867295000 bytesDirect=0 liveHeap=0 liveDirect=0
ARENALOOP thread=io.github.neoionet.netty.microbenchmark.ByteBufAllocatorAllocPatternBenchmark.heapAllocation-1-22 arenaHeap=4533188 arenaDirect=0 delegateHeap=28699571 delegateDirect=0 arenaShare=13.64% blocksHeap=8 blocksDirect=1 pinned=8 reusable=0 maxPinnedHeap=8 maxPinnedDirect=0 blockReuses=15395 blockGrowths=7 hooks=519005 hookRejections=0 violations=0 earlyReuses=0 reallocInPlace=22 reallocMoved=0 reallocDelegated=0 trims=0 trimmedBlocks=0 leakedBlocks=0 objects=2788 bytesHeap=122116062528 bytesDirect=0 liveHeap=842 liveDirect=0
ARENALOOP thread=io.github.neoionet.netty.microbenchmark.ByteBufAllocatorAllocPatternBenchmark.heapAllocation-1-12 arenaHeap=4183745 arenaDirect=0 delegateHeap=26487480 delegateDirect=0 arenaShare=13.64% blocksHeap=8 blocksDirect=1 pinned=8 reusable=0 maxPinnedHeap=8 maxPinnedDirect=0 blockReuses=14208 blockGrowths=7 hooks=478981 hookRejections=0 violations=0 earlyReuses=0 reallocInPlace=21 reallocMoved=0 reallocDelegated=0 trims=0 trimmedBlocks=0 leakedBlocks=0 objects=2788 bytesHeap=112700721480 bytesDirect=0 liveHeap=782 liveDirect=0
ARENALOOP thread=io.github.neoionet.netty.microbenchmark.ByteBufAllocatorAllocPatternBenchmark.heapAllocation-1-21 arenaHeap=4598192 arenaDirect=0 delegateHeap=29106957 delegateDirect=0 arenaShare=13.64% blocksHeap=8 blocksDirect=1 pinned=8 reusable=0 maxPinnedHeap=8 maxPinnedDirect=0 blockReuses=15614 blockGrowths=7 hooks=526386 hookRejections=0 violations=0 earlyReuses=0 reallocInPlace=22 reallocMoved=0 reallocDelegated=0 trims=0 trimmedBlocks=0 leakedBlocks=0 objects=2788 bytesHeap=123849649856 bytesDirect=0 liveHeap=0 liveDirect=0
ARENALOOP thread=io.github.neoionet.netty.microbenchmark.ByteBufAllocatorAllocPatternBenchmark.heapAllocation-1-11 arenaHeap=4083986 arenaDirect=0 delegateHeap=25852014 delegateDirect=0 arenaShare=13.64% blocksHeap=8 blocksDirect=1 pinned=8 reusable=0 maxPinnedHeap=8 maxPinnedDirect=0 blockReuses=13867 blockGrowths=7 hooks=467494 hookRejections=0 violations=0 earlyReuses=0 reallocInPlace=21 reallocMoved=0 reallocDelegated=0 trims=0 trimmedBlocks=0 leakedBlocks=0 objects=2788 bytesHeap=109996202328 bytesDirect=0 liveHeap=0 liveDirect=0
ARENALOOP thread=io.github.neoionet.netty.microbenchmark.ByteBufAllocatorAllocPatternBenchmark.heapAllocation-1-23 arenaHeap=4971667 arenaDirect=0 delegateHeap=31471227 delegateDirect=0 arenaShare=13.64% blocksHeap=8 blocksDirect=1 pinned=8 reusable=0 maxPinnedHeap=8 maxPinnedDirect=0 blockReuses=16883 blockGrowths=7 hooks=569164 hookRejections=0 violations=0 earlyReuses=0 reallocInPlace=27 reallocMoved=0 reallocDelegated=0 trims=0 trimmedBlocks=0 leakedBlocks=0 objects=2788 bytesHeap=133925396360 bytesDirect=0 liveHeap=0 liveDirect=0
ARENALOOP thread=io.github.neoionet.netty.microbenchmark.ByteBufAllocatorAllocPatternBenchmark.heapAllocation-1-31 arenaHeap=5173333 arenaDirect=0 delegateHeap=32746248 delegateDirect=0 arenaShare=13.64% blocksHeap=8 blocksDirect=1 pinned=8 reusable=0 maxPinnedHeap=8 maxPinnedDirect=0 blockReuses=17566 blockGrowths=7 hooks=592237 hookRejections=0 violations=0 earlyReuses=0 reallocInPlace=28 reallocMoved=0 reallocDelegated=0 trims=0 trimmedBlocks=0 leakedBlocks=0 objects=2788 bytesHeap=139349288680 bytesDirect=0 liveHeap=501 liveDirect=0
ARENALOOP thread=io.github.neoionet.netty.microbenchmark.ByteBufAllocatorAllocPatternBenchmark.heapAllocation-1-30 arenaHeap=4712127 arenaDirect=0 delegateHeap=29831093 delegateDirect=0 arenaShare=13.64% blocksHeap=8 blocksDirect=1 pinned=8 reusable=0 maxPinnedHeap=8 maxPinnedDirect=0 blockReuses=16002 blockGrowths=7 hooks=539481 hookRejections=0 violations=0 earlyReuses=0 reallocInPlace=23 reallocMoved=0 reallocDelegated=0 trims=0 trimmedBlocks=0 leakedBlocks=0 objects=2788 bytesHeap=126934834888 bytesDirect=0 liveHeap=0 liveDirect=0
ARENALOOP thread=io.github.neoionet.netty.microbenchmark.ByteBufAllocatorAllocPatternBenchmark.heapAllocation-1-19 arenaHeap=4875185 arenaDirect=0 delegateHeap=30861186 delegateDirect=0 arenaShare=13.64% blocksHeap=8 blocksDirect=1 pinned=8 reusable=0 maxPinnedHeap=8 maxPinnedDirect=0 blockReuses=16555 blockGrowths=7 hooks=558124 hookRejections=0 violations=0 earlyReuses=0 reallocInPlace=26 reallocMoved=0 reallocDelegated=0 trims=0 trimmedBlocks=0 leakedBlocks=0 objects=2788 bytesHeap=131324718448 bytesDirect=0 liveHeap=750 liveDirect=0
ARENALOOP thread=io.github.neoionet.netty.microbenchmark.ByteBufAllocatorAllocPatternBenchmark.heapAllocation-1-7 arenaHeap=4079498 arenaDirect=0 delegateHeap=25820929 delegateDirect=0 arenaShare=13.64% blocksHeap=8 blocksDirect=1 pinned=8 reusable=0 maxPinnedHeap=8 maxPinnedDirect=0 blockReuses=13851 blockGrowths=7 hooks=466938 hookRejections=0 violations=0 earlyReuses=0 reallocInPlace=21 reallocMoved=0 reallocDelegated=0 trims=0 trimmedBlocks=0 leakedBlocks=0 objects=2788 bytesHeap=109863935488 bytesDirect=0 liveHeap=318 liveDirect=0
ARENALOOP thread=io.github.neoionet.netty.microbenchmark.ByteBufAllocatorAllocPatternBenchmark.heapAllocation-1-27 arenaHeap=5483523 arenaDirect=0 delegateHeap=34708190 delegateDirect=0 arenaShare=13.64% blocksHeap=8 blocksDirect=1 pinned=8 reusable=0 maxPinnedHeap=8 maxPinnedDirect=0 blockReuses=18620 blockGrowths=7 hooks=627739 hookRejections=0 violations=0 earlyReuses=0 reallocInPlace=28 reallocMoved=0 reallocDelegated=0 trims=0 trimmedBlocks=0 leakedBlocks=0 objects=2788 bytesHeap=147705199128 bytesDirect=0 liveHeap=0 liveDirect=0
ARENALOOP thread=io.github.neoionet.netty.microbenchmark.ByteBufAllocatorAllocPatternBenchmark.heapAllocation-1-16 arenaHeap=3726810 arenaDirect=0 delegateHeap=23594869 delegateDirect=0 arenaShare=13.64% blocksHeap=8 blocksDirect=1 pinned=8 reusable=0 maxPinnedHeap=8 maxPinnedDirect=0 blockReuses=12654 blockGrowths=7 hooks=426645 hookRejections=0 violations=0 earlyReuses=0 reallocInPlace=19 reallocMoved=0 reallocDelegated=0 trims=0 trimmedBlocks=0 leakedBlocks=0 objects=2788 bytesHeap=100388138488 bytesDirect=0 liveHeap=16 liveDirect=0
ARENALOOP thread=io.github.neoionet.netty.microbenchmark.ByteBufAllocatorAllocPatternBenchmark.heapAllocation-1-14 arenaHeap=4265149 arenaDirect=0 delegateHeap=26997667 delegateDirect=0 arenaShare=13.64% blocksHeap=8 blocksDirect=1 pinned=8 reusable=0 maxPinnedHeap=8 maxPinnedDirect=0 blockReuses=14482 blockGrowths=7 hooks=488225 hookRejections=0 violations=0 earlyReuses=0 reallocInPlace=21 reallocMoved=0 reallocDelegated=0 trims=0 trimmedBlocks=0 leakedBlocks=0 objects=2788 bytesHeap=114874578568 bytesDirect=0 liveHeap=362 liveDirect=0
ARENALOOP thread=io.github.neoionet.netty.microbenchmark.ByteBufAllocatorAllocPatternBenchmark.heapAllocation-1-3 arenaHeap=4549998 arenaDirect=0 delegateHeap=28804430 delegateDirect=0 arenaShare=13.64% blocksHeap=8 blocksDirect=1 pinned=8 reusable=0 maxPinnedHeap=8 maxPinnedDirect=0 blockReuses=15450 blockGrowths=7 hooks=520906 hookRejections=0 violations=0 earlyReuses=0 reallocInPlace=22 reallocMoved=0 reallocDelegated=0 trims=0 trimmedBlocks=0 leakedBlocks=0 objects=2788 bytesHeap=122561167632 bytesDirect=0 liveHeap=1387 liveDirect=0
ARENALOOP thread=io.github.neoionet.netty.microbenchmark.ByteBufAllocatorAllocPatternBenchmark.heapAllocation-1-26 arenaHeap=4792737 arenaDirect=0 delegateHeap=30337046 delegateDirect=0 arenaShare=13.64% blocksHeap=8 blocksDirect=1 pinned=8 reusable=0 maxPinnedHeap=8 maxPinnedDirect=0 blockReuses=16274 blockGrowths=7 hooks=548646 hookRejections=0 violations=0 earlyReuses=0 reallocInPlace=24 reallocMoved=0 reallocDelegated=0 trims=0 trimmedBlocks=0 leakedBlocks=0 objects=2788 bytesHeap=129091190640 bytesDirect=0 liveHeap=0 liveDirect=0
ARENALOOP thread=io.github.neoionet.netty.microbenchmark.ByteBufAllocatorAllocPatternBenchmark.heapAllocation-1-2 arenaHeap=4764528 arenaDirect=0 delegateHeap=30156305 delegateDirect=0 arenaShare=13.64% blocksHeap=8 blocksDirect=1 pinned=8 reusable=0 maxPinnedHeap=8 maxPinnedDirect=0 blockReuses=16178 blockGrowths=7 hooks=545382 hookRejections=0 violations=0 earlyReuses=0 reallocInPlace=23 reallocMoved=0 reallocDelegated=0 trims=0 trimmedBlocks=0 leakedBlocks=0 objects=2788 bytesHeap=128322246000 bytesDirect=0 liveHeap=207 liveDirect=0
ARENALOOP thread=io.github.neoionet.netty.microbenchmark.ByteBufAllocatorAllocPatternBenchmark.heapAllocation-1-32 arenaHeap=5194430 arenaDirect=0 delegateHeap=32874273 delegateDirect=0 arenaShare=13.64% blocksHeap=8 blocksDirect=1 pinned=8 reusable=0 maxPinnedHeap=8 maxPinnedDirect=0 blockReuses=17636 blockGrowths=7 hooks=594567 hookRejections=0 violations=0 earlyReuses=0 reallocInPlace=28 reallocMoved=0 reallocDelegated=0 trims=0 trimmedBlocks=0 leakedBlocks=0 objects=2788 bytesHeap=139894834704 bytesDirect=0 liveHeap=0 liveDirect=0
ARENALOOP thread=io.github.neoionet.netty.microbenchmark.ByteBufAllocatorAllocPatternBenchmark.heapAllocation-1-25 arenaHeap=4293792 arenaDirect=0 delegateHeap=27186122 delegateDirect=0 arenaShare=13.64% blocksHeap=8 blocksDirect=1 pinned=7 reusable=0 maxPinnedHeap=8 maxPinnedDirect=0 blockReuses=14583 blockGrowths=7 hooks=491617 hookRejections=0 violations=0 earlyReuses=0 reallocInPlace=21 reallocMoved=0 reallocDelegated=0 trims=0 trimmedBlocks=0 leakedBlocks=0 objects=2788 bytesHeap=115675337392 bytesDirect=0 liveHeap=0 liveDirect=0
ARENALOOP thread=io.github.neoionet.netty.microbenchmark.ByteBufAllocatorAllocPatternBenchmark.heapAllocation-1-6 arenaHeap=4245554 arenaDirect=0 delegateHeap=26876928 delegateDirect=0 arenaShare=13.64% blocksHeap=8 blocksDirect=1 pinned=8 reusable=0 maxPinnedHeap=8 maxPinnedDirect=0 blockReuses=14416 blockGrowths=7 hooks=486032 hookRejections=0 violations=0 earlyReuses=0 reallocInPlace=21 reallocMoved=0 reallocDelegated=0 trims=0 trimmedBlocks=0 leakedBlocks=0 objects=2788 bytesHeap=114359595864 bytesDirect=0 liveHeap=0 liveDirect=0
ARENALOOP thread=io.github.neoionet.netty.microbenchmark.ByteBufAllocatorAllocPatternBenchmark.heapAllocation-1-17 arenaHeap=4743508 arenaDirect=0 delegateHeap=30025690 delegateDirect=0 arenaShare=13.64% blocksHeap=8 blocksDirect=1 pinned=8 reusable=0 maxPinnedHeap=8 maxPinnedDirect=0 blockReuses=16107 blockGrowths=7 hooks=543012 hookRejections=0 violations=0 earlyReuses=0 reallocInPlace=23 reallocMoved=0 reallocDelegated=0 trims=0 trimmedBlocks=0 leakedBlocks=0 objects=2788 bytesHeap=127765440224 bytesDirect=0 liveHeap=915 liveDirect=0
ARENALOOP thread=io.github.neoionet.netty.microbenchmark.ByteBufAllocatorAllocPatternBenchmark.heapAllocation-1-10 arenaHeap=4443671 arenaDirect=0 delegateHeap=28133482 delegateDirect=0 arenaShare=13.64% blocksHeap=8 blocksDirect=1 pinned=8 reusable=0 maxPinnedHeap=8 maxPinnedDirect=0 blockReuses=15091 blockGrowths=7 hooks=508762 hookRejections=0 violations=0 earlyReuses=0 reallocInPlace=22 reallocMoved=0 reallocDelegated=0 trims=0 trimmedBlocks=0 leakedBlocks=0 objects=2788 bytesHeap=119707183088 bytesDirect=0 liveHeap=0 liveDirect=0
ARENALOOP thread=io.github.neoionet.netty.microbenchmark.ByteBufAllocatorAllocPatternBenchmark.heapAllocation-1-20 arenaHeap=3772381 arenaDirect=0 delegateHeap=23879750 delegateDirect=0 arenaShare=13.64% blocksHeap=8 blocksDirect=1 pinned=8 reusable=0 maxPinnedHeap=8 maxPinnedDirect=0 blockReuses=12807 blockGrowths=7 hooks=431808 hookRejections=0 violations=0 earlyReuses=0 reallocInPlace=19 reallocMoved=0 reallocDelegated=0 trims=0 trimmedBlocks=0 leakedBlocks=0 objects=2788 bytesHeap=101602081752 bytesDirect=0 liveHeap=0 liveDirect=0
ARENALOOP thread=io.github.neoionet.netty.microbenchmark.ByteBufAllocatorAllocPatternBenchmark.heapAllocation-1-24 arenaHeap=4290870 arenaDirect=0 delegateHeap=27169586 delegateDirect=0 arenaShare=13.64% blocksHeap=8 blocksDirect=1 pinned=8 reusable=0 maxPinnedHeap=8 maxPinnedDirect=0 blockReuses=14572 blockGrowths=7 hooks=491313 hookRejections=0 violations=0 earlyReuses=0 reallocInPlace=21 reallocMoved=0 reallocDelegated=0 trims=0 trimmedBlocks=0 leakedBlocks=0 objects=2788 bytesHeap=115604613256 bytesDirect=0 liveHeap=0 liveDirect=0
ARENALOOP thread=io.github.neoionet.netty.microbenchmark.ByteBufAllocatorAllocPatternBenchmark.heapAllocation-1-8 arenaHeap=5254061 arenaDirect=0 delegateHeap=33255862 delegateDirect=0 arenaShare=13.64% blocksHeap=8 blocksDirect=1 pinned=8 reusable=0 maxPinnedHeap=8 maxPinnedDirect=0 blockReuses=17840 blockGrowths=7 hooks=601461 hookRejections=0 violations=0 earlyReuses=0 reallocInPlace=28 reallocMoved=0 reallocDelegated=0 trims=0 trimmedBlocks=0 leakedBlocks=0 objects=2788 bytesHeap=141520135280 bytesDirect=0 liveHeap=0 liveDirect=0
ARENALOOP thread=io.github.neoionet.netty.microbenchmark.ByteBufAllocatorAllocPatternBenchmark.heapAllocation-1-29 arenaHeap=3927888 arenaDirect=0 delegateHeap=24861415 delegateDirect=0 arenaShare=13.64% blocksHeap=8 blocksDirect=1 pinned=8 reusable=0 maxPinnedHeap=8 maxPinnedDirect=0 blockReuses=13335 blockGrowths=7 hooks=449576 hookRejections=0 violations=0 earlyReuses=0 reallocInPlace=20 reallocMoved=0 reallocDelegated=0 trims=0 trimmedBlocks=0 leakedBlocks=0 objects=2788 bytesHeap=105780349480 bytesDirect=0 liveHeap=0 liveDirect=0
ARENALOOP thread=io.github.neoionet.netty.microbenchmark.ByteBufAllocatorAllocPatternBenchmark.heapAllocation-1-18 arenaHeap=4893892 arenaDirect=0 delegateHeap=30981871 delegateDirect=0 arenaShare=13.64% blocksHeap=8 blocksDirect=1 pinned=8 reusable=0 maxPinnedHeap=8 maxPinnedDirect=0 blockReuses=16619 blockGrowths=7 hooks=560302 hookRejections=0 violations=0 earlyReuses=0 reallocInPlace=26 reallocMoved=0 reallocDelegated=0 trims=0 trimmedBlocks=0 leakedBlocks=0 objects=2788 bytesHeap=131839449744 bytesDirect=0 liveHeap=396 liveDirect=0
ARENALOOP thread=io.github.neoionet.netty.microbenchmark.ByteBufAllocatorAllocPatternBenchmark.heapAllocation-1-9 arenaHeap=4848061 arenaDirect=0 delegateHeap=30692475 delegateDirect=0 arenaShare=13.64% blocksHeap=8 blocksDirect=1 pinned=8 reusable=0 maxPinnedHeap=8 maxPinnedDirect=0 blockReuses=16464 blockGrowths=7 hooks=555064 hookRejections=0 violations=0 earlyReuses=0 reallocInPlace=25 reallocMoved=0 reallocDelegated=0 trims=0 trimmedBlocks=0 leakedBlocks=0 objects=2788 bytesHeap=130606472336 bytesDirect=0 liveHeap=249 liveDirect=0
ARENALOOP thread=io.github.neoionet.netty.microbenchmark.ByteBufAllocatorAllocPatternBenchmark.heapAllocation-1-28 arenaHeap=4577058 arenaDirect=0 delegateHeap=28974425 delegateDirect=0 arenaShare=13.64% blocksHeap=8 blocksDirect=1 pinned=8 reusable=0 maxPinnedHeap=8 maxPinnedDirect=0 blockReuses=15542 blockGrowths=7 hooks=523985 hookRejections=0 violations=0 earlyReuses=0 reallocInPlace=22 reallocMoved=0 reallocDelegated=0 trims=0 trimmedBlocks=0 leakedBlocks=0 objects=2788 bytesHeap=123285481664 bytesDirect=0 liveHeap=105 liveDirect=0
671.316 ±(99.9%) 106.654 ns/op

# Run progress: 80.95% complete, ETA 00:03:23
# Fork: 2 of 3
# Warmup Iteration   1: 919.954 ±(99.9%) 99.965 ns/op
# Warmup Iteration   2: 1103.308 ±(99.9%) 242.091 ns/op
# Warmup Iteration   3: 706.538 ±(99.9%) 72.696 ns/op
# Warmup Iteration   4: 732.838 ±(99.9%) 127.450 ns/op
# Warmup Iteration   5: 811.071 ±(99.9%) 208.760 ns/op
# Warmup Iteration   6: 757.872 ±(99.9%) 173.471 ns/op
# Warmup Iteration   7: 770.004 ±(99.9%) 193.642 ns/op
# Warmup Iteration   8: 752.094 ±(99.9%) 169.574 ns/op
# Warmup Iteration   9: 891.272 ±(99.9%) 286.266 ns/op
# Warmup Iteration  10: 731.964 ±(99.9%) 123.715 ns/op
Iteration   1: 737.316 ±(99.9%) 154.799 ns/op
Iteration   2: 784.162 ±(99.9%) 189.649 ns/op
Iteration   3: 821.078 ±(99.9%) 193.252 ns/op
Iteration   4: 779.407 ±(99.9%) 171.106 ns/op
Iteration   5: 912.600 ±(99.9%) 288.753 ns/op
Iteration   6: 826.987 ±(99.9%) 177.400 ns/op
Iteration   7: 725.084 ±(99.9%) 112.344 ns/op
Iteration   8: 730.762 ±(99.9%) 161.046 ns/op
Iteration   9: 712.936 ±(99.9%) 140.271 ns/op
Iteration  10: cRSS-pRSS:[4910, 4910]
;used-memory:[0]
ARENATELE blockSize=262144 maxBlocks=8 cap=8192 maxObjects=16384 debug=false arenaHeap=132175008 arenaDirect=0 delegateHeap=836705310 delegateDirect=0 arenaShare=13.64% blocksHeap=256 blocksDirect=32 pinned=255 reusable=0 maxPinnedHeap=256 maxPinnedDirect=0 blockReuses=448796 blockGrowths=224 hooks=15130545 hookRejections=0 violations=0 earlyReuses=0 reallocInPlace=676 reallocMoved=0 reallocDelegated=0 trims=0 trimmedBlocks=0 leakedBlocks=0 objects=89216 bytesHeap=3560097066784 bytesDirect=0 liveHeap=67 liveDirect=0
ARENALOOP thread=io.github.neoionet.netty.microbenchmark.ByteBufAllocatorAllocPatternBenchmark.heapAllocation-1-5 arenaHeap=3280084 arenaDirect=0 delegateHeap=20765930 delegateDirect=0 arenaShare=13.64% blocksHeap=8 blocksDirect=1 pinned=8 reusable=0 maxPinnedHeap=8 maxPinnedDirect=0 blockReuses=11136 blockGrowths=7 hooks=375462 hookRejections=0 violations=0 earlyReuses=0 reallocInPlace=18 reallocMoved=0 reallocDelegated=0 trims=0 trimmedBlocks=0 leakedBlocks=0 objects=2788 bytesHeap=88346896904 bytesDirect=0 liveHeap=67 liveDirect=0
ARENALOOP thread=io.github.neoionet.netty.microbenchmark.ByteBufAllocatorAllocPatternBenchmark.heapAllocation-1-10 arenaHeap=4677199 arenaDirect=0 delegateHeap=29608687 delegateDirect=0 arenaShare=13.64% blocksHeap=8 blocksDirect=1 pinned=8 reusable=0 maxPinnedHeap=8 maxPinnedDirect=0 blockReuses=15883 blockGrowths=7 hooks=535460 hookRejections=0 violations=0 earlyReuses=0 reallocInPlace=23 reallocMoved=0 reallocDelegated=0 trims=0 trimmedBlocks=0 leakedBlocks=0 objects=2788 bytesHeap=125987637640 bytesDirect=0 liveHeap=0 liveDirect=0
ARENALOOP thread=io.github.neoionet.netty.microbenchmark.ByteBufAllocatorAllocPatternBenchmark.heapAllocation-1-25 arenaHeap=3743530 arenaDirect=0 delegateHeap=23699135 delegateDirect=0 arenaShare=13.64% blocksHeap=8 blocksDirect=1 pinned=8 reusable=0 maxPinnedHeap=8 maxPinnedDirect=0 blockReuses=12710 blockGrowths=7 hooks=428535 hookRejections=0 violations=0 earlyReuses=0 reallocInPlace=19 reallocMoved=0 reallocDelegated=0 trims=0 trimmedBlocks=0 leakedBlocks=0 objects=2788 bytesHeap=100832646328 bytesDirect=0 liveHeap=0 liveDirect=0
ARENALOOP thread=io.github.neoionet.netty.microbenchmark.ByteBufAllocatorAllocPatternBenchmark.heapAllocation-1-32 arenaHeap=3827232 arenaDirect=0 delegateHeap=24225182 delegateDirect=0 arenaShare=13.64% blocksHeap=8 blocksDirect=1 pinned=8 reusable=0 maxPinnedHeap=8 maxPinnedDirect=0 blockReuses=12993 blockGrowths=7 hooks=438062 hookRejections=0 violations=0 earlyReuses=0 reallocInPlace=20 reallocMoved=0 reallocDelegated=0 trims=0 trimmedBlocks=0 leakedBlocks=0 objects=2788 bytesHeap=103072144960 bytesDirect=0 liveHeap=0 liveDirect=0
ARENALOOP thread=io.github.neoionet.netty.microbenchmark.ByteBufAllocatorAllocPatternBenchmark.heapAllocation-1-2 arenaHeap=3948836 arenaDirect=0 delegateHeap=24995993 delegateDirect=0 arenaShare=13.64% blocksHeap=8 blocksDirect=1 pinned=8 reusable=0 maxPinnedHeap=8 maxPinnedDirect=0 blockReuses=13407 blockGrowths=7 hooks=452006 hookRejections=0 violations=0 earlyReuses=0 reallocInPlace=20 reallocMoved=0 reallocDelegated=0 trims=0 trimmedBlocks=0 leakedBlocks=0 objects=2788 bytesHeap=106353764624 bytesDirect=0 liveHeap=0 liveDirect=0
ARENALOOP thread=io.github.neoionet.netty.microbenchmark.ByteBufAllocatorAllocPatternBenchmark.heapAllocation-1-21 arenaHeap=3827649 arenaDirect=0 delegateHeap=24228786 delegateDirect=0 arenaShare=13.64% blocksHeap=8 blocksDirect=1 pinned=8 reusable=0 maxPinnedHeap=8 maxPinnedDirect=0 blockReuses=12995 blockGrowths=7 hooks=438125 hookRejections=0 violations=0 earlyReuses=0 reallocInPlace=20 reallocMoved=0 reallocDelegated=0 trims=0 trimmedBlocks=0 leakedBlocks=0 objects=2788 bytesHeap=103087233288 bytesDirect=0 liveHeap=0 liveDirect=0
ARENALOOP thread=io.github.neoionet.netty.microbenchmark.ByteBufAllocatorAllocPatternBenchmark.heapAllocation-1-29 arenaHeap=4862704 arenaDirect=0 delegateHeap=30781460 delegateDirect=0 arenaShare=13.64% blocksHeap=8 blocksDirect=1 pinned=8 reusable=0 maxPinnedHeap=8 maxPinnedDirect=0 blockReuses=16512 blockGrowths=7 hooks=556684 hookRejections=0 violations=0 earlyReuses=0 reallocInPlace=26 reallocMoved=0 reallocDelegated=0 trims=0 trimmedBlocks=0 leakedBlocks=0 objects=2788 bytesHeap=130985259216 bytesDirect=0 liveHeap=0 liveDirect=0
ARENALOOP thread=io.github.neoionet.netty.microbenchmark.ByteBufAllocatorAllocPatternBenchmark.heapAllocation-1-17 arenaHeap=4058413 arenaDirect=0 delegateHeap=25690511 delegateDirect=0 arenaShare=13.64% blocksHeap=8 blocksDirect=1 pinned=8 reusable=0 maxPinnedHeap=8 maxPinnedDirect=0 blockReuses=13780 blockGrowths=7 hooks=464570 hookRejections=0 violations=0 earlyReuses=0 reallocInPlace=21 reallocMoved=0 reallocDelegated=0 trims=0 trimmedBlocks=0 leakedBlocks=0 objects=2788 bytesHeap=109308404808 bytesDirect=0 liveHeap=0 liveDirect=0
ARENALOOP thread=io.github.neoionet.netty.microbenchmark.ByteBufAllocatorAllocPatternBenchmark.heapAllocation-1-24 arenaHeap=4454647 arenaDirect=0 delegateHeap=28201060 delegateDirect=0 arenaShare=13.64% blocksHeap=8 blocksDirect=1 pinned=8 reusable=0 maxPinnedHeap=8 maxPinnedDirect=0 blockReuses=15128 blockGrowths=7 hooks=509989 hookRejections=0 violations=0 earlyReuses=0 reallocInPlace=22 reallocMoved=0 reallocDelegated=0 trims=0 trimmedBlocks=0 leakedBlocks=0 objects=2788 bytesHeap=119995089480 bytesDirect=0 liveHeap=0 liveDirect=0
ARENALOOP thread=io.github.neoionet.netty.microbenchmark.ByteBufAllocatorAllocPatternBenchmark.heapAllocation-1-4 arenaHeap=3241582 arenaDirect=0 delegateHeap=20519596 delegateDirect=0 arenaShare=13.64% blocksHeap=8 blocksDirect=1 pinned=8 reusable=0 maxPinnedHeap=8 maxPinnedDirect=0 blockReuses=11006 blockGrowths=7 hooks=371012 hookRejections=0 violations=0 earlyReuses=0 reallocInPlace=18 reallocMoved=0 reallocDelegated=0 trims=0 trimmedBlocks=0 leakedBlocks=0 objects=2788 bytesHeap=87297665720 bytesDirect=0 liveHeap=0 liveDirect=0
ARENALOOP thread=io.github.neoionet.netty.microbenchmark.ByteBufAllocatorAllocPatternBenchmark.heapAllocation-1-7 arenaHeap=4934913 arenaDirect=0 delegateHeap=31239441 delegateDirect=0 arenaShare=13.64% blocksHeap=8 blocksDirect=1 pinned=8 reusable=0 maxPinnedHeap=8 maxPinnedDirect=0 blockReuses=16758 blockGrowths=7 hooks=564968 hookRejections=0 violations=0 earlyReuses=0 reallocInPlace=26 reallocMoved=0 reallocDelegated=0 trims=0 trimmedBlocks=0 leakedBlocks=0 objects=2788 bytesHeap=132937001432 bytesDirect=0 liveHeap=0 liveDirect=0
ARENALOOP thread=io.github.neoionet.netty.microbenchmark.ByteBufAllocatorAllocPatternBenchmark.heapAllocation-1-27 arenaHeap=3962416 arenaDirect=0 delegateHeap=25088388 delegateDirect=0 arenaShare=13.64% blocksHeap=8 blocksDirect=1 pinned=8 reusable=0 maxPinnedHeap=8 maxPinnedDirect=0 blockReuses=13455 blockGrowths=7 hooks=453662 hookRejections=0 violations=0 earlyReuses=0 reallocInPlace=20 reallocMoved=0 reallocDelegated=0 trims=0 trimmedBlocks=0 leakedBlocks=0 objects=2788 bytesHeap=106745188368 bytesDirect=0 liveHeap=0 liveDirect=0
ARENALOOP thread=io.github.neoionet.netty.microbenchmark.ByteBufAllocatorAllocPatternBenchmark.heapAllocation-1-1 arenaHeap=3286387 arenaDirect=0 delegateHeap=20802150 delegateDirect=0 arenaShare=13.64% blocksHeap=8 blocksDirect=1 pinned=8 reusable=0 maxPinnedHeap=8 maxPinnedDirect=0 blockReuses=11157 blockGrowths=7 hooks=376127 hookRejections=0 violations=0 earlyReuses=0 reallocInPlace=18 reallocMoved=0 reallocDelegated=0 trims=0 trimmedBlocks=0 leakedBlocks=0 objects=2788 bytesHeap=88501396224 bytesDirect=0 liveHeap=0 liveDirect=0
ARENALOOP thread=io.github.neoionet.netty.microbenchmark.ByteBufAllocatorAllocPatternBenchmark.heapAllocation-1-15 arenaHeap=4301176 arenaDirect=0 delegateHeap=27232911 delegateDirect=0 arenaShare=13.64% blocksHeap=8 blocksDirect=1 pinned=8 reusable=0 maxPinnedHeap=8 maxPinnedDirect=0 blockReuses=14607 blockGrowths=7 hooks=492464 hookRejections=0 violations=0 earlyReuses=0 reallocInPlace=21 reallocMoved=0 reallocDelegated=0 trims=0 trimmedBlocks=0 leakedBlocks=0 objects=2788 bytesHeap=115874397232 bytesDirect=0 liveHeap=0 liveDirect=0
ARENALOOP thread=io.github.neoionet.netty.microbenchmark.ByteBufAllocatorAllocPatternBenchmark.heapAllocation-1-3 arenaHeap=4263734 arenaDirect=0 delegateHeap=26990600 delegateDirect=0 arenaShare=13.64% blocksHeap=8 blocksDirect=1 pinned=8 reusable=0 maxPinnedHeap=8 maxPinnedDirect=0 blockReuses=14477 blockGrowths=7 hooks=488092 hookRejections=0 violations=0 earlyReuses=0 reallocInPlace=21 reallocMoved=0 reallocDelegated=0 trims=0 trimmedBlocks=0 leakedBlocks=0 objects=2788 bytesHeap=114843683672 bytesDirect=0 liveHeap=0 liveDirect=0
ARENALOOP thread=io.github.neoionet.netty.microbenchmark.ByteBufAllocatorAllocPatternBenchmark.heapAllocation-1-13 arenaHeap=4030774 arenaDirect=0 delegateHeap=25515808 delegateDirect=0 arenaShare=13.64% blocksHeap=8 blocksDirect=1 pinned=8 reusable=0 maxPinnedHeap=8 maxPinnedDirect=0 blockReuses=13686 blockGrowths=7 hooks=461409 hookRejections=0 violations=0 earlyReuses=0 reallocInPlace=21 reallocMoved=0 reallocDelegated=0 trims=0 trimmedBlocks=0 leakedBlocks=0 objects=2788 bytesHeap=108565777320 bytesDirect=0 liveHeap=0 liveDirect=0
ARENALOOP thread=io.github.neoionet.netty.microbenchmark.ByteBufAllocatorAllocPatternBenchmark.heapAllocation-1-26 arenaHeap=3976262 arenaDirect=0 delegateHeap=25168366 delegateDirect=0 arenaShare=13.64% blocksHeap=8 blocksDirect=1 pinned=8 reusable=0 maxPinnedHeap=8 maxPinnedDirect=0 blockReuses=13500 blockGrowths=7 hooks=455128 hookRejections=0 violations=0 earlyReuses=0 reallocInPlace=20 reallocMoved=0 reallocDelegated=0 trims=0 trimmedBlocks=0 leakedBlocks=0 objects=2788 bytesHeap=107085644664 bytesDirect=0 liveHeap=0 liveDirect=0
ARENALOOP thread=io.github.neoionet.netty.microbenchmark.ByteBufAllocatorAllocPatternBenchmark.heapAllocation-1-14 arenaHeap=4223719 arenaDirect=0 delegateHeap=26735877 delegateDirect=0 arenaShare=13.64% blocksHeap=8 blocksDirect=1 pinned=8 reusable=0 maxPinnedHeap=8 maxPinnedDirect=0 blockReuses=14342 blockGrowths=7 hooks=483487 hookRejections=0 violations=0 earlyReuses=0 reallocInPlace=21 reallocMoved=0 reallocDelegated=0 trims=0 trimmedBlocks=0 leakedBlocks=0 objects=2788 bytesHeap=113758706352 bytesDirect=0 liveHeap=0 liveDirect=0
ARENALOOP thread=io.github.neoionet.netty.microbenchmark.ByteBufAllocatorAllocPatternBenchmark.heapAllocation-1-20 arenaHeap=3852038 arenaDirect=0 delegateHeap=24377182 delegateDirect=0 arenaShare=13.65% blocksHeap=8 blocksDirect=1 pinned=8 reusable=0 maxPinnedHeap=8 maxPinnedDirect=0 blockReuses=13076 blockGrowths=7 hooks=440825 hookRejections=0 violations=0 earlyReuses=0 reallocInPlace=20 reallocMoved=0 reallocDelegated=0 trims=0 trimmedBlocks=0 leakedBlocks=0 objects=2788 bytesHeap=103720402192 bytesDirect=0 liveHeap=0 liveDirect=0
ARENALOOP thread=io.github.neoionet.netty.microbenchmark.ByteBufAllocatorAllocPatternBenchmark.heapAllocation-1-31 arenaHeap=4507040 arenaDirect=0 delegateHeap=28532966 delegateDirect=0 arenaShare=13.64% blocksHeap=8 blocksDirect=1 pinned=8 reusable=0 maxPinnedHeap=8 maxPinnedDirect=0 blockReuses=15306 blockGrowths=7 hooks=515994 hookRejections=0 violations=0 earlyReuses=0 reallocInPlace=22 reallocMoved=0 reallocDelegated=0 trims=0 trimmedBlocks=0 leakedBlocks=0 objects=2788 bytesHeap=121406957408 bytesDirect=0 liveHeap=0 liveDirect=0
ARENALOOP thread=io.github.neoionet.netty.microbenchmark.ByteBufAllocatorAllocPatternBenchmark.heapAllocation-1-22 arenaHeap=4739911 arenaDirect=0 delegateHeap=30006972 delegateDirect=0 arenaShare=13.64% blocksHeap=8 blocksDirect=1 pinned=7 reusable=0 maxPinnedHeap=8 maxPinnedDirect=0 blockReuses=16096 blockGrowths=7 hooks=542664 hookRejections=0 violations=0 earlyReuses=0 reallocInPlace=23 reallocMoved=0 reallocDelegated=0 trims=0 trimmedBlocks=0 leakedBlocks=0 objects=2788 bytesHeap=127685274664 bytesDirect=0 liveHeap=0 liveDirect=0
ARENALOOP thread=io.github.neoionet.netty.microbenchmark.ByteBufAllocatorAllocPatternBenchmark.heapAllocation-1-28 arenaHeap=5083518 arenaDirect=0 delegateHeap=32179798 delegateDirect=0 arenaShare=13.64% blocksHeap=8 blocksDirect=1 pinned=8 reusable=0 maxPinnedHeap=8 maxPinnedDirect=0 blockReuses=17262 blockGrowths=7 hooks=581983 hookRejections=0 violations=0 earlyReuses=0 reallocInPlace=27 reallocMoved=0 reallocDelegated=0 trims=0 trimmedBlocks=0 leakedBlocks=0 objects=2788 bytesHeap=136940757576 bytesDirect=0 liveHeap=0 liveDirect=0
ARENALOOP thread=io.github.neoionet.netty.microbenchmark.ByteBufAllocatorAllocPatternBenchmark.heapAllocation-1-16 arenaHeap=4324070 arenaDirect=0 delegateHeap=27375144 delegateDirect=0 arenaShare=13.64% blocksHeap=8 blocksDirect=1 pinned=8 reusable=0 maxPinnedHeap=8 maxPinnedDirect=0 blockReuses=14684 blockGrowths=7 hooks=495044 hookRejections=0 violations=0 earlyReuses=0 reallocInPlace=21 reallocMoved=0 reallocDelegated=0 trims=0 trimmedBlocks=0 leakedBlocks=0 objects=2788 bytesHeap=116480792824 bytesDirect=0 liveHeap=0 liveDirect=0
ARENALOOP thread=io.github.neoionet.netty.microbenchmark.ByteBufAllocatorAllocPatternBenchmark.heapAllocation-1-18 arenaHeap=4641454 arenaDirect=0 delegateHeap=29379647 delegateDirect=0 arenaShare=13.64% blocksHeap=8 blocksDirect=1 pinned=8 reusable=0 maxPinnedHeap=8 maxPinnedDirect=0 blockReuses=15760 blockGrowths=7 hooks=531323 hookRejections=0 violations=0 earlyReuses=0 reallocInPlace=23 reallocMoved=0 reallocDelegated=0 trims=0 trimmedBlocks=0 leakedBlocks=0 objects=2788 bytesHeap=125011826896 bytesDirect=0 liveHeap=0 liveDirect=0
ARENALOOP thread=io.github.neoionet.netty.microbenchmark.ByteBufAllocatorAllocPatternBenchmark.heapAllocation-1-6 arenaHeap=4094129 arenaDirect=0 delegateHeap=25919504 delegateDirect=0 arenaShare=13.64% blocksHeap=8 blocksDirect=1 pinned=8 reusable=0 maxPinnedHeap=8 maxPinnedDirect=0 blockReuses=13903 blockGrowths=7 hooks=468707 hookRejections=0 violations=0 earlyReuses=0 reallocInPlace=21 reallocMoved=0 reallocDelegated=0 trims=0 trimmedBlocks=0 leakedBlocks=0 objects=2788 bytesHeap=110283805008 bytesDirect=0 liveHeap=0 liveDirect=0
ARENALOOP thread=io.github.neoionet.netty.microbenchmark.ByteBufAllocatorAllocPatternBenchmark.heapAllocation-1-11 arenaHeap=4392989 arenaDirect=0 delegateHeap=27813187 delegateDirect=0 arenaShare=13.64% blocksHeap=8 blocksDirect=1 pinned=8 reusable=0 maxPinnedHeap=8 maxPinnedDirect=0 blockReuses=14919 blockGrowths=7 hooks=502965 hookRejections=0 violations=0 earlyReuses=0 reallocInPlace=22 reallocMoved=0 reallocDelegated=0 trims=0 trimmedBlocks=0 leakedBlocks=0 objects=2788 bytesHeap=118343242792 bytesDirect=0 liveHeap=0 liveDirect=0
ARENALOOP thread=io.github.neoionet.netty.microbenchmark.ByteBufAllocatorAllocPatternBenchmark.heapAllocation-1-8 arenaHeap=4034266 arenaDirect=0 delegateHeap=25534501 delegateDirect=0 arenaShare=13.64% blocksHeap=8 blocksDirect=1 pinned=8 reusable=0 maxPinnedHeap=8 maxPinnedDirect=0 blockReuses=13697 blockGrowths=7 hooks=461755 hookRejections=0 violations=0 earlyReuses=0 reallocInPlace=21 reallocMoved=0 reallocDelegated=0 trims=0 trimmedBlocks=0 leakedBlocks=0 objects=2788 bytesHeap=108645389304 bytesDirect=0 liveHeap=0 liveDirect=0
ARENALOOP thread=io.github.neoionet.netty.microbenchmark.ByteBufAllocatorAllocPatternBenchmark.heapAllocation-1-12 arenaHeap=4381066 arenaDirect=0 delegateHeap=27734601 delegateDirect=0 arenaShare=13.64% blocksHeap=8 blocksDirect=1 pinned=8 reusable=0 maxPinnedHeap=8 maxPinnedDirect=0 blockReuses=14878 blockGrowths=7 hooks=501551 hookRejections=0 violations=0 earlyReuses=0 reallocInPlace=22 reallocMoved=0 reallocDelegated=0 trims=0 trimmedBlocks=0 leakedBlocks=0 objects=2788 bytesHeap=118009493152 bytesDirect=0 liveHeap=0 liveDirect=0
ARENALOOP thread=io.github.neoionet.netty.microbenchmark.ByteBufAllocatorAllocPatternBenchmark.heapAllocation-1-30 arenaHeap=4151651 arenaDirect=0 delegateHeap=26286544 delegateDirect=0 arenaShare=13.64% blocksHeap=8 blocksDirect=1 pinned=8 reusable=0 maxPinnedHeap=8 maxPinnedDirect=0 blockReuses=14099 blockGrowths=7 hooks=475340 hookRejections=0 violations=0 earlyReuses=0 reallocInPlace=21 reallocMoved=0 reallocDelegated=0 trims=0 trimmedBlocks=0 leakedBlocks=0 objects=2788 bytesHeap=111845482312 bytesDirect=0 liveHeap=0 liveDirect=0
ARENALOOP thread=io.github.neoionet.netty.microbenchmark.ByteBufAllocatorAllocPatternBenchmark.heapAllocation-1-9 arenaHeap=3548710 arenaDirect=0 delegateHeap=22463507 delegateDirect=0 arenaShare=13.64% blocksHeap=8 blocksDirect=1 pinned=8 reusable=0 maxPinnedHeap=8 maxPinnedDirect=0 blockReuses=12047 blockGrowths=7 hooks=406184 hookRejections=0 violations=0 earlyReuses=0 reallocInPlace=19 reallocMoved=0 reallocDelegated=0 trims=0 trimmedBlocks=0 leakedBlocks=0 objects=2788 bytesHeap=95571017048 bytesDirect=0 liveHeap=0 liveDirect=0
ARENALOOP thread=io.github.neoionet.netty.microbenchmark.ByteBufAllocatorAllocPatternBenchmark.heapAllocation-1-23 arenaHeap=3832014 arenaDirect=0 delegateHeap=24253950 delegateDirect=0 arenaShare=13.64% blocksHeap=8 blocksDirect=1 pinned=8 reusable=0 maxPinnedHeap=8 maxPinnedDirect=0 blockReuses=13009 blockGrowths=7 hooks=438587 hookRejections=0 violations=0 earlyReuses=0 reallocInPlace=20 reallocMoved=0 reallocDelegated=0 trims=0 trimmedBlocks=0 leakedBlocks=0 objects=2788 bytesHeap=103194990480 bytesDirect=0 liveHeap=0 liveDirect=0
ARENALOOP thread=io.github.neoionet.netty.microbenchmark.ByteBufAllocatorAllocPatternBenchmark.heapAllocation-1-19 arenaHeap=3690895 arenaDirect=0 delegateHeap=23357926 delegateDirect=0 arenaShare=13.65% blocksHeap=8 blocksDirect=1 pinned=8 reusable=0 maxPinnedHeap=8 maxPinnedDirect=0 blockReuses=12528 blockGrowths=7 hooks=422381 hookRejections=0 violations=0 earlyReuses=0 reallocInPlace=19 reallocMoved=0 reallocDelegated=0 trims=0 trimmedBlocks=0 leakedBlocks=0 objects=2788 bytesHeap=99379096896 bytesDirect=0 liveHeap=0 liveDirect=0
809.128 ±(99.9%) 265.471 ns/op

# Run progress: 83.33% complete, ETA 00:02:57
# Fork: 3 of 3
# Warmup Iteration   1: 891.107 ±(99.9%) 130.258 ns/op
# Warmup Iteration   2: 988.655 ±(99.9%) 198.735 ns/op
# Warmup Iteration   3: 710.229 ±(99.9%) 144.944 ns/op
# Warmup Iteration   4: 677.090 ±(99.9%) 99.317 ns/op
# Warmup Iteration   5: 693.609 ±(99.9%) 76.626 ns/op
# Warmup Iteration   6: 763.589 ±(99.9%) 202.052 ns/op
# Warmup Iteration   7: 725.598 ±(99.9%) 172.604 ns/op
# Warmup Iteration   8: 761.471 ±(99.9%) 222.962 ns/op
# Warmup Iteration   9: 676.320 ±(99.9%) 108.286 ns/op
# Warmup Iteration  10: 709.348 ±(99.9%) 141.902 ns/op
Iteration   1: 668.266 ±(99.9%) 89.105 ns/op
Iteration   2: 746.875 ±(99.9%) 234.089 ns/op
Iteration   3: 716.916 ±(99.9%) 176.689 ns/op
Iteration   4: 681.144 ±(99.9%) 87.314 ns/op
Iteration   5: 688.177 ±(99.9%) 123.220 ns/op
Iteration   6: 827.076 ±(99.9%) 237.853 ns/op
Iteration   7: 733.647 ±(99.9%) 209.538 ns/op
Iteration   8: 671.414 ±(99.9%) 118.200 ns/op
Iteration   9: 727.816 ±(99.9%) 178.923 ns/op
Iteration  10: cRSS-pRSS:[4902, 4902]
;used-memory:[0]
ARENATELE blockSize=262144 maxBlocks=8 cap=8192 maxObjects=16384 debug=false arenaHeap=142266566 arenaDirect=0 delegateHeap=900570176 delegateDirect=0 arenaShare=13.64% blocksHeap=256 blocksDirect=32 pinned=255 reusable=0 maxPinnedHeap=256 maxPinnedDirect=0 blockReuses=483073 blockGrowths=224 hooks=16286113 hookRejections=0 violations=0 earlyReuses=0 reallocInPlace=720 reallocMoved=0 reallocDelegated=0 trims=0 trimmedBlocks=0 leakedBlocks=0 objects=89216 bytesHeap=3831974522448 bytesDirect=0 liveHeap=9011 liveDirect=0
ARENALOOP thread=io.github.neoionet.netty.microbenchmark.ByteBufAllocatorAllocPatternBenchmark.heapAllocation-1-15 arenaHeap=4371698 arenaDirect=0 delegateHeap=27677263 delegateDirect=0 arenaShare=13.64% blocksHeap=8 blocksDirect=1 pinned=8 reusable=0 maxPinnedHeap=8 maxPinnedDirect=0 blockReuses=14846 blockGrowths=7 hooks=500509 hookRejections=0 violations=0 earlyReuses=0 reallocInPlace=21 reallocMoved=0 reallocDelegated=0 trims=0 trimmedBlocks=0 leakedBlocks=0 objects=2788 bytesHeap=117765341088 bytesDirect=0 liveHeap=1142 liveDirect=0
ARENALOOP thread=io.github.neoionet.netty.microbenchmark.ByteBufAllocatorAllocPatternBenchmark.heapAllocation-1-18 arenaHeap=3570894 arenaDirect=0 delegateHeap=22599584 delegateDirect=0 arenaShare=13.64% blocksHeap=8 blocksDirect=1 pinned=8 reusable=0 maxPinnedHeap=8 maxPinnedDirect=0 blockReuses=12122 blockGrowths=7 hooks=408657 hookRejections=0 violations=0 earlyReuses=0 reallocInPlace=19 reallocMoved=0 reallocDelegated=0 trims=0 trimmedBlocks=0 leakedBlocks=0 objects=2788 bytesHeap=96149424480 bytesDirect=0 liveHeap=1220 liveDirect=0
ARENALOOP thread=io.github.neoionet.netty.microbenchmark.ByteBufAllocatorAllocPatternBenchmark.heapAllocation-1-28 arenaHeap=5298002 arenaDirect=0 delegateHeap=33531241 delegateDirect=0 arenaShare=13.64% blocksHeap=8 blocksDirect=1 pinned=8 reusable=0 maxPinnedHeap=8 maxPinnedDirect=0 blockReuses=17988 blockGrowths=7 hooks=606450 hookRejections=0 violations=0 earlyReuses=0 reallocInPlace=28 reallocMoved=0 reallocDelegated=0 trims=0 trimmedBlocks=0 leakedBlocks=0 objects=2788 bytesHeap=142692308928 bytesDirect=0 liveHeap=3 liveDirect=0
ARENALOOP thread=io.github.neoionet.netty.microbenchmark.ByteBufAllocatorAllocPatternBenchmark.heapAllocation-1-24 arenaHeap=4309635 arenaDirect=0 delegateHeap=27285899 delegateDirect=0 arenaShare=13.64% blocksHeap=8 blocksDirect=1 pinned=8 reusable=0 maxPinnedHeap=8 maxPinnedDirect=0 blockReuses=14636 blockGrowths=7 hooks=493424 hookRejections=0 violations=0 earlyReuses=0 reallocInPlace=21 reallocMoved=0 reallocDelegated=0 trims=0 trimmedBlocks=0 leakedBlocks=0 objects=2788 bytesHeap=116100444024 bytesDirect=0 liveHeap=0 liveDirect=0
ARENALOOP thread=io.github.neoionet.netty.microbenchmark.ByteBufAllocatorAllocPatternBenchmark.heapAllocation-1-22 arenaHeap=3878981 arenaDirect=0 delegateHeap=24548910 delegateDirect=0 arenaShare=13.64% blocksHeap=8 blocksDirect=1 pinned=8 reusable=0 maxPinnedHeap=8 maxPinnedDirect=0 blockReuses=13168 blockGrowths=7 hooks=443929 hookRejections=0 violations=0 earlyReuses=0 reallocInPlace=20 reallocMoved=0 reallocDelegated=0 trims=0 trimmedBlocks=0 leakedBlocks=0 objects=2788 bytesHeap=104450102456 bytesDirect=0 liveHeap=0 liveDirect=0
ARENALOOP thread=io.github.neoionet.netty.microbenchmark.ByteBufAllocatorAllocPatternBenchmark.heapAllocation-1-6 arenaHeap=4582649 arenaDirect=0 delegateHeap=29006120 delegateDirect=0 arenaShare=13.64% blocksHeap=8 blocksDirect=1 pinned=8 reusable=0 maxPinnedHeap=8 maxPinnedDirect=0 blockReuses=15560 blockGrowths=7 hooks=524568 hookRejections=0 violations=0 earlyReuses=0 reallocInPlace=22 reallocMoved=0 reallocDelegated=0 trims=0 trimmedBlocks=0 leakedBlocks=0 objects=2788 bytesHeap=123420853744 bytesDirect=0 liveHeap=0 liveDirect=0
ARENALOOP thread=io.github.neoionet.netty.microbenchmark.ByteBufAllocatorAllocPatternBenchmark.heapAllocation-1-30 arenaHeap=4315370 arenaDirect=0 delegateHeap=27323093 delegateDirect=0 arenaShare=13.64% blocksHeap=8 blocksDirect=1 pinned=8 reusable=0 maxPinnedHeap=8 maxPinnedDirect=0 blockReuses=14655 blockGrowths=7 hooks=494094 hookRejections=0 violations=0 earlyReuses=0 reallocInPlace=21 reallocMoved=0 reallocDelegated=0 trims=0 trimmedBlocks=0 leakedBlocks=0 objects=2788 bytesHeap=116258679632 bytesDirect=0 liveHeap=0 liveDirect=0
ARENALOOP thread=io.github.neoionet.netty.microbenchmark.ByteBufAllocatorAllocPatternBenchmark.heapAllocation-1-31 arenaHeap=4461230 arenaDirect=0 delegateHeap=28242734 delegateDirect=0 arenaShare=13.64% blocksHeap=8 blocksDirect=1 pinned=8 reusable=0 maxPinnedHeap=8 maxPinnedDirect=0 blockReuses=15150 blockGrowths=7 hooks=510743 hookRejections=0 violations=0 earlyReuses=0 reallocInPlace=22 reallocMoved=0 reallocDelegated=0 trims=0 trimmedBlocks=0 leakedBlocks=0 objects=2788 bytesHeap=120172168736 bytesDirect=0 liveHeap=174 liveDirect=0
ARENALOOP thread=io.github.neoionet.netty.microbenchmark.ByteBufAllocatorAllocPatternBenchmark.heapAllocation-1-27 arenaHeap=3752738 arenaDirect=0 delegateHeap=23755071 delegateDirect=0 arenaShare=13.64% blocksHeap=8 blocksDirect=1 pinned=8 reusable=0 maxPinnedHeap=8 maxPinnedDirect=0 blockReuses=12741 blockGrowths=7 hooks=429553 hookRejections=0 violations=0 earlyReuses=0 reallocInPlace=19 reallocMoved=0 reallocDelegated=0 trims=0 trimmedBlocks=0 leakedBlocks=0 objects=2788 bytesHeap=101071250448 bytesDirect=0 liveHeap=228 liveDirect=0
ARENALOOP thread=io.github.neoionet.netty.microbenchmark.ByteBufAllocatorAllocPatternBenchmark.heapAllocation-1-20 arenaHeap=4948994 arenaDirect=0 delegateHeap=31331064 delegateDirect=0 arenaShare=13.64% blocksHeap=8 blocksDirect=1 pinned=8 reusable=0 maxPinnedHeap=8 maxPinnedDirect=0 blockReuses=16806 blockGrowths=7 hooks=566619 hookRejections=0 violations=0 earlyReuses=0 reallocInPlace=26 reallocMoved=0 reallocDelegated=0 trims=0 trimmedBlocks=0 leakedBlocks=0 objects=2788 bytesHeap=133326745312 bytesDirect=0 liveHeap=0 liveDirect=0
ARENALOOP thread=io.github.neoionet.netty.microbenchmark.ByteBufAllocatorAllocPatternBenchmark.heapAllocation-1-1 arenaHeap=4280409 arenaDirect=0 delegateHeap=27097064 delegateDirect=0 arenaShare=13.64% blocksHeap=8 blocksDirect=1 pinned=8 reusable=0 maxPinnedHeap=8 maxPinnedDirect=0 blockReuses=14535 blockGrowths=7 hooks=490017 hookRejections=0 violations=0 earlyReuses=0 reallocInPlace=21 reallocMoved=0 reallocDelegated=0 trims=0 trimmedBlocks=0 leakedBlocks=0 objects=2788 bytesHeap=115296076536 bytesDirect=0 liveHeap=85 liveDirect=0
ARENALOOP thread=io.github.neoionet.netty.microbenchmark.ByteBufAllocatorAllocPatternBenchmark.heapAllocation-1-10 arenaHeap=3714075 arenaDirect=0 delegateHeap=23510272 delegateDirect=0 arenaShare=13.64% blocksHeap=8 blocksDirect=1 pinned=8 reusable=0 maxPinnedHeap=8 maxPinnedDirect=0 blockReuses=12609 blockGrowths=7 hooks=425124 hookRejections=0 violations=0 earlyReuses=0 reallocInPlace=19 reallocMoved=0 reallocDelegated=0 trims=0 trimmedBlocks=0 leakedBlocks=0 objects=2788 bytesHeap=100026915912 bytesDirect=0 liveHeap=551 liveDirect=0
ARENALOOP thread=io.github.neoionet.netty.microbenchmark.ByteBufAllocatorAllocPatternBenchmark.heapAllocation-1-23 arenaHeap=4487423 arenaDirect=0 delegateHeap=28409526 delegateDirect=0 arenaShare=13.64% blocksHeap=8 blocksDirect=1 pinned=8 reusable=0 maxPinnedHeap=8 maxPinnedDirect=0 blockReuses=15239 blockGrowths=7 hooks=513758 hookRejections=0 violations=0 earlyReuses=0 reallocInPlace=22 reallocMoved=0 reallocDelegated=0 trims=0 trimmedBlocks=0 leakedBlocks=0 objects=2788 bytesHeap=120881235448 bytesDirect=0 liveHeap=0 liveDirect=0
ARENALOOP thread=io.github.neoionet.netty.microbenchmark.ByteBufAllocatorAllocPatternBenchmark.heapAllocation-1-2 arenaHeap=3925471 arenaDirect=0 delegateHeap=24849299 delegateDirect=0 arenaShare=13.64% blocksHeap=8 blocksDirect=1 pinned=8 reusable=0 maxPinnedHeap=8 maxPinnedDirect=0 blockReuses=13327 blockGrowths=7 hooks=449349 hookRejections=0 violations=0 earlyReuses=0 reallocInPlace=20 reallocMoved=0 reallocDelegated=0 trims=0 trimmedBlocks=0 leakedBlocks=0 objects=2788 bytesHeap=105727974736 bytesDirect=0 liveHeap=784 liveDirect=0
ARENALOOP thread=io.github.neoionet.netty.microbenchmark.ByteBufAllocatorAllocPatternBenchmark.heapAllocation-1-9 arenaHeap=3836876 arenaDirect=0 delegateHeap=24285128 delegateDirect=0 arenaShare=13.64% blocksHeap=8 blocksDirect=1 pinned=8 reusable=0 maxPinnedHeap=8 maxPinnedDirect=0 blockReuses=13025 blockGrowths=7 hooks=439150 hookRejections=0 violations=0 earlyReuses=0 reallocInPlace=20 reallocMoved=0 reallocDelegated=0 trims=0 trimmedBlocks=0 leakedBlocks=0 objects=2788 bytesHeap=103327522208 bytesDirect=0 liveHeap=0 liveDirect=0
ARENALOOP thread=io.github.neoionet.netty.microbenchmark.ByteBufAllocatorAllocPatternBenchmark.heapAllocation-1-8 arenaHeap=4584685 arenaDirect=0 delegateHeap=29019664 delegateDirect=0 arenaShare=13.64% blocksHeap=8 blocksDirect=1 pinned=7 reusable=0 maxPinnedHeap=8 maxPinnedDirect=0 blockReuses=15568 blockGrowths=7 hooks=524811 hookRejections=0 violations=0 earlyReuses=0 reallocInPlace=22 reallocMoved=0 reallocDelegated=0 trims=0 trimmedBlocks=0 leakedBlocks=0 objects=2788 bytesHeap=123478512248 bytesDirect=0 liveHeap=0 liveDirect=0
ARENALOOP thread=io.github.neoionet.netty.microbenchmark.ByteBufAllocatorAllocPatternBenchmark.heapAllocation-1-13 arenaHeap=4655402 arenaDirect=0 delegateHeap=29466603 delegateDirect=0 arenaShare=13.64% blocksHeap=8 blocksDirect=1 pinned=8 reusable=0 maxPinnedHeap=8 maxPinnedDirect=0 blockReuses=15807 blockGrowths=7 hooks=532900 hookRejections=0 violations=0 earlyReuses=0 reallocInPlace=23 reallocMoved=0 reallocDelegated=0 trims=0 trimmedBlocks=0 leakedBlocks=0 objects=2788 bytesHeap=125381940128 bytesDirect=0 liveHeap=686 liveDirect=0
ARENALOOP thread=io.github.neoionet.netty.microbenchmark.ByteBufAllocatorAllocPatternBenchmark.heapAllocation-1-25 arenaHeap=4053539 arenaDirect=0 delegateHeap=25657242 delegateDirect=0 arenaShare=13.64% blocksHeap=8 blocksDirect=1 pinned=8 reusable=0 maxPinnedHeap=8 maxPinnedDirect=0 blockReuses=13763 blockGrowths=7 hooks=463974 hookRejections=0 violations=0 earlyReuses=0 reallocInPlace=21 reallocMoved=0 reallocDelegated=0 trims=0 trimmedBlocks=0 leakedBlocks=0 objects=2788 bytesHeap=109167439752 bytesDirect=0 liveHeap=7 liveDirect=0
ARENALOOP thread=io.github.neoionet.netty.microbenchmark.ByteBufAllocatorAllocPatternBenchmark.heapAllocation-1-16 arenaHeap=4888292 arenaDirect=0 delegateHeap=30944712 delegateDirect=0 arenaShare=13.64% blocksHeap=8 blocksDirect=1 pinned=8 reusable=0 maxPinnedHeap=8 maxPinnedDirect=0 blockReuses=16600 blockGrowths=7 hooks=559634 hookRejections=0 violations=0 earlyReuses=0 reallocInPlace=26 reallocMoved=0 reallocDelegated=0 trims=0 trimmedBlocks=0 leakedBlocks=0 objects=2788 bytesHeap=131680883168 bytesDirect=0 liveHeap=0 liveDirect=0
ARENALOOP thread=io.github.neoionet.netty.microbenchmark.ByteBufAllocatorAllocPatternBenchmark.heapAllocation-1-19 arenaHeap=5626476 arenaDirect=0 delegateHeap=35611057 delegateDirect=0 arenaShare=13.64% blocksHeap=8 blocksDirect=1 pinned=8 reusable=0 maxPinnedHeap=8 maxPinnedDirect=0 blockReuses=19104 blockGrowths=7 hooks=644080 hookRejections=0 violations=0 earlyReuses=0 reallocInPlace=29 reallocMoved=0 reallocDelegated=0 trims=0 trimmedBlocks=0 leakedBlocks=0 objects=2788 bytesHeap=151547450880 bytesDirect=0 liveHeap=115 liveDirect=0
ARENALOOP thread=io.github.neoionet.netty.microbenchmark.ByteBufAllocatorAllocPatternBenchmark.heapAllocation-1-11 arenaHeap=4954678 arenaDirect=0 delegateHeap=31366277 delegateDirect=0 arenaShare=13.64% blocksHeap=8 blocksDirect=1 pinned=8 reusable=0 maxPinnedHeap=8 maxPinnedDirect=0 blockReuses=16825 blockGrowths=7 hooks=567258 hookRejections=0 violations=0 earlyReuses=0 reallocInPlace=27 reallocMoved=0 reallocDelegated=0 trims=0 trimmedBlocks=0 leakedBlocks=0 objects=2788 bytesHeap=133476789472 bytesDirect=0 liveHeap=0 liveDirect=0
ARENALOOP thread=io.github.neoionet.netty.microbenchmark.ByteBufAllocatorAllocPatternBenchmark.heapAllocation-1-32 arenaHeap=4480016 arenaDirect=0 delegateHeap=28362272 delegateDirect=0 arenaShare=13.64% blocksHeap=8 blocksDirect=1 pinned=8 reusable=0 maxPinnedHeap=8 maxPinnedDirect=0 blockReuses=15214 blockGrowths=7 hooks=512904 hookRejections=0 violations=0 earlyReuses=0 reallocInPlace=22 reallocMoved=0 reallocDelegated=0 trims=0 trimmedBlocks=0 leakedBlocks=0 objects=2788 bytesHeap=120679533168 bytesDirect=0 liveHeap=255 liveDirect=0
ARENALOOP thread=io.github.neoionet.netty.microbenchmark.ByteBufAllocatorAllocPatternBenchmark.heapAllocation-1-14 arenaHeap=5189677 arenaDirect=0 delegateHeap=32846144 delegateDirect=0 arenaShare=13.64% blocksHeap=8 blocksDirect=1 pinned=8 reusable=0 maxPinnedHeap=8 maxPinnedDirect=0 blockReuses=17620 blockGrowths=7 hooks=594053 hookRejections=0 violations=0 earlyReuses=0 reallocInPlace=28 reallocMoved=0 reallocDelegated=0 trims=0 trimmedBlocks=0 leakedBlocks=0 objects=2788 bytesHeap=139775148664 bytesDirect=0 liveHeap=0 liveDirect=0
ARENALOOP thread=io.github.neoionet.netty.microbenchmark.ByteBufAllocatorAllocPatternBenchmark.heapAllocation-1-5 arenaHeap=4087242 arenaDirect=0 delegateHeap=25874134 delegateDirect=0 arenaShare=13.64% blocksHeap=8 blocksDirect=1 pinned=8 reusable=0 maxPinnedHeap=8 maxPinnedDirect=0 blockReuses=13879 blockGrowths=7 hooks=467890 hookRejections=0 violations=0 earlyReuses=0 reallocInPlace=21 reallocMoved=0 reallocDelegated=0 trims=0 trimmedBlocks=0 leakedBlocks=0 objects=2788 bytesHeap=110090523112 bytesDirect=0 liveHeap=598 liveDirect=0
ARENALOOP thread=io.github.neoionet.netty.microbenchmark.ByteBufAllocatorAllocPatternBenchmark.heapAllocation-1-7 arenaHeap=4282127 arenaDirect=0 delegateHeap=27106710 delegateDirect=0 arenaShare=13.64% blocksHeap=8 blocksDirect=1 pinned=8 reusable=0 maxPinnedHeap=8 maxPinnedDirect=0 blockReuses=14540 blockGrowths=7 hooks=490194 hookRejections=0 violations=0 earlyReuses=0 reallocInPlace=21 reallocMoved=0 reallocDelegated=0 trims=0 trimmedBlocks=0 leakedBlocks=0 objects=2788 bytesHeap=115337120944 bytesDirect=0 liveHeap=639 liveDirect=0
ARENALOOP thread=io.github.neoionet.netty.microbenchmark.ByteBufAllocatorAllocPatternBenchmark.heapAllocation-1-29 arenaHeap=4460257 arenaDirect=0 delegateHeap=28239153 delegateDirect=0 arenaShare=13.64% blocksHeap=8 blocksDirect=1 pinned=8 reusable=0 maxPinnedHeap=8 maxPinnedDirect=0 blockReuses=15147 blockGrowths=7 hooks=510672 hookRejections=0 violations=0 earlyReuses=0 reallocInPlace=22 reallocMoved=0 reallocDelegated=0 trims=0 trimmedBlocks=0 leakedBlocks=0 objects=2788 bytesHeap=120156714136 bytesDirect=0 liveHeap=656 liveDirect=0
ARENALOOP thread=io.github.neoionet.netty.microbenchmark.ByteBufAllocatorAllocPatternBenchmark.heapAllocation-1-3 arenaHeap=5372727 arenaDirect=0 delegateHeap=34001402 delegateDirect=0 arenaShare=13.65% blocksHeap=8 blocksDirect=1 pinned=8 reusable=0 maxPinnedHeap=8 maxPinnedDirect=0 blockReuses=18241 blockGrowths=7 hooks=614964 hookRejections=0 violations=0 earlyReuses=0 reallocInPlace=28 reallocMoved=0 reallocDelegated=0 trims=0 trimmedBlocks=0 leakedBlocks=0 objects=2788 bytesHeap=144695133944 bytesDirect=0 liveHeap=0 liveDirect=0
ARENALOOP thread=io.github.neoionet.netty.microbenchmark.ByteBufAllocatorAllocPatternBenchmark.heapAllocation-1-26 arenaHeap=4221091 arenaDirect=0 delegateHeap=26718612 delegateDirect=0 arenaShare=13.64% blocksHeap=8 blocksDirect=1 pinned=8 reusable=0 maxPinnedHeap=8 maxPinnedDirect=0 blockReuses=14333 blockGrowths=7 hooks=483176 hookRejections=0 violations=0 earlyReuses=0 reallocInPlace=21 reallocMoved=0 reallocDelegated=0 trims=0 trimmedBlocks=0 leakedBlocks=0 objects=2788 bytesHeap=113684854328 bytesDirect=0 liveHeap=0 liveDirect=0
ARENALOOP thread=io.github.neoionet.netty.microbenchmark.ByteBufAllocatorAllocPatternBenchmark.heapAllocation-1-17 arenaHeap=4122577 arenaDirect=0 delegateHeap=26102129 delegateDirect=0 arenaShare=13.64% blocksHeap=8 blocksDirect=1 pinned=8 reusable=0 maxPinnedHeap=8 maxPinnedDirect=0 blockReuses=14001 blockGrowths=7 hooks=472005 hookRejections=0 violations=0 earlyReuses=0 reallocInPlace=21 reallocMoved=0 reallocDelegated=0 trims=0 trimmedBlocks=0 leakedBlocks=0 objects=2788 bytesHeap=111062246608 bytesDirect=0 liveHeap=919 liveDirect=0
ARENALOOP thread=io.github.neoionet.netty.microbenchmark.ByteBufAllocatorAllocPatternBenchmark.heapAllocation-1-4 arenaHeap=4814345 arenaDirect=0 delegateHeap=30479280 delegateDirect=0 arenaShare=13.64% blocksHeap=8 blocksDirect=1 pinned=8 reusable=0 maxPinnedHeap=8 maxPinnedDirect=0 blockReuses=16349 blockGrowths=7 hooks=551206 hookRejections=0 violations=0 earlyReuses=0 reallocInPlace=24 reallocMoved=0 reallocDelegated=0 trims=0 trimmedBlocks=0 leakedBlocks=0 objects=2788 bytesHeap=129698050400 bytesDirect=0 liveHeap=516 liveDirect=0
ARENALOOP thread=io.github.neoionet.netty.microbenchmark.ByteBufAllocatorAllocPatternBenchmark.heapAllocation-1-12 arenaHeap=4491041 arenaDirect=0 delegateHeap=28430703 delegateDirect=0 arenaShare=13.64% blocksHeap=8 blocksDirect=1 pinned=8 reusable=0 maxPinnedHeap=8 maxPinnedDirect=0 blockReuses=15251 blockGrowths=7 hooks=514146 hookRejections=0 violations=0 earlyReuses=0 reallocInPlace=22 reallocMoved=0 reallocDelegated=0 trims=0 trimmedBlocks=0 leakedBlocks=0 objects=2788 bytesHeap=120972132024 bytesDirect=0 liveHeap=430 liveDirect=0
ARENALOOP thread=io.github.neoionet.netty.microbenchmark.ByteBufAllocatorAllocPatternBenchmark.heapAllocation-1-21 arenaHeap=4247949 arenaDirect=0 delegateHeap=26891814 delegateDirect=0 arenaShare=13.64% blocksHeap=8 blocksDirect=1 pinned=8 reusable=0 maxPinnedHeap=8 maxPinnedDirect=0 blockReuses=14424 blockGrowths=7 hooks=486302 hookRejections=0 violations=0 earlyReuses=0 reallocInPlace=21 reallocMoved=0 reallocDelegated=0 trims=0 trimmedBlocks=0 leakedBlocks=0 objects=2788 bytesHeap=114423005784 bytesDirect=0 liveHeap=0 liveDirect=0
806.936 ±(99.9%) 266.027 ns/op


Result "io.github.neoionet.netty.microbenchmark.ByteBufAllocatorAllocPatternBenchmark.heapAllocation":
  740.711 ±(99.9%) 40.414 ns/op [Average]
  (min, avg, max) = (668.266, 740.711, 912.600), stdev = 60.490
  CI (99.9%): [700.297, 781.125] (assumes normal distribution)


# JMH version: 1.37
# VM version: JDK 21, Java HotSpot(TM) 64-Bit Server VM, 21+35-LTS-2513
# VM invoker: /home/forked_franz/.sdkman/candidates/java/21-oracle/bin/java
# VM options: -server -dsa -da -XX:InitialRAMPercentage=40.0 -XX:MaxRAMPercentage=40.0 -Dio.netty.leakDetection.level=disabled -Djmh.executor=CUSTOM -Djmh.executor.class=io.github.neoionet.netty.microbenchmark.executor.FastThreadLocalThreadHarnessExecutor -XX:MaxRAM=60g -Dexpt.hookEvery=64
# Blackhole mode: compiler (auto-detected, use -Djmh.blackhole.autoDetect=false to disable)
# Warmup: 10 iterations, 1 s each
# Measurement: 10 iterations, 1 s each
# Timeout: 10 min per iteration
# Threads: 32 threads, will synchronize iterations
# Benchmark mode: Average time, time/op
# Benchmark: io.github.neoionet.netty.microbenchmark.ByteBufAllocatorAllocPatternBenchmark.heapAllocation
# Parameters: (MAX_LIVE_BUFFERS = 32768, allocatorType = ARENA, enableReadWrite = true, sizePattern = E_COMMERCE)

# Run progress: 85.71% complete, ETA 00:02:32
# Fork: 1 of 3
# Warmup Iteration   1: 1057.234 ±(99.9%) 61.899 ns/op
# Warmup Iteration   2: 878.765 ±(99.9%) 183.299 ns/op
# Warmup Iteration   3: 793.498 ±(99.9%) 156.345 ns/op
# Warmup Iteration   4: 754.042 ±(99.9%) 134.645 ns/op
# Warmup Iteration   5: 731.611 ±(99.9%) 65.935 ns/op
# Warmup Iteration   6: 763.898 ±(99.9%) 133.508 ns/op
# Warmup Iteration   7: 713.189 ±(99.9%) 60.910 ns/op
# Warmup Iteration   8: 765.397 ±(99.9%) 157.045 ns/op
# Warmup Iteration   9: 765.436 ±(99.9%) 147.130 ns/op
# Warmup Iteration  10: 744.088 ±(99.9%) 116.865 ns/op
Iteration   1: 831.826 ±(99.9%) 219.835 ns/op
Iteration   2: 728.451 ±(99.9%) 81.831 ns/op
Iteration   3: 746.209 ±(99.9%) 124.400 ns/op
Iteration   4: 732.317 ±(99.9%) 81.047 ns/op
Iteration   5: 764.581 ±(99.9%) 141.135 ns/op
Iteration   6: 788.857 ±(99.9%) 170.495 ns/op
Iteration   7: 839.317 ±(99.9%) 226.247 ns/op
Iteration   8: 849.286 ±(99.9%) 262.283 ns/op
Iteration   9: 777.426 ±(99.9%) 159.694 ns/op
Iteration  10: cRSS-pRSS:[7378, 7382]
;used-memory:[0]
ARENATELE blockSize=262144 maxBlocks=8 cap=8192 maxObjects=16384 debug=false arenaHeap=65221914 arenaDirect=0 delegateHeap=864738114 delegateDirect=0 arenaShare=7.01% blocksHeap=256 blocksDirect=32 pinned=255 reusable=0 maxPinnedHeap=256 maxPinnedDirect=0 blockReuses=220254 blockGrowths=224 hooks=14514226 hookRejections=0 violations=0 earlyReuses=0 reallocInPlace=305 reallocMoved=0 reallocDelegated=0 trims=0 trimmedBlocks=0 leakedBlocks=0 objects=88672 bytesHeap=3604003517600 bytesDirect=0 liveHeap=7192 liveDirect=0
ARENALOOP thread=io.github.neoionet.netty.microbenchmark.ByteBufAllocatorAllocPatternBenchmark.heapAllocation-1-21 arenaHeap=1736109 arenaDirect=0 delegateHeap=23012768 delegateDirect=0 arenaShare=7.01% blocksHeap=8 blocksDirect=1 pinned=8 reusable=0 maxPinnedHeap=8 maxPinnedDirect=0 blockReuses=5860 blockGrowths=7 hooks=386189 hookRejections=0 violations=0 earlyReuses=0 reallocInPlace=7 reallocMoved=0 reallocDelegated=0 trims=0 trimmedBlocks=0 leakedBlocks=0 objects=2771 bytesHeap=95889319856 bytesDirect=0 liveHeap=973 liveDirect=0
ARENALOOP thread=io.github.neoionet.netty.microbenchmark.ByteBufAllocatorAllocPatternBenchmark.heapAllocation-1-3 arenaHeap=2240365 arenaDirect=0 delegateHeap=29696061 delegateDirect=0 arenaShare=7.02% blocksHeap=8 blocksDirect=1 pinned=8 reusable=0 maxPinnedHeap=8 maxPinnedDirect=0 blockReuses=7565 blockGrowths=7 hooks=498494 hookRejections=0 violations=0 earlyReuses=0 reallocInPlace=11 reallocMoved=0 reallocDelegated=0 trims=0 trimmedBlocks=0 leakedBlocks=0 objects=2771 bytesHeap=123782103984 bytesDirect=0 liveHeap=0 liveDirect=0
ARENALOOP thread=io.github.neoionet.netty.microbenchmark.ByteBufAllocatorAllocPatternBenchmark.heapAllocation-1-32 arenaHeap=1974847 arenaDirect=0 delegateHeap=26181334 delegateDirect=0 arenaShare=7.01% blocksHeap=8 blocksDirect=1 pinned=8 reusable=0 maxPinnedHeap=8 maxPinnedDirect=0 blockReuses=6669 blockGrowths=7 hooks=439428 hookRejections=0 violations=0 earlyReuses=0 reallocInPlace=10 reallocMoved=0 reallocDelegated=0 trims=0 trimmedBlocks=0 leakedBlocks=0 objects=2771 bytesHeap=109111085768 bytesDirect=0 liveHeap=0 liveDirect=0
ARENALOOP thread=io.github.neoionet.netty.microbenchmark.ByteBufAllocatorAllocPatternBenchmark.heapAllocation-1-9 arenaHeap=1812322 arenaDirect=0 delegateHeap=24037285 delegateDirect=0 arenaShare=7.01% blocksHeap=8 blocksDirect=1 pinned=8 reusable=0 maxPinnedHeap=8 maxPinnedDirect=0 blockReuses=6121 blockGrowths=7 hooks=403388 hookRejections=0 violations=0 earlyReuses=0 reallocInPlace=7 reallocMoved=0 reallocDelegated=0 trims=0 trimmedBlocks=0 leakedBlocks=0 objects=2771 bytesHeap=100163568448 bytesDirect=0 liveHeap=1169 liveDirect=0
ARENALOOP thread=io.github.neoionet.netty.microbenchmark.ByteBufAllocatorAllocPatternBenchmark.heapAllocation-1-16 arenaHeap=1979793 arenaDirect=0 delegateHeap=26255307 delegateDirect=0 arenaShare=7.01% blocksHeap=8 blocksDirect=1 pinned=8 reusable=0 maxPinnedHeap=8 maxPinnedDirect=0 blockReuses=6687 blockGrowths=7 hooks=440661 hookRejections=0 violations=0 earlyReuses=0 reallocInPlace=10 reallocMoved=0 reallocDelegated=0 trims=0 trimmedBlocks=0 leakedBlocks=0 objects=2771 bytesHeap=109419403264 bytesDirect=0 liveHeap=0 liveDirect=0
ARENALOOP thread=io.github.neoionet.netty.microbenchmark.ByteBufAllocatorAllocPatternBenchmark.heapAllocation-1-19 arenaHeap=1827852 arenaDirect=0 delegateHeap=24244238 delegateDirect=0 arenaShare=7.01% blocksHeap=8 blocksDirect=1 pinned=8 reusable=0 maxPinnedHeap=8 maxPinnedDirect=0 blockReuses=6173 blockGrowths=7 hooks=406864 hookRejections=0 violations=0 earlyReuses=0 reallocInPlace=7 reallocMoved=0 reallocDelegated=0 trims=0 trimmedBlocks=0 leakedBlocks=0 objects=2771 bytesHeap=101026968960 bytesDirect=0 liveHeap=0 liveDirect=0
ARENALOOP thread=io.github.neoionet.netty.microbenchmark.ByteBufAllocatorAllocPatternBenchmark.heapAllocation-1-7 arenaHeap=2196396 arenaDirect=0 delegateHeap=29123010 delegateDirect=0 arenaShare=7.01% blocksHeap=8 blocksDirect=1 pinned=8 reusable=0 maxPinnedHeap=8 maxPinnedDirect=0 blockReuses=7419 blockGrowths=7 hooks=488853 hookRejections=0 violations=0 earlyReuses=0 reallocInPlace=11 reallocMoved=0 reallocDelegated=0 trims=0 trimmedBlocks=0 leakedBlocks=0 objects=2771 bytesHeap=121390562120 bytesDirect=0 liveHeap=0 liveDirect=0
ARENALOOP thread=io.github.neoionet.netty.microbenchmark.ByteBufAllocatorAllocPatternBenchmark.heapAllocation-1-6 arenaHeap=1873073 arenaDirect=0 delegateHeap=24843302 delegateDirect=0 arenaShare=7.01% blocksHeap=8 blocksDirect=1 pinned=8 reusable=0 maxPinnedHeap=8 maxPinnedDirect=0 blockReuses=6326 blockGrowths=7 hooks=416931 hookRejections=0 violations=0 earlyReuses=0 reallocInPlace=8 reallocMoved=0 reallocDelegated=0 trims=0 trimmedBlocks=0 leakedBlocks=0 objects=2771 bytesHeap=103526354536 bytesDirect=0 liveHeap=0 liveDirect=0
ARENALOOP thread=io.github.neoionet.netty.microbenchmark.ByteBufAllocatorAllocPatternBenchmark.heapAllocation-1-25 arenaHeap=2000966 arenaDirect=0 delegateHeap=26525361 delegateDirect=0 arenaShare=7.01% blocksHeap=8 blocksDirect=1 pinned=8 reusable=0 maxPinnedHeap=8 maxPinnedDirect=0 blockReuses=6757 blockGrowths=7 hooks=445211 hookRejections=0 violations=0 earlyReuses=0 reallocInPlace=10 reallocMoved=0 reallocDelegated=0 trims=0 trimmedBlocks=0 leakedBlocks=0 objects=2771 bytesHeap=110547490752 bytesDirect=0 liveHeap=0 liveDirect=0
ARENALOOP thread=io.github.neoionet.netty.microbenchmark.ByteBufAllocatorAllocPatternBenchmark.heapAllocation-1-31 arenaHeap=2210819 arenaDirect=0 delegateHeap=29316952 delegateDirect=0 arenaShare=7.01% blocksHeap=8 blocksDirect=1 pinned=8 reusable=0 maxPinnedHeap=8 maxPinnedDirect=0 blockReuses=7468 blockGrowths=7 hooks=492109 hookRejections=0 violations=0 earlyReuses=0 reallocInPlace=11 reallocMoved=0 reallocDelegated=0 trims=0 trimmedBlocks=0 leakedBlocks=0 objects=2771 bytesHeap=122199995016 bytesDirect=0 liveHeap=1046 liveDirect=0
ARENALOOP thread=io.github.neoionet.netty.microbenchmark.ByteBufAllocatorAllocPatternBenchmark.heapAllocation-1-4 arenaHeap=1983921 arenaDirect=0 delegateHeap=26304615 delegateDirect=0 arenaShare=7.01% blocksHeap=8 blocksDirect=1 pinned=8 reusable=0 maxPinnedHeap=8 maxPinnedDirect=0 blockReuses=6700 blockGrowths=7 hooks=441496 hookRejections=0 violations=0 earlyReuses=0 reallocInPlace=10 reallocMoved=0 reallocDelegated=0 trims=0 trimmedBlocks=0 leakedBlocks=0 objects=2771 bytesHeap=109625972280 bytesDirect=0 liveHeap=1100 liveDirect=0
ARENALOOP thread=io.github.neoionet.netty.microbenchmark.ByteBufAllocatorAllocPatternBenchmark.heapAllocation-1-13 arenaHeap=2028539 arenaDirect=0 delegateHeap=26889167 delegateDirect=0 arenaShare=7.01% blocksHeap=8 blocksDirect=1 pinned=8 reusable=0 maxPinnedHeap=8 maxPinnedDirect=0 blockReuses=6849 blockGrowths=7 hooks=451327 hookRejections=0 violations=0 earlyReuses=0 reallocInPlace=10 reallocMoved=0 reallocDelegated=0 trims=0 trimmedBlocks=0 leakedBlocks=0 objects=2771 bytesHeap=112064636184 bytesDirect=0 liveHeap=667 liveDirect=0
ARENALOOP thread=io.github.neoionet.netty.microbenchmark.ByteBufAllocatorAllocPatternBenchmark.heapAllocation-1-27 arenaHeap=1981595 arenaDirect=0 delegateHeap=26272290 delegateDirect=0 arenaShare=7.01% blocksHeap=8 blocksDirect=1 pinned=8 reusable=0 maxPinnedHeap=8 maxPinnedDirect=0 blockReuses=6692 blockGrowths=7 hooks=440954 hookRejections=0 violations=0 earlyReuses=0 reallocInPlace=10 reallocMoved=0 reallocDelegated=0 trims=0 trimmedBlocks=0 leakedBlocks=0 objects=2771 bytesHeap=109490746592 bytesDirect=0 liveHeap=0 liveDirect=0
ARENALOOP thread=io.github.neoionet.netty.microbenchmark.ByteBufAllocatorAllocPatternBenchmark.heapAllocation-1-1 arenaHeap=2111297 arenaDirect=0 delegateHeap=28003646 delegateDirect=0 arenaShare=7.01% blocksHeap=8 blocksDirect=1 pinned=8 reusable=0 maxPinnedHeap=8 maxPinnedDirect=0 blockReuses=7132 blockGrowths=7 hooks=470033 hookRejections=0 violations=0 earlyReuses=0 reallocInPlace=10 reallocMoved=0 reallocDelegated=0 trims=0 trimmedBlocks=0 leakedBlocks=0 objects=2771 bytesHeap=116719553808 bytesDirect=0 liveHeap=0 liveDirect=0
ARENALOOP thread=io.github.neoionet.netty.microbenchmark.ByteBufAllocatorAllocPatternBenchmark.heapAllocation-1-11 arenaHeap=1642369 arenaDirect=0 delegateHeap=21772452 delegateDirect=0 arenaShare=7.01% blocksHeap=8 blocksDirect=1 pinned=8 reusable=0 maxPinnedHeap=8 maxPinnedDirect=0 blockReuses=5545 blockGrowths=7 hooks=365344 hookRejections=0 violations=0 earlyReuses=0 reallocInPlace=7 reallocMoved=0 reallocDelegated=0 trims=0 trimmedBlocks=0 leakedBlocks=0 objects=2771 bytesHeap=90714532496 bytesDirect=0 liveHeap=0 liveDirect=0
ARENALOOP thread=io.github.neoionet.netty.microbenchmark.ByteBufAllocatorAllocPatternBenchmark.heapAllocation-1-5 arenaHeap=1917527 arenaDirect=0 delegateHeap=25426780 delegateDirect=0 arenaShare=7.01% blocksHeap=8 blocksDirect=1 pinned=8 reusable=0 maxPinnedHeap=8 maxPinnedDirect=0 blockReuses=6476 blockGrowths=7 hooks=426742 hookRejections=0 violations=0 earlyReuses=0 reallocInPlace=8 reallocMoved=0 reallocDelegated=0 trims=0 trimmedBlocks=0 leakedBlocks=0 objects=2771 bytesHeap=105962147256 bytesDirect=0 liveHeap=0 liveDirect=0
ARENALOOP thread=io.github.neoionet.netty.microbenchmark.ByteBufAllocatorAllocPatternBenchmark.heapAllocation-1-23 arenaHeap=2082348 arenaDirect=0 delegateHeap=27605039 delegateDirect=0 arenaShare=7.01% blocksHeap=8 blocksDirect=1 pinned=8 reusable=0 maxPinnedHeap=8 maxPinnedDirect=0 blockReuses=7031 blockGrowths=7 hooks=463353 hookRejections=0 violations=0 earlyReuses=0 reallocInPlace=10 reallocMoved=0 reallocDelegated=0 trims=0 trimmedBlocks=0 leakedBlocks=0 objects=2771 bytesHeap=115054002960 bytesDirect=0 liveHeap=1263 liveDirect=0
ARENALOOP thread=io.github.neoionet.netty.microbenchmark.ByteBufAllocatorAllocPatternBenchmark.heapAllocation-1-8 arenaHeap=2048997 arenaDirect=0 delegateHeap=27160375 delegateDirect=0 arenaShare=7.01% blocksHeap=8 blocksDirect=1 pinned=8 reusable=0 maxPinnedHeap=8 maxPinnedDirect=0 blockReuses=6918 blockGrowths=7 hooks=455884 hookRejections=0 violations=0 earlyReuses=0 reallocInPlace=10 reallocMoved=0 reallocDelegated=0 trims=0 trimmedBlocks=0 leakedBlocks=0 objects=2771 bytesHeap=113197835464 bytesDirect=0 liveHeap=0 liveDirect=0
ARENALOOP thread=io.github.neoionet.netty.microbenchmark.ByteBufAllocatorAllocPatternBenchmark.heapAllocation-1-28 arenaHeap=2157669 arenaDirect=0 delegateHeap=28613024 delegateDirect=0 arenaShare=7.01% blocksHeap=8 blocksDirect=1 pinned=7 reusable=0 maxPinnedHeap=8 maxPinnedDirect=0 blockReuses=7289 blockGrowths=7 hooks=480280 hookRejections=0 violations=0 earlyReuses=0 reallocInPlace=10 reallocMoved=0 reallocDelegated=0 trims=0 trimmedBlocks=0 leakedBlocks=0 objects=2771 bytesHeap=119262538768 bytesDirect=0 liveHeap=0 liveDirect=0
ARENALOOP thread=io.github.neoionet.netty.microbenchmark.ByteBufAllocatorAllocPatternBenchmark.heapAllocation-1-20 arenaHeap=1848216 arenaDirect=0 delegateHeap=24513351 delegateDirect=0 arenaShare=7.01% blocksHeap=8 blocksDirect=1 pinned=8 reusable=0 maxPinnedHeap=8 maxPinnedDirect=0 blockReuses=6243 blockGrowths=7 hooks=411387 hookRejections=0 violations=0 earlyReuses=0 reallocInPlace=7 reallocMoved=0 reallocDelegated=0 trims=0 trimmedBlocks=0 leakedBlocks=0 objects=2771 bytesHeap=102149950208 bytesDirect=0 liveHeap=0 liveDirect=0
ARENALOOP thread=io.github.neoionet.netty.microbenchmark.ByteBufAllocatorAllocPatternBenchmark.heapAllocation-1-30 arenaHeap=2079499 arenaDirect=0 delegateHeap=27570587 delegateDirect=0 arenaShare=7.01% blocksHeap=8 blocksDirect=1 pinned=8 reusable=0 maxPinnedHeap=8 maxPinnedDirect=0 blockReuses=7022 blockGrowths=7 hooks=462770 hookRejections=0 violations=0 earlyReuses=0 reallocInPlace=10 reallocMoved=0 reallocDelegated=0 trims=0 trimmedBlocks=0 leakedBlocks=0 objects=2771 bytesHeap=114910155384 bytesDirect=0 liveHeap=0 liveDirect=0
ARENALOOP thread=io.github.neoionet.netty.microbenchmark.ByteBufAllocatorAllocPatternBenchmark.heapAllocation-1-26 arenaHeap=1960407 arenaDirect=0 delegateHeap=25998849 delegateDirect=0 arenaShare=7.01% blocksHeap=8 blocksDirect=1 pinned=8 reusable=0 maxPinnedHeap=8 maxPinnedDirect=0 blockReuses=6621 blockGrowths=7 hooks=436351 hookRejections=0 violations=0 earlyReuses=0 reallocInPlace=9 reallocMoved=0 reallocDelegated=0 trims=0 trimmedBlocks=0 leakedBlocks=0 objects=2771 bytesHeap=108349828472 bytesDirect=0 liveHeap=0 liveDirect=0
ARENALOOP thread=io.github.neoionet.netty.microbenchmark.ByteBufAllocatorAllocPatternBenchmark.heapAllocation-1-24 arenaHeap=1846684 arenaDirect=0 delegateHeap=24497137 delegateDirect=0 arenaShare=7.01% blocksHeap=8 blocksDirect=1 pinned=8 reusable=0 maxPinnedHeap=8 maxPinnedDirect=0 blockReuses=6237 blockGrowths=7 hooks=411110 hookRejections=0 violations=0 earlyReuses=0 reallocInPlace=7 reallocMoved=0 reallocDelegated=0 trims=0 trimmedBlocks=0 leakedBlocks=0 objects=2771 bytesHeap=102082171040 bytesDirect=0 liveHeap=0 liveDirect=0
ARENALOOP thread=io.github.neoionet.netty.microbenchmark.ByteBufAllocatorAllocPatternBenchmark.heapAllocation-1-29 arenaHeap=1970559 arenaDirect=0 delegateHeap=26131468 delegateDirect=0 arenaShare=7.01% blocksHeap=8 blocksDirect=1 pinned=8 reusable=0 maxPinnedHeap=8 maxPinnedDirect=0 blockReuses=6655 blockGrowths=7 hooks=438582 hookRejections=0 violations=0 earlyReuses=0 reallocInPlace=10 reallocMoved=0 reallocDelegated=0 trims=0 trimmedBlocks=0 leakedBlocks=0 objects=2771 bytesHeap=108903025736 bytesDirect=0 liveHeap=971 liveDirect=0
ARENALOOP thread=io.github.neoionet.netty.microbenchmark.ByteBufAllocatorAllocPatternBenchmark.heapAllocation-1-10 arenaHeap=2340568 arenaDirect=0 delegateHeap=31016961 delegateDirect=0 arenaShare=7.02% blocksHeap=8 blocksDirect=1 pinned=8 reusable=0 maxPinnedHeap=8 maxPinnedDirect=0 blockReuses=7901 blockGrowths=7 hooks=520699 hookRejections=0 violations=0 earlyReuses=0 reallocInPlace=11 reallocMoved=0 reallocDelegated=0 trims=0 trimmedBlocks=0 leakedBlocks=0 objects=2771 bytesHeap=129294138696 bytesDirect=0 liveHeap=0 liveDirect=0
ARENALOOP thread=io.github.neoionet.netty.microbenchmark.ByteBufAllocatorAllocPatternBenchmark.heapAllocation-1-14 arenaHeap=2073034 arenaDirect=0 delegateHeap=27483306 delegateDirect=0 arenaShare=7.01% blocksHeap=8 blocksDirect=1 pinned=8 reusable=0 maxPinnedHeap=8 maxPinnedDirect=0 blockReuses=7000 blockGrowths=7 hooks=461305 hookRejections=0 violations=0 earlyReuses=0 reallocInPlace=10 reallocMoved=0 reallocDelegated=0 trims=0 trimmedBlocks=0 leakedBlocks=0 objects=2771 bytesHeap=114545692472 bytesDirect=0 liveHeap=0 liveDirect=0
ARENALOOP thread=io.github.neoionet.netty.microbenchmark.ByteBufAllocatorAllocPatternBenchmark.heapAllocation-1-15 arenaHeap=2042180 arenaDirect=0 delegateHeap=27065908 delegateDirect=0 arenaShare=7.02% blocksHeap=8 blocksDirect=1 pinned=8 reusable=0 maxPinnedHeap=8 maxPinnedDirect=0 blockReuses=6894 blockGrowths=7 hooks=454301 hookRejections=0 violations=0 earlyReuses=0 reallocInPlace=10 reallocMoved=0 reallocDelegated=0 trims=0 trimmedBlocks=0 leakedBlocks=0 objects=2771 bytesHeap=112802981208 bytesDirect=0 liveHeap=0 liveDirect=0
ARENALOOP thread=io.github.neoionet.netty.microbenchmark.ByteBufAllocatorAllocPatternBenchmark.heapAllocation-1-12 arenaHeap=2488160 arenaDirect=0 delegateHeap=32982383 delegateDirect=0 arenaShare=7.01% blocksHeap=8 blocksDirect=1 pinned=8 reusable=0 maxPinnedHeap=8 maxPinnedDirect=0 blockReuses=8404 blockGrowths=7 hooks=553715 hookRejections=0 violations=0 earlyReuses=0 reallocInPlace=12 reallocMoved=0 reallocDelegated=0 trims=0 trimmedBlocks=0 leakedBlocks=0 objects=2771 bytesHeap=137493221896 bytesDirect=0 liveHeap=0 liveDirect=0
ARENALOOP thread=io.github.neoionet.netty.microbenchmark.ByteBufAllocatorAllocPatternBenchmark.heapAllocation-1-2 arenaHeap=2275913 arenaDirect=0 delegateHeap=30156719 delegateDirect=0 arenaShare=7.02% blocksHeap=8 blocksDirect=1 pinned=8 reusable=0 maxPinnedHeap=8 maxPinnedDirect=0 blockReuses=7683 blockGrowths=7 hooks=506247 hookRejections=0 violations=0 earlyReuses=0 reallocInPlace=11 reallocMoved=0 reallocDelegated=0 trims=0 trimmedBlocks=0 leakedBlocks=0 objects=2771 bytesHeap=125704150352 bytesDirect=0 liveHeap=0 liveDirect=0
ARENALOOP thread=io.github.neoionet.netty.microbenchmark.ByteBufAllocatorAllocPatternBenchmark.heapAllocation-1-17 arenaHeap=2251911 arenaDirect=0 delegateHeap=29843303 delegateDirect=0 arenaShare=7.02% blocksHeap=8 blocksDirect=1 pinned=8 reusable=0 maxPinnedHeap=8 maxPinnedDirect=0 blockReuses=7603 blockGrowths=7 hooks=500975 hookRejections=0 violations=0 earlyReuses=0 reallocInPlace=11 reallocMoved=0 reallocDelegated=0 trims=0 trimmedBlocks=0 leakedBlocks=0 objects=2771 bytesHeap=124396352744 bytesDirect=0 liveHeap=0 liveDirect=0
ARENALOOP thread=io.github.neoionet.netty.microbenchmark.ByteBufAllocatorAllocPatternBenchmark.heapAllocation-1-22 arenaHeap=2095432 arenaDirect=0 delegateHeap=27785603 delegateDirect=0 arenaShare=7.01% blocksHeap=8 blocksDirect=1 pinned=8 reusable=0 maxPinnedHeap=8 maxPinnedDirect=0 blockReuses=7077 blockGrowths=7 hooks=466379 hookRejections=0 violations=0 earlyReuses=0 reallocInPlace=10 reallocMoved=0 reallocDelegated=0 trims=0 trimmedBlocks=0 leakedBlocks=0 objects=2771 bytesHeap=115809194408 bytesDirect=0 liveHeap=0 liveDirect=0
ARENALOOP thread=io.github.neoionet.netty.microbenchmark.ByteBufAllocatorAllocPatternBenchmark.heapAllocation-1-18 arenaHeap=2142547 arenaDirect=0 delegateHeap=28409533 delegateDirect=0 arenaShare=7.01% blocksHeap=8 blocksDirect=1 pinned=8 reusable=0 maxPinnedHeap=8 maxPinnedDirect=0 blockReuses=7237 blockGrowths=7 hooks=476864 hookRejections=0 violations=0 earlyReuses=0 reallocInPlace=10 reallocMoved=0 reallocDelegated=0 trims=0 trimmedBlocks=0 leakedBlocks=0 objects=2771 bytesHeap=118413836472 bytesDirect=0 liveHeap=0 liveDirect=0
820.328 ±(99.9%) 203.423 ns/op

# Run progress: 88.10% complete, ETA 00:02:07
# Fork: 2 of 3
# Warmup Iteration   1: 1134.916 ±(99.9%) 133.365 ns/op
# Warmup Iteration   2: 937.692 ±(99.9%) 174.773 ns/op
# Warmup Iteration   3: 817.646 ±(99.9%) 137.707 ns/op
# Warmup Iteration   4: 822.134 ±(99.9%) 158.553 ns/op
# Warmup Iteration   5: 870.461 ±(99.9%) 179.467 ns/op
# Warmup Iteration   6: 939.541 ±(99.9%) 224.436 ns/op
# Warmup Iteration   7: 821.332 ±(99.9%) 139.907 ns/op
# Warmup Iteration   8: 1056.962 ±(99.9%) 373.725 ns/op
# Warmup Iteration   9: 810.071 ±(99.9%) 100.085 ns/op
# Warmup Iteration  10: 864.086 ±(99.9%) 202.405 ns/op
Iteration   1: 825.007 ±(99.9%) 104.649 ns/op
Iteration   2: 824.195 ±(99.9%) 141.893 ns/op
Iteration   3: 900.625 ±(99.9%) 195.446 ns/op
Iteration   4: 1040.750 ±(99.9%) 278.320 ns/op
Iteration   5: 1001.132 ±(99.9%) 305.949 ns/op
Iteration   6: 827.428 ±(99.9%) 111.489 ns/op
Iteration   7: 833.069 ±(99.9%) 173.727 ns/op
Iteration   8: 850.936 ±(99.9%) 139.783 ns/op
Iteration   9: 853.033 ±(99.9%) 154.293 ns/op
Iteration  10: cRSS-pRSS:[7406, 7411]
;used-memory:[0]
ARENATELE blockSize=262144 maxBlocks=8 cap=8192 maxObjects=16384 debug=false arenaHeap=58139246 arenaDirect=0 delegateHeap=770853719 delegateDirect=0 arenaShare=7.01% blocksHeap=256 blocksDirect=32 pinned=256 reusable=0 maxPinnedHeap=256 maxPinnedDirect=0 blockReuses=196303 blockGrowths=224 hooks=12936614 hookRejections=0 violations=0 earlyReuses=0 reallocInPlace=252 reallocMoved=0 reallocDelegated=0 trims=0 trimmedBlocks=0 leakedBlocks=0 objects=88672 bytesHeap=3212213794344 bytesDirect=0 liveHeap=2041 liveDirect=0
ARENALOOP thread=io.github.neoionet.netty.microbenchmark.ByteBufAllocatorAllocPatternBenchmark.heapAllocation-1-5 arenaHeap=1818034 arenaDirect=0 delegateHeap=24110958 delegateDirect=0 arenaShare=7.01% blocksHeap=8 blocksDirect=1 pinned=8 reusable=0 maxPinnedHeap=8 maxPinnedDirect=0 blockReuses=6141 blockGrowths=7 hooks=404628 hookRejections=0 violations=0 earlyReuses=0 reallocInPlace=7 reallocMoved=0 reallocDelegated=0 trims=0 trimmedBlocks=0 leakedBlocks=0 objects=2771 bytesHeap=100471101784 bytesDirect=0 liveHeap=0 liveDirect=0
ARENALOOP thread=io.github.neoionet.netty.microbenchmark.ByteBufAllocatorAllocPatternBenchmark.heapAllocation-1-27 arenaHeap=2132534 arenaDirect=0 delegateHeap=28282631 delegateDirect=0 arenaShare=7.01% blocksHeap=8 blocksDirect=1 pinned=8 reusable=0 maxPinnedHeap=8 maxPinnedDirect=0 blockReuses=7204 blockGrowths=7 hooks=474724 hookRejections=0 violations=0 earlyReuses=0 reallocInPlace=10 reallocMoved=0 reallocDelegated=0 trims=0 trimmedBlocks=0 leakedBlocks=0 objects=2771 bytesHeap=117884586784 bytesDirect=0 liveHeap=0 liveDirect=0
ARENALOOP thread=io.github.neoionet.netty.microbenchmark.ByteBufAllocatorAllocPatternBenchmark.heapAllocation-1-26 arenaHeap=1946078 arenaDirect=0 delegateHeap=25806094 delegateDirect=0 arenaShare=7.01% blocksHeap=8 blocksDirect=1 pinned=8 reusable=0 maxPinnedHeap=8 maxPinnedDirect=0 blockReuses=6573 blockGrowths=7 hooks=433115 hookRejections=0 violations=0 earlyReuses=0 reallocInPlace=8 reallocMoved=0 reallocDelegated=0 trims=0 trimmedBlocks=0 leakedBlocks=0 objects=2771 bytesHeap=107545583120 bytesDirect=0 liveHeap=383 liveDirect=0
ARENALOOP thread=io.github.neoionet.netty.microbenchmark.ByteBufAllocatorAllocPatternBenchmark.heapAllocation-1-6 arenaHeap=1869727 arenaDirect=0 delegateHeap=24797488 delegateDirect=0 arenaShare=7.01% blocksHeap=8 blocksDirect=1 pinned=8 reusable=0 maxPinnedHeap=8 maxPinnedDirect=0 blockReuses=6315 blockGrowths=7 hooks=416163 hookRejections=0 violations=0 earlyReuses=0 reallocInPlace=8 reallocMoved=0 reallocDelegated=0 trims=0 trimmedBlocks=0 leakedBlocks=0 objects=2771 bytesHeap=103336098208 bytesDirect=0 liveHeap=0 liveDirect=0
ARENALOOP thread=io.github.neoionet.netty.microbenchmark.ByteBufAllocatorAllocPatternBenchmark.heapAllocation-1-23 arenaHeap=1717990 arenaDirect=0 delegateHeap=22767465 delegateDirect=0 arenaShare=7.02% blocksHeap=8 blocksDirect=1 pinned=8 reusable=0 maxPinnedHeap=8 maxPinnedDirect=0 blockReuses=5798 blockGrowths=7 hooks=382073 hookRejections=0 violations=0 earlyReuses=0 reallocInPlace=7 reallocMoved=0 reallocDelegated=0 trims=0 trimmedBlocks=0 leakedBlocks=0 objects=2771 bytesHeap=94865815664 bytesDirect=0 liveHeap=367 liveDirect=0
ARENALOOP thread=io.github.neoionet.netty.microbenchmark.ByteBufAllocatorAllocPatternBenchmark.heapAllocation-1-31 arenaHeap=1784988 arenaDirect=0 delegateHeap=23658583 delegateDirect=0 arenaShare=7.02% blocksHeap=8 blocksDirect=1 pinned=8 reusable=0 maxPinnedHeap=8 maxPinnedDirect=0 blockReuses=6025 blockGrowths=7 hooks=397043 hookRejections=0 violations=0 earlyReuses=0 reallocInPlace=7 reallocMoved=0 reallocDelegated=0 trims=0 trimmedBlocks=0 leakedBlocks=0 objects=2771 bytesHeap=98584989072 bytesDirect=0 liveHeap=0 liveDirect=0
ARENALOOP thread=io.github.neoionet.netty.microbenchmark.ByteBufAllocatorAllocPatternBenchmark.heapAllocation-1-24 arenaHeap=1518543 arenaDirect=0 delegateHeap=20136333 delegateDirect=0 arenaShare=7.01% blocksHeap=8 blocksDirect=1 pinned=8 reusable=0 maxPinnedHeap=8 maxPinnedDirect=0 blockReuses=5125 blockGrowths=7 hooks=337845 hookRejections=0 violations=0 earlyReuses=0 reallocInPlace=7 reallocMoved=0 reallocDelegated=0 trims=0 trimmedBlocks=0 leakedBlocks=0 objects=2771 bytesHeap=83888042160 bytesDirect=0 liveHeap=0 liveDirect=0
ARENALOOP thread=io.github.neoionet.netty.microbenchmark.ByteBufAllocatorAllocPatternBenchmark.heapAllocation-1-2 arenaHeap=1934179 arenaDirect=0 delegateHeap=25654306 delegateDirect=0 arenaShare=7.01% blocksHeap=8 blocksDirect=1 pinned=8 reusable=0 maxPinnedHeap=8 maxPinnedDirect=0 blockReuses=6533 blockGrowths=7 hooks=430558 hookRejections=0 violations=0 earlyReuses=0 reallocInPlace=8 reallocMoved=0 reallocDelegated=0 trims=0 trimmedBlocks=0 leakedBlocks=0 objects=2771 bytesHeap=106912522368 bytesDirect=0 liveHeap=0 liveDirect=0
ARENALOOP thread=io.github.neoionet.netty.microbenchmark.ByteBufAllocatorAllocPatternBenchmark.heapAllocation-1-7 arenaHeap=1931896 arenaDirect=0 delegateHeap=25624948 delegateDirect=0 arenaShare=7.01% blocksHeap=8 blocksDirect=1 pinned=8 reusable=0 maxPinnedHeap=8 maxPinnedDirect=0 blockReuses=6525 blockGrowths=7 hooks=430063 hookRejections=0 violations=0 earlyReuses=0 reallocInPlace=8 reallocMoved=0 reallocDelegated=0 trims=0 trimmedBlocks=0 leakedBlocks=0 objects=2771 bytesHeap=106789613336 bytesDirect=0 liveHeap=0 liveDirect=0
ARENALOOP thread=io.github.neoionet.netty.microbenchmark.ByteBufAllocatorAllocPatternBenchmark.heapAllocation-1-25 arenaHeap=1714592 arenaDirect=0 delegateHeap=22723567 delegateDirect=0 arenaShare=7.02% blocksHeap=8 blocksDirect=1 pinned=8 reusable=0 maxPinnedHeap=8 maxPinnedDirect=0 blockReuses=5786 blockGrowths=7 hooks=381334 hookRejections=0 violations=0 earlyReuses=0 reallocInPlace=7 reallocMoved=0 reallocDelegated=0 trims=0 trimmedBlocks=0 leakedBlocks=0 objects=2771 bytesHeap=94682130728 bytesDirect=0 liveHeap=0 liveDirect=0
ARENALOOP thread=io.github.neoionet.netty.microbenchmark.ByteBufAllocatorAllocPatternBenchmark.heapAllocation-1-17 arenaHeap=2022197 arenaDirect=0 delegateHeap=26806651 delegateDirect=0 arenaShare=7.01% blocksHeap=8 blocksDirect=1 pinned=8 reusable=0 maxPinnedHeap=8 maxPinnedDirect=0 blockReuses=6828 blockGrowths=7 hooks=449938 hookRejections=0 violations=0 earlyReuses=0 reallocInPlace=10 reallocMoved=0 reallocDelegated=0 trims=0 trimmedBlocks=0 leakedBlocks=0 objects=2771 bytesHeap=111720323192 bytesDirect=0 liveHeap=0 liveDirect=0
ARENALOOP thread=io.github.neoionet.netty.microbenchmark.ByteBufAllocatorAllocPatternBenchmark.heapAllocation-1-30 arenaHeap=1779102 arenaDirect=0 delegateHeap=23580495 delegateDirect=0 arenaShare=7.02% blocksHeap=8 blocksDirect=1 pinned=8 reusable=0 maxPinnedHeap=8 maxPinnedDirect=0 blockReuses=6005 blockGrowths=7 hooks=395731 hookRejections=0 violations=0 earlyReuses=0 reallocInPlace=7 reallocMoved=0 reallocDelegated=0 trims=0 trimmedBlocks=0 leakedBlocks=0 objects=2771 bytesHeap=98258505464 bytesDirect=0 liveHeap=0 liveDirect=0
ARENALOOP thread=io.github.neoionet.netty.microbenchmark.ByteBufAllocatorAllocPatternBenchmark.heapAllocation-1-4 arenaHeap=1939820 arenaDirect=0 delegateHeap=25726313 delegateDirect=0 arenaShare=7.01% blocksHeap=8 blocksDirect=1 pinned=8 reusable=0 maxPinnedHeap=8 maxPinnedDirect=0 blockReuses=6552 blockGrowths=7 hooks=431771 hookRejections=0 violations=0 earlyReuses=0 reallocInPlace=8 reallocMoved=0 reallocDelegated=0 trims=0 trimmedBlocks=0 leakedBlocks=0 objects=2771 bytesHeap=107213075480 bytesDirect=0 liveHeap=175 liveDirect=0
ARENALOOP thread=io.github.neoionet.netty.microbenchmark.ByteBufAllocatorAllocPatternBenchmark.heapAllocation-1-32 arenaHeap=1797479 arenaDirect=0 delegateHeap=23838187 delegateDirect=0 arenaShare=7.01% blocksHeap=8 blocksDirect=1 pinned=8 reusable=0 maxPinnedHeap=8 maxPinnedDirect=0 blockReuses=6069 blockGrowths=7 hooks=400045 hookRejections=0 violations=0 earlyReuses=0 reallocInPlace=7 reallocMoved=0 reallocDelegated=0 trims=0 trimmedBlocks=0 leakedBlocks=0 objects=2771 bytesHeap=99332917640 bytesDirect=0 liveHeap=0 liveDirect=0
ARENALOOP thread=io.github.neoionet.netty.microbenchmark.ByteBufAllocatorAllocPatternBenchmark.heapAllocation-1-21 arenaHeap=2182713 arenaDirect=0 delegateHeap=28938665 delegateDirect=0 arenaShare=7.01% blocksHeap=8 blocksDirect=1 pinned=8 reusable=0 maxPinnedHeap=8 maxPinnedDirect=0 blockReuses=7372 blockGrowths=7 hooks=485759 hookRejections=0 violations=0 earlyReuses=0 reallocInPlace=11 reallocMoved=0 reallocDelegated=0 trims=0 trimmedBlocks=0 leakedBlocks=0 objects=2771 bytesHeap=120621719456 bytesDirect=0 liveHeap=0 liveDirect=0
ARENALOOP thread=io.github.neoionet.netty.microbenchmark.ByteBufAllocatorAllocPatternBenchmark.heapAllocation-1-22 arenaHeap=1984278 arenaDirect=0 delegateHeap=26306984 delegateDirect=0 arenaShare=7.01% blocksHeap=8 blocksDirect=1 pinned=8 reusable=0 maxPinnedHeap=8 maxPinnedDirect=0 blockReuses=6701 blockGrowths=7 hooks=441538 hookRejections=0 violations=0 earlyReuses=0 reallocInPlace=10 reallocMoved=0 reallocDelegated=0 trims=0 trimmedBlocks=0 leakedBlocks=0 objects=2771 bytesHeap=109635664896 bytesDirect=0 liveHeap=0 liveDirect=0
ARENALOOP thread=io.github.neoionet.netty.microbenchmark.ByteBufAllocatorAllocPatternBenchmark.heapAllocation-1-11 arenaHeap=1606526 arenaDirect=0 delegateHeap=21306312 delegateDirect=0 arenaShare=7.01% blocksHeap=8 blocksDirect=1 pinned=8 reusable=0 maxPinnedHeap=8 maxPinnedDirect=0 blockReuses=5425 blockGrowths=7 hooks=357501 hookRejections=0 violations=0 earlyReuses=0 reallocInPlace=7 reallocMoved=0 reallocDelegated=0 trims=0 trimmedBlocks=0 leakedBlocks=0 objects=2771 bytesHeap=88769495112 bytesDirect=0 liveHeap=360 liveDirect=0
ARENALOOP thread=io.github.neoionet.netty.microbenchmark.ByteBufAllocatorAllocPatternBenchmark.heapAllocation-1-28 arenaHeap=1569583 arenaDirect=0 delegateHeap=20809757 delegateDirect=0 arenaShare=7.01% blocksHeap=8 blocksDirect=1 pinned=8 reusable=0 maxPinnedHeap=8 maxPinnedDirect=0 blockReuses=5298 blockGrowths=7 hooks=349165 hookRejections=0 violations=0 earlyReuses=0 reallocInPlace=7 reallocMoved=0 reallocDelegated=0 trims=0 trimmedBlocks=0 leakedBlocks=0 objects=2771 bytesHeap=86698064720 bytesDirect=0 liveHeap=0 liveDirect=0
ARENALOOP thread=io.github.neoionet.netty.microbenchmark.ByteBufAllocatorAllocPatternBenchmark.heapAllocation-1-18 arenaHeap=1600207 arenaDirect=0 delegateHeap=21220535 delegateDirect=0 arenaShare=7.01% blocksHeap=8 blocksDirect=1 pinned=8 reusable=0 maxPinnedHeap=8 maxPinnedDirect=0 blockReuses=5403 blockGrowths=7 hooks=356062 hookRejections=0 violations=0 earlyReuses=0 reallocInPlace=7 reallocMoved=0 reallocDelegated=0 trims=0 trimmedBlocks=0 leakedBlocks=0 objects=2771 bytesHeap=88412290832 bytesDirect=0 liveHeap=0 liveDirect=0
ARENALOOP thread=io.github.neoionet.netty.microbenchmark.ByteBufAllocatorAllocPatternBenchmark.heapAllocation-1-15 arenaHeap=2063124 arenaDirect=0 delegateHeap=27348614 delegateDirect=0 arenaShare=7.01% blocksHeap=8 blocksDirect=1 pinned=8 reusable=0 maxPinnedHeap=8 maxPinnedDirect=0 blockReuses=6966 blockGrowths=7 hooks=459046 hookRejections=0 violations=0 earlyReuses=0 reallocInPlace=10 reallocMoved=0 reallocDelegated=0 trims=0 trimmedBlocks=0 leakedBlocks=0 objects=2771 bytesHeap=113983426344 bytesDirect=0 liveHeap=0 liveDirect=0
ARENALOOP thread=io.github.neoionet.netty.microbenchmark.ByteBufAllocatorAllocPatternBenchmark.heapAllocation-1-14 arenaHeap=1860880 arenaDirect=0 delegateHeap=24676534 delegateDirect=0 arenaShare=7.01% blocksHeap=8 blocksDirect=1 pinned=8 reusable=0 maxPinnedHeap=8 maxPinnedDirect=0 blockReuses=6285 blockGrowths=7 hooks=414135 hookRejections=0 violations=0 earlyReuses=0 reallocInPlace=7 reallocMoved=0 reallocDelegated=0 trims=0 trimmedBlocks=0 leakedBlocks=0 objects=2771 bytesHeap=102831892696 bytesDirect=0 liveHeap=0 liveDirect=0
ARENALOOP thread=io.github.neoionet.netty.microbenchmark.ByteBufAllocatorAllocPatternBenchmark.heapAllocation-1-13 arenaHeap=1832446 arenaDirect=0 delegateHeap=24300788 delegateDirect=0 arenaShare=7.01% blocksHeap=8 blocksDirect=1 pinned=8 reusable=0 maxPinnedHeap=8 maxPinnedDirect=0 blockReuses=6189 blockGrowths=7 hooks=407819 hookRejections=0 violations=0 earlyReuses=0 reallocInPlace=7 reallocMoved=0 reallocDelegated=0 trims=0 trimmedBlocks=0 leakedBlocks=0 objects=2771 bytesHeap=101263592392 bytesDirect=0 liveHeap=0 liveDirect=0
ARENALOOP thread=io.github.neoionet.netty.microbenchmark.ByteBufAllocatorAllocPatternBenchmark.heapAllocation-1-9 arenaHeap=2068318 arenaDirect=0 delegateHeap=27420822 delegateDirect=0 arenaShare=7.01% blocksHeap=8 blocksDirect=1 pinned=8 reusable=0 maxPinnedHeap=8 maxPinnedDirect=0 blockReuses=6984 blockGrowths=7 hooks=460255 hookRejections=0 violations=0 earlyReuses=0 reallocInPlace=10 reallocMoved=0 reallocDelegated=0 trims=0 trimmedBlocks=0 leakedBlocks=0 objects=2771 bytesHeap=114284742576 bytesDirect=0 liveHeap=0 liveDirect=0
ARENALOOP thread=io.github.neoionet.netty.microbenchmark.ByteBufAllocatorAllocPatternBenchmark.heapAllocation-1-8 arenaHeap=1770505 arenaDirect=0 delegateHeap=23468969 delegateDirect=0 arenaShare=7.01% blocksHeap=8 blocksDirect=1 pinned=8 reusable=0 maxPinnedHeap=8 maxPinnedDirect=0 blockReuses=5976 blockGrowths=7 hooks=393854 hookRejections=0 violations=0 earlyReuses=0 reallocInPlace=7 reallocMoved=0 reallocDelegated=0 trims=0 trimmedBlocks=0 leakedBlocks=0 objects=2771 bytesHeap=97792864776 bytesDirect=0 liveHeap=276 liveDirect=0
ARENALOOP thread=io.github.neoionet.netty.microbenchmark.ByteBufAllocatorAllocPatternBenchmark.heapAllocation-1-3 arenaHeap=1999828 arenaDirect=0 delegateHeap=26512987 delegateDirect=0 arenaShare=7.01% blocksHeap=8 blocksDirect=1 pinned=8 reusable=0 maxPinnedHeap=8 maxPinnedDirect=0 blockReuses=6753 blockGrowths=7 hooks=445000 hookRejections=0 violations=0 earlyReuses=0 reallocInPlace=10 reallocMoved=0 reallocDelegated=0 trims=0 trimmedBlocks=0 leakedBlocks=0 objects=2771 bytesHeap=110495626960 bytesDirect=0 liveHeap=0 liveDirect=0
ARENALOOP thread=io.github.neoionet.netty.microbenchmark.ByteBufAllocatorAllocPatternBenchmark.heapAllocation-1-29 arenaHeap=1655778 arenaDirect=0 delegateHeap=21949760 delegateDirect=0 arenaShare=7.01% blocksHeap=8 blocksDirect=1 pinned=8 reusable=0 maxPinnedHeap=8 maxPinnedDirect=0 blockReuses=5589 blockGrowths=7 hooks=368324 hookRejections=0 violations=0 earlyReuses=0 reallocInPlace=7 reallocMoved=0 reallocDelegated=0 trims=0 trimmedBlocks=0 leakedBlocks=0 objects=2771 bytesHeap=91452147064 bytesDirect=0 liveHeap=59 liveDirect=0
ARENALOOP thread=io.github.neoionet.netty.microbenchmark.ByteBufAllocatorAllocPatternBenchmark.heapAllocation-1-20 arenaHeap=1722304 arenaDirect=0 delegateHeap=22823162 delegateDirect=0 arenaShare=7.02% blocksHeap=8 blocksDirect=1 pinned=8 reusable=0 maxPinnedHeap=8 maxPinnedDirect=0 blockReuses=5812 blockGrowths=7 hooks=383010 hookRejections=0 violations=0 earlyReuses=0 reallocInPlace=7 reallocMoved=0 reallocDelegated=0 trims=0 trimmedBlocks=0 leakedBlocks=0 objects=2771 bytesHeap=95098243072 bytesDirect=0 liveHeap=0 liveDirect=0
ARENALOOP thread=io.github.neoionet.netty.microbenchmark.ByteBufAllocatorAllocPatternBenchmark.heapAllocation-1-10 arenaHeap=1433642 arenaDirect=0 delegateHeap=18999635 delegateDirect=0 arenaShare=7.02% blocksHeap=8 blocksDirect=1 pinned=8 reusable=0 maxPinnedHeap=8 maxPinnedDirect=0 blockReuses=4836 blockGrowths=7 hooks=318757 hookRejections=0 violations=0 earlyReuses=0 reallocInPlace=6 reallocMoved=0 reallocDelegated=0 trims=0 trimmedBlocks=0 leakedBlocks=0 objects=2771 bytesHeap=79145285352 bytesDirect=0 liveHeap=0 liveDirect=0
ARENALOOP thread=io.github.neoionet.netty.microbenchmark.ByteBufAllocatorAllocPatternBenchmark.heapAllocation-1-12 arenaHeap=1827289 arenaDirect=0 delegateHeap=24232916 delegateDirect=0 arenaShare=7.01% blocksHeap=8 blocksDirect=1 pinned=8 reusable=0 maxPinnedHeap=8 maxPinnedDirect=0 blockReuses=6171 blockGrowths=7 hooks=406678 hookRejections=0 violations=0 earlyReuses=0 reallocInPlace=7 reallocMoved=0 reallocDelegated=0 trims=0 trimmedBlocks=0 leakedBlocks=0 objects=2771 bytesHeap=100979795568 bytesDirect=0 liveHeap=0 liveDirect=0
ARENALOOP thread=io.github.neoionet.netty.microbenchmark.ByteBufAllocatorAllocPatternBenchmark.heapAllocation-1-1 arenaHeap=1499522 arenaDirect=0 delegateHeap=19879547 delegateDirect=0 arenaShare=7.01% blocksHeap=8 blocksDirect=1 pinned=8 reusable=0 maxPinnedHeap=8 maxPinnedDirect=0 blockReuses=5059 blockGrowths=7 hooks=333535 hookRejections=0 violations=0 earlyReuses=0 reallocInPlace=7 reallocMoved=0 reallocDelegated=0 trims=0 trimmedBlocks=0 leakedBlocks=0 objects=2771 bytesHeap=82816995688 bytesDirect=0 liveHeap=0 liveDirect=0
ARENALOOP thread=io.github.neoionet.netty.microbenchmark.ByteBufAllocatorAllocPatternBenchmark.heapAllocation-1-16 arenaHeap=1961788 arenaDirect=0 delegateHeap=26012748 delegateDirect=0 arenaShare=7.01% blocksHeap=8 blocksDirect=1 pinned=8 reusable=0 maxPinnedHeap=8 maxPinnedDirect=0 blockReuses=6626 blockGrowths=7 hooks=436590 hookRejections=0 violations=0 earlyReuses=0 reallocInPlace=9 reallocMoved=0 reallocDelegated=0 trims=0 trimmedBlocks=0 leakedBlocks=0 objects=2771 bytesHeap=108408269048 bytesDirect=0 liveHeap=419 liveDirect=0
ARENALOOP thread=io.github.neoionet.netty.microbenchmark.ByteBufAllocatorAllocPatternBenchmark.heapAllocation-1-19 arenaHeap=1593356 arenaDirect=0 delegateHeap=21130965 delegateDirect=0 arenaShare=7.01% blocksHeap=8 blocksDirect=1 pinned=8 reusable=0 maxPinnedHeap=8 maxPinnedDirect=0 blockReuses=5379 blockGrowths=7 hooks=354555 hookRejections=0 violations=0 earlyReuses=0 reallocInPlace=7 reallocMoved=0 reallocDelegated=0 trims=0 trimmedBlocks=0 leakedBlocks=0 objects=2771 bytesHeap=88038372792 bytesDirect=0 liveHeap=0 liveDirect=0
899.099 ±(99.9%) 195.338 ns/op

# Run progress: 90.48% complete, ETA 00:01:41
# Fork: 3 of 3
# Warmup Iteration   1: 1161.936 ±(99.9%) 116.736 ns/op
# Warmup Iteration   2: 929.342 ±(99.9%) 138.997 ns/op
# Warmup Iteration   3: 832.164 ±(99.9%) 160.780 ns/op
# Warmup Iteration   4: 815.429 ±(99.9%) 141.017 ns/op
# Warmup Iteration   5: 856.837 ±(99.9%) 172.461 ns/op
# Warmup Iteration   6: 851.401 ±(99.9%) 227.301 ns/op
# Warmup Iteration   7: 847.275 ±(99.9%) 219.243 ns/op
# Warmup Iteration   8: 804.134 ±(99.9%) 102.493 ns/op
# Warmup Iteration   9: 883.584 ±(99.9%) 244.741 ns/op
# Warmup Iteration  10: 895.664 ±(99.9%) 205.486 ns/op
Iteration   1: 820.100 ±(99.9%) 115.479 ns/op
Iteration   2: 839.742 ±(99.9%) 202.023 ns/op
Iteration   3: 831.513 ±(99.9%) 103.263 ns/op
Iteration   4: 807.652 ±(99.9%) 111.896 ns/op
Iteration   5: 853.663 ±(99.9%) 158.886 ns/op
Iteration   6: 860.971 ±(99.9%) 180.353 ns/op
Iteration   7: 827.273 ±(99.9%) 148.647 ns/op
Iteration   8: 926.549 ±(99.9%) 218.321 ns/op
Iteration   9: 972.754 ±(99.9%) 260.542 ns/op
Iteration  10: cRSS-pRSS:[7400, 7405]
;used-memory:[0]
ARENATELE blockSize=262144 maxBlocks=8 cap=8192 maxObjects=16384 debug=false arenaHeap=59577525 arenaDirect=0 delegateHeap=790005621 delegateDirect=0 arenaShare=7.01% blocksHeap=256 blocksDirect=32 pinned=254 reusable=0 maxPinnedHeap=256 maxPinnedDirect=0 blockReuses=201187 blockGrowths=224 hooks=13258337 hookRejections=0 violations=0 earlyReuses=0 reallocInPlace=260 reallocMoved=0 reallocDelegated=0 trims=0 trimmedBlocks=0 leakedBlocks=0 objects=88672 bytesHeap=3292124295760 bytesDirect=0 liveHeap=6217 liveDirect=0
ARENALOOP thread=io.github.neoionet.netty.microbenchmark.ByteBufAllocatorAllocPatternBenchmark.heapAllocation-1-25 arenaHeap=2115120 arenaDirect=0 delegateHeap=28050770 delegateDirect=0 arenaShare=7.01% blocksHeap=8 blocksDirect=1 pinned=8 reusable=0 maxPinnedHeap=8 maxPinnedDirect=0 blockReuses=7145 blockGrowths=7 hooks=470830 hookRejections=0 violations=0 earlyReuses=0 reallocInPlace=10 reallocMoved=0 reallocDelegated=0 trims=0 trimmedBlocks=0 leakedBlocks=0 objects=2771 bytesHeap=116916342496 bytesDirect=0 liveHeap=1250 liveDirect=0
ARENALOOP thread=io.github.neoionet.netty.microbenchmark.ByteBufAllocatorAllocPatternBenchmark.heapAllocation-1-30 arenaHeap=1784696 arenaDirect=0 delegateHeap=23657554 delegateDirect=0 arenaShare=7.01% blocksHeap=8 blocksDirect=1 pinned=8 reusable=0 maxPinnedHeap=8 maxPinnedDirect=0 blockReuses=6024 blockGrowths=7 hooks=397023 hookRejections=0 violations=0 earlyReuses=0 reallocInPlace=7 reallocMoved=0 reallocDelegated=0 trims=0 trimmedBlocks=0 leakedBlocks=0 objects=2771 bytesHeap=98580548336 bytesDirect=0 liveHeap=251 liveDirect=0
ARENALOOP thread=io.github.neoionet.netty.microbenchmark.ByteBufAllocatorAllocPatternBenchmark.heapAllocation-1-14 arenaHeap=1874806 arenaDirect=0 delegateHeap=24861659 delegateDirect=0 arenaShare=7.01% blocksHeap=8 blocksDirect=1 pinned=8 reusable=0 maxPinnedHeap=8 maxPinnedDirect=0 blockReuses=6332 blockGrowths=7 hooks=417245 hookRejections=0 violations=0 earlyReuses=0 reallocInPlace=8 reallocMoved=0 reallocDelegated=0 trims=0 trimmedBlocks=0 leakedBlocks=0 objects=2771 bytesHeap=103602582888 bytesDirect=0 liveHeap=444 liveDirect=0
ARENALOOP thread=io.github.neoionet.netty.microbenchmark.ByteBufAllocatorAllocPatternBenchmark.heapAllocation-1-24 arenaHeap=1555602 arenaDirect=0 delegateHeap=20623333 delegateDirect=0 arenaShare=7.01% blocksHeap=8 blocksDirect=1 pinned=8 reusable=0 maxPinnedHeap=8 maxPinnedDirect=0 blockReuses=5251 blockGrowths=7 hooks=346033 hookRejections=0 violations=0 earlyReuses=0 reallocInPlace=7 reallocMoved=0 reallocDelegated=0 trims=0 trimmedBlocks=0 leakedBlocks=0 objects=2771 bytesHeap=85920072800 bytesDirect=0 liveHeap=0 liveDirect=0
ARENALOOP thread=io.github.neoionet.netty.microbenchmark.ByteBufAllocatorAllocPatternBenchmark.heapAllocation-1-12 arenaHeap=1897982 arenaDirect=0 delegateHeap=25165521 delegateDirect=0 arenaShare=7.01% blocksHeap=8 blocksDirect=1 pinned=8 reusable=0 maxPinnedHeap=8 maxPinnedDirect=0 blockReuses=6410 blockGrowths=7 hooks=422355 hookRejections=0 violations=0 earlyReuses=0 reallocInPlace=8 reallocMoved=0 reallocDelegated=0 trims=0 trimmedBlocks=0 leakedBlocks=0 objects=2771 bytesHeap=104871806272 bytesDirect=0 liveHeap=0 liveDirect=0
ARENALOOP thread=io.github.neoionet.netty.microbenchmark.ByteBufAllocatorAllocPatternBenchmark.heapAllocation-1-9 arenaHeap=1921189 arenaDirect=0 delegateHeap=25479600 delegateDirect=0 arenaShare=7.01% blocksHeap=8 blocksDirect=1 pinned=8 reusable=0 maxPinnedHeap=8 maxPinnedDirect=0 blockReuses=6489 blockGrowths=7 hooks=427625 hookRejections=0 violations=0 earlyReuses=0 reallocInPlace=8 reallocMoved=0 reallocDelegated=0 trims=0 trimmedBlocks=0 leakedBlocks=0 objects=2771 bytesHeap=106183285936 bytesDirect=0 liveHeap=0 liveDirect=0
ARENALOOP thread=io.github.neoionet.netty.microbenchmark.ByteBufAllocatorAllocPatternBenchmark.heapAllocation-1-20 arenaHeap=1783886 arenaDirect=0 delegateHeap=23646030 delegateDirect=0 arenaShare=7.01% blocksHeap=8 blocksDirect=1 pinned=8 reusable=0 maxPinnedHeap=8 maxPinnedDirect=0 blockReuses=6021 blockGrowths=7 hooks=396830 hookRejections=0 violations=0 earlyReuses=0 reallocInPlace=7 reallocMoved=0 reallocDelegated=0 trims=0 trimmedBlocks=0 leakedBlocks=0 objects=2771 bytesHeap=98532320208 bytesDirect=0 liveHeap=0 liveDirect=0
ARENALOOP thread=io.github.neoionet.netty.microbenchmark.ByteBufAllocatorAllocPatternBenchmark.heapAllocation-1-10 arenaHeap=1305949 arenaDirect=0 delegateHeap=17326683 delegateDirect=0 arenaShare=7.01% blocksHeap=8 blocksDirect=1 pinned=8 reusable=0 maxPinnedHeap=8 maxPinnedDirect=0 blockReuses=4409 blockGrowths=7 hooks=290622 hookRejections=0 violations=0 earlyReuses=0 reallocInPlace=6 reallocMoved=0 reallocDelegated=0 trims=0 trimmedBlocks=0 leakedBlocks=0 objects=2771 bytesHeap=72164746424 bytesDirect=0 liveHeap=401 liveDirect=0
ARENALOOP thread=io.github.neoionet.netty.microbenchmark.ByteBufAllocatorAllocPatternBenchmark.heapAllocation-1-3 arenaHeap=1967746 arenaDirect=0 delegateHeap=26095459 delegateDirect=0 arenaShare=7.01% blocksHeap=8 blocksDirect=1 pinned=8 reusable=0 maxPinnedHeap=8 maxPinnedDirect=0 blockReuses=6646 blockGrowths=7 hooks=437975 hookRejections=0 violations=0 earlyReuses=0 reallocInPlace=10 reallocMoved=0 reallocDelegated=0 trims=0 trimmedBlocks=0 leakedBlocks=0 objects=2771 bytesHeap=108752335328 bytesDirect=0 liveHeap=531 liveDirect=0
ARENALOOP thread=io.github.neoionet.netty.microbenchmark.ByteBufAllocatorAllocPatternBenchmark.heapAllocation-1-26 arenaHeap=1862970 arenaDirect=0 delegateHeap=24704678 delegateDirect=0 arenaShare=7.01% blocksHeap=8 blocksDirect=1 pinned=8 reusable=0 maxPinnedHeap=8 maxPinnedDirect=0 blockReuses=6292 blockGrowths=7 hooks=414607 hookRejections=0 violations=0 earlyReuses=0 reallocInPlace=7 reallocMoved=0 reallocDelegated=0 trims=0 trimmedBlocks=0 leakedBlocks=0 objects=2771 bytesHeap=102949036296 bytesDirect=0 liveHeap=135 liveDirect=0
ARENALOOP thread=io.github.neoionet.netty.microbenchmark.ByteBufAllocatorAllocPatternBenchmark.heapAllocation-1-16 arenaHeap=1611715 arenaDirect=0 delegateHeap=21374815 delegateDirect=0 arenaShare=7.01% blocksHeap=8 blocksDirect=1 pinned=8 reusable=0 maxPinnedHeap=8 maxPinnedDirect=0 blockReuses=5442 blockGrowths=7 hooks=358652 hookRejections=0 violations=0 earlyReuses=0 reallocInPlace=7 reallocMoved=0 reallocDelegated=0 trims=0 trimmedBlocks=0 leakedBlocks=0 objects=2771 bytesHeap=89054841528 bytesDirect=0 liveHeap=0 liveDirect=0
ARENALOOP thread=io.github.neoionet.netty.microbenchmark.ByteBufAllocatorAllocPatternBenchmark.heapAllocation-1-5 arenaHeap=1628361 arenaDirect=0 delegateHeap=21582079 delegateDirect=0 arenaShare=7.02% blocksHeap=8 blocksDirect=1 pinned=8 reusable=0 maxPinnedHeap=8 maxPinnedDirect=0 blockReuses=5497 blockGrowths=7 hooks=362151 hookRejections=0 violations=0 earlyReuses=0 reallocInPlace=7 reallocMoved=0 reallocDelegated=0 trims=0 trimmedBlocks=0 leakedBlocks=0 objects=2771 bytesHeap=89920597352 bytesDirect=0 liveHeap=77 liveDirect=0
ARENALOOP thread=io.github.neoionet.netty.microbenchmark.ByteBufAllocatorAllocPatternBenchmark.heapAllocation-1-23 arenaHeap=1701871 arenaDirect=0 delegateHeap=22555696 delegateDirect=0 arenaShare=7.02% blocksHeap=8 blocksDirect=1 pinned=8 reusable=0 maxPinnedHeap=8 maxPinnedDirect=0 blockReuses=5743 blockGrowths=7 hooks=378512 hookRejections=0 violations=0 earlyReuses=0 reallocInPlace=7 reallocMoved=0 reallocDelegated=0 trims=0 trimmedBlocks=0 leakedBlocks=0 objects=2771 bytesHeap=93981429848 bytesDirect=0 liveHeap=5 liveDirect=0
ARENALOOP thread=io.github.neoionet.netty.microbenchmark.ByteBufAllocatorAllocPatternBenchmark.heapAllocation-1-17 arenaHeap=1867403 arenaDirect=0 delegateHeap=24766889 delegateDirect=0 arenaShare=7.01% blocksHeap=8 blocksDirect=1 pinned=8 reusable=0 maxPinnedHeap=8 maxPinnedDirect=0 blockReuses=6307 blockGrowths=7 hooks=415648 hookRejections=0 violations=0 earlyReuses=0 reallocInPlace=8 reallocMoved=0 reallocDelegated=0 trims=0 trimmedBlocks=0 leakedBlocks=0 objects=2771 bytesHeap=103207967744 bytesDirect=0 liveHeap=0 liveDirect=0
ARENALOOP thread=io.github.neoionet.netty.microbenchmark.ByteBufAllocatorAllocPatternBenchmark.heapAllocation-1-28 arenaHeap=2173489 arenaDirect=0 delegateHeap=28816820 delegateDirect=0 arenaShare=7.01% blocksHeap=8 blocksDirect=1 pinned=8 reusable=0 maxPinnedHeap=8 maxPinnedDirect=0 blockReuses=7341 blockGrowths=7 hooks=483711 hookRejections=0 violations=0 earlyReuses=0 reallocInPlace=11 reallocMoved=0 reallocDelegated=0 trims=0 trimmedBlocks=0 leakedBlocks=0 objects=2771 bytesHeap=120112864776 bytesDirect=0 liveHeap=0 liveDirect=0
ARENALOOP thread=io.github.neoionet.netty.microbenchmark.ByteBufAllocatorAllocPatternBenchmark.heapAllocation-1-21 arenaHeap=1920073 arenaDirect=0 delegateHeap=25468806 delegateDirect=0 arenaShare=7.01% blocksHeap=8 blocksDirect=1 pinned=8 reusable=0 maxPinnedHeap=8 maxPinnedDirect=0 blockReuses=6485 blockGrowths=7 hooks=427439 hookRejections=0 violations=0 earlyReuses=0 reallocInPlace=8 reallocMoved=0 reallocDelegated=0 trims=0 trimmedBlocks=0 leakedBlocks=0 objects=2771 bytesHeap=106137693728 bytesDirect=0 liveHeap=0 liveDirect=0
ARENALOOP thread=io.github.neoionet.netty.microbenchmark.ByteBufAllocatorAllocPatternBenchmark.heapAllocation-1-31 arenaHeap=1867073 arenaDirect=0 delegateHeap=24761618 delegateDirect=0 arenaShare=7.01% blocksHeap=8 blocksDirect=1 pinned=8 reusable=0 maxPinnedHeap=8 maxPinnedDirect=0 blockReuses=6306 blockGrowths=7 hooks=415561 hookRejections=0 violations=0 earlyReuses=0 reallocInPlace=8 reallocMoved=0 reallocDelegated=0 trims=0 trimmedBlocks=0 leakedBlocks=0 objects=2771 bytesHeap=103186471936 bytesDirect=0 liveHeap=0 liveDirect=0
ARENALOOP thread=io.github.neoionet.netty.microbenchmark.ByteBufAllocatorAllocPatternBenchmark.heapAllocation-1-27 arenaHeap=2205005 arenaDirect=0 delegateHeap=29239154 delegateDirect=0 arenaShare=7.01% blocksHeap=8 blocksDirect=1 pinned=8 reusable=0 maxPinnedHeap=8 maxPinnedDirect=0 blockReuses=7448 blockGrowths=7 hooks=490802 hookRejections=0 violations=0 earlyReuses=0 reallocInPlace=11 reallocMoved=0 reallocDelegated=0 trims=0 trimmedBlocks=0 leakedBlocks=0 objects=2771 bytesHeap=121875343840 bytesDirect=0 liveHeap=106 liveDirect=0
ARENALOOP thread=io.github.neoionet.netty.microbenchmark.ByteBufAllocatorAllocPatternBenchmark.heapAllocation-1-11 arenaHeap=1735882 arenaDirect=0 delegateHeap=23010377 delegateDirect=0 arenaShare=7.01% blocksHeap=8 blocksDirect=1 pinned=8 reusable=0 maxPinnedHeap=8 maxPinnedDirect=0 blockReuses=5859 blockGrowths=7 hooks=386148 hookRejections=0 violations=0 earlyReuses=0 reallocInPlace=7 reallocMoved=0 reallocDelegated=0 trims=0 trimmedBlocks=0 leakedBlocks=0 objects=2771 bytesHeap=95879360720 bytesDirect=0 liveHeap=168 liveDirect=0
ARENALOOP thread=io.github.neoionet.netty.microbenchmark.ByteBufAllocatorAllocPatternBenchmark.heapAllocation-1-18 arenaHeap=2004187 arenaDirect=0 delegateHeap=26572951 delegateDirect=0 arenaShare=7.01% blocksHeap=8 blocksDirect=1 pinned=7 reusable=0 maxPinnedHeap=8 maxPinnedDirect=0 blockReuses=6769 blockGrowths=7 hooks=446005 hookRejections=0 violations=0 earlyReuses=0 reallocInPlace=10 reallocMoved=0 reallocDelegated=0 trims=0 trimmedBlocks=0 leakedBlocks=0 objects=2771 bytesHeap=110745384568 bytesDirect=0 liveHeap=0 liveDirect=0
ARENALOOP thread=io.github.neoionet.netty.microbenchmark.ByteBufAllocatorAllocPatternBenchmark.heapAllocation-1-29 arenaHeap=1878325 arenaDirect=0 delegateHeap=24908693 delegateDirect=0 arenaShare=7.01% blocksHeap=8 blocksDirect=1 pinned=8 reusable=0 maxPinnedHeap=8 maxPinnedDirect=0 blockReuses=6343 blockGrowths=7 hooks=418035 hookRejections=0 violations=0 earlyReuses=0 reallocInPlace=8 reallocMoved=0 reallocDelegated=0 trims=0 trimmedBlocks=0 leakedBlocks=0 objects=2771 bytesHeap=103799628360 bytesDirect=0 liveHeap=0 liveDirect=0
ARENALOOP thread=io.github.neoionet.netty.microbenchmark.ByteBufAllocatorAllocPatternBenchmark.heapAllocation-1-32 arenaHeap=1884871 arenaDirect=0 delegateHeap=24996102 delegateDirect=0 arenaShare=7.01% blocksHeap=8 blocksDirect=1 pinned=8 reusable=0 maxPinnedHeap=8 maxPinnedDirect=0 blockReuses=6365 blockGrowths=7 hooks=419503 hookRejections=0 violations=0 earlyReuses=0 reallocInPlace=8 reallocMoved=0 reallocDelegated=0 trims=0 trimmedBlocks=0 leakedBlocks=0 objects=2771 bytesHeap=104163873664 bytesDirect=0 liveHeap=233 liveDirect=0
ARENALOOP thread=io.github.neoionet.netty.microbenchmark.ByteBufAllocatorAllocPatternBenchmark.heapAllocation-1-22 arenaHeap=1828400 arenaDirect=0 delegateHeap=24251806 delegateDirect=0 arenaShare=7.01% blocksHeap=8 blocksDirect=1 pinned=8 reusable=0 maxPinnedHeap=8 maxPinnedDirect=0 blockReuses=6175 blockGrowths=7 hooks=406991 hookRejections=0 violations=0 earlyReuses=0 reallocInPlace=7 reallocMoved=0 reallocDelegated=0 trims=0 trimmedBlocks=0 leakedBlocks=0 objects=2771 bytesHeap=101058409688 bytesDirect=0 liveHeap=0 liveDirect=0
ARENALOOP thread=io.github.neoionet.netty.microbenchmark.ByteBufAllocatorAllocPatternBenchmark.heapAllocation-1-6 arenaHeap=1720147 arenaDirect=0 delegateHeap=22796472 delegateDirect=0 arenaShare=7.02% blocksHeap=8 blocksDirect=1 pinned=8 reusable=0 maxPinnedHeap=8 maxPinnedDirect=0 blockReuses=5805 blockGrowths=7 hooks=382560 hookRejections=0 violations=0 earlyReuses=0 reallocInPlace=7 reallocMoved=0 reallocDelegated=0 trims=0 trimmedBlocks=0 leakedBlocks=0 objects=2771 bytesHeap=94986621080 bytesDirect=0 liveHeap=696 liveDirect=0
ARENALOOP thread=io.github.neoionet.netty.microbenchmark.ByteBufAllocatorAllocPatternBenchmark.heapAllocation-1-15 arenaHeap=2113075 arenaDirect=0 delegateHeap=28024374 delegateDirect=0 arenaShare=7.01% blocksHeap=8 blocksDirect=1 pinned=8 reusable=0 maxPinnedHeap=8 maxPinnedDirect=0 blockReuses=7138 blockGrowths=7 hooks=470385 hookRejections=0 violations=0 earlyReuses=0 reallocInPlace=10 reallocMoved=0 reallocDelegated=0 trims=0 trimmedBlocks=0 leakedBlocks=0 objects=2771 bytesHeap=116806273224 bytesDirect=0 liveHeap=684 liveDirect=0
ARENALOOP thread=io.github.neoionet.netty.microbenchmark.ByteBufAllocatorAllocPatternBenchmark.heapAllocation-1-1 arenaHeap=1968986 arenaDirect=0 delegateHeap=26111845 delegateDirect=0 arenaShare=7.01% blocksHeap=8 blocksDirect=1 pinned=7 reusable=0 maxPinnedHeap=8 maxPinnedDirect=0 blockReuses=6651 blockGrowths=7 hooks=438250 hookRejections=0 violations=0 earlyReuses=0 reallocInPlace=10 reallocMoved=0 reallocDelegated=0 trims=0 trimmedBlocks=0 leakedBlocks=0 objects=2771 bytesHeap=108820533968 bytesDirect=0 liveHeap=0 liveDirect=0
ARENALOOP thread=io.github.neoionet.netty.microbenchmark.ByteBufAllocatorAllocPatternBenchmark.heapAllocation-1-7 arenaHeap=1721451 arenaDirect=0 delegateHeap=22814548 delegateDirect=0 arenaShare=7.02% blocksHeap=8 blocksDirect=1 pinned=8 reusable=0 maxPinnedHeap=8 maxPinnedDirect=0 blockReuses=5809 blockGrowths=7 hooks=382862 hookRejections=0 violations=0 earlyReuses=0 reallocInPlace=7 reallocMoved=0 reallocDelegated=0 trims=0 trimmedBlocks=0 leakedBlocks=0 objects=2771 bytesHeap=95062089672 bytesDirect=0 liveHeap=0 liveDirect=0
ARENALOOP thread=io.github.neoionet.netty.microbenchmark.ByteBufAllocatorAllocPatternBenchmark.heapAllocation-1-4 arenaHeap=1928427 arenaDirect=0 delegateHeap=25578170 delegateDirect=0 arenaShare=7.01% blocksHeap=8 blocksDirect=1 pinned=8 reusable=0 maxPinnedHeap=8 maxPinnedDirect=0 blockReuses=6514 blockGrowths=7 hooks=429278 hookRejections=0 violations=0 earlyReuses=0 reallocInPlace=8 reallocMoved=0 reallocDelegated=0 trims=0 trimmedBlocks=0 leakedBlocks=0 objects=2771 bytesHeap=106595165952 bytesDirect=0 liveHeap=212 liveDirect=0
ARENALOOP thread=io.github.neoionet.netty.microbenchmark.ByteBufAllocatorAllocPatternBenchmark.heapAllocation-1-2 arenaHeap=2069552 arenaDirect=0 delegateHeap=27432204 delegateDirect=0 arenaShare=7.02% blocksHeap=8 blocksDirect=1 pinned=8 reusable=0 maxPinnedHeap=8 maxPinnedDirect=0 blockReuses=6988 blockGrowths=7 hooks=460452 hookRejections=0 violations=0 earlyReuses=0 reallocInPlace=10 reallocMoved=0 reallocDelegated=0 trims=0 trimmedBlocks=0 leakedBlocks=0 objects=2771 bytesHeap=114332640696 bytesDirect=0 liveHeap=1021 liveDirect=0
ARENALOOP thread=io.github.neoionet.netty.microbenchmark.ByteBufAllocatorAllocPatternBenchmark.heapAllocation-1-19 arenaHeap=1903539 arenaDirect=0 delegateHeap=25249335 delegateDirect=0 arenaShare=7.01% blocksHeap=8 blocksDirect=1 pinned=8 reusable=0 maxPinnedHeap=8 maxPinnedDirect=0 blockReuses=6429 blockGrowths=7 hooks=423751 hookRejections=0 violations=0 earlyReuses=0 reallocInPlace=8 reallocMoved=0 reallocDelegated=0 trims=0 trimmedBlocks=0 leakedBlocks=0 objects=2771 bytesHeap=105221158640 bytesDirect=0 liveHeap=0 liveDirect=0
ARENALOOP thread=io.github.neoionet.netty.microbenchmark.ByteBufAllocatorAllocPatternBenchmark.heapAllocation-1-13 arenaHeap=1922651 arenaDirect=0 delegateHeap=25503036 delegateDirect=0 arenaShare=7.01% blocksHeap=8 blocksDirect=1 pinned=8 reusable=0 maxPinnedHeap=8 maxPinnedDirect=0 blockReuses=6495 blockGrowths=7 hooks=428014 hookRejections=0 violations=0 earlyReuses=0 reallocInPlace=8 reallocMoved=0 reallocDelegated=0 trims=0 trimmedBlocks=0 leakedBlocks=0 objects=2771 bytesHeap=106280529824 bytesDirect=0 liveHeap=0 liveDirect=0
ARENALOOP thread=io.github.neoionet.netty.microbenchmark.ByteBufAllocatorAllocPatternBenchmark.heapAllocation-1-8 arenaHeap=1853096 arenaDirect=0 delegateHeap=24578544 delegateDirect=0 arenaShare=7.01% blocksHeap=8 blocksDirect=1 pinned=8 reusable=0 maxPinnedHeap=8 maxPinnedDirect=0 blockReuses=6259 blockGrowths=7 hooks=412482 hookRejections=0 violations=0 earlyReuses=0 reallocInPlace=7 reallocMoved=0 reallocDelegated=0 trims=0 trimmedBlocks=0 leakedBlocks=0 objects=2771 bytesHeap=102422337968 bytesDirect=0 liveHeap=0 liveDirect=0
830.599 ±(99.9%) 163.449 ns/op


Result "io.github.neoionet.netty.microbenchmark.ByteBufAllocatorAllocPatternBenchmark.heapAllocation":
  843.490 ±(99.9%) 47.590 ns/op [Average]
  (min, avg, max) = (728.451, 843.490, 1040.750), stdev = 71.230
  CI (99.9%): [795.900, 891.079] (assumes normal distribution)


# JMH version: 1.37
# VM version: JDK 21, Java HotSpot(TM) 64-Bit Server VM, 21+35-LTS-2513
# VM invoker: /home/forked_franz/.sdkman/candidates/java/21-oracle/bin/java
# VM options: -server -dsa -da -XX:InitialRAMPercentage=40.0 -XX:MaxRAMPercentage=40.0 -Dio.netty.leakDetection.level=disabled -Djmh.executor=CUSTOM -Djmh.executor.class=io.github.neoionet.netty.microbenchmark.executor.FastThreadLocalThreadHarnessExecutor -XX:MaxRAM=60g -Dexpt.hookEvery=64
# Blackhole mode: compiler (auto-detected, use -Djmh.blackhole.autoDetect=false to disable)
# Warmup: 10 iterations, 1 s each
# Measurement: 10 iterations, 1 s each
# Timeout: 10 min per iteration
# Threads: 32 threads, will synchronize iterations
# Benchmark mode: Average time, time/op
# Benchmark: io.github.neoionet.netty.microbenchmark.ByteBufAllocatorAllocPatternBenchmark.heapAllocation
# Parameters: (MAX_LIVE_BUFFERS = 65536, allocatorType = ARENA, enableReadWrite = true, sizePattern = E_COMMERCE)

# Run progress: 92.86% complete, ETA 00:01:16
# Fork: 1 of 3
# Warmup Iteration   1: 1672.796 ±(99.9%) 316.360 ns/op
# Warmup Iteration   2: 1334.547 ±(99.9%) 315.108 ns/op
# Warmup Iteration   3: 1230.809 ±(99.9%) 179.882 ns/op
# Warmup Iteration   4: 1203.822 ±(99.9%) 227.891 ns/op
# Warmup Iteration   5: 1261.177 ±(99.9%) 338.687 ns/op
# Warmup Iteration   6: 1234.757 ±(99.9%) 290.530 ns/op
# Warmup Iteration   7: 1371.798 ±(99.9%) 465.070 ns/op
# Warmup Iteration   8: 1174.399 ±(99.9%) 109.252 ns/op
# Warmup Iteration   9: 1283.921 ±(99.9%) 309.740 ns/op
# Warmup Iteration  10: 1259.125 ±(99.9%) 269.838 ns/op
Iteration   1: 1233.656 ±(99.9%) 226.770 ns/op
Iteration   2: 1178.503 ±(99.9%) 167.850 ns/op
Iteration   3: 1174.143 ±(99.9%) 163.263 ns/op
Iteration   4: 1286.868 ±(99.9%) 339.768 ns/op
Iteration   5: 1337.080 ±(99.9%) 332.267 ns/op
Iteration   6: 1224.465 ±(99.9%) 222.034 ns/op
Iteration   7: 1277.360 ±(99.9%) 296.143 ns/op
Iteration   8: 1157.641 ±(99.9%) 132.300 ns/op
Iteration   9: 1207.823 ±(99.9%) 217.676 ns/op
Iteration  10: cRSS-pRSS:[11609, 11613]
;used-memory:[0]
ARENATELE blockSize=262144 maxBlocks=8 cap=8192 maxObjects=16384 debug=false arenaHeap=20703312 arenaDirect=0 delegateHeap=564692149 delegateDirect=0 arenaShare=3.54% blocksHeap=256 blocksDirect=32 pinned=256 reusable=0 maxPinnedHeap=256 maxPinnedDirect=0 blockReuses=69875 blockGrowths=224 hooks=9114018 hookRejections=0 violations=0 earlyReuses=0 reallocInPlace=273 reallocMoved=0 reallocDelegated=0 trims=0 trimmedBlocks=0 leakedBlocks=0 objects=91520 bytesHeap=2325396528272 bytesDirect=0 liveHeap=512 liveDirect=0
ARENALOOP thread=io.github.neoionet.netty.microbenchmark.ByteBufAllocatorAllocPatternBenchmark.heapAllocation-1-9 arenaHeap=633631 arenaDirect=0 delegateHeap=17286657 delegateDirect=0 arenaShare=3.54% blocksHeap=8 blocksDirect=1 pinned=8 reusable=0 maxPinnedHeap=8 maxPinnedDirect=0 blockReuses=2138 blockGrowths=7 hooks=278980 hookRejections=0 violations=0 earlyReuses=0 reallocInPlace=8 reallocMoved=0 reallocDelegated=0 trims=0 trimmedBlocks=0 leakedBlocks=0 objects=2860 bytesHeap=71181641216 bytesDirect=0 liveHeap=505 liveDirect=0
ARENALOOP thread=io.github.neoionet.netty.microbenchmark.ByteBufAllocatorAllocPatternBenchmark.heapAllocation-1-28 arenaHeap=663855 arenaDirect=0 delegateHeap=18107894 delegateDirect=0 arenaShare=3.54% blocksHeap=8 blocksDirect=1 pinned=8 reusable=0 maxPinnedHeap=8 maxPinnedDirect=0 blockReuses=2241 blockGrowths=7 hooks=292284 hookRejections=0 violations=0 earlyReuses=0 reallocInPlace=10 reallocMoved=0 reallocDelegated=0 trims=0 trimmedBlocks=0 leakedBlocks=0 objects=2860 bytesHeap=74574687056 bytesDirect=0 liveHeap=0 liveDirect=0
ARENALOOP thread=io.github.neoionet.netty.microbenchmark.ByteBufAllocatorAllocPatternBenchmark.heapAllocation-1-6 arenaHeap=712702 arenaDirect=0 delegateHeap=19433647 delegateDirect=0 arenaShare=3.54% blocksHeap=8 blocksDirect=1 pinned=8 reusable=0 maxPinnedHeap=8 maxPinnedDirect=0 blockReuses=2407 blockGrowths=7 hooks=313762 hookRejections=0 violations=0 earlyReuses=0 reallocInPlace=10 reallocMoved=0 reallocDelegated=0 trims=0 trimmedBlocks=0 leakedBlocks=0 objects=2860 bytesHeap=80053901152 bytesDirect=0 liveHeap=0 liveDirect=0
ARENALOOP thread=io.github.neoionet.netty.microbenchmark.ByteBufAllocatorAllocPatternBenchmark.heapAllocation-1-5 arenaHeap=654450 arenaDirect=0 delegateHeap=17860896 delegateDirect=0 arenaShare=3.53% blocksHeap=8 blocksDirect=1 pinned=8 reusable=0 maxPinnedHeap=8 maxPinnedDirect=0 blockReuses=2209 blockGrowths=7 hooks=288278 hookRejections=0 violations=0 earlyReuses=0 reallocInPlace=9 reallocMoved=0 reallocDelegated=0 trims=0 trimmedBlocks=0 leakedBlocks=0 objects=2860 bytesHeap=73553382704 bytesDirect=0 liveHeap=0 liveDirect=0
ARENALOOP thread=io.github.neoionet.netty.microbenchmark.ByteBufAllocatorAllocPatternBenchmark.heapAllocation-1-16 arenaHeap=724896 arenaDirect=0 delegateHeap=19759126 delegateDirect=0 arenaShare=3.54% blocksHeap=8 blocksDirect=1 pinned=8 reusable=0 maxPinnedHeap=8 maxPinnedDirect=0 blockReuses=2448 blockGrowths=7 hooks=319038 hookRejections=0 violations=0 earlyReuses=0 reallocInPlace=10 reallocMoved=0 reallocDelegated=0 trims=0 trimmedBlocks=0 leakedBlocks=0 objects=2860 bytesHeap=81398894920 bytesDirect=0 liveHeap=0 liveDirect=0
ARENALOOP thread=io.github.neoionet.netty.microbenchmark.ByteBufAllocatorAllocPatternBenchmark.heapAllocation-1-30 arenaHeap=651192 arenaDirect=0 delegateHeap=17758102 delegateDirect=0 arenaShare=3.54% blocksHeap=8 blocksDirect=1 pinned=8 reusable=0 maxPinnedHeap=8 maxPinnedDirect=0 blockReuses=2197 blockGrowths=7 hooks=286621 hookRejections=0 violations=0 earlyReuses=0 reallocInPlace=9 reallocMoved=0 reallocDelegated=0 trims=0 trimmedBlocks=0 leakedBlocks=0 objects=2860 bytesHeap=73128514560 bytesDirect=0 liveHeap=0 liveDirect=0
ARENALOOP thread=io.github.neoionet.netty.microbenchmark.ByteBufAllocatorAllocPatternBenchmark.heapAllocation-1-31 arenaHeap=631954 arenaDirect=0 delegateHeap=17246688 delegateDirect=0 arenaShare=3.53% blocksHeap=8 blocksDirect=1 pinned=8 reusable=0 maxPinnedHeap=8 maxPinnedDirect=0 blockReuses=2133 blockGrowths=7 hooks=278329 hookRejections=0 violations=0 earlyReuses=0 reallocInPlace=8 reallocMoved=0 reallocDelegated=0 trims=0 trimmedBlocks=0 leakedBlocks=0 objects=2860 bytesHeap=71016295376 bytesDirect=0 liveHeap=0 liveDirect=0
ARENALOOP thread=io.github.neoionet.netty.microbenchmark.ByteBufAllocatorAllocPatternBenchmark.heapAllocation-1-25 arenaHeap=642755 arenaDirect=0 delegateHeap=17528229 delegateDirect=0 arenaShare=3.54% blocksHeap=8 blocksDirect=1 pinned=8 reusable=0 maxPinnedHeap=8 maxPinnedDirect=0 blockReuses=2169 blockGrowths=7 hooks=282897 hookRejections=0 violations=0 earlyReuses=0 reallocInPlace=8 reallocMoved=0 reallocDelegated=0 trims=0 trimmedBlocks=0 leakedBlocks=0 objects=2860 bytesHeap=72179169376 bytesDirect=0 liveHeap=0 liveDirect=0
ARENALOOP thread=io.github.neoionet.netty.microbenchmark.ByteBufAllocatorAllocPatternBenchmark.heapAllocation-1-32 arenaHeap=589612 arenaDirect=0 delegateHeap=16090427 delegateDirect=0 arenaShare=3.53% blocksHeap=8 blocksDirect=1 pinned=8 reusable=0 maxPinnedHeap=8 maxPinnedDirect=0 blockReuses=1989 blockGrowths=7 hooks=259601 hookRejections=0 violations=0 earlyReuses=0 reallocInPlace=7 reallocMoved=0 reallocDelegated=0 trims=0 trimmedBlocks=0 leakedBlocks=0 objects=2860 bytesHeap=66236200928 bytesDirect=0 liveHeap=0 liveDirect=0
ARENALOOP thread=io.github.neoionet.netty.microbenchmark.ByteBufAllocatorAllocPatternBenchmark.heapAllocation-1-3 arenaHeap=490121 arenaDirect=0 delegateHeap=13361909 delegateDirect=0 arenaShare=3.54% blocksHeap=8 blocksDirect=1 pinned=8 reusable=0 maxPinnedHeap=8 maxPinnedDirect=0 blockReuses=1650 blockGrowths=7 hooks=215413 hookRejections=0 violations=0 earlyReuses=0 reallocInPlace=5 reallocMoved=0 reallocDelegated=0 trims=0 trimmedBlocks=0 leakedBlocks=0 objects=2860 bytesHeap=54960164960 bytesDirect=0 liveHeap=0 liveDirect=0
ARENALOOP thread=io.github.neoionet.netty.microbenchmark.ByteBufAllocatorAllocPatternBenchmark.heapAllocation-1-21 arenaHeap=638389 arenaDirect=0 delegateHeap=17414584 delegateDirect=0 arenaShare=3.54% blocksHeap=8 blocksDirect=1 pinned=8 reusable=0 maxPinnedHeap=8 maxPinnedDirect=0 blockReuses=2154 blockGrowths=7 hooks=281053 hookRejections=0 violations=0 earlyReuses=0 reallocInPlace=8 reallocMoved=0 reallocDelegated=0 trims=0 trimmedBlocks=0 leakedBlocks=0 objects=2860 bytesHeap=71709730432 bytesDirect=0 liveHeap=0 liveDirect=0
ARENALOOP thread=io.github.neoionet.netty.microbenchmark.ByteBufAllocatorAllocPatternBenchmark.heapAllocation-1-26 arenaHeap=643049 arenaDirect=0 delegateHeap=17534572 delegateDirect=0 arenaShare=3.54% blocksHeap=8 blocksDirect=1 pinned=8 reusable=0 maxPinnedHeap=8 maxPinnedDirect=0 blockReuses=2170 blockGrowths=7 hooks=283001 hookRejections=0 violations=0 earlyReuses=0 reallocInPlace=8 reallocMoved=0 reallocDelegated=0 trims=0 trimmedBlocks=0 leakedBlocks=0 objects=2860 bytesHeap=72205641520 bytesDirect=0 liveHeap=0 liveDirect=0
ARENALOOP thread=io.github.neoionet.netty.microbenchmark.ByteBufAllocatorAllocPatternBenchmark.heapAllocation-1-17 arenaHeap=620960 arenaDirect=0 delegateHeap=16940051 delegateDirect=0 arenaShare=3.54% blocksHeap=8 blocksDirect=1 pinned=8 reusable=0 maxPinnedHeap=8 maxPinnedDirect=0 blockReuses=2096 blockGrowths=7 hooks=273366 hookRejections=0 violations=0 earlyReuses=0 reallocInPlace=8 reallocMoved=0 reallocDelegated=0 trims=0 trimmedBlocks=0 leakedBlocks=0 objects=2860 bytesHeap=69749610840 bytesDirect=0 liveHeap=0 liveDirect=0
ARENALOOP thread=io.github.neoionet.netty.microbenchmark.ByteBufAllocatorAllocPatternBenchmark.heapAllocation-1-2 arenaHeap=616266 arenaDirect=0 delegateHeap=16808793 delegateDirect=0 arenaShare=3.54% blocksHeap=8 blocksDirect=1 pinned=8 reusable=0 maxPinnedHeap=8 maxPinnedDirect=0 blockReuses=2079 blockGrowths=7 hooks=271242 hookRejections=0 violations=0 earlyReuses=0 reallocInPlace=8 reallocMoved=0 reallocDelegated=0 trims=0 trimmedBlocks=0 leakedBlocks=0 objects=2860 bytesHeap=69206801080 bytesDirect=0 liveHeap=0 liveDirect=0
ARENALOOP thread=io.github.neoionet.netty.microbenchmark.ByteBufAllocatorAllocPatternBenchmark.heapAllocation-1-14 arenaHeap=674500 arenaDirect=0 delegateHeap=18398966 delegateDirect=0 arenaShare=3.54% blocksHeap=8 blocksDirect=1 pinned=8 reusable=0 maxPinnedHeap=8 maxPinnedDirect=0 blockReuses=2277 blockGrowths=7 hooks=296998 hookRejections=0 violations=0 earlyReuses=0 reallocInPlace=10 reallocMoved=0 reallocDelegated=0 trims=0 trimmedBlocks=0 leakedBlocks=0 objects=2860 bytesHeap=75776645536 bytesDirect=0 liveHeap=0 liveDirect=0
ARENALOOP thread=io.github.neoionet.netty.microbenchmark.ByteBufAllocatorAllocPatternBenchmark.heapAllocation-1-12 arenaHeap=618374 arenaDirect=0 delegateHeap=16870609 delegateDirect=0 arenaShare=3.54% blocksHeap=8 blocksDirect=1 pinned=8 reusable=0 maxPinnedHeap=8 maxPinnedDirect=0 blockReuses=2087 blockGrowths=7 hooks=272241 hookRejections=0 violations=0 earlyReuses=0 reallocInPlace=8 reallocMoved=0 reallocDelegated=0 trims=0 trimmedBlocks=0 leakedBlocks=0 objects=2860 bytesHeap=69462610952 bytesDirect=0 liveHeap=0 liveDirect=0
ARENALOOP thread=io.github.neoionet.netty.microbenchmark.ByteBufAllocatorAllocPatternBenchmark.heapAllocation-1-20 arenaHeap=633311 arenaDirect=0 delegateHeap=17273640 delegateDirect=0 arenaShare=3.54% blocksHeap=8 blocksDirect=1 pinned=8 reusable=0 maxPinnedHeap=8 maxPinnedDirect=0 blockReuses=2137 blockGrowths=7 hooks=278772 hookRejections=0 violations=0 earlyReuses=0 reallocInPlace=8 reallocMoved=0 reallocDelegated=0 trims=0 trimmedBlocks=0 leakedBlocks=0 objects=2860 bytesHeap=71128177104 bytesDirect=0 liveHeap=0 liveDirect=0
ARENALOOP thread=io.github.neoionet.netty.microbenchmark.ByteBufAllocatorAllocPatternBenchmark.heapAllocation-1-4 arenaHeap=712702 arenaDirect=0 delegateHeap=19432696 delegateDirect=0 arenaShare=3.54% blocksHeap=8 blocksDirect=1 pinned=8 reusable=0 maxPinnedHeap=8 maxPinnedDirect=0 blockReuses=2407 blockGrowths=7 hooks=313747 hookRejections=0 violations=0 earlyReuses=0 reallocInPlace=10 reallocMoved=0 reallocDelegated=0 trims=0 trimmedBlocks=0 leakedBlocks=0 objects=2860 bytesHeap=80049968992 bytesDirect=0 liveHeap=0 liveDirect=0
ARENALOOP thread=io.github.neoionet.netty.microbenchmark.ByteBufAllocatorAllocPatternBenchmark.heapAllocation-1-18 arenaHeap=741283 arenaDirect=0 delegateHeap=20200689 delegateDirect=0 arenaShare=3.54% blocksHeap=8 blocksDirect=1 pinned=8 reusable=0 maxPinnedHeap=8 maxPinnedDirect=0 blockReuses=2503 blockGrowths=7 hooks=326194 hookRejections=0 violations=0 earlyReuses=0 reallocInPlace=10 reallocMoved=0 reallocDelegated=0 trims=0 trimmedBlocks=0 leakedBlocks=0 objects=2860 bytesHeap=83223930424 bytesDirect=0 liveHeap=0 liveDirect=0
ARENALOOP thread=io.github.neoionet.netty.microbenchmark.ByteBufAllocatorAllocPatternBenchmark.heapAllocation-1-29 arenaHeap=628213 arenaDirect=0 delegateHeap=17132444 delegateDirect=0 arenaShare=3.54% blocksHeap=8 blocksDirect=1 pinned=8 reusable=0 maxPinnedHeap=8 maxPinnedDirect=0 blockReuses=2120 blockGrowths=7 hooks=276486 hookRejections=0 violations=0 earlyReuses=0 reallocInPlace=8 reallocMoved=0 reallocDelegated=0 trims=0 trimmedBlocks=0 leakedBlocks=0 objects=2860 bytesHeap=70544540904 bytesDirect=0 liveHeap=0 liveDirect=0
ARENALOOP thread=io.github.neoionet.netty.microbenchmark.ByteBufAllocatorAllocPatternBenchmark.heapAllocation-1-19 arenaHeap=628213 arenaDirect=0 delegateHeap=17139702 delegateDirect=0 arenaShare=3.54% blocksHeap=8 blocksDirect=1 pinned=8 reusable=0 maxPinnedHeap=8 maxPinnedDirect=0 blockReuses=2120 blockGrowths=7 hooks=276599 hookRejections=0 violations=0 earlyReuses=0 reallocInPlace=8 reallocMoved=0 reallocDelegated=0 trims=0 trimmedBlocks=0 leakedBlocks=0 objects=2860 bytesHeap=70574162272 bytesDirect=0 liveHeap=0 liveDirect=0
ARENALOOP thread=io.github.neoionet.netty.microbenchmark.ByteBufAllocatorAllocPatternBenchmark.heapAllocation-1-24 arenaHeap=712992 arenaDirect=0 delegateHeap=19442600 delegateDirect=0 arenaShare=3.54% blocksHeap=8 blocksDirect=1 pinned=8 reusable=0 maxPinnedHeap=8 maxPinnedDirect=0 blockReuses=2408 blockGrowths=7 hooks=313907 hookRejections=0 violations=0 earlyReuses=0 reallocInPlace=10 reallocMoved=0 reallocDelegated=0 trims=0 trimmedBlocks=0 leakedBlocks=0 objects=2860 bytesHeap=80091124664 bytesDirect=0 liveHeap=0 liveDirect=0
ARENALOOP thread=io.github.neoionet.netty.microbenchmark.ByteBufAllocatorAllocPatternBenchmark.heapAllocation-1-8 arenaHeap=613906 arenaDirect=0 delegateHeap=16740633 delegateDirect=0 arenaShare=3.54% blocksHeap=8 blocksDirect=1 pinned=8 reusable=0 maxPinnedHeap=8 maxPinnedDirect=0 blockReuses=2071 blockGrowths=7 hooks=270140 hookRejections=0 violations=0 earlyReuses=0 reallocInPlace=8 reallocMoved=0 reallocDelegated=0 trims=0 trimmedBlocks=0 leakedBlocks=0 objects=2860 bytesHeap=68925310320 bytesDirect=0 liveHeap=0 liveDirect=0
ARENALOOP thread=io.github.neoionet.netty.microbenchmark.ByteBufAllocatorAllocPatternBenchmark.heapAllocation-1-13 arenaHeap=743697 arenaDirect=0 delegateHeap=20262829 delegateDirect=0 arenaShare=3.54% blocksHeap=8 blocksDirect=1 pinned=8 reusable=0 maxPinnedHeap=8 maxPinnedDirect=0 blockReuses=2511 blockGrowths=7 hooks=327202 hookRejections=0 violations=0 earlyReuses=0 reallocInPlace=10 reallocMoved=0 reallocDelegated=0 trims=0 trimmedBlocks=0 leakedBlocks=0 objects=2860 bytesHeap=83480777384 bytesDirect=0 liveHeap=0 liveDirect=0
ARENALOOP thread=io.github.neoionet.netty.microbenchmark.ByteBufAllocatorAllocPatternBenchmark.heapAllocation-1-27 arenaHeap=735842 arenaDirect=0 delegateHeap=20063550 delegateDirect=0 arenaShare=3.54% blocksHeap=8 blocksDirect=1 pinned=8 reusable=0 maxPinnedHeap=8 maxPinnedDirect=0 blockReuses=2485 blockGrowths=7 hooks=323966 hookRejections=0 violations=0 earlyReuses=0 reallocInPlace=10 reallocMoved=0 reallocDelegated=0 trims=0 trimmedBlocks=0 leakedBlocks=0 objects=2860 bytesHeap=82657256496 bytesDirect=0 liveHeap=0 liveDirect=0
ARENALOOP thread=io.github.neoionet.netty.microbenchmark.ByteBufAllocatorAllocPatternBenchmark.heapAllocation-1-11 arenaHeap=668843 arenaDirect=0 delegateHeap=18251391 delegateDirect=0 arenaShare=3.54% blocksHeap=8 blocksDirect=1 pinned=8 reusable=0 maxPinnedHeap=8 maxPinnedDirect=0 blockReuses=2258 blockGrowths=7 hooks=294604 hookRejections=0 violations=0 earlyReuses=0 reallocInPlace=10 reallocMoved=0 reallocDelegated=0 trims=0 trimmedBlocks=0 leakedBlocks=0 objects=2860 bytesHeap=75167009088 bytesDirect=0 liveHeap=0 liveDirect=0
ARENALOOP thread=io.github.neoionet.netty.microbenchmark.ByteBufAllocatorAllocPatternBenchmark.heapAllocation-1-10 arenaHeap=628775 arenaDirect=0 delegateHeap=17154201 delegateDirect=0 arenaShare=3.54% blocksHeap=8 blocksDirect=1 pinned=8 reusable=0 maxPinnedHeap=8 maxPinnedDirect=0 blockReuses=2122 blockGrowths=7 hooks=276835 hookRejections=0 violations=0 earlyReuses=0 reallocInPlace=8 reallocMoved=0 reallocDelegated=0 trims=0 trimmedBlocks=0 leakedBlocks=0 objects=2860 bytesHeap=70634173848 bytesDirect=0 liveHeap=0 liveDirect=0
ARENALOOP thread=io.github.neoionet.netty.microbenchmark.ByteBufAllocatorAllocPatternBenchmark.heapAllocation-1-7 arenaHeap=675614 arenaDirect=0 delegateHeap=18427543 delegateDirect=0 arenaShare=3.54% blocksHeap=8 blocksDirect=1 pinned=8 reusable=0 maxPinnedHeap=8 maxPinnedDirect=0 blockReuses=2281 blockGrowths=7 hooks=297462 hookRejections=0 violations=0 earlyReuses=0 reallocInPlace=10 reallocMoved=0 reallocDelegated=0 trims=0 trimmedBlocks=0 leakedBlocks=0 objects=2860 bytesHeap=75894846368 bytesDirect=0 liveHeap=0 liveDirect=0
ARENALOOP thread=io.github.neoionet.netty.microbenchmark.ByteBufAllocatorAllocPatternBenchmark.heapAllocation-1-15 arenaHeap=576288 arenaDirect=0 delegateHeap=15729099 delegateDirect=0 arenaShare=3.53% blocksHeap=8 blocksDirect=1 pinned=8 reusable=0 maxPinnedHeap=8 maxPinnedDirect=0 blockReuses=1945 blockGrowths=7 hooks=253747 hookRejections=0 violations=0 earlyReuses=0 reallocInPlace=7 reallocMoved=0 reallocDelegated=0 trims=0 trimmedBlocks=0 leakedBlocks=0 objects=2860 bytesHeap=64743555168 bytesDirect=0 liveHeap=0 liveDirect=0
ARENALOOP thread=io.github.neoionet.netty.microbenchmark.ByteBufAllocatorAllocPatternBenchmark.heapAllocation-1-23 arenaHeap=589612 arenaDirect=0 delegateHeap=16092379 delegateDirect=0 arenaShare=3.53% blocksHeap=8 blocksDirect=1 pinned=8 reusable=0 maxPinnedHeap=8 maxPinnedDirect=0 blockReuses=1989 blockGrowths=7 hooks=259632 hookRejections=0 violations=0 earlyReuses=0 reallocInPlace=7 reallocMoved=0 reallocDelegated=0 trims=0 trimmedBlocks=0 leakedBlocks=0 objects=2860 bytesHeap=66244327144 bytesDirect=0 liveHeap=0 liveDirect=0
ARENALOOP thread=io.github.neoionet.netty.microbenchmark.ByteBufAllocatorAllocPatternBenchmark.heapAllocation-1-22 arenaHeap=620079 arenaDirect=0 delegateHeap=16921922 delegateDirect=0 arenaShare=3.53% blocksHeap=8 blocksDirect=1 pinned=8 reusable=0 maxPinnedHeap=8 maxPinnedDirect=0 blockReuses=2093 blockGrowths=7 hooks=273069 hookRejections=0 violations=0 earlyReuses=0 reallocInPlace=8 reallocMoved=0 reallocDelegated=0 trims=0 trimmedBlocks=0 leakedBlocks=0 objects=2860 bytesHeap=69674643216 bytesDirect=0 liveHeap=0 liveDirect=0
ARENALOOP thread=io.github.neoionet.netty.microbenchmark.ByteBufAllocatorAllocPatternBenchmark.heapAllocation-1-1 arenaHeap=587236 arenaDirect=0 delegateHeap=16025681 delegateDirect=0 arenaShare=3.53% blocksHeap=8 blocksDirect=1 pinned=8 reusable=0 maxPinnedHeap=8 maxPinnedDirect=0 blockReuses=1981 blockGrowths=7 hooks=258552 hookRejections=0 violations=0 earlyReuses=0 reallocInPlace=7 reallocMoved=0 reallocDelegated=0 trims=0 trimmedBlocks=0 leakedBlocks=0 objects=2860 bytesHeap=65968832272 bytesDirect=0 liveHeap=0 liveDirect=0
1223.774 ±(99.9%) 201.459 ns/op

# Run progress: 95.24% complete, ETA 00:00:51
# Fork: 2 of 3
# Warmup Iteration   1: 1773.180 ±(99.9%) 189.656 ns/op
# Warmup Iteration   2: 1285.897 ±(99.9%) 165.028 ns/op
# Warmup Iteration   3: 1285.334 ±(99.9%) 304.246 ns/op
# Warmup Iteration   4: 1231.723 ±(99.9%) 148.263 ns/op
# Warmup Iteration   5: 1205.778 ±(99.9%) 138.563 ns/op
# Warmup Iteration   6: 1261.277 ±(99.9%) 209.034 ns/op
# Warmup Iteration   7: 1318.348 ±(99.9%) 353.694 ns/op
# Warmup Iteration   8: 1264.922 ±(99.9%) 206.280 ns/op
# Warmup Iteration   9: 1270.648 ±(99.9%) 132.552 ns/op
# Warmup Iteration  10: 1262.423 ±(99.9%) 282.415 ns/op
Iteration   1: 1255.328 ±(99.9%) 297.758 ns/op
Iteration   2: 1303.881 ±(99.9%) 250.013 ns/op
Iteration   3: 1207.899 ±(99.9%) 150.246 ns/op
Iteration   4: 1247.634 ±(99.9%) 287.422 ns/op
Iteration   5: 1235.890 ±(99.9%) 194.752 ns/op
Iteration   6: 1267.193 ±(99.9%) 281.067 ns/op
Iteration   7: 1278.775 ±(99.9%) 310.288 ns/op
Iteration   8: 1224.161 ±(99.9%) 200.504 ns/op
Iteration   9: 1254.612 ±(99.9%) 167.986 ns/op
Iteration  10: cRSS-pRSS:[11622, 11623]
;used-memory:[0]
ARENATELE blockSize=262144 maxBlocks=8 cap=8192 maxObjects=16384 debug=false arenaHeap=19929263 arenaDirect=0 delegateHeap=543645451 delegateDirect=0 arenaShare=3.54% blocksHeap=256 blocksDirect=32 pinned=256 reusable=0 maxPinnedHeap=256 maxPinnedDirect=0 blockReuses=67253 blockGrowths=224 hooks=8773072 hookRejections=0 violations=0 earlyReuses=0 reallocInPlace=261 reallocMoved=0 reallocDelegated=0 trims=0 trimmedBlocks=0 leakedBlocks=0 objects=91520 bytesHeap=2238416672736 bytesDirect=0 liveHeap=851 liveDirect=0
ARENALOOP thread=io.github.neoionet.netty.microbenchmark.ByteBufAllocatorAllocPatternBenchmark.heapAllocation-1-11 arenaHeap=566174 arenaDirect=0 delegateHeap=15456733 delegateDirect=0 arenaShare=3.53% blocksHeap=8 blocksDirect=1 pinned=8 reusable=0 maxPinnedHeap=8 maxPinnedDirect=0 blockReuses=1910 blockGrowths=7 hooks=249333 hookRejections=0 violations=0 earlyReuses=0 reallocInPlace=7 reallocMoved=0 reallocDelegated=0 trims=0 trimmedBlocks=0 leakedBlocks=0 objects=2860 bytesHeap=63617357992 bytesDirect=0 liveHeap=848 liveDirect=0
ARENALOOP thread=io.github.neoionet.netty.microbenchmark.ByteBufAllocatorAllocPatternBenchmark.heapAllocation-1-9 arenaHeap=559660 arenaDirect=0 delegateHeap=15271865 delegateDirect=0 arenaShare=3.54% blocksHeap=8 blocksDirect=1 pinned=8 reusable=0 maxPinnedHeap=8 maxPinnedDirect=0 blockReuses=1888 blockGrowths=7 hooks=246343 hookRejections=0 violations=0 earlyReuses=0 reallocInPlace=7 reallocMoved=0 reallocDelegated=0 trims=0 trimmedBlocks=0 leakedBlocks=0 objects=2860 bytesHeap=62853134792 bytesDirect=0 liveHeap=0 liveDirect=0
ARENALOOP thread=io.github.neoionet.netty.microbenchmark.ByteBufAllocatorAllocPatternBenchmark.heapAllocation-1-1 arenaHeap=572133 arenaDirect=0 delegateHeap=15605926 delegateDirect=0 arenaShare=3.54% blocksHeap=8 blocksDirect=1 pinned=8 reusable=0 maxPinnedHeap=8 maxPinnedDirect=0 blockReuses=1930 blockGrowths=7 hooks=251758 hookRejections=0 violations=0 earlyReuses=0 reallocInPlace=7 reallocMoved=0 reallocDelegated=0 trims=0 trimmedBlocks=0 leakedBlocks=0 objects=2860 bytesHeap=64234297472 bytesDirect=0 liveHeap=0 liveDirect=0
ARENALOOP thread=io.github.neoionet.netty.microbenchmark.ByteBufAllocatorAllocPatternBenchmark.heapAllocation-1-7 arenaHeap=524563 arenaDirect=0 delegateHeap=14308955 delegateDirect=0 arenaShare=3.54% blocksHeap=8 blocksDirect=1 pinned=8 reusable=0 maxPinnedHeap=8 maxPinnedDirect=0 blockReuses=1767 blockGrowths=7 hooks=230749 hookRejections=0 violations=0 earlyReuses=0 reallocInPlace=6 reallocMoved=0 reallocDelegated=0 trims=0 trimmedBlocks=0 leakedBlocks=0 objects=2860 bytesHeap=58873421320 bytesDirect=0 liveHeap=0 liveDirect=0
ARENALOOP thread=io.github.neoionet.netty.microbenchmark.ByteBufAllocatorAllocPatternBenchmark.heapAllocation-1-29 arenaHeap=701250 arenaDirect=0 delegateHeap=19127045 delegateDirect=0 arenaShare=3.54% blocksHeap=8 blocksDirect=1 pinned=8 reusable=0 maxPinnedHeap=8 maxPinnedDirect=0 blockReuses=2368 blockGrowths=7 hooks=308793 hookRejections=0 violations=0 earlyReuses=0 reallocInPlace=10 reallocMoved=0 reallocDelegated=0 trims=0 trimmedBlocks=0 leakedBlocks=0 objects=2860 bytesHeap=78786698776 bytesDirect=0 liveHeap=0 liveDirect=0
ARENALOOP thread=io.github.neoionet.netty.microbenchmark.ByteBufAllocatorAllocPatternBenchmark.heapAllocation-1-20 arenaHeap=624401 arenaDirect=0 delegateHeap=17037640 delegateDirect=0 arenaShare=3.54% blocksHeap=8 blocksDirect=1 pinned=8 reusable=0 maxPinnedHeap=8 maxPinnedDirect=0 blockReuses=2107 blockGrowths=7 hooks=274945 hookRejections=0 violations=0 earlyReuses=0 reallocInPlace=8 reallocMoved=0 reallocDelegated=0 trims=0 trimmedBlocks=0 leakedBlocks=0 objects=2860 bytesHeap=70152202144 bytesDirect=0 liveHeap=0 liveDirect=0
ARENALOOP thread=io.github.neoionet.netty.microbenchmark.ByteBufAllocatorAllocPatternBenchmark.heapAllocation-1-31 arenaHeap=633631 arenaDirect=0 delegateHeap=17287498 delegateDirect=0 arenaShare=3.54% blocksHeap=8 blocksDirect=1 pinned=8 reusable=0 maxPinnedHeap=8 maxPinnedDirect=0 blockReuses=2138 blockGrowths=7 hooks=278993 hookRejections=0 violations=0 earlyReuses=0 reallocInPlace=8 reallocMoved=0 reallocDelegated=0 trims=0 trimmedBlocks=0 leakedBlocks=0 objects=2860 bytesHeap=71185049088 bytesDirect=0 liveHeap=0 liveDirect=0
ARENALOOP thread=io.github.neoionet.netty.microbenchmark.ByteBufAllocatorAllocPatternBenchmark.heapAllocation-1-4 arenaHeap=705237 arenaDirect=0 delegateHeap=19223930 delegateDirect=0 arenaShare=3.54% blocksHeap=8 blocksDirect=1 pinned=8 reusable=0 maxPinnedHeap=8 maxPinnedDirect=0 blockReuses=2381 blockGrowths=7 hooks=310369 hookRejections=0 violations=0 earlyReuses=0 reallocInPlace=10 reallocMoved=0 reallocDelegated=0 trims=0 trimmedBlocks=0 leakedBlocks=0 objects=2860 bytesHeap=79187444104 bytesDirect=0 liveHeap=0 liveDirect=0
ARENALOOP thread=io.github.neoionet.netty.microbenchmark.ByteBufAllocatorAllocPatternBenchmark.heapAllocation-1-18 arenaHeap=686620 arenaDirect=0 delegateHeap=18725861 delegateDirect=0 arenaShare=3.54% blocksHeap=8 blocksDirect=1 pinned=8 reusable=0 maxPinnedHeap=8 maxPinnedDirect=0 blockReuses=2319 blockGrowths=7 hooks=302296 hookRejections=0 violations=0 earlyReuses=0 reallocInPlace=10 reallocMoved=0 reallocDelegated=0 trims=0 trimmedBlocks=0 leakedBlocks=0 objects=2860 bytesHeap=77128982328 bytesDirect=0 liveHeap=0 liveDirect=0
ARENALOOP thread=io.github.neoionet.netty.microbenchmark.ByteBufAllocatorAllocPatternBenchmark.heapAllocation-1-32 arenaHeap=613906 arenaDirect=0 delegateHeap=16740210 delegateDirect=0 arenaShare=3.54% blocksHeap=8 blocksDirect=1 pinned=8 reusable=0 maxPinnedHeap=8 maxPinnedDirect=0 blockReuses=2071 blockGrowths=7 hooks=270134 hookRejections=0 violations=0 earlyReuses=0 reallocInPlace=8 reallocMoved=0 reallocDelegated=0 trims=0 trimmedBlocks=0 leakedBlocks=0 objects=2860 bytesHeap=68923737456 bytesDirect=0 liveHeap=0 liveDirect=0
ARENALOOP thread=io.github.neoionet.netty.microbenchmark.ByteBufAllocatorAllocPatternBenchmark.heapAllocation-1-10 arenaHeap=661782 arenaDirect=0 delegateHeap=18058962 delegateDirect=0 arenaShare=3.54% blocksHeap=8 blocksDirect=1 pinned=8 reusable=0 maxPinnedHeap=8 maxPinnedDirect=0 blockReuses=2234 blockGrowths=7 hooks=291487 hookRejections=0 violations=0 earlyReuses=0 reallocInPlace=10 reallocMoved=0 reallocDelegated=0 trims=0 trimmedBlocks=0 leakedBlocks=0 objects=2860 bytesHeap=74372127120 bytesDirect=0 liveHeap=0 liveDirect=0
ARENALOOP thread=io.github.neoionet.netty.microbenchmark.ByteBufAllocatorAllocPatternBenchmark.heapAllocation-1-17 arenaHeap=592030 arenaDirect=0 delegateHeap=16148703 delegateDirect=0 arenaShare=3.54% blocksHeap=8 blocksDirect=1 pinned=8 reusable=0 maxPinnedHeap=8 maxPinnedDirect=0 blockReuses=1997 blockGrowths=7 hooks=260549 hookRejections=0 violations=0 earlyReuses=0 reallocInPlace=7 reallocMoved=0 reallocDelegated=0 trims=0 trimmedBlocks=0 leakedBlocks=0 objects=2860 bytesHeap=66477332696 bytesDirect=0 liveHeap=0 liveDirect=0
ARENALOOP thread=io.github.neoionet.netty.microbenchmark.ByteBufAllocatorAllocPatternBenchmark.heapAllocation-1-24 arenaHeap=631142 arenaDirect=0 delegateHeap=17225542 delegateDirect=0 arenaShare=3.53% blocksHeap=8 blocksDirect=1 pinned=8 reusable=0 maxPinnedHeap=8 maxPinnedDirect=0 blockReuses=2130 blockGrowths=7 hooks=277986 hookRejections=0 violations=0 earlyReuses=0 reallocInPlace=8 reallocMoved=0 reallocDelegated=0 trims=0 trimmedBlocks=0 leakedBlocks=0 objects=2860 bytesHeap=70928768464 bytesDirect=0 liveHeap=0 liveDirect=0
ARENALOOP thread=io.github.neoionet.netty.microbenchmark.ByteBufAllocatorAllocPatternBenchmark.heapAllocation-1-25 arenaHeap=617897 arenaDirect=0 delegateHeap=16858763 delegateDirect=0 arenaShare=3.54% blocksHeap=8 blocksDirect=1 pinned=8 reusable=0 maxPinnedHeap=8 maxPinnedDirect=0 blockReuses=2085 blockGrowths=7 hooks=272048 hookRejections=0 violations=0 earlyReuses=0 reallocInPlace=8 reallocMoved=0 reallocDelegated=0 trims=0 trimmedBlocks=0 leakedBlocks=0 objects=2860 bytesHeap=69413337688 bytesDirect=0 liveHeap=0 liveDirect=0
ARENALOOP thread=io.github.neoionet.netty.microbenchmark.ByteBufAllocatorAllocPatternBenchmark.heapAllocation-1-16 arenaHeap=627053 arenaDirect=0 delegateHeap=17105288 delegateDirect=0 arenaShare=3.54% blocksHeap=8 blocksDirect=1 pinned=8 reusable=0 maxPinnedHeap=8 maxPinnedDirect=0 blockReuses=2116 blockGrowths=7 hooks=276043 hookRejections=0 violations=0 earlyReuses=0 reallocInPlace=8 reallocMoved=0 reallocDelegated=0 trims=0 trimmedBlocks=0 leakedBlocks=0 objects=2860 bytesHeap=70432103256 bytesDirect=0 liveHeap=0 liveDirect=0
ARENALOOP thread=io.github.neoionet.netty.microbenchmark.ByteBufAllocatorAllocPatternBenchmark.heapAllocation-1-6 arenaHeap=609552 arenaDirect=0 delegateHeap=16636170 delegateDirect=0 arenaShare=3.53% blocksHeap=8 blocksDirect=1 pinned=8 reusable=0 maxPinnedHeap=8 maxPinnedDirect=0 blockReuses=2057 blockGrowths=7 hooks=268440 hookRejections=0 violations=0 earlyReuses=0 reallocInPlace=8 reallocMoved=0 reallocDelegated=0 trims=0 trimmedBlocks=0 leakedBlocks=0 objects=2860 bytesHeap=68493355616 bytesDirect=0 liveHeap=0 liveDirect=0
ARENALOOP thread=io.github.neoionet.netty.microbenchmark.ByteBufAllocatorAllocPatternBenchmark.heapAllocation-1-22 arenaHeap=605094 arenaDirect=0 delegateHeap=16514079 delegateDirect=0 arenaShare=3.53% blocksHeap=8 blocksDirect=1 pinned=8 reusable=0 maxPinnedHeap=8 maxPinnedDirect=0 blockReuses=2042 blockGrowths=7 hooks=266463 hookRejections=0 violations=0 earlyReuses=0 reallocInPlace=7 reallocMoved=0 reallocDelegated=0 trims=0 trimmedBlocks=0 leakedBlocks=0 objects=2860 bytesHeap=67988822456 bytesDirect=0 liveHeap=0 liveDirect=0
ARENALOOP thread=io.github.neoionet.netty.microbenchmark.ByteBufAllocatorAllocPatternBenchmark.heapAllocation-1-27 arenaHeap=599091 arenaDirect=0 delegateHeap=16342496 delegateDirect=0 arenaShare=3.54% blocksHeap=8 blocksDirect=1 pinned=8 reusable=0 maxPinnedHeap=8 maxPinnedDirect=0 blockReuses=2021 blockGrowths=7 hooks=263688 hookRejections=0 violations=0 earlyReuses=0 reallocInPlace=7 reallocMoved=0 reallocDelegated=0 trims=0 trimmedBlocks=0 leakedBlocks=0 objects=2860 bytesHeap=67279066504 bytesDirect=0 liveHeap=0 liveDirect=0
ARENALOOP thread=io.github.neoionet.netty.microbenchmark.ByteBufAllocatorAllocPatternBenchmark.heapAllocation-1-14 arenaHeap=518510 arenaDirect=0 delegateHeap=14127518 delegateDirect=0 arenaShare=3.54% blocksHeap=8 blocksDirect=1 pinned=8 reusable=0 maxPinnedHeap=8 maxPinnedDirect=0 blockReuses=1746 blockGrowths=7 hooks=227820 hookRejections=0 violations=0 earlyReuses=0 reallocInPlace=6 reallocMoved=0 reallocDelegated=0 trims=0 trimmedBlocks=0 leakedBlocks=0 objects=2860 bytesHeap=58124842800 bytesDirect=0 liveHeap=0 liveDirect=0
ARENALOOP thread=io.github.neoionet.netty.microbenchmark.ByteBufAllocatorAllocPatternBenchmark.heapAllocation-1-19 arenaHeap=641080 arenaDirect=0 delegateHeap=17483017 delegateDirect=0 arenaShare=3.54% blocksHeap=8 blocksDirect=1 pinned=8 reusable=0 maxPinnedHeap=8 maxPinnedDirect=0 blockReuses=2163 blockGrowths=7 hooks=282165 hookRejections=0 violations=0 earlyReuses=0 reallocInPlace=8 reallocMoved=0 reallocDelegated=0 trims=0 trimmedBlocks=0 leakedBlocks=0 objects=2860 bytesHeap=71992553664 bytesDirect=0 liveHeap=0 liveDirect=0
ARENALOOP thread=io.github.neoionet.netty.microbenchmark.ByteBufAllocatorAllocPatternBenchmark.heapAllocation-1-3 arenaHeap=639251 arenaDirect=0 delegateHeap=17428894 delegateDirect=0 arenaShare=3.54% blocksHeap=8 blocksDirect=1 pinned=8 reusable=0 maxPinnedHeap=8 maxPinnedDirect=0 blockReuses=2157 blockGrowths=7 hooks=281290 hookRejections=0 violations=0 earlyReuses=0 reallocInPlace=8 reallocMoved=0 reallocDelegated=0 trims=0 trimmedBlocks=0 leakedBlocks=0 objects=2860 bytesHeap=71769219360 bytesDirect=0 liveHeap=0 liveDirect=0
ARENALOOP thread=io.github.neoionet.netty.microbenchmark.ByteBufAllocatorAllocPatternBenchmark.heapAllocation-1-8 arenaHeap=659525 arenaDirect=0 delegateHeap=17998478 delegateDirect=0 arenaShare=3.53% blocksHeap=8 blocksDirect=1 pinned=8 reusable=0 maxPinnedHeap=8 maxPinnedDirect=0 blockReuses=2227 blockGrowths=7 hooks=290507 hookRejections=0 violations=0 earlyReuses=0 reallocInPlace=10 reallocMoved=0 reallocDelegated=0 trims=0 trimmedBlocks=0 leakedBlocks=0 objects=2860 bytesHeap=74122366904 bytesDirect=0 liveHeap=0 liveDirect=0
ARENALOOP thread=io.github.neoionet.netty.microbenchmark.ByteBufAllocatorAllocPatternBenchmark.heapAllocation-1-15 arenaHeap=576552 arenaDirect=0 delegateHeap=15734113 delegateDirect=0 arenaShare=3.53% blocksHeap=8 blocksDirect=1 pinned=8 reusable=0 maxPinnedHeap=8 maxPinnedDirect=0 blockReuses=1946 blockGrowths=7 hooks=253830 hookRejections=0 violations=0 earlyReuses=0 reallocInPlace=7 reallocMoved=0 reallocDelegated=0 trims=0 trimmedBlocks=0 leakedBlocks=0 objects=2860 bytesHeap=64764526056 bytesDirect=0 liveHeap=0 liveDirect=0
ARENALOOP thread=io.github.neoionet.netty.microbenchmark.ByteBufAllocatorAllocPatternBenchmark.heapAllocation-1-12 arenaHeap=689120 arenaDirect=0 delegateHeap=18793796 delegateDirect=0 arenaShare=3.54% blocksHeap=8 blocksDirect=1 pinned=8 reusable=0 maxPinnedHeap=8 maxPinnedDirect=0 blockReuses=2327 blockGrowths=7 hooks=303396 hookRejections=0 violations=0 earlyReuses=0 reallocInPlace=10 reallocMoved=0 reallocDelegated=0 trims=0 trimmedBlocks=0 leakedBlocks=0 objects=2860 bytesHeap=77409418912 bytesDirect=0 liveHeap=0 liveDirect=0
ARENALOOP thread=io.github.neoionet.netty.microbenchmark.ByteBufAllocatorAllocPatternBenchmark.heapAllocation-1-21 arenaHeap=680242 arenaDirect=0 delegateHeap=18553162 delegateDirect=0 arenaShare=3.54% blocksHeap=8 blocksDirect=1 pinned=8 reusable=0 maxPinnedHeap=8 maxPinnedDirect=0 blockReuses=2297 blockGrowths=7 hooks=299497 hookRejections=0 violations=0 earlyReuses=0 reallocInPlace=10 reallocMoved=0 reallocDelegated=0 trims=0 trimmedBlocks=0 leakedBlocks=0 objects=2860 bytesHeap=76414821680 bytesDirect=0 liveHeap=0 liveDirect=0
ARENALOOP thread=io.github.neoionet.netty.microbenchmark.ByteBufAllocatorAllocPatternBenchmark.heapAllocation-1-30 arenaHeap=618738 arenaDirect=0 delegateHeap=16883106 delegateDirect=0 arenaShare=3.54% blocksHeap=8 blocksDirect=1 pinned=8 reusable=0 maxPinnedHeap=8 maxPinnedDirect=0 blockReuses=2089 blockGrowths=7 hooks=272442 hookRejections=0 violations=0 earlyReuses=0 reallocInPlace=8 reallocMoved=0 reallocDelegated=0 trims=0 trimmedBlocks=0 leakedBlocks=0 objects=2860 bytesHeap=69514033648 bytesDirect=0 liveHeap=0 liveDirect=0
ARENALOOP thread=io.github.neoionet.netty.microbenchmark.ByteBufAllocatorAllocPatternBenchmark.heapAllocation-1-5 arenaHeap=636354 arenaDirect=0 delegateHeap=17356954 delegateDirect=0 arenaShare=3.54% blocksHeap=8 blocksDirect=1 pinned=8 reusable=0 maxPinnedHeap=8 maxPinnedDirect=0 blockReuses=2147 blockGrowths=7 hooks=280121 hookRejections=0 violations=0 earlyReuses=0 reallocInPlace=8 reallocMoved=0 reallocDelegated=0 trims=0 trimmedBlocks=0 leakedBlocks=0 objects=2860 bytesHeap=71471506352 bytesDirect=0 liveHeap=0 liveDirect=0
ARENALOOP thread=io.github.neoionet.netty.microbenchmark.ByteBufAllocatorAllocPatternBenchmark.heapAllocation-1-26 arenaHeap=665901 arenaDirect=0 delegateHeap=18156143 delegateDirect=0 arenaShare=3.54% blocksHeap=8 blocksDirect=1 pinned=8 reusable=0 maxPinnedHeap=8 maxPinnedDirect=0 blockReuses=2248 blockGrowths=7 hooks=293070 hookRejections=0 violations=0 earlyReuses=0 reallocInPlace=10 reallocMoved=0 reallocDelegated=0 trims=0 trimmedBlocks=0 leakedBlocks=0 objects=2860 bytesHeap=74774128280 bytesDirect=0 liveHeap=0 liveDirect=0
ARENALOOP thread=io.github.neoionet.netty.microbenchmark.ByteBufAllocatorAllocPatternBenchmark.heapAllocation-1-23 arenaHeap=602635 arenaDirect=0 delegateHeap=16433512 delegateDirect=0 arenaShare=3.54% blocksHeap=8 blocksDirect=1 pinned=8 reusable=0 maxPinnedHeap=8 maxPinnedDirect=0 blockReuses=2033 blockGrowths=7 hooks=265165 hookRejections=0 violations=0 earlyReuses=0 reallocInPlace=7 reallocMoved=0 reallocDelegated=0 trims=0 trimmedBlocks=0 leakedBlocks=0 objects=2860 bytesHeap=67655936712 bytesDirect=0 liveHeap=0 liveDirect=0
ARENALOOP thread=io.github.neoionet.netty.microbenchmark.ByteBufAllocatorAllocPatternBenchmark.heapAllocation-1-2 arenaHeap=566127 arenaDirect=0 delegateHeap=15443393 delegateDirect=0 arenaShare=3.54% blocksHeap=8 blocksDirect=1 pinned=8 reusable=0 maxPinnedHeap=8 maxPinnedDirect=0 blockReuses=1910 blockGrowths=7 hooks=249124 hookRejections=0 violations=0 earlyReuses=0 reallocInPlace=7 reallocMoved=0 reallocDelegated=0 trims=0 trimmedBlocks=0 leakedBlocks=0 objects=2860 bytesHeap=63562573896 bytesDirect=0 liveHeap=0 liveDirect=0
ARENALOOP thread=io.github.neoionet.netty.microbenchmark.ByteBufAllocatorAllocPatternBenchmark.heapAllocation-1-13 arenaHeap=618967 arenaDirect=0 delegateHeap=16889155 delegateDirect=0 arenaShare=3.54% blocksHeap=8 blocksDirect=1 pinned=8 reusable=0 maxPinnedHeap=8 maxPinnedDirect=0 blockReuses=2089 blockGrowths=7 hooks=272540 hookRejections=0 violations=0 earlyReuses=0 reallocInPlace=8 reallocMoved=0 reallocDelegated=0 trims=0 trimmedBlocks=0 leakedBlocks=0 objects=2860 bytesHeap=69539147472 bytesDirect=0 liveHeap=0 liveDirect=0
ARENALOOP thread=io.github.neoionet.netty.microbenchmark.ByteBufAllocatorAllocPatternBenchmark.heapAllocation-1-28 arenaHeap=685045 arenaDirect=0 delegateHeap=18688544 delegateDirect=0 arenaShare=3.54% blocksHeap=8 blocksDirect=1 pinned=8 reusable=0 maxPinnedHeap=8 maxPinnedDirect=0 blockReuses=2313 blockGrowths=7 hooks=301688 hookRejections=0 violations=0 earlyReuses=0 reallocInPlace=10 reallocMoved=0 reallocDelegated=0 trims=0 trimmedBlocks=0 leakedBlocks=0 objects=2860 bytesHeap=76974357728 bytesDirect=0 liveHeap=0 liveDirect=0
1240.875 ±(99.9%) 159.965 ns/op

# Run progress: 97.62% complete, ETA 00:00:25
# Fork: 3 of 3
# Warmup Iteration   1: 1431.351 ±(99.9%) 73.206 ns/op
# Warmup Iteration   2: 1202.527 ±(99.9%) 162.761 ns/op
# Warmup Iteration   3: 1034.981 ±(99.9%) 159.298 ns/op
# Warmup Iteration   4: 1120.362 ±(99.9%) 236.964 ns/op
# Warmup Iteration   5: 1061.601 ±(99.9%) 219.165 ns/op
# Warmup Iteration   6: 1023.944 ±(99.9%) 177.783 ns/op
# Warmup Iteration   7: 1005.390 ±(99.9%) 133.693 ns/op
# Warmup Iteration   8: 999.093 ±(99.9%) 96.267 ns/op
# Warmup Iteration   9: 998.413 ±(99.9%) 145.276 ns/op
# Warmup Iteration  10: 1133.463 ±(99.9%) 366.675 ns/op
Iteration   1: 1055.247 ±(99.9%) 242.569 ns/op
Iteration   2: 1050.436 ±(99.9%) 197.632 ns/op
Iteration   3: 1008.949 ±(99.9%) 168.894 ns/op
Iteration   4: 997.719 ±(99.9%) 164.485 ns/op
Iteration   5: 1081.915 ±(99.9%) 258.224 ns/op
Iteration   6: 1042.712 ±(99.9%) 249.241 ns/op
Iteration   7: 1055.806 ±(99.9%) 244.091 ns/op
Iteration   8: 1045.139 ±(99.9%) 245.367 ns/op
Iteration   9: 1302.826 ±(99.9%) 436.909 ns/op
Iteration  10: cRSS-pRSS:[12534, 12534]
;used-memory:[0]
ARENATELE blockSize=262144 maxBlocks=8 cap=8192 maxObjects=16384 debug=false arenaHeap=24329224 arenaDirect=0 delegateHeap=663170703 delegateDirect=0 arenaShare=3.54% blocksHeap=256 blocksDirect=32 pinned=255 reusable=0 maxPinnedHeap=256 maxPinnedDirect=0 blockReuses=82154 blockGrowths=224 hooks=10709403 hookRejections=0 violations=0 earlyReuses=0 reallocInPlace=314 reallocMoved=0 reallocDelegated=0 trims=0 trimmedBlocks=0 leakedBlocks=0 objects=91520 bytesHeap=2732413154576 bytesDirect=0 liveHeap=11109 liveDirect=0
ARENALOOP thread=io.github.neoionet.netty.microbenchmark.ByteBufAllocatorAllocPatternBenchmark.heapAllocation-1-17 arenaHeap=850061 arenaDirect=0 delegateHeap=23195174 delegateDirect=0 arenaShare=3.54% blocksHeap=8 blocksDirect=1 pinned=8 reusable=0 maxPinnedHeap=8 maxPinnedDirect=0 blockReuses=2874 blockGrowths=7 hooks=374682 hookRejections=0 violations=0 earlyReuses=0 reallocInPlace=11 reallocMoved=0 reallocDelegated=0 trims=0 trimmedBlocks=0 leakedBlocks=0 objects=2860 bytesHeap=95601999312 bytesDirect=0 liveHeap=727 liveDirect=0
ARENALOOP thread=io.github.neoionet.netty.microbenchmark.ByteBufAllocatorAllocPatternBenchmark.heapAllocation-1-7 arenaHeap=800874 arenaDirect=0 delegateHeap=21803605 delegateDirect=0 arenaShare=3.54% blocksHeap=8 blocksDirect=1 pinned=8 reusable=0 maxPinnedHeap=8 maxPinnedDirect=0 blockReuses=2703 blockGrowths=7 hooks=352170 hookRejections=0 violations=0 earlyReuses=0 reallocInPlace=10 reallocMoved=0 reallocDelegated=0 trims=0 trimmedBlocks=0 leakedBlocks=0 objects=2860 bytesHeap=89848800368 bytesDirect=0 liveHeap=331 liveDirect=0
ARENALOOP thread=io.github.neoionet.netty.microbenchmark.ByteBufAllocatorAllocPatternBenchmark.heapAllocation-1-12 arenaHeap=772053 arenaDirect=0 delegateHeap=21035041 delegateDirect=0 arenaShare=3.54% blocksHeap=8 blocksDirect=1 pinned=8 reusable=0 maxPinnedHeap=8 maxPinnedDirect=0 blockReuses=2607 blockGrowths=7 hooks=339711 hookRejections=0 violations=0 earlyReuses=0 reallocInPlace=10 reallocMoved=0 reallocDelegated=0 trims=0 trimmedBlocks=0 leakedBlocks=0 objects=2860 bytesHeap=86673308320 bytesDirect=0 liveHeap=509 liveDirect=0
ARENALOOP thread=io.github.neoionet.netty.microbenchmark.ByteBufAllocatorAllocPatternBenchmark.heapAllocation-1-24 arenaHeap=792526 arenaDirect=0 delegateHeap=21590925 delegateDirect=0 arenaShare=3.54% blocksHeap=8 blocksDirect=1 pinned=8 reusable=0 maxPinnedHeap=8 maxPinnedDirect=0 blockReuses=2675 blockGrowths=7 hooks=348717 hookRejections=0 violations=0 earlyReuses=0 reallocInPlace=10 reallocMoved=0 reallocDelegated=0 trims=0 trimmedBlocks=0 leakedBlocks=0 objects=2860 bytesHeap=88969749352 bytesDirect=0 liveHeap=580 liveDirect=0
ARENALOOP thread=io.github.neoionet.netty.microbenchmark.ByteBufAllocatorAllocPatternBenchmark.heapAllocation-1-31 arenaHeap=785177 arenaDirect=0 delegateHeap=21397039 delegateDirect=0 arenaShare=3.54% blocksHeap=8 blocksDirect=1 pinned=8 reusable=0 maxPinnedHeap=8 maxPinnedDirect=0 blockReuses=2651 blockGrowths=7 hooks=345573 hookRejections=0 violations=0 earlyReuses=0 reallocInPlace=10 reallocMoved=0 reallocDelegated=0 trims=0 trimmedBlocks=0 leakedBlocks=0 objects=2860 bytesHeap=88168255480 bytesDirect=0 liveHeap=167 liveDirect=0
ARENALOOP thread=io.github.neoionet.netty.microbenchmark.ByteBufAllocatorAllocPatternBenchmark.heapAllocation-1-25 arenaHeap=878241 arenaDirect=0 delegateHeap=23959989 delegateDirect=0 arenaShare=3.54% blocksHeap=8 blocksDirect=1 pinned=8 reusable=0 maxPinnedHeap=8 maxPinnedDirect=0 blockReuses=2970 blockGrowths=7 hooks=387073 hookRejections=0 violations=0 earlyReuses=0 reallocInPlace=11 reallocMoved=0 reallocDelegated=0 trims=0 trimmedBlocks=0 leakedBlocks=0 objects=2860 bytesHeap=98764791576 bytesDirect=0 liveHeap=1130 liveDirect=0
ARENALOOP thread=io.github.neoionet.netty.microbenchmark.ByteBufAllocatorAllocPatternBenchmark.heapAllocation-1-22 arenaHeap=799728 arenaDirect=0 delegateHeap=21784031 delegateDirect=0 arenaShare=3.54% blocksHeap=8 blocksDirect=1 pinned=8 reusable=0 maxPinnedHeap=8 maxPinnedDirect=0 blockReuses=2699 blockGrowths=7 hooks=351847 hookRejections=0 violations=0 earlyReuses=0 reallocInPlace=10 reallocMoved=0 reallocDelegated=0 trims=0 trimmedBlocks=0 leakedBlocks=0 objects=2860 bytesHeap=89767824456 bytesDirect=0 liveHeap=0 liveDirect=0
ARENALOOP thread=io.github.neoionet.netty.microbenchmark.ByteBufAllocatorAllocPatternBenchmark.heapAllocation-1-26 arenaHeap=685608 arenaDirect=0 delegateHeap=18704352 delegateDirect=0 arenaShare=3.54% blocksHeap=8 blocksDirect=1 pinned=8 reusable=0 maxPinnedHeap=8 maxPinnedDirect=0 blockReuses=2315 blockGrowths=7 hooks=301944 hookRejections=0 violations=0 earlyReuses=0 reallocInPlace=10 reallocMoved=0 reallocDelegated=0 trims=0 trimmedBlocks=0 leakedBlocks=0 objects=2860 bytesHeap=77039620960 bytesDirect=0 liveHeap=1093 liveDirect=0
ARENALOOP thread=io.github.neoionet.netty.microbenchmark.ByteBufAllocatorAllocPatternBenchmark.heapAllocation-1-29 arenaHeap=603979 arenaDirect=0 delegateHeap=16479494 delegateDirect=0 arenaShare=3.54% blocksHeap=8 blocksDirect=1 pinned=8 reusable=0 maxPinnedHeap=8 maxPinnedDirect=0 blockReuses=2038 blockGrowths=7 hooks=265905 hookRejections=0 violations=0 earlyReuses=0 reallocInPlace=7 reallocMoved=0 reallocDelegated=0 trims=0 trimmedBlocks=0 leakedBlocks=0 objects=2860 bytesHeap=67845970160 bytesDirect=0 liveHeap=405 liveDirect=0
ARENALOOP thread=io.github.neoionet.netty.microbenchmark.ByteBufAllocatorAllocPatternBenchmark.heapAllocation-1-8 arenaHeap=810479 arenaDirect=0 delegateHeap=22062715 delegateDirect=0 arenaShare=3.54% blocksHeap=8 blocksDirect=1 pinned=8 reusable=0 maxPinnedHeap=8 maxPinnedDirect=0 blockReuses=2735 blockGrowths=7 hooks=356369 hookRejections=0 violations=0 earlyReuses=0 reallocInPlace=10 reallocMoved=0 reallocDelegated=0 trims=0 trimmedBlocks=0 leakedBlocks=0 objects=2860 bytesHeap=90919633656 bytesDirect=0 liveHeap=17 liveDirect=0
ARENALOOP thread=io.github.neoionet.netty.microbenchmark.ByteBufAllocatorAllocPatternBenchmark.heapAllocation-1-15 arenaHeap=778602 arenaDirect=0 delegateHeap=21214956 delegateDirect=0 arenaShare=3.54% blocksHeap=8 blocksDirect=1 pinned=8 reusable=0 maxPinnedHeap=8 maxPinnedDirect=0 blockReuses=2629 blockGrowths=7 hooks=342625 hookRejections=0 violations=0 earlyReuses=0 reallocInPlace=10 reallocMoved=0 reallocDelegated=0 trims=0 trimmedBlocks=0 leakedBlocks=0 objects=2860 bytesHeap=87416371104 bytesDirect=0 liveHeap=806 liveDirect=0
ARENALOOP thread=io.github.neoionet.netty.microbenchmark.ByteBufAllocatorAllocPatternBenchmark.heapAllocation-1-5 arenaHeap=675319 arenaDirect=0 delegateHeap=18413081 delegateDirect=0 arenaShare=3.54% blocksHeap=8 blocksDirect=1 pinned=8 reusable=0 maxPinnedHeap=8 maxPinnedDirect=0 blockReuses=2280 blockGrowths=7 hooks=297232 hookRejections=0 violations=0 earlyReuses=0 reallocInPlace=10 reallocMoved=0 reallocDelegated=0 trims=0 trimmedBlocks=0 leakedBlocks=0 objects=2860 bytesHeap=75835351096 bytesDirect=0 liveHeap=437 liveDirect=0
ARENALOOP thread=io.github.neoionet.netty.microbenchmark.ByteBufAllocatorAllocPatternBenchmark.heapAllocation-1-6 arenaHeap=499598 arenaDirect=0 delegateHeap=13606633 delegateDirect=0 arenaShare=3.54% blocksHeap=8 blocksDirect=1 pinned=8 reusable=0 maxPinnedHeap=8 maxPinnedDirect=0 blockReuses=1681 blockGrowths=7 hooks=219385 hookRejections=0 violations=0 earlyReuses=0 reallocInPlace=5 reallocMoved=0 reallocDelegated=0 trims=0 trimmedBlocks=0 leakedBlocks=0 objects=2860 bytesHeap=55971865520 bytesDirect=0 liveHeap=192 liveDirect=0
ARENALOOP thread=io.github.neoionet.netty.microbenchmark.ByteBufAllocatorAllocPatternBenchmark.heapAllocation-1-10 arenaHeap=866879 arenaDirect=0 delegateHeap=23650185 delegateDirect=0 arenaShare=3.54% blocksHeap=8 blocksDirect=1 pinned=8 reusable=0 maxPinnedHeap=8 maxPinnedDirect=0 blockReuses=2931 blockGrowths=7 hooks=382055 hookRejections=0 violations=0 earlyReuses=0 reallocInPlace=11 reallocMoved=0 reallocDelegated=0 trims=0 trimmedBlocks=0 leakedBlocks=0 objects=2860 bytesHeap=97483190224 bytesDirect=0 liveHeap=292 liveDirect=0
ARENALOOP thread=io.github.neoionet.netty.microbenchmark.ByteBufAllocatorAllocPatternBenchmark.heapAllocation-1-14 arenaHeap=763201 arenaDirect=0 delegateHeap=20801244 delegateDirect=0 arenaShare=3.54% blocksHeap=8 blocksDirect=1 pinned=8 reusable=0 maxPinnedHeap=8 maxPinnedDirect=0 blockReuses=2577 blockGrowths=7 hooks=335920 hookRejections=0 violations=0 earlyReuses=0 reallocInPlace=10 reallocMoved=0 reallocDelegated=0 trims=0 trimmedBlocks=0 leakedBlocks=0 objects=2860 bytesHeap=85706721864 bytesDirect=0 liveHeap=81 liveDirect=0
ARENALOOP thread=io.github.neoionet.netty.microbenchmark.ByteBufAllocatorAllocPatternBenchmark.heapAllocation-1-3 arenaHeap=707853 arenaDirect=0 delegateHeap=19298113 delegateDirect=0 arenaShare=3.54% blocksHeap=8 blocksDirect=1 pinned=8 reusable=0 maxPinnedHeap=8 maxPinnedDirect=0 blockReuses=2390 blockGrowths=7 hooks=311569 hookRejections=0 violations=0 earlyReuses=0 reallocInPlace=10 reallocMoved=0 reallocDelegated=0 trims=0 trimmedBlocks=0 leakedBlocks=0 objects=2860 bytesHeap=79493565344 bytesDirect=0 liveHeap=123 liveDirect=0
ARENALOOP thread=io.github.neoionet.netty.microbenchmark.ByteBufAllocatorAllocPatternBenchmark.heapAllocation-1-23 arenaHeap=828864 arenaDirect=0 delegateHeap=22576966 delegateDirect=0 arenaShare=3.54% blocksHeap=8 blocksDirect=1 pinned=8 reusable=0 maxPinnedHeap=8 maxPinnedDirect=0 blockReuses=2799 blockGrowths=7 hooks=364692 hookRejections=0 violations=0 earlyReuses=0 reallocInPlace=10 reallocMoved=0 reallocDelegated=0 trims=0 trimmedBlocks=0 leakedBlocks=0 objects=2860 bytesHeap=93046185800 bytesDirect=0 liveHeap=0 liveDirect=0
ARENALOOP thread=io.github.neoionet.netty.microbenchmark.ByteBufAllocatorAllocPatternBenchmark.heapAllocation-1-2 arenaHeap=815130 arenaDirect=0 delegateHeap=22206547 delegateDirect=0 arenaShare=3.54% blocksHeap=8 blocksDirect=1 pinned=8 reusable=0 maxPinnedHeap=8 maxPinnedDirect=0 blockReuses=2751 blockGrowths=7 hooks=358689 hookRejections=0 violations=0 earlyReuses=0 reallocInPlace=10 reallocMoved=0 reallocDelegated=0 trims=0 trimmedBlocks=0 leakedBlocks=0 objects=2860 bytesHeap=91514032912 bytesDirect=0 liveHeap=0 liveDirect=0
ARENALOOP thread=io.github.neoionet.netty.microbenchmark.ByteBufAllocatorAllocPatternBenchmark.heapAllocation-1-11 arenaHeap=766537 arenaDirect=0 delegateHeap=20887628 delegateDirect=0 arenaShare=3.54% blocksHeap=8 blocksDirect=1 pinned=8 reusable=0 maxPinnedHeap=8 maxPinnedDirect=0 blockReuses=2588 blockGrowths=7 hooks=337322 hookRejections=0 violations=0 earlyReuses=0 reallocInPlace=10 reallocMoved=0 reallocDelegated=0 trims=0 trimmedBlocks=0 leakedBlocks=0 objects=2860 bytesHeap=86063700824 bytesDirect=0 liveHeap=525 liveDirect=0
ARENALOOP thread=io.github.neoionet.netty.microbenchmark.ByteBufAllocatorAllocPatternBenchmark.heapAllocation-1-13 arenaHeap=713264 arenaDirect=0 delegateHeap=19457192 delegateDirect=0 arenaShare=3.54% blocksHeap=8 blocksDirect=1 pinned=8 reusable=0 maxPinnedHeap=8 maxPinnedDirect=0 blockReuses=2409 blockGrowths=7 hooks=314139 hookRejections=0 violations=0 earlyReuses=0 reallocInPlace=10 reallocMoved=0 reallocDelegated=0 trims=0 trimmedBlocks=0 leakedBlocks=0 objects=2860 bytesHeap=80151143624 bytesDirect=0 liveHeap=795 liveDirect=0
ARENALOOP thread=io.github.neoionet.netty.microbenchmark.ByteBufAllocatorAllocPatternBenchmark.heapAllocation-1-20 arenaHeap=772053 arenaDirect=0 delegateHeap=21036023 delegateDirect=0 arenaShare=3.54% blocksHeap=8 blocksDirect=1 pinned=8 reusable=0 maxPinnedHeap=8 maxPinnedDirect=0 blockReuses=2607 blockGrowths=7 hooks=339727 hookRejections=0 violations=0 earlyReuses=0 reallocInPlace=10 reallocMoved=0 reallocDelegated=0 trims=0 trimmedBlocks=0 leakedBlocks=0 objects=2860 bytesHeap=86677502496 bytesDirect=0 liveHeap=333 liveDirect=0
ARENALOOP thread=io.github.neoionet.netty.microbenchmark.ByteBufAllocatorAllocPatternBenchmark.heapAllocation-1-32 arenaHeap=687612 arenaDirect=0 delegateHeap=18766186 delegateDirect=0 arenaShare=3.53% blocksHeap=8 blocksDirect=1 pinned=8 reusable=0 maxPinnedHeap=8 maxPinnedDirect=0 blockReuses=2322 blockGrowths=7 hooks=302941 hookRejections=0 violations=0 earlyReuses=0 reallocInPlace=10 reallocMoved=0 reallocDelegated=0 trims=0 trimmedBlocks=0 leakedBlocks=0 objects=2860 bytesHeap=77294639168 bytesDirect=0 liveHeap=0 liveDirect=0
ARENALOOP thread=io.github.neoionet.netty.microbenchmark.ByteBufAllocatorAllocPatternBenchmark.heapAllocation-1-18 arenaHeap=772642 arenaDirect=0 delegateHeap=21061143 delegateDirect=0 arenaShare=3.54% blocksHeap=8 blocksDirect=1 pinned=8 reusable=0 maxPinnedHeap=8 maxPinnedDirect=0 blockReuses=2609 blockGrowths=7 hooks=340128 hookRejections=0 violations=0 earlyReuses=0 reallocInPlace=10 reallocMoved=0 reallocDelegated=0 trims=0 trimmedBlocks=0 leakedBlocks=0 objects=2860 bytesHeap=86780518424 bytesDirect=0 liveHeap=251 liveDirect=0
ARENALOOP thread=io.github.neoionet.netty.microbenchmark.ByteBufAllocatorAllocPatternBenchmark.heapAllocation-1-28 arenaHeap=518509 arenaDirect=0 delegateHeap=14126420 delegateDirect=0 arenaShare=3.54% blocksHeap=8 blocksDirect=1 pinned=8 reusable=0 maxPinnedHeap=8 maxPinnedDirect=0 blockReuses=1746 blockGrowths=7 hooks=227803 hookRejections=0 violations=0 earlyReuses=0 reallocInPlace=6 reallocMoved=0 reallocDelegated=0 trims=0 trimmedBlocks=0 leakedBlocks=0 objects=2860 bytesHeap=58120386384 bytesDirect=0 liveHeap=230 liveDirect=0
ARENALOOP thread=io.github.neoionet.netty.microbenchmark.ByteBufAllocatorAllocPatternBenchmark.heapAllocation-1-4 arenaHeap=855279 arenaDirect=0 delegateHeap=23325624 delegateDirect=0 arenaShare=3.54% blocksHeap=8 blocksDirect=1 pinned=8 reusable=0 maxPinnedHeap=8 maxPinnedDirect=0 blockReuses=2891 blockGrowths=7 hooks=376802 hookRejections=0 violations=0 earlyReuses=0 reallocInPlace=11 reallocMoved=0 reallocDelegated=0 trims=0 trimmedBlocks=0 leakedBlocks=0 objects=2860 bytesHeap=96142086528 bytesDirect=0 liveHeap=66 liveDirect=0
ARENALOOP thread=io.github.neoionet.netty.microbenchmark.ByteBufAllocatorAllocPatternBenchmark.heapAllocation-1-19 arenaHeap=769547 arenaDirect=0 delegateHeap=20973594 delegateDirect=0 arenaShare=3.54% blocksHeap=8 blocksDirect=1 pinned=8 reusable=0 maxPinnedHeap=8 maxPinnedDirect=0 blockReuses=2599 blockGrowths=7 hooks=338712 hookRejections=0 violations=0 earlyReuses=0 reallocInPlace=10 reallocMoved=0 reallocDelegated=0 trims=0 trimmedBlocks=0 leakedBlocks=0 objects=2860 bytesHeap=86419109392 bytesDirect=0 liveHeap=738 liveDirect=0
ARENALOOP thread=io.github.neoionet.netty.microbenchmark.ByteBufAllocatorAllocPatternBenchmark.heapAllocation-1-27 arenaHeap=809854 arenaDirect=0 delegateHeap=22045012 delegateDirect=0 arenaShare=3.54% blocksHeap=8 blocksDirect=1 pinned=8 reusable=0 maxPinnedHeap=8 maxPinnedDirect=0 blockReuses=2733 blockGrowths=7 hooks=356083 hookRejections=0 violations=0 earlyReuses=0 reallocInPlace=10 reallocMoved=0 reallocDelegated=0 trims=0 trimmedBlocks=0 leakedBlocks=0 objects=2860 bytesHeap=90846507944 bytesDirect=0 liveHeap=0 liveDirect=0
ARENALOOP thread=io.github.neoionet.netty.microbenchmark.ByteBufAllocatorAllocPatternBenchmark.heapAllocation-1-16 arenaHeap=781997 arenaDirect=0 delegateHeap=21311504 delegateDirect=0 arenaShare=3.54% blocksHeap=8 blocksDirect=1 pinned=8 reusable=0 maxPinnedHeap=8 maxPinnedDirect=0 blockReuses=2640 blockGrowths=7 hooks=344186 hookRejections=0 violations=0 earlyReuses=0 reallocInPlace=10 reallocMoved=0 reallocDelegated=0 trims=0 trimmedBlocks=0 leakedBlocks=0 objects=2860 bytesHeap=87814720936 bytesDirect=0 liveHeap=354 liveDirect=0
ARENALOOP thread=io.github.neoionet.netty.microbenchmark.ByteBufAllocatorAllocPatternBenchmark.heapAllocation-1-30 arenaHeap=869160 arenaDirect=0 delegateHeap=23719054 delegateDirect=0 arenaShare=3.53% blocksHeap=8 blocksDirect=1 pinned=7 reusable=0 maxPinnedHeap=8 maxPinnedDirect=0 blockReuses=2940 blockGrowths=7 hooks=383166 hookRejections=0 violations=0 earlyReuses=0 reallocInPlace=11 reallocMoved=0 reallocDelegated=0 trims=0 trimmedBlocks=0 leakedBlocks=0 objects=2860 bytesHeap=97767862992 bytesDirect=0 liveHeap=286 liveDirect=0
ARENALOOP thread=io.github.neoionet.netty.microbenchmark.ByteBufAllocatorAllocPatternBenchmark.heapAllocation-1-9 arenaHeap=853460 arenaDirect=0 delegateHeap=23273876 delegateDirect=0 arenaShare=3.54% blocksHeap=8 blocksDirect=1 pinned=8 reusable=0 maxPinnedHeap=8 maxPinnedDirect=0 blockReuses=2885 blockGrowths=7 hooks=375965 hookRejections=0 violations=0 earlyReuses=0 reallocInPlace=11 reallocMoved=0 reallocDelegated=0 trims=0 trimmedBlocks=0 leakedBlocks=0 objects=2860 bytesHeap=95927971376 bytesDirect=0 liveHeap=0 liveDirect=0
ARENALOOP thread=io.github.neoionet.netty.microbenchmark.ByteBufAllocatorAllocPatternBenchmark.heapAllocation-1-1 arenaHeap=711035 arenaDirect=0 delegateHeap=19399165 delegateDirect=0 arenaShare=3.54% blocksHeap=8 blocksDirect=1 pinned=8 reusable=0 maxPinnedHeap=8 maxPinnedDirect=0 blockReuses=2401 blockGrowths=7 hooks=313197 hookRejections=0 violations=0 earlyReuses=0 reallocInPlace=10 reallocMoved=0 reallocDelegated=0 trims=0 trimmedBlocks=0 leakedBlocks=0 objects=2860 bytesHeap=79910811560 bytesDirect=0 liveHeap=19 liveDirect=0
ARENALOOP thread=io.github.neoionet.netty.microbenchmark.ByteBufAllocatorAllocPatternBenchmark.heapAllocation-1-21 arenaHeap=734103 arenaDirect=0 delegateHeap=20008192 delegateDirect=0 arenaShare=3.54% blocksHeap=8 blocksDirect=1 pinned=8 reusable=0 maxPinnedHeap=8 maxPinnedDirect=0 blockReuses=2479 blockGrowths=7 hooks=323074 hookRejections=0 violations=0 earlyReuses=0 reallocInPlace=10 reallocMoved=0 reallocDelegated=0 trims=0 trimmedBlocks=0 leakedBlocks=0 objects=2860 bytesHeap=82428955424 bytesDirect=0 liveHeap=614 liveDirect=0
982.506 ±(99.9%) 204.558 ns/op


Result "io.github.neoionet.netty.microbenchmark.ByteBufAllocatorAllocPatternBenchmark.heapAllocation":
  1181.360 ±(99.9%) 70.476 ns/op [Average]
  (min, avg, max) = (982.506, 1181.360, 1337.080), stdev = 105.485
  CI (99.9%): [1110.885, 1251.836] (assumes normal distribution)


# Run complete. Total time: 00:17:56

REMEMBER: The numbers below are just data. To gain reusable insights, you need to follow up on
why the numbers are the way they are. Use profilers (see -prof, -lprof), design factorial
experiments, perform baseline and negative tests that provide experimental control, make sure
the benchmarking environment is safe on JVM/OS/HW level, ask for reviews from the domain experts.
Do not assume the numbers tell you what you want them to tell.

NOTE: Current JVM experimentally supports Compiler Blackholes, and they are in use. Please exercise
extra caution when trusting the results, look into the generated code to check the benchmark still
works, and factor in a small probability of new VM bugs. Additionally, while comparisons between
different JVMs are already problematic, the performance difference caused by different Blackhole
modes can be very significant. Please make sure you use the consistent Blackhole mode for comparisons.

Benchmark                                               (MAX_LIVE_BUFFERS)  (allocatorType)  (enableReadWrite)  (sizePattern)  Mode  Cnt     Score    Error  Units
ByteBufAllocatorAllocPatternBenchmark.directAllocation                 128            ARENA               true     E_COMMERCE  avgt   30   194.764 ±  4.823  ns/op
ByteBufAllocatorAllocPatternBenchmark.directAllocation                1024            ARENA               true     E_COMMERCE  avgt   30   262.574 ± 27.099  ns/op
ByteBufAllocatorAllocPatternBenchmark.directAllocation                4096            ARENA               true     E_COMMERCE  avgt   30   433.940 ± 28.977  ns/op
ByteBufAllocatorAllocPatternBenchmark.directAllocation                8192            ARENA               true     E_COMMERCE  avgt   30   609.925 ± 37.009  ns/op
ByteBufAllocatorAllocPatternBenchmark.directAllocation               16384            ARENA               true     E_COMMERCE  avgt   30   729.710 ± 36.712  ns/op
ByteBufAllocatorAllocPatternBenchmark.directAllocation               32768            ARENA               true     E_COMMERCE  avgt   30   776.463 ± 35.926  ns/op
ByteBufAllocatorAllocPatternBenchmark.directAllocation               65536            ARENA               true     E_COMMERCE  avgt   30   876.524 ± 31.740  ns/op
ByteBufAllocatorAllocPatternBenchmark.heapAllocation                   128            ARENA               true     E_COMMERCE  avgt   30   204.614 ±  5.698  ns/op
ByteBufAllocatorAllocPatternBenchmark.heapAllocation                  1024            ARENA               true     E_COMMERCE  avgt   30   308.558 ± 26.345  ns/op
ByteBufAllocatorAllocPatternBenchmark.heapAllocation                  4096            ARENA               true     E_COMMERCE  avgt   30   451.067 ± 25.392  ns/op
ByteBufAllocatorAllocPatternBenchmark.heapAllocation                  8192            ARENA               true     E_COMMERCE  avgt   30   587.833 ± 18.483  ns/op
ByteBufAllocatorAllocPatternBenchmark.heapAllocation                 16384            ARENA               true     E_COMMERCE  avgt   30   740.711 ± 40.414  ns/op
ByteBufAllocatorAllocPatternBenchmark.heapAllocation                 32768            ARENA               true     E_COMMERCE  avgt   30   843.490 ± 47.590  ns/op
ByteBufAllocatorAllocPatternBenchmark.heapAllocation                 65536            ARENA               true     E_COMMERCE  avgt   30  1181.360 ± 70.476  ns/op

Benchmark result is saved to /home/forked_franz/IdeaProjects/netty-bench/results/h2h-merged-x86-2026-09-22/arena-v3/ecommerce-eventloop/arena-hook64.json
