TRANSPORT transport=io_uring ringSize=128 cqSize=4096 singleIssuer=true bufferRing[bgId=1 entries=64 chunk=8192 incremental=true batchSize=32 batchAllocation=false alloc=same allocClass=CycleArenaAllocator] zeroCopyThreshold=4096 | IoUring features: CQE_F_SOCK_NONEMPTY_SUPPORTED=true, UNIX_DOMAIN_SOCKET_INQ_SUPPORTED=true, SPLICE_SUPPORTED=true, ACCEPT_NO_WAIT_SUPPORTED=true, ACCEPT_MULTISHOT_SUPPORTED=true, POLL_ADD_MULTISHOT_SUPPORTED=true, RECV_MULTISHOT_SUPPORTED=true, IORING_RECVSEND_BUNDLE_SUPPORTED=true, REGISTER_IOWQ_MAX_WORKERS_SUPPORTED=true, SETUP_SUBMIT_ALL_SUPPORTED=true, SETUP_CQE_MIXED_SUPPORTED=true, SETUP_CQ_SIZE_SUPPORTED=true, SETUP_SINGLE_ISSUER_SUPPORTED=true, SETUP_DEFER_TASKRUN_SUPPORTED=true, SETUP_NO_SQARRAY_SUPPORTED=true, REGISTER_BUFFER_RING_SUPPORTED=true, REGISTER_BUFFER_RING_INC_SUPPORTED=true, SEND_ZC_SUPPORTED=true, SENDMSG_ZC_SUPPORTED=true, ENTER_NO_IOWAIT_SUPPORTED=true
READY proxy2 port=18443 loops=4 markers=8 allocator=arena transport=io_uring pid=1323103
07:12:23.566 [multiThreadIoEventLoopGroup-4-2] WARN  io.netty.util.ReferenceCountUtil - Failed to release a message: UnpooledSlicedByteBuf(ridx: 0, widx: 3799, cap: 3799/3799, unwrapped: CycleArenaAllocator$ArenaBuf(ridx: 0, widx: 8192, cap: 8192))
java.lang.IllegalStateException: arena buffer of Thread[#29,multiThreadIoEventLoopGroup-3-4,10,main] touched from Thread[#31,multiThreadIoEventLoopGroup-4-2,10,main] (event-loop arena buffers are thread confined)
	at io.netty.buffer.CycleArenaAllocator$ArenaBuf.violation(CycleArenaAllocator.java:1448)
	at io.netty.buffer.CycleArenaAllocator$ArenaBuf.release(CycleArenaAllocator.java:1377)
	at io.netty.buffer.AbstractDerivedByteBuf.release0(AbstractDerivedByteBuf.java:98)
	at io.netty.buffer.AbstractDerivedByteBuf.release(AbstractDerivedByteBuf.java:94)
	at io.netty.util.ReferenceCountUtil.release(ReferenceCountUtil.java:90)
	at io.netty.util.ReferenceCountUtil.safeRelease(ReferenceCountUtil.java:116)
	at io.netty.channel.ChannelOutboundBuffer.remove(ChannelOutboundBuffer.java:300)
	at io.netty.channel.ChannelOutboundBuffer.removeBytes(ChannelOutboundBuffer.java:382)
	at io.netty.channel.uring.AbstractIoUringStreamChannel$IoUringStreamUnsafe.writeComplete0(AbstractIoUringStreamChannel.java:692)
	at io.netty.channel.uring.IoUringSocketChannel$IoUringSocketUnsafe.writeComplete0(IoUringSocketChannel.java:188)
	at io.netty.channel.uring.AbstractIoUringChannel$AbstractUringUnsafe.writeComplete(AbstractIoUringChannel.java:1003)
	at io.netty.channel.uring.AbstractIoUringChannel$AbstractUringUnsafe.handle(AbstractIoUringChannel.java:474)
	at io.netty.channel.uring.IoUringIoHandler$DefaultIoUringIoRegistration.handle(IoUringIoHandler.java:705)
	at io.netty.channel.uring.IoUringIoHandler.handleFastPath(IoUringIoHandler.java:318)
	at io.netty.channel.uring.IoUringIoHandler.handle(IoUringIoHandler.java:298)
	at io.netty.channel.uring.CompletionQueue.process(CompletionQueue.java:151)
	at io.netty.channel.uring.IoUringIoHandler.processCompletionsAndHandleOverflow(IoUringIoHandler.java:213)
	at io.netty.channel.uring.IoUringIoHandler.run(IoUringIoHandler.java:188)
	at io.netty.channel.SingleThreadIoEventLoop.runIo(SingleThreadIoEventLoop.java:225)
	at io.netty.channel.SingleThreadIoEventLoop.run(SingleThreadIoEventLoop.java:196)
	at io.netty.util.concurrent.SingleThreadEventExecutor$5.run(SingleThreadEventExecutor.java:1204)
	at io.netty.util.internal.ThreadExecutorMap$2.run(ThreadExecutorMap.java:74)
	at io.netty.util.concurrent.FastThreadLocalRunnable.run(FastThreadLocalRunnable.java:30)
	at java.base/java.lang.Thread.run(Thread.java:1583)
07:12:23.564 [multiThreadIoEventLoopGroup-4-1] WARN  i.n.channel.uring.IoUringIoHandler - Unexpected exception in the IO event loop.
java.lang.IllegalStateException: arena buffer of Thread[#29,multiThreadIoEventLoopGroup-3-4,10,main] touched from Thread[#30,multiThreadIoEventLoopGroup-4-1,10,main] (event-loop arena buffers are thread confined)
	at io.netty.buffer.CycleArenaAllocator$ArenaBuf.violation(CycleArenaAllocator.java:1448)
	at io.netty.buffer.CycleArenaAllocator$ArenaBuf.retain(CycleArenaAllocator.java:1351)
	at io.netty.buffer.AbstractDerivedByteBuf.retain0(AbstractDerivedByteBuf.java:58)
	at io.netty.buffer.AbstractDerivedByteBuf.retain(AbstractDerivedByteBuf.java:54)
	at io.netty.channel.uring.IoUringSocketChannel$IoUringSocketUnsafe.handleWriteCompleteZeroCopy(IoUringSocketChannel.java:220)
	at io.netty.channel.uring.IoUringSocketChannel$IoUringSocketUnsafe.writeComplete0(IoUringSocketChannel.java:186)
	at io.netty.channel.uring.AbstractIoUringChannel$AbstractUringUnsafe.writeComplete(AbstractIoUringChannel.java:1003)
	at io.netty.channel.uring.AbstractIoUringChannel$AbstractUringUnsafe.handle(AbstractIoUringChannel.java:474)
	at io.netty.channel.uring.IoUringIoHandler$DefaultIoUringIoRegistration.handle(IoUringIoHandler.java:705)
	at io.netty.channel.uring.IoUringIoHandler.handleFastPath(IoUringIoHandler.java:318)
	at io.netty.channel.uring.IoUringIoHandler.handle(IoUringIoHandler.java:298)
	at io.netty.channel.uring.CompletionQueue.process(CompletionQueue.java:151)
	at io.netty.channel.uring.IoUringIoHandler.processCompletionsAndHandleOverflow(IoUringIoHandler.java:213)
	at io.netty.channel.uring.IoUringIoHandler.run(IoUringIoHandler.java:188)
	at io.netty.channel.SingleThreadIoEventLoop.runIo(SingleThreadIoEventLoop.java:225)
	at io.netty.channel.SingleThreadIoEventLoop.run(SingleThreadIoEventLoop.java:196)
	at io.netty.util.concurrent.SingleThreadEventExecutor$5.run(SingleThreadEventExecutor.java:1204)
	at io.netty.util.internal.ThreadExecutorMap$2.run(ThreadExecutorMap.java:74)
	at io.netty.util.concurrent.FastThreadLocalRunnable.run(FastThreadLocalRunnable.java:30)
	at java.base/java.lang.Thread.run(Thread.java:1583)
07:12:23.574 [multiThreadIoEventLoopGroup-4-2] WARN  i.n.channel.uring.IoUringIoHandler - Unexpected exception in the IO event loop.
java.lang.IllegalStateException: arena buffer of Thread[#29,multiThreadIoEventLoopGroup-3-4,10,main] touched from Thread[#31,multiThreadIoEventLoopGroup-4-2,10,main] (event-loop arena buffers are thread confined)
	at io.netty.buffer.CycleArenaAllocator$ArenaBuf.violation(CycleArenaAllocator.java:1448)
	at io.netty.buffer.CycleArenaAllocator$ArenaBuf.retain(CycleArenaAllocator.java:1351)
	at io.netty.buffer.AbstractDerivedByteBuf.retain0(AbstractDerivedByteBuf.java:58)
	at io.netty.buffer.AbstractDerivedByteBuf.retain(AbstractDerivedByteBuf.java:54)
	at io.netty.channel.uring.IoUringSocketChannel$IoUringSocketUnsafe.handleWriteCompleteZeroCopy(IoUringSocketChannel.java:220)
	at io.netty.channel.uring.IoUringSocketChannel$IoUringSocketUnsafe.writeComplete0(IoUringSocketChannel.java:186)
	at io.netty.channel.uring.AbstractIoUringChannel$AbstractUringUnsafe.writeComplete(AbstractIoUringChannel.java:1003)
	at io.netty.channel.uring.AbstractIoUringChannel$AbstractUringUnsafe.handle(AbstractIoUringChannel.java:474)
	at io.netty.channel.uring.IoUringIoHandler$DefaultIoUringIoRegistration.handle(IoUringIoHandler.java:705)
	at io.netty.channel.uring.IoUringIoHandler.handleFastPath(IoUringIoHandler.java:318)
	at io.netty.channel.uring.IoUringIoHandler.handle(IoUringIoHandler.java:298)
	at io.netty.channel.uring.CompletionQueue.process(CompletionQueue.java:151)
	at io.netty.channel.uring.IoUringIoHandler.processCompletionsAndHandleOverflow(IoUringIoHandler.java:213)
	at io.netty.channel.uring.IoUringIoHandler.run(IoUringIoHandler.java:188)
	at io.netty.channel.SingleThreadIoEventLoop.runIo(SingleThreadIoEventLoop.java:225)
	at io.netty.channel.SingleThreadIoEventLoop.run(SingleThreadIoEventLoop.java:196)
	at io.netty.util.concurrent.SingleThreadEventExecutor$5.run(SingleThreadEventExecutor.java:1204)
	at io.netty.util.internal.ThreadExecutorMap$2.run(ThreadExecutorMap.java:74)
	at io.netty.util.concurrent.FastThreadLocalRunnable.run(FastThreadLocalRunnable.java:30)
	at java.base/java.lang.Thread.run(Thread.java:1583)
07:12:23.572 [multiThreadIoEventLoopGroup-4-3] WARN  io.netty.util.ReferenceCountUtil - Failed to release a message: UnpooledSlicedByteBuf(ridx: 0, widx: 3997, cap: 3997/3997, unwrapped: CycleArenaAllocator$ArenaBuf(ridx: 0, widx: 8192, cap: 8192))
java.lang.IllegalStateException: arena buffer of Thread[#29,multiThreadIoEventLoopGroup-3-4,10,main] touched from Thread[#32,multiThreadIoEventLoopGroup-4-3,10,main] (event-loop arena buffers are thread confined)
	at io.netty.buffer.CycleArenaAllocator$ArenaBuf.violation(CycleArenaAllocator.java:1448)
	at io.netty.buffer.CycleArenaAllocator$ArenaBuf.release(CycleArenaAllocator.java:1377)
	at io.netty.buffer.AbstractDerivedByteBuf.release0(AbstractDerivedByteBuf.java:98)
	at io.netty.buffer.AbstractDerivedByteBuf.release(AbstractDerivedByteBuf.java:94)
	at io.netty.util.ReferenceCountUtil.release(ReferenceCountUtil.java:90)
	at io.netty.util.ReferenceCountUtil.safeRelease(ReferenceCountUtil.java:116)
	at io.netty.channel.ChannelOutboundBuffer.remove(ChannelOutboundBuffer.java:300)
	at io.netty.channel.ChannelOutboundBuffer.removeBytes(ChannelOutboundBuffer.java:382)
	at io.netty.channel.uring.AbstractIoUringStreamChannel$IoUringStreamUnsafe.writeComplete0(AbstractIoUringStreamChannel.java:692)
	at io.netty.channel.uring.IoUringSocketChannel$IoUringSocketUnsafe.writeComplete0(IoUringSocketChannel.java:188)
	at io.netty.channel.uring.AbstractIoUringChannel$AbstractUringUnsafe.writeComplete(AbstractIoUringChannel.java:1003)
	at io.netty.channel.uring.AbstractIoUringChannel$AbstractUringUnsafe.handle(AbstractIoUringChannel.java:474)
	at io.netty.channel.uring.IoUringIoHandler$DefaultIoUringIoRegistration.handle(IoUringIoHandler.java:705)
	at io.netty.channel.uring.IoUringIoHandler.handleFastPath(IoUringIoHandler.java:318)
	at io.netty.channel.uring.IoUringIoHandler.handle(IoUringIoHandler.java:298)
	at io.netty.channel.uring.CompletionQueue.process(CompletionQueue.java:151)
	at io.netty.channel.uring.IoUringIoHandler.processCompletionsAndHandleOverflow(IoUringIoHandler.java:213)
	at io.netty.channel.uring.IoUringIoHandler.run(IoUringIoHandler.java:188)
	at io.netty.channel.SingleThreadIoEventLoop.runIo(SingleThreadIoEventLoop.java:225)
	at io.netty.channel.SingleThreadIoEventLoop.run(SingleThreadIoEventLoop.java:196)
	at io.netty.util.concurrent.SingleThreadEventExecutor$5.run(SingleThreadEventExecutor.java:1204)
	at io.netty.util.internal.ThreadExecutorMap$2.run(ThreadExecutorMap.java:74)
	at io.netty.util.concurrent.FastThreadLocalRunnable.run(FastThreadLocalRunnable.java:30)
	at java.base/java.lang.Thread.run(Thread.java:1583)
07:12:23.574 [multiThreadIoEventLoopGroup-4-3] WARN  i.n.channel.uring.IoUringIoHandler - Unexpected exception in the IO event loop.
java.lang.IllegalStateException: arena buffer of Thread[#29,multiThreadIoEventLoopGroup-3-4,10,main] touched from Thread[#32,multiThreadIoEventLoopGroup-4-3,10,main] (event-loop arena buffers are thread confined)
	at io.netty.buffer.CycleArenaAllocator$ArenaBuf.violation(CycleArenaAllocator.java:1448)
	at io.netty.buffer.CycleArenaAllocator$ArenaBuf.retain(CycleArenaAllocator.java:1351)
	at io.netty.buffer.AbstractDerivedByteBuf.retain0(AbstractDerivedByteBuf.java:58)
	at io.netty.buffer.AbstractDerivedByteBuf.retain(AbstractDerivedByteBuf.java:54)
	at io.netty.channel.uring.IoUringSocketChannel$IoUringSocketUnsafe.handleWriteCompleteZeroCopy(IoUringSocketChannel.java:220)
	at io.netty.channel.uring.IoUringSocketChannel$IoUringSocketUnsafe.writeComplete0(IoUringSocketChannel.java:186)
	at io.netty.channel.uring.AbstractIoUringChannel$AbstractUringUnsafe.writeComplete(AbstractIoUringChannel.java:1003)
	at io.netty.channel.uring.AbstractIoUringChannel$AbstractUringUnsafe.handle(AbstractIoUringChannel.java:474)
	at io.netty.channel.uring.IoUringIoHandler$DefaultIoUringIoRegistration.handle(IoUringIoHandler.java:705)
	at io.netty.channel.uring.IoUringIoHandler.handleFastPath(IoUringIoHandler.java:318)
	at io.netty.channel.uring.IoUringIoHandler.handle(IoUringIoHandler.java:298)
	at io.netty.channel.uring.CompletionQueue.process(CompletionQueue.java:151)
	at io.netty.channel.uring.IoUringIoHandler.processCompletionsAndHandleOverflow(IoUringIoHandler.java:213)
	at io.netty.channel.uring.IoUringIoHandler.run(IoUringIoHandler.java:188)
	at io.netty.channel.SingleThreadIoEventLoop.runIo(SingleThreadIoEventLoop.java:225)
	at io.netty.channel.SingleThreadIoEventLoop.run(SingleThreadIoEventLoop.java:196)
	at io.netty.util.concurrent.SingleThreadEventExecutor$5.run(SingleThreadEventExecutor.java:1204)
	at io.netty.util.internal.ThreadExecutorMap$2.run(ThreadExecutorMap.java:74)
	at io.netty.util.concurrent.FastThreadLocalRunnable.run(FastThreadLocalRunnable.java:30)
	at java.base/java.lang.Thread.run(Thread.java:1583)
07:12:23.565 [multiThreadIoEventLoopGroup-4-4] WARN  i.n.channel.uring.IoUringIoHandler - Unexpected exception in the IO event loop.
java.lang.IllegalStateException: arena buffer of Thread[#28,multiThreadIoEventLoopGroup-3-3,10,main] touched from Thread[#33,multiThreadIoEventLoopGroup-4-4,10,main] (event-loop arena buffers are thread confined)
	at io.netty.buffer.CycleArenaAllocator$ArenaBuf.violation(CycleArenaAllocator.java:1448)
	at io.netty.buffer.CycleArenaAllocator$ArenaBuf.retain(CycleArenaAllocator.java:1351)
	at io.netty.buffer.AbstractDerivedByteBuf.retain0(AbstractDerivedByteBuf.java:58)
	at io.netty.buffer.AbstractDerivedByteBuf.retain(AbstractDerivedByteBuf.java:54)
	at io.netty.channel.uring.IoUringSocketChannel$IoUringSocketUnsafe.handleWriteCompleteZeroCopy(IoUringSocketChannel.java:220)
	at io.netty.channel.uring.IoUringSocketChannel$IoUringSocketUnsafe.writeComplete0(IoUringSocketChannel.java:186)
	at io.netty.channel.uring.AbstractIoUringChannel$AbstractUringUnsafe.writeComplete(AbstractIoUringChannel.java:1003)
	at io.netty.channel.uring.AbstractIoUringChannel$AbstractUringUnsafe.handle(AbstractIoUringChannel.java:474)
	at io.netty.channel.uring.IoUringIoHandler$DefaultIoUringIoRegistration.handle(IoUringIoHandler.java:705)
	at io.netty.channel.uring.IoUringIoHandler.handleFastPath(IoUringIoHandler.java:318)
	at io.netty.channel.uring.IoUringIoHandler.handle(IoUringIoHandler.java:298)
	at io.netty.channel.uring.CompletionQueue.process(CompletionQueue.java:151)
	at io.netty.channel.uring.IoUringIoHandler.processCompletionsAndHandleOverflow(IoUringIoHandler.java:213)
	at io.netty.channel.uring.IoUringIoHandler.run(IoUringIoHandler.java:188)
	at io.netty.channel.SingleThreadIoEventLoop.runIo(SingleThreadIoEventLoop.java:225)
	at io.netty.channel.SingleThreadIoEventLoop.run(SingleThreadIoEventLoop.java:196)
	at io.netty.util.concurrent.SingleThreadEventExecutor$5.run(SingleThreadEventExecutor.java:1204)
	at io.netty.util.internal.ThreadExecutorMap$2.run(ThreadExecutorMap.java:74)
	at io.netty.util.concurrent.FastThreadLocalRunnable.run(FastThreadLocalRunnable.java:30)
	at java.base/java.lang.Thread.run(Thread.java:1583)
07:12:23.674 [multiThreadIoEventLoopGroup-4-1] WARN  i.n.channel.uring.IoUringIoHandler - Unexpected exception in the IO event loop.
java.lang.IllegalStateException: arena buffer of Thread[#26,multiThreadIoEventLoopGroup-3-1,10,main] touched from Thread[#30,multiThreadIoEventLoopGroup-4-1,10,main] (event-loop arena buffers are thread confined)
	at io.netty.buffer.CycleArenaAllocator$ArenaBuf.violation(CycleArenaAllocator.java:1448)
	at io.netty.buffer.CycleArenaAllocator$ArenaBuf.retain(CycleArenaAllocator.java:1351)
	at io.netty.buffer.AbstractDerivedByteBuf.retain0(AbstractDerivedByteBuf.java:58)
	at io.netty.buffer.AbstractDerivedByteBuf.retain(AbstractDerivedByteBuf.java:54)
	at io.netty.channel.uring.IoUringSocketChannel$IoUringSocketUnsafe.handleWriteCompleteZeroCopy(IoUringSocketChannel.java:220)
	at io.netty.channel.uring.IoUringSocketChannel$IoUringSocketUnsafe.writeComplete0(IoUringSocketChannel.java:186)
	at io.netty.channel.uring.AbstractIoUringChannel$AbstractUringUnsafe.writeComplete(AbstractIoUringChannel.java:1003)
	at io.netty.channel.uring.AbstractIoUringChannel$AbstractUringUnsafe.handle(AbstractIoUringChannel.java:474)
	at io.netty.channel.uring.IoUringIoHandler$DefaultIoUringIoRegistration.handle(IoUringIoHandler.java:705)
	at io.netty.channel.uring.IoUringIoHandler.handleFastPath(IoUringIoHandler.java:318)
	at io.netty.channel.uring.IoUringIoHandler.handle(IoUringIoHandler.java:298)
	at io.netty.channel.uring.CompletionQueue.process(CompletionQueue.java:151)
	at io.netty.channel.uring.IoUringIoHandler.processCompletionsAndHandleOverflow(IoUringIoHandler.java:213)
	at io.netty.channel.uring.IoUringIoHandler.run(IoUringIoHandler.java:188)
	at io.netty.channel.SingleThreadIoEventLoop.runIo(SingleThreadIoEventLoop.java:225)
	at io.netty.channel.SingleThreadIoEventLoop.run(SingleThreadIoEventLoop.java:196)
	at io.netty.util.concurrent.SingleThreadEventExecutor$5.run(SingleThreadEventExecutor.java:1204)
	at io.netty.util.internal.ThreadExecutorMap$2.run(ThreadExecutorMap.java:74)
	at io.netty.util.concurrent.FastThreadLocalRunnable.run(FastThreadLocalRunnable.java:30)
	at java.base/java.lang.Thread.run(Thread.java:1583)
07:12:23.676 [multiThreadIoEventLoopGroup-4-3] WARN  i.n.channel.uring.IoUringIoHandler - Unexpected exception in the IO event loop.
java.lang.IllegalStateException: arena buffer of Thread[#28,multiThreadIoEventLoopGroup-3-3,10,main] touched from Thread[#32,multiThreadIoEventLoopGroup-4-3,10,main] (event-loop arena buffers are thread confined)
	at io.netty.buffer.CycleArenaAllocator$ArenaBuf.violation(CycleArenaAllocator.java:1448)
	at io.netty.buffer.CycleArenaAllocator$ArenaBuf.retain(CycleArenaAllocator.java:1351)
	at io.netty.buffer.AbstractDerivedByteBuf.retain0(AbstractDerivedByteBuf.java:58)
	at io.netty.buffer.AbstractDerivedByteBuf.retain(AbstractDerivedByteBuf.java:54)
	at io.netty.channel.uring.IoUringSocketChannel$IoUringSocketUnsafe.handleWriteCompleteZeroCopy(IoUringSocketChannel.java:220)
	at io.netty.channel.uring.IoUringSocketChannel$IoUringSocketUnsafe.writeComplete0(IoUringSocketChannel.java:186)
	at io.netty.channel.uring.AbstractIoUringChannel$AbstractUringUnsafe.writeComplete(AbstractIoUringChannel.java:1003)
	at io.netty.channel.uring.AbstractIoUringChannel$AbstractUringUnsafe.handle(AbstractIoUringChannel.java:474)
	at io.netty.channel.uring.IoUringIoHandler$DefaultIoUringIoRegistration.handle(IoUringIoHandler.java:705)
	at io.netty.channel.uring.IoUringIoHandler.handleFastPath(IoUringIoHandler.java:318)
	at io.netty.channel.uring.IoUringIoHandler.handle(IoUringIoHandler.java:298)
	at io.netty.channel.uring.CompletionQueue.process(CompletionQueue.java:151)
	at io.netty.channel.uring.IoUringIoHandler.processCompletionsAndHandleOverflow(IoUringIoHandler.java:213)
	at io.netty.channel.uring.IoUringIoHandler.run(IoUringIoHandler.java:188)
	at io.netty.channel.SingleThreadIoEventLoop.runIo(SingleThreadIoEventLoop.java:225)
	at io.netty.channel.SingleThreadIoEventLoop.run(SingleThreadIoEventLoop.java:196)
	at io.netty.util.concurrent.SingleThreadEventExecutor$5.run(SingleThreadEventExecutor.java:1204)
	at io.netty.util.internal.ThreadExecutorMap$2.run(ThreadExecutorMap.java:74)
	at io.netty.util.concurrent.FastThreadLocalRunnable.run(FastThreadLocalRunnable.java:30)
	at java.base/java.lang.Thread.run(Thread.java:1583)
07:12:23.677 [multiThreadIoEventLoopGroup-4-2] WARN  io.netty.util.ReferenceCountUtil - Failed to release a message: UnpooledSlicedByteBuf(ridx: 0, widx: 3601, cap: 3601/3601, unwrapped: CycleArenaAllocator$ArenaBuf(ridx: 0, widx: 8192, cap: 8192))
java.lang.IllegalStateException: arena buffer of Thread[#29,multiThreadIoEventLoopGroup-3-4,10,main] touched from Thread[#31,multiThreadIoEventLoopGroup-4-2,10,main] (event-loop arena buffers are thread confined)
	at io.netty.buffer.CycleArenaAllocator$ArenaBuf.violation(CycleArenaAllocator.java:1448)
	at io.netty.buffer.CycleArenaAllocator$ArenaBuf.release(CycleArenaAllocator.java:1377)
	at io.netty.buffer.AbstractDerivedByteBuf.release0(AbstractDerivedByteBuf.java:98)
	at io.netty.buffer.AbstractDerivedByteBuf.release(AbstractDerivedByteBuf.java:94)
	at io.netty.util.ReferenceCountUtil.release(ReferenceCountUtil.java:90)
	at io.netty.util.ReferenceCountUtil.safeRelease(ReferenceCountUtil.java:116)
	at io.netty.channel.ChannelOutboundBuffer.remove(ChannelOutboundBuffer.java:300)
	at io.netty.channel.ChannelOutboundBuffer.removeBytes(ChannelOutboundBuffer.java:382)
	at io.netty.channel.uring.AbstractIoUringStreamChannel$IoUringStreamUnsafe.writeComplete0(AbstractIoUringStreamChannel.java:692)
	at io.netty.channel.uring.IoUringSocketChannel$IoUringSocketUnsafe.writeComplete0(IoUringSocketChannel.java:188)
	at io.netty.channel.uring.AbstractIoUringChannel$AbstractUringUnsafe.writeComplete(AbstractIoUringChannel.java:1003)
	at io.netty.channel.uring.AbstractIoUringChannel$AbstractUringUnsafe.handle(AbstractIoUringChannel.java:474)
	at io.netty.channel.uring.IoUringIoHandler$DefaultIoUringIoRegistration.handle(IoUringIoHandler.java:705)
	at io.netty.channel.uring.IoUringIoHandler.handleFastPath(IoUringIoHandler.java:318)
	at io.netty.channel.uring.IoUringIoHandler.handle(IoUringIoHandler.java:298)
	at io.netty.channel.uring.CompletionQueue.process(CompletionQueue.java:151)
	at io.netty.channel.uring.IoUringIoHandler.processCompletionsAndHandleOverflow(IoUringIoHandler.java:213)
	at io.netty.channel.uring.IoUringIoHandler.run(IoUringIoHandler.java:188)
	at io.netty.channel.SingleThreadIoEventLoop.runIo(SingleThreadIoEventLoop.java:225)
	at io.netty.channel.SingleThreadIoEventLoop.run(SingleThreadIoEventLoop.java:196)
	at io.netty.util.concurrent.SingleThreadEventExecutor$5.run(SingleThreadEventExecutor.java:1204)
	at io.netty.util.internal.ThreadExecutorMap$2.run(ThreadExecutorMap.java:74)
	at io.netty.util.concurrent.FastThreadLocalRunnable.run(FastThreadLocalRunnable.java:30)
	at java.base/java.lang.Thread.run(Thread.java:1583)
07:12:23.677 [multiThreadIoEventLoopGroup-4-2] WARN  io.netty.util.ReferenceCountUtil - Failed to release a message: UnpooledSlicedByteBuf(ridx: 0, widx: 3007, cap: 3007/3007, unwrapped: CycleArenaAllocator$ArenaBuf(ridx: 0, widx: 8192, cap: 8192))
java.lang.IllegalStateException: arena buffer of Thread[#28,multiThreadIoEventLoopGroup-3-3,10,main] touched from Thread[#31,multiThreadIoEventLoopGroup-4-2,10,main] (event-loop arena buffers are thread confined)
	at io.netty.buffer.CycleArenaAllocator$ArenaBuf.violation(CycleArenaAllocator.java:1448)
	at io.netty.buffer.CycleArenaAllocator$ArenaBuf.release(CycleArenaAllocator.java:1377)
	at io.netty.buffer.AbstractDerivedByteBuf.release0(AbstractDerivedByteBuf.java:98)
	at io.netty.buffer.AbstractDerivedByteBuf.release(AbstractDerivedByteBuf.java:94)
	at io.netty.util.ReferenceCountUtil.release(ReferenceCountUtil.java:90)
	at io.netty.util.ReferenceCountUtil.safeRelease(ReferenceCountUtil.java:116)
	at io.netty.channel.ChannelOutboundBuffer.remove(ChannelOutboundBuffer.java:300)
	at io.netty.channel.ChannelOutboundBuffer.removeBytes(ChannelOutboundBuffer.java:382)
	at io.netty.channel.uring.AbstractIoUringStreamChannel$IoUringStreamUnsafe.writeComplete0(AbstractIoUringStreamChannel.java:692)
	at io.netty.channel.uring.IoUringSocketChannel$IoUringSocketUnsafe.writeComplete0(IoUringSocketChannel.java:188)
	at io.netty.channel.uring.AbstractIoUringChannel$AbstractUringUnsafe.writeComplete(AbstractIoUringChannel.java:1003)
	at io.netty.channel.uring.AbstractIoUringChannel$AbstractUringUnsafe.handle(AbstractIoUringChannel.java:474)
	at io.netty.channel.uring.IoUringIoHandler$DefaultIoUringIoRegistration.handle(IoUringIoHandler.java:705)
	at io.netty.channel.uring.IoUringIoHandler.handleFastPath(IoUringIoHandler.java:318)
	at io.netty.channel.uring.IoUringIoHandler.handle(IoUringIoHandler.java:298)
	at io.netty.channel.uring.CompletionQueue.process(CompletionQueue.java:151)
	at io.netty.channel.uring.IoUringIoHandler.processCompletionsAndHandleOverflow(IoUringIoHandler.java:213)
	at io.netty.channel.uring.IoUringIoHandler.run(IoUringIoHandler.java:188)
	at io.netty.channel.SingleThreadIoEventLoop.runIo(SingleThreadIoEventLoop.java:225)
	at io.netty.channel.SingleThreadIoEventLoop.run(SingleThreadIoEventLoop.java:196)
	at io.netty.util.concurrent.SingleThreadEventExecutor$5.run(SingleThreadEventExecutor.java:1204)
	at io.netty.util.internal.ThreadExecutorMap$2.run(ThreadExecutorMap.java:74)
	at io.netty.util.concurrent.FastThreadLocalRunnable.run(FastThreadLocalRunnable.java:30)
	at java.base/java.lang.Thread.run(Thread.java:1583)
07:12:23.677 [multiThreadIoEventLoopGroup-4-2] WARN  i.n.channel.uring.IoUringIoHandler - Unexpected exception in the IO event loop.
java.lang.IllegalStateException: arena buffer of Thread[#28,multiThreadIoEventLoopGroup-3-3,10,main] touched from Thread[#31,multiThreadIoEventLoopGroup-4-2,10,main] (event-loop arena buffers are thread confined)
	at io.netty.buffer.CycleArenaAllocator$ArenaBuf.violation(CycleArenaAllocator.java:1448)
	at io.netty.buffer.CycleArenaAllocator$ArenaBuf.retain(CycleArenaAllocator.java:1351)
	at io.netty.buffer.AbstractDerivedByteBuf.retain0(AbstractDerivedByteBuf.java:58)
	at io.netty.buffer.AbstractDerivedByteBuf.retain(AbstractDerivedByteBuf.java:54)
	at io.netty.channel.uring.IoUringSocketChannel$IoUringSocketUnsafe.handleWriteCompleteZeroCopy(IoUringSocketChannel.java:220)
	at io.netty.channel.uring.IoUringSocketChannel$IoUringSocketUnsafe.writeComplete0(IoUringSocketChannel.java:186)
	at io.netty.channel.uring.AbstractIoUringChannel$AbstractUringUnsafe.writeComplete(AbstractIoUringChannel.java:1003)
	at io.netty.channel.uring.AbstractIoUringChannel$AbstractUringUnsafe.handle(AbstractIoUringChannel.java:474)
	at io.netty.channel.uring.IoUringIoHandler$DefaultIoUringIoRegistration.handle(IoUringIoHandler.java:705)
	at io.netty.channel.uring.IoUringIoHandler.handleFastPath(IoUringIoHandler.java:318)
	at io.netty.channel.uring.IoUringIoHandler.handle(IoUringIoHandler.java:298)
	at io.netty.channel.uring.CompletionQueue.process(CompletionQueue.java:151)
	at io.netty.channel.uring.IoUringIoHandler.processCompletionsAndHandleOverflow(IoUringIoHandler.java:213)
	at io.netty.channel.uring.IoUringIoHandler.run(IoUringIoHandler.java:188)
	at io.netty.channel.SingleThreadIoEventLoop.runIo(SingleThreadIoEventLoop.java:225)
	at io.netty.channel.SingleThreadIoEventLoop.run(SingleThreadIoEventLoop.java:196)
	at io.netty.util.concurrent.SingleThreadEventExecutor$5.run(SingleThreadEventExecutor.java:1204)
	at io.netty.util.internal.ThreadExecutorMap$2.run(ThreadExecutorMap.java:74)
	at io.netty.util.concurrent.FastThreadLocalRunnable.run(FastThreadLocalRunnable.java:30)
	at java.base/java.lang.Thread.run(Thread.java:1583)
07:12:23.692 [multiThreadIoEventLoopGroup-4-4] WARN  io.netty.util.ReferenceCountUtil - Failed to release a message: UnpooledSlicedByteBuf(ridx: 0, widx: 2611, cap: 2611/2611, unwrapped: CycleArenaAllocator$ArenaBuf(ridx: 0, widx: 8192, cap: 8192))
java.lang.IllegalStateException: arena buffer of Thread[#28,multiThreadIoEventLoopGroup-3-3,10,main] touched from Thread[#33,multiThreadIoEventLoopGroup-4-4,10,main] (event-loop arena buffers are thread confined)
	at io.netty.buffer.CycleArenaAllocator$ArenaBuf.violation(CycleArenaAllocator.java:1448)
	at io.netty.buffer.CycleArenaAllocator$ArenaBuf.release(CycleArenaAllocator.java:1377)
	at io.netty.buffer.AbstractDerivedByteBuf.release0(AbstractDerivedByteBuf.java:98)
	at io.netty.buffer.AbstractDerivedByteBuf.release(AbstractDerivedByteBuf.java:94)
	at io.netty.util.ReferenceCountUtil.release(ReferenceCountUtil.java:90)
	at io.netty.util.ReferenceCountUtil.safeRelease(ReferenceCountUtil.java:116)
	at io.netty.channel.ChannelOutboundBuffer.remove(ChannelOutboundBuffer.java:300)
	at io.netty.channel.ChannelOutboundBuffer.removeBytes(ChannelOutboundBuffer.java:382)
	at io.netty.channel.uring.AbstractIoUringStreamChannel$IoUringStreamUnsafe.writeComplete0(AbstractIoUringStreamChannel.java:692)
	at io.netty.channel.uring.IoUringSocketChannel$IoUringSocketUnsafe.writeComplete0(IoUringSocketChannel.java:188)
	at io.netty.channel.uring.AbstractIoUringChannel$AbstractUringUnsafe.writeComplete(AbstractIoUringChannel.java:1003)
	at io.netty.channel.uring.AbstractIoUringChannel$AbstractUringUnsafe.handle(AbstractIoUringChannel.java:474)
	at io.netty.channel.uring.IoUringIoHandler$DefaultIoUringIoRegistration.handle(IoUringIoHandler.java:705)
	at io.netty.channel.uring.IoUringIoHandler.handleFastPath(IoUringIoHandler.java:318)
	at io.netty.channel.uring.IoUringIoHandler.handle(IoUringIoHandler.java:298)
	at io.netty.channel.uring.CompletionQueue.process(CompletionQueue.java:151)
	at io.netty.channel.uring.IoUringIoHandler.processCompletionsAndHandleOverflow(IoUringIoHandler.java:213)
	at io.netty.channel.uring.IoUringIoHandler.run(IoUringIoHandler.java:188)
	at io.netty.channel.SingleThreadIoEventLoop.runIo(SingleThreadIoEventLoop.java:225)
	at io.netty.channel.SingleThreadIoEventLoop.run(SingleThreadIoEventLoop.java:196)
	at io.netty.util.concurrent.SingleThreadEventExecutor$5.run(SingleThreadEventExecutor.java:1204)
	at io.netty.util.internal.ThreadExecutorMap$2.run(ThreadExecutorMap.java:74)
	at io.netty.util.concurrent.FastThreadLocalRunnable.run(FastThreadLocalRunnable.java:30)
	at java.base/java.lang.Thread.run(Thread.java:1583)
07:12:23.693 [multiThreadIoEventLoopGroup-4-4] WARN  i.n.channel.uring.IoUringIoHandler - Unexpected exception in the IO event loop.
java.lang.IllegalStateException: arena buffer of Thread[#28,multiThreadIoEventLoopGroup-3-3,10,main] touched from Thread[#33,multiThreadIoEventLoopGroup-4-4,10,main] (event-loop arena buffers are thread confined)
	at io.netty.buffer.CycleArenaAllocator$ArenaBuf.violation(CycleArenaAllocator.java:1448)
	at io.netty.buffer.CycleArenaAllocator$ArenaBuf.release(CycleArenaAllocator.java:1377)
	at io.netty.buffer.AbstractDerivedByteBuf.release0(AbstractDerivedByteBuf.java:98)
	at io.netty.buffer.AbstractDerivedByteBuf.release(AbstractDerivedByteBuf.java:94)
	at io.netty.channel.uring.IoUringSocketChannel$IoUringSocketUnsafe.handleWriteCompleteZeroCopy(IoUringSocketChannel.java:289)
	at io.netty.channel.uring.IoUringSocketChannel$IoUringSocketUnsafe.writeComplete0(IoUringSocketChannel.java:186)
	at io.netty.channel.uring.AbstractIoUringChannel$AbstractUringUnsafe.writeComplete(AbstractIoUringChannel.java:1003)
	at io.netty.channel.uring.AbstractIoUringChannel$AbstractUringUnsafe.handle(AbstractIoUringChannel.java:474)
	at io.netty.channel.uring.IoUringIoHandler$DefaultIoUringIoRegistration.handle(IoUringIoHandler.java:705)
	at io.netty.channel.uring.IoUringIoHandler.handleFastPath(IoUringIoHandler.java:318)
	at io.netty.channel.uring.IoUringIoHandler.handle(IoUringIoHandler.java:298)
	at io.netty.channel.uring.CompletionQueue.process(CompletionQueue.java:151)
	at io.netty.channel.uring.IoUringIoHandler.processCompletionsAndHandleOverflow(IoUringIoHandler.java:213)
	at io.netty.channel.uring.IoUringIoHandler.run(IoUringIoHandler.java:188)
	at io.netty.channel.SingleThreadIoEventLoop.runIo(SingleThreadIoEventLoop.java:225)
	at io.netty.channel.SingleThreadIoEventLoop.run(SingleThreadIoEventLoop.java:196)
	at io.netty.util.concurrent.SingleThreadEventExecutor$5.run(SingleThreadEventExecutor.java:1204)
	at io.netty.util.internal.ThreadExecutorMap$2.run(ThreadExecutorMap.java:74)
	at io.netty.util.concurrent.FastThreadLocalRunnable.run(FastThreadLocalRunnable.java:30)
	at java.base/java.lang.Thread.run(Thread.java:1583)
07:12:23.775 [multiThreadIoEventLoopGroup-4-1] WARN  i.n.channel.uring.IoUringIoHandler - Unexpected exception in the IO event loop.
java.lang.IllegalStateException: arena buffer of Thread[#27,multiThreadIoEventLoopGroup-3-2,10,main] touched from Thread[#30,multiThreadIoEventLoopGroup-4-1,10,main] (event-loop arena buffers are thread confined)
	at io.netty.buffer.CycleArenaAllocator$ArenaBuf.violation(CycleArenaAllocator.java:1448)
	at io.netty.buffer.CycleArenaAllocator$ArenaBuf.retain(CycleArenaAllocator.java:1351)
	at io.netty.buffer.AbstractDerivedByteBuf.retain0(AbstractDerivedByteBuf.java:58)
	at io.netty.buffer.AbstractDerivedByteBuf.retain(AbstractDerivedByteBuf.java:54)
	at io.netty.channel.uring.IoUringSocketChannel$IoUringSocketUnsafe.handleWriteCompleteZeroCopy(IoUringSocketChannel.java:220)
	at io.netty.channel.uring.IoUringSocketChannel$IoUringSocketUnsafe.writeComplete0(IoUringSocketChannel.java:186)
	at io.netty.channel.uring.AbstractIoUringChannel$AbstractUringUnsafe.writeComplete(AbstractIoUringChannel.java:1003)
	at io.netty.channel.uring.AbstractIoUringChannel$AbstractUringUnsafe.handle(AbstractIoUringChannel.java:474)
	at io.netty.channel.uring.IoUringIoHandler$DefaultIoUringIoRegistration.handle(IoUringIoHandler.java:705)
	at io.netty.channel.uring.IoUringIoHandler.handleFastPath(IoUringIoHandler.java:318)
	at io.netty.channel.uring.IoUringIoHandler.handle(IoUringIoHandler.java:298)
	at io.netty.channel.uring.CompletionQueue.process(CompletionQueue.java:151)
	at io.netty.channel.uring.IoUringIoHandler.processCompletionsAndHandleOverflow(IoUringIoHandler.java:213)
	at io.netty.channel.uring.IoUringIoHandler.run(IoUringIoHandler.java:188)
	at io.netty.channel.SingleThreadIoEventLoop.runIo(SingleThreadIoEventLoop.java:225)
	at io.netty.channel.SingleThreadIoEventLoop.run(SingleThreadIoEventLoop.java:196)
	at io.netty.util.concurrent.SingleThreadEventExecutor$5.run(SingleThreadEventExecutor.java:1204)
	at io.netty.util.internal.ThreadExecutorMap$2.run(ThreadExecutorMap.java:74)
	at io.netty.util.concurrent.FastThreadLocalRunnable.run(FastThreadLocalRunnable.java:30)
	at java.base/java.lang.Thread.run(Thread.java:1583)
07:12:23.777 [multiThreadIoEventLoopGroup-4-3] WARN  io.netty.util.ReferenceCountUtil - Failed to release a message: UnpooledSlicedByteBuf(ridx: 0, widx: 3601, cap: 3601/3601, unwrapped: CycleArenaAllocator$ArenaBuf(ridx: 0, widx: 8192, cap: 8192))
java.lang.IllegalStateException: arena buffer of Thread[#28,multiThreadIoEventLoopGroup-3-3,10,main] touched from Thread[#32,multiThreadIoEventLoopGroup-4-3,10,main] (event-loop arena buffers are thread confined)
	at io.netty.buffer.CycleArenaAllocator$ArenaBuf.violation(CycleArenaAllocator.java:1448)
	at io.netty.buffer.CycleArenaAllocator$ArenaBuf.release(CycleArenaAllocator.java:1377)
	at io.netty.buffer.AbstractDerivedByteBuf.release0(AbstractDerivedByteBuf.java:98)
	at io.netty.buffer.AbstractDerivedByteBuf.release(AbstractDerivedByteBuf.java:94)
	at io.netty.util.ReferenceCountUtil.release(ReferenceCountUtil.java:90)
	at io.netty.util.ReferenceCountUtil.safeRelease(ReferenceCountUtil.java:116)
	at io.netty.channel.ChannelOutboundBuffer.remove(ChannelOutboundBuffer.java:300)
	at io.netty.channel.ChannelOutboundBuffer.removeBytes(ChannelOutboundBuffer.java:382)
	at io.netty.channel.uring.AbstractIoUringStreamChannel$IoUringStreamUnsafe.writeComplete0(AbstractIoUringStreamChannel.java:692)
	at io.netty.channel.uring.IoUringSocketChannel$IoUringSocketUnsafe.writeComplete0(IoUringSocketChannel.java:188)
	at io.netty.channel.uring.AbstractIoUringChannel$AbstractUringUnsafe.writeComplete(AbstractIoUringChannel.java:1003)
	at io.netty.channel.uring.AbstractIoUringChannel$AbstractUringUnsafe.handle(AbstractIoUringChannel.java:474)
	at io.netty.channel.uring.IoUringIoHandler$DefaultIoUringIoRegistration.handle(IoUringIoHandler.java:705)
	at io.netty.channel.uring.IoUringIoHandler.handleFastPath(IoUringIoHandler.java:318)
	at io.netty.channel.uring.IoUringIoHandler.handle(IoUringIoHandler.java:298)
	at io.netty.channel.uring.CompletionQueue.process(CompletionQueue.java:151)
	at io.netty.channel.uring.IoUringIoHandler.processCompletionsAndHandleOverflow(IoUringIoHandler.java:213)
	at io.netty.channel.uring.IoUringIoHandler.run(IoUringIoHandler.java:188)
	at io.netty.channel.SingleThreadIoEventLoop.runIo(SingleThreadIoEventLoop.java:225)
	at io.netty.channel.SingleThreadIoEventLoop.run(SingleThreadIoEventLoop.java:196)
	at io.netty.util.concurrent.SingleThreadEventExecutor$5.run(SingleThreadEventExecutor.java:1204)
	at io.netty.util.internal.ThreadExecutorMap$2.run(ThreadExecutorMap.java:74)
	at io.netty.util.concurrent.FastThreadLocalRunnable.run(FastThreadLocalRunnable.java:30)
	at java.base/java.lang.Thread.run(Thread.java:1583)
07:12:23.777 [multiThreadIoEventLoopGroup-4-3] WARN  i.n.channel.uring.IoUringIoHandler - Unexpected exception in the IO event loop.
java.lang.IllegalStateException: arena buffer of Thread[#28,multiThreadIoEventLoopGroup-3-3,10,main] touched from Thread[#32,multiThreadIoEventLoopGroup-4-3,10,main] (event-loop arena buffers are thread confined)
	at io.netty.buffer.CycleArenaAllocator$ArenaBuf.violation(CycleArenaAllocator.java:1448)
	at io.netty.buffer.CycleArenaAllocator$ArenaBuf.retain(CycleArenaAllocator.java:1351)
	at io.netty.buffer.AbstractDerivedByteBuf.retain0(AbstractDerivedByteBuf.java:58)
	at io.netty.buffer.AbstractDerivedByteBuf.retain(AbstractDerivedByteBuf.java:54)
	at io.netty.channel.uring.IoUringSocketChannel$IoUringSocketUnsafe.handleWriteCompleteZeroCopy(IoUringSocketChannel.java:220)
	at io.netty.channel.uring.IoUringSocketChannel$IoUringSocketUnsafe.writeComplete0(IoUringSocketChannel.java:186)
	at io.netty.channel.uring.AbstractIoUringChannel$AbstractUringUnsafe.writeComplete(AbstractIoUringChannel.java:1003)
	at io.netty.channel.uring.AbstractIoUringChannel$AbstractUringUnsafe.handle(AbstractIoUringChannel.java:474)
	at io.netty.channel.uring.IoUringIoHandler$DefaultIoUringIoRegistration.handle(IoUringIoHandler.java:705)
	at io.netty.channel.uring.IoUringIoHandler.handleFastPath(IoUringIoHandler.java:318)
	at io.netty.channel.uring.IoUringIoHandler.handle(IoUringIoHandler.java:298)
	at io.netty.channel.uring.CompletionQueue.process(CompletionQueue.java:151)
	at io.netty.channel.uring.IoUringIoHandler.processCompletionsAndHandleOverflow(IoUringIoHandler.java:213)
	at io.netty.channel.uring.IoUringIoHandler.run(IoUringIoHandler.java:188)
	at io.netty.channel.SingleThreadIoEventLoop.runIo(SingleThreadIoEventLoop.java:225)
	at io.netty.channel.SingleThreadIoEventLoop.run(SingleThreadIoEventLoop.java:196)
	at io.netty.util.concurrent.SingleThreadEventExecutor$5.run(SingleThreadEventExecutor.java:1204)
	at io.netty.util.internal.ThreadExecutorMap$2.run(ThreadExecutorMap.java:74)
	at io.netty.util.concurrent.FastThreadLocalRunnable.run(FastThreadLocalRunnable.java:30)
	at java.base/java.lang.Thread.run(Thread.java:1583)
07:12:23.782 [multiThreadIoEventLoopGroup-4-2] WARN  io.netty.util.ReferenceCountUtil - Failed to release a message: UnpooledSlicedByteBuf(ridx: 0, widx: 2809, cap: 2809/2809, unwrapped: CycleArenaAllocator$ArenaBuf(ridx: 0, widx: 8192, cap: 8192))
java.lang.IllegalStateException: arena buffer of Thread[#28,multiThreadIoEventLoopGroup-3-3,10,main] touched from Thread[#31,multiThreadIoEventLoopGroup-4-2,10,main] (event-loop arena buffers are thread confined)
	at io.netty.buffer.CycleArenaAllocator$ArenaBuf.violation(CycleArenaAllocator.java:1448)
	at io.netty.buffer.CycleArenaAllocator$ArenaBuf.release(CycleArenaAllocator.java:1377)
	at io.netty.buffer.AbstractDerivedByteBuf.release0(AbstractDerivedByteBuf.java:98)
	at io.netty.buffer.AbstractDerivedByteBuf.release(AbstractDerivedByteBuf.java:94)
	at io.netty.util.ReferenceCountUtil.release(ReferenceCountUtil.java:90)
	at io.netty.util.ReferenceCountUtil.safeRelease(ReferenceCountUtil.java:116)
	at io.netty.channel.ChannelOutboundBuffer.remove(ChannelOutboundBuffer.java:300)
	at io.netty.channel.ChannelOutboundBuffer.removeBytes(ChannelOutboundBuffer.java:382)
	at io.netty.channel.uring.AbstractIoUringStreamChannel$IoUringStreamUnsafe.writeComplete0(AbstractIoUringStreamChannel.java:692)
	at io.netty.channel.uring.IoUringSocketChannel$IoUringSocketUnsafe.writeComplete0(IoUringSocketChannel.java:188)
	at io.netty.channel.uring.AbstractIoUringChannel$AbstractUringUnsafe.writeComplete(AbstractIoUringChannel.java:1003)
	at io.netty.channel.uring.AbstractIoUringChannel$AbstractUringUnsafe.handle(AbstractIoUringChannel.java:474)
	at io.netty.channel.uring.IoUringIoHandler$DefaultIoUringIoRegistration.handle(IoUringIoHandler.java:705)
	at io.netty.channel.uring.IoUringIoHandler.handleFastPath(IoUringIoHandler.java:318)
	at io.netty.channel.uring.IoUringIoHandler.handle(IoUringIoHandler.java:298)
	at io.netty.channel.uring.CompletionQueue.process(CompletionQueue.java:151)
	at io.netty.channel.uring.IoUringIoHandler.processCompletionsAndHandleOverflow(IoUringIoHandler.java:213)
	at io.netty.channel.uring.IoUringIoHandler.run(IoUringIoHandler.java:188)
	at io.netty.channel.SingleThreadIoEventLoop.runIo(SingleThreadIoEventLoop.java:225)
	at io.netty.channel.SingleThreadIoEventLoop.run(SingleThreadIoEventLoop.java:196)
	at io.netty.util.concurrent.SingleThreadEventExecutor$5.run(SingleThreadEventExecutor.java:1204)
	at io.netty.util.internal.ThreadExecutorMap$2.run(ThreadExecutorMap.java:74)
	at io.netty.util.concurrent.FastThreadLocalRunnable.run(FastThreadLocalRunnable.java:30)
	at java.base/java.lang.Thread.run(Thread.java:1583)
07:12:23.782 [multiThreadIoEventLoopGroup-4-2] WARN  i.n.channel.uring.IoUringIoHandler - Unexpected exception in the IO event loop.
java.lang.IllegalStateException: arena buffer of Thread[#29,multiThreadIoEventLoopGroup-3-4,10,main] touched from Thread[#31,multiThreadIoEventLoopGroup-4-2,10,main] (event-loop arena buffers are thread confined)
	at io.netty.buffer.CycleArenaAllocator$ArenaBuf.violation(CycleArenaAllocator.java:1448)
	at io.netty.buffer.CycleArenaAllocator$ArenaBuf.retain(CycleArenaAllocator.java:1351)
	at io.netty.buffer.AbstractDerivedByteBuf.retain0(AbstractDerivedByteBuf.java:58)
	at io.netty.buffer.AbstractDerivedByteBuf.retain(AbstractDerivedByteBuf.java:54)
	at io.netty.channel.uring.IoUringSocketChannel$IoUringSocketUnsafe.handleWriteCompleteZeroCopy(IoUringSocketChannel.java:220)
	at io.netty.channel.uring.IoUringSocketChannel$IoUringSocketUnsafe.writeComplete0(IoUringSocketChannel.java:186)
	at io.netty.channel.uring.AbstractIoUringChannel$AbstractUringUnsafe.writeComplete(AbstractIoUringChannel.java:1003)
	at io.netty.channel.uring.AbstractIoUringChannel$AbstractUringUnsafe.handle(AbstractIoUringChannel.java:474)
	at io.netty.channel.uring.IoUringIoHandler$DefaultIoUringIoRegistration.handle(IoUringIoHandler.java:705)
	at io.netty.channel.uring.IoUringIoHandler.handleFastPath(IoUringIoHandler.java:318)
	at io.netty.channel.uring.IoUringIoHandler.handle(IoUringIoHandler.java:298)
	at io.netty.channel.uring.CompletionQueue.process(CompletionQueue.java:151)
	at io.netty.channel.uring.IoUringIoHandler.processCompletionsAndHandleOverflow(IoUringIoHandler.java:213)
	at io.netty.channel.uring.IoUringIoHandler.run(IoUringIoHandler.java:188)
	at io.netty.channel.SingleThreadIoEventLoop.runIo(SingleThreadIoEventLoop.java:225)
	at io.netty.channel.SingleThreadIoEventLoop.run(SingleThreadIoEventLoop.java:196)
	at io.netty.util.concurrent.SingleThreadEventExecutor$5.run(SingleThreadEventExecutor.java:1204)
	at io.netty.util.internal.ThreadExecutorMap$2.run(ThreadExecutorMap.java:74)
	at io.netty.util.concurrent.FastThreadLocalRunnable.run(FastThreadLocalRunnable.java:30)
	at java.base/java.lang.Thread.run(Thread.java:1583)
07:12:23.796 [multiThreadIoEventLoopGroup-4-4] WARN  io.netty.util.ReferenceCountUtil - Failed to release a message: UnpooledSlicedByteBuf(ridx: 0, widx: 1584, cap: 1584/1584, unwrapped: CycleArenaAllocator$ArenaBuf(ridx: 0, widx: 1584, cap: 8192))
java.lang.IllegalStateException: arena buffer of Thread[#28,multiThreadIoEventLoopGroup-3-3,10,main] touched from Thread[#33,multiThreadIoEventLoopGroup-4-4,10,main] (event-loop arena buffers are thread confined)
	at io.netty.buffer.CycleArenaAllocator$ArenaBuf.violation(CycleArenaAllocator.java:1448)
	at io.netty.buffer.CycleArenaAllocator$ArenaBuf.release(CycleArenaAllocator.java:1377)
	at io.netty.buffer.AbstractDerivedByteBuf.release0(AbstractDerivedByteBuf.java:98)
	at io.netty.buffer.AbstractDerivedByteBuf.release(AbstractDerivedByteBuf.java:94)
	at io.netty.util.ReferenceCountUtil.release(ReferenceCountUtil.java:90)
	at io.netty.util.ReferenceCountUtil.safeRelease(ReferenceCountUtil.java:116)
	at io.netty.channel.ChannelOutboundBuffer.remove(ChannelOutboundBuffer.java:300)
	at io.netty.channel.ChannelOutboundBuffer.removeBytes(ChannelOutboundBuffer.java:382)
	at io.netty.channel.uring.AbstractIoUringStreamChannel$IoUringStreamUnsafe.writeComplete0(AbstractIoUringStreamChannel.java:692)
	at io.netty.channel.uring.IoUringSocketChannel$IoUringSocketUnsafe.writeComplete0(IoUringSocketChannel.java:188)
	at io.netty.channel.uring.AbstractIoUringChannel$AbstractUringUnsafe.writeComplete(AbstractIoUringChannel.java:1003)
	at io.netty.channel.uring.AbstractIoUringChannel$AbstractUringUnsafe.handle(AbstractIoUringChannel.java:474)
	at io.netty.channel.uring.IoUringIoHandler$DefaultIoUringIoRegistration.handle(IoUringIoHandler.java:705)
	at io.netty.channel.uring.IoUringIoHandler.handleFastPath(IoUringIoHandler.java:318)
	at io.netty.channel.uring.IoUringIoHandler.handle(IoUringIoHandler.java:298)
	at io.netty.channel.uring.CompletionQueue.process(CompletionQueue.java:151)
	at io.netty.channel.uring.IoUringIoHandler.processCompletionsAndHandleOverflow(IoUringIoHandler.java:213)
	at io.netty.channel.uring.IoUringIoHandler.run(IoUringIoHandler.java:188)
	at io.netty.channel.SingleThreadIoEventLoop.runIo(SingleThreadIoEventLoop.java:225)
	at io.netty.channel.SingleThreadIoEventLoop.run(SingleThreadIoEventLoop.java:196)
	at io.netty.util.concurrent.SingleThreadEventExecutor$5.run(SingleThreadEventExecutor.java:1204)
	at io.netty.util.internal.ThreadExecutorMap$2.run(ThreadExecutorMap.java:74)
	at io.netty.util.concurrent.FastThreadLocalRunnable.run(FastThreadLocalRunnable.java:30)
	at java.base/java.lang.Thread.run(Thread.java:1583)
07:12:23.798 [multiThreadIoEventLoopGroup-4-4] WARN  io.netty.util.ReferenceCountUtil - Failed to release a message: UnpooledSlicedByteBuf(ridx: 0, widx: 3007, cap: 3007/3007, unwrapped: CycleArenaAllocator$ArenaBuf(ridx: 0, widx: 8192, cap: 8192))
java.lang.IllegalStateException: arena buffer of Thread[#26,multiThreadIoEventLoopGroup-3-1,10,main] touched from Thread[#33,multiThreadIoEventLoopGroup-4-4,10,main] (event-loop arena buffers are thread confined)
	at io.netty.buffer.CycleArenaAllocator$ArenaBuf.violation(CycleArenaAllocator.java:1448)
	at io.netty.buffer.CycleArenaAllocator$ArenaBuf.release(CycleArenaAllocator.java:1377)
	at io.netty.buffer.AbstractDerivedByteBuf.release0(AbstractDerivedByteBuf.java:98)
	at io.netty.buffer.AbstractDerivedByteBuf.release(AbstractDerivedByteBuf.java:94)
	at io.netty.util.ReferenceCountUtil.release(ReferenceCountUtil.java:90)
	at io.netty.util.ReferenceCountUtil.safeRelease(ReferenceCountUtil.java:116)
	at io.netty.channel.ChannelOutboundBuffer.remove(ChannelOutboundBuffer.java:300)
	at io.netty.channel.ChannelOutboundBuffer.removeBytes(ChannelOutboundBuffer.java:382)
	at io.netty.channel.uring.AbstractIoUringStreamChannel$IoUringStreamUnsafe.writeComplete0(AbstractIoUringStreamChannel.java:692)
	at io.netty.channel.uring.IoUringSocketChannel$IoUringSocketUnsafe.writeComplete0(IoUringSocketChannel.java:188)
	at io.netty.channel.uring.AbstractIoUringChannel$AbstractUringUnsafe.writeComplete(AbstractIoUringChannel.java:1003)
	at io.netty.channel.uring.AbstractIoUringChannel$AbstractUringUnsafe.handle(AbstractIoUringChannel.java:474)
	at io.netty.channel.uring.IoUringIoHandler$DefaultIoUringIoRegistration.handle(IoUringIoHandler.java:705)
	at io.netty.channel.uring.IoUringIoHandler.handleFastPath(IoUringIoHandler.java:318)
	at io.netty.channel.uring.IoUringIoHandler.handle(IoUringIoHandler.java:298)
	at io.netty.channel.uring.CompletionQueue.process(CompletionQueue.java:151)
	at io.netty.channel.uring.IoUringIoHandler.processCompletionsAndHandleOverflow(IoUringIoHandler.java:213)
	at io.netty.channel.uring.IoUringIoHandler.run(IoUringIoHandler.java:188)
	at io.netty.channel.SingleThreadIoEventLoop.runIo(SingleThreadIoEventLoop.java:225)
	at io.netty.channel.SingleThreadIoEventLoop.run(SingleThreadIoEventLoop.java:196)
	at io.netty.util.concurrent.SingleThreadEventExecutor$5.run(SingleThreadEventExecutor.java:1204)
	at io.netty.util.internal.ThreadExecutorMap$2.run(ThreadExecutorMap.java:74)
	at io.netty.util.concurrent.FastThreadLocalRunnable.run(FastThreadLocalRunnable.java:30)
	at java.base/java.lang.Thread.run(Thread.java:1583)
07:12:23.798 [multiThreadIoEventLoopGroup-4-4] WARN  i.n.channel.uring.IoUringIoHandler - Unexpected exception in the IO event loop.
java.lang.IllegalStateException: arena buffer of Thread[#26,multiThreadIoEventLoopGroup-3-1,10,main] touched from Thread[#33,multiThreadIoEventLoopGroup-4-4,10,main] (event-loop arena buffers are thread confined)
	at io.netty.buffer.CycleArenaAllocator$ArenaBuf.violation(CycleArenaAllocator.java:1448)
	at io.netty.buffer.CycleArenaAllocator$ArenaBuf.retain(CycleArenaAllocator.java:1351)
	at io.netty.buffer.AbstractDerivedByteBuf.retain0(AbstractDerivedByteBuf.java:58)
	at io.netty.buffer.AbstractDerivedByteBuf.retain(AbstractDerivedByteBuf.java:54)
	at io.netty.channel.uring.IoUringSocketChannel$IoUringSocketUnsafe.handleWriteCompleteZeroCopy(IoUringSocketChannel.java:220)
	at io.netty.channel.uring.IoUringSocketChannel$IoUringSocketUnsafe.writeComplete0(IoUringSocketChannel.java:186)
	at io.netty.channel.uring.AbstractIoUringChannel$AbstractUringUnsafe.writeComplete(AbstractIoUringChannel.java:1003)
	at io.netty.channel.uring.AbstractIoUringChannel$AbstractUringUnsafe.handle(AbstractIoUringChannel.java:474)
	at io.netty.channel.uring.IoUringIoHandler$DefaultIoUringIoRegistration.handle(IoUringIoHandler.java:705)
	at io.netty.channel.uring.IoUringIoHandler.handleFastPath(IoUringIoHandler.java:318)
	at io.netty.channel.uring.IoUringIoHandler.handle(IoUringIoHandler.java:298)
	at io.netty.channel.uring.CompletionQueue.process(CompletionQueue.java:151)
	at io.netty.channel.uring.IoUringIoHandler.processCompletionsAndHandleOverflow(IoUringIoHandler.java:213)
	at io.netty.channel.uring.IoUringIoHandler.run(IoUringIoHandler.java:188)
	at io.netty.channel.SingleThreadIoEventLoop.runIo(SingleThreadIoEventLoop.java:225)
	at io.netty.channel.SingleThreadIoEventLoop.run(SingleThreadIoEventLoop.java:196)
	at io.netty.util.concurrent.SingleThreadEventExecutor$5.run(SingleThreadEventExecutor.java:1204)
	at io.netty.util.internal.ThreadExecutorMap$2.run(ThreadExecutorMap.java:74)
	at io.netty.util.concurrent.FastThreadLocalRunnable.run(FastThreadLocalRunnable.java:30)
	at java.base/java.lang.Thread.run(Thread.java:1583)
07:12:23.799 [multiThreadIoEventLoopGroup-3-3] WARN  i.n.channel.uring.IoUringIoHandler - Unexpected exception in the IO event loop.
java.lang.IllegalStateException: arena buffer of Thread[#33,multiThreadIoEventLoopGroup-4-4,10,main] touched from Thread[#28,multiThreadIoEventLoopGroup-3-3,10,main] (event-loop arena buffers are thread confined)
	at io.netty.buffer.CycleArenaAllocator$ArenaBuf.violation(CycleArenaAllocator.java:1448)
	at io.netty.buffer.CycleArenaAllocator$ArenaBuf.retain(CycleArenaAllocator.java:1351)
	at io.netty.buffer.AbstractDerivedByteBuf.retain0(AbstractDerivedByteBuf.java:58)
	at io.netty.buffer.AbstractDerivedByteBuf.retain(AbstractDerivedByteBuf.java:54)
	at io.netty.channel.uring.IoUringSocketChannel$IoUringSocketUnsafe.handleWriteCompleteZeroCopy(IoUringSocketChannel.java:220)
	at io.netty.channel.uring.IoUringSocketChannel$IoUringSocketUnsafe.writeComplete0(IoUringSocketChannel.java:186)
	at io.netty.channel.uring.AbstractIoUringChannel$AbstractUringUnsafe.writeComplete(AbstractIoUringChannel.java:1003)
	at io.netty.channel.uring.AbstractIoUringChannel$AbstractUringUnsafe.handle(AbstractIoUringChannel.java:474)
	at io.netty.channel.uring.IoUringIoHandler$DefaultIoUringIoRegistration.handle(IoUringIoHandler.java:705)
	at io.netty.channel.uring.IoUringIoHandler.handleFastPath(IoUringIoHandler.java:318)
	at io.netty.channel.uring.IoUringIoHandler.handle(IoUringIoHandler.java:298)
	at io.netty.channel.uring.CompletionQueue.process(CompletionQueue.java:151)
	at io.netty.channel.uring.IoUringIoHandler.processCompletionsAndHandleOverflow(IoUringIoHandler.java:213)
	at io.netty.channel.uring.IoUringIoHandler.run(IoUringIoHandler.java:188)
	at io.netty.channel.SingleThreadIoEventLoop.runIo(SingleThreadIoEventLoop.java:225)
	at io.netty.channel.SingleThreadIoEventLoop.run(SingleThreadIoEventLoop.java:196)
	at io.netty.util.concurrent.SingleThreadEventExecutor$5.run(SingleThreadEventExecutor.java:1204)
	at io.netty.util.internal.ThreadExecutorMap$2.run(ThreadExecutorMap.java:74)
	at io.netty.util.concurrent.FastThreadLocalRunnable.run(FastThreadLocalRunnable.java:30)
	at java.base/java.lang.Thread.run(Thread.java:1583)
07:12:23.876 [multiThreadIoEventLoopGroup-4-1] WARN  i.n.channel.uring.IoUringIoHandler - Unexpected exception in the IO event loop.
java.lang.IllegalStateException: arena buffer of Thread[#28,multiThreadIoEventLoopGroup-3-3,10,main] touched from Thread[#30,multiThreadIoEventLoopGroup-4-1,10,main] (event-loop arena buffers are thread confined)
	at io.netty.buffer.CycleArenaAllocator$ArenaBuf.violation(CycleArenaAllocator.java:1448)
	at io.netty.buffer.CycleArenaAllocator$ArenaBuf.retain(CycleArenaAllocator.java:1351)
	at io.netty.buffer.AbstractDerivedByteBuf.retain0(AbstractDerivedByteBuf.java:58)
	at io.netty.buffer.AbstractDerivedByteBuf.retain(AbstractDerivedByteBuf.java:54)
	at io.netty.channel.uring.IoUringSocketChannel$IoUringSocketUnsafe.handleWriteCompleteZeroCopy(IoUringSocketChannel.java:220)
	at io.netty.channel.uring.IoUringSocketChannel$IoUringSocketUnsafe.writeComplete0(IoUringSocketChannel.java:186)
	at io.netty.channel.uring.AbstractIoUringChannel$AbstractUringUnsafe.writeComplete(AbstractIoUringChannel.java:1003)
	at io.netty.channel.uring.AbstractIoUringChannel$AbstractUringUnsafe.handle(AbstractIoUringChannel.java:474)
	at io.netty.channel.uring.IoUringIoHandler$DefaultIoUringIoRegistration.handle(IoUringIoHandler.java:705)
	at io.netty.channel.uring.IoUringIoHandler.handleFastPath(IoUringIoHandler.java:318)
	at io.netty.channel.uring.IoUringIoHandler.handle(IoUringIoHandler.java:298)
	at io.netty.channel.uring.CompletionQueue.process(CompletionQueue.java:151)
	at io.netty.channel.uring.IoUringIoHandler.processCompletionsAndHandleOverflow(IoUringIoHandler.java:213)
	at io.netty.channel.uring.IoUringIoHandler.run(IoUringIoHandler.java:188)
	at io.netty.channel.SingleThreadIoEventLoop.runIo(SingleThreadIoEventLoop.java:225)
	at io.netty.channel.SingleThreadIoEventLoop.run(SingleThreadIoEventLoop.java:196)
	at io.netty.util.concurrent.SingleThreadEventExecutor$5.run(SingleThreadEventExecutor.java:1204)
	at io.netty.util.internal.ThreadExecutorMap$2.run(ThreadExecutorMap.java:74)
	at io.netty.util.concurrent.FastThreadLocalRunnable.run(FastThreadLocalRunnable.java:30)
	at java.base/java.lang.Thread.run(Thread.java:1583)
07:12:23.877 [multiThreadIoEventLoopGroup-4-3] WARN  io.netty.util.ReferenceCountUtil - Failed to release a message: UnpooledSlicedByteBuf(ridx: 0, widx: 3403, cap: 3403/3403, unwrapped: CycleArenaAllocator$ArenaBuf(ridx: 0, widx: 8192, cap: 8192))
java.lang.IllegalStateException: arena buffer of Thread[#28,multiThreadIoEventLoopGroup-3-3,10,main] touched from Thread[#32,multiThreadIoEventLoopGroup-4-3,10,main] (event-loop arena buffers are thread confined)
	at io.netty.buffer.CycleArenaAllocator$ArenaBuf.violation(CycleArenaAllocator.java:1448)
	at io.netty.buffer.CycleArenaAllocator$ArenaBuf.release(CycleArenaAllocator.java:1377)
	at io.netty.buffer.AbstractDerivedByteBuf.release0(AbstractDerivedByteBuf.java:98)
	at io.netty.buffer.AbstractDerivedByteBuf.release(AbstractDerivedByteBuf.java:94)
	at io.netty.util.ReferenceCountUtil.release(ReferenceCountUtil.java:90)
	at io.netty.util.ReferenceCountUtil.safeRelease(ReferenceCountUtil.java:116)
	at io.netty.channel.ChannelOutboundBuffer.remove(ChannelOutboundBuffer.java:300)
	at io.netty.channel.ChannelOutboundBuffer.removeBytes(ChannelOutboundBuffer.java:382)
	at io.netty.channel.uring.AbstractIoUringStreamChannel$IoUringStreamUnsafe.writeComplete0(AbstractIoUringStreamChannel.java:692)
	at io.netty.channel.uring.IoUringSocketChannel$IoUringSocketUnsafe.writeComplete0(IoUringSocketChannel.java:188)
	at io.netty.channel.uring.AbstractIoUringChannel$AbstractUringUnsafe.writeComplete(AbstractIoUringChannel.java:1003)
	at io.netty.channel.uring.AbstractIoUringChannel$AbstractUringUnsafe.handle(AbstractIoUringChannel.java:474)
	at io.netty.channel.uring.IoUringIoHandler$DefaultIoUringIoRegistration.handle(IoUringIoHandler.java:705)
	at io.netty.channel.uring.IoUringIoHandler.handleFastPath(IoUringIoHandler.java:318)
	at io.netty.channel.uring.IoUringIoHandler.handle(IoUringIoHandler.java:298)
	at io.netty.channel.uring.CompletionQueue.process(CompletionQueue.java:151)
	at io.netty.channel.uring.IoUringIoHandler.processCompletionsAndHandleOverflow(IoUringIoHandler.java:213)
	at io.netty.channel.uring.IoUringIoHandler.run(IoUringIoHandler.java:188)
	at io.netty.channel.SingleThreadIoEventLoop.runIo(SingleThreadIoEventLoop.java:225)
	at io.netty.channel.SingleThreadIoEventLoop.run(SingleThreadIoEventLoop.java:196)
	at io.netty.util.concurrent.SingleThreadEventExecutor$5.run(SingleThreadEventExecutor.java:1204)
	at io.netty.util.internal.ThreadExecutorMap$2.run(ThreadExecutorMap.java:74)
	at io.netty.util.concurrent.FastThreadLocalRunnable.run(FastThreadLocalRunnable.java:30)
	at java.base/java.lang.Thread.run(Thread.java:1583)
07:12:23.878 [multiThreadIoEventLoopGroup-4-3] WARN  i.n.channel.uring.IoUringIoHandler - Unexpected exception in the IO event loop.
java.lang.IllegalStateException: arena buffer of Thread[#28,multiThreadIoEventLoopGroup-3-3,10,main] touched from Thread[#32,multiThreadIoEventLoopGroup-4-3,10,main] (event-loop arena buffers are thread confined)
	at io.netty.buffer.CycleArenaAllocator$ArenaBuf.violation(CycleArenaAllocator.java:1448)
	at io.netty.buffer.CycleArenaAllocator$ArenaBuf.retain(CycleArenaAllocator.java:1351)
	at io.netty.buffer.AbstractDerivedByteBuf.retain0(AbstractDerivedByteBuf.java:58)
	at io.netty.buffer.AbstractDerivedByteBuf.retain(AbstractDerivedByteBuf.java:54)
	at io.netty.channel.uring.IoUringSocketChannel$IoUringSocketUnsafe.handleWriteCompleteZeroCopy(IoUringSocketChannel.java:220)
	at io.netty.channel.uring.IoUringSocketChannel$IoUringSocketUnsafe.writeComplete0(IoUringSocketChannel.java:186)
	at io.netty.channel.uring.AbstractIoUringChannel$AbstractUringUnsafe.writeComplete(AbstractIoUringChannel.java:1003)
	at io.netty.channel.uring.AbstractIoUringChannel$AbstractUringUnsafe.handle(AbstractIoUringChannel.java:474)
	at io.netty.channel.uring.IoUringIoHandler$DefaultIoUringIoRegistration.handle(IoUringIoHandler.java:705)
	at io.netty.channel.uring.IoUringIoHandler.handleFastPath(IoUringIoHandler.java:318)
	at io.netty.channel.uring.IoUringIoHandler.handle(IoUringIoHandler.java:298)
	at io.netty.channel.uring.CompletionQueue.process(CompletionQueue.java:151)
	at io.netty.channel.uring.IoUringIoHandler.processCompletionsAndHandleOverflow(IoUringIoHandler.java:213)
	at io.netty.channel.uring.IoUringIoHandler.run(IoUringIoHandler.java:188)
	at io.netty.channel.SingleThreadIoEventLoop.runIo(SingleThreadIoEventLoop.java:225)
	at io.netty.channel.SingleThreadIoEventLoop.run(SingleThreadIoEventLoop.java:196)
	at io.netty.util.concurrent.SingleThreadEventExecutor$5.run(SingleThreadEventExecutor.java:1204)
	at io.netty.util.internal.ThreadExecutorMap$2.run(ThreadExecutorMap.java:74)
	at io.netty.util.concurrent.FastThreadLocalRunnable.run(FastThreadLocalRunnable.java:30)
	at java.base/java.lang.Thread.run(Thread.java:1583)
07:12:23.883 [multiThreadIoEventLoopGroup-4-2] WARN  io.netty.util.ReferenceCountUtil - Failed to release a message: UnpooledSlicedByteBuf(ridx: 0, widx: 3403, cap: 3403/3403, unwrapped: CycleArenaAllocator$ArenaBuf(ridx: 0, widx: 8192, cap: 8192))
java.lang.IllegalStateException: arena buffer of Thread[#29,multiThreadIoEventLoopGroup-3-4,10,main] touched from Thread[#31,multiThreadIoEventLoopGroup-4-2,10,main] (event-loop arena buffers are thread confined)
	at io.netty.buffer.CycleArenaAllocator$ArenaBuf.violation(CycleArenaAllocator.java:1448)
	at io.netty.buffer.CycleArenaAllocator$ArenaBuf.release(CycleArenaAllocator.java:1377)
	at io.netty.buffer.AbstractDerivedByteBuf.release0(AbstractDerivedByteBuf.java:98)
	at io.netty.buffer.AbstractDerivedByteBuf.release(AbstractDerivedByteBuf.java:94)
	at io.netty.util.ReferenceCountUtil.release(ReferenceCountUtil.java:90)
	at io.netty.util.ReferenceCountUtil.safeRelease(ReferenceCountUtil.java:116)
	at io.netty.channel.ChannelOutboundBuffer.remove(ChannelOutboundBuffer.java:300)
	at io.netty.channel.ChannelOutboundBuffer.removeBytes(ChannelOutboundBuffer.java:382)
	at io.netty.channel.uring.AbstractIoUringStreamChannel$IoUringStreamUnsafe.writeComplete0(AbstractIoUringStreamChannel.java:692)
	at io.netty.channel.uring.IoUringSocketChannel$IoUringSocketUnsafe.writeComplete0(IoUringSocketChannel.java:188)
	at io.netty.channel.uring.AbstractIoUringChannel$AbstractUringUnsafe.writeComplete(AbstractIoUringChannel.java:1003)
	at io.netty.channel.uring.AbstractIoUringChannel$AbstractUringUnsafe.handle(AbstractIoUringChannel.java:474)
	at io.netty.channel.uring.IoUringIoHandler$DefaultIoUringIoRegistration.handle(IoUringIoHandler.java:705)
	at io.netty.channel.uring.IoUringIoHandler.handleFastPath(IoUringIoHandler.java:318)
	at io.netty.channel.uring.IoUringIoHandler.handle(IoUringIoHandler.java:298)
	at io.netty.channel.uring.CompletionQueue.process(CompletionQueue.java:151)
	at io.netty.channel.uring.IoUringIoHandler.processCompletionsAndHandleOverflow(IoUringIoHandler.java:213)
	at io.netty.channel.uring.IoUringIoHandler.run(IoUringIoHandler.java:188)
	at io.netty.channel.SingleThreadIoEventLoop.runIo(SingleThreadIoEventLoop.java:225)
	at io.netty.channel.SingleThreadIoEventLoop.run(SingleThreadIoEventLoop.java:196)
	at io.netty.util.concurrent.SingleThreadEventExecutor$5.run(SingleThreadEventExecutor.java:1204)
	at io.netty.util.internal.ThreadExecutorMap$2.run(ThreadExecutorMap.java:74)
	at io.netty.util.concurrent.FastThreadLocalRunnable.run(FastThreadLocalRunnable.java:30)
	at java.base/java.lang.Thread.run(Thread.java:1583)
07:12:23.883 [multiThreadIoEventLoopGroup-4-2] WARN  i.n.channel.uring.IoUringIoHandler - Unexpected exception in the IO event loop.
java.lang.IllegalStateException: arena buffer of Thread[#26,multiThreadIoEventLoopGroup-3-1,10,main] touched from Thread[#31,multiThreadIoEventLoopGroup-4-2,10,main] (event-loop arena buffers are thread confined)
	at io.netty.buffer.CycleArenaAllocator$ArenaBuf.violation(CycleArenaAllocator.java:1448)
	at io.netty.buffer.CycleArenaAllocator$ArenaBuf.retain(CycleArenaAllocator.java:1351)
	at io.netty.buffer.AbstractDerivedByteBuf.retain0(AbstractDerivedByteBuf.java:58)
	at io.netty.buffer.AbstractDerivedByteBuf.retain(AbstractDerivedByteBuf.java:54)
	at io.netty.channel.uring.IoUringSocketChannel$IoUringSocketUnsafe.handleWriteCompleteZeroCopy(IoUringSocketChannel.java:220)
	at io.netty.channel.uring.IoUringSocketChannel$IoUringSocketUnsafe.writeComplete0(IoUringSocketChannel.java:186)
	at io.netty.channel.uring.AbstractIoUringChannel$AbstractUringUnsafe.writeComplete(AbstractIoUringChannel.java:1003)
	at io.netty.channel.uring.AbstractIoUringChannel$AbstractUringUnsafe.handle(AbstractIoUringChannel.java:474)
	at io.netty.channel.uring.IoUringIoHandler$DefaultIoUringIoRegistration.handle(IoUringIoHandler.java:705)
	at io.netty.channel.uring.IoUringIoHandler.handleFastPath(IoUringIoHandler.java:318)
	at io.netty.channel.uring.IoUringIoHandler.handle(IoUringIoHandler.java:298)
	at io.netty.channel.uring.CompletionQueue.process(CompletionQueue.java:151)
	at io.netty.channel.uring.IoUringIoHandler.processCompletionsAndHandleOverflow(IoUringIoHandler.java:213)
	at io.netty.channel.uring.IoUringIoHandler.run(IoUringIoHandler.java:188)
	at io.netty.channel.SingleThreadIoEventLoop.runIo(SingleThreadIoEventLoop.java:225)
	at io.netty.channel.SingleThreadIoEventLoop.run(SingleThreadIoEventLoop.java:196)
	at io.netty.util.concurrent.SingleThreadEventExecutor$5.run(SingleThreadEventExecutor.java:1204)
	at io.netty.util.internal.ThreadExecutorMap$2.run(ThreadExecutorMap.java:74)
	at io.netty.util.concurrent.FastThreadLocalRunnable.run(FastThreadLocalRunnable.java:30)
	at java.base/java.lang.Thread.run(Thread.java:1583)
07:12:23.901 [multiThreadIoEventLoopGroup-3-3] WARN  i.n.channel.uring.IoUringIoHandler - Unexpected exception in the IO event loop.
java.lang.IllegalStateException: arena buffer of Thread[#33,multiThreadIoEventLoopGroup-4-4,10,main] touched from Thread[#28,multiThreadIoEventLoopGroup-3-3,10,main] (event-loop arena buffers are thread confined)
	at io.netty.buffer.CycleArenaAllocator$ArenaBuf.violation(CycleArenaAllocator.java:1448)
	at io.netty.buffer.CycleArenaAllocator$ArenaBuf.release(CycleArenaAllocator.java:1377)
	at io.netty.buffer.AbstractDerivedByteBuf.release0(AbstractDerivedByteBuf.java:98)
	at io.netty.buffer.AbstractDerivedByteBuf.release(AbstractDerivedByteBuf.java:94)
	at io.netty.channel.uring.IoUringSocketChannel$IoUringSocketUnsafe.handleWriteCompleteZeroCopy(IoUringSocketChannel.java:289)
	at io.netty.channel.uring.IoUringSocketChannel$IoUringSocketUnsafe.writeComplete0(IoUringSocketChannel.java:186)
	at io.netty.channel.uring.AbstractIoUringChannel$AbstractUringUnsafe.writeComplete(AbstractIoUringChannel.java:1003)
	at io.netty.channel.uring.AbstractIoUringChannel$AbstractUringUnsafe.handle(AbstractIoUringChannel.java:474)
	at io.netty.channel.uring.IoUringIoHandler$DefaultIoUringIoRegistration.handle(IoUringIoHandler.java:705)
	at io.netty.channel.uring.IoUringIoHandler.handleFastPath(IoUringIoHandler.java:318)
	at io.netty.channel.uring.IoUringIoHandler.handle(IoUringIoHandler.java:298)
	at io.netty.channel.uring.CompletionQueue.process(CompletionQueue.java:151)
	at io.netty.channel.uring.IoUringIoHandler.processCompletionsAndHandleOverflow(IoUringIoHandler.java:213)
	at io.netty.channel.uring.IoUringIoHandler.run(IoUringIoHandler.java:188)
	at io.netty.channel.SingleThreadIoEventLoop.runIo(SingleThreadIoEventLoop.java:225)
	at io.netty.channel.SingleThreadIoEventLoop.run(SingleThreadIoEventLoop.java:196)
	at io.netty.util.concurrent.SingleThreadEventExecutor$5.run(SingleThreadEventExecutor.java:1204)
	at io.netty.util.internal.ThreadExecutorMap$2.run(ThreadExecutorMap.java:74)
	at io.netty.util.concurrent.FastThreadLocalRunnable.run(FastThreadLocalRunnable.java:30)
	at java.base/java.lang.Thread.run(Thread.java:1583)
07:12:23.902 [multiThreadIoEventLoopGroup-4-4] WARN  io.netty.util.ReferenceCountUtil - Failed to release a message: UnpooledSlicedByteBuf(ridx: 0, widx: 2809, cap: 2809/2809, unwrapped: CycleArenaAllocator$ArenaBuf(ridx: 0, widx: 8192, cap: 8192))
java.lang.IllegalStateException: arena buffer of Thread[#26,multiThreadIoEventLoopGroup-3-1,10,main] touched from Thread[#33,multiThreadIoEventLoopGroup-4-4,10,main] (event-loop arena buffers are thread confined)
	at io.netty.buffer.CycleArenaAllocator$ArenaBuf.violation(CycleArenaAllocator.java:1448)
	at io.netty.buffer.CycleArenaAllocator$ArenaBuf.release(CycleArenaAllocator.java:1377)
	at io.netty.buffer.AbstractDerivedByteBuf.release0(AbstractDerivedByteBuf.java:98)
	at io.netty.buffer.AbstractDerivedByteBuf.release(AbstractDerivedByteBuf.java:94)
	at io.netty.util.ReferenceCountUtil.release(ReferenceCountUtil.java:90)
	at io.netty.util.ReferenceCountUtil.safeRelease(ReferenceCountUtil.java:116)
	at io.netty.channel.ChannelOutboundBuffer.remove(ChannelOutboundBuffer.java:300)
	at io.netty.channel.ChannelOutboundBuffer.removeBytes(ChannelOutboundBuffer.java:382)
	at io.netty.channel.uring.AbstractIoUringStreamChannel$IoUringStreamUnsafe.writeComplete0(AbstractIoUringStreamChannel.java:692)
	at io.netty.channel.uring.IoUringSocketChannel$IoUringSocketUnsafe.writeComplete0(IoUringSocketChannel.java:188)
	at io.netty.channel.uring.AbstractIoUringChannel$AbstractUringUnsafe.writeComplete(AbstractIoUringChannel.java:1003)
	at io.netty.channel.uring.AbstractIoUringChannel$AbstractUringUnsafe.handle(AbstractIoUringChannel.java:474)
	at io.netty.channel.uring.IoUringIoHandler$DefaultIoUringIoRegistration.handle(IoUringIoHandler.java:705)
	at io.netty.channel.uring.IoUringIoHandler.handleFastPath(IoUringIoHandler.java:318)
	at io.netty.channel.uring.IoUringIoHandler.handle(IoUringIoHandler.java:298)
	at io.netty.channel.uring.CompletionQueue.process(CompletionQueue.java:151)
	at io.netty.channel.uring.IoUringIoHandler.processCompletionsAndHandleOverflow(IoUringIoHandler.java:213)
	at io.netty.channel.uring.IoUringIoHandler.run(IoUringIoHandler.java:188)
	at io.netty.channel.SingleThreadIoEventLoop.runIo(SingleThreadIoEventLoop.java:225)
	at io.netty.channel.SingleThreadIoEventLoop.run(SingleThreadIoEventLoop.java:196)
	at io.netty.util.concurrent.SingleThreadEventExecutor$5.run(SingleThreadEventExecutor.java:1204)
	at io.netty.util.internal.ThreadExecutorMap$2.run(ThreadExecutorMap.java:74)
	at io.netty.util.concurrent.FastThreadLocalRunnable.run(FastThreadLocalRunnable.java:30)
	at java.base/java.lang.Thread.run(Thread.java:1583)
07:12:23.902 [multiThreadIoEventLoopGroup-4-4] WARN  i.n.channel.uring.IoUringIoHandler - Unexpected exception in the IO event loop.
java.lang.IllegalStateException: arena buffer of Thread[#26,multiThreadIoEventLoopGroup-3-1,10,main] touched from Thread[#33,multiThreadIoEventLoopGroup-4-4,10,main] (event-loop arena buffers are thread confined)
	at io.netty.buffer.CycleArenaAllocator$ArenaBuf.violation(CycleArenaAllocator.java:1448)
	at io.netty.buffer.CycleArenaAllocator$ArenaBuf.retain(CycleArenaAllocator.java:1351)
	at io.netty.buffer.AbstractDerivedByteBuf.retain0(AbstractDerivedByteBuf.java:58)
	at io.netty.buffer.AbstractDerivedByteBuf.retain(AbstractDerivedByteBuf.java:54)
	at io.netty.channel.uring.IoUringSocketChannel$IoUringSocketUnsafe.handleWriteCompleteZeroCopy(IoUringSocketChannel.java:220)
	at io.netty.channel.uring.IoUringSocketChannel$IoUringSocketUnsafe.writeComplete0(IoUringSocketChannel.java:186)
	at io.netty.channel.uring.AbstractIoUringChannel$AbstractUringUnsafe.writeComplete(AbstractIoUringChannel.java:1003)
	at io.netty.channel.uring.AbstractIoUringChannel$AbstractUringUnsafe.handle(AbstractIoUringChannel.java:474)
	at io.netty.channel.uring.IoUringIoHandler$DefaultIoUringIoRegistration.handle(IoUringIoHandler.java:705)
	at io.netty.channel.uring.IoUringIoHandler.handleFastPath(IoUringIoHandler.java:318)
	at io.netty.channel.uring.IoUringIoHandler.handle(IoUringIoHandler.java:298)
	at io.netty.channel.uring.CompletionQueue.process(CompletionQueue.java:151)
	at io.netty.channel.uring.IoUringIoHandler.processCompletionsAndHandleOverflow(IoUringIoHandler.java:213)
	at io.netty.channel.uring.IoUringIoHandler.run(IoUringIoHandler.java:188)
	at io.netty.channel.SingleThreadIoEventLoop.runIo(SingleThreadIoEventLoop.java:225)
	at io.netty.channel.SingleThreadIoEventLoop.run(SingleThreadIoEventLoop.java:196)
	at io.netty.util.concurrent.SingleThreadEventExecutor$5.run(SingleThreadEventExecutor.java:1204)
	at io.netty.util.internal.ThreadExecutorMap$2.run(ThreadExecutorMap.java:74)
	at io.netty.util.concurrent.FastThreadLocalRunnable.run(FastThreadLocalRunnable.java:30)
	at java.base/java.lang.Thread.run(Thread.java:1583)
07:12:23.977 [multiThreadIoEventLoopGroup-4-1] WARN  i.n.channel.uring.IoUringIoHandler - Unexpected exception in the IO event loop.
java.lang.IllegalStateException: arena buffer of Thread[#29,multiThreadIoEventLoopGroup-3-4,10,main] touched from Thread[#30,multiThreadIoEventLoopGroup-4-1,10,main] (event-loop arena buffers are thread confined)
	at io.netty.buffer.CycleArenaAllocator$ArenaBuf.violation(CycleArenaAllocator.java:1448)
	at io.netty.buffer.CycleArenaAllocator$ArenaBuf.release(CycleArenaAllocator.java:1377)
	at io.netty.buffer.AbstractDerivedByteBuf.release0(AbstractDerivedByteBuf.java:98)
	at io.netty.buffer.AbstractDerivedByteBuf.release(AbstractDerivedByteBuf.java:94)
	at io.netty.channel.uring.IoUringSocketChannel$IoUringSocketUnsafe.handleWriteCompleteZeroCopy(IoUringSocketChannel.java:289)
	at io.netty.channel.uring.IoUringSocketChannel$IoUringSocketUnsafe.writeComplete0(IoUringSocketChannel.java:186)
	at io.netty.channel.uring.AbstractIoUringChannel$AbstractUringUnsafe.writeComplete(AbstractIoUringChannel.java:1003)
	at io.netty.channel.uring.AbstractIoUringChannel$AbstractUringUnsafe.handle(AbstractIoUringChannel.java:474)
	at io.netty.channel.uring.IoUringIoHandler$DefaultIoUringIoRegistration.handle(IoUringIoHandler.java:705)
	at io.netty.channel.uring.IoUringIoHandler.handleFastPath(IoUringIoHandler.java:318)
	at io.netty.channel.uring.IoUringIoHandler.handle(IoUringIoHandler.java:298)
	at io.netty.channel.uring.CompletionQueue.process(CompletionQueue.java:151)
	at io.netty.channel.uring.IoUringIoHandler.processCompletionsAndHandleOverflow(IoUringIoHandler.java:213)
	at io.netty.channel.uring.IoUringIoHandler.run(IoUringIoHandler.java:188)
	at io.netty.channel.SingleThreadIoEventLoop.runIo(SingleThreadIoEventLoop.java:225)
	at io.netty.channel.SingleThreadIoEventLoop.run(SingleThreadIoEventLoop.java:196)
	at io.netty.util.concurrent.SingleThreadEventExecutor$5.run(SingleThreadEventExecutor.java:1204)
	at io.netty.util.internal.ThreadExecutorMap$2.run(ThreadExecutorMap.java:74)
	at io.netty.util.concurrent.FastThreadLocalRunnable.run(FastThreadLocalRunnable.java:30)
	at java.base/java.lang.Thread.run(Thread.java:1583)
07:12:23.980 [multiThreadIoEventLoopGroup-4-3] WARN  io.netty.util.ReferenceCountUtil - Failed to release a message: UnpooledSlicedByteBuf(ridx: 0, widx: 3205, cap: 3205/3205, unwrapped: CycleArenaAllocator$ArenaBuf(ridx: 0, widx: 8192, cap: 8192))
java.lang.IllegalStateException: arena buffer of Thread[#28,multiThreadIoEventLoopGroup-3-3,10,main] touched from Thread[#32,multiThreadIoEventLoopGroup-4-3,10,main] (event-loop arena buffers are thread confined)
	at io.netty.buffer.CycleArenaAllocator$ArenaBuf.violation(CycleArenaAllocator.java:1448)
	at io.netty.buffer.CycleArenaAllocator$ArenaBuf.release(CycleArenaAllocator.java:1377)
	at io.netty.buffer.AbstractDerivedByteBuf.release0(AbstractDerivedByteBuf.java:98)
	at io.netty.buffer.AbstractDerivedByteBuf.release(AbstractDerivedByteBuf.java:94)
	at io.netty.util.ReferenceCountUtil.release(ReferenceCountUtil.java:90)
	at io.netty.util.ReferenceCountUtil.safeRelease(ReferenceCountUtil.java:116)
	at io.netty.channel.ChannelOutboundBuffer.remove(ChannelOutboundBuffer.java:300)
	at io.netty.channel.ChannelOutboundBuffer.removeBytes(ChannelOutboundBuffer.java:382)
	at io.netty.channel.uring.AbstractIoUringStreamChannel$IoUringStreamUnsafe.writeComplete0(AbstractIoUringStreamChannel.java:692)
	at io.netty.channel.uring.IoUringSocketChannel$IoUringSocketUnsafe.writeComplete0(IoUringSocketChannel.java:188)
	at io.netty.channel.uring.AbstractIoUringChannel$AbstractUringUnsafe.writeComplete(AbstractIoUringChannel.java:1003)
	at io.netty.channel.uring.AbstractIoUringChannel$AbstractUringUnsafe.handle(AbstractIoUringChannel.java:474)
	at io.netty.channel.uring.IoUringIoHandler$DefaultIoUringIoRegistration.handle(IoUringIoHandler.java:705)
	at io.netty.channel.uring.IoUringIoHandler.handleFastPath(IoUringIoHandler.java:318)
	at io.netty.channel.uring.IoUringIoHandler.handle(IoUringIoHandler.java:298)
	at io.netty.channel.uring.CompletionQueue.process(CompletionQueue.java:151)
	at io.netty.channel.uring.IoUringIoHandler.processCompletionsAndHandleOverflow(IoUringIoHandler.java:213)
	at io.netty.channel.uring.IoUringIoHandler.run(IoUringIoHandler.java:188)
	at io.netty.channel.SingleThreadIoEventLoop.runIo(SingleThreadIoEventLoop.java:225)
	at io.netty.channel.SingleThreadIoEventLoop.run(SingleThreadIoEventLoop.java:196)
	at io.netty.util.concurrent.SingleThreadEventExecutor$5.run(SingleThreadEventExecutor.java:1204)
	at io.netty.util.internal.ThreadExecutorMap$2.run(ThreadExecutorMap.java:74)
	at io.netty.util.concurrent.FastThreadLocalRunnable.run(FastThreadLocalRunnable.java:30)
	at java.base/java.lang.Thread.run(Thread.java:1583)
07:12:23.981 [multiThreadIoEventLoopGroup-4-3] WARN  i.n.channel.uring.IoUringIoHandler - Unexpected exception in the IO event loop.
java.lang.IllegalStateException: arena buffer of Thread[#28,multiThreadIoEventLoopGroup-3-3,10,main] touched from Thread[#32,multiThreadIoEventLoopGroup-4-3,10,main] (event-loop arena buffers are thread confined)
	at io.netty.buffer.CycleArenaAllocator$ArenaBuf.violation(CycleArenaAllocator.java:1448)
	at io.netty.buffer.CycleArenaAllocator$ArenaBuf.retain(CycleArenaAllocator.java:1351)
	at io.netty.buffer.AbstractDerivedByteBuf.retain0(AbstractDerivedByteBuf.java:58)
	at io.netty.buffer.AbstractDerivedByteBuf.retain(AbstractDerivedByteBuf.java:54)
	at io.netty.channel.uring.IoUringSocketChannel$IoUringSocketUnsafe.handleWriteCompleteZeroCopy(IoUringSocketChannel.java:220)
	at io.netty.channel.uring.IoUringSocketChannel$IoUringSocketUnsafe.writeComplete0(IoUringSocketChannel.java:186)
	at io.netty.channel.uring.AbstractIoUringChannel$AbstractUringUnsafe.writeComplete(AbstractIoUringChannel.java:1003)
	at io.netty.channel.uring.AbstractIoUringChannel$AbstractUringUnsafe.handle(AbstractIoUringChannel.java:474)
	at io.netty.channel.uring.IoUringIoHandler$DefaultIoUringIoRegistration.handle(IoUringIoHandler.java:705)
	at io.netty.channel.uring.IoUringIoHandler.handleFastPath(IoUringIoHandler.java:318)
	at io.netty.channel.uring.IoUringIoHandler.handle(IoUringIoHandler.java:298)
	at io.netty.channel.uring.CompletionQueue.process(CompletionQueue.java:151)
	at io.netty.channel.uring.IoUringIoHandler.processCompletionsAndHandleOverflow(IoUringIoHandler.java:213)
	at io.netty.channel.uring.IoUringIoHandler.run(IoUringIoHandler.java:188)
	at io.netty.channel.SingleThreadIoEventLoop.runIo(SingleThreadIoEventLoop.java:225)
	at io.netty.channel.SingleThreadIoEventLoop.run(SingleThreadIoEventLoop.java:196)
	at io.netty.util.concurrent.SingleThreadEventExecutor$5.run(SingleThreadEventExecutor.java:1204)
	at io.netty.util.internal.ThreadExecutorMap$2.run(ThreadExecutorMap.java:74)
	at io.netty.util.concurrent.FastThreadLocalRunnable.run(FastThreadLocalRunnable.java:30)
	at java.base/java.lang.Thread.run(Thread.java:1583)
07:12:23.987 [multiThreadIoEventLoopGroup-4-2] WARN  io.netty.util.ReferenceCountUtil - Failed to release a message: UnpooledSlicedByteBuf(ridx: 0, widx: 3205, cap: 3205/3205, unwrapped: CycleArenaAllocator$ArenaBuf(ridx: 0, widx: 8192, cap: 8192))
java.lang.IllegalStateException: arena buffer of Thread[#26,multiThreadIoEventLoopGroup-3-1,10,main] touched from Thread[#31,multiThreadIoEventLoopGroup-4-2,10,main] (event-loop arena buffers are thread confined)
	at io.netty.buffer.CycleArenaAllocator$ArenaBuf.violation(CycleArenaAllocator.java:1448)
	at io.netty.buffer.CycleArenaAllocator$ArenaBuf.release(CycleArenaAllocator.java:1377)
	at io.netty.buffer.AbstractDerivedByteBuf.release0(AbstractDerivedByteBuf.java:98)
	at io.netty.buffer.AbstractDerivedByteBuf.release(AbstractDerivedByteBuf.java:94)
	at io.netty.util.ReferenceCountUtil.release(ReferenceCountUtil.java:90)
	at io.netty.util.ReferenceCountUtil.safeRelease(ReferenceCountUtil.java:116)
	at io.netty.channel.ChannelOutboundBuffer.remove(ChannelOutboundBuffer.java:300)
	at io.netty.channel.ChannelOutboundBuffer.removeBytes(ChannelOutboundBuffer.java:382)
	at io.netty.channel.uring.AbstractIoUringStreamChannel$IoUringStreamUnsafe.writeComplete0(AbstractIoUringStreamChannel.java:692)
	at io.netty.channel.uring.IoUringSocketChannel$IoUringSocketUnsafe.writeComplete0(IoUringSocketChannel.java:188)
	at io.netty.channel.uring.AbstractIoUringChannel$AbstractUringUnsafe.writeComplete(AbstractIoUringChannel.java:1003)
	at io.netty.channel.uring.AbstractIoUringChannel$AbstractUringUnsafe.handle(AbstractIoUringChannel.java:474)
	at io.netty.channel.uring.IoUringIoHandler$DefaultIoUringIoRegistration.handle(IoUringIoHandler.java:705)
	at io.netty.channel.uring.IoUringIoHandler.handleFastPath(IoUringIoHandler.java:318)
	at io.netty.channel.uring.IoUringIoHandler.handle(IoUringIoHandler.java:298)
	at io.netty.channel.uring.CompletionQueue.process(CompletionQueue.java:151)
	at io.netty.channel.uring.IoUringIoHandler.processCompletionsAndHandleOverflow(IoUringIoHandler.java:213)
	at io.netty.channel.uring.IoUringIoHandler.run(IoUringIoHandler.java:188)
	at io.netty.channel.SingleThreadIoEventLoop.runIo(SingleThreadIoEventLoop.java:225)
	at io.netty.channel.SingleThreadIoEventLoop.run(SingleThreadIoEventLoop.java:196)
	at io.netty.util.concurrent.SingleThreadEventExecutor$5.run(SingleThreadEventExecutor.java:1204)
	at io.netty.util.internal.ThreadExecutorMap$2.run(ThreadExecutorMap.java:74)
	at io.netty.util.concurrent.FastThreadLocalRunnable.run(FastThreadLocalRunnable.java:30)
	at java.base/java.lang.Thread.run(Thread.java:1583)
07:12:23.987 [multiThreadIoEventLoopGroup-4-2] WARN  i.n.channel.uring.IoUringIoHandler - Unexpected exception in the IO event loop.
java.lang.IllegalStateException: arena buffer of Thread[#26,multiThreadIoEventLoopGroup-3-1,10,main] touched from Thread[#31,multiThreadIoEventLoopGroup-4-2,10,main] (event-loop arena buffers are thread confined)
	at io.netty.buffer.CycleArenaAllocator$ArenaBuf.violation(CycleArenaAllocator.java:1448)
	at io.netty.buffer.CycleArenaAllocator$ArenaBuf.retain(CycleArenaAllocator.java:1351)
	at io.netty.buffer.AbstractDerivedByteBuf.retain0(AbstractDerivedByteBuf.java:58)
	at io.netty.buffer.AbstractDerivedByteBuf.retain(AbstractDerivedByteBuf.java:54)
	at io.netty.channel.uring.IoUringSocketChannel$IoUringSocketUnsafe.handleWriteCompleteZeroCopy(IoUringSocketChannel.java:220)
	at io.netty.channel.uring.IoUringSocketChannel$IoUringSocketUnsafe.writeComplete0(IoUringSocketChannel.java:186)
	at io.netty.channel.uring.AbstractIoUringChannel$AbstractUringUnsafe.writeComplete(AbstractIoUringChannel.java:1003)
	at io.netty.channel.uring.AbstractIoUringChannel$AbstractUringUnsafe.handle(AbstractIoUringChannel.java:474)
	at io.netty.channel.uring.IoUringIoHandler$DefaultIoUringIoRegistration.handle(IoUringIoHandler.java:705)
	at io.netty.channel.uring.IoUringIoHandler.handleFastPath(IoUringIoHandler.java:318)
	at io.netty.channel.uring.IoUringIoHandler.handle(IoUringIoHandler.java:298)
	at io.netty.channel.uring.CompletionQueue.process(CompletionQueue.java:151)
	at io.netty.channel.uring.IoUringIoHandler.processCompletionsAndHandleOverflow(IoUringIoHandler.java:213)
	at io.netty.channel.uring.IoUringIoHandler.run(IoUringIoHandler.java:188)
	at io.netty.channel.SingleThreadIoEventLoop.runIo(SingleThreadIoEventLoop.java:225)
	at io.netty.channel.SingleThreadIoEventLoop.run(SingleThreadIoEventLoop.java:196)
	at io.netty.util.concurrent.SingleThreadEventExecutor$5.run(SingleThreadEventExecutor.java:1204)
	at io.netty.util.internal.ThreadExecutorMap$2.run(ThreadExecutorMap.java:74)
	at io.netty.util.concurrent.FastThreadLocalRunnable.run(FastThreadLocalRunnable.java:30)
	at java.base/java.lang.Thread.run(Thread.java:1583)
07:12:24.002 [multiThreadIoEventLoopGroup-4-4] WARN  io.netty.util.ReferenceCountUtil - Failed to release a message: UnpooledSlicedByteBuf(ridx: 0, widx: 2611, cap: 2611/2611, unwrapped: CycleArenaAllocator$ArenaBuf(ridx: 0, widx: 8192, cap: 8192))
java.lang.IllegalStateException: arena buffer of Thread[#26,multiThreadIoEventLoopGroup-3-1,10,main] touched from Thread[#33,multiThreadIoEventLoopGroup-4-4,10,main] (event-loop arena buffers are thread confined)
	at io.netty.buffer.CycleArenaAllocator$ArenaBuf.violation(CycleArenaAllocator.java:1448)
	at io.netty.buffer.CycleArenaAllocator$ArenaBuf.release(CycleArenaAllocator.java:1377)
	at io.netty.buffer.AbstractDerivedByteBuf.release0(AbstractDerivedByteBuf.java:98)
	at io.netty.buffer.AbstractDerivedByteBuf.release(AbstractDerivedByteBuf.java:94)
	at io.netty.util.ReferenceCountUtil.release(ReferenceCountUtil.java:90)
	at io.netty.util.ReferenceCountUtil.safeRelease(ReferenceCountUtil.java:116)
	at io.netty.channel.ChannelOutboundBuffer.remove(ChannelOutboundBuffer.java:300)
	at io.netty.channel.ChannelOutboundBuffer.removeBytes(ChannelOutboundBuffer.java:382)
	at io.netty.channel.uring.AbstractIoUringStreamChannel$IoUringStreamUnsafe.writeComplete0(AbstractIoUringStreamChannel.java:692)
	at io.netty.channel.uring.IoUringSocketChannel$IoUringSocketUnsafe.writeComplete0(IoUringSocketChannel.java:188)
	at io.netty.channel.uring.AbstractIoUringChannel$AbstractUringUnsafe.writeComplete(AbstractIoUringChannel.java:1003)
	at io.netty.channel.uring.AbstractIoUringChannel$AbstractUringUnsafe.handle(AbstractIoUringChannel.java:474)
	at io.netty.channel.uring.IoUringIoHandler$DefaultIoUringIoRegistration.handle(IoUringIoHandler.java:705)
	at io.netty.channel.uring.IoUringIoHandler.handleFastPath(IoUringIoHandler.java:318)
	at io.netty.channel.uring.IoUringIoHandler.handle(IoUringIoHandler.java:298)
	at io.netty.channel.uring.CompletionQueue.process(CompletionQueue.java:151)
	at io.netty.channel.uring.IoUringIoHandler.processCompletionsAndHandleOverflow(IoUringIoHandler.java:213)
	at io.netty.channel.uring.IoUringIoHandler.run(IoUringIoHandler.java:188)
	at io.netty.channel.SingleThreadIoEventLoop.runIo(SingleThreadIoEventLoop.java:225)
	at io.netty.channel.SingleThreadIoEventLoop.run(SingleThreadIoEventLoop.java:196)
	at io.netty.util.concurrent.SingleThreadEventExecutor$5.run(SingleThreadEventExecutor.java:1204)
	at io.netty.util.internal.ThreadExecutorMap$2.run(ThreadExecutorMap.java:74)
	at io.netty.util.concurrent.FastThreadLocalRunnable.run(FastThreadLocalRunnable.java:30)
	at java.base/java.lang.Thread.run(Thread.java:1583)
07:12:24.003 [multiThreadIoEventLoopGroup-4-4] WARN  io.netty.util.ReferenceCountUtil - Failed to release a message: UnpooledSlicedByteBuf(ridx: 0, widx: 2611, cap: 2611/2611, unwrapped: CycleArenaAllocator$ArenaBuf(ridx: 0, widx: 8192, cap: 8192))
java.lang.IllegalStateException: arena buffer of Thread[#27,multiThreadIoEventLoopGroup-3-2,10,main] touched from Thread[#33,multiThreadIoEventLoopGroup-4-4,10,main] (event-loop arena buffers are thread confined)
	at io.netty.buffer.CycleArenaAllocator$ArenaBuf.violation(CycleArenaAllocator.java:1448)
	at io.netty.buffer.CycleArenaAllocator$ArenaBuf.release(CycleArenaAllocator.java:1377)
	at io.netty.buffer.AbstractDerivedByteBuf.release0(AbstractDerivedByteBuf.java:98)
	at io.netty.buffer.AbstractDerivedByteBuf.release(AbstractDerivedByteBuf.java:94)
	at io.netty.util.ReferenceCountUtil.release(ReferenceCountUtil.java:90)
	at io.netty.util.ReferenceCountUtil.safeRelease(ReferenceCountUtil.java:116)
	at io.netty.channel.ChannelOutboundBuffer.remove(ChannelOutboundBuffer.java:300)
	at io.netty.channel.ChannelOutboundBuffer.removeBytes(ChannelOutboundBuffer.java:382)
	at io.netty.channel.uring.AbstractIoUringStreamChannel$IoUringStreamUnsafe.writeComplete0(AbstractIoUringStreamChannel.java:692)
	at io.netty.channel.uring.IoUringSocketChannel$IoUringSocketUnsafe.writeComplete0(IoUringSocketChannel.java:188)
	at io.netty.channel.uring.AbstractIoUringChannel$AbstractUringUnsafe.writeComplete(AbstractIoUringChannel.java:1003)
	at io.netty.channel.uring.AbstractIoUringChannel$AbstractUringUnsafe.handle(AbstractIoUringChannel.java:474)
	at io.netty.channel.uring.IoUringIoHandler$DefaultIoUringIoRegistration.handle(IoUringIoHandler.java:705)
	at io.netty.channel.uring.IoUringIoHandler.handleFastPath(IoUringIoHandler.java:318)
	at io.netty.channel.uring.IoUringIoHandler.handle(IoUringIoHandler.java:298)
	at io.netty.channel.uring.CompletionQueue.process(CompletionQueue.java:151)
	at io.netty.channel.uring.IoUringIoHandler.processCompletionsAndHandleOverflow(IoUringIoHandler.java:213)
	at io.netty.channel.uring.IoUringIoHandler.run(IoUringIoHandler.java:188)
	at io.netty.channel.SingleThreadIoEventLoop.runIo(SingleThreadIoEventLoop.java:225)
	at io.netty.channel.SingleThreadIoEventLoop.run(SingleThreadIoEventLoop.java:196)
	at io.netty.util.concurrent.SingleThreadEventExecutor$5.run(SingleThreadEventExecutor.java:1204)
	at io.netty.util.internal.ThreadExecutorMap$2.run(ThreadExecutorMap.java:74)
	at io.netty.util.concurrent.FastThreadLocalRunnable.run(FastThreadLocalRunnable.java:30)
	at java.base/java.lang.Thread.run(Thread.java:1583)
07:12:24.005 [multiThreadIoEventLoopGroup-4-4] WARN  i.n.channel.uring.IoUringIoHandler - Unexpected exception in the IO event loop.
java.lang.IllegalStateException: arena buffer of Thread[#29,multiThreadIoEventLoopGroup-3-4,10,main] touched from Thread[#33,multiThreadIoEventLoopGroup-4-4,10,main] (event-loop arena buffers are thread confined)
	at io.netty.buffer.CycleArenaAllocator$ArenaBuf.violation(CycleArenaAllocator.java:1448)
	at io.netty.buffer.CycleArenaAllocator$ArenaBuf.retain(CycleArenaAllocator.java:1351)
	at io.netty.buffer.AbstractDerivedByteBuf.retain0(AbstractDerivedByteBuf.java:58)
	at io.netty.buffer.AbstractDerivedByteBuf.retain(AbstractDerivedByteBuf.java:54)
	at io.netty.channel.uring.IoUringSocketChannel$IoUringSocketUnsafe.handleWriteCompleteZeroCopy(IoUringSocketChannel.java:220)
	at io.netty.channel.uring.IoUringSocketChannel$IoUringSocketUnsafe.writeComplete0(IoUringSocketChannel.java:186)
	at io.netty.channel.uring.AbstractIoUringChannel$AbstractUringUnsafe.writeComplete(AbstractIoUringChannel.java:1003)
	at io.netty.channel.uring.AbstractIoUringChannel$AbstractUringUnsafe.handle(AbstractIoUringChannel.java:474)
	at io.netty.channel.uring.IoUringIoHandler$DefaultIoUringIoRegistration.handle(IoUringIoHandler.java:705)
	at io.netty.channel.uring.IoUringIoHandler.handleFastPath(IoUringIoHandler.java:318)
	at io.netty.channel.uring.IoUringIoHandler.handle(IoUringIoHandler.java:298)
	at io.netty.channel.uring.CompletionQueue.process(CompletionQueue.java:151)
	at io.netty.channel.uring.IoUringIoHandler.processCompletionsAndHandleOverflow(IoUringIoHandler.java:213)
	at io.netty.channel.uring.IoUringIoHandler.run(IoUringIoHandler.java:188)
	at io.netty.channel.SingleThreadIoEventLoop.runIo(SingleThreadIoEventLoop.java:225)
	at io.netty.channel.SingleThreadIoEventLoop.run(SingleThreadIoEventLoop.java:196)
	at io.netty.util.concurrent.SingleThreadEventExecutor$5.run(SingleThreadEventExecutor.java:1204)
	at io.netty.util.internal.ThreadExecutorMap$2.run(ThreadExecutorMap.java:74)
	at io.netty.util.concurrent.FastThreadLocalRunnable.run(FastThreadLocalRunnable.java:30)
	at java.base/java.lang.Thread.run(Thread.java:1583)
07:12:24.078 [multiThreadIoEventLoopGroup-4-1] WARN  i.n.channel.uring.IoUringIoHandler - Unexpected exception in the IO event loop.
java.lang.IllegalStateException: arena buffer of Thread[#26,multiThreadIoEventLoopGroup-3-1,10,main] touched from Thread[#30,multiThreadIoEventLoopGroup-4-1,10,main] (event-loop arena buffers are thread confined)
	at io.netty.buffer.CycleArenaAllocator$ArenaBuf.violation(CycleArenaAllocator.java:1448)
	at io.netty.buffer.CycleArenaAllocator$ArenaBuf.release(CycleArenaAllocator.java:1377)
	at io.netty.buffer.AbstractDerivedByteBuf.release0(AbstractDerivedByteBuf.java:98)
	at io.netty.buffer.AbstractDerivedByteBuf.release(AbstractDerivedByteBuf.java:94)
	at io.netty.channel.uring.IoUringSocketChannel$IoUringSocketUnsafe.handleWriteCompleteZeroCopy(IoUringSocketChannel.java:289)
	at io.netty.channel.uring.IoUringSocketChannel$IoUringSocketUnsafe.writeComplete0(IoUringSocketChannel.java:186)
	at io.netty.channel.uring.AbstractIoUringChannel$AbstractUringUnsafe.writeComplete(AbstractIoUringChannel.java:1003)
	at io.netty.channel.uring.AbstractIoUringChannel$AbstractUringUnsafe.handle(AbstractIoUringChannel.java:474)
	at io.netty.channel.uring.IoUringIoHandler$DefaultIoUringIoRegistration.handle(IoUringIoHandler.java:705)
	at io.netty.channel.uring.IoUringIoHandler.handleFastPath(IoUringIoHandler.java:318)
	at io.netty.channel.uring.IoUringIoHandler.handle(IoUringIoHandler.java:298)
	at io.netty.channel.uring.CompletionQueue.process(CompletionQueue.java:151)
	at io.netty.channel.uring.IoUringIoHandler.processCompletionsAndHandleOverflow(IoUringIoHandler.java:213)
	at io.netty.channel.uring.IoUringIoHandler.run(IoUringIoHandler.java:188)
	at io.netty.channel.SingleThreadIoEventLoop.runIo(SingleThreadIoEventLoop.java:225)
	at io.netty.channel.SingleThreadIoEventLoop.run(SingleThreadIoEventLoop.java:196)
	at io.netty.util.concurrent.SingleThreadEventExecutor$5.run(SingleThreadEventExecutor.java:1204)
	at io.netty.util.internal.ThreadExecutorMap$2.run(ThreadExecutorMap.java:74)
	at io.netty.util.concurrent.FastThreadLocalRunnable.run(FastThreadLocalRunnable.java:30)
	at java.base/java.lang.Thread.run(Thread.java:1583)
07:12:24.081 [multiThreadIoEventLoopGroup-4-3] WARN  io.netty.util.ReferenceCountUtil - Failed to release a message: UnpooledSlicedByteBuf(ridx: 0, widx: 3601, cap: 3601/3601, unwrapped: CycleArenaAllocator$ArenaBuf(ridx: 0, widx: 8192, cap: 8192))
java.lang.IllegalStateException: arena buffer of Thread[#26,multiThreadIoEventLoopGroup-3-1,10,main] touched from Thread[#32,multiThreadIoEventLoopGroup-4-3,10,main] (event-loop arena buffers are thread confined)
	at io.netty.buffer.CycleArenaAllocator$ArenaBuf.violation(CycleArenaAllocator.java:1448)
	at io.netty.buffer.CycleArenaAllocator$ArenaBuf.release(CycleArenaAllocator.java:1377)
	at io.netty.buffer.AbstractDerivedByteBuf.release0(AbstractDerivedByteBuf.java:98)
	at io.netty.buffer.AbstractDerivedByteBuf.release(AbstractDerivedByteBuf.java:94)
	at io.netty.util.ReferenceCountUtil.release(ReferenceCountUtil.java:90)
	at io.netty.util.ReferenceCountUtil.safeRelease(ReferenceCountUtil.java:116)
	at io.netty.channel.ChannelOutboundBuffer.remove(ChannelOutboundBuffer.java:300)
	at io.netty.channel.ChannelOutboundBuffer.removeBytes(ChannelOutboundBuffer.java:382)
	at io.netty.channel.uring.AbstractIoUringStreamChannel$IoUringStreamUnsafe.writeComplete0(AbstractIoUringStreamChannel.java:692)
	at io.netty.channel.uring.IoUringSocketChannel$IoUringSocketUnsafe.writeComplete0(IoUringSocketChannel.java:188)
	at io.netty.channel.uring.AbstractIoUringChannel$AbstractUringUnsafe.writeComplete(AbstractIoUringChannel.java:1003)
	at io.netty.channel.uring.AbstractIoUringChannel$AbstractUringUnsafe.handle(AbstractIoUringChannel.java:474)
	at io.netty.channel.uring.IoUringIoHandler$DefaultIoUringIoRegistration.handle(IoUringIoHandler.java:705)
	at io.netty.channel.uring.IoUringIoHandler.handleFastPath(IoUringIoHandler.java:318)
	at io.netty.channel.uring.IoUringIoHandler.handle(IoUringIoHandler.java:298)
	at io.netty.channel.uring.CompletionQueue.process(CompletionQueue.java:151)
	at io.netty.channel.uring.IoUringIoHandler.processCompletionsAndHandleOverflow(IoUringIoHandler.java:213)
	at io.netty.channel.uring.IoUringIoHandler.run(IoUringIoHandler.java:188)
	at io.netty.channel.SingleThreadIoEventLoop.runIo(SingleThreadIoEventLoop.java:225)
	at io.netty.channel.SingleThreadIoEventLoop.run(SingleThreadIoEventLoop.java:196)
	at io.netty.util.concurrent.SingleThreadEventExecutor$5.run(SingleThreadEventExecutor.java:1204)
	at io.netty.util.internal.ThreadExecutorMap$2.run(ThreadExecutorMap.java:74)
	at io.netty.util.concurrent.FastThreadLocalRunnable.run(FastThreadLocalRunnable.java:30)
	at java.base/java.lang.Thread.run(Thread.java:1583)
07:12:24.081 [multiThreadIoEventLoopGroup-4-3] WARN  i.n.channel.uring.IoUringIoHandler - Unexpected exception in the IO event loop.
java.lang.IllegalStateException: arena buffer of Thread[#26,multiThreadIoEventLoopGroup-3-1,10,main] touched from Thread[#32,multiThreadIoEventLoopGroup-4-3,10,main] (event-loop arena buffers are thread confined)
	at io.netty.buffer.CycleArenaAllocator$ArenaBuf.violation(CycleArenaAllocator.java:1448)
	at io.netty.buffer.CycleArenaAllocator$ArenaBuf.retain(CycleArenaAllocator.java:1351)
	at io.netty.buffer.AbstractDerivedByteBuf.retain0(AbstractDerivedByteBuf.java:58)
	at io.netty.buffer.AbstractDerivedByteBuf.retain(AbstractDerivedByteBuf.java:54)
	at io.netty.channel.uring.IoUringSocketChannel$IoUringSocketUnsafe.handleWriteCompleteZeroCopy(IoUringSocketChannel.java:220)
	at io.netty.channel.uring.IoUringSocketChannel$IoUringSocketUnsafe.writeComplete0(IoUringSocketChannel.java:186)
	at io.netty.channel.uring.AbstractIoUringChannel$AbstractUringUnsafe.writeComplete(AbstractIoUringChannel.java:1003)
	at io.netty.channel.uring.AbstractIoUringChannel$AbstractUringUnsafe.handle(AbstractIoUringChannel.java:474)
	at io.netty.channel.uring.IoUringIoHandler$DefaultIoUringIoRegistration.handle(IoUringIoHandler.java:705)
	at io.netty.channel.uring.IoUringIoHandler.handleFastPath(IoUringIoHandler.java:318)
	at io.netty.channel.uring.IoUringIoHandler.handle(IoUringIoHandler.java:298)
	at io.netty.channel.uring.CompletionQueue.process(CompletionQueue.java:151)
	at io.netty.channel.uring.IoUringIoHandler.processCompletionsAndHandleOverflow(IoUringIoHandler.java:213)
	at io.netty.channel.uring.IoUringIoHandler.run(IoUringIoHandler.java:188)
	at io.netty.channel.SingleThreadIoEventLoop.runIo(SingleThreadIoEventLoop.java:225)
	at io.netty.channel.SingleThreadIoEventLoop.run(SingleThreadIoEventLoop.java:196)
	at io.netty.util.concurrent.SingleThreadEventExecutor$5.run(SingleThreadEventExecutor.java:1204)
	at io.netty.util.internal.ThreadExecutorMap$2.run(ThreadExecutorMap.java:74)
	at io.netty.util.concurrent.FastThreadLocalRunnable.run(FastThreadLocalRunnable.java:30)
	at java.base/java.lang.Thread.run(Thread.java:1583)
07:12:24.087 [multiThreadIoEventLoopGroup-4-2] WARN  i.n.channel.uring.IoUringIoHandler - Unexpected exception in the IO event loop.
java.lang.IllegalStateException: arena buffer of Thread[#29,multiThreadIoEventLoopGroup-3-4,10,main] touched from Thread[#31,multiThreadIoEventLoopGroup-4-2,10,main] (event-loop arena buffers are thread confined)
	at io.netty.buffer.CycleArenaAllocator$ArenaBuf.violation(CycleArenaAllocator.java:1448)
	at io.netty.buffer.CycleArenaAllocator$ArenaBuf.release(CycleArenaAllocator.java:1377)
	at io.netty.buffer.AbstractDerivedByteBuf.release0(AbstractDerivedByteBuf.java:98)
	at io.netty.buffer.AbstractDerivedByteBuf.release(AbstractDerivedByteBuf.java:94)
	at io.netty.channel.uring.IoUringSocketChannel$IoUringSocketUnsafe.handleWriteCompleteZeroCopy(IoUringSocketChannel.java:289)
	at io.netty.channel.uring.IoUringSocketChannel$IoUringSocketUnsafe.writeComplete0(IoUringSocketChannel.java:186)
	at io.netty.channel.uring.AbstractIoUringChannel$AbstractUringUnsafe.writeComplete(AbstractIoUringChannel.java:1003)
	at io.netty.channel.uring.AbstractIoUringChannel$AbstractUringUnsafe.handle(AbstractIoUringChannel.java:474)
	at io.netty.channel.uring.IoUringIoHandler$DefaultIoUringIoRegistration.handle(IoUringIoHandler.java:705)
	at io.netty.channel.uring.IoUringIoHandler.handleFastPath(IoUringIoHandler.java:318)
	at io.netty.channel.uring.IoUringIoHandler.handle(IoUringIoHandler.java:298)
	at io.netty.channel.uring.CompletionQueue.process(CompletionQueue.java:151)
	at io.netty.channel.uring.IoUringIoHandler.processCompletionsAndHandleOverflow(IoUringIoHandler.java:213)
	at io.netty.channel.uring.IoUringIoHandler.run(IoUringIoHandler.java:188)
	at io.netty.channel.SingleThreadIoEventLoop.runIo(SingleThreadIoEventLoop.java:225)
	at io.netty.channel.SingleThreadIoEventLoop.run(SingleThreadIoEventLoop.java:196)
	at io.netty.util.concurrent.SingleThreadEventExecutor$5.run(SingleThreadEventExecutor.java:1204)
	at io.netty.util.internal.ThreadExecutorMap$2.run(ThreadExecutorMap.java:74)
	at io.netty.util.concurrent.FastThreadLocalRunnable.run(FastThreadLocalRunnable.java:30)
	at java.base/java.lang.Thread.run(Thread.java:1583)
07:12:24.107 [multiThreadIoEventLoopGroup-4-4] WARN  io.netty.util.ReferenceCountUtil - Failed to release a message: UnpooledSlicedByteBuf(ridx: 0, widx: 3205, cap: 3205/3205, unwrapped: CycleArenaAllocator$ArenaBuf(ridx: 0, widx: 8192, cap: 8192))
java.lang.IllegalStateException: arena buffer of Thread[#29,multiThreadIoEventLoopGroup-3-4,10,main] touched from Thread[#33,multiThreadIoEventLoopGroup-4-4,10,main] (event-loop arena buffers are thread confined)
	at io.netty.buffer.CycleArenaAllocator$ArenaBuf.violation(CycleArenaAllocator.java:1448)
	at io.netty.buffer.CycleArenaAllocator$ArenaBuf.release(CycleArenaAllocator.java:1377)
	at io.netty.buffer.AbstractDerivedByteBuf.release0(AbstractDerivedByteBuf.java:98)
	at io.netty.buffer.AbstractDerivedByteBuf.release(AbstractDerivedByteBuf.java:94)
	at io.netty.util.ReferenceCountUtil.release(ReferenceCountUtil.java:90)
	at io.netty.util.ReferenceCountUtil.safeRelease(ReferenceCountUtil.java:116)
	at io.netty.channel.ChannelOutboundBuffer.remove(ChannelOutboundBuffer.java:300)
	at io.netty.channel.ChannelOutboundBuffer.removeBytes(ChannelOutboundBuffer.java:382)
	at io.netty.channel.uring.AbstractIoUringStreamChannel$IoUringStreamUnsafe.writeComplete0(AbstractIoUringStreamChannel.java:692)
	at io.netty.channel.uring.IoUringSocketChannel$IoUringSocketUnsafe.writeComplete0(IoUringSocketChannel.java:188)
	at io.netty.channel.uring.AbstractIoUringChannel$AbstractUringUnsafe.writeComplete(AbstractIoUringChannel.java:1003)
	at io.netty.channel.uring.AbstractIoUringChannel$AbstractUringUnsafe.handle(AbstractIoUringChannel.java:474)
	at io.netty.channel.uring.IoUringIoHandler$DefaultIoUringIoRegistration.handle(IoUringIoHandler.java:705)
	at io.netty.channel.uring.IoUringIoHandler.handleFastPath(IoUringIoHandler.java:318)
	at io.netty.channel.uring.IoUringIoHandler.handle(IoUringIoHandler.java:298)
	at io.netty.channel.uring.CompletionQueue.process(CompletionQueue.java:151)
	at io.netty.channel.uring.IoUringIoHandler.processCompletionsAndHandleOverflow(IoUringIoHandler.java:213)
	at io.netty.channel.uring.IoUringIoHandler.run(IoUringIoHandler.java:188)
	at io.netty.channel.SingleThreadIoEventLoop.runIo(SingleThreadIoEventLoop.java:225)
	at io.netty.channel.SingleThreadIoEventLoop.run(SingleThreadIoEventLoop.java:196)
	at io.netty.util.concurrent.SingleThreadEventExecutor$5.run(SingleThreadEventExecutor.java:1204)
	at io.netty.util.internal.ThreadExecutorMap$2.run(ThreadExecutorMap.java:74)
	at io.netty.util.concurrent.FastThreadLocalRunnable.run(FastThreadLocalRunnable.java:30)
	at java.base/java.lang.Thread.run(Thread.java:1583)
07:12:24.108 [multiThreadIoEventLoopGroup-4-4] WARN  i.n.channel.uring.IoUringIoHandler - Unexpected exception in the IO event loop.
java.lang.IllegalStateException: arena buffer of Thread[#29,multiThreadIoEventLoopGroup-3-4,10,main] touched from Thread[#33,multiThreadIoEventLoopGroup-4-4,10,main] (event-loop arena buffers are thread confined)
	at io.netty.buffer.CycleArenaAllocator$ArenaBuf.violation(CycleArenaAllocator.java:1448)
	at io.netty.buffer.CycleArenaAllocator$ArenaBuf.retain(CycleArenaAllocator.java:1351)
	at io.netty.buffer.AbstractDerivedByteBuf.retain0(AbstractDerivedByteBuf.java:58)
	at io.netty.buffer.AbstractDerivedByteBuf.retain(AbstractDerivedByteBuf.java:54)
	at io.netty.channel.uring.IoUringSocketChannel$IoUringSocketUnsafe.handleWriteCompleteZeroCopy(IoUringSocketChannel.java:220)
	at io.netty.channel.uring.IoUringSocketChannel$IoUringSocketUnsafe.writeComplete0(IoUringSocketChannel.java:186)
	at io.netty.channel.uring.AbstractIoUringChannel$AbstractUringUnsafe.writeComplete(AbstractIoUringChannel.java:1003)
	at io.netty.channel.uring.AbstractIoUringChannel$AbstractUringUnsafe.handle(AbstractIoUringChannel.java:474)
	at io.netty.channel.uring.IoUringIoHandler$DefaultIoUringIoRegistration.handle(IoUringIoHandler.java:705)
	at io.netty.channel.uring.IoUringIoHandler.handleFastPath(IoUringIoHandler.java:318)
	at io.netty.channel.uring.IoUringIoHandler.handle(IoUringIoHandler.java:298)
	at io.netty.channel.uring.CompletionQueue.process(CompletionQueue.java:151)
	at io.netty.channel.uring.IoUringIoHandler.processCompletionsAndHandleOverflow(IoUringIoHandler.java:213)
	at io.netty.channel.uring.IoUringIoHandler.run(IoUringIoHandler.java:188)
	at io.netty.channel.SingleThreadIoEventLoop.runIo(SingleThreadIoEventLoop.java:225)
	at io.netty.channel.SingleThreadIoEventLoop.run(SingleThreadIoEventLoop.java:196)
	at io.netty.util.concurrent.SingleThreadEventExecutor$5.run(SingleThreadEventExecutor.java:1204)
	at io.netty.util.internal.ThreadExecutorMap$2.run(ThreadExecutorMap.java:74)
	at io.netty.util.concurrent.FastThreadLocalRunnable.run(FastThreadLocalRunnable.java:30)
	at java.base/java.lang.Thread.run(Thread.java:1583)
07:12:24.181 [multiThreadIoEventLoopGroup-4-1] WARN  i.n.channel.uring.IoUringIoHandler - Unexpected exception in the IO event loop.
java.lang.IllegalStateException: arena buffer of Thread[#27,multiThreadIoEventLoopGroup-3-2,10,main] touched from Thread[#30,multiThreadIoEventLoopGroup-4-1,10,main] (event-loop arena buffers are thread confined)
	at io.netty.buffer.CycleArenaAllocator$ArenaBuf.violation(CycleArenaAllocator.java:1448)
	at io.netty.buffer.CycleArenaAllocator$ArenaBuf.release(CycleArenaAllocator.java:1377)
	at io.netty.buffer.AbstractDerivedByteBuf.release0(AbstractDerivedByteBuf.java:98)
	at io.netty.buffer.AbstractDerivedByteBuf.release(AbstractDerivedByteBuf.java:94)
	at io.netty.channel.uring.IoUringSocketChannel$IoUringSocketUnsafe.handleWriteCompleteZeroCopy(IoUringSocketChannel.java:289)
	at io.netty.channel.uring.IoUringSocketChannel$IoUringSocketUnsafe.writeComplete0(IoUringSocketChannel.java:186)
	at io.netty.channel.uring.AbstractIoUringChannel$AbstractUringUnsafe.writeComplete(AbstractIoUringChannel.java:1003)
	at io.netty.channel.uring.AbstractIoUringChannel$AbstractUringUnsafe.handle(AbstractIoUringChannel.java:474)
	at io.netty.channel.uring.IoUringIoHandler$DefaultIoUringIoRegistration.handle(IoUringIoHandler.java:705)
	at io.netty.channel.uring.IoUringIoHandler.handleFastPath(IoUringIoHandler.java:318)
	at io.netty.channel.uring.IoUringIoHandler.handle(IoUringIoHandler.java:298)
	at io.netty.channel.uring.CompletionQueue.process(CompletionQueue.java:151)
	at io.netty.channel.uring.IoUringIoHandler.processCompletionsAndHandleOverflow(IoUringIoHandler.java:213)
	at io.netty.channel.uring.IoUringIoHandler.run(IoUringIoHandler.java:188)
	at io.netty.channel.SingleThreadIoEventLoop.runIo(SingleThreadIoEventLoop.java:225)
	at io.netty.channel.SingleThreadIoEventLoop.run(SingleThreadIoEventLoop.java:196)
	at io.netty.util.concurrent.SingleThreadEventExecutor$5.run(SingleThreadEventExecutor.java:1204)
	at io.netty.util.internal.ThreadExecutorMap$2.run(ThreadExecutorMap.java:74)
	at io.netty.util.concurrent.FastThreadLocalRunnable.run(FastThreadLocalRunnable.java:30)
	at java.base/java.lang.Thread.run(Thread.java:1583)
07:12:24.184 [multiThreadIoEventLoopGroup-4-3] WARN  io.netty.util.ReferenceCountUtil - Failed to release a message: UnpooledSlicedByteBuf(ridx: 0, widx: 3403, cap: 3403/3403, unwrapped: CycleArenaAllocator$ArenaBuf(ridx: 0, widx: 8192, cap: 8192))
java.lang.IllegalStateException: arena buffer of Thread[#26,multiThreadIoEventLoopGroup-3-1,10,main] touched from Thread[#32,multiThreadIoEventLoopGroup-4-3,10,main] (event-loop arena buffers are thread confined)
	at io.netty.buffer.CycleArenaAllocator$ArenaBuf.violation(CycleArenaAllocator.java:1448)
	at io.netty.buffer.CycleArenaAllocator$ArenaBuf.release(CycleArenaAllocator.java:1377)
	at io.netty.buffer.AbstractDerivedByteBuf.release0(AbstractDerivedByteBuf.java:98)
	at io.netty.buffer.AbstractDerivedByteBuf.release(AbstractDerivedByteBuf.java:94)
	at io.netty.util.ReferenceCountUtil.release(ReferenceCountUtil.java:90)
	at io.netty.util.ReferenceCountUtil.safeRelease(ReferenceCountUtil.java:116)
	at io.netty.channel.ChannelOutboundBuffer.remove(ChannelOutboundBuffer.java:300)
	at io.netty.channel.ChannelOutboundBuffer.removeBytes(ChannelOutboundBuffer.java:382)
	at io.netty.channel.uring.AbstractIoUringStreamChannel$IoUringStreamUnsafe.writeComplete0(AbstractIoUringStreamChannel.java:692)
	at io.netty.channel.uring.IoUringSocketChannel$IoUringSocketUnsafe.writeComplete0(IoUringSocketChannel.java:188)
	at io.netty.channel.uring.AbstractIoUringChannel$AbstractUringUnsafe.writeComplete(AbstractIoUringChannel.java:1003)
	at io.netty.channel.uring.AbstractIoUringChannel$AbstractUringUnsafe.handle(AbstractIoUringChannel.java:474)
	at io.netty.channel.uring.IoUringIoHandler$DefaultIoUringIoRegistration.handle(IoUringIoHandler.java:705)
	at io.netty.channel.uring.IoUringIoHandler.handleFastPath(IoUringIoHandler.java:318)
	at io.netty.channel.uring.IoUringIoHandler.handle(IoUringIoHandler.java:298)
	at io.netty.channel.uring.CompletionQueue.process(CompletionQueue.java:151)
	at io.netty.channel.uring.IoUringIoHandler.processCompletionsAndHandleOverflow(IoUringIoHandler.java:213)
	at io.netty.channel.uring.IoUringIoHandler.run(IoUringIoHandler.java:188)
	at io.netty.channel.SingleThreadIoEventLoop.runIo(SingleThreadIoEventLoop.java:225)
	at io.netty.channel.SingleThreadIoEventLoop.run(SingleThreadIoEventLoop.java:196)
	at io.netty.util.concurrent.SingleThreadEventExecutor$5.run(SingleThreadEventExecutor.java:1204)
	at io.netty.util.internal.ThreadExecutorMap$2.run(ThreadExecutorMap.java:74)
	at io.netty.util.concurrent.FastThreadLocalRunnable.run(FastThreadLocalRunnable.java:30)
	at java.base/java.lang.Thread.run(Thread.java:1583)
07:12:24.184 [multiThreadIoEventLoopGroup-4-3] WARN  i.n.channel.uring.IoUringIoHandler - Unexpected exception in the IO event loop.
java.lang.IllegalStateException: arena buffer of Thread[#27,multiThreadIoEventLoopGroup-3-2,10,main] touched from Thread[#32,multiThreadIoEventLoopGroup-4-3,10,main] (event-loop arena buffers are thread confined)
	at io.netty.buffer.CycleArenaAllocator$ArenaBuf.violation(CycleArenaAllocator.java:1448)
	at io.netty.buffer.CycleArenaAllocator$ArenaBuf.retain(CycleArenaAllocator.java:1351)
	at io.netty.buffer.AbstractDerivedByteBuf.retain0(AbstractDerivedByteBuf.java:58)
	at io.netty.buffer.AbstractDerivedByteBuf.retain(AbstractDerivedByteBuf.java:54)
	at io.netty.channel.uring.IoUringSocketChannel$IoUringSocketUnsafe.handleWriteCompleteZeroCopy(IoUringSocketChannel.java:220)
	at io.netty.channel.uring.IoUringSocketChannel$IoUringSocketUnsafe.writeComplete0(IoUringSocketChannel.java:186)
	at io.netty.channel.uring.AbstractIoUringChannel$AbstractUringUnsafe.writeComplete(AbstractIoUringChannel.java:1003)
	at io.netty.channel.uring.AbstractIoUringChannel$AbstractUringUnsafe.handle(AbstractIoUringChannel.java:474)
	at io.netty.channel.uring.IoUringIoHandler$DefaultIoUringIoRegistration.handle(IoUringIoHandler.java:705)
	at io.netty.channel.uring.IoUringIoHandler.handleFastPath(IoUringIoHandler.java:318)
	at io.netty.channel.uring.IoUringIoHandler.handle(IoUringIoHandler.java:298)
	at io.netty.channel.uring.CompletionQueue.process(CompletionQueue.java:151)
	at io.netty.channel.uring.IoUringIoHandler.processCompletionsAndHandleOverflow(IoUringIoHandler.java:213)
	at io.netty.channel.uring.IoUringIoHandler.run(IoUringIoHandler.java:188)
	at io.netty.channel.SingleThreadIoEventLoop.runIo(SingleThreadIoEventLoop.java:225)
	at io.netty.channel.SingleThreadIoEventLoop.run(SingleThreadIoEventLoop.java:196)
	at io.netty.util.concurrent.SingleThreadEventExecutor$5.run(SingleThreadEventExecutor.java:1204)
	at io.netty.util.internal.ThreadExecutorMap$2.run(ThreadExecutorMap.java:74)
	at io.netty.util.concurrent.FastThreadLocalRunnable.run(FastThreadLocalRunnable.java:30)
	at java.base/java.lang.Thread.run(Thread.java:1583)
07:12:24.187 [multiThreadIoEventLoopGroup-4-2] WARN  i.n.channel.uring.IoUringIoHandler - Unexpected exception in the IO event loop.
java.lang.IllegalStateException: arena buffer of Thread[#28,multiThreadIoEventLoopGroup-3-3,10,main] touched from Thread[#31,multiThreadIoEventLoopGroup-4-2,10,main] (event-loop arena buffers are thread confined)
	at io.netty.buffer.CycleArenaAllocator$ArenaBuf.violation(CycleArenaAllocator.java:1448)
	at io.netty.buffer.CycleArenaAllocator$ArenaBuf.release(CycleArenaAllocator.java:1377)
	at io.netty.buffer.AbstractDerivedByteBuf.release0(AbstractDerivedByteBuf.java:98)
	at io.netty.buffer.AbstractDerivedByteBuf.release(AbstractDerivedByteBuf.java:94)
	at io.netty.channel.uring.IoUringSocketChannel$IoUringSocketUnsafe.handleWriteCompleteZeroCopy(IoUringSocketChannel.java:289)
	at io.netty.channel.uring.IoUringSocketChannel$IoUringSocketUnsafe.writeComplete0(IoUringSocketChannel.java:186)
	at io.netty.channel.uring.AbstractIoUringChannel$AbstractUringUnsafe.writeComplete(AbstractIoUringChannel.java:1003)
	at io.netty.channel.uring.AbstractIoUringChannel$AbstractUringUnsafe.handle(AbstractIoUringChannel.java:474)
	at io.netty.channel.uring.IoUringIoHandler$DefaultIoUringIoRegistration.handle(IoUringIoHandler.java:705)
	at io.netty.channel.uring.IoUringIoHandler.handleFastPath(IoUringIoHandler.java:318)
	at io.netty.channel.uring.IoUringIoHandler.handle(IoUringIoHandler.java:298)
	at io.netty.channel.uring.CompletionQueue.process(CompletionQueue.java:151)
	at io.netty.channel.uring.IoUringIoHandler.processCompletionsAndHandleOverflow(IoUringIoHandler.java:213)
	at io.netty.channel.uring.IoUringIoHandler.run(IoUringIoHandler.java:188)
	at io.netty.channel.SingleThreadIoEventLoop.runIo(SingleThreadIoEventLoop.java:225)
	at io.netty.channel.SingleThreadIoEventLoop.run(SingleThreadIoEventLoop.java:196)
	at io.netty.util.concurrent.SingleThreadEventExecutor$5.run(SingleThreadEventExecutor.java:1204)
	at io.netty.util.internal.ThreadExecutorMap$2.run(ThreadExecutorMap.java:74)
	at io.netty.util.concurrent.FastThreadLocalRunnable.run(FastThreadLocalRunnable.java:30)
	at java.base/java.lang.Thread.run(Thread.java:1583)
07:12:24.208 [multiThreadIoEventLoopGroup-4-4] WARN  io.netty.util.ReferenceCountUtil - Failed to release a message: UnpooledSlicedByteBuf(ridx: 0, widx: 3007, cap: 3007/3007, unwrapped: CycleArenaAllocator$ArenaBuf(ridx: 0, widx: 8192, cap: 8192))
java.lang.IllegalStateException: arena buffer of Thread[#29,multiThreadIoEventLoopGroup-3-4,10,main] touched from Thread[#33,multiThreadIoEventLoopGroup-4-4,10,main] (event-loop arena buffers are thread confined)
	at io.netty.buffer.CycleArenaAllocator$ArenaBuf.violation(CycleArenaAllocator.java:1448)
	at io.netty.buffer.CycleArenaAllocator$ArenaBuf.release(CycleArenaAllocator.java:1377)
	at io.netty.buffer.AbstractDerivedByteBuf.release0(AbstractDerivedByteBuf.java:98)
	at io.netty.buffer.AbstractDerivedByteBuf.release(AbstractDerivedByteBuf.java:94)
	at io.netty.util.ReferenceCountUtil.release(ReferenceCountUtil.java:90)
	at io.netty.util.ReferenceCountUtil.safeRelease(ReferenceCountUtil.java:116)
	at io.netty.channel.ChannelOutboundBuffer.remove(ChannelOutboundBuffer.java:300)
	at io.netty.channel.ChannelOutboundBuffer.removeBytes(ChannelOutboundBuffer.java:382)
	at io.netty.channel.uring.AbstractIoUringStreamChannel$IoUringStreamUnsafe.writeComplete0(AbstractIoUringStreamChannel.java:692)
	at io.netty.channel.uring.IoUringSocketChannel$IoUringSocketUnsafe.writeComplete0(IoUringSocketChannel.java:188)
	at io.netty.channel.uring.AbstractIoUringChannel$AbstractUringUnsafe.writeComplete(AbstractIoUringChannel.java:1003)
	at io.netty.channel.uring.AbstractIoUringChannel$AbstractUringUnsafe.handle(AbstractIoUringChannel.java:474)
	at io.netty.channel.uring.IoUringIoHandler$DefaultIoUringIoRegistration.handle(IoUringIoHandler.java:705)
	at io.netty.channel.uring.IoUringIoHandler.handleFastPath(IoUringIoHandler.java:318)
	at io.netty.channel.uring.IoUringIoHandler.handle(IoUringIoHandler.java:298)
	at io.netty.channel.uring.CompletionQueue.process(CompletionQueue.java:151)
	at io.netty.channel.uring.IoUringIoHandler.processCompletionsAndHandleOverflow(IoUringIoHandler.java:213)
	at io.netty.channel.uring.IoUringIoHandler.run(IoUringIoHandler.java:188)
	at io.netty.channel.SingleThreadIoEventLoop.runIo(SingleThreadIoEventLoop.java:225)
	at io.netty.channel.SingleThreadIoEventLoop.run(SingleThreadIoEventLoop.java:196)
	at io.netty.util.concurrent.SingleThreadEventExecutor$5.run(SingleThreadEventExecutor.java:1204)
	at io.netty.util.internal.ThreadExecutorMap$2.run(ThreadExecutorMap.java:74)
	at io.netty.util.concurrent.FastThreadLocalRunnable.run(FastThreadLocalRunnable.java:30)
	at java.base/java.lang.Thread.run(Thread.java:1583)
07:12:24.211 [multiThreadIoEventLoopGroup-4-4] WARN  i.n.channel.uring.IoUringIoHandler - Unexpected exception in the IO event loop.
java.lang.IllegalStateException: arena buffer of Thread[#29,multiThreadIoEventLoopGroup-3-4,10,main] touched from Thread[#33,multiThreadIoEventLoopGroup-4-4,10,main] (event-loop arena buffers are thread confined)
	at io.netty.buffer.CycleArenaAllocator$ArenaBuf.violation(CycleArenaAllocator.java:1448)
	at io.netty.buffer.CycleArenaAllocator$ArenaBuf.retain(CycleArenaAllocator.java:1351)
	at io.netty.buffer.AbstractDerivedByteBuf.retain0(AbstractDerivedByteBuf.java:58)
	at io.netty.buffer.AbstractDerivedByteBuf.retain(AbstractDerivedByteBuf.java:54)
	at io.netty.channel.uring.IoUringSocketChannel$IoUringSocketUnsafe.handleWriteCompleteZeroCopy(IoUringSocketChannel.java:220)
	at io.netty.channel.uring.IoUringSocketChannel$IoUringSocketUnsafe.writeComplete0(IoUringSocketChannel.java:186)
	at io.netty.channel.uring.AbstractIoUringChannel$AbstractUringUnsafe.writeComplete(AbstractIoUringChannel.java:1003)
	at io.netty.channel.uring.AbstractIoUringChannel$AbstractUringUnsafe.handle(AbstractIoUringChannel.java:474)
	at io.netty.channel.uring.IoUringIoHandler$DefaultIoUringIoRegistration.handle(IoUringIoHandler.java:705)
	at io.netty.channel.uring.IoUringIoHandler.handleFastPath(IoUringIoHandler.java:318)
	at io.netty.channel.uring.IoUringIoHandler.handle(IoUringIoHandler.java:298)
	at io.netty.channel.uring.CompletionQueue.process(CompletionQueue.java:151)
	at io.netty.channel.uring.IoUringIoHandler.processCompletionsAndHandleOverflow(IoUringIoHandler.java:213)
	at io.netty.channel.uring.IoUringIoHandler.run(IoUringIoHandler.java:188)
	at io.netty.channel.SingleThreadIoEventLoop.runIo(SingleThreadIoEventLoop.java:225)
	at io.netty.channel.SingleThreadIoEventLoop.run(SingleThreadIoEventLoop.java:196)
	at io.netty.util.concurrent.SingleThreadEventExecutor$5.run(SingleThreadEventExecutor.java:1204)
	at io.netty.util.internal.ThreadExecutorMap$2.run(ThreadExecutorMap.java:74)
	at io.netty.util.concurrent.FastThreadLocalRunnable.run(FastThreadLocalRunnable.java:30)
	at java.base/java.lang.Thread.run(Thread.java:1583)
07:12:24.282 [multiThreadIoEventLoopGroup-4-1] WARN  i.n.channel.uring.IoUringIoHandler - Unexpected exception in the IO event loop.
java.lang.IllegalStateException: arena buffer of Thread[#28,multiThreadIoEventLoopGroup-3-3,10,main] touched from Thread[#30,multiThreadIoEventLoopGroup-4-1,10,main] (event-loop arena buffers are thread confined)
	at io.netty.buffer.CycleArenaAllocator$ArenaBuf.violation(CycleArenaAllocator.java:1448)
	at io.netty.buffer.CycleArenaAllocator$ArenaBuf.release(CycleArenaAllocator.java:1377)
	at io.netty.buffer.AbstractDerivedByteBuf.release0(AbstractDerivedByteBuf.java:98)
	at io.netty.buffer.AbstractDerivedByteBuf.release(AbstractDerivedByteBuf.java:94)
	at io.netty.channel.uring.IoUringSocketChannel$IoUringSocketUnsafe.handleWriteCompleteZeroCopy(IoUringSocketChannel.java:289)
	at io.netty.channel.uring.IoUringSocketChannel$IoUringSocketUnsafe.writeComplete0(IoUringSocketChannel.java:186)
	at io.netty.channel.uring.AbstractIoUringChannel$AbstractUringUnsafe.writeComplete(AbstractIoUringChannel.java:1003)
	at io.netty.channel.uring.AbstractIoUringChannel$AbstractUringUnsafe.handle(AbstractIoUringChannel.java:474)
	at io.netty.channel.uring.IoUringIoHandler$DefaultIoUringIoRegistration.handle(IoUringIoHandler.java:705)
	at io.netty.channel.uring.IoUringIoHandler.handleFastPath(IoUringIoHandler.java:318)
	at io.netty.channel.uring.IoUringIoHandler.handle(IoUringIoHandler.java:298)
	at io.netty.channel.uring.CompletionQueue.process(CompletionQueue.java:151)
	at io.netty.channel.uring.IoUringIoHandler.processCompletionsAndHandleOverflow(IoUringIoHandler.java:213)
	at io.netty.channel.uring.IoUringIoHandler.run(IoUringIoHandler.java:188)
	at io.netty.channel.SingleThreadIoEventLoop.runIo(SingleThreadIoEventLoop.java:225)
	at io.netty.channel.SingleThreadIoEventLoop.run(SingleThreadIoEventLoop.java:196)
	at io.netty.util.concurrent.SingleThreadEventExecutor$5.run(SingleThreadEventExecutor.java:1204)
	at io.netty.util.internal.ThreadExecutorMap$2.run(ThreadExecutorMap.java:74)
	at io.netty.util.concurrent.FastThreadLocalRunnable.run(FastThreadLocalRunnable.java:30)
	at java.base/java.lang.Thread.run(Thread.java:1583)
07:12:24.288 [multiThreadIoEventLoopGroup-4-3] WARN  io.netty.util.ReferenceCountUtil - Failed to release a message: UnpooledSlicedByteBuf(ridx: 0, widx: 3403, cap: 3403/3403, unwrapped: CycleArenaAllocator$ArenaBuf(ridx: 0, widx: 8192, cap: 8192))
java.lang.IllegalStateException: arena buffer of Thread[#27,multiThreadIoEventLoopGroup-3-2,10,main] touched from Thread[#32,multiThreadIoEventLoopGroup-4-3,10,main] (event-loop arena buffers are thread confined)
	at io.netty.buffer.CycleArenaAllocator$ArenaBuf.violation(CycleArenaAllocator.java:1448)
	at io.netty.buffer.CycleArenaAllocator$ArenaBuf.release(CycleArenaAllocator.java:1377)
	at io.netty.buffer.AbstractDerivedByteBuf.release0(AbstractDerivedByteBuf.java:98)
	at io.netty.buffer.AbstractDerivedByteBuf.release(AbstractDerivedByteBuf.java:94)
	at io.netty.util.ReferenceCountUtil.release(ReferenceCountUtil.java:90)
	at io.netty.util.ReferenceCountUtil.safeRelease(ReferenceCountUtil.java:116)
	at io.netty.channel.ChannelOutboundBuffer.remove(ChannelOutboundBuffer.java:300)
	at io.netty.channel.ChannelOutboundBuffer.removeBytes(ChannelOutboundBuffer.java:382)
	at io.netty.channel.uring.AbstractIoUringStreamChannel$IoUringStreamUnsafe.writeComplete0(AbstractIoUringStreamChannel.java:692)
	at io.netty.channel.uring.IoUringSocketChannel$IoUringSocketUnsafe.writeComplete0(IoUringSocketChannel.java:188)
	at io.netty.channel.uring.AbstractIoUringChannel$AbstractUringUnsafe.writeComplete(AbstractIoUringChannel.java:1003)
	at io.netty.channel.uring.AbstractIoUringChannel$AbstractUringUnsafe.handle(AbstractIoUringChannel.java:474)
	at io.netty.channel.uring.IoUringIoHandler$DefaultIoUringIoRegistration.handle(IoUringIoHandler.java:705)
	at io.netty.channel.uring.IoUringIoHandler.handleFastPath(IoUringIoHandler.java:318)
	at io.netty.channel.uring.IoUringIoHandler.handle(IoUringIoHandler.java:298)
	at io.netty.channel.uring.CompletionQueue.process(CompletionQueue.java:151)
	at io.netty.channel.uring.IoUringIoHandler.processCompletionsAndHandleOverflow(IoUringIoHandler.java:213)
	at io.netty.channel.uring.IoUringIoHandler.run(IoUringIoHandler.java:188)
	at io.netty.channel.SingleThreadIoEventLoop.runIo(SingleThreadIoEventLoop.java:225)
	at io.netty.channel.SingleThreadIoEventLoop.run(SingleThreadIoEventLoop.java:196)
	at io.netty.util.concurrent.SingleThreadEventExecutor$5.run(SingleThreadEventExecutor.java:1204)
	at io.netty.util.internal.ThreadExecutorMap$2.run(ThreadExecutorMap.java:74)
	at io.netty.util.concurrent.FastThreadLocalRunnable.run(FastThreadLocalRunnable.java:30)
	at java.base/java.lang.Thread.run(Thread.java:1583)
07:12:24.289 [multiThreadIoEventLoopGroup-4-3] WARN  i.n.channel.uring.IoUringIoHandler - Unexpected exception in the IO event loop.
java.lang.IllegalStateException: arena buffer of Thread[#27,multiThreadIoEventLoopGroup-3-2,10,main] touched from Thread[#32,multiThreadIoEventLoopGroup-4-3,10,main] (event-loop arena buffers are thread confined)
	at io.netty.buffer.CycleArenaAllocator$ArenaBuf.violation(CycleArenaAllocator.java:1448)
	at io.netty.buffer.CycleArenaAllocator$ArenaBuf.retain(CycleArenaAllocator.java:1351)
	at io.netty.buffer.AbstractDerivedByteBuf.retain0(AbstractDerivedByteBuf.java:58)
	at io.netty.buffer.AbstractDerivedByteBuf.retain(AbstractDerivedByteBuf.java:54)
	at io.netty.channel.uring.IoUringSocketChannel$IoUringSocketUnsafe.handleWriteCompleteZeroCopy(IoUringSocketChannel.java:220)
	at io.netty.channel.uring.IoUringSocketChannel$IoUringSocketUnsafe.writeComplete0(IoUringSocketChannel.java:186)
	at io.netty.channel.uring.AbstractIoUringChannel$AbstractUringUnsafe.writeComplete(AbstractIoUringChannel.java:1003)
	at io.netty.channel.uring.AbstractIoUringChannel$AbstractUringUnsafe.handle(AbstractIoUringChannel.java:474)
	at io.netty.channel.uring.IoUringIoHandler$DefaultIoUringIoRegistration.handle(IoUringIoHandler.java:705)
	at io.netty.channel.uring.IoUringIoHandler.handleFastPath(IoUringIoHandler.java:318)
	at io.netty.channel.uring.IoUringIoHandler.handle(IoUringIoHandler.java:298)
	at io.netty.channel.uring.CompletionQueue.process(CompletionQueue.java:151)
	at io.netty.channel.uring.IoUringIoHandler.processCompletionsAndHandleOverflow(IoUringIoHandler.java:213)
	at io.netty.channel.uring.IoUringIoHandler.run(IoUringIoHandler.java:188)
	at io.netty.channel.SingleThreadIoEventLoop.runIo(SingleThreadIoEventLoop.java:225)
	at io.netty.channel.SingleThreadIoEventLoop.run(SingleThreadIoEventLoop.java:196)
	at io.netty.util.concurrent.SingleThreadEventExecutor$5.run(SingleThreadEventExecutor.java:1204)
	at io.netty.util.internal.ThreadExecutorMap$2.run(ThreadExecutorMap.java:74)
	at io.netty.util.concurrent.FastThreadLocalRunnable.run(FastThreadLocalRunnable.java:30)
	at java.base/java.lang.Thread.run(Thread.java:1583)
07:12:24.289 [multiThreadIoEventLoopGroup-4-2] WARN  i.n.channel.uring.IoUringIoHandler - Unexpected exception in the IO event loop.
java.lang.IllegalStateException: arena buffer of Thread[#29,multiThreadIoEventLoopGroup-3-4,10,main] touched from Thread[#31,multiThreadIoEventLoopGroup-4-2,10,main] (event-loop arena buffers are thread confined)
	at io.netty.buffer.CycleArenaAllocator$ArenaBuf.violation(CycleArenaAllocator.java:1448)
	at io.netty.buffer.CycleArenaAllocator$ArenaBuf.release(CycleArenaAllocator.java:1377)
	at io.netty.buffer.AbstractDerivedByteBuf.release0(AbstractDerivedByteBuf.java:98)
	at io.netty.buffer.AbstractDerivedByteBuf.release(AbstractDerivedByteBuf.java:94)
	at io.netty.channel.uring.IoUringSocketChannel$IoUringSocketUnsafe.handleWriteCompleteZeroCopy(IoUringSocketChannel.java:289)
	at io.netty.channel.uring.IoUringSocketChannel$IoUringSocketUnsafe.writeComplete0(IoUringSocketChannel.java:186)
	at io.netty.channel.uring.AbstractIoUringChannel$AbstractUringUnsafe.writeComplete(AbstractIoUringChannel.java:1003)
	at io.netty.channel.uring.AbstractIoUringChannel$AbstractUringUnsafe.handle(AbstractIoUringChannel.java:474)
	at io.netty.channel.uring.IoUringIoHandler$DefaultIoUringIoRegistration.handle(IoUringIoHandler.java:705)
	at io.netty.channel.uring.IoUringIoHandler.handleFastPath(IoUringIoHandler.java:318)
	at io.netty.channel.uring.IoUringIoHandler.handle(IoUringIoHandler.java:298)
	at io.netty.channel.uring.CompletionQueue.process(CompletionQueue.java:151)
	at io.netty.channel.uring.IoUringIoHandler.processCompletionsAndHandleOverflow(IoUringIoHandler.java:213)
	at io.netty.channel.uring.IoUringIoHandler.run(IoUringIoHandler.java:188)
	at io.netty.channel.SingleThreadIoEventLoop.runIo(SingleThreadIoEventLoop.java:225)
	at io.netty.channel.SingleThreadIoEventLoop.run(SingleThreadIoEventLoop.java:196)
	at io.netty.util.concurrent.SingleThreadEventExecutor$5.run(SingleThreadEventExecutor.java:1204)
	at io.netty.util.internal.ThreadExecutorMap$2.run(ThreadExecutorMap.java:74)
	at io.netty.util.concurrent.FastThreadLocalRunnable.run(FastThreadLocalRunnable.java:30)
	at java.base/java.lang.Thread.run(Thread.java:1583)
07:12:24.311 [multiThreadIoEventLoopGroup-4-4] WARN  io.netty.util.ReferenceCountUtil - Failed to release a message: UnpooledSlicedByteBuf(ridx: 0, widx: 2809, cap: 2809/2809, unwrapped: CycleArenaAllocator$ArenaBuf(ridx: 0, widx: 8192, cap: 8192))
java.lang.IllegalStateException: arena buffer of Thread[#29,multiThreadIoEventLoopGroup-3-4,10,main] touched from Thread[#33,multiThreadIoEventLoopGroup-4-4,10,main] (event-loop arena buffers are thread confined)
	at io.netty.buffer.CycleArenaAllocator$ArenaBuf.violation(CycleArenaAllocator.java:1448)
	at io.netty.buffer.CycleArenaAllocator$ArenaBuf.release(CycleArenaAllocator.java:1377)
	at io.netty.buffer.AbstractDerivedByteBuf.release0(AbstractDerivedByteBuf.java:98)
	at io.netty.buffer.AbstractDerivedByteBuf.release(AbstractDerivedByteBuf.java:94)
	at io.netty.util.ReferenceCountUtil.release(ReferenceCountUtil.java:90)
	at io.netty.util.ReferenceCountUtil.safeRelease(ReferenceCountUtil.java:116)
	at io.netty.channel.ChannelOutboundBuffer.remove(ChannelOutboundBuffer.java:300)
	at io.netty.channel.ChannelOutboundBuffer.removeBytes(ChannelOutboundBuffer.java:382)
	at io.netty.channel.uring.AbstractIoUringStreamChannel$IoUringStreamUnsafe.writeComplete0(AbstractIoUringStreamChannel.java:692)
	at io.netty.channel.uring.IoUringSocketChannel$IoUringSocketUnsafe.writeComplete0(IoUringSocketChannel.java:188)
	at io.netty.channel.uring.AbstractIoUringChannel$AbstractUringUnsafe.writeComplete(AbstractIoUringChannel.java:1003)
	at io.netty.channel.uring.AbstractIoUringChannel$AbstractUringUnsafe.handle(AbstractIoUringChannel.java:474)
	at io.netty.channel.uring.IoUringIoHandler$DefaultIoUringIoRegistration.handle(IoUringIoHandler.java:705)
	at io.netty.channel.uring.IoUringIoHandler.handleFastPath(IoUringIoHandler.java:318)
	at io.netty.channel.uring.IoUringIoHandler.handle(IoUringIoHandler.java:298)
	at io.netty.channel.uring.CompletionQueue.process(CompletionQueue.java:151)
	at io.netty.channel.uring.IoUringIoHandler.processCompletionsAndHandleOverflow(IoUringIoHandler.java:213)
	at io.netty.channel.uring.IoUringIoHandler.run(IoUringIoHandler.java:188)
	at io.netty.channel.SingleThreadIoEventLoop.runIo(SingleThreadIoEventLoop.java:225)
	at io.netty.channel.SingleThreadIoEventLoop.run(SingleThreadIoEventLoop.java:196)
	at io.netty.util.concurrent.SingleThreadEventExecutor$5.run(SingleThreadEventExecutor.java:1204)
	at io.netty.util.internal.ThreadExecutorMap$2.run(ThreadExecutorMap.java:74)
	at io.netty.util.concurrent.FastThreadLocalRunnable.run(FastThreadLocalRunnable.java:30)
	at java.base/java.lang.Thread.run(Thread.java:1583)
07:12:24.312 [multiThreadIoEventLoopGroup-4-4] WARN  i.n.channel.uring.IoUringIoHandler - Unexpected exception in the IO event loop.
java.lang.IllegalStateException: arena buffer of Thread[#29,multiThreadIoEventLoopGroup-3-4,10,main] touched from Thread[#33,multiThreadIoEventLoopGroup-4-4,10,main] (event-loop arena buffers are thread confined)
	at io.netty.buffer.CycleArenaAllocator$ArenaBuf.violation(CycleArenaAllocator.java:1448)
	at io.netty.buffer.CycleArenaAllocator$ArenaBuf.retain(CycleArenaAllocator.java:1351)
	at io.netty.buffer.AbstractDerivedByteBuf.retain0(AbstractDerivedByteBuf.java:58)
	at io.netty.buffer.AbstractDerivedByteBuf.retain(AbstractDerivedByteBuf.java:54)
	at io.netty.channel.uring.IoUringSocketChannel$IoUringSocketUnsafe.handleWriteCompleteZeroCopy(IoUringSocketChannel.java:220)
	at io.netty.channel.uring.IoUringSocketChannel$IoUringSocketUnsafe.writeComplete0(IoUringSocketChannel.java:186)
	at io.netty.channel.uring.AbstractIoUringChannel$AbstractUringUnsafe.writeComplete(AbstractIoUringChannel.java:1003)
	at io.netty.channel.uring.AbstractIoUringChannel$AbstractUringUnsafe.handle(AbstractIoUringChannel.java:474)
	at io.netty.channel.uring.IoUringIoHandler$DefaultIoUringIoRegistration.handle(IoUringIoHandler.java:705)
	at io.netty.channel.uring.IoUringIoHandler.handleFastPath(IoUringIoHandler.java:318)
	at io.netty.channel.uring.IoUringIoHandler.handle(IoUringIoHandler.java:298)
	at io.netty.channel.uring.CompletionQueue.process(CompletionQueue.java:151)
	at io.netty.channel.uring.IoUringIoHandler.processCompletionsAndHandleOverflow(IoUringIoHandler.java:213)
	at io.netty.channel.uring.IoUringIoHandler.run(IoUringIoHandler.java:188)
	at io.netty.channel.SingleThreadIoEventLoop.runIo(SingleThreadIoEventLoop.java:225)
	at io.netty.channel.SingleThreadIoEventLoop.run(SingleThreadIoEventLoop.java:196)
	at io.netty.util.concurrent.SingleThreadEventExecutor$5.run(SingleThreadEventExecutor.java:1204)
	at io.netty.util.internal.ThreadExecutorMap$2.run(ThreadExecutorMap.java:74)
	at io.netty.util.concurrent.FastThreadLocalRunnable.run(FastThreadLocalRunnable.java:30)
	at java.base/java.lang.Thread.run(Thread.java:1583)
07:12:24.384 [multiThreadIoEventLoopGroup-3-2] WARN  io.netty.util.ReferenceCountUtil - Failed to release a message: UnpooledSlicedByteBuf(ridx: 0, widx: 3666, cap: 3666/3666, unwrapped: CycleArenaAllocator$ArenaBuf(ridx: 0, widx: 8192, cap: 8192))
java.lang.IllegalStateException: arena buffer of Thread[#30,multiThreadIoEventLoopGroup-4-1,10,main] touched from Thread[#27,multiThreadIoEventLoopGroup-3-2,10,main] (event-loop arena buffers are thread confined)
	at io.netty.buffer.CycleArenaAllocator$ArenaBuf.violation(CycleArenaAllocator.java:1448)
	at io.netty.buffer.CycleArenaAllocator$ArenaBuf.release(CycleArenaAllocator.java:1377)
	at io.netty.buffer.AbstractDerivedByteBuf.release0(AbstractDerivedByteBuf.java:98)
	at io.netty.buffer.AbstractDerivedByteBuf.release(AbstractDerivedByteBuf.java:94)
	at io.netty.util.ReferenceCountUtil.release(ReferenceCountUtil.java:90)
	at io.netty.util.ReferenceCountUtil.safeRelease(ReferenceCountUtil.java:116)
	at io.netty.channel.ChannelOutboundBuffer.remove(ChannelOutboundBuffer.java:300)
	at io.netty.channel.ChannelOutboundBuffer.removeBytes(ChannelOutboundBuffer.java:382)
	at io.netty.channel.uring.AbstractIoUringStreamChannel$IoUringStreamUnsafe.writeComplete0(AbstractIoUringStreamChannel.java:692)
	at io.netty.channel.uring.IoUringSocketChannel$IoUringSocketUnsafe.writeComplete0(IoUringSocketChannel.java:188)
	at io.netty.channel.uring.AbstractIoUringChannel$AbstractUringUnsafe.writeComplete(AbstractIoUringChannel.java:1003)
	at io.netty.channel.uring.AbstractIoUringChannel$AbstractUringUnsafe.handle(AbstractIoUringChannel.java:474)
	at io.netty.channel.uring.IoUringIoHandler$DefaultIoUringIoRegistration.handle(IoUringIoHandler.java:705)
	at io.netty.channel.uring.IoUringIoHandler.handleFastPath(IoUringIoHandler.java:318)
	at io.netty.channel.uring.IoUringIoHandler.handle(IoUringIoHandler.java:298)
	at io.netty.channel.uring.CompletionQueue.process(CompletionQueue.java:151)
	at io.netty.channel.uring.IoUringIoHandler.processCompletionsAndHandleOverflow(IoUringIoHandler.java:213)
	at io.netty.channel.uring.IoUringIoHandler.run(IoUringIoHandler.java:188)
	at io.netty.channel.SingleThreadIoEventLoop.runIo(SingleThreadIoEventLoop.java:225)
	at io.netty.channel.SingleThreadIoEventLoop.run(SingleThreadIoEventLoop.java:196)
	at io.netty.util.concurrent.SingleThreadEventExecutor$5.run(SingleThreadEventExecutor.java:1204)
	at io.netty.util.internal.ThreadExecutorMap$2.run(ThreadExecutorMap.java:74)
	at io.netty.util.concurrent.FastThreadLocalRunnable.run(FastThreadLocalRunnable.java:30)
	at java.base/java.lang.Thread.run(Thread.java:1583)
07:12:24.384 [multiThreadIoEventLoopGroup-3-1] WARN  i.n.channel.uring.IoUringIoHandler - Unexpected exception in the IO event loop.
java.lang.IllegalStateException: arena buffer of Thread[#30,multiThreadIoEventLoopGroup-4-1,10,main] touched from Thread[#26,multiThreadIoEventLoopGroup-3-1,10,main] (event-loop arena buffers are thread confined)
	at io.netty.buffer.CycleArenaAllocator$ArenaBuf.violation(CycleArenaAllocator.java:1448)
	at io.netty.buffer.CycleArenaAllocator$ArenaBuf.retain(CycleArenaAllocator.java:1351)
	at io.netty.buffer.AbstractDerivedByteBuf.retain0(AbstractDerivedByteBuf.java:58)
	at io.netty.buffer.AbstractDerivedByteBuf.retain(AbstractDerivedByteBuf.java:54)
	at io.netty.channel.uring.IoUringSocketChannel$IoUringSocketUnsafe.handleWriteCompleteZeroCopy(IoUringSocketChannel.java:220)
	at io.netty.channel.uring.IoUringSocketChannel$IoUringSocketUnsafe.writeComplete0(IoUringSocketChannel.java:186)
	at io.netty.channel.uring.AbstractIoUringChannel$AbstractUringUnsafe.writeComplete(AbstractIoUringChannel.java:1003)
	at io.netty.channel.uring.AbstractIoUringChannel$AbstractUringUnsafe.handle(AbstractIoUringChannel.java:474)
	at io.netty.channel.uring.IoUringIoHandler$DefaultIoUringIoRegistration.handle(IoUringIoHandler.java:705)
	at io.netty.channel.uring.IoUringIoHandler.handleFastPath(IoUringIoHandler.java:318)
	at io.netty.channel.uring.IoUringIoHandler.handle(IoUringIoHandler.java:298)
	at io.netty.channel.uring.CompletionQueue.process(CompletionQueue.java:151)
	at io.netty.channel.uring.IoUringIoHandler.processCompletionsAndHandleOverflow(IoUringIoHandler.java:213)
	at io.netty.channel.uring.IoUringIoHandler.run(IoUringIoHandler.java:188)
	at io.netty.channel.SingleThreadIoEventLoop.runIo(SingleThreadIoEventLoop.java:225)
	at io.netty.channel.SingleThreadIoEventLoop.run(SingleThreadIoEventLoop.java:196)
	at io.netty.util.concurrent.SingleThreadEventExecutor$5.run(SingleThreadEventExecutor.java:1204)
	at io.netty.util.internal.ThreadExecutorMap$2.run(ThreadExecutorMap.java:74)
	at io.netty.util.concurrent.FastThreadLocalRunnable.run(FastThreadLocalRunnable.java:30)
	at java.base/java.lang.Thread.run(Thread.java:1583)
07:12:24.384 [multiThreadIoEventLoopGroup-3-2] WARN  io.netty.util.ReferenceCountUtil - Failed to release a message: UnpooledSlicedByteBuf(ridx: 0, widx: 860, cap: 860/860, unwrapped: CycleArenaAllocator$ArenaBuf(ridx: 0, widx: 8192, cap: 8192))
java.lang.IllegalStateException: arena buffer of Thread[#30,multiThreadIoEventLoopGroup-4-1,10,main] touched from Thread[#27,multiThreadIoEventLoopGroup-3-2,10,main] (event-loop arena buffers are thread confined)
	at io.netty.buffer.CycleArenaAllocator$ArenaBuf.violation(CycleArenaAllocator.java:1448)
	at io.netty.buffer.CycleArenaAllocator$ArenaBuf.release(CycleArenaAllocator.java:1377)
	at io.netty.buffer.AbstractDerivedByteBuf.release0(AbstractDerivedByteBuf.java:98)
	at io.netty.buffer.AbstractDerivedByteBuf.release(AbstractDerivedByteBuf.java:94)
	at io.netty.util.ReferenceCountUtil.release(ReferenceCountUtil.java:90)
	at io.netty.util.ReferenceCountUtil.safeRelease(ReferenceCountUtil.java:116)
	at io.netty.channel.ChannelOutboundBuffer.remove(ChannelOutboundBuffer.java:300)
	at io.netty.channel.ChannelOutboundBuffer.removeBytes(ChannelOutboundBuffer.java:382)
	at io.netty.channel.uring.AbstractIoUringStreamChannel$IoUringStreamUnsafe.writeComplete0(AbstractIoUringStreamChannel.java:692)
	at io.netty.channel.uring.IoUringSocketChannel$IoUringSocketUnsafe.writeComplete0(IoUringSocketChannel.java:188)
	at io.netty.channel.uring.AbstractIoUringChannel$AbstractUringUnsafe.writeComplete(AbstractIoUringChannel.java:1003)
	at io.netty.channel.uring.AbstractIoUringChannel$AbstractUringUnsafe.handle(AbstractIoUringChannel.java:474)
	at io.netty.channel.uring.IoUringIoHandler$DefaultIoUringIoRegistration.handle(IoUringIoHandler.java:705)
	at io.netty.channel.uring.IoUringIoHandler.handleFastPath(IoUringIoHandler.java:318)
	at io.netty.channel.uring.IoUringIoHandler.handle(IoUringIoHandler.java:298)
	at io.netty.channel.uring.CompletionQueue.process(CompletionQueue.java:151)
	at io.netty.channel.uring.IoUringIoHandler.processCompletionsAndHandleOverflow(IoUringIoHandler.java:213)
	at io.netty.channel.uring.IoUringIoHandler.run(IoUringIoHandler.java:188)
	at io.netty.channel.SingleThreadIoEventLoop.runIo(SingleThreadIoEventLoop.java:225)
	at io.netty.channel.SingleThreadIoEventLoop.run(SingleThreadIoEventLoop.java:196)
	at io.netty.util.concurrent.SingleThreadEventExecutor$5.run(SingleThreadEventExecutor.java:1204)
	at io.netty.util.internal.ThreadExecutorMap$2.run(ThreadExecutorMap.java:74)
	at io.netty.util.concurrent.FastThreadLocalRunnable.run(FastThreadLocalRunnable.java:30)
	at java.base/java.lang.Thread.run(Thread.java:1583)
07:12:24.386 [multiThreadIoEventLoopGroup-3-3] WARN  io.netty.util.ReferenceCountUtil - Failed to release a message: UnpooledSlicedByteBuf(ridx: 0, widx: 2795, cap: 2795/2795, unwrapped: CycleArenaAllocator$ArenaBuf(ridx: 0, widx: 8192, cap: 8192))
java.lang.IllegalStateException: arena buffer of Thread[#30,multiThreadIoEventLoopGroup-4-1,10,main] touched from Thread[#28,multiThreadIoEventLoopGroup-3-3,10,main] (event-loop arena buffers are thread confined)
	at io.netty.buffer.CycleArenaAllocator$ArenaBuf.violation(CycleArenaAllocator.java:1448)
	at io.netty.buffer.CycleArenaAllocator$ArenaBuf.release(CycleArenaAllocator.java:1377)
	at io.netty.buffer.AbstractDerivedByteBuf.release0(AbstractDerivedByteBuf.java:98)
	at io.netty.buffer.AbstractDerivedByteBuf.release(AbstractDerivedByteBuf.java:94)
	at io.netty.util.ReferenceCountUtil.release(ReferenceCountUtil.java:90)
	at io.netty.util.ReferenceCountUtil.safeRelease(ReferenceCountUtil.java:116)
	at io.netty.channel.ChannelOutboundBuffer.remove(ChannelOutboundBuffer.java:300)
	at io.netty.channel.ChannelOutboundBuffer.removeBytes(ChannelOutboundBuffer.java:382)
	at io.netty.channel.uring.AbstractIoUringStreamChannel$IoUringStreamUnsafe.writeComplete0(AbstractIoUringStreamChannel.java:692)
	at io.netty.channel.uring.IoUringSocketChannel$IoUringSocketUnsafe.writeComplete0(IoUringSocketChannel.java:188)
	at io.netty.channel.uring.AbstractIoUringChannel$AbstractUringUnsafe.writeComplete(AbstractIoUringChannel.java:1003)
	at io.netty.channel.uring.AbstractIoUringChannel$AbstractUringUnsafe.handle(AbstractIoUringChannel.java:474)
	at io.netty.channel.uring.IoUringIoHandler$DefaultIoUringIoRegistration.handle(IoUringIoHandler.java:705)
	at io.netty.channel.uring.IoUringIoHandler.handleFastPath(IoUringIoHandler.java:318)
	at io.netty.channel.uring.IoUringIoHandler.handle(IoUringIoHandler.java:298)
	at io.netty.channel.uring.CompletionQueue.process(CompletionQueue.java:151)
	at io.netty.channel.uring.IoUringIoHandler.processCompletionsAndHandleOverflow(IoUringIoHandler.java:213)
	at io.netty.channel.uring.IoUringIoHandler.run(IoUringIoHandler.java:188)
	at io.netty.channel.SingleThreadIoEventLoop.runIo(SingleThreadIoEventLoop.java:225)
	at io.netty.channel.SingleThreadIoEventLoop.run(SingleThreadIoEventLoop.java:196)
	at io.netty.util.concurrent.SingleThreadEventExecutor$5.run(SingleThreadEventExecutor.java:1204)
	at io.netty.util.internal.ThreadExecutorMap$2.run(ThreadExecutorMap.java:74)
	at io.netty.util.concurrent.FastThreadLocalRunnable.run(FastThreadLocalRunnable.java:30)
	at java.base/java.lang.Thread.run(Thread.java:1583)
07:12:24.387 [multiThreadIoEventLoopGroup-3-3] WARN  io.netty.util.ReferenceCountUtil - Failed to release a message: UnpooledSlicedByteBuf(ridx: 0, widx: 1731, cap: 1731/1731, unwrapped: CycleArenaAllocator$ArenaBuf(ridx: 0, widx: 1731, cap: 8192))
java.lang.IllegalStateException: arena buffer of Thread[#30,multiThreadIoEventLoopGroup-4-1,10,main] touched from Thread[#28,multiThreadIoEventLoopGroup-3-3,10,main] (event-loop arena buffers are thread confined)
	at io.netty.buffer.CycleArenaAllocator$ArenaBuf.violation(CycleArenaAllocator.java:1448)
	at io.netty.buffer.CycleArenaAllocator$ArenaBuf.release(CycleArenaAllocator.java:1377)
	at io.netty.buffer.AbstractDerivedByteBuf.release0(AbstractDerivedByteBuf.java:98)
	at io.netty.buffer.AbstractDerivedByteBuf.release(AbstractDerivedByteBuf.java:94)
	at io.netty.util.ReferenceCountUtil.release(ReferenceCountUtil.java:90)
	at io.netty.util.ReferenceCountUtil.safeRelease(ReferenceCountUtil.java:116)
	at io.netty.channel.ChannelOutboundBuffer.remove(ChannelOutboundBuffer.java:300)
	at io.netty.channel.ChannelOutboundBuffer.removeBytes(ChannelOutboundBuffer.java:382)
	at io.netty.channel.uring.AbstractIoUringStreamChannel$IoUringStreamUnsafe.writeComplete0(AbstractIoUringStreamChannel.java:692)
	at io.netty.channel.uring.IoUringSocketChannel$IoUringSocketUnsafe.writeComplete0(IoUringSocketChannel.java:188)
	at io.netty.channel.uring.AbstractIoUringChannel$AbstractUringUnsafe.writeComplete(AbstractIoUringChannel.java:1003)
	at io.netty.channel.uring.AbstractIoUringChannel$AbstractUringUnsafe.handle(AbstractIoUringChannel.java:474)
	at io.netty.channel.uring.IoUringIoHandler$DefaultIoUringIoRegistration.handle(IoUringIoHandler.java:705)
	at io.netty.channel.uring.IoUringIoHandler.handleFastPath(IoUringIoHandler.java:318)
	at io.netty.channel.uring.IoUringIoHandler.handle(IoUringIoHandler.java:298)
	at io.netty.channel.uring.CompletionQueue.process(CompletionQueue.java:151)
	at io.netty.channel.uring.IoUringIoHandler.processCompletionsAndHandleOverflow(IoUringIoHandler.java:213)
	at io.netty.channel.uring.IoUringIoHandler.run(IoUringIoHandler.java:188)
	at io.netty.channel.SingleThreadIoEventLoop.runIo(SingleThreadIoEventLoop.java:225)
	at io.netty.channel.SingleThreadIoEventLoop.run(SingleThreadIoEventLoop.java:196)
	at io.netty.util.concurrent.SingleThreadEventExecutor$5.run(SingleThreadEventExecutor.java:1204)
	at io.netty.util.internal.ThreadExecutorMap$2.run(ThreadExecutorMap.java:74)
	at io.netty.util.concurrent.FastThreadLocalRunnable.run(FastThreadLocalRunnable.java:30)
	at java.base/java.lang.Thread.run(Thread.java:1583)
07:12:24.387 [multiThreadIoEventLoopGroup-4-1] WARN  io.netty.util.ReferenceCountUtil - Failed to release a message: UnpooledSlicedByteBuf(ridx: 0, widx: 3997, cap: 3997/3997, unwrapped: CycleArenaAllocator$ArenaBuf(ridx: 0, widx: 8192, cap: 8192))
java.lang.IllegalStateException: arena buffer of Thread[#28,multiThreadIoEventLoopGroup-3-3,10,main] touched from Thread[#30,multiThreadIoEventLoopGroup-4-1,10,main] (event-loop arena buffers are thread confined)
	at io.netty.buffer.CycleArenaAllocator$ArenaBuf.violation(CycleArenaAllocator.java:1448)
	at io.netty.buffer.CycleArenaAllocator$ArenaBuf.release(CycleArenaAllocator.java:1377)
	at io.netty.buffer.AbstractDerivedByteBuf.release0(AbstractDerivedByteBuf.java:98)
	at io.netty.buffer.AbstractDerivedByteBuf.release(AbstractDerivedByteBuf.java:94)
	at io.netty.util.ReferenceCountUtil.release(ReferenceCountUtil.java:90)
	at io.netty.util.ReferenceCountUtil.safeRelease(ReferenceCountUtil.java:116)
	at io.netty.channel.ChannelOutboundBuffer.remove(ChannelOutboundBuffer.java:300)
	at io.netty.channel.ChannelOutboundBuffer.removeBytes(ChannelOutboundBuffer.java:382)
	at io.netty.channel.uring.AbstractIoUringStreamChannel$IoUringStreamUnsafe.writeComplete0(AbstractIoUringStreamChannel.java:692)
	at io.netty.channel.uring.IoUringSocketChannel$IoUringSocketUnsafe.writeComplete0(IoUringSocketChannel.java:188)
	at io.netty.channel.uring.AbstractIoUringChannel$AbstractUringUnsafe.writeComplete(AbstractIoUringChannel.java:1003)
	at io.netty.channel.uring.AbstractIoUringChannel$AbstractUringUnsafe.handle(AbstractIoUringChannel.java:474)
	at io.netty.channel.uring.IoUringIoHandler$DefaultIoUringIoRegistration.handle(IoUringIoHandler.java:705)
	at io.netty.channel.uring.IoUringIoHandler.handleFastPath(IoUringIoHandler.java:318)
	at io.netty.channel.uring.IoUringIoHandler.handle(IoUringIoHandler.java:298)
	at io.netty.channel.uring.CompletionQueue.process(CompletionQueue.java:151)
	at io.netty.channel.uring.IoUringIoHandler.processCompletionsAndHandleOverflow(IoUringIoHandler.java:213)
	at io.netty.channel.uring.IoUringIoHandler.run(IoUringIoHandler.java:188)
	at io.netty.channel.SingleThreadIoEventLoop.runIo(SingleThreadIoEventLoop.java:225)
	at io.netty.channel.SingleThreadIoEventLoop.run(SingleThreadIoEventLoop.java:196)
	at io.netty.util.concurrent.SingleThreadEventExecutor$5.run(SingleThreadEventExecutor.java:1204)
	at io.netty.util.internal.ThreadExecutorMap$2.run(ThreadExecutorMap.java:74)
	at io.netty.util.concurrent.FastThreadLocalRunnable.run(FastThreadLocalRunnable.java:30)
	at java.base/java.lang.Thread.run(Thread.java:1583)
07:12:24.387 [multiThreadIoEventLoopGroup-4-1] WARN  io.netty.util.ReferenceCountUtil - Failed to release a message: UnpooledSlicedByteBuf(ridx: 0, widx: 3997, cap: 3997/3997, unwrapped: CycleArenaAllocator$ArenaBuf(ridx: 0, widx: 8192, cap: 8192))
java.lang.IllegalStateException: arena buffer of Thread[#27,multiThreadIoEventLoopGroup-3-2,10,main] touched from Thread[#30,multiThreadIoEventLoopGroup-4-1,10,main] (event-loop arena buffers are thread confined)
	at io.netty.buffer.CycleArenaAllocator$ArenaBuf.violation(CycleArenaAllocator.java:1448)
	at io.netty.buffer.CycleArenaAllocator$ArenaBuf.release(CycleArenaAllocator.java:1377)
	at io.netty.buffer.AbstractDerivedByteBuf.release0(AbstractDerivedByteBuf.java:98)
	at io.netty.buffer.AbstractDerivedByteBuf.release(AbstractDerivedByteBuf.java:94)
	at io.netty.util.ReferenceCountUtil.release(ReferenceCountUtil.java:90)
	at io.netty.util.ReferenceCountUtil.safeRelease(ReferenceCountUtil.java:116)
	at io.netty.channel.ChannelOutboundBuffer.remove(ChannelOutboundBuffer.java:300)
	at io.netty.channel.ChannelOutboundBuffer.removeBytes(ChannelOutboundBuffer.java:382)
	at io.netty.channel.uring.AbstractIoUringStreamChannel$IoUringStreamUnsafe.writeComplete0(AbstractIoUringStreamChannel.java:692)
	at io.netty.channel.uring.IoUringSocketChannel$IoUringSocketUnsafe.writeComplete0(IoUringSocketChannel.java:188)
	at io.netty.channel.uring.AbstractIoUringChannel$AbstractUringUnsafe.writeComplete(AbstractIoUringChannel.java:1003)
	at io.netty.channel.uring.AbstractIoUringChannel$AbstractUringUnsafe.handle(AbstractIoUringChannel.java:474)
	at io.netty.channel.uring.IoUringIoHandler$DefaultIoUringIoRegistration.handle(IoUringIoHandler.java:705)
	at io.netty.channel.uring.IoUringIoHandler.handleFastPath(IoUringIoHandler.java:318)
	at io.netty.channel.uring.IoUringIoHandler.handle(IoUringIoHandler.java:298)
	at io.netty.channel.uring.CompletionQueue.process(CompletionQueue.java:151)
	at io.netty.channel.uring.IoUringIoHandler.processCompletionsAndHandleOverflow(IoUringIoHandler.java:213)
	at io.netty.channel.uring.IoUringIoHandler.run(IoUringIoHandler.java:188)
	at io.netty.channel.SingleThreadIoEventLoop.runIo(SingleThreadIoEventLoop.java:225)
	at io.netty.channel.SingleThreadIoEventLoop.run(SingleThreadIoEventLoop.java:196)
	at io.netty.util.concurrent.SingleThreadEventExecutor$5.run(SingleThreadEventExecutor.java:1204)
	at io.netty.util.internal.ThreadExecutorMap$2.run(ThreadExecutorMap.java:74)
	at io.netty.util.concurrent.FastThreadLocalRunnable.run(FastThreadLocalRunnable.java:30)
	at java.base/java.lang.Thread.run(Thread.java:1583)
07:12:24.388 [multiThreadIoEventLoopGroup-4-1] WARN  i.n.channel.uring.IoUringIoHandler - Unexpected exception in the IO event loop.
java.lang.IllegalStateException: arena buffer of Thread[#28,multiThreadIoEventLoopGroup-3-3,10,main] touched from Thread[#30,multiThreadIoEventLoopGroup-4-1,10,main] (event-loop arena buffers are thread confined)
	at io.netty.buffer.CycleArenaAllocator$ArenaBuf.violation(CycleArenaAllocator.java:1448)
	at io.netty.buffer.CycleArenaAllocator$ArenaBuf.retain(CycleArenaAllocator.java:1351)
	at io.netty.buffer.AbstractDerivedByteBuf.retain0(AbstractDerivedByteBuf.java:58)
	at io.netty.buffer.AbstractDerivedByteBuf.retain(AbstractDerivedByteBuf.java:54)
	at io.netty.channel.uring.IoUringSocketChannel$IoUringSocketUnsafe.handleWriteCompleteZeroCopy(IoUringSocketChannel.java:220)
	at io.netty.channel.uring.IoUringSocketChannel$IoUringSocketUnsafe.writeComplete0(IoUringSocketChannel.java:186)
	at io.netty.channel.uring.AbstractIoUringChannel$AbstractUringUnsafe.writeComplete(AbstractIoUringChannel.java:1003)
	at io.netty.channel.uring.AbstractIoUringChannel$AbstractUringUnsafe.handle(AbstractIoUringChannel.java:474)
	at io.netty.channel.uring.IoUringIoHandler$DefaultIoUringIoRegistration.handle(IoUringIoHandler.java:705)
	at io.netty.channel.uring.IoUringIoHandler.handleFastPath(IoUringIoHandler.java:318)
	at io.netty.channel.uring.IoUringIoHandler.handle(IoUringIoHandler.java:298)
	at io.netty.channel.uring.CompletionQueue.process(CompletionQueue.java:151)
	at io.netty.channel.uring.IoUringIoHandler.processCompletionsAndHandleOverflow(IoUringIoHandler.java:213)
	at io.netty.channel.uring.IoUringIoHandler.run(IoUringIoHandler.java:188)
	at io.netty.channel.SingleThreadIoEventLoop.runIo(SingleThreadIoEventLoop.java:225)
	at io.netty.channel.SingleThreadIoEventLoop.run(SingleThreadIoEventLoop.java:196)
	at io.netty.util.concurrent.SingleThreadEventExecutor$5.run(SingleThreadEventExecutor.java:1204)
	at io.netty.util.internal.ThreadExecutorMap$2.run(ThreadExecutorMap.java:74)
	at io.netty.util.concurrent.FastThreadLocalRunnable.run(FastThreadLocalRunnable.java:30)
	at java.base/java.lang.Thread.run(Thread.java:1583)
07:12:24.389 [multiThreadIoEventLoopGroup-4-3] WARN  io.netty.util.ReferenceCountUtil - Failed to release a message: UnpooledSlicedByteBuf(ridx: 0, widx: 3205, cap: 3205/3205, unwrapped: CycleArenaAllocator$ArenaBuf(ridx: 0, widx: 8192, cap: 8192))
java.lang.IllegalStateException: arena buffer of Thread[#27,multiThreadIoEventLoopGroup-3-2,10,main] touched from Thread[#32,multiThreadIoEventLoopGroup-4-3,10,main] (event-loop arena buffers are thread confined)
	at io.netty.buffer.CycleArenaAllocator$ArenaBuf.violation(CycleArenaAllocator.java:1448)
	at io.netty.buffer.CycleArenaAllocator$ArenaBuf.release(CycleArenaAllocator.java:1377)
	at io.netty.buffer.AbstractDerivedByteBuf.release0(AbstractDerivedByteBuf.java:98)
	at io.netty.buffer.AbstractDerivedByteBuf.release(AbstractDerivedByteBuf.java:94)
	at io.netty.util.ReferenceCountUtil.release(ReferenceCountUtil.java:90)
	at io.netty.util.ReferenceCountUtil.safeRelease(ReferenceCountUtil.java:116)
	at io.netty.channel.ChannelOutboundBuffer.remove(ChannelOutboundBuffer.java:300)
	at io.netty.channel.ChannelOutboundBuffer.removeBytes(ChannelOutboundBuffer.java:382)
	at io.netty.channel.uring.AbstractIoUringStreamChannel$IoUringStreamUnsafe.writeComplete0(AbstractIoUringStreamChannel.java:692)
	at io.netty.channel.uring.IoUringSocketChannel$IoUringSocketUnsafe.writeComplete0(IoUringSocketChannel.java:188)
	at io.netty.channel.uring.AbstractIoUringChannel$AbstractUringUnsafe.writeComplete(AbstractIoUringChannel.java:1003)
	at io.netty.channel.uring.AbstractIoUringChannel$AbstractUringUnsafe.handle(AbstractIoUringChannel.java:474)
	at io.netty.channel.uring.IoUringIoHandler$DefaultIoUringIoRegistration.handle(IoUringIoHandler.java:705)
	at io.netty.channel.uring.IoUringIoHandler.handleFastPath(IoUringIoHandler.java:318)
	at io.netty.channel.uring.IoUringIoHandler.handle(IoUringIoHandler.java:298)
	at io.netty.channel.uring.CompletionQueue.process(CompletionQueue.java:151)
	at io.netty.channel.uring.IoUringIoHandler.processCompletionsAndHandleOverflow(IoUringIoHandler.java:213)
	at io.netty.channel.uring.IoUringIoHandler.run(IoUringIoHandler.java:188)
	at io.netty.channel.SingleThreadIoEventLoop.runIo(SingleThreadIoEventLoop.java:225)
	at io.netty.channel.SingleThreadIoEventLoop.run(SingleThreadIoEventLoop.java:196)
	at io.netty.util.concurrent.SingleThreadEventExecutor$5.run(SingleThreadEventExecutor.java:1204)
	at io.netty.util.internal.ThreadExecutorMap$2.run(ThreadExecutorMap.java:74)
	at io.netty.util.concurrent.FastThreadLocalRunnable.run(FastThreadLocalRunnable.java:30)
	at java.base/java.lang.Thread.run(Thread.java:1583)
07:12:24.389 [multiThreadIoEventLoopGroup-4-3] WARN  i.n.channel.uring.IoUringIoHandler - Unexpected exception in the IO event loop.
java.lang.IllegalStateException: arena buffer of Thread[#29,multiThreadIoEventLoopGroup-3-4,10,main] touched from Thread[#32,multiThreadIoEventLoopGroup-4-3,10,main] (event-loop arena buffers are thread confined)
	at io.netty.buffer.CycleArenaAllocator$ArenaBuf.violation(CycleArenaAllocator.java:1448)
	at io.netty.buffer.CycleArenaAllocator$ArenaBuf.release(CycleArenaAllocator.java:1377)
	at io.netty.buffer.AbstractDerivedByteBuf.release0(AbstractDerivedByteBuf.java:98)
	at io.netty.buffer.AbstractDerivedByteBuf.release(AbstractDerivedByteBuf.java:94)
	at io.netty.channel.uring.IoUringSocketChannel$IoUringSocketUnsafe.handleWriteCompleteZeroCopy(IoUringSocketChannel.java:289)
	at io.netty.channel.uring.IoUringSocketChannel$IoUringSocketUnsafe.writeComplete0(IoUringSocketChannel.java:186)
	at io.netty.channel.uring.AbstractIoUringChannel$AbstractUringUnsafe.writeComplete(AbstractIoUringChannel.java:1003)
	at io.netty.channel.uring.AbstractIoUringChannel$AbstractUringUnsafe.handle(AbstractIoUringChannel.java:474)
	at io.netty.channel.uring.IoUringIoHandler$DefaultIoUringIoRegistration.handle(IoUringIoHandler.java:705)
	at io.netty.channel.uring.IoUringIoHandler.handleFastPath(IoUringIoHandler.java:318)
	at io.netty.channel.uring.IoUringIoHandler.handle(IoUringIoHandler.java:298)
	at io.netty.channel.uring.CompletionQueue.process(CompletionQueue.java:151)
	at io.netty.channel.uring.IoUringIoHandler.processCompletionsAndHandleOverflow(IoUringIoHandler.java:213)
	at io.netty.channel.uring.IoUringIoHandler.run(IoUringIoHandler.java:188)
	at io.netty.channel.SingleThreadIoEventLoop.runIo(SingleThreadIoEventLoop.java:225)
	at io.netty.channel.SingleThreadIoEventLoop.run(SingleThreadIoEventLoop.java:196)
	at io.netty.util.concurrent.SingleThreadEventExecutor$5.run(SingleThreadEventExecutor.java:1204)
	at io.netty.util.internal.ThreadExecutorMap$2.run(ThreadExecutorMap.java:74)
	at io.netty.util.concurrent.FastThreadLocalRunnable.run(FastThreadLocalRunnable.java:30)
	at java.base/java.lang.Thread.run(Thread.java:1583)
07:12:24.389 [multiThreadIoEventLoopGroup-4-2] WARN  i.n.channel.uring.IoUringIoHandler - Unexpected exception in the IO event loop.
java.lang.IllegalStateException: arena buffer of Thread[#26,multiThreadIoEventLoopGroup-3-1,10,main] touched from Thread[#31,multiThreadIoEventLoopGroup-4-2,10,main] (event-loop arena buffers are thread confined)
	at io.netty.buffer.CycleArenaAllocator$ArenaBuf.violation(CycleArenaAllocator.java:1448)
	at io.netty.buffer.CycleArenaAllocator$ArenaBuf.release(CycleArenaAllocator.java:1377)
	at io.netty.buffer.AbstractDerivedByteBuf.release0(AbstractDerivedByteBuf.java:98)
	at io.netty.buffer.AbstractDerivedByteBuf.release(AbstractDerivedByteBuf.java:94)
	at io.netty.channel.uring.IoUringSocketChannel$IoUringSocketUnsafe.handleWriteCompleteZeroCopy(IoUringSocketChannel.java:289)
	at io.netty.channel.uring.IoUringSocketChannel$IoUringSocketUnsafe.writeComplete0(IoUringSocketChannel.java:186)
	at io.netty.channel.uring.AbstractIoUringChannel$AbstractUringUnsafe.writeComplete(AbstractIoUringChannel.java:1003)
	at io.netty.channel.uring.AbstractIoUringChannel$AbstractUringUnsafe.handle(AbstractIoUringChannel.java:474)
	at io.netty.channel.uring.IoUringIoHandler$DefaultIoUringIoRegistration.handle(IoUringIoHandler.java:705)
	at io.netty.channel.uring.IoUringIoHandler.handleFastPath(IoUringIoHandler.java:318)
	at io.netty.channel.uring.IoUringIoHandler.handle(IoUringIoHandler.java:298)
	at io.netty.channel.uring.CompletionQueue.process(CompletionQueue.java:151)
	at io.netty.channel.uring.IoUringIoHandler.processCompletionsAndHandleOverflow(IoUringIoHandler.java:213)
	at io.netty.channel.uring.IoUringIoHandler.run(IoUringIoHandler.java:188)
	at io.netty.channel.SingleThreadIoEventLoop.runIo(SingleThreadIoEventLoop.java:225)
	at io.netty.channel.SingleThreadIoEventLoop.run(SingleThreadIoEventLoop.java:196)
	at io.netty.util.concurrent.SingleThreadEventExecutor$5.run(SingleThreadEventExecutor.java:1204)
	at io.netty.util.internal.ThreadExecutorMap$2.run(ThreadExecutorMap.java:74)
	at io.netty.util.concurrent.FastThreadLocalRunnable.run(FastThreadLocalRunnable.java:30)
	at java.base/java.lang.Thread.run(Thread.java:1583)
07:12:24.390 [multiThreadIoEventLoopGroup-3-4] WARN  i.n.channel.uring.IoUringIoHandler - Unexpected exception in the IO event loop.
java.lang.IllegalStateException: arena buffer of Thread[#30,multiThreadIoEventLoopGroup-4-1,10,main] touched from Thread[#29,multiThreadIoEventLoopGroup-3-4,10,main] (event-loop arena buffers are thread confined)
	at io.netty.buffer.CycleArenaAllocator$ArenaBuf.violation(CycleArenaAllocator.java:1448)
	at io.netty.buffer.CycleArenaAllocator$ArenaBuf.retain(CycleArenaAllocator.java:1351)
	at io.netty.buffer.AbstractDerivedByteBuf.retain0(AbstractDerivedByteBuf.java:58)
	at io.netty.buffer.AbstractDerivedByteBuf.retain(AbstractDerivedByteBuf.java:54)
	at io.netty.channel.uring.IoUringSocketChannel$IoUringSocketUnsafe.handleWriteCompleteZeroCopy(IoUringSocketChannel.java:220)
	at io.netty.channel.uring.IoUringSocketChannel$IoUringSocketUnsafe.writeComplete0(IoUringSocketChannel.java:186)
	at io.netty.channel.uring.AbstractIoUringChannel$AbstractUringUnsafe.writeComplete(AbstractIoUringChannel.java:1003)
	at io.netty.channel.uring.AbstractIoUringChannel$AbstractUringUnsafe.handle(AbstractIoUringChannel.java:474)
	at io.netty.channel.uring.IoUringIoHandler$DefaultIoUringIoRegistration.handle(IoUringIoHandler.java:705)
	at io.netty.channel.uring.IoUringIoHandler.handleFastPath(IoUringIoHandler.java:318)
	at io.netty.channel.uring.IoUringIoHandler.handle(IoUringIoHandler.java:298)
	at io.netty.channel.uring.CompletionQueue.process(CompletionQueue.java:151)
	at io.netty.channel.uring.IoUringIoHandler.processCompletionsAndHandleOverflow(IoUringIoHandler.java:213)
	at io.netty.channel.uring.IoUringIoHandler.run(IoUringIoHandler.java:188)
	at io.netty.channel.SingleThreadIoEventLoop.runIo(SingleThreadIoEventLoop.java:225)
	at io.netty.channel.SingleThreadIoEventLoop.run(SingleThreadIoEventLoop.java:196)
	at io.netty.util.concurrent.SingleThreadEventExecutor$5.run(SingleThreadEventExecutor.java:1204)
	at io.netty.util.internal.ThreadExecutorMap$2.run(ThreadExecutorMap.java:74)
	at io.netty.util.concurrent.FastThreadLocalRunnable.run(FastThreadLocalRunnable.java:30)
	at java.base/java.lang.Thread.run(Thread.java:1583)
07:12:24.412 [multiThreadIoEventLoopGroup-4-4] WARN  io.netty.util.ReferenceCountUtil - Failed to release a message: UnpooledSlicedByteBuf(ridx: 0, widx: 2611, cap: 2611/2611, unwrapped: CycleArenaAllocator$ArenaBuf(ridx: 0, widx: 8192, cap: 8192))
java.lang.IllegalStateException: arena buffer of Thread[#29,multiThreadIoEventLoopGroup-3-4,10,main] touched from Thread[#33,multiThreadIoEventLoopGroup-4-4,10,main] (event-loop arena buffers are thread confined)
	at io.netty.buffer.CycleArenaAllocator$ArenaBuf.violation(CycleArenaAllocator.java:1448)
	at io.netty.buffer.CycleArenaAllocator$ArenaBuf.release(CycleArenaAllocator.java:1377)
	at io.netty.buffer.AbstractDerivedByteBuf.release0(AbstractDerivedByteBuf.java:98)
	at io.netty.buffer.AbstractDerivedByteBuf.release(AbstractDerivedByteBuf.java:94)
	at io.netty.util.ReferenceCountUtil.release(ReferenceCountUtil.java:90)
	at io.netty.util.ReferenceCountUtil.safeRelease(ReferenceCountUtil.java:116)
	at io.netty.channel.ChannelOutboundBuffer.remove(ChannelOutboundBuffer.java:300)
	at io.netty.channel.ChannelOutboundBuffer.removeBytes(ChannelOutboundBuffer.java:382)
	at io.netty.channel.uring.AbstractIoUringStreamChannel$IoUringStreamUnsafe.writeComplete0(AbstractIoUringStreamChannel.java:692)
	at io.netty.channel.uring.IoUringSocketChannel$IoUringSocketUnsafe.writeComplete0(IoUringSocketChannel.java:188)
	at io.netty.channel.uring.AbstractIoUringChannel$AbstractUringUnsafe.writeComplete(AbstractIoUringChannel.java:1003)
	at io.netty.channel.uring.AbstractIoUringChannel$AbstractUringUnsafe.handle(AbstractIoUringChannel.java:474)
	at io.netty.channel.uring.IoUringIoHandler$DefaultIoUringIoRegistration.handle(IoUringIoHandler.java:705)
	at io.netty.channel.uring.IoUringIoHandler.handleFastPath(IoUringIoHandler.java:318)
	at io.netty.channel.uring.IoUringIoHandler.handle(IoUringIoHandler.java:298)
	at io.netty.channel.uring.CompletionQueue.process(CompletionQueue.java:151)
	at io.netty.channel.uring.IoUringIoHandler.processCompletionsAndHandleOverflow(IoUringIoHandler.java:213)
	at io.netty.channel.uring.IoUringIoHandler.run(IoUringIoHandler.java:188)
	at io.netty.channel.SingleThreadIoEventLoop.runIo(SingleThreadIoEventLoop.java:225)
	at io.netty.channel.SingleThreadIoEventLoop.run(SingleThreadIoEventLoop.java:196)
	at io.netty.util.concurrent.SingleThreadEventExecutor$5.run(SingleThreadEventExecutor.java:1204)
	at io.netty.util.internal.ThreadExecutorMap$2.run(ThreadExecutorMap.java:74)
	at io.netty.util.concurrent.FastThreadLocalRunnable.run(FastThreadLocalRunnable.java:30)
	at java.base/java.lang.Thread.run(Thread.java:1583)
07:12:24.412 [multiThreadIoEventLoopGroup-4-4] WARN  i.n.channel.uring.IoUringIoHandler - Unexpected exception in the IO event loop.
java.lang.IllegalStateException: arena buffer of Thread[#26,multiThreadIoEventLoopGroup-3-1,10,main] touched from Thread[#33,multiThreadIoEventLoopGroup-4-4,10,main] (event-loop arena buffers are thread confined)
	at io.netty.buffer.CycleArenaAllocator$ArenaBuf.violation(CycleArenaAllocator.java:1448)
	at io.netty.buffer.CycleArenaAllocator$ArenaBuf.release(CycleArenaAllocator.java:1377)
	at io.netty.buffer.AbstractDerivedByteBuf.release0(AbstractDerivedByteBuf.java:98)
	at io.netty.buffer.AbstractDerivedByteBuf.release(AbstractDerivedByteBuf.java:94)
	at io.netty.channel.uring.IoUringSocketChannel$IoUringSocketUnsafe.handleWriteCompleteZeroCopy(IoUringSocketChannel.java:289)
	at io.netty.channel.uring.IoUringSocketChannel$IoUringSocketUnsafe.writeComplete0(IoUringSocketChannel.java:186)
	at io.netty.channel.uring.AbstractIoUringChannel$AbstractUringUnsafe.writeComplete(AbstractIoUringChannel.java:1003)
	at io.netty.channel.uring.AbstractIoUringChannel$AbstractUringUnsafe.handle(AbstractIoUringChannel.java:474)
	at io.netty.channel.uring.IoUringIoHandler$DefaultIoUringIoRegistration.handle(IoUringIoHandler.java:705)
	at io.netty.channel.uring.IoUringIoHandler.handleFastPath(IoUringIoHandler.java:318)
	at io.netty.channel.uring.IoUringIoHandler.handle(IoUringIoHandler.java:298)
	at io.netty.channel.uring.CompletionQueue.process(CompletionQueue.java:151)
	at io.netty.channel.uring.IoUringIoHandler.processCompletionsAndHandleOverflow(IoUringIoHandler.java:213)
	at io.netty.channel.uring.IoUringIoHandler.run(IoUringIoHandler.java:188)
	at io.netty.channel.SingleThreadIoEventLoop.runIo(SingleThreadIoEventLoop.java:225)
	at io.netty.channel.SingleThreadIoEventLoop.run(SingleThreadIoEventLoop.java:196)
	at io.netty.util.concurrent.SingleThreadEventExecutor$5.run(SingleThreadEventExecutor.java:1204)
	at io.netty.util.internal.ThreadExecutorMap$2.run(ThreadExecutorMap.java:74)
	at io.netty.util.concurrent.FastThreadLocalRunnable.run(FastThreadLocalRunnable.java:30)
	at java.base/java.lang.Thread.run(Thread.java:1583)
07:12:24.484 [multiThreadIoEventLoopGroup-3-1] WARN  i.n.channel.uring.IoUringIoHandler - Unexpected exception in the IO event loop.
java.lang.IllegalStateException: arena buffer of Thread[#30,multiThreadIoEventLoopGroup-4-1,10,main] touched from Thread[#26,multiThreadIoEventLoopGroup-3-1,10,main] (event-loop arena buffers are thread confined)
	at io.netty.buffer.CycleArenaAllocator$ArenaBuf.violation(CycleArenaAllocator.java:1448)
	at io.netty.buffer.CycleArenaAllocator$ArenaBuf.release(CycleArenaAllocator.java:1377)
	at io.netty.buffer.AbstractDerivedByteBuf.release0(AbstractDerivedByteBuf.java:98)
	at io.netty.buffer.AbstractDerivedByteBuf.release(AbstractDerivedByteBuf.java:94)
	at io.netty.channel.uring.IoUringSocketChannel$IoUringSocketUnsafe.handleWriteCompleteZeroCopy(IoUringSocketChannel.java:289)
	at io.netty.channel.uring.IoUringSocketChannel$IoUringSocketUnsafe.writeComplete0(IoUringSocketChannel.java:186)
	at io.netty.channel.uring.AbstractIoUringChannel$AbstractUringUnsafe.writeComplete(AbstractIoUringChannel.java:1003)
	at io.netty.channel.uring.AbstractIoUringChannel$AbstractUringUnsafe.handle(AbstractIoUringChannel.java:474)
	at io.netty.channel.uring.IoUringIoHandler$DefaultIoUringIoRegistration.handle(IoUringIoHandler.java:705)
	at io.netty.channel.uring.IoUringIoHandler.handleFastPath(IoUringIoHandler.java:318)
	at io.netty.channel.uring.IoUringIoHandler.handle(IoUringIoHandler.java:298)
	at io.netty.channel.uring.CompletionQueue.process(CompletionQueue.java:151)
	at io.netty.channel.uring.IoUringIoHandler.processCompletionsAndHandleOverflow(IoUringIoHandler.java:213)
	at io.netty.channel.uring.IoUringIoHandler.run(IoUringIoHandler.java:188)
	at io.netty.channel.SingleThreadIoEventLoop.runIo(SingleThreadIoEventLoop.java:225)
	at io.netty.channel.SingleThreadIoEventLoop.run(SingleThreadIoEventLoop.java:196)
	at io.netty.util.concurrent.SingleThreadEventExecutor$5.run(SingleThreadEventExecutor.java:1204)
	at io.netty.util.internal.ThreadExecutorMap$2.run(ThreadExecutorMap.java:74)
	at io.netty.util.concurrent.FastThreadLocalRunnable.run(FastThreadLocalRunnable.java:30)
	at java.base/java.lang.Thread.run(Thread.java:1583)
07:12:24.488 [multiThreadIoEventLoopGroup-4-1] WARN  i.n.channel.uring.IoUringIoHandler - Unexpected exception in the IO event loop.
java.lang.IllegalStateException: arena buffer of Thread[#27,multiThreadIoEventLoopGroup-3-2,10,main] touched from Thread[#30,multiThreadIoEventLoopGroup-4-1,10,main] (event-loop arena buffers are thread confined)
	at io.netty.buffer.CycleArenaAllocator$ArenaBuf.violation(CycleArenaAllocator.java:1448)
	at io.netty.buffer.CycleArenaAllocator$ArenaBuf.retain(CycleArenaAllocator.java:1351)
	at io.netty.buffer.AbstractDerivedByteBuf.retain0(AbstractDerivedByteBuf.java:58)
	at io.netty.buffer.AbstractDerivedByteBuf.retain(AbstractDerivedByteBuf.java:54)
	at io.netty.channel.uring.IoUringSocketChannel$IoUringSocketUnsafe.handleWriteCompleteZeroCopy(IoUringSocketChannel.java:220)
	at io.netty.channel.uring.IoUringSocketChannel$IoUringSocketUnsafe.writeComplete0(IoUringSocketChannel.java:186)
	at io.netty.channel.uring.AbstractIoUringChannel$AbstractUringUnsafe.writeComplete(AbstractIoUringChannel.java:1003)
	at io.netty.channel.uring.AbstractIoUringChannel$AbstractUringUnsafe.handle(AbstractIoUringChannel.java:474)
	at io.netty.channel.uring.IoUringIoHandler$DefaultIoUringIoRegistration.handle(IoUringIoHandler.java:705)
	at io.netty.channel.uring.IoUringIoHandler.handleFastPath(IoUringIoHandler.java:318)
	at io.netty.channel.uring.IoUringIoHandler.handle(IoUringIoHandler.java:298)
	at io.netty.channel.uring.CompletionQueue.process(CompletionQueue.java:151)
	at io.netty.channel.uring.IoUringIoHandler.processCompletionsAndHandleOverflow(IoUringIoHandler.java:213)
	at io.netty.channel.uring.IoUringIoHandler.run(IoUringIoHandler.java:188)
	at io.netty.channel.SingleThreadIoEventLoop.runIo(SingleThreadIoEventLoop.java:225)
	at io.netty.channel.SingleThreadIoEventLoop.run(SingleThreadIoEventLoop.java:196)
	at io.netty.util.concurrent.SingleThreadEventExecutor$5.run(SingleThreadEventExecutor.java:1204)
	at io.netty.util.internal.ThreadExecutorMap$2.run(ThreadExecutorMap.java:74)
	at io.netty.util.concurrent.FastThreadLocalRunnable.run(FastThreadLocalRunnable.java:30)
	at java.base/java.lang.Thread.run(Thread.java:1583)
07:12:24.489 [multiThreadIoEventLoopGroup-4-2] WARN  i.n.channel.uring.IoUringIoHandler - Unexpected exception in the IO event loop.
java.lang.IllegalStateException: arena buffer of Thread[#26,multiThreadIoEventLoopGroup-3-1,10,main] touched from Thread[#31,multiThreadIoEventLoopGroup-4-2,10,main] (event-loop arena buffers are thread confined)
	at io.netty.buffer.CycleArenaAllocator$ArenaBuf.violation(CycleArenaAllocator.java:1448)
	at io.netty.buffer.CycleArenaAllocator$ArenaBuf.release(CycleArenaAllocator.java:1377)
	at io.netty.buffer.AbstractDerivedByteBuf.release0(AbstractDerivedByteBuf.java:98)
	at io.netty.buffer.AbstractDerivedByteBuf.release(AbstractDerivedByteBuf.java:94)
	at io.netty.channel.uring.IoUringSocketChannel$IoUringSocketUnsafe.handleWriteCompleteZeroCopy(IoUringSocketChannel.java:289)
	at io.netty.channel.uring.IoUringSocketChannel$IoUringSocketUnsafe.writeComplete0(IoUringSocketChannel.java:186)
	at io.netty.channel.uring.AbstractIoUringChannel$AbstractUringUnsafe.writeComplete(AbstractIoUringChannel.java:1003)
	at io.netty.channel.uring.AbstractIoUringChannel$AbstractUringUnsafe.handle(AbstractIoUringChannel.java:474)
	at io.netty.channel.uring.IoUringIoHandler$DefaultIoUringIoRegistration.handle(IoUringIoHandler.java:705)
	at io.netty.channel.uring.IoUringIoHandler.handleFastPath(IoUringIoHandler.java:318)
	at io.netty.channel.uring.IoUringIoHandler.handle(IoUringIoHandler.java:298)
	at io.netty.channel.uring.CompletionQueue.process(CompletionQueue.java:151)
	at io.netty.channel.uring.IoUringIoHandler.processCompletionsAndHandleOverflow(IoUringIoHandler.java:213)
	at io.netty.channel.uring.IoUringIoHandler.run(IoUringIoHandler.java:188)
	at io.netty.channel.SingleThreadIoEventLoop.runIo(SingleThreadIoEventLoop.java:225)
	at io.netty.channel.SingleThreadIoEventLoop.run(SingleThreadIoEventLoop.java:196)
	at io.netty.util.concurrent.SingleThreadEventExecutor$5.run(SingleThreadEventExecutor.java:1204)
	at io.netty.util.internal.ThreadExecutorMap$2.run(ThreadExecutorMap.java:74)
	at io.netty.util.concurrent.FastThreadLocalRunnable.run(FastThreadLocalRunnable.java:30)
	at java.base/java.lang.Thread.run(Thread.java:1583)
07:12:24.490 [multiThreadIoEventLoopGroup-3-4] WARN  i.n.channel.uring.IoUringIoHandler - Unexpected exception in the IO event loop.
java.lang.IllegalStateException: arena buffer of Thread[#30,multiThreadIoEventLoopGroup-4-1,10,main] touched from Thread[#29,multiThreadIoEventLoopGroup-3-4,10,main] (event-loop arena buffers are thread confined)
	at io.netty.buffer.CycleArenaAllocator$ArenaBuf.violation(CycleArenaAllocator.java:1448)
	at io.netty.buffer.CycleArenaAllocator$ArenaBuf.release(CycleArenaAllocator.java:1377)
	at io.netty.buffer.AbstractDerivedByteBuf.release0(AbstractDerivedByteBuf.java:98)
	at io.netty.buffer.AbstractDerivedByteBuf.release(AbstractDerivedByteBuf.java:94)
	at io.netty.channel.uring.IoUringSocketChannel$IoUringSocketUnsafe.handleWriteCompleteZeroCopy(IoUringSocketChannel.java:289)
	at io.netty.channel.uring.IoUringSocketChannel$IoUringSocketUnsafe.writeComplete0(IoUringSocketChannel.java:186)
	at io.netty.channel.uring.AbstractIoUringChannel$AbstractUringUnsafe.writeComplete(AbstractIoUringChannel.java:1003)
	at io.netty.channel.uring.AbstractIoUringChannel$AbstractUringUnsafe.handle(AbstractIoUringChannel.java:474)
	at io.netty.channel.uring.IoUringIoHandler$DefaultIoUringIoRegistration.handle(IoUringIoHandler.java:705)
	at io.netty.channel.uring.IoUringIoHandler.handleFastPath(IoUringIoHandler.java:318)
	at io.netty.channel.uring.IoUringIoHandler.handle(IoUringIoHandler.java:298)
	at io.netty.channel.uring.CompletionQueue.process(CompletionQueue.java:151)
	at io.netty.channel.uring.IoUringIoHandler.processCompletionsAndHandleOverflow(IoUringIoHandler.java:213)
	at io.netty.channel.uring.IoUringIoHandler.run(IoUringIoHandler.java:188)
	at io.netty.channel.SingleThreadIoEventLoop.runIo(SingleThreadIoEventLoop.java:225)
	at io.netty.channel.SingleThreadIoEventLoop.run(SingleThreadIoEventLoop.java:196)
	at io.netty.util.concurrent.SingleThreadEventExecutor$5.run(SingleThreadEventExecutor.java:1204)
	at io.netty.util.internal.ThreadExecutorMap$2.run(ThreadExecutorMap.java:74)
	at io.netty.util.concurrent.FastThreadLocalRunnable.run(FastThreadLocalRunnable.java:30)
	at java.base/java.lang.Thread.run(Thread.java:1583)
07:12:24.489 [multiThreadIoEventLoopGroup-4-3] WARN  i.n.channel.uring.IoUringIoHandler - Unexpected exception in the IO event loop.
java.lang.IllegalStateException: arena buffer of Thread[#28,multiThreadIoEventLoopGroup-3-3,10,main] touched from Thread[#32,multiThreadIoEventLoopGroup-4-3,10,main] (event-loop arena buffers are thread confined)
	at io.netty.buffer.CycleArenaAllocator$ArenaBuf.violation(CycleArenaAllocator.java:1448)
	at io.netty.buffer.CycleArenaAllocator$ArenaBuf.release(CycleArenaAllocator.java:1377)
	at io.netty.buffer.AbstractDerivedByteBuf.release0(AbstractDerivedByteBuf.java:98)
	at io.netty.buffer.AbstractDerivedByteBuf.release(AbstractDerivedByteBuf.java:94)
	at io.netty.channel.uring.IoUringSocketChannel$IoUringSocketUnsafe.handleWriteCompleteZeroCopy(IoUringSocketChannel.java:289)
	at io.netty.channel.uring.IoUringSocketChannel$IoUringSocketUnsafe.writeComplete0(IoUringSocketChannel.java:186)
	at io.netty.channel.uring.AbstractIoUringChannel$AbstractUringUnsafe.writeComplete(AbstractIoUringChannel.java:1003)
	at io.netty.channel.uring.AbstractIoUringChannel$AbstractUringUnsafe.handle(AbstractIoUringChannel.java:474)
	at io.netty.channel.uring.IoUringIoHandler$DefaultIoUringIoRegistration.handle(IoUringIoHandler.java:705)
	at io.netty.channel.uring.IoUringIoHandler.handleFastPath(IoUringIoHandler.java:318)
	at io.netty.channel.uring.IoUringIoHandler.handle(IoUringIoHandler.java:298)
	at io.netty.channel.uring.CompletionQueue.process(CompletionQueue.java:151)
	at io.netty.channel.uring.IoUringIoHandler.processCompletionsAndHandleOverflow(IoUringIoHandler.java:213)
	at io.netty.channel.uring.IoUringIoHandler.run(IoUringIoHandler.java:188)
	at io.netty.channel.SingleThreadIoEventLoop.runIo(SingleThreadIoEventLoop.java:225)
	at io.netty.channel.SingleThreadIoEventLoop.run(SingleThreadIoEventLoop.java:196)
	at io.netty.util.concurrent.SingleThreadEventExecutor$5.run(SingleThreadEventExecutor.java:1204)
	at io.netty.util.internal.ThreadExecutorMap$2.run(ThreadExecutorMap.java:74)
	at io.netty.util.concurrent.FastThreadLocalRunnable.run(FastThreadLocalRunnable.java:30)
	at java.base/java.lang.Thread.run(Thread.java:1583)
07:12:24.513 [multiThreadIoEventLoopGroup-4-4] WARN  i.n.channel.uring.IoUringIoHandler - Unexpected exception in the IO event loop.
java.lang.IllegalStateException: arena buffer of Thread[#26,multiThreadIoEventLoopGroup-3-1,10,main] touched from Thread[#33,multiThreadIoEventLoopGroup-4-4,10,main] (event-loop arena buffers are thread confined)
	at io.netty.buffer.CycleArenaAllocator$ArenaBuf.violation(CycleArenaAllocator.java:1448)
	at io.netty.buffer.CycleArenaAllocator$ArenaBuf.release(CycleArenaAllocator.java:1377)
	at io.netty.buffer.AbstractDerivedByteBuf.release0(AbstractDerivedByteBuf.java:98)
	at io.netty.buffer.AbstractDerivedByteBuf.release(AbstractDerivedByteBuf.java:94)
	at io.netty.channel.uring.IoUringSocketChannel$IoUringSocketUnsafe.handleWriteCompleteZeroCopy(IoUringSocketChannel.java:289)
	at io.netty.channel.uring.IoUringSocketChannel$IoUringSocketUnsafe.writeComplete0(IoUringSocketChannel.java:186)
	at io.netty.channel.uring.AbstractIoUringChannel$AbstractUringUnsafe.writeComplete(AbstractIoUringChannel.java:1003)
	at io.netty.channel.uring.AbstractIoUringChannel$AbstractUringUnsafe.handle(AbstractIoUringChannel.java:474)
	at io.netty.channel.uring.IoUringIoHandler$DefaultIoUringIoRegistration.handle(IoUringIoHandler.java:705)
	at io.netty.channel.uring.IoUringIoHandler.handleFastPath(IoUringIoHandler.java:318)
	at io.netty.channel.uring.IoUringIoHandler.handle(IoUringIoHandler.java:298)
	at io.netty.channel.uring.CompletionQueue.process(CompletionQueue.java:151)
	at io.netty.channel.uring.IoUringIoHandler.processCompletionsAndHandleOverflow(IoUringIoHandler.java:213)
	at io.netty.channel.uring.IoUringIoHandler.run(IoUringIoHandler.java:188)
	at io.netty.channel.SingleThreadIoEventLoop.runIo(SingleThreadIoEventLoop.java:225)
	at io.netty.channel.SingleThreadIoEventLoop.run(SingleThreadIoEventLoop.java:196)
	at io.netty.util.concurrent.SingleThreadEventExecutor$5.run(SingleThreadEventExecutor.java:1204)
	at io.netty.util.internal.ThreadExecutorMap$2.run(ThreadExecutorMap.java:74)
	at io.netty.util.concurrent.FastThreadLocalRunnable.run(FastThreadLocalRunnable.java:30)
	at java.base/java.lang.Thread.run(Thread.java:1583)
07:12:24.589 [multiThreadIoEventLoopGroup-4-1] WARN  io.netty.util.ReferenceCountUtil - Failed to release a message: UnpooledSlicedByteBuf(ridx: 0, widx: 3799, cap: 3799/3799, unwrapped: CycleArenaAllocator$ArenaBuf(ridx: 0, widx: 8192, cap: 8192))
java.lang.IllegalStateException: arena buffer of Thread[#28,multiThreadIoEventLoopGroup-3-3,10,main] touched from Thread[#30,multiThreadIoEventLoopGroup-4-1,10,main] (event-loop arena buffers are thread confined)
	at io.netty.buffer.CycleArenaAllocator$ArenaBuf.violation(CycleArenaAllocator.java:1448)
	at io.netty.buffer.CycleArenaAllocator$ArenaBuf.release(CycleArenaAllocator.java:1377)
	at io.netty.buffer.AbstractDerivedByteBuf.release0(AbstractDerivedByteBuf.java:98)
	at io.netty.buffer.AbstractDerivedByteBuf.release(AbstractDerivedByteBuf.java:94)
	at io.netty.util.ReferenceCountUtil.release(ReferenceCountUtil.java:90)
	at io.netty.util.ReferenceCountUtil.safeRelease(ReferenceCountUtil.java:116)
	at io.netty.channel.ChannelOutboundBuffer.remove(ChannelOutboundBuffer.java:300)
	at io.netty.channel.ChannelOutboundBuffer.removeBytes(ChannelOutboundBuffer.java:382)
	at io.netty.channel.uring.AbstractIoUringStreamChannel$IoUringStreamUnsafe.writeComplete0(AbstractIoUringStreamChannel.java:692)
	at io.netty.channel.uring.IoUringSocketChannel$IoUringSocketUnsafe.writeComplete0(IoUringSocketChannel.java:188)
	at io.netty.channel.uring.AbstractIoUringChannel$AbstractUringUnsafe.writeComplete(AbstractIoUringChannel.java:1003)
	at io.netty.channel.uring.AbstractIoUringChannel$AbstractUringUnsafe.handle(AbstractIoUringChannel.java:474)
	at io.netty.channel.uring.IoUringIoHandler$DefaultIoUringIoRegistration.handle(IoUringIoHandler.java:705)
	at io.netty.channel.uring.IoUringIoHandler.handleFastPath(IoUringIoHandler.java:318)
	at io.netty.channel.uring.IoUringIoHandler.handle(IoUringIoHandler.java:298)
	at io.netty.channel.uring.CompletionQueue.process(CompletionQueue.java:151)
	at io.netty.channel.uring.IoUringIoHandler.processCompletionsAndHandleOverflow(IoUringIoHandler.java:213)
	at io.netty.channel.uring.IoUringIoHandler.run(IoUringIoHandler.java:188)
	at io.netty.channel.SingleThreadIoEventLoop.runIo(SingleThreadIoEventLoop.java:225)
	at io.netty.channel.SingleThreadIoEventLoop.run(SingleThreadIoEventLoop.java:196)
	at io.netty.util.concurrent.SingleThreadEventExecutor$5.run(SingleThreadEventExecutor.java:1204)
	at io.netty.util.internal.ThreadExecutorMap$2.run(ThreadExecutorMap.java:74)
	at io.netty.util.concurrent.FastThreadLocalRunnable.run(FastThreadLocalRunnable.java:30)
	at java.base/java.lang.Thread.run(Thread.java:1583)
07:12:24.589 [multiThreadIoEventLoopGroup-4-1] WARN  io.netty.util.ReferenceCountUtil - Failed to release a message: UnpooledSlicedByteBuf(ridx: 0, widx: 3799, cap: 3799/3799, unwrapped: CycleArenaAllocator$ArenaBuf(ridx: 0, widx: 8192, cap: 8192))
java.lang.IllegalStateException: arena buffer of Thread[#27,multiThreadIoEventLoopGroup-3-2,10,main] touched from Thread[#30,multiThreadIoEventLoopGroup-4-1,10,main] (event-loop arena buffers are thread confined)
	at io.netty.buffer.CycleArenaAllocator$ArenaBuf.violation(CycleArenaAllocator.java:1448)
	at io.netty.buffer.CycleArenaAllocator$ArenaBuf.release(CycleArenaAllocator.java:1377)
	at io.netty.buffer.AbstractDerivedByteBuf.release0(AbstractDerivedByteBuf.java:98)
	at io.netty.buffer.AbstractDerivedByteBuf.release(AbstractDerivedByteBuf.java:94)
	at io.netty.util.ReferenceCountUtil.release(ReferenceCountUtil.java:90)
	at io.netty.util.ReferenceCountUtil.safeRelease(ReferenceCountUtil.java:116)
	at io.netty.channel.ChannelOutboundBuffer.remove(ChannelOutboundBuffer.java:300)
	at io.netty.channel.ChannelOutboundBuffer.removeBytes(ChannelOutboundBuffer.java:382)
	at io.netty.channel.uring.AbstractIoUringStreamChannel$IoUringStreamUnsafe.writeComplete0(AbstractIoUringStreamChannel.java:692)
	at io.netty.channel.uring.IoUringSocketChannel$IoUringSocketUnsafe.writeComplete0(IoUringSocketChannel.java:188)
	at io.netty.channel.uring.AbstractIoUringChannel$AbstractUringUnsafe.writeComplete(AbstractIoUringChannel.java:1003)
	at io.netty.channel.uring.AbstractIoUringChannel$AbstractUringUnsafe.handle(AbstractIoUringChannel.java:474)
	at io.netty.channel.uring.IoUringIoHandler$DefaultIoUringIoRegistration.handle(IoUringIoHandler.java:705)
	at io.netty.channel.uring.IoUringIoHandler.handleFastPath(IoUringIoHandler.java:318)
	at io.netty.channel.uring.IoUringIoHandler.handle(IoUringIoHandler.java:298)
	at io.netty.channel.uring.CompletionQueue.process(CompletionQueue.java:151)
	at io.netty.channel.uring.IoUringIoHandler.processCompletionsAndHandleOverflow(IoUringIoHandler.java:213)
	at io.netty.channel.uring.IoUringIoHandler.run(IoUringIoHandler.java:188)
	at io.netty.channel.SingleThreadIoEventLoop.runIo(SingleThreadIoEventLoop.java:225)
	at io.netty.channel.SingleThreadIoEventLoop.run(SingleThreadIoEventLoop.java:196)
	at io.netty.util.concurrent.SingleThreadEventExecutor$5.run(SingleThreadEventExecutor.java:1204)
	at io.netty.util.internal.ThreadExecutorMap$2.run(ThreadExecutorMap.java:74)
	at io.netty.util.concurrent.FastThreadLocalRunnable.run(FastThreadLocalRunnable.java:30)
	at java.base/java.lang.Thread.run(Thread.java:1583)
07:12:24.590 [multiThreadIoEventLoopGroup-4-1] WARN  io.netty.util.ReferenceCountUtil - Failed to release a message: UnpooledSlicedByteBuf(ridx: 0, widx: 3997, cap: 3997/3997, unwrapped: CycleArenaAllocator$ArenaBuf(ridx: 0, widx: 8192, cap: 8192))
java.lang.IllegalStateException: arena buffer of Thread[#26,multiThreadIoEventLoopGroup-3-1,10,main] touched from Thread[#30,multiThreadIoEventLoopGroup-4-1,10,main] (event-loop arena buffers are thread confined)
	at io.netty.buffer.CycleArenaAllocator$ArenaBuf.violation(CycleArenaAllocator.java:1448)
	at io.netty.buffer.CycleArenaAllocator$ArenaBuf.release(CycleArenaAllocator.java:1377)
	at io.netty.buffer.AbstractDerivedByteBuf.release0(AbstractDerivedByteBuf.java:98)
	at io.netty.buffer.AbstractDerivedByteBuf.release(AbstractDerivedByteBuf.java:94)
	at io.netty.util.ReferenceCountUtil.release(ReferenceCountUtil.java:90)
	at io.netty.util.ReferenceCountUtil.safeRelease(ReferenceCountUtil.java:116)
	at io.netty.channel.ChannelOutboundBuffer.remove(ChannelOutboundBuffer.java:300)
	at io.netty.channel.ChannelOutboundBuffer.removeBytes(ChannelOutboundBuffer.java:382)
	at io.netty.channel.uring.AbstractIoUringStreamChannel$IoUringStreamUnsafe.writeComplete0(AbstractIoUringStreamChannel.java:692)
	at io.netty.channel.uring.IoUringSocketChannel$IoUringSocketUnsafe.writeComplete0(IoUringSocketChannel.java:188)
	at io.netty.channel.uring.AbstractIoUringChannel$AbstractUringUnsafe.writeComplete(AbstractIoUringChannel.java:1003)
	at io.netty.channel.uring.AbstractIoUringChannel$AbstractUringUnsafe.handle(AbstractIoUringChannel.java:474)
	at io.netty.channel.uring.IoUringIoHandler$DefaultIoUringIoRegistration.handle(IoUringIoHandler.java:705)
	at io.netty.channel.uring.IoUringIoHandler.handleFastPath(IoUringIoHandler.java:318)
	at io.netty.channel.uring.IoUringIoHandler.handle(IoUringIoHandler.java:298)
	at io.netty.channel.uring.CompletionQueue.process(CompletionQueue.java:151)
	at io.netty.channel.uring.IoUringIoHandler.processCompletionsAndHandleOverflow(IoUringIoHandler.java:213)
	at io.netty.channel.uring.IoUringIoHandler.run(IoUringIoHandler.java:188)
	at io.netty.channel.SingleThreadIoEventLoop.runIo(SingleThreadIoEventLoop.java:225)
	at io.netty.channel.SingleThreadIoEventLoop.run(SingleThreadIoEventLoop.java:196)
	at io.netty.util.concurrent.SingleThreadEventExecutor$5.run(SingleThreadEventExecutor.java:1204)
	at io.netty.util.internal.ThreadExecutorMap$2.run(ThreadExecutorMap.java:74)
	at io.netty.util.concurrent.FastThreadLocalRunnable.run(FastThreadLocalRunnable.java:30)
	at java.base/java.lang.Thread.run(Thread.java:1583)
07:12:24.590 [multiThreadIoEventLoopGroup-4-1] WARN  i.n.channel.uring.IoUringIoHandler - Unexpected exception in the IO event loop.
java.lang.IllegalStateException: arena buffer of Thread[#26,multiThreadIoEventLoopGroup-3-1,10,main] touched from Thread[#30,multiThreadIoEventLoopGroup-4-1,10,main] (event-loop arena buffers are thread confined)
	at io.netty.buffer.CycleArenaAllocator$ArenaBuf.violation(CycleArenaAllocator.java:1448)
	at io.netty.buffer.CycleArenaAllocator$ArenaBuf.retain(CycleArenaAllocator.java:1351)
	at io.netty.buffer.AbstractDerivedByteBuf.retain0(AbstractDerivedByteBuf.java:58)
	at io.netty.buffer.AbstractDerivedByteBuf.retain(AbstractDerivedByteBuf.java:54)
	at io.netty.channel.uring.IoUringSocketChannel$IoUringSocketUnsafe.handleWriteCompleteZeroCopy(IoUringSocketChannel.java:220)
	at io.netty.channel.uring.IoUringSocketChannel$IoUringSocketUnsafe.writeComplete0(IoUringSocketChannel.java:186)
	at io.netty.channel.uring.AbstractIoUringChannel$AbstractUringUnsafe.writeComplete(AbstractIoUringChannel.java:1003)
	at io.netty.channel.uring.AbstractIoUringChannel$AbstractUringUnsafe.handle(AbstractIoUringChannel.java:474)
	at io.netty.channel.uring.IoUringIoHandler$DefaultIoUringIoRegistration.handle(IoUringIoHandler.java:705)
	at io.netty.channel.uring.IoUringIoHandler.handleFastPath(IoUringIoHandler.java:318)
	at io.netty.channel.uring.IoUringIoHandler.handle(IoUringIoHandler.java:298)
	at io.netty.channel.uring.CompletionQueue.process(CompletionQueue.java:151)
	at io.netty.channel.uring.IoUringIoHandler.processCompletionsAndHandleOverflow(IoUringIoHandler.java:213)
	at io.netty.channel.uring.IoUringIoHandler.run(IoUringIoHandler.java:188)
	at io.netty.channel.SingleThreadIoEventLoop.runIo(SingleThreadIoEventLoop.java:225)
	at io.netty.channel.SingleThreadIoEventLoop.run(SingleThreadIoEventLoop.java:196)
	at io.netty.util.concurrent.SingleThreadEventExecutor$5.run(SingleThreadEventExecutor.java:1204)
	at io.netty.util.internal.ThreadExecutorMap$2.run(ThreadExecutorMap.java:74)
	at io.netty.util.concurrent.FastThreadLocalRunnable.run(FastThreadLocalRunnable.java:30)
	at java.base/java.lang.Thread.run(Thread.java:1583)
07:12:24.590 [multiThreadIoEventLoopGroup-4-2] WARN  io.netty.util.ReferenceCountUtil - Failed to release a message: UnpooledSlicedByteBuf(ridx: 0, widx: 396, cap: 396/396, unwrapped: CycleArenaAllocator$ArenaBuf(ridx: 0, widx: 8192, cap: 8192))
java.lang.IllegalStateException: arena buffer of Thread[#29,multiThreadIoEventLoopGroup-3-4,10,main] touched from Thread[#31,multiThreadIoEventLoopGroup-4-2,10,main] (event-loop arena buffers are thread confined)
	at io.netty.buffer.CycleArenaAllocator$ArenaBuf.violation(CycleArenaAllocator.java:1448)
	at io.netty.buffer.CycleArenaAllocator$ArenaBuf.release(CycleArenaAllocator.java:1377)
	at io.netty.buffer.AbstractDerivedByteBuf.release0(AbstractDerivedByteBuf.java:98)
	at io.netty.buffer.AbstractDerivedByteBuf.release(AbstractDerivedByteBuf.java:94)
	at io.netty.util.ReferenceCountUtil.release(ReferenceCountUtil.java:90)
	at io.netty.util.ReferenceCountUtil.safeRelease(ReferenceCountUtil.java:116)
	at io.netty.channel.ChannelOutboundBuffer.remove(ChannelOutboundBuffer.java:300)
	at io.netty.channel.ChannelOutboundBuffer.removeBytes(ChannelOutboundBuffer.java:382)
	at io.netty.channel.uring.AbstractIoUringStreamChannel$IoUringStreamUnsafe.writeComplete0(AbstractIoUringStreamChannel.java:692)
	at io.netty.channel.uring.IoUringSocketChannel$IoUringSocketUnsafe.writeComplete0(IoUringSocketChannel.java:188)
	at io.netty.channel.uring.AbstractIoUringChannel$AbstractUringUnsafe.writeComplete(AbstractIoUringChannel.java:1003)
	at io.netty.channel.uring.AbstractIoUringChannel$AbstractUringUnsafe.handle(AbstractIoUringChannel.java:474)
	at io.netty.channel.uring.IoUringIoHandler$DefaultIoUringIoRegistration.handle(IoUringIoHandler.java:705)
	at io.netty.channel.uring.IoUringIoHandler.handleFastPath(IoUringIoHandler.java:318)
	at io.netty.channel.uring.IoUringIoHandler.handle(IoUringIoHandler.java:298)
	at io.netty.channel.uring.CompletionQueue.process(CompletionQueue.java:151)
	at io.netty.channel.uring.IoUringIoHandler.processCompletionsAndHandleOverflow(IoUringIoHandler.java:213)
	at io.netty.channel.uring.IoUringIoHandler.run(IoUringIoHandler.java:188)
	at io.netty.channel.SingleThreadIoEventLoop.runIo(SingleThreadIoEventLoop.java:225)
	at io.netty.channel.SingleThreadIoEventLoop.run(SingleThreadIoEventLoop.java:196)
	at io.netty.util.concurrent.SingleThreadEventExecutor$5.run(SingleThreadEventExecutor.java:1204)
	at io.netty.util.internal.ThreadExecutorMap$2.run(ThreadExecutorMap.java:74)
	at io.netty.util.concurrent.FastThreadLocalRunnable.run(FastThreadLocalRunnable.java:30)
	at java.base/java.lang.Thread.run(Thread.java:1583)
07:12:24.591 [multiThreadIoEventLoopGroup-4-2] WARN  io.netty.util.ReferenceCountUtil - Failed to release a message: UnpooledSlicedByteBuf(ridx: 0, widx: 594, cap: 594/594, unwrapped: CycleArenaAllocator$ArenaBuf(ridx: 0, widx: 8192, cap: 8192))
java.lang.IllegalStateException: arena buffer of Thread[#29,multiThreadIoEventLoopGroup-3-4,10,main] touched from Thread[#31,multiThreadIoEventLoopGroup-4-2,10,main] (event-loop arena buffers are thread confined)
	at io.netty.buffer.CycleArenaAllocator$ArenaBuf.violation(CycleArenaAllocator.java:1448)
	at io.netty.buffer.CycleArenaAllocator$ArenaBuf.release(CycleArenaAllocator.java:1377)
	at io.netty.buffer.AbstractDerivedByteBuf.release0(AbstractDerivedByteBuf.java:98)
	at io.netty.buffer.AbstractDerivedByteBuf.release(AbstractDerivedByteBuf.java:94)
	at io.netty.util.ReferenceCountUtil.release(ReferenceCountUtil.java:90)
	at io.netty.util.ReferenceCountUtil.safeRelease(ReferenceCountUtil.java:116)
	at io.netty.channel.ChannelOutboundBuffer.remove(ChannelOutboundBuffer.java:300)
	at io.netty.channel.ChannelOutboundBuffer.removeBytes(ChannelOutboundBuffer.java:382)
	at io.netty.channel.uring.AbstractIoUringStreamChannel$IoUringStreamUnsafe.writeComplete0(AbstractIoUringStreamChannel.java:692)
	at io.netty.channel.uring.IoUringSocketChannel$IoUringSocketUnsafe.writeComplete0(IoUringSocketChannel.java:188)
	at io.netty.channel.uring.AbstractIoUringChannel$AbstractUringUnsafe.writeComplete(AbstractIoUringChannel.java:1003)
	at io.netty.channel.uring.AbstractIoUringChannel$AbstractUringUnsafe.handle(AbstractIoUringChannel.java:474)
	at io.netty.channel.uring.IoUringIoHandler$DefaultIoUringIoRegistration.handle(IoUringIoHandler.java:705)
	at io.netty.channel.uring.IoUringIoHandler.handleFastPath(IoUringIoHandler.java:318)
	at io.netty.channel.uring.IoUringIoHandler.handle(IoUringIoHandler.java:298)
	at io.netty.channel.uring.CompletionQueue.process(CompletionQueue.java:151)
	at io.netty.channel.uring.IoUringIoHandler.processCompletionsAndHandleOverflow(IoUringIoHandler.java:213)
	at io.netty.channel.uring.IoUringIoHandler.run(IoUringIoHandler.java:188)
	at io.netty.channel.SingleThreadIoEventLoop.runIo(SingleThreadIoEventLoop.java:225)
	at io.netty.channel.SingleThreadIoEventLoop.run(SingleThreadIoEventLoop.java:196)
	at io.netty.util.concurrent.SingleThreadEventExecutor$5.run(SingleThreadEventExecutor.java:1204)
	at io.netty.util.internal.ThreadExecutorMap$2.run(ThreadExecutorMap.java:74)
	at io.netty.util.concurrent.FastThreadLocalRunnable.run(FastThreadLocalRunnable.java:30)
	at java.base/java.lang.Thread.run(Thread.java:1583)
07:12:24.591 [multiThreadIoEventLoopGroup-4-2] WARN  io.netty.util.ReferenceCountUtil - Failed to release a message: UnpooledSlicedByteBuf(ridx: 0, widx: 1188, cap: 1188/1188, unwrapped: CycleArenaAllocator$ArenaBuf(ridx: 0, widx: 8192, cap: 8192))
java.lang.IllegalStateException: arena buffer of Thread[#28,multiThreadIoEventLoopGroup-3-3,10,main] touched from Thread[#31,multiThreadIoEventLoopGroup-4-2,10,main] (event-loop arena buffers are thread confined)
	at io.netty.buffer.CycleArenaAllocator$ArenaBuf.violation(CycleArenaAllocator.java:1448)
	at io.netty.buffer.CycleArenaAllocator$ArenaBuf.release(CycleArenaAllocator.java:1377)
	at io.netty.buffer.AbstractDerivedByteBuf.release0(AbstractDerivedByteBuf.java:98)
	at io.netty.buffer.AbstractDerivedByteBuf.release(AbstractDerivedByteBuf.java:94)
	at io.netty.util.ReferenceCountUtil.release(ReferenceCountUtil.java:90)
	at io.netty.util.ReferenceCountUtil.safeRelease(ReferenceCountUtil.java:116)
	at io.netty.channel.ChannelOutboundBuffer.remove(ChannelOutboundBuffer.java:300)
	at io.netty.channel.ChannelOutboundBuffer.removeBytes(ChannelOutboundBuffer.java:382)
	at io.netty.channel.uring.AbstractIoUringStreamChannel$IoUringStreamUnsafe.writeComplete0(AbstractIoUringStreamChannel.java:692)
	at io.netty.channel.uring.IoUringSocketChannel$IoUringSocketUnsafe.writeComplete0(IoUringSocketChannel.java:188)
	at io.netty.channel.uring.AbstractIoUringChannel$AbstractUringUnsafe.writeComplete(AbstractIoUringChannel.java:1003)
	at io.netty.channel.uring.AbstractIoUringChannel$AbstractUringUnsafe.handle(AbstractIoUringChannel.java:474)
	at io.netty.channel.uring.IoUringIoHandler$DefaultIoUringIoRegistration.handle(IoUringIoHandler.java:705)
	at io.netty.channel.uring.IoUringIoHandler.handleFastPath(IoUringIoHandler.java:318)
	at io.netty.channel.uring.IoUringIoHandler.handle(IoUringIoHandler.java:298)
	at io.netty.channel.uring.CompletionQueue.process(CompletionQueue.java:151)
	at io.netty.channel.uring.IoUringIoHandler.processCompletionsAndHandleOverflow(IoUringIoHandler.java:213)
	at io.netty.channel.uring.IoUringIoHandler.run(IoUringIoHandler.java:188)
	at io.netty.channel.SingleThreadIoEventLoop.runIo(SingleThreadIoEventLoop.java:225)
	at io.netty.channel.SingleThreadIoEventLoop.run(SingleThreadIoEventLoop.java:196)
	at io.netty.util.concurrent.SingleThreadEventExecutor$5.run(SingleThreadEventExecutor.java:1204)
	at io.netty.util.internal.ThreadExecutorMap$2.run(ThreadExecutorMap.java:74)
	at io.netty.util.concurrent.FastThreadLocalRunnable.run(FastThreadLocalRunnable.java:30)
	at java.base/java.lang.Thread.run(Thread.java:1583)
07:12:24.591 [multiThreadIoEventLoopGroup-4-2] WARN  io.netty.util.ReferenceCountUtil - Failed to release a message: UnpooledSlicedByteBuf(ridx: 0, widx: 1386, cap: 1386/1386, unwrapped: CycleArenaAllocator$ArenaBuf(ridx: 0, widx: 8192, cap: 8192))
java.lang.IllegalStateException: arena buffer of Thread[#28,multiThreadIoEventLoopGroup-3-3,10,main] touched from Thread[#31,multiThreadIoEventLoopGroup-4-2,10,main] (event-loop arena buffers are thread confined)
	at io.netty.buffer.CycleArenaAllocator$ArenaBuf.violation(CycleArenaAllocator.java:1448)
	at io.netty.buffer.CycleArenaAllocator$ArenaBuf.release(CycleArenaAllocator.java:1377)
	at io.netty.buffer.AbstractDerivedByteBuf.release0(AbstractDerivedByteBuf.java:98)
	at io.netty.buffer.AbstractDerivedByteBuf.release(AbstractDerivedByteBuf.java:94)
	at io.netty.util.ReferenceCountUtil.release(ReferenceCountUtil.java:90)
	at io.netty.util.ReferenceCountUtil.safeRelease(ReferenceCountUtil.java:116)
	at io.netty.channel.ChannelOutboundBuffer.remove(ChannelOutboundBuffer.java:300)
	at io.netty.channel.ChannelOutboundBuffer.removeBytes(ChannelOutboundBuffer.java:382)
	at io.netty.channel.uring.AbstractIoUringStreamChannel$IoUringStreamUnsafe.writeComplete0(AbstractIoUringStreamChannel.java:692)
	at io.netty.channel.uring.IoUringSocketChannel$IoUringSocketUnsafe.writeComplete0(IoUringSocketChannel.java:188)
	at io.netty.channel.uring.AbstractIoUringChannel$AbstractUringUnsafe.writeComplete(AbstractIoUringChannel.java:1003)
	at io.netty.channel.uring.AbstractIoUringChannel$AbstractUringUnsafe.handle(AbstractIoUringChannel.java:474)
	at io.netty.channel.uring.IoUringIoHandler$DefaultIoUringIoRegistration.handle(IoUringIoHandler.java:705)
	at io.netty.channel.uring.IoUringIoHandler.handleFastPath(IoUringIoHandler.java:318)
	at io.netty.channel.uring.IoUringIoHandler.handle(IoUringIoHandler.java:298)
	at io.netty.channel.uring.CompletionQueue.process(CompletionQueue.java:151)
	at io.netty.channel.uring.IoUringIoHandler.processCompletionsAndHandleOverflow(IoUringIoHandler.java:213)
	at io.netty.channel.uring.IoUringIoHandler.run(IoUringIoHandler.java:188)
	at io.netty.channel.SingleThreadIoEventLoop.runIo(SingleThreadIoEventLoop.java:225)
	at io.netty.channel.SingleThreadIoEventLoop.run(SingleThreadIoEventLoop.java:196)
	at io.netty.util.concurrent.SingleThreadEventExecutor$5.run(SingleThreadEventExecutor.java:1204)
	at io.netty.util.internal.ThreadExecutorMap$2.run(ThreadExecutorMap.java:74)
	at io.netty.util.concurrent.FastThreadLocalRunnable.run(FastThreadLocalRunnable.java:30)
	at java.base/java.lang.Thread.run(Thread.java:1583)
07:12:24.591 [multiThreadIoEventLoopGroup-4-2] WARN  io.netty.util.ReferenceCountUtil - Failed to release a message: UnpooledSlicedByteBuf(ridx: 0, widx: 990, cap: 990/990, unwrapped: CycleArenaAllocator$ArenaBuf(ridx: 0, widx: 8192, cap: 8192))
java.lang.IllegalStateException: arena buffer of Thread[#26,multiThreadIoEventLoopGroup-3-1,10,main] touched from Thread[#31,multiThreadIoEventLoopGroup-4-2,10,main] (event-loop arena buffers are thread confined)
	at io.netty.buffer.CycleArenaAllocator$ArenaBuf.violation(CycleArenaAllocator.java:1448)
	at io.netty.buffer.CycleArenaAllocator$ArenaBuf.release(CycleArenaAllocator.java:1377)
	at io.netty.buffer.AbstractDerivedByteBuf.release0(AbstractDerivedByteBuf.java:98)
	at io.netty.buffer.AbstractDerivedByteBuf.release(AbstractDerivedByteBuf.java:94)
	at io.netty.util.ReferenceCountUtil.release(ReferenceCountUtil.java:90)
	at io.netty.util.ReferenceCountUtil.safeRelease(ReferenceCountUtil.java:116)
	at io.netty.channel.ChannelOutboundBuffer.remove(ChannelOutboundBuffer.java:300)
	at io.netty.channel.ChannelOutboundBuffer.removeBytes(ChannelOutboundBuffer.java:382)
	at io.netty.channel.uring.AbstractIoUringStreamChannel$IoUringStreamUnsafe.writeComplete0(AbstractIoUringStreamChannel.java:692)
	at io.netty.channel.uring.IoUringSocketChannel$IoUringSocketUnsafe.writeComplete0(IoUringSocketChannel.java:188)
	at io.netty.channel.uring.AbstractIoUringChannel$AbstractUringUnsafe.writeComplete(AbstractIoUringChannel.java:1003)
	at io.netty.channel.uring.AbstractIoUringChannel$AbstractUringUnsafe.handle(AbstractIoUringChannel.java:474)
	at io.netty.channel.uring.IoUringIoHandler$DefaultIoUringIoRegistration.handle(IoUringIoHandler.java:705)
	at io.netty.channel.uring.IoUringIoHandler.handleFastPath(IoUringIoHandler.java:318)
	at io.netty.channel.uring.IoUringIoHandler.handle(IoUringIoHandler.java:298)
	at io.netty.channel.uring.CompletionQueue.process(CompletionQueue.java:151)
	at io.netty.channel.uring.IoUringIoHandler.processCompletionsAndHandleOverflow(IoUringIoHandler.java:213)
	at io.netty.channel.uring.IoUringIoHandler.run(IoUringIoHandler.java:188)
	at io.netty.channel.SingleThreadIoEventLoop.runIo(SingleThreadIoEventLoop.java:225)
	at io.netty.channel.SingleThreadIoEventLoop.run(SingleThreadIoEventLoop.java:196)
	at io.netty.util.concurrent.SingleThreadEventExecutor$5.run(SingleThreadEventExecutor.java:1204)
	at io.netty.util.internal.ThreadExecutorMap$2.run(ThreadExecutorMap.java:74)
	at io.netty.util.concurrent.FastThreadLocalRunnable.run(FastThreadLocalRunnable.java:30)
	at java.base/java.lang.Thread.run(Thread.java:1583)
07:12:24.592 [multiThreadIoEventLoopGroup-3-4] WARN  i.n.channel.uring.IoUringIoHandler - Unexpected exception in the IO event loop.
java.lang.IllegalStateException: arena buffer of Thread[#31,multiThreadIoEventLoopGroup-4-2,10,main] touched from Thread[#29,multiThreadIoEventLoopGroup-3-4,10,main] (event-loop arena buffers are thread confined)
	at io.netty.buffer.CycleArenaAllocator$ArenaBuf.violation(CycleArenaAllocator.java:1448)
	at io.netty.buffer.CycleArenaAllocator$ArenaBuf.retain(CycleArenaAllocator.java:1351)
	at io.netty.buffer.AbstractDerivedByteBuf.retain0(AbstractDerivedByteBuf.java:58)
	at io.netty.buffer.AbstractDerivedByteBuf.retain(AbstractDerivedByteBuf.java:54)
	at io.netty.channel.uring.IoUringSocketChannel$IoUringSocketUnsafe.handleWriteCompleteZeroCopy(IoUringSocketChannel.java:220)
	at io.netty.channel.uring.IoUringSocketChannel$IoUringSocketUnsafe.writeComplete0(IoUringSocketChannel.java:186)
	at io.netty.channel.uring.AbstractIoUringChannel$AbstractUringUnsafe.writeComplete(AbstractIoUringChannel.java:1003)
	at io.netty.channel.uring.AbstractIoUringChannel$AbstractUringUnsafe.handle(AbstractIoUringChannel.java:474)
	at io.netty.channel.uring.IoUringIoHandler$DefaultIoUringIoRegistration.handle(IoUringIoHandler.java:705)
	at io.netty.channel.uring.IoUringIoHandler.handleFastPath(IoUringIoHandler.java:318)
	at io.netty.channel.uring.IoUringIoHandler.handle(IoUringIoHandler.java:298)
	at io.netty.channel.uring.CompletionQueue.process(CompletionQueue.java:151)
	at io.netty.channel.uring.IoUringIoHandler.processCompletionsAndHandleOverflow(IoUringIoHandler.java:213)
	at io.netty.channel.uring.IoUringIoHandler.run(IoUringIoHandler.java:188)
	at io.netty.channel.SingleThreadIoEventLoop.runIo(SingleThreadIoEventLoop.java:225)
	at io.netty.channel.SingleThreadIoEventLoop.run(SingleThreadIoEventLoop.java:196)
	at io.netty.util.concurrent.SingleThreadEventExecutor$5.run(SingleThreadEventExecutor.java:1204)
	at io.netty.util.internal.ThreadExecutorMap$2.run(ThreadExecutorMap.java:74)
	at io.netty.util.concurrent.FastThreadLocalRunnable.run(FastThreadLocalRunnable.java:30)
	at java.base/java.lang.Thread.run(Thread.java:1583)
07:12:24.592 [multiThreadIoEventLoopGroup-3-1] WARN  io.netty.util.ReferenceCountUtil - Failed to release a message: UnpooledSlicedByteBuf(ridx: 0, widx: 3666, cap: 3666/3666, unwrapped: CycleArenaAllocator$ArenaBuf(ridx: 0, widx: 8192, cap: 8192))
java.lang.IllegalStateException: arena buffer of Thread[#31,multiThreadIoEventLoopGroup-4-2,10,main] touched from Thread[#26,multiThreadIoEventLoopGroup-3-1,10,main] (event-loop arena buffers are thread confined)
	at io.netty.buffer.CycleArenaAllocator$ArenaBuf.violation(CycleArenaAllocator.java:1448)
	at io.netty.buffer.CycleArenaAllocator$ArenaBuf.release(CycleArenaAllocator.java:1377)
	at io.netty.buffer.AbstractDerivedByteBuf.release0(AbstractDerivedByteBuf.java:98)
	at io.netty.buffer.AbstractDerivedByteBuf.release(AbstractDerivedByteBuf.java:94)
	at io.netty.util.ReferenceCountUtil.release(ReferenceCountUtil.java:90)
	at io.netty.util.ReferenceCountUtil.safeRelease(ReferenceCountUtil.java:116)
	at io.netty.channel.ChannelOutboundBuffer.remove(ChannelOutboundBuffer.java:300)
	at io.netty.channel.ChannelOutboundBuffer.removeBytes(ChannelOutboundBuffer.java:382)
	at io.netty.channel.uring.AbstractIoUringStreamChannel$IoUringStreamUnsafe.writeComplete0(AbstractIoUringStreamChannel.java:692)
	at io.netty.channel.uring.IoUringSocketChannel$IoUringSocketUnsafe.writeComplete0(IoUringSocketChannel.java:188)
	at io.netty.channel.uring.AbstractIoUringChannel$AbstractUringUnsafe.writeComplete(AbstractIoUringChannel.java:1003)
	at io.netty.channel.uring.AbstractIoUringChannel$AbstractUringUnsafe.handle(AbstractIoUringChannel.java:474)
	at io.netty.channel.uring.IoUringIoHandler$DefaultIoUringIoRegistration.handle(IoUringIoHandler.java:705)
	at io.netty.channel.uring.IoUringIoHandler.handleFastPath(IoUringIoHandler.java:318)
	at io.netty.channel.uring.IoUringIoHandler.handle(IoUringIoHandler.java:298)
	at io.netty.channel.uring.CompletionQueue.process(CompletionQueue.java:151)
	at io.netty.channel.uring.IoUringIoHandler.processCompletionsAndHandleOverflow(IoUringIoHandler.java:213)
	at io.netty.channel.uring.IoUringIoHandler.run(IoUringIoHandler.java:188)
	at io.netty.channel.SingleThreadIoEventLoop.runIo(SingleThreadIoEventLoop.java:225)
	at io.netty.channel.SingleThreadIoEventLoop.run(SingleThreadIoEventLoop.java:196)
	at io.netty.util.concurrent.SingleThreadEventExecutor$5.run(SingleThreadEventExecutor.java:1204)
	at io.netty.util.internal.ThreadExecutorMap$2.run(ThreadExecutorMap.java:74)
	at io.netty.util.concurrent.FastThreadLocalRunnable.run(FastThreadLocalRunnable.java:30)
	at java.base/java.lang.Thread.run(Thread.java:1583)
07:12:24.592 [multiThreadIoEventLoopGroup-4-2] WARN  i.n.channel.uring.IoUringIoHandler - Unexpected exception in the IO event loop.
java.lang.IllegalStateException: arena buffer of Thread[#27,multiThreadIoEventLoopGroup-3-2,10,main] touched from Thread[#31,multiThreadIoEventLoopGroup-4-2,10,main] (event-loop arena buffers are thread confined)
	at io.netty.buffer.CycleArenaAllocator$ArenaBuf.violation(CycleArenaAllocator.java:1448)
	at io.netty.buffer.CycleArenaAllocator$ArenaBuf.retain(CycleArenaAllocator.java:1351)
	at io.netty.buffer.AbstractDerivedByteBuf.retain0(AbstractDerivedByteBuf.java:58)
	at io.netty.buffer.AbstractDerivedByteBuf.retain(AbstractDerivedByteBuf.java:54)
	at io.netty.channel.uring.IoUringSocketChannel$IoUringSocketUnsafe.handleWriteCompleteZeroCopy(IoUringSocketChannel.java:220)
	at io.netty.channel.uring.IoUringSocketChannel$IoUringSocketUnsafe.writeComplete0(IoUringSocketChannel.java:186)
	at io.netty.channel.uring.AbstractIoUringChannel$AbstractUringUnsafe.writeComplete(AbstractIoUringChannel.java:1003)
	at io.netty.channel.uring.AbstractIoUringChannel$AbstractUringUnsafe.handle(AbstractIoUringChannel.java:474)
	at io.netty.channel.uring.IoUringIoHandler$DefaultIoUringIoRegistration.handle(IoUringIoHandler.java:705)
	at io.netty.channel.uring.IoUringIoHandler.handleFastPath(IoUringIoHandler.java:318)
	at io.netty.channel.uring.IoUringIoHandler.handle(IoUringIoHandler.java:298)
	at io.netty.channel.uring.CompletionQueue.process(CompletionQueue.java:151)
	at io.netty.channel.uring.IoUringIoHandler.processCompletionsAndHandleOverflow(IoUringIoHandler.java:213)
	at io.netty.channel.uring.IoUringIoHandler.run(IoUringIoHandler.java:188)
	at io.netty.channel.SingleThreadIoEventLoop.runIo(SingleThreadIoEventLoop.java:225)
	at io.netty.channel.SingleThreadIoEventLoop.run(SingleThreadIoEventLoop.java:196)
	at io.netty.util.concurrent.SingleThreadEventExecutor$5.run(SingleThreadEventExecutor.java:1204)
	at io.netty.util.internal.ThreadExecutorMap$2.run(ThreadExecutorMap.java:74)
	at io.netty.util.concurrent.FastThreadLocalRunnable.run(FastThreadLocalRunnable.java:30)
	at java.base/java.lang.Thread.run(Thread.java:1583)
07:12:24.592 [multiThreadIoEventLoopGroup-3-1] WARN  i.n.channel.uring.IoUringIoHandler - Unexpected exception in the IO event loop.
java.lang.IllegalStateException: arena buffer of Thread[#31,multiThreadIoEventLoopGroup-4-2,10,main] touched from Thread[#26,multiThreadIoEventLoopGroup-3-1,10,main] (event-loop arena buffers are thread confined)
	at io.netty.buffer.CycleArenaAllocator$ArenaBuf.violation(CycleArenaAllocator.java:1448)
	at io.netty.buffer.CycleArenaAllocator$ArenaBuf.retain(CycleArenaAllocator.java:1351)
	at io.netty.buffer.AbstractDerivedByteBuf.retain0(AbstractDerivedByteBuf.java:58)
	at io.netty.buffer.AbstractDerivedByteBuf.retain(AbstractDerivedByteBuf.java:54)
	at io.netty.channel.uring.IoUringSocketChannel$IoUringSocketUnsafe.handleWriteCompleteZeroCopy(IoUringSocketChannel.java:220)
	at io.netty.channel.uring.IoUringSocketChannel$IoUringSocketUnsafe.writeComplete0(IoUringSocketChannel.java:186)
	at io.netty.channel.uring.AbstractIoUringChannel$AbstractUringUnsafe.writeComplete(AbstractIoUringChannel.java:1003)
	at io.netty.channel.uring.AbstractIoUringChannel$AbstractUringUnsafe.handle(AbstractIoUringChannel.java:474)
	at io.netty.channel.uring.IoUringIoHandler$DefaultIoUringIoRegistration.handle(IoUringIoHandler.java:705)
	at io.netty.channel.uring.IoUringIoHandler.handleFastPath(IoUringIoHandler.java:318)
	at io.netty.channel.uring.IoUringIoHandler.handle(IoUringIoHandler.java:298)
	at io.netty.channel.uring.CompletionQueue.process(CompletionQueue.java:151)
	at io.netty.channel.uring.IoUringIoHandler.processCompletionsAndHandleOverflow(IoUringIoHandler.java:213)
	at io.netty.channel.uring.IoUringIoHandler.run(IoUringIoHandler.java:188)
	at io.netty.channel.SingleThreadIoEventLoop.runIo(SingleThreadIoEventLoop.java:225)
	at io.netty.channel.SingleThreadIoEventLoop.run(SingleThreadIoEventLoop.java:196)
	at io.netty.util.concurrent.SingleThreadEventExecutor$5.run(SingleThreadEventExecutor.java:1204)
	at io.netty.util.internal.ThreadExecutorMap$2.run(ThreadExecutorMap.java:74)
	at io.netty.util.concurrent.FastThreadLocalRunnable.run(FastThreadLocalRunnable.java:30)
	at java.base/java.lang.Thread.run(Thread.java:1583)
07:12:24.593 [multiThreadIoEventLoopGroup-4-3] WARN  i.n.channel.uring.IoUringIoHandler - Unexpected exception in the IO event loop.
java.lang.IllegalStateException: arena buffer of Thread[#28,multiThreadIoEventLoopGroup-3-3,10,main] touched from Thread[#32,multiThreadIoEventLoopGroup-4-3,10,main] (event-loop arena buffers are thread confined)
	at io.netty.buffer.CycleArenaAllocator$ArenaBuf.violation(CycleArenaAllocator.java:1448)
	at io.netty.buffer.CycleArenaAllocator$ArenaBuf.release(CycleArenaAllocator.java:1377)
	at io.netty.buffer.AbstractDerivedByteBuf.release0(AbstractDerivedByteBuf.java:98)
	at io.netty.buffer.AbstractDerivedByteBuf.release(AbstractDerivedByteBuf.java:94)
	at io.netty.channel.uring.IoUringSocketChannel$IoUringSocketUnsafe.handleWriteCompleteZeroCopy(IoUringSocketChannel.java:289)
	at io.netty.channel.uring.IoUringSocketChannel$IoUringSocketUnsafe.writeComplete0(IoUringSocketChannel.java:186)
	at io.netty.channel.uring.AbstractIoUringChannel$AbstractUringUnsafe.writeComplete(AbstractIoUringChannel.java:1003)
	at io.netty.channel.uring.AbstractIoUringChannel$AbstractUringUnsafe.handle(AbstractIoUringChannel.java:474)
	at io.netty.channel.uring.IoUringIoHandler$DefaultIoUringIoRegistration.handle(IoUringIoHandler.java:705)
	at io.netty.channel.uring.IoUringIoHandler.handleFastPath(IoUringIoHandler.java:318)
	at io.netty.channel.uring.IoUringIoHandler.handle(IoUringIoHandler.java:298)
	at io.netty.channel.uring.CompletionQueue.process(CompletionQueue.java:151)
	at io.netty.channel.uring.IoUringIoHandler.processCompletionsAndHandleOverflow(IoUringIoHandler.java:213)
	at io.netty.channel.uring.IoUringIoHandler.run(IoUringIoHandler.java:188)
	at io.netty.channel.SingleThreadIoEventLoop.runIo(SingleThreadIoEventLoop.java:225)
	at io.netty.channel.SingleThreadIoEventLoop.run(SingleThreadIoEventLoop.java:196)
	at io.netty.util.concurrent.SingleThreadEventExecutor$5.run(SingleThreadEventExecutor.java:1204)
	at io.netty.util.internal.ThreadExecutorMap$2.run(ThreadExecutorMap.java:74)
	at io.netty.util.concurrent.FastThreadLocalRunnable.run(FastThreadLocalRunnable.java:30)
	at java.base/java.lang.Thread.run(Thread.java:1583)
07:12:24.593 [multiThreadIoEventLoopGroup-3-3] WARN  io.netty.util.ReferenceCountUtil - Failed to release a message: UnpooledSlicedByteBuf(ridx: 0, widx: 2795, cap: 2795/2795, unwrapped: CycleArenaAllocator$ArenaBuf(ridx: 0, widx: 8192, cap: 8192))
java.lang.IllegalStateException: arena buffer of Thread[#31,multiThreadIoEventLoopGroup-4-2,10,main] touched from Thread[#28,multiThreadIoEventLoopGroup-3-3,10,main] (event-loop arena buffers are thread confined)
	at io.netty.buffer.CycleArenaAllocator$ArenaBuf.violation(CycleArenaAllocator.java:1448)
	at io.netty.buffer.CycleArenaAllocator$ArenaBuf.release(CycleArenaAllocator.java:1377)
	at io.netty.buffer.AbstractDerivedByteBuf.release0(AbstractDerivedByteBuf.java:98)
	at io.netty.buffer.AbstractDerivedByteBuf.release(AbstractDerivedByteBuf.java:94)
	at io.netty.util.ReferenceCountUtil.release(ReferenceCountUtil.java:90)
	at io.netty.util.ReferenceCountUtil.safeRelease(ReferenceCountUtil.java:116)
	at io.netty.channel.ChannelOutboundBuffer.remove(ChannelOutboundBuffer.java:300)
	at io.netty.channel.ChannelOutboundBuffer.removeBytes(ChannelOutboundBuffer.java:382)
	at io.netty.channel.uring.AbstractIoUringStreamChannel$IoUringStreamUnsafe.writeComplete0(AbstractIoUringStreamChannel.java:692)
	at io.netty.channel.uring.IoUringSocketChannel$IoUringSocketUnsafe.writeComplete0(IoUringSocketChannel.java:188)
	at io.netty.channel.uring.AbstractIoUringChannel$AbstractUringUnsafe.writeComplete(AbstractIoUringChannel.java:1003)
	at io.netty.channel.uring.AbstractIoUringChannel$AbstractUringUnsafe.handle(AbstractIoUringChannel.java:474)
	at io.netty.channel.uring.IoUringIoHandler$DefaultIoUringIoRegistration.handle(IoUringIoHandler.java:705)
	at io.netty.channel.uring.IoUringIoHandler.handleFastPath(IoUringIoHandler.java:318)
	at io.netty.channel.uring.IoUringIoHandler.handle(IoUringIoHandler.java:298)
	at io.netty.channel.uring.CompletionQueue.process(CompletionQueue.java:151)
	at io.netty.channel.uring.IoUringIoHandler.processCompletionsAndHandleOverflow(IoUringIoHandler.java:213)
	at io.netty.channel.uring.IoUringIoHandler.run(IoUringIoHandler.java:188)
	at io.netty.channel.SingleThreadIoEventLoop.runIo(SingleThreadIoEventLoop.java:225)
	at io.netty.channel.SingleThreadIoEventLoop.run(SingleThreadIoEventLoop.java:196)
	at io.netty.util.concurrent.SingleThreadEventExecutor$5.run(SingleThreadEventExecutor.java:1204)
	at io.netty.util.internal.ThreadExecutorMap$2.run(ThreadExecutorMap.java:74)
	at io.netty.util.concurrent.FastThreadLocalRunnable.run(FastThreadLocalRunnable.java:30)
	at java.base/java.lang.Thread.run(Thread.java:1583)
07:12:24.593 [multiThreadIoEventLoopGroup-3-3] WARN  io.netty.util.ReferenceCountUtil - Failed to release a message: UnpooledSlicedByteBuf(ridx: 0, widx: 1742, cap: 1742/1742, unwrapped: CycleArenaAllocator$ArenaBuf(ridx: 0, widx: 6279, cap: 8192))
java.lang.IllegalStateException: arena buffer of Thread[#31,multiThreadIoEventLoopGroup-4-2,10,main] touched from Thread[#28,multiThreadIoEventLoopGroup-3-3,10,main] (event-loop arena buffers are thread confined)
	at io.netty.buffer.CycleArenaAllocator$ArenaBuf.violation(CycleArenaAllocator.java:1448)
	at io.netty.buffer.CycleArenaAllocator$ArenaBuf.release(CycleArenaAllocator.java:1377)
	at io.netty.buffer.AbstractDerivedByteBuf.release0(AbstractDerivedByteBuf.java:98)
	at io.netty.buffer.AbstractDerivedByteBuf.release(AbstractDerivedByteBuf.java:94)
	at io.netty.util.ReferenceCountUtil.release(ReferenceCountUtil.java:90)
	at io.netty.util.ReferenceCountUtil.safeRelease(ReferenceCountUtil.java:116)
	at io.netty.channel.ChannelOutboundBuffer.remove(ChannelOutboundBuffer.java:300)
	at io.netty.channel.ChannelOutboundBuffer.removeBytes(ChannelOutboundBuffer.java:382)
	at io.netty.channel.uring.AbstractIoUringStreamChannel$IoUringStreamUnsafe.writeComplete0(AbstractIoUringStreamChannel.java:692)
	at io.netty.channel.uring.IoUringSocketChannel$IoUringSocketUnsafe.writeComplete0(IoUringSocketChannel.java:188)
	at io.netty.channel.uring.AbstractIoUringChannel$AbstractUringUnsafe.writeComplete(AbstractIoUringChannel.java:1003)
	at io.netty.channel.uring.AbstractIoUringChannel$AbstractUringUnsafe.handle(AbstractIoUringChannel.java:474)
	at io.netty.channel.uring.IoUringIoHandler$DefaultIoUringIoRegistration.handle(IoUringIoHandler.java:705)
	at io.netty.channel.uring.IoUringIoHandler.handleFastPath(IoUringIoHandler.java:318)
	at io.netty.channel.uring.IoUringIoHandler.handle(IoUringIoHandler.java:298)
	at io.netty.channel.uring.CompletionQueue.process(CompletionQueue.java:151)
	at io.netty.channel.uring.IoUringIoHandler.processCompletionsAndHandleOverflow(IoUringIoHandler.java:213)
	at io.netty.channel.uring.IoUringIoHandler.run(IoUringIoHandler.java:188)
	at io.netty.channel.SingleThreadIoEventLoop.runIo(SingleThreadIoEventLoop.java:225)
	at io.netty.channel.SingleThreadIoEventLoop.run(SingleThreadIoEventLoop.java:196)
	at io.netty.util.concurrent.SingleThreadEventExecutor$5.run(SingleThreadEventExecutor.java:1204)
	at io.netty.util.internal.ThreadExecutorMap$2.run(ThreadExecutorMap.java:74)
	at io.netty.util.concurrent.FastThreadLocalRunnable.run(FastThreadLocalRunnable.java:30)
	at java.base/java.lang.Thread.run(Thread.java:1583)
07:12:24.613 [multiThreadIoEventLoopGroup-4-4] WARN  i.n.channel.uring.IoUringIoHandler - Unexpected exception in the IO event loop.
java.lang.IllegalStateException: arena buffer of Thread[#29,multiThreadIoEventLoopGroup-3-4,10,main] touched from Thread[#33,multiThreadIoEventLoopGroup-4-4,10,main] (event-loop arena buffers are thread confined)
	at io.netty.buffer.CycleArenaAllocator$ArenaBuf.violation(CycleArenaAllocator.java:1448)
	at io.netty.buffer.CycleArenaAllocator$ArenaBuf.release(CycleArenaAllocator.java:1377)
	at io.netty.buffer.AbstractDerivedByteBuf.release0(AbstractDerivedByteBuf.java:98)
	at io.netty.buffer.AbstractDerivedByteBuf.release(AbstractDerivedByteBuf.java:94)
	at io.netty.channel.uring.IoUringSocketChannel$IoUringSocketUnsafe.handleWriteCompleteZeroCopy(IoUringSocketChannel.java:289)
	at io.netty.channel.uring.IoUringSocketChannel$IoUringSocketUnsafe.writeComplete0(IoUringSocketChannel.java:186)
	at io.netty.channel.uring.AbstractIoUringChannel$AbstractUringUnsafe.writeComplete(AbstractIoUringChannel.java:1003)
	at io.netty.channel.uring.AbstractIoUringChannel$AbstractUringUnsafe.handle(AbstractIoUringChannel.java:474)
	at io.netty.channel.uring.IoUringIoHandler$DefaultIoUringIoRegistration.handle(IoUringIoHandler.java:705)
	at io.netty.channel.uring.IoUringIoHandler.handleFastPath(IoUringIoHandler.java:318)
	at io.netty.channel.uring.IoUringIoHandler.handle(IoUringIoHandler.java:298)
	at io.netty.channel.uring.CompletionQueue.process(CompletionQueue.java:151)
	at io.netty.channel.uring.IoUringIoHandler.processCompletionsAndHandleOverflow(IoUringIoHandler.java:213)
	at io.netty.channel.uring.IoUringIoHandler.run(IoUringIoHandler.java:188)
	at io.netty.channel.SingleThreadIoEventLoop.runIo(SingleThreadIoEventLoop.java:225)
	at io.netty.channel.SingleThreadIoEventLoop.run(SingleThreadIoEventLoop.java:196)
	at io.netty.util.concurrent.SingleThreadEventExecutor$5.run(SingleThreadEventExecutor.java:1204)
	at io.netty.util.internal.ThreadExecutorMap$2.run(ThreadExecutorMap.java:74)
	at io.netty.util.concurrent.FastThreadLocalRunnable.run(FastThreadLocalRunnable.java:30)
	at java.base/java.lang.Thread.run(Thread.java:1583)
07:12:24.691 [multiThreadIoEventLoopGroup-4-1] WARN  io.netty.util.ReferenceCountUtil - Failed to release a message: UnpooledSlicedByteBuf(ridx: 0, widx: 3799, cap: 3799/3799, unwrapped: CycleArenaAllocator$ArenaBuf(ridx: 0, widx: 8192, cap: 8192))
java.lang.IllegalStateException: arena buffer of Thread[#26,multiThreadIoEventLoopGroup-3-1,10,main] touched from Thread[#30,multiThreadIoEventLoopGroup-4-1,10,main] (event-loop arena buffers are thread confined)
	at io.netty.buffer.CycleArenaAllocator$ArenaBuf.violation(CycleArenaAllocator.java:1448)
	at io.netty.buffer.CycleArenaAllocator$ArenaBuf.release(CycleArenaAllocator.java:1377)
	at io.netty.buffer.AbstractDerivedByteBuf.release0(AbstractDerivedByteBuf.java:98)
	at io.netty.buffer.AbstractDerivedByteBuf.release(AbstractDerivedByteBuf.java:94)
	at io.netty.util.ReferenceCountUtil.release(ReferenceCountUtil.java:90)
	at io.netty.util.ReferenceCountUtil.safeRelease(ReferenceCountUtil.java:116)
	at io.netty.channel.ChannelOutboundBuffer.remove(ChannelOutboundBuffer.java:300)
	at io.netty.channel.ChannelOutboundBuffer.removeBytes(ChannelOutboundBuffer.java:382)
	at io.netty.channel.uring.AbstractIoUringStreamChannel$IoUringStreamUnsafe.writeComplete0(AbstractIoUringStreamChannel.java:692)
	at io.netty.channel.uring.IoUringSocketChannel$IoUringSocketUnsafe.writeComplete0(IoUringSocketChannel.java:188)
	at io.netty.channel.uring.AbstractIoUringChannel$AbstractUringUnsafe.writeComplete(AbstractIoUringChannel.java:1003)
	at io.netty.channel.uring.AbstractIoUringChannel$AbstractUringUnsafe.handle(AbstractIoUringChannel.java:474)
	at io.netty.channel.uring.IoUringIoHandler$DefaultIoUringIoRegistration.handle(IoUringIoHandler.java:705)
	at io.netty.channel.uring.IoUringIoHandler.handleFastPath(IoUringIoHandler.java:318)
	at io.netty.channel.uring.IoUringIoHandler.handle(IoUringIoHandler.java:298)
	at io.netty.channel.uring.CompletionQueue.process(CompletionQueue.java:151)
	at io.netty.channel.uring.IoUringIoHandler.processCompletionsAndHandleOverflow(IoUringIoHandler.java:213)
	at io.netty.channel.uring.IoUringIoHandler.run(IoUringIoHandler.java:188)
	at io.netty.channel.SingleThreadIoEventLoop.runIo(SingleThreadIoEventLoop.java:225)
	at io.netty.channel.SingleThreadIoEventLoop.run(SingleThreadIoEventLoop.java:196)
	at io.netty.util.concurrent.SingleThreadEventExecutor$5.run(SingleThreadEventExecutor.java:1204)
	at io.netty.util.internal.ThreadExecutorMap$2.run(ThreadExecutorMap.java:74)
	at io.netty.util.concurrent.FastThreadLocalRunnable.run(FastThreadLocalRunnable.java:30)
	at java.base/java.lang.Thread.run(Thread.java:1583)
07:12:24.691 [multiThreadIoEventLoopGroup-4-1] WARN  i.n.channel.uring.IoUringIoHandler - Unexpected exception in the IO event loop.
java.lang.IllegalStateException: arena buffer of Thread[#26,multiThreadIoEventLoopGroup-3-1,10,main] touched from Thread[#30,multiThreadIoEventLoopGroup-4-1,10,main] (event-loop arena buffers are thread confined)
	at io.netty.buffer.CycleArenaAllocator$ArenaBuf.violation(CycleArenaAllocator.java:1448)
	at io.netty.buffer.CycleArenaAllocator$ArenaBuf.retain(CycleArenaAllocator.java:1351)
	at io.netty.buffer.AbstractDerivedByteBuf.retain0(AbstractDerivedByteBuf.java:58)
	at io.netty.buffer.AbstractDerivedByteBuf.retain(AbstractDerivedByteBuf.java:54)
	at io.netty.channel.uring.IoUringSocketChannel$IoUringSocketUnsafe.handleWriteCompleteZeroCopy(IoUringSocketChannel.java:220)
	at io.netty.channel.uring.IoUringSocketChannel$IoUringSocketUnsafe.writeComplete0(IoUringSocketChannel.java:186)
	at io.netty.channel.uring.AbstractIoUringChannel$AbstractUringUnsafe.writeComplete(AbstractIoUringChannel.java:1003)
	at io.netty.channel.uring.AbstractIoUringChannel$AbstractUringUnsafe.handle(AbstractIoUringChannel.java:474)
	at io.netty.channel.uring.IoUringIoHandler$DefaultIoUringIoRegistration.handle(IoUringIoHandler.java:705)
	at io.netty.channel.uring.IoUringIoHandler.handleFastPath(IoUringIoHandler.java:318)
	at io.netty.channel.uring.IoUringIoHandler.handle(IoUringIoHandler.java:298)
	at io.netty.channel.uring.CompletionQueue.process(CompletionQueue.java:151)
	at io.netty.channel.uring.IoUringIoHandler.processCompletionsAndHandleOverflow(IoUringIoHandler.java:213)
	at io.netty.channel.uring.IoUringIoHandler.run(IoUringIoHandler.java:188)
	at io.netty.channel.SingleThreadIoEventLoop.runIo(SingleThreadIoEventLoop.java:225)
	at io.netty.channel.SingleThreadIoEventLoop.run(SingleThreadIoEventLoop.java:196)
	at io.netty.util.concurrent.SingleThreadEventExecutor$5.run(SingleThreadEventExecutor.java:1204)
	at io.netty.util.internal.ThreadExecutorMap$2.run(ThreadExecutorMap.java:74)
	at io.netty.util.concurrent.FastThreadLocalRunnable.run(FastThreadLocalRunnable.java:30)
	at java.base/java.lang.Thread.run(Thread.java:1583)
07:12:24.693 [multiThreadIoEventLoopGroup-4-3] WARN  i.n.channel.uring.IoUringIoHandler - Unexpected exception in the IO event loop.
java.lang.IllegalStateException: arena buffer of Thread[#28,multiThreadIoEventLoopGroup-3-3,10,main] touched from Thread[#32,multiThreadIoEventLoopGroup-4-3,10,main] (event-loop arena buffers are thread confined)
	at io.netty.buffer.CycleArenaAllocator$ArenaBuf.violation(CycleArenaAllocator.java:1448)
	at io.netty.buffer.CycleArenaAllocator$ArenaBuf.release(CycleArenaAllocator.java:1377)
	at io.netty.buffer.AbstractDerivedByteBuf.release0(AbstractDerivedByteBuf.java:98)
	at io.netty.buffer.AbstractDerivedByteBuf.release(AbstractDerivedByteBuf.java:94)
	at io.netty.channel.uring.IoUringSocketChannel$IoUringSocketUnsafe.handleWriteCompleteZeroCopy(IoUringSocketChannel.java:289)
	at io.netty.channel.uring.IoUringSocketChannel$IoUringSocketUnsafe.writeComplete0(IoUringSocketChannel.java:186)
	at io.netty.channel.uring.AbstractIoUringChannel$AbstractUringUnsafe.writeComplete(AbstractIoUringChannel.java:1003)
	at io.netty.channel.uring.AbstractIoUringChannel$AbstractUringUnsafe.handle(AbstractIoUringChannel.java:474)
	at io.netty.channel.uring.IoUringIoHandler$DefaultIoUringIoRegistration.handle(IoUringIoHandler.java:705)
	at io.netty.channel.uring.IoUringIoHandler.handleFastPath(IoUringIoHandler.java:318)
	at io.netty.channel.uring.IoUringIoHandler.handle(IoUringIoHandler.java:298)
	at io.netty.channel.uring.CompletionQueue.process(CompletionQueue.java:151)
	at io.netty.channel.uring.IoUringIoHandler.processCompletionsAndHandleOverflow(IoUringIoHandler.java:213)
	at io.netty.channel.uring.IoUringIoHandler.run(IoUringIoHandler.java:188)
	at io.netty.channel.SingleThreadIoEventLoop.runIo(SingleThreadIoEventLoop.java:225)
	at io.netty.channel.SingleThreadIoEventLoop.run(SingleThreadIoEventLoop.java:196)
	at io.netty.util.concurrent.SingleThreadEventExecutor$5.run(SingleThreadEventExecutor.java:1204)
	at io.netty.util.internal.ThreadExecutorMap$2.run(ThreadExecutorMap.java:74)
	at io.netty.util.concurrent.FastThreadLocalRunnable.run(FastThreadLocalRunnable.java:30)
	at java.base/java.lang.Thread.run(Thread.java:1583)
07:12:24.693 [multiThreadIoEventLoopGroup-3-4] WARN  i.n.channel.uring.IoUringIoHandler - Unexpected exception in the IO event loop.
java.lang.IllegalStateException: arena buffer of Thread[#31,multiThreadIoEventLoopGroup-4-2,10,main] touched from Thread[#29,multiThreadIoEventLoopGroup-3-4,10,main] (event-loop arena buffers are thread confined)
	at io.netty.buffer.CycleArenaAllocator$ArenaBuf.violation(CycleArenaAllocator.java:1448)
	at io.netty.buffer.CycleArenaAllocator$ArenaBuf.release(CycleArenaAllocator.java:1377)
	at io.netty.buffer.AbstractDerivedByteBuf.release0(AbstractDerivedByteBuf.java:98)
	at io.netty.buffer.AbstractDerivedByteBuf.release(AbstractDerivedByteBuf.java:94)
	at io.netty.channel.uring.IoUringSocketChannel$IoUringSocketUnsafe.handleWriteCompleteZeroCopy(IoUringSocketChannel.java:289)
	at io.netty.channel.uring.IoUringSocketChannel$IoUringSocketUnsafe.writeComplete0(IoUringSocketChannel.java:186)
	at io.netty.channel.uring.AbstractIoUringChannel$AbstractUringUnsafe.writeComplete(AbstractIoUringChannel.java:1003)
	at io.netty.channel.uring.AbstractIoUringChannel$AbstractUringUnsafe.handle(AbstractIoUringChannel.java:474)
	at io.netty.channel.uring.IoUringIoHandler$DefaultIoUringIoRegistration.handle(IoUringIoHandler.java:705)
	at io.netty.channel.uring.IoUringIoHandler.handleFastPath(IoUringIoHandler.java:318)
	at io.netty.channel.uring.IoUringIoHandler.handle(IoUringIoHandler.java:298)
	at io.netty.channel.uring.CompletionQueue.process(CompletionQueue.java:151)
	at io.netty.channel.uring.IoUringIoHandler.processCompletionsAndHandleOverflow(IoUringIoHandler.java:213)
	at io.netty.channel.uring.IoUringIoHandler.run(IoUringIoHandler.java:188)
	at io.netty.channel.SingleThreadIoEventLoop.runIo(SingleThreadIoEventLoop.java:225)
	at io.netty.channel.SingleThreadIoEventLoop.run(SingleThreadIoEventLoop.java:196)
	at io.netty.util.concurrent.SingleThreadEventExecutor$5.run(SingleThreadEventExecutor.java:1204)
	at io.netty.util.internal.ThreadExecutorMap$2.run(ThreadExecutorMap.java:74)
	at io.netty.util.concurrent.FastThreadLocalRunnable.run(FastThreadLocalRunnable.java:30)
	at java.base/java.lang.Thread.run(Thread.java:1583)
07:12:24.693 [multiThreadIoEventLoopGroup-4-2] WARN  io.netty.util.ReferenceCountUtil - Failed to release a message: UnpooledSlicedByteBuf(ridx: 0, widx: 3007, cap: 3007/3007, unwrapped: CycleArenaAllocator$ArenaBuf(ridx: 0, widx: 8192, cap: 8192))
java.lang.IllegalStateException: arena buffer of Thread[#27,multiThreadIoEventLoopGroup-3-2,10,main] touched from Thread[#31,multiThreadIoEventLoopGroup-4-2,10,main] (event-loop arena buffers are thread confined)
	at io.netty.buffer.CycleArenaAllocator$ArenaBuf.violation(CycleArenaAllocator.java:1448)
	at io.netty.buffer.CycleArenaAllocator$ArenaBuf.release(CycleArenaAllocator.java:1377)
	at io.netty.buffer.AbstractDerivedByteBuf.release0(AbstractDerivedByteBuf.java:98)
	at io.netty.buffer.AbstractDerivedByteBuf.release(AbstractDerivedByteBuf.java:94)
	at io.netty.util.ReferenceCountUtil.release(ReferenceCountUtil.java:90)
	at io.netty.util.ReferenceCountUtil.safeRelease(ReferenceCountUtil.java:116)
	at io.netty.channel.ChannelOutboundBuffer.remove(ChannelOutboundBuffer.java:300)
	at io.netty.channel.ChannelOutboundBuffer.removeBytes(ChannelOutboundBuffer.java:382)
	at io.netty.channel.uring.AbstractIoUringStreamChannel$IoUringStreamUnsafe.writeComplete0(AbstractIoUringStreamChannel.java:692)
	at io.netty.channel.uring.IoUringSocketChannel$IoUringSocketUnsafe.writeComplete0(IoUringSocketChannel.java:188)
	at io.netty.channel.uring.AbstractIoUringChannel$AbstractUringUnsafe.writeComplete(AbstractIoUringChannel.java:1003)
	at io.netty.channel.uring.AbstractIoUringChannel$AbstractUringUnsafe.handle(AbstractIoUringChannel.java:474)
	at io.netty.channel.uring.IoUringIoHandler$DefaultIoUringIoRegistration.handle(IoUringIoHandler.java:705)
	at io.netty.channel.uring.IoUringIoHandler.handleFastPath(IoUringIoHandler.java:318)
	at io.netty.channel.uring.IoUringIoHandler.handle(IoUringIoHandler.java:298)
	at io.netty.channel.uring.CompletionQueue.process(CompletionQueue.java:151)
	at io.netty.channel.uring.IoUringIoHandler.processCompletionsAndHandleOverflow(IoUringIoHandler.java:213)
	at io.netty.channel.uring.IoUringIoHandler.run(IoUringIoHandler.java:188)
	at io.netty.channel.SingleThreadIoEventLoop.runIo(SingleThreadIoEventLoop.java:225)
	at io.netty.channel.SingleThreadIoEventLoop.run(SingleThreadIoEventLoop.java:196)
	at io.netty.util.concurrent.SingleThreadEventExecutor$5.run(SingleThreadEventExecutor.java:1204)
	at io.netty.util.internal.ThreadExecutorMap$2.run(ThreadExecutorMap.java:74)
	at io.netty.util.concurrent.FastThreadLocalRunnable.run(FastThreadLocalRunnable.java:30)
	at java.base/java.lang.Thread.run(Thread.java:1583)
07:12:24.693 [multiThreadIoEventLoopGroup-4-2] WARN  i.n.channel.uring.IoUringIoHandler - Unexpected exception in the IO event loop.
java.lang.IllegalStateException: arena buffer of Thread[#27,multiThreadIoEventLoopGroup-3-2,10,main] touched from Thread[#31,multiThreadIoEventLoopGroup-4-2,10,main] (event-loop arena buffers are thread confined)
	at io.netty.buffer.CycleArenaAllocator$ArenaBuf.violation(CycleArenaAllocator.java:1448)
	at io.netty.buffer.CycleArenaAllocator$ArenaBuf.retain(CycleArenaAllocator.java:1351)
	at io.netty.buffer.AbstractDerivedByteBuf.retain0(AbstractDerivedByteBuf.java:58)
	at io.netty.buffer.AbstractDerivedByteBuf.retain(AbstractDerivedByteBuf.java:54)
	at io.netty.channel.uring.IoUringSocketChannel$IoUringSocketUnsafe.handleWriteCompleteZeroCopy(IoUringSocketChannel.java:220)
	at io.netty.channel.uring.IoUringSocketChannel$IoUringSocketUnsafe.writeComplete0(IoUringSocketChannel.java:186)
	at io.netty.channel.uring.AbstractIoUringChannel$AbstractUringUnsafe.writeComplete(AbstractIoUringChannel.java:1003)
	at io.netty.channel.uring.AbstractIoUringChannel$AbstractUringUnsafe.handle(AbstractIoUringChannel.java:474)
	at io.netty.channel.uring.IoUringIoHandler$DefaultIoUringIoRegistration.handle(IoUringIoHandler.java:705)
	at io.netty.channel.uring.IoUringIoHandler.handleFastPath(IoUringIoHandler.java:318)
	at io.netty.channel.uring.IoUringIoHandler.handle(IoUringIoHandler.java:298)
	at io.netty.channel.uring.CompletionQueue.process(CompletionQueue.java:151)
	at io.netty.channel.uring.IoUringIoHandler.processCompletionsAndHandleOverflow(IoUringIoHandler.java:213)
	at io.netty.channel.uring.IoUringIoHandler.run(IoUringIoHandler.java:188)
	at io.netty.channel.SingleThreadIoEventLoop.runIo(SingleThreadIoEventLoop.java:225)
	at io.netty.channel.SingleThreadIoEventLoop.run(SingleThreadIoEventLoop.java:196)
	at io.netty.util.concurrent.SingleThreadEventExecutor$5.run(SingleThreadEventExecutor.java:1204)
	at io.netty.util.internal.ThreadExecutorMap$2.run(ThreadExecutorMap.java:74)
	at io.netty.util.concurrent.FastThreadLocalRunnable.run(FastThreadLocalRunnable.java:30)
	at java.base/java.lang.Thread.run(Thread.java:1583)
07:12:24.694 [multiThreadIoEventLoopGroup-3-1] WARN  i.n.channel.uring.IoUringIoHandler - Unexpected exception in the IO event loop.
java.lang.IllegalStateException: arena buffer of Thread[#31,multiThreadIoEventLoopGroup-4-2,10,main] touched from Thread[#26,multiThreadIoEventLoopGroup-3-1,10,main] (event-loop arena buffers are thread confined)
	at io.netty.buffer.CycleArenaAllocator$ArenaBuf.violation(CycleArenaAllocator.java:1448)
	at io.netty.buffer.CycleArenaAllocator$ArenaBuf.release(CycleArenaAllocator.java:1377)
	at io.netty.buffer.AbstractDerivedByteBuf.release0(AbstractDerivedByteBuf.java:98)
	at io.netty.buffer.AbstractDerivedByteBuf.release(AbstractDerivedByteBuf.java:94)
	at io.netty.channel.uring.IoUringSocketChannel$IoUringSocketUnsafe.handleWriteCompleteZeroCopy(IoUringSocketChannel.java:289)
	at io.netty.channel.uring.IoUringSocketChannel$IoUringSocketUnsafe.writeComplete0(IoUringSocketChannel.java:186)
	at io.netty.channel.uring.AbstractIoUringChannel$AbstractUringUnsafe.writeComplete(AbstractIoUringChannel.java:1003)
	at io.netty.channel.uring.AbstractIoUringChannel$AbstractUringUnsafe.handle(AbstractIoUringChannel.java:474)
	at io.netty.channel.uring.IoUringIoHandler$DefaultIoUringIoRegistration.handle(IoUringIoHandler.java:705)
	at io.netty.channel.uring.IoUringIoHandler.handleFastPath(IoUringIoHandler.java:318)
	at io.netty.channel.uring.IoUringIoHandler.handle(IoUringIoHandler.java:298)
	at io.netty.channel.uring.CompletionQueue.process(CompletionQueue.java:151)
	at io.netty.channel.uring.IoUringIoHandler.processCompletionsAndHandleOverflow(IoUringIoHandler.java:213)
	at io.netty.channel.uring.IoUringIoHandler.run(IoUringIoHandler.java:188)
	at io.netty.channel.SingleThreadIoEventLoop.runIo(SingleThreadIoEventLoop.java:225)
	at io.netty.channel.SingleThreadIoEventLoop.run(SingleThreadIoEventLoop.java:196)
	at io.netty.util.concurrent.SingleThreadEventExecutor$5.run(SingleThreadEventExecutor.java:1204)
	at io.netty.util.internal.ThreadExecutorMap$2.run(ThreadExecutorMap.java:74)
	at io.netty.util.concurrent.FastThreadLocalRunnable.run(FastThreadLocalRunnable.java:30)
	at java.base/java.lang.Thread.run(Thread.java:1583)
07:12:24.714 [multiThreadIoEventLoopGroup-4-4] WARN  i.n.channel.uring.IoUringIoHandler - Unexpected exception in the IO event loop.
java.lang.IllegalStateException: arena buffer of Thread[#29,multiThreadIoEventLoopGroup-3-4,10,main] touched from Thread[#33,multiThreadIoEventLoopGroup-4-4,10,main] (event-loop arena buffers are thread confined)
	at io.netty.buffer.CycleArenaAllocator$ArenaBuf.violation(CycleArenaAllocator.java:1448)
	at io.netty.buffer.CycleArenaAllocator$ArenaBuf.release(CycleArenaAllocator.java:1377)
	at io.netty.buffer.AbstractDerivedByteBuf.release0(AbstractDerivedByteBuf.java:98)
	at io.netty.buffer.AbstractDerivedByteBuf.release(AbstractDerivedByteBuf.java:94)
	at io.netty.channel.uring.IoUringSocketChannel$IoUringSocketUnsafe.handleWriteCompleteZeroCopy(IoUringSocketChannel.java:289)
	at io.netty.channel.uring.IoUringSocketChannel$IoUringSocketUnsafe.writeComplete0(IoUringSocketChannel.java:186)
	at io.netty.channel.uring.AbstractIoUringChannel$AbstractUringUnsafe.writeComplete(AbstractIoUringChannel.java:1003)
	at io.netty.channel.uring.AbstractIoUringChannel$AbstractUringUnsafe.handle(AbstractIoUringChannel.java:474)
	at io.netty.channel.uring.IoUringIoHandler$DefaultIoUringIoRegistration.handle(IoUringIoHandler.java:705)
	at io.netty.channel.uring.IoUringIoHandler.handleFastPath(IoUringIoHandler.java:318)
	at io.netty.channel.uring.IoUringIoHandler.handle(IoUringIoHandler.java:298)
	at io.netty.channel.uring.CompletionQueue.process(CompletionQueue.java:151)
	at io.netty.channel.uring.IoUringIoHandler.processCompletionsAndHandleOverflow(IoUringIoHandler.java:213)
	at io.netty.channel.uring.IoUringIoHandler.run(IoUringIoHandler.java:188)
	at io.netty.channel.SingleThreadIoEventLoop.runIo(SingleThreadIoEventLoop.java:225)
	at io.netty.channel.SingleThreadIoEventLoop.run(SingleThreadIoEventLoop.java:196)
	at io.netty.util.concurrent.SingleThreadEventExecutor$5.run(SingleThreadEventExecutor.java:1204)
	at io.netty.util.internal.ThreadExecutorMap$2.run(ThreadExecutorMap.java:74)
	at io.netty.util.concurrent.FastThreadLocalRunnable.run(FastThreadLocalRunnable.java:30)
	at java.base/java.lang.Thread.run(Thread.java:1583)
07:12:24.795 [multiThreadIoEventLoopGroup-4-3] WARN  i.n.channel.uring.IoUringIoHandler - Unexpected exception in the IO event loop.
java.lang.IllegalStateException: arena buffer of Thread[#28,multiThreadIoEventLoopGroup-3-3,10,main] touched from Thread[#32,multiThreadIoEventLoopGroup-4-3,10,main] (event-loop arena buffers are thread confined)
	at io.netty.buffer.CycleArenaAllocator$ArenaBuf.violation(CycleArenaAllocator.java:1448)
	at io.netty.buffer.CycleArenaAllocator$ArenaBuf.release(CycleArenaAllocator.java:1377)
	at io.netty.buffer.AbstractDerivedByteBuf.release0(AbstractDerivedByteBuf.java:98)
	at io.netty.buffer.AbstractDerivedByteBuf.release(AbstractDerivedByteBuf.java:94)
	at io.netty.channel.uring.IoUringSocketChannel$IoUringSocketUnsafe.handleWriteCompleteZeroCopy(IoUringSocketChannel.java:289)
	at io.netty.channel.uring.IoUringSocketChannel$IoUringSocketUnsafe.writeComplete0(IoUringSocketChannel.java:186)
	at io.netty.channel.uring.AbstractIoUringChannel$AbstractUringUnsafe.writeComplete(AbstractIoUringChannel.java:1003)
	at io.netty.channel.uring.AbstractIoUringChannel$AbstractUringUnsafe.handle(AbstractIoUringChannel.java:474)
	at io.netty.channel.uring.IoUringIoHandler$DefaultIoUringIoRegistration.handle(IoUringIoHandler.java:705)
	at io.netty.channel.uring.IoUringIoHandler.handleFastPath(IoUringIoHandler.java:318)
	at io.netty.channel.uring.IoUringIoHandler.handle(IoUringIoHandler.java:298)
	at io.netty.channel.uring.CompletionQueue.process(CompletionQueue.java:151)
	at io.netty.channel.uring.IoUringIoHandler.processCompletionsAndHandleOverflow(IoUringIoHandler.java:213)
	at io.netty.channel.uring.IoUringIoHandler.run(IoUringIoHandler.java:188)
	at io.netty.channel.SingleThreadIoEventLoop.runIo(SingleThreadIoEventLoop.java:225)
	at io.netty.channel.SingleThreadIoEventLoop.run(SingleThreadIoEventLoop.java:196)
	at io.netty.util.concurrent.SingleThreadEventExecutor$5.run(SingleThreadEventExecutor.java:1204)
	at io.netty.util.internal.ThreadExecutorMap$2.run(ThreadExecutorMap.java:74)
	at io.netty.util.concurrent.FastThreadLocalRunnable.run(FastThreadLocalRunnable.java:30)
	at java.base/java.lang.Thread.run(Thread.java:1583)
07:12:24.795 [multiThreadIoEventLoopGroup-3-1] WARN  io.netty.util.ReferenceCountUtil - Failed to release a message: UnpooledSlicedByteBuf(ridx: 0, widx: 871, cap: 871/871, unwrapped: CycleArenaAllocator$ArenaBuf(ridx: 0, widx: 8192, cap: 8192))
java.lang.IllegalStateException: arena buffer of Thread[#31,multiThreadIoEventLoopGroup-4-2,10,main] touched from Thread[#26,multiThreadIoEventLoopGroup-3-1,10,main] (event-loop arena buffers are thread confined)
	at io.netty.buffer.CycleArenaAllocator$ArenaBuf.violation(CycleArenaAllocator.java:1448)
	at io.netty.buffer.CycleArenaAllocator$ArenaBuf.release(CycleArenaAllocator.java:1377)
	at io.netty.buffer.AbstractDerivedByteBuf.release0(AbstractDerivedByteBuf.java:98)
	at io.netty.buffer.AbstractDerivedByteBuf.release(AbstractDerivedByteBuf.java:94)
	at io.netty.util.ReferenceCountUtil.release(ReferenceCountUtil.java:90)
	at io.netty.util.ReferenceCountUtil.safeRelease(ReferenceCountUtil.java:116)
	at io.netty.channel.ChannelOutboundBuffer.remove(ChannelOutboundBuffer.java:300)
	at io.netty.channel.ChannelOutboundBuffer.removeBytes(ChannelOutboundBuffer.java:382)
	at io.netty.channel.uring.AbstractIoUringStreamChannel$IoUringStreamUnsafe.writeComplete0(AbstractIoUringStreamChannel.java:692)
	at io.netty.channel.uring.IoUringSocketChannel$IoUringSocketUnsafe.writeComplete0(IoUringSocketChannel.java:188)
	at io.netty.channel.uring.AbstractIoUringChannel$AbstractUringUnsafe.writeComplete(AbstractIoUringChannel.java:1003)
	at io.netty.channel.uring.AbstractIoUringChannel$AbstractUringUnsafe.handle(AbstractIoUringChannel.java:474)
	at io.netty.channel.uring.IoUringIoHandler$DefaultIoUringIoRegistration.handle(IoUringIoHandler.java:705)
	at io.netty.channel.uring.IoUringIoHandler.handleFastPath(IoUringIoHandler.java:318)
	at io.netty.channel.uring.IoUringIoHandler.handle(IoUringIoHandler.java:298)
	at io.netty.channel.uring.CompletionQueue.process(CompletionQueue.java:151)
	at io.netty.channel.uring.IoUringIoHandler.processCompletionsAndHandleOverflow(IoUringIoHandler.java:213)
	at io.netty.channel.uring.IoUringIoHandler.run(IoUringIoHandler.java:188)
	at io.netty.channel.SingleThreadIoEventLoop.runIo(SingleThreadIoEventLoop.java:225)
	at io.netty.channel.SingleThreadIoEventLoop.run(SingleThreadIoEventLoop.java:196)
	at io.netty.util.concurrent.SingleThreadEventExecutor$5.run(SingleThreadEventExecutor.java:1204)
	at io.netty.util.internal.ThreadExecutorMap$2.run(ThreadExecutorMap.java:74)
	at io.netty.util.concurrent.FastThreadLocalRunnable.run(FastThreadLocalRunnable.java:30)
	at java.base/java.lang.Thread.run(Thread.java:1583)
07:12:24.795 [multiThreadIoEventLoopGroup-4-2] WARN  io.netty.util.ReferenceCountUtil - Failed to release a message: UnpooledSlicedByteBuf(ridx: 0, widx: 2809, cap: 2809/2809, unwrapped: CycleArenaAllocator$ArenaBuf(ridx: 0, widx: 8192, cap: 8192))
java.lang.IllegalStateException: arena buffer of Thread[#27,multiThreadIoEventLoopGroup-3-2,10,main] touched from Thread[#31,multiThreadIoEventLoopGroup-4-2,10,main] (event-loop arena buffers are thread confined)
	at io.netty.buffer.CycleArenaAllocator$ArenaBuf.violation(CycleArenaAllocator.java:1448)
	at io.netty.buffer.CycleArenaAllocator$ArenaBuf.release(CycleArenaAllocator.java:1377)
	at io.netty.buffer.AbstractDerivedByteBuf.release0(AbstractDerivedByteBuf.java:98)
	at io.netty.buffer.AbstractDerivedByteBuf.release(AbstractDerivedByteBuf.java:94)
	at io.netty.util.ReferenceCountUtil.release(ReferenceCountUtil.java:90)
	at io.netty.util.ReferenceCountUtil.safeRelease(ReferenceCountUtil.java:116)
	at io.netty.channel.ChannelOutboundBuffer.remove(ChannelOutboundBuffer.java:300)
	at io.netty.channel.ChannelOutboundBuffer.removeBytes(ChannelOutboundBuffer.java:382)
	at io.netty.channel.uring.AbstractIoUringStreamChannel$IoUringStreamUnsafe.writeComplete0(AbstractIoUringStreamChannel.java:692)
	at io.netty.channel.uring.IoUringSocketChannel$IoUringSocketUnsafe.writeComplete0(IoUringSocketChannel.java:188)
	at io.netty.channel.uring.AbstractIoUringChannel$AbstractUringUnsafe.writeComplete(AbstractIoUringChannel.java:1003)
	at io.netty.channel.uring.AbstractIoUringChannel$AbstractUringUnsafe.handle(AbstractIoUringChannel.java:474)
	at io.netty.channel.uring.IoUringIoHandler$DefaultIoUringIoRegistration.handle(IoUringIoHandler.java:705)
	at io.netty.channel.uring.IoUringIoHandler.handleFastPath(IoUringIoHandler.java:318)
	at io.netty.channel.uring.IoUringIoHandler.handle(IoUringIoHandler.java:298)
	at io.netty.channel.uring.CompletionQueue.process(CompletionQueue.java:151)
	at io.netty.channel.uring.IoUringIoHandler.processCompletionsAndHandleOverflow(IoUringIoHandler.java:213)
	at io.netty.channel.uring.IoUringIoHandler.run(IoUringIoHandler.java:188)
	at io.netty.channel.SingleThreadIoEventLoop.runIo(SingleThreadIoEventLoop.java:225)
	at io.netty.channel.SingleThreadIoEventLoop.run(SingleThreadIoEventLoop.java:196)
	at io.netty.util.concurrent.SingleThreadEventExecutor$5.run(SingleThreadEventExecutor.java:1204)
	at io.netty.util.internal.ThreadExecutorMap$2.run(ThreadExecutorMap.java:74)
	at io.netty.util.concurrent.FastThreadLocalRunnable.run(FastThreadLocalRunnable.java:30)
	at java.base/java.lang.Thread.run(Thread.java:1583)
07:12:24.795 [multiThreadIoEventLoopGroup-4-2] WARN  i.n.channel.uring.IoUringIoHandler - Unexpected exception in the IO event loop.
java.lang.IllegalStateException: arena buffer of Thread[#27,multiThreadIoEventLoopGroup-3-2,10,main] touched from Thread[#31,multiThreadIoEventLoopGroup-4-2,10,main] (event-loop arena buffers are thread confined)
	at io.netty.buffer.CycleArenaAllocator$ArenaBuf.violation(CycleArenaAllocator.java:1448)
	at io.netty.buffer.CycleArenaAllocator$ArenaBuf.retain(CycleArenaAllocator.java:1351)
	at io.netty.buffer.AbstractDerivedByteBuf.retain0(AbstractDerivedByteBuf.java:58)
	at io.netty.buffer.AbstractDerivedByteBuf.retain(AbstractDerivedByteBuf.java:54)
	at io.netty.channel.uring.IoUringSocketChannel$IoUringSocketUnsafe.handleWriteCompleteZeroCopy(IoUringSocketChannel.java:220)
	at io.netty.channel.uring.IoUringSocketChannel$IoUringSocketUnsafe.writeComplete0(IoUringSocketChannel.java:186)
	at io.netty.channel.uring.AbstractIoUringChannel$AbstractUringUnsafe.writeComplete(AbstractIoUringChannel.java:1003)
	at io.netty.channel.uring.AbstractIoUringChannel$AbstractUringUnsafe.handle(AbstractIoUringChannel.java:474)
	at io.netty.channel.uring.IoUringIoHandler$DefaultIoUringIoRegistration.handle(IoUringIoHandler.java:705)
	at io.netty.channel.uring.IoUringIoHandler.handleFastPath(IoUringIoHandler.java:318)
	at io.netty.channel.uring.IoUringIoHandler.handle(IoUringIoHandler.java:298)
	at io.netty.channel.uring.CompletionQueue.process(CompletionQueue.java:151)
	at io.netty.channel.uring.IoUringIoHandler.processCompletionsAndHandleOverflow(IoUringIoHandler.java:213)
	at io.netty.channel.uring.IoUringIoHandler.run(IoUringIoHandler.java:188)
	at io.netty.channel.SingleThreadIoEventLoop.runIo(SingleThreadIoEventLoop.java:225)
	at io.netty.channel.SingleThreadIoEventLoop.run(SingleThreadIoEventLoop.java:196)
	at io.netty.util.concurrent.SingleThreadEventExecutor$5.run(SingleThreadEventExecutor.java:1204)
	at io.netty.util.internal.ThreadExecutorMap$2.run(ThreadExecutorMap.java:74)
	at io.netty.util.concurrent.FastThreadLocalRunnable.run(FastThreadLocalRunnable.java:30)
	at java.base/java.lang.Thread.run(Thread.java:1583)
07:12:24.796 [multiThreadIoEventLoopGroup-4-1] WARN  i.n.channel.uring.IoUringIoHandler - Unexpected exception in the IO event loop.
java.lang.IllegalStateException: arena buffer of Thread[#27,multiThreadIoEventLoopGroup-3-2,10,main] touched from Thread[#30,multiThreadIoEventLoopGroup-4-1,10,main] (event-loop arena buffers are thread confined)
	at io.netty.buffer.CycleArenaAllocator$ArenaBuf.violation(CycleArenaAllocator.java:1448)
	at io.netty.buffer.CycleArenaAllocator$ArenaBuf.retain(CycleArenaAllocator.java:1351)
	at io.netty.buffer.AbstractDerivedByteBuf.retain0(AbstractDerivedByteBuf.java:58)
	at io.netty.buffer.AbstractDerivedByteBuf.retain(AbstractDerivedByteBuf.java:54)
	at io.netty.channel.uring.IoUringSocketChannel$IoUringSocketUnsafe.handleWriteCompleteZeroCopy(IoUringSocketChannel.java:220)
	at io.netty.channel.uring.IoUringSocketChannel$IoUringSocketUnsafe.writeComplete0(IoUringSocketChannel.java:186)
	at io.netty.channel.uring.AbstractIoUringChannel$AbstractUringUnsafe.writeComplete(AbstractIoUringChannel.java:1003)
	at io.netty.channel.uring.AbstractIoUringChannel$AbstractUringUnsafe.handle(AbstractIoUringChannel.java:474)
	at io.netty.channel.uring.IoUringIoHandler$DefaultIoUringIoRegistration.handle(IoUringIoHandler.java:705)
	at io.netty.channel.uring.IoUringIoHandler.handleFastPath(IoUringIoHandler.java:318)
	at io.netty.channel.uring.IoUringIoHandler.handle(IoUringIoHandler.java:298)
	at io.netty.channel.uring.CompletionQueue.process(CompletionQueue.java:151)
	at io.netty.channel.uring.IoUringIoHandler.processCompletionsAndHandleOverflow(IoUringIoHandler.java:213)
	at io.netty.channel.uring.IoUringIoHandler.run(IoUringIoHandler.java:188)
	at io.netty.channel.SingleThreadIoEventLoop.runIo(SingleThreadIoEventLoop.java:225)
	at io.netty.channel.SingleThreadIoEventLoop.run(SingleThreadIoEventLoop.java:196)
	at io.netty.util.concurrent.SingleThreadEventExecutor$5.run(SingleThreadEventExecutor.java:1204)
	at io.netty.util.internal.ThreadExecutorMap$2.run(ThreadExecutorMap.java:74)
	at io.netty.util.concurrent.FastThreadLocalRunnable.run(FastThreadLocalRunnable.java:30)
	at java.base/java.lang.Thread.run(Thread.java:1583)
07:12:24.797 [multiThreadIoEventLoopGroup-3-4] WARN  i.n.channel.uring.IoUringIoHandler - Unexpected exception in the IO event loop.
java.lang.IllegalStateException: arena buffer of Thread[#31,multiThreadIoEventLoopGroup-4-2,10,main] touched from Thread[#29,multiThreadIoEventLoopGroup-3-4,10,main] (event-loop arena buffers are thread confined)
	at io.netty.buffer.CycleArenaAllocator$ArenaBuf.violation(CycleArenaAllocator.java:1448)
	at io.netty.buffer.CycleArenaAllocator$ArenaBuf.retain(CycleArenaAllocator.java:1351)
	at io.netty.buffer.AbstractDerivedByteBuf.retain0(AbstractDerivedByteBuf.java:58)
	at io.netty.buffer.AbstractDerivedByteBuf.retain(AbstractDerivedByteBuf.java:54)
	at io.netty.channel.uring.IoUringSocketChannel$IoUringSocketUnsafe.handleWriteCompleteZeroCopy(IoUringSocketChannel.java:220)
	at io.netty.channel.uring.IoUringSocketChannel$IoUringSocketUnsafe.writeComplete0(IoUringSocketChannel.java:186)
	at io.netty.channel.uring.AbstractIoUringChannel$AbstractUringUnsafe.writeComplete(AbstractIoUringChannel.java:1003)
	at io.netty.channel.uring.AbstractIoUringChannel$AbstractUringUnsafe.handle(AbstractIoUringChannel.java:474)
	at io.netty.channel.uring.IoUringIoHandler$DefaultIoUringIoRegistration.handle(IoUringIoHandler.java:705)
	at io.netty.channel.uring.IoUringIoHandler.handleFastPath(IoUringIoHandler.java:318)
	at io.netty.channel.uring.IoUringIoHandler.handle(IoUringIoHandler.java:298)
	at io.netty.channel.uring.CompletionQueue.process(CompletionQueue.java:151)
	at io.netty.channel.uring.IoUringIoHandler.processCompletionsAndHandleOverflow(IoUringIoHandler.java:213)
	at io.netty.channel.uring.IoUringIoHandler.run(IoUringIoHandler.java:188)
	at io.netty.channel.SingleThreadIoEventLoop.runIo(SingleThreadIoEventLoop.java:225)
	at io.netty.channel.SingleThreadIoEventLoop.run(SingleThreadIoEventLoop.java:196)
	at io.netty.util.concurrent.SingleThreadEventExecutor$5.run(SingleThreadEventExecutor.java:1204)
	at io.netty.util.internal.ThreadExecutorMap$2.run(ThreadExecutorMap.java:74)
	at io.netty.util.concurrent.FastThreadLocalRunnable.run(FastThreadLocalRunnable.java:30)
	at java.base/java.lang.Thread.run(Thread.java:1583)
07:12:24.814 [multiThreadIoEventLoopGroup-4-4] WARN  i.n.channel.uring.IoUringIoHandler - Unexpected exception in the IO event loop.
java.lang.IllegalStateException: arena buffer of Thread[#29,multiThreadIoEventLoopGroup-3-4,10,main] touched from Thread[#33,multiThreadIoEventLoopGroup-4-4,10,main] (event-loop arena buffers are thread confined)
	at io.netty.buffer.CycleArenaAllocator$ArenaBuf.violation(CycleArenaAllocator.java:1448)
	at io.netty.buffer.CycleArenaAllocator$ArenaBuf.release(CycleArenaAllocator.java:1377)
	at io.netty.buffer.AbstractDerivedByteBuf.release0(AbstractDerivedByteBuf.java:98)
	at io.netty.buffer.AbstractDerivedByteBuf.release(AbstractDerivedByteBuf.java:94)
	at io.netty.channel.uring.IoUringSocketChannel$IoUringSocketUnsafe.handleWriteCompleteZeroCopy(IoUringSocketChannel.java:289)
	at io.netty.channel.uring.IoUringSocketChannel$IoUringSocketUnsafe.writeComplete0(IoUringSocketChannel.java:186)
	at io.netty.channel.uring.AbstractIoUringChannel$AbstractUringUnsafe.writeComplete(AbstractIoUringChannel.java:1003)
	at io.netty.channel.uring.AbstractIoUringChannel$AbstractUringUnsafe.handle(AbstractIoUringChannel.java:474)
	at io.netty.channel.uring.IoUringIoHandler$DefaultIoUringIoRegistration.handle(IoUringIoHandler.java:705)
	at io.netty.channel.uring.IoUringIoHandler.handleFastPath(IoUringIoHandler.java:318)
	at io.netty.channel.uring.IoUringIoHandler.handle(IoUringIoHandler.java:298)
	at io.netty.channel.uring.CompletionQueue.process(CompletionQueue.java:151)
	at io.netty.channel.uring.IoUringIoHandler.processCompletionsAndHandleOverflow(IoUringIoHandler.java:213)
	at io.netty.channel.uring.IoUringIoHandler.run(IoUringIoHandler.java:188)
	at io.netty.channel.SingleThreadIoEventLoop.runIo(SingleThreadIoEventLoop.java:225)
	at io.netty.channel.SingleThreadIoEventLoop.run(SingleThreadIoEventLoop.java:196)
	at io.netty.util.concurrent.SingleThreadEventExecutor$5.run(SingleThreadEventExecutor.java:1204)
	at io.netty.util.internal.ThreadExecutorMap$2.run(ThreadExecutorMap.java:74)
	at io.netty.util.concurrent.FastThreadLocalRunnable.run(FastThreadLocalRunnable.java:30)
	at java.base/java.lang.Thread.run(Thread.java:1583)
07:12:24.897 [multiThreadIoEventLoopGroup-4-1] WARN  io.netty.util.ReferenceCountUtil - Failed to release a message: UnpooledSlicedByteBuf(ridx: 0, widx: 3601, cap: 3601/3601, unwrapped: CycleArenaAllocator$ArenaBuf(ridx: 0, widx: 8192, cap: 8192))
java.lang.IllegalStateException: arena buffer of Thread[#27,multiThreadIoEventLoopGroup-3-2,10,main] touched from Thread[#30,multiThreadIoEventLoopGroup-4-1,10,main] (event-loop arena buffers are thread confined)
	at io.netty.buffer.CycleArenaAllocator$ArenaBuf.violation(CycleArenaAllocator.java:1448)
	at io.netty.buffer.CycleArenaAllocator$ArenaBuf.release(CycleArenaAllocator.java:1377)
	at io.netty.buffer.AbstractDerivedByteBuf.release0(AbstractDerivedByteBuf.java:98)
	at io.netty.buffer.AbstractDerivedByteBuf.release(AbstractDerivedByteBuf.java:94)
	at io.netty.util.ReferenceCountUtil.release(ReferenceCountUtil.java:90)
	at io.netty.util.ReferenceCountUtil.safeRelease(ReferenceCountUtil.java:116)
	at io.netty.channel.ChannelOutboundBuffer.remove(ChannelOutboundBuffer.java:300)
	at io.netty.channel.ChannelOutboundBuffer.removeBytes(ChannelOutboundBuffer.java:382)
	at io.netty.channel.uring.AbstractIoUringStreamChannel$IoUringStreamUnsafe.writeComplete0(AbstractIoUringStreamChannel.java:692)
	at io.netty.channel.uring.IoUringSocketChannel$IoUringSocketUnsafe.writeComplete0(IoUringSocketChannel.java:188)
	at io.netty.channel.uring.AbstractIoUringChannel$AbstractUringUnsafe.writeComplete(AbstractIoUringChannel.java:1003)
	at io.netty.channel.uring.AbstractIoUringChannel$AbstractUringUnsafe.handle(AbstractIoUringChannel.java:474)
	at io.netty.channel.uring.IoUringIoHandler$DefaultIoUringIoRegistration.handle(IoUringIoHandler.java:705)
	at io.netty.channel.uring.IoUringIoHandler.handleFastPath(IoUringIoHandler.java:318)
	at io.netty.channel.uring.IoUringIoHandler.handle(IoUringIoHandler.java:298)
	at io.netty.channel.uring.CompletionQueue.process(CompletionQueue.java:151)
	at io.netty.channel.uring.IoUringIoHandler.processCompletionsAndHandleOverflow(IoUringIoHandler.java:213)
	at io.netty.channel.uring.IoUringIoHandler.run(IoUringIoHandler.java:188)
	at io.netty.channel.SingleThreadIoEventLoop.runIo(SingleThreadIoEventLoop.java:225)
	at io.netty.channel.SingleThreadIoEventLoop.run(SingleThreadIoEventLoop.java:196)
	at io.netty.util.concurrent.SingleThreadEventExecutor$5.run(SingleThreadEventExecutor.java:1204)
	at io.netty.util.internal.ThreadExecutorMap$2.run(ThreadExecutorMap.java:74)
	at io.netty.util.concurrent.FastThreadLocalRunnable.run(FastThreadLocalRunnable.java:30)
	at java.base/java.lang.Thread.run(Thread.java:1583)
07:12:24.897 [multiThreadIoEventLoopGroup-4-3] WARN  i.n.channel.uring.IoUringIoHandler - Unexpected exception in the IO event loop.
java.lang.IllegalStateException: arena buffer of Thread[#26,multiThreadIoEventLoopGroup-3-1,10,main] touched from Thread[#32,multiThreadIoEventLoopGroup-4-3,10,main] (event-loop arena buffers are thread confined)
	at io.netty.buffer.CycleArenaAllocator$ArenaBuf.violation(CycleArenaAllocator.java:1448)
	at io.netty.buffer.CycleArenaAllocator$ArenaBuf.release(CycleArenaAllocator.java:1377)
	at io.netty.buffer.AbstractDerivedByteBuf.release0(AbstractDerivedByteBuf.java:98)
	at io.netty.buffer.AbstractDerivedByteBuf.release(AbstractDerivedByteBuf.java:94)
	at io.netty.channel.uring.IoUringSocketChannel$IoUringSocketUnsafe.handleWriteCompleteZeroCopy(IoUringSocketChannel.java:289)
	at io.netty.channel.uring.IoUringSocketChannel$IoUringSocketUnsafe.writeComplete0(IoUringSocketChannel.java:186)
	at io.netty.channel.uring.AbstractIoUringChannel$AbstractUringUnsafe.writeComplete(AbstractIoUringChannel.java:1003)
	at io.netty.channel.uring.AbstractIoUringChannel$AbstractUringUnsafe.handle(AbstractIoUringChannel.java:474)
	at io.netty.channel.uring.IoUringIoHandler$DefaultIoUringIoRegistration.handle(IoUringIoHandler.java:705)
	at io.netty.channel.uring.IoUringIoHandler.handleFastPath(IoUringIoHandler.java:318)
	at io.netty.channel.uring.IoUringIoHandler.handle(IoUringIoHandler.java:298)
	at io.netty.channel.uring.CompletionQueue.process(CompletionQueue.java:151)
	at io.netty.channel.uring.IoUringIoHandler.processCompletionsAndHandleOverflow(IoUringIoHandler.java:213)
	at io.netty.channel.uring.IoUringIoHandler.run(IoUringIoHandler.java:188)
	at io.netty.channel.SingleThreadIoEventLoop.runIo(SingleThreadIoEventLoop.java:225)
	at io.netty.channel.SingleThreadIoEventLoop.run(SingleThreadIoEventLoop.java:196)
	at io.netty.util.concurrent.SingleThreadEventExecutor$5.run(SingleThreadEventExecutor.java:1204)
	at io.netty.util.internal.ThreadExecutorMap$2.run(ThreadExecutorMap.java:74)
	at io.netty.util.concurrent.FastThreadLocalRunnable.run(FastThreadLocalRunnable.java:30)
	at java.base/java.lang.Thread.run(Thread.java:1583)
07:12:24.897 [multiThreadIoEventLoopGroup-4-1] WARN  i.n.channel.uring.IoUringIoHandler - Unexpected exception in the IO event loop.
java.lang.IllegalStateException: arena buffer of Thread[#28,multiThreadIoEventLoopGroup-3-3,10,main] touched from Thread[#30,multiThreadIoEventLoopGroup-4-1,10,main] (event-loop arena buffers are thread confined)
	at io.netty.buffer.CycleArenaAllocator$ArenaBuf.violation(CycleArenaAllocator.java:1448)
	at io.netty.buffer.CycleArenaAllocator$ArenaBuf.release(CycleArenaAllocator.java:1377)
	at io.netty.buffer.AbstractDerivedByteBuf.release0(AbstractDerivedByteBuf.java:98)
	at io.netty.buffer.AbstractDerivedByteBuf.release(AbstractDerivedByteBuf.java:94)
	at io.netty.channel.uring.IoUringSocketChannel$IoUringSocketUnsafe.handleWriteCompleteZeroCopy(IoUringSocketChannel.java:289)
	at io.netty.channel.uring.IoUringSocketChannel$IoUringSocketUnsafe.writeComplete0(IoUringSocketChannel.java:186)
	at io.netty.channel.uring.AbstractIoUringChannel$AbstractUringUnsafe.writeComplete(AbstractIoUringChannel.java:1003)
	at io.netty.channel.uring.AbstractIoUringChannel$AbstractUringUnsafe.handle(AbstractIoUringChannel.java:474)
	at io.netty.channel.uring.IoUringIoHandler$DefaultIoUringIoRegistration.handle(IoUringIoHandler.java:705)
	at io.netty.channel.uring.IoUringIoHandler.handleFastPath(IoUringIoHandler.java:318)
	at io.netty.channel.uring.IoUringIoHandler.handle(IoUringIoHandler.java:298)
	at io.netty.channel.uring.CompletionQueue.process(CompletionQueue.java:151)
	at io.netty.channel.uring.IoUringIoHandler.processCompletionsAndHandleOverflow(IoUringIoHandler.java:213)
	at io.netty.channel.uring.IoUringIoHandler.run(IoUringIoHandler.java:188)
	at io.netty.channel.SingleThreadIoEventLoop.runIo(SingleThreadIoEventLoop.java:225)
	at io.netty.channel.SingleThreadIoEventLoop.run(SingleThreadIoEventLoop.java:196)
	at io.netty.util.concurrent.SingleThreadEventExecutor$5.run(SingleThreadEventExecutor.java:1204)
	at io.netty.util.internal.ThreadExecutorMap$2.run(ThreadExecutorMap.java:74)
	at io.netty.util.concurrent.FastThreadLocalRunnable.run(FastThreadLocalRunnable.java:30)
	at java.base/java.lang.Thread.run(Thread.java:1583)
07:12:24.897 [multiThreadIoEventLoopGroup-3-4] WARN  i.n.channel.uring.IoUringIoHandler - Unexpected exception in the IO event loop.
java.lang.IllegalStateException: arena buffer of Thread[#31,multiThreadIoEventLoopGroup-4-2,10,main] touched from Thread[#29,multiThreadIoEventLoopGroup-3-4,10,main] (event-loop arena buffers are thread confined)
	at io.netty.buffer.CycleArenaAllocator$ArenaBuf.violation(CycleArenaAllocator.java:1448)
	at io.netty.buffer.CycleArenaAllocator$ArenaBuf.release(CycleArenaAllocator.java:1377)
	at io.netty.buffer.AbstractDerivedByteBuf.release0(AbstractDerivedByteBuf.java:98)
	at io.netty.buffer.AbstractDerivedByteBuf.release(AbstractDerivedByteBuf.java:94)
	at io.netty.channel.uring.IoUringSocketChannel$IoUringSocketUnsafe.handleWriteCompleteZeroCopy(IoUringSocketChannel.java:289)
	at io.netty.channel.uring.IoUringSocketChannel$IoUringSocketUnsafe.writeComplete0(IoUringSocketChannel.java:186)
	at io.netty.channel.uring.AbstractIoUringChannel$AbstractUringUnsafe.writeComplete(AbstractIoUringChannel.java:1003)
	at io.netty.channel.uring.AbstractIoUringChannel$AbstractUringUnsafe.handle(AbstractIoUringChannel.java:474)
	at io.netty.channel.uring.IoUringIoHandler$DefaultIoUringIoRegistration.handle(IoUringIoHandler.java:705)
	at io.netty.channel.uring.IoUringIoHandler.handleFastPath(IoUringIoHandler.java:318)
	at io.netty.channel.uring.IoUringIoHandler.handle(IoUringIoHandler.java:298)
	at io.netty.channel.uring.CompletionQueue.process(CompletionQueue.java:151)
	at io.netty.channel.uring.IoUringIoHandler.processCompletionsAndHandleOverflow(IoUringIoHandler.java:213)
	at io.netty.channel.uring.IoUringIoHandler.run(IoUringIoHandler.java:188)
	at io.netty.channel.SingleThreadIoEventLoop.runIo(SingleThreadIoEventLoop.java:225)
	at io.netty.channel.SingleThreadIoEventLoop.run(SingleThreadIoEventLoop.java:196)
	at io.netty.util.concurrent.SingleThreadEventExecutor$5.run(SingleThreadEventExecutor.java:1204)
	at io.netty.util.internal.ThreadExecutorMap$2.run(ThreadExecutorMap.java:74)
	at io.netty.util.concurrent.FastThreadLocalRunnable.run(FastThreadLocalRunnable.java:30)
	at java.base/java.lang.Thread.run(Thread.java:1583)
07:12:24.900 [multiThreadIoEventLoopGroup-4-2] WARN  io.netty.util.ReferenceCountUtil - Failed to release a message: UnpooledSlicedByteBuf(ridx: 0, widx: 792, cap: 792/792, unwrapped: CycleArenaAllocator$ArenaBuf(ridx: 0, widx: 8192, cap: 8192))
java.lang.IllegalStateException: arena buffer of Thread[#29,multiThreadIoEventLoopGroup-3-4,10,main] touched from Thread[#31,multiThreadIoEventLoopGroup-4-2,10,main] (event-loop arena buffers are thread confined)
	at io.netty.buffer.CycleArenaAllocator$ArenaBuf.violation(CycleArenaAllocator.java:1448)
	at io.netty.buffer.CycleArenaAllocator$ArenaBuf.release(CycleArenaAllocator.java:1377)
	at io.netty.buffer.AbstractDerivedByteBuf.release0(AbstractDerivedByteBuf.java:98)
	at io.netty.buffer.AbstractDerivedByteBuf.release(AbstractDerivedByteBuf.java:94)
	at io.netty.util.ReferenceCountUtil.release(ReferenceCountUtil.java:90)
	at io.netty.util.ReferenceCountUtil.safeRelease(ReferenceCountUtil.java:116)
	at io.netty.channel.ChannelOutboundBuffer.remove(ChannelOutboundBuffer.java:300)
	at io.netty.channel.ChannelOutboundBuffer.removeBytes(ChannelOutboundBuffer.java:382)
	at io.netty.channel.uring.AbstractIoUringStreamChannel$IoUringStreamUnsafe.writeComplete0(AbstractIoUringStreamChannel.java:692)
	at io.netty.channel.uring.IoUringSocketChannel$IoUringSocketUnsafe.writeComplete0(IoUringSocketChannel.java:188)
	at io.netty.channel.uring.AbstractIoUringChannel$AbstractUringUnsafe.writeComplete(AbstractIoUringChannel.java:1003)
	at io.netty.channel.uring.AbstractIoUringChannel$AbstractUringUnsafe.handle(AbstractIoUringChannel.java:474)
	at io.netty.channel.uring.IoUringIoHandler$DefaultIoUringIoRegistration.handle(IoUringIoHandler.java:705)
	at io.netty.channel.uring.IoUringIoHandler.handleFastPath(IoUringIoHandler.java:318)
	at io.netty.channel.uring.IoUringIoHandler.handle(IoUringIoHandler.java:298)
	at io.netty.channel.uring.CompletionQueue.process(CompletionQueue.java:151)
	at io.netty.channel.uring.IoUringIoHandler.processCompletionsAndHandleOverflow(IoUringIoHandler.java:213)
	at io.netty.channel.uring.IoUringIoHandler.run(IoUringIoHandler.java:188)
	at io.netty.channel.SingleThreadIoEventLoop.runIo(SingleThreadIoEventLoop.java:225)
	at io.netty.channel.SingleThreadIoEventLoop.run(SingleThreadIoEventLoop.java:196)
	at io.netty.util.concurrent.SingleThreadEventExecutor$5.run(SingleThreadEventExecutor.java:1204)
	at io.netty.util.internal.ThreadExecutorMap$2.run(ThreadExecutorMap.java:74)
	at io.netty.util.concurrent.FastThreadLocalRunnable.run(FastThreadLocalRunnable.java:30)
	at java.base/java.lang.Thread.run(Thread.java:1583)
07:12:24.900 [multiThreadIoEventLoopGroup-4-2] WARN  i.n.channel.uring.IoUringIoHandler - Unexpected exception in the IO event loop.
java.lang.IllegalStateException: arena buffer of Thread[#27,multiThreadIoEventLoopGroup-3-2,10,main] touched from Thread[#31,multiThreadIoEventLoopGroup-4-2,10,main] (event-loop arena buffers are thread confined)
	at io.netty.buffer.CycleArenaAllocator$ArenaBuf.violation(CycleArenaAllocator.java:1448)
	at io.netty.buffer.CycleArenaAllocator$ArenaBuf.release(CycleArenaAllocator.java:1377)
	at io.netty.buffer.AbstractDerivedByteBuf.release0(AbstractDerivedByteBuf.java:98)
	at io.netty.buffer.AbstractDerivedByteBuf.release(AbstractDerivedByteBuf.java:94)
	at io.netty.channel.uring.IoUringSocketChannel$IoUringSocketUnsafe.handleWriteCompleteZeroCopy(IoUringSocketChannel.java:289)
	at io.netty.channel.uring.IoUringSocketChannel$IoUringSocketUnsafe.writeComplete0(IoUringSocketChannel.java:186)
	at io.netty.channel.uring.AbstractIoUringChannel$AbstractUringUnsafe.writeComplete(AbstractIoUringChannel.java:1003)
	at io.netty.channel.uring.AbstractIoUringChannel$AbstractUringUnsafe.handle(AbstractIoUringChannel.java:474)
	at io.netty.channel.uring.IoUringIoHandler$DefaultIoUringIoRegistration.handle(IoUringIoHandler.java:705)
	at io.netty.channel.uring.IoUringIoHandler.handleFastPath(IoUringIoHandler.java:318)
	at io.netty.channel.uring.IoUringIoHandler.handle(IoUringIoHandler.java:298)
	at io.netty.channel.uring.CompletionQueue.process(CompletionQueue.java:151)
	at io.netty.channel.uring.IoUringIoHandler.processCompletionsAndHandleOverflow(IoUringIoHandler.java:213)
	at io.netty.channel.uring.IoUringIoHandler.run(IoUringIoHandler.java:188)
	at io.netty.channel.SingleThreadIoEventLoop.runIo(SingleThreadIoEventLoop.java:225)
	at io.netty.channel.SingleThreadIoEventLoop.run(SingleThreadIoEventLoop.java:196)
	at io.netty.util.concurrent.SingleThreadEventExecutor$5.run(SingleThreadEventExecutor.java:1204)
	at io.netty.util.internal.ThreadExecutorMap$2.run(ThreadExecutorMap.java:74)
	at io.netty.util.concurrent.FastThreadLocalRunnable.run(FastThreadLocalRunnable.java:30)
	at java.base/java.lang.Thread.run(Thread.java:1583)
07:12:24.916 [multiThreadIoEventLoopGroup-4-4] WARN  i.n.channel.uring.IoUringIoHandler - Unexpected exception in the IO event loop.
java.lang.IllegalStateException: arena buffer of Thread[#29,multiThreadIoEventLoopGroup-3-4,10,main] touched from Thread[#33,multiThreadIoEventLoopGroup-4-4,10,main] (event-loop arena buffers are thread confined)
	at io.netty.buffer.CycleArenaAllocator$ArenaBuf.violation(CycleArenaAllocator.java:1448)
	at io.netty.buffer.CycleArenaAllocator$ArenaBuf.release(CycleArenaAllocator.java:1377)
	at io.netty.buffer.AbstractDerivedByteBuf.release0(AbstractDerivedByteBuf.java:98)
	at io.netty.buffer.AbstractDerivedByteBuf.release(AbstractDerivedByteBuf.java:94)
	at io.netty.channel.uring.IoUringSocketChannel$IoUringSocketUnsafe.handleWriteCompleteZeroCopy(IoUringSocketChannel.java:289)
	at io.netty.channel.uring.IoUringSocketChannel$IoUringSocketUnsafe.writeComplete0(IoUringSocketChannel.java:186)
	at io.netty.channel.uring.AbstractIoUringChannel$AbstractUringUnsafe.writeComplete(AbstractIoUringChannel.java:1003)
	at io.netty.channel.uring.AbstractIoUringChannel$AbstractUringUnsafe.handle(AbstractIoUringChannel.java:474)
	at io.netty.channel.uring.IoUringIoHandler$DefaultIoUringIoRegistration.handle(IoUringIoHandler.java:705)
	at io.netty.channel.uring.IoUringIoHandler.handleFastPath(IoUringIoHandler.java:318)
	at io.netty.channel.uring.IoUringIoHandler.handle(IoUringIoHandler.java:298)
	at io.netty.channel.uring.CompletionQueue.process(CompletionQueue.java:151)
	at io.netty.channel.uring.IoUringIoHandler.processCompletionsAndHandleOverflow(IoUringIoHandler.java:213)
	at io.netty.channel.uring.IoUringIoHandler.run(IoUringIoHandler.java:188)
	at io.netty.channel.SingleThreadIoEventLoop.runIo(SingleThreadIoEventLoop.java:225)
	at io.netty.channel.SingleThreadIoEventLoop.run(SingleThreadIoEventLoop.java:196)
	at io.netty.util.concurrent.SingleThreadEventExecutor$5.run(SingleThreadEventExecutor.java:1204)
	at io.netty.util.internal.ThreadExecutorMap$2.run(ThreadExecutorMap.java:74)
	at io.netty.util.concurrent.FastThreadLocalRunnable.run(FastThreadLocalRunnable.java:30)
	at java.base/java.lang.Thread.run(Thread.java:1583)
07:12:24.997 [multiThreadIoEventLoopGroup-4-3] WARN  i.n.channel.uring.IoUringIoHandler - Unexpected exception in the IO event loop.
java.lang.IllegalStateException: arena buffer of Thread[#27,multiThreadIoEventLoopGroup-3-2,10,main] touched from Thread[#32,multiThreadIoEventLoopGroup-4-3,10,main] (event-loop arena buffers are thread confined)
	at io.netty.buffer.CycleArenaAllocator$ArenaBuf.violation(CycleArenaAllocator.java:1448)
	at io.netty.buffer.CycleArenaAllocator$ArenaBuf.release(CycleArenaAllocator.java:1377)
	at io.netty.buffer.AbstractDerivedByteBuf.release0(AbstractDerivedByteBuf.java:98)
	at io.netty.buffer.AbstractDerivedByteBuf.release(AbstractDerivedByteBuf.java:94)
	at io.netty.channel.uring.IoUringSocketChannel$IoUringSocketUnsafe.handleWriteCompleteZeroCopy(IoUringSocketChannel.java:289)
	at io.netty.channel.uring.IoUringSocketChannel$IoUringSocketUnsafe.writeComplete0(IoUringSocketChannel.java:186)
	at io.netty.channel.uring.AbstractIoUringChannel$AbstractUringUnsafe.writeComplete(AbstractIoUringChannel.java:1003)
	at io.netty.channel.uring.AbstractIoUringChannel$AbstractUringUnsafe.handle(AbstractIoUringChannel.java:474)
	at io.netty.channel.uring.IoUringIoHandler$DefaultIoUringIoRegistration.handle(IoUringIoHandler.java:705)
	at io.netty.channel.uring.IoUringIoHandler.handleFastPath(IoUringIoHandler.java:318)
	at io.netty.channel.uring.IoUringIoHandler.handle(IoUringIoHandler.java:298)
	at io.netty.channel.uring.CompletionQueue.process(CompletionQueue.java:151)
	at io.netty.channel.uring.IoUringIoHandler.processCompletionsAndHandleOverflow(IoUringIoHandler.java:213)
	at io.netty.channel.uring.IoUringIoHandler.run(IoUringIoHandler.java:188)
	at io.netty.channel.SingleThreadIoEventLoop.runIo(SingleThreadIoEventLoop.java:225)
	at io.netty.channel.SingleThreadIoEventLoop.run(SingleThreadIoEventLoop.java:196)
	at io.netty.util.concurrent.SingleThreadEventExecutor$5.run(SingleThreadEventExecutor.java:1204)
	at io.netty.util.internal.ThreadExecutorMap$2.run(ThreadExecutorMap.java:74)
	at io.netty.util.concurrent.FastThreadLocalRunnable.run(FastThreadLocalRunnable.java:30)
	at java.base/java.lang.Thread.run(Thread.java:1583)
07:12:25.000 [multiThreadIoEventLoopGroup-4-2] WARN  i.n.channel.uring.IoUringIoHandler - Unexpected exception in the IO event loop.
java.lang.IllegalStateException: arena buffer of Thread[#27,multiThreadIoEventLoopGroup-3-2,10,main] touched from Thread[#31,multiThreadIoEventLoopGroup-4-2,10,main] (event-loop arena buffers are thread confined)
	at io.netty.buffer.CycleArenaAllocator$ArenaBuf.violation(CycleArenaAllocator.java:1448)
	at io.netty.buffer.CycleArenaAllocator$ArenaBuf.release(CycleArenaAllocator.java:1377)
	at io.netty.buffer.AbstractDerivedByteBuf.release0(AbstractDerivedByteBuf.java:98)
	at io.netty.buffer.AbstractDerivedByteBuf.release(AbstractDerivedByteBuf.java:94)
	at io.netty.channel.uring.IoUringSocketChannel$IoUringSocketUnsafe.handleWriteCompleteZeroCopy(IoUringSocketChannel.java:289)
	at io.netty.channel.uring.IoUringSocketChannel$IoUringSocketUnsafe.writeComplete0(IoUringSocketChannel.java:186)
	at io.netty.channel.uring.AbstractIoUringChannel$AbstractUringUnsafe.writeComplete(AbstractIoUringChannel.java:1003)
	at io.netty.channel.uring.AbstractIoUringChannel$AbstractUringUnsafe.handle(AbstractIoUringChannel.java:474)
	at io.netty.channel.uring.IoUringIoHandler$DefaultIoUringIoRegistration.handle(IoUringIoHandler.java:705)
	at io.netty.channel.uring.IoUringIoHandler.handleFastPath(IoUringIoHandler.java:318)
	at io.netty.channel.uring.IoUringIoHandler.handle(IoUringIoHandler.java:298)
	at io.netty.channel.uring.CompletionQueue.process(CompletionQueue.java:151)
	at io.netty.channel.uring.IoUringIoHandler.processCompletionsAndHandleOverflow(IoUringIoHandler.java:213)
	at io.netty.channel.uring.IoUringIoHandler.run(IoUringIoHandler.java:188)
	at io.netty.channel.SingleThreadIoEventLoop.runIo(SingleThreadIoEventLoop.java:225)
	at io.netty.channel.SingleThreadIoEventLoop.run(SingleThreadIoEventLoop.java:196)
	at io.netty.util.concurrent.SingleThreadEventExecutor$5.run(SingleThreadEventExecutor.java:1204)
	at io.netty.util.internal.ThreadExecutorMap$2.run(ThreadExecutorMap.java:74)
	at io.netty.util.concurrent.FastThreadLocalRunnable.run(FastThreadLocalRunnable.java:30)
	at java.base/java.lang.Thread.run(Thread.java:1583)
07:12:24.997 [multiThreadIoEventLoopGroup-4-1] WARN  i.n.channel.uring.IoUringIoHandler - Unexpected exception in the IO event loop.
java.lang.IllegalStateException: arena buffer of Thread[#27,multiThreadIoEventLoopGroup-3-2,10,main] touched from Thread[#30,multiThreadIoEventLoopGroup-4-1,10,main] (event-loop arena buffers are thread confined)
	at io.netty.buffer.CycleArenaAllocator$ArenaBuf.violation(CycleArenaAllocator.java:1448)
	at io.netty.buffer.CycleArenaAllocator$ArenaBuf.release(CycleArenaAllocator.java:1377)
	at io.netty.buffer.AbstractDerivedByteBuf.release0(AbstractDerivedByteBuf.java:98)
	at io.netty.buffer.AbstractDerivedByteBuf.release(AbstractDerivedByteBuf.java:94)
	at io.netty.channel.uring.IoUringSocketChannel$IoUringSocketUnsafe.handleWriteCompleteZeroCopy(IoUringSocketChannel.java:289)
	at io.netty.channel.uring.IoUringSocketChannel$IoUringSocketUnsafe.writeComplete0(IoUringSocketChannel.java:186)
	at io.netty.channel.uring.AbstractIoUringChannel$AbstractUringUnsafe.writeComplete(AbstractIoUringChannel.java:1003)
	at io.netty.channel.uring.AbstractIoUringChannel$AbstractUringUnsafe.handle(AbstractIoUringChannel.java:474)
	at io.netty.channel.uring.IoUringIoHandler$DefaultIoUringIoRegistration.handle(IoUringIoHandler.java:705)
	at io.netty.channel.uring.IoUringIoHandler.handleFastPath(IoUringIoHandler.java:318)
	at io.netty.channel.uring.IoUringIoHandler.handle(IoUringIoHandler.java:298)
	at io.netty.channel.uring.CompletionQueue.process(CompletionQueue.java:151)
	at io.netty.channel.uring.IoUringIoHandler.processCompletionsAndHandleOverflow(IoUringIoHandler.java:213)
	at io.netty.channel.uring.IoUringIoHandler.run(IoUringIoHandler.java:188)
	at io.netty.channel.SingleThreadIoEventLoop.runIo(SingleThreadIoEventLoop.java:225)
	at io.netty.channel.SingleThreadIoEventLoop.run(SingleThreadIoEventLoop.java:196)
	at io.netty.util.concurrent.SingleThreadEventExecutor$5.run(SingleThreadEventExecutor.java:1204)
	at io.netty.util.internal.ThreadExecutorMap$2.run(ThreadExecutorMap.java:74)
	at io.netty.util.concurrent.FastThreadLocalRunnable.run(FastThreadLocalRunnable.java:30)
	at java.base/java.lang.Thread.run(Thread.java:1583)
07:12:25.023 [multiThreadIoEventLoopGroup-4-4] WARN  io.netty.util.ReferenceCountUtil - Failed to release a message: UnpooledSlicedByteBuf(ridx: 0, widx: 1188, cap: 1188/1188, unwrapped: CycleArenaAllocator$ArenaBuf(ridx: 0, widx: 8192, cap: 8192))
java.lang.IllegalStateException: arena buffer of Thread[#26,multiThreadIoEventLoopGroup-3-1,10,main] touched from Thread[#33,multiThreadIoEventLoopGroup-4-4,10,main] (event-loop arena buffers are thread confined)
	at io.netty.buffer.CycleArenaAllocator$ArenaBuf.violation(CycleArenaAllocator.java:1448)
	at io.netty.buffer.CycleArenaAllocator$ArenaBuf.release(CycleArenaAllocator.java:1377)
	at io.netty.buffer.AbstractDerivedByteBuf.release0(AbstractDerivedByteBuf.java:98)
	at io.netty.buffer.AbstractDerivedByteBuf.release(AbstractDerivedByteBuf.java:94)
	at io.netty.util.ReferenceCountUtil.release(ReferenceCountUtil.java:90)
	at io.netty.util.ReferenceCountUtil.safeRelease(ReferenceCountUtil.java:116)
	at io.netty.channel.ChannelOutboundBuffer.remove(ChannelOutboundBuffer.java:300)
	at io.netty.channel.ChannelOutboundBuffer.removeBytes(ChannelOutboundBuffer.java:382)
	at io.netty.channel.uring.AbstractIoUringStreamChannel$IoUringStreamUnsafe.writeComplete0(AbstractIoUringStreamChannel.java:692)
	at io.netty.channel.uring.IoUringSocketChannel$IoUringSocketUnsafe.writeComplete0(IoUringSocketChannel.java:188)
	at io.netty.channel.uring.AbstractIoUringChannel$AbstractUringUnsafe.writeComplete(AbstractIoUringChannel.java:1003)
	at io.netty.channel.uring.AbstractIoUringChannel$AbstractUringUnsafe.handle(AbstractIoUringChannel.java:474)
	at io.netty.channel.uring.IoUringIoHandler$DefaultIoUringIoRegistration.handle(IoUringIoHandler.java:705)
	at io.netty.channel.uring.IoUringIoHandler.handleFastPath(IoUringIoHandler.java:318)
	at io.netty.channel.uring.IoUringIoHandler.handle(IoUringIoHandler.java:298)
	at io.netty.channel.uring.CompletionQueue.process(CompletionQueue.java:151)
	at io.netty.channel.uring.IoUringIoHandler.processCompletionsAndHandleOverflow(IoUringIoHandler.java:213)
	at io.netty.channel.uring.IoUringIoHandler.run(IoUringIoHandler.java:188)
	at io.netty.channel.SingleThreadIoEventLoop.runIo(SingleThreadIoEventLoop.java:225)
	at io.netty.channel.SingleThreadIoEventLoop.run(SingleThreadIoEventLoop.java:196)
	at io.netty.util.concurrent.SingleThreadEventExecutor$5.run(SingleThreadEventExecutor.java:1204)
	at io.netty.util.internal.ThreadExecutorMap$2.run(ThreadExecutorMap.java:74)
	at io.netty.util.concurrent.FastThreadLocalRunnable.run(FastThreadLocalRunnable.java:30)
	at java.base/java.lang.Thread.run(Thread.java:1583)
07:12:25.023 [multiThreadIoEventLoopGroup-4-4] WARN  io.netty.util.ReferenceCountUtil - Failed to release a message: UnpooledSlicedByteBuf(ridx: 0, widx: 1386, cap: 1386/1386, unwrapped: CycleArenaAllocator$ArenaBuf(ridx: 0, widx: 8192, cap: 8192))
java.lang.IllegalStateException: arena buffer of Thread[#26,multiThreadIoEventLoopGroup-3-1,10,main] touched from Thread[#33,multiThreadIoEventLoopGroup-4-4,10,main] (event-loop arena buffers are thread confined)
	at io.netty.buffer.CycleArenaAllocator$ArenaBuf.violation(CycleArenaAllocator.java:1448)
	at io.netty.buffer.CycleArenaAllocator$ArenaBuf.release(CycleArenaAllocator.java:1377)
	at io.netty.buffer.AbstractDerivedByteBuf.release0(AbstractDerivedByteBuf.java:98)
	at io.netty.buffer.AbstractDerivedByteBuf.release(AbstractDerivedByteBuf.java:94)
	at io.netty.util.ReferenceCountUtil.release(ReferenceCountUtil.java:90)
	at io.netty.util.ReferenceCountUtil.safeRelease(ReferenceCountUtil.java:116)
	at io.netty.channel.ChannelOutboundBuffer.remove(ChannelOutboundBuffer.java:300)
	at io.netty.channel.ChannelOutboundBuffer.removeBytes(ChannelOutboundBuffer.java:382)
	at io.netty.channel.uring.AbstractIoUringStreamChannel$IoUringStreamUnsafe.writeComplete0(AbstractIoUringStreamChannel.java:692)
	at io.netty.channel.uring.IoUringSocketChannel$IoUringSocketUnsafe.writeComplete0(IoUringSocketChannel.java:188)
	at io.netty.channel.uring.AbstractIoUringChannel$AbstractUringUnsafe.writeComplete(AbstractIoUringChannel.java:1003)
	at io.netty.channel.uring.AbstractIoUringChannel$AbstractUringUnsafe.handle(AbstractIoUringChannel.java:474)
	at io.netty.channel.uring.IoUringIoHandler$DefaultIoUringIoRegistration.handle(IoUringIoHandler.java:705)
	at io.netty.channel.uring.IoUringIoHandler.handleFastPath(IoUringIoHandler.java:318)
	at io.netty.channel.uring.IoUringIoHandler.handle(IoUringIoHandler.java:298)
	at io.netty.channel.uring.CompletionQueue.process(CompletionQueue.java:151)
	at io.netty.channel.uring.IoUringIoHandler.processCompletionsAndHandleOverflow(IoUringIoHandler.java:213)
	at io.netty.channel.uring.IoUringIoHandler.run(IoUringIoHandler.java:188)
	at io.netty.channel.SingleThreadIoEventLoop.runIo(SingleThreadIoEventLoop.java:225)
	at io.netty.channel.SingleThreadIoEventLoop.run(SingleThreadIoEventLoop.java:196)
	at io.netty.util.concurrent.SingleThreadEventExecutor$5.run(SingleThreadEventExecutor.java:1204)
	at io.netty.util.internal.ThreadExecutorMap$2.run(ThreadExecutorMap.java:74)
	at io.netty.util.concurrent.FastThreadLocalRunnable.run(FastThreadLocalRunnable.java:30)
	at java.base/java.lang.Thread.run(Thread.java:1583)
07:12:25.023 [multiThreadIoEventLoopGroup-4-4] WARN  io.netty.util.ReferenceCountUtil - Failed to release a message: UnpooledSlicedByteBuf(ridx: 0, widx: 1584, cap: 1584/1584, unwrapped: CycleArenaAllocator$ArenaBuf(ridx: 0, widx: 1584, cap: 8192))
java.lang.IllegalStateException: arena buffer of Thread[#26,multiThreadIoEventLoopGroup-3-1,10,main] touched from Thread[#33,multiThreadIoEventLoopGroup-4-4,10,main] (event-loop arena buffers are thread confined)
	at io.netty.buffer.CycleArenaAllocator$ArenaBuf.violation(CycleArenaAllocator.java:1448)
	at io.netty.buffer.CycleArenaAllocator$ArenaBuf.release(CycleArenaAllocator.java:1377)
	at io.netty.buffer.AbstractDerivedByteBuf.release0(AbstractDerivedByteBuf.java:98)
	at io.netty.buffer.AbstractDerivedByteBuf.release(AbstractDerivedByteBuf.java:94)
	at io.netty.util.ReferenceCountUtil.release(ReferenceCountUtil.java:90)
	at io.netty.util.ReferenceCountUtil.safeRelease(ReferenceCountUtil.java:116)
	at io.netty.channel.ChannelOutboundBuffer.remove(ChannelOutboundBuffer.java:300)
	at io.netty.channel.ChannelOutboundBuffer.removeBytes(ChannelOutboundBuffer.java:382)
	at io.netty.channel.uring.AbstractIoUringStreamChannel$IoUringStreamUnsafe.writeComplete0(AbstractIoUringStreamChannel.java:692)
	at io.netty.channel.uring.IoUringSocketChannel$IoUringSocketUnsafe.writeComplete0(IoUringSocketChannel.java:188)
	at io.netty.channel.uring.AbstractIoUringChannel$AbstractUringUnsafe.writeComplete(AbstractIoUringChannel.java:1003)
	at io.netty.channel.uring.AbstractIoUringChannel$AbstractUringUnsafe.handle(AbstractIoUringChannel.java:474)
	at io.netty.channel.uring.IoUringIoHandler$DefaultIoUringIoRegistration.handle(IoUringIoHandler.java:705)
	at io.netty.channel.uring.IoUringIoHandler.handleFastPath(IoUringIoHandler.java:318)
	at io.netty.channel.uring.IoUringIoHandler.handle(IoUringIoHandler.java:298)
	at io.netty.channel.uring.CompletionQueue.process(CompletionQueue.java:151)
	at io.netty.channel.uring.IoUringIoHandler.processCompletionsAndHandleOverflow(IoUringIoHandler.java:213)
	at io.netty.channel.uring.IoUringIoHandler.run(IoUringIoHandler.java:188)
	at io.netty.channel.SingleThreadIoEventLoop.runIo(SingleThreadIoEventLoop.java:225)
	at io.netty.channel.SingleThreadIoEventLoop.run(SingleThreadIoEventLoop.java:196)
	at io.netty.util.concurrent.SingleThreadEventExecutor$5.run(SingleThreadEventExecutor.java:1204)
	at io.netty.util.internal.ThreadExecutorMap$2.run(ThreadExecutorMap.java:74)
	at io.netty.util.concurrent.FastThreadLocalRunnable.run(FastThreadLocalRunnable.java:30)
	at java.base/java.lang.Thread.run(Thread.java:1583)
07:12:25.024 [multiThreadIoEventLoopGroup-4-4] WARN  io.netty.util.ReferenceCountUtil - Failed to release a message: UnpooledSlicedByteBuf(ridx: 0, widx: 1584, cap: 1584/1584, unwrapped: CycleArenaAllocator$ArenaBuf(ridx: 0, widx: 1584, cap: 8192))
java.lang.IllegalStateException: arena buffer of Thread[#27,multiThreadIoEventLoopGroup-3-2,10,main] touched from Thread[#33,multiThreadIoEventLoopGroup-4-4,10,main] (event-loop arena buffers are thread confined)
	at io.netty.buffer.CycleArenaAllocator$ArenaBuf.violation(CycleArenaAllocator.java:1448)
	at io.netty.buffer.CycleArenaAllocator$ArenaBuf.release(CycleArenaAllocator.java:1377)
	at io.netty.buffer.AbstractDerivedByteBuf.release0(AbstractDerivedByteBuf.java:98)
	at io.netty.buffer.AbstractDerivedByteBuf.release(AbstractDerivedByteBuf.java:94)
	at io.netty.util.ReferenceCountUtil.release(ReferenceCountUtil.java:90)
	at io.netty.util.ReferenceCountUtil.safeRelease(ReferenceCountUtil.java:116)
	at io.netty.channel.ChannelOutboundBuffer.remove(ChannelOutboundBuffer.java:300)
	at io.netty.channel.ChannelOutboundBuffer.removeBytes(ChannelOutboundBuffer.java:382)
	at io.netty.channel.uring.AbstractIoUringStreamChannel$IoUringStreamUnsafe.writeComplete0(AbstractIoUringStreamChannel.java:692)
	at io.netty.channel.uring.IoUringSocketChannel$IoUringSocketUnsafe.writeComplete0(IoUringSocketChannel.java:188)
	at io.netty.channel.uring.AbstractIoUringChannel$AbstractUringUnsafe.writeComplete(AbstractIoUringChannel.java:1003)
	at io.netty.channel.uring.AbstractIoUringChannel$AbstractUringUnsafe.handle(AbstractIoUringChannel.java:474)
	at io.netty.channel.uring.IoUringIoHandler$DefaultIoUringIoRegistration.handle(IoUringIoHandler.java:705)
	at io.netty.channel.uring.IoUringIoHandler.handleFastPath(IoUringIoHandler.java:318)
	at io.netty.channel.uring.IoUringIoHandler.handle(IoUringIoHandler.java:298)
	at io.netty.channel.uring.CompletionQueue.process(CompletionQueue.java:151)
	at io.netty.channel.uring.IoUringIoHandler.processCompletionsAndHandleOverflow(IoUringIoHandler.java:213)
	at io.netty.channel.uring.IoUringIoHandler.run(IoUringIoHandler.java:188)
	at io.netty.channel.SingleThreadIoEventLoop.runIo(SingleThreadIoEventLoop.java:225)
	at io.netty.channel.SingleThreadIoEventLoop.run(SingleThreadIoEventLoop.java:196)
	at io.netty.util.concurrent.SingleThreadEventExecutor$5.run(SingleThreadEventExecutor.java:1204)
	at io.netty.util.internal.ThreadExecutorMap$2.run(ThreadExecutorMap.java:74)
	at io.netty.util.concurrent.FastThreadLocalRunnable.run(FastThreadLocalRunnable.java:30)
	at java.base/java.lang.Thread.run(Thread.java:1583)
07:12:25.024 [multiThreadIoEventLoopGroup-4-4] WARN  io.netty.util.ReferenceCountUtil - Failed to release a message: UnpooledSlicedByteBuf(ridx: 0, widx: 990, cap: 990/990, unwrapped: CycleArenaAllocator$ArenaBuf(ridx: 0, widx: 8192, cap: 8192))
java.lang.IllegalStateException: arena buffer of Thread[#29,multiThreadIoEventLoopGroup-3-4,10,main] touched from Thread[#33,multiThreadIoEventLoopGroup-4-4,10,main] (event-loop arena buffers are thread confined)
	at io.netty.buffer.CycleArenaAllocator$ArenaBuf.violation(CycleArenaAllocator.java:1448)
	at io.netty.buffer.CycleArenaAllocator$ArenaBuf.release(CycleArenaAllocator.java:1377)
	at io.netty.buffer.AbstractDerivedByteBuf.release0(AbstractDerivedByteBuf.java:98)
	at io.netty.buffer.AbstractDerivedByteBuf.release(AbstractDerivedByteBuf.java:94)
	at io.netty.util.ReferenceCountUtil.release(ReferenceCountUtil.java:90)
	at io.netty.util.ReferenceCountUtil.safeRelease(ReferenceCountUtil.java:116)
	at io.netty.channel.ChannelOutboundBuffer.remove(ChannelOutboundBuffer.java:300)
	at io.netty.channel.ChannelOutboundBuffer.removeBytes(ChannelOutboundBuffer.java:382)
	at io.netty.channel.uring.AbstractIoUringStreamChannel$IoUringStreamUnsafe.writeComplete0(AbstractIoUringStreamChannel.java:692)
	at io.netty.channel.uring.IoUringSocketChannel$IoUringSocketUnsafe.writeComplete0(IoUringSocketChannel.java:188)
	at io.netty.channel.uring.AbstractIoUringChannel$AbstractUringUnsafe.writeComplete(AbstractIoUringChannel.java:1003)
	at io.netty.channel.uring.AbstractIoUringChannel$AbstractUringUnsafe.handle(AbstractIoUringChannel.java:474)
	at io.netty.channel.uring.IoUringIoHandler$DefaultIoUringIoRegistration.handle(IoUringIoHandler.java:705)
	at io.netty.channel.uring.IoUringIoHandler.handleFastPath(IoUringIoHandler.java:318)
	at io.netty.channel.uring.IoUringIoHandler.handle(IoUringIoHandler.java:298)
	at io.netty.channel.uring.CompletionQueue.process(CompletionQueue.java:151)
	at io.netty.channel.uring.IoUringIoHandler.processCompletionsAndHandleOverflow(IoUringIoHandler.java:213)
	at io.netty.channel.uring.IoUringIoHandler.run(IoUringIoHandler.java:188)
	at io.netty.channel.SingleThreadIoEventLoop.runIo(SingleThreadIoEventLoop.java:225)
	at io.netty.channel.SingleThreadIoEventLoop.run(SingleThreadIoEventLoop.java:196)
	at io.netty.util.concurrent.SingleThreadEventExecutor$5.run(SingleThreadEventExecutor.java:1204)
	at io.netty.util.internal.ThreadExecutorMap$2.run(ThreadExecutorMap.java:74)
	at io.netty.util.concurrent.FastThreadLocalRunnable.run(FastThreadLocalRunnable.java:30)
	at java.base/java.lang.Thread.run(Thread.java:1583)
07:12:25.024 [multiThreadIoEventLoopGroup-4-4] WARN  io.netty.util.ReferenceCountUtil - Failed to release a message: UnpooledSlicedByteBuf(ridx: 0, widx: 1188, cap: 1188/1188, unwrapped: CycleArenaAllocator$ArenaBuf(ridx: 0, widx: 8192, cap: 8192))
java.lang.IllegalStateException: arena buffer of Thread[#29,multiThreadIoEventLoopGroup-3-4,10,main] touched from Thread[#33,multiThreadIoEventLoopGroup-4-4,10,main] (event-loop arena buffers are thread confined)
	at io.netty.buffer.CycleArenaAllocator$ArenaBuf.violation(CycleArenaAllocator.java:1448)
	at io.netty.buffer.CycleArenaAllocator$ArenaBuf.release(CycleArenaAllocator.java:1377)
	at io.netty.buffer.AbstractDerivedByteBuf.release0(AbstractDerivedByteBuf.java:98)
	at io.netty.buffer.AbstractDerivedByteBuf.release(AbstractDerivedByteBuf.java:94)
	at io.netty.util.ReferenceCountUtil.release(ReferenceCountUtil.java:90)
	at io.netty.util.ReferenceCountUtil.safeRelease(ReferenceCountUtil.java:116)
	at io.netty.channel.ChannelOutboundBuffer.remove(ChannelOutboundBuffer.java:300)
	at io.netty.channel.ChannelOutboundBuffer.removeBytes(ChannelOutboundBuffer.java:382)
	at io.netty.channel.uring.AbstractIoUringStreamChannel$IoUringStreamUnsafe.writeComplete0(AbstractIoUringStreamChannel.java:692)
	at io.netty.channel.uring.IoUringSocketChannel$IoUringSocketUnsafe.writeComplete0(IoUringSocketChannel.java:188)
	at io.netty.channel.uring.AbstractIoUringChannel$AbstractUringUnsafe.writeComplete(AbstractIoUringChannel.java:1003)
	at io.netty.channel.uring.AbstractIoUringChannel$AbstractUringUnsafe.handle(AbstractIoUringChannel.java:474)
	at io.netty.channel.uring.IoUringIoHandler$DefaultIoUringIoRegistration.handle(IoUringIoHandler.java:705)
	at io.netty.channel.uring.IoUringIoHandler.handleFastPath(IoUringIoHandler.java:318)
	at io.netty.channel.uring.IoUringIoHandler.handle(IoUringIoHandler.java:298)
	at io.netty.channel.uring.CompletionQueue.process(CompletionQueue.java:151)
	at io.netty.channel.uring.IoUringIoHandler.processCompletionsAndHandleOverflow(IoUringIoHandler.java:213)
	at io.netty.channel.uring.IoUringIoHandler.run(IoUringIoHandler.java:188)
	at io.netty.channel.SingleThreadIoEventLoop.runIo(SingleThreadIoEventLoop.java:225)
	at io.netty.channel.SingleThreadIoEventLoop.run(SingleThreadIoEventLoop.java:196)
	at io.netty.util.concurrent.SingleThreadEventExecutor$5.run(SingleThreadEventExecutor.java:1204)
	at io.netty.util.internal.ThreadExecutorMap$2.run(ThreadExecutorMap.java:74)
	at io.netty.util.concurrent.FastThreadLocalRunnable.run(FastThreadLocalRunnable.java:30)
	at java.base/java.lang.Thread.run(Thread.java:1583)
07:12:25.024 [multiThreadIoEventLoopGroup-4-4] WARN  io.netty.util.ReferenceCountUtil - Failed to release a message: UnpooledSlicedByteBuf(ridx: 0, widx: 1386, cap: 1386/1386, unwrapped: CycleArenaAllocator$ArenaBuf(ridx: 0, widx: 8192, cap: 8192))
java.lang.IllegalStateException: arena buffer of Thread[#29,multiThreadIoEventLoopGroup-3-4,10,main] touched from Thread[#33,multiThreadIoEventLoopGroup-4-4,10,main] (event-loop arena buffers are thread confined)
	at io.netty.buffer.CycleArenaAllocator$ArenaBuf.violation(CycleArenaAllocator.java:1448)
	at io.netty.buffer.CycleArenaAllocator$ArenaBuf.release(CycleArenaAllocator.java:1377)
	at io.netty.buffer.AbstractDerivedByteBuf.release0(AbstractDerivedByteBuf.java:98)
	at io.netty.buffer.AbstractDerivedByteBuf.release(AbstractDerivedByteBuf.java:94)
	at io.netty.util.ReferenceCountUtil.release(ReferenceCountUtil.java:90)
	at io.netty.util.ReferenceCountUtil.safeRelease(ReferenceCountUtil.java:116)
	at io.netty.channel.ChannelOutboundBuffer.remove(ChannelOutboundBuffer.java:300)
	at io.netty.channel.ChannelOutboundBuffer.removeBytes(ChannelOutboundBuffer.java:382)
	at io.netty.channel.uring.AbstractIoUringStreamChannel$IoUringStreamUnsafe.writeComplete0(AbstractIoUringStreamChannel.java:692)
	at io.netty.channel.uring.IoUringSocketChannel$IoUringSocketUnsafe.writeComplete0(IoUringSocketChannel.java:188)
	at io.netty.channel.uring.AbstractIoUringChannel$AbstractUringUnsafe.writeComplete(AbstractIoUringChannel.java:1003)
	at io.netty.channel.uring.AbstractIoUringChannel$AbstractUringUnsafe.handle(AbstractIoUringChannel.java:474)
	at io.netty.channel.uring.IoUringIoHandler$DefaultIoUringIoRegistration.handle(IoUringIoHandler.java:705)
	at io.netty.channel.uring.IoUringIoHandler.handleFastPath(IoUringIoHandler.java:318)
	at io.netty.channel.uring.IoUringIoHandler.handle(IoUringIoHandler.java:298)
	at io.netty.channel.uring.CompletionQueue.process(CompletionQueue.java:151)
	at io.netty.channel.uring.IoUringIoHandler.processCompletionsAndHandleOverflow(IoUringIoHandler.java:213)
	at io.netty.channel.uring.IoUringIoHandler.run(IoUringIoHandler.java:188)
	at io.netty.channel.SingleThreadIoEventLoop.runIo(SingleThreadIoEventLoop.java:225)
	at io.netty.channel.SingleThreadIoEventLoop.run(SingleThreadIoEventLoop.java:196)
	at io.netty.util.concurrent.SingleThreadEventExecutor$5.run(SingleThreadEventExecutor.java:1204)
	at io.netty.util.internal.ThreadExecutorMap$2.run(ThreadExecutorMap.java:74)
	at io.netty.util.concurrent.FastThreadLocalRunnable.run(FastThreadLocalRunnable.java:30)
	at java.base/java.lang.Thread.run(Thread.java:1583)
07:12:25.025 [multiThreadIoEventLoopGroup-4-4] WARN  io.netty.util.ReferenceCountUtil - Failed to release a message: UnpooledSlicedByteBuf(ridx: 0, widx: 1584, cap: 1584/1584, unwrapped: CycleArenaAllocator$ArenaBuf(ridx: 0, widx: 1584, cap: 8192))
java.lang.IllegalStateException: arena buffer of Thread[#29,multiThreadIoEventLoopGroup-3-4,10,main] touched from Thread[#33,multiThreadIoEventLoopGroup-4-4,10,main] (event-loop arena buffers are thread confined)
	at io.netty.buffer.CycleArenaAllocator$ArenaBuf.violation(CycleArenaAllocator.java:1448)
	at io.netty.buffer.CycleArenaAllocator$ArenaBuf.release(CycleArenaAllocator.java:1377)
	at io.netty.buffer.AbstractDerivedByteBuf.release0(AbstractDerivedByteBuf.java:98)
	at io.netty.buffer.AbstractDerivedByteBuf.release(AbstractDerivedByteBuf.java:94)
	at io.netty.util.ReferenceCountUtil.release(ReferenceCountUtil.java:90)
	at io.netty.util.ReferenceCountUtil.safeRelease(ReferenceCountUtil.java:116)
	at io.netty.channel.ChannelOutboundBuffer.remove(ChannelOutboundBuffer.java:300)
	at io.netty.channel.ChannelOutboundBuffer.removeBytes(ChannelOutboundBuffer.java:382)
	at io.netty.channel.uring.AbstractIoUringStreamChannel$IoUringStreamUnsafe.writeComplete0(AbstractIoUringStreamChannel.java:692)
	at io.netty.channel.uring.IoUringSocketChannel$IoUringSocketUnsafe.writeComplete0(IoUringSocketChannel.java:188)
	at io.netty.channel.uring.AbstractIoUringChannel$AbstractUringUnsafe.writeComplete(AbstractIoUringChannel.java:1003)
	at io.netty.channel.uring.AbstractIoUringChannel$AbstractUringUnsafe.handle(AbstractIoUringChannel.java:474)
	at io.netty.channel.uring.IoUringIoHandler$DefaultIoUringIoRegistration.handle(IoUringIoHandler.java:705)
	at io.netty.channel.uring.IoUringIoHandler.handleFastPath(IoUringIoHandler.java:318)
	at io.netty.channel.uring.IoUringIoHandler.handle(IoUringIoHandler.java:298)
	at io.netty.channel.uring.CompletionQueue.process(CompletionQueue.java:151)
	at io.netty.channel.uring.IoUringIoHandler.processCompletionsAndHandleOverflow(IoUringIoHandler.java:213)
	at io.netty.channel.uring.IoUringIoHandler.run(IoUringIoHandler.java:188)
	at io.netty.channel.SingleThreadIoEventLoop.runIo(SingleThreadIoEventLoop.java:225)
	at io.netty.channel.SingleThreadIoEventLoop.run(SingleThreadIoEventLoop.java:196)
	at io.netty.util.concurrent.SingleThreadEventExecutor$5.run(SingleThreadEventExecutor.java:1204)
	at io.netty.util.internal.ThreadExecutorMap$2.run(ThreadExecutorMap.java:74)
	at io.netty.util.concurrent.FastThreadLocalRunnable.run(FastThreadLocalRunnable.java:30)
	at java.base/java.lang.Thread.run(Thread.java:1583)
07:12:25.027 [multiThreadIoEventLoopGroup-3-1] WARN  i.n.channel.uring.IoUringIoHandler - Unexpected exception in the IO event loop.
java.lang.IllegalStateException: arena buffer of Thread[#33,multiThreadIoEventLoopGroup-4-4,10,main] touched from Thread[#26,multiThreadIoEventLoopGroup-3-1,10,main] (event-loop arena buffers are thread confined)
	at io.netty.buffer.CycleArenaAllocator$ArenaBuf.violation(CycleArenaAllocator.java:1448)
	at io.netty.buffer.CycleArenaAllocator$ArenaBuf.retain(CycleArenaAllocator.java:1351)
	at io.netty.buffer.AbstractDerivedByteBuf.retain0(AbstractDerivedByteBuf.java:58)
	at io.netty.buffer.AbstractDerivedByteBuf.retain(AbstractDerivedByteBuf.java:54)
	at io.netty.channel.uring.IoUringSocketChannel$IoUringSocketUnsafe.handleWriteCompleteZeroCopy(IoUringSocketChannel.java:220)
	at io.netty.channel.uring.IoUringSocketChannel$IoUringSocketUnsafe.writeComplete0(IoUringSocketChannel.java:186)
	at io.netty.channel.uring.AbstractIoUringChannel$AbstractUringUnsafe.writeComplete(AbstractIoUringChannel.java:1003)
	at io.netty.channel.uring.AbstractIoUringChannel$AbstractUringUnsafe.handle(AbstractIoUringChannel.java:474)
	at io.netty.channel.uring.IoUringIoHandler$DefaultIoUringIoRegistration.handle(IoUringIoHandler.java:705)
	at io.netty.channel.uring.IoUringIoHandler.handleFastPath(IoUringIoHandler.java:318)
	at io.netty.channel.uring.IoUringIoHandler.handle(IoUringIoHandler.java:298)
	at io.netty.channel.uring.CompletionQueue.process(CompletionQueue.java:151)
	at io.netty.channel.uring.IoUringIoHandler.processCompletionsAndHandleOverflow(IoUringIoHandler.java:213)
	at io.netty.channel.uring.IoUringIoHandler.run(IoUringIoHandler.java:188)
	at io.netty.channel.SingleThreadIoEventLoop.runIo(SingleThreadIoEventLoop.java:225)
	at io.netty.channel.SingleThreadIoEventLoop.run(SingleThreadIoEventLoop.java:196)
	at io.netty.util.concurrent.SingleThreadEventExecutor$5.run(SingleThreadEventExecutor.java:1204)
	at io.netty.util.internal.ThreadExecutorMap$2.run(ThreadExecutorMap.java:74)
	at io.netty.util.concurrent.FastThreadLocalRunnable.run(FastThreadLocalRunnable.java:30)
	at java.base/java.lang.Thread.run(Thread.java:1583)
07:12:25.030 [multiThreadIoEventLoopGroup-3-3] WARN  io.netty.util.ReferenceCountUtil - Failed to release a message: UnpooledSlicedByteBuf(ridx: 0, widx: 3655, cap: 3655/3655, unwrapped: CycleArenaAllocator$ArenaBuf(ridx: 0, widx: 8192, cap: 8192))
java.lang.IllegalStateException: arena buffer of Thread[#33,multiThreadIoEventLoopGroup-4-4,10,main] touched from Thread[#28,multiThreadIoEventLoopGroup-3-3,10,main] (event-loop arena buffers are thread confined)
	at io.netty.buffer.CycleArenaAllocator$ArenaBuf.violation(CycleArenaAllocator.java:1448)
	at io.netty.buffer.CycleArenaAllocator$ArenaBuf.release(CycleArenaAllocator.java:1377)
	at io.netty.buffer.AbstractDerivedByteBuf.release0(AbstractDerivedByteBuf.java:98)
	at io.netty.buffer.AbstractDerivedByteBuf.release(AbstractDerivedByteBuf.java:94)
	at io.netty.util.ReferenceCountUtil.release(ReferenceCountUtil.java:90)
	at io.netty.util.ReferenceCountUtil.safeRelease(ReferenceCountUtil.java:116)
	at io.netty.channel.ChannelOutboundBuffer.remove(ChannelOutboundBuffer.java:300)
	at io.netty.channel.ChannelOutboundBuffer.removeBytes(ChannelOutboundBuffer.java:382)
	at io.netty.channel.uring.AbstractIoUringStreamChannel$IoUringStreamUnsafe.writeComplete0(AbstractIoUringStreamChannel.java:692)
	at io.netty.channel.uring.IoUringSocketChannel$IoUringSocketUnsafe.writeComplete0(IoUringSocketChannel.java:188)
	at io.netty.channel.uring.AbstractIoUringChannel$AbstractUringUnsafe.writeComplete(AbstractIoUringChannel.java:1003)
	at io.netty.channel.uring.AbstractIoUringChannel$AbstractUringUnsafe.handle(AbstractIoUringChannel.java:474)
	at io.netty.channel.uring.IoUringIoHandler$DefaultIoUringIoRegistration.handle(IoUringIoHandler.java:705)
	at io.netty.channel.uring.IoUringIoHandler.handleFastPath(IoUringIoHandler.java:318)
	at io.netty.channel.uring.IoUringIoHandler.handle(IoUringIoHandler.java:298)
	at io.netty.channel.uring.CompletionQueue.process(CompletionQueue.java:151)
	at io.netty.channel.uring.IoUringIoHandler.processCompletionsAndHandleOverflow(IoUringIoHandler.java:213)
	at io.netty.channel.uring.IoUringIoHandler.run(IoUringIoHandler.java:188)
	at io.netty.channel.SingleThreadIoEventLoop.runIo(SingleThreadIoEventLoop.java:225)
	at io.netty.channel.SingleThreadIoEventLoop.run(SingleThreadIoEventLoop.java:196)
	at io.netty.util.concurrent.SingleThreadEventExecutor$5.run(SingleThreadEventExecutor.java:1204)
	at io.netty.util.internal.ThreadExecutorMap$2.run(ThreadExecutorMap.java:74)
	at io.netty.util.concurrent.FastThreadLocalRunnable.run(FastThreadLocalRunnable.java:30)
	at java.base/java.lang.Thread.run(Thread.java:1583)
07:12:25.030 [multiThreadIoEventLoopGroup-3-4] WARN  io.netty.util.ReferenceCountUtil - Failed to release a message: UnpooledSlicedByteBuf(ridx: 0, widx: 2773, cap: 2773/2773, unwrapped: CycleArenaAllocator$ArenaBuf(ridx: 0, widx: 8192, cap: 8192))
java.lang.IllegalStateException: arena buffer of Thread[#33,multiThreadIoEventLoopGroup-4-4,10,main] touched from Thread[#29,multiThreadIoEventLoopGroup-3-4,10,main] (event-loop arena buffers are thread confined)
	at io.netty.buffer.CycleArenaAllocator$ArenaBuf.violation(CycleArenaAllocator.java:1448)
	at io.netty.buffer.CycleArenaAllocator$ArenaBuf.release(CycleArenaAllocator.java:1377)
	at io.netty.buffer.AbstractDerivedByteBuf.release0(AbstractDerivedByteBuf.java:98)
	at io.netty.buffer.AbstractDerivedByteBuf.release(AbstractDerivedByteBuf.java:94)
	at io.netty.util.ReferenceCountUtil.release(ReferenceCountUtil.java:90)
	at io.netty.util.ReferenceCountUtil.safeRelease(ReferenceCountUtil.java:116)
	at io.netty.channel.ChannelOutboundBuffer.remove(ChannelOutboundBuffer.java:300)
	at io.netty.channel.ChannelOutboundBuffer.removeBytes(ChannelOutboundBuffer.java:382)
	at io.netty.channel.uring.AbstractIoUringStreamChannel$IoUringStreamUnsafe.writeComplete0(AbstractIoUringStreamChannel.java:692)
	at io.netty.channel.uring.IoUringSocketChannel$IoUringSocketUnsafe.writeComplete0(IoUringSocketChannel.java:188)
	at io.netty.channel.uring.AbstractIoUringChannel$AbstractUringUnsafe.writeComplete(AbstractIoUringChannel.java:1003)
	at io.netty.channel.uring.AbstractIoUringChannel$AbstractUringUnsafe.handle(AbstractIoUringChannel.java:474)
	at io.netty.channel.uring.IoUringIoHandler$DefaultIoUringIoRegistration.handle(IoUringIoHandler.java:705)
	at io.netty.channel.uring.IoUringIoHandler.handleFastPath(IoUringIoHandler.java:318)
	at io.netty.channel.uring.IoUringIoHandler.handle(IoUringIoHandler.java:298)
	at io.netty.channel.uring.CompletionQueue.process(CompletionQueue.java:151)
	at io.netty.channel.uring.IoUringIoHandler.processCompletionsAndHandleOverflow(IoUringIoHandler.java:213)
	at io.netty.channel.uring.IoUringIoHandler.run(IoUringIoHandler.java:188)
	at io.netty.channel.SingleThreadIoEventLoop.runIo(SingleThreadIoEventLoop.java:225)
	at io.netty.channel.SingleThreadIoEventLoop.run(SingleThreadIoEventLoop.java:196)
	at io.netty.util.concurrent.SingleThreadEventExecutor$5.run(SingleThreadEventExecutor.java:1204)
	at io.netty.util.internal.ThreadExecutorMap$2.run(ThreadExecutorMap.java:74)
	at io.netty.util.concurrent.FastThreadLocalRunnable.run(FastThreadLocalRunnable.java:30)
	at java.base/java.lang.Thread.run(Thread.java:1583)
07:12:25.030 [multiThreadIoEventLoopGroup-3-4] WARN  io.netty.util.ReferenceCountUtil - Failed to release a message: UnpooledSlicedByteBuf(ridx: 0, widx: 1902, cap: 1902/1902, unwrapped: CycleArenaAllocator$ArenaBuf(ridx: 0, widx: 8192, cap: 8192))
java.lang.IllegalStateException: arena buffer of Thread[#33,multiThreadIoEventLoopGroup-4-4,10,main] touched from Thread[#29,multiThreadIoEventLoopGroup-3-4,10,main] (event-loop arena buffers are thread confined)
	at io.netty.buffer.CycleArenaAllocator$ArenaBuf.violation(CycleArenaAllocator.java:1448)
	at io.netty.buffer.CycleArenaAllocator$ArenaBuf.release(CycleArenaAllocator.java:1377)
	at io.netty.buffer.AbstractDerivedByteBuf.release0(AbstractDerivedByteBuf.java:98)
	at io.netty.buffer.AbstractDerivedByteBuf.release(AbstractDerivedByteBuf.java:94)
	at io.netty.util.ReferenceCountUtil.release(ReferenceCountUtil.java:90)
	at io.netty.util.ReferenceCountUtil.safeRelease(ReferenceCountUtil.java:116)
	at io.netty.channel.ChannelOutboundBuffer.remove(ChannelOutboundBuffer.java:300)
	at io.netty.channel.ChannelOutboundBuffer.removeBytes(ChannelOutboundBuffer.java:382)
	at io.netty.channel.uring.AbstractIoUringStreamChannel$IoUringStreamUnsafe.writeComplete0(AbstractIoUringStreamChannel.java:692)
	at io.netty.channel.uring.IoUringSocketChannel$IoUringSocketUnsafe.writeComplete0(IoUringSocketChannel.java:188)
	at io.netty.channel.uring.AbstractIoUringChannel$AbstractUringUnsafe.writeComplete(AbstractIoUringChannel.java:1003)
	at io.netty.channel.uring.AbstractIoUringChannel$AbstractUringUnsafe.handle(AbstractIoUringChannel.java:474)
	at io.netty.channel.uring.IoUringIoHandler$DefaultIoUringIoRegistration.handle(IoUringIoHandler.java:705)
	at io.netty.channel.uring.IoUringIoHandler.handleFastPath(IoUringIoHandler.java:318)
	at io.netty.channel.uring.IoUringIoHandler.handle(IoUringIoHandler.java:298)
	at io.netty.channel.uring.CompletionQueue.process(CompletionQueue.java:151)
	at io.netty.channel.uring.IoUringIoHandler.processCompletionsAndHandleOverflow(IoUringIoHandler.java:213)
	at io.netty.channel.uring.IoUringIoHandler.run(IoUringIoHandler.java:188)
	at io.netty.channel.SingleThreadIoEventLoop.runIo(SingleThreadIoEventLoop.java:225)
	at io.netty.channel.SingleThreadIoEventLoop.run(SingleThreadIoEventLoop.java:196)
	at io.netty.util.concurrent.SingleThreadEventExecutor$5.run(SingleThreadEventExecutor.java:1204)
	at io.netty.util.internal.ThreadExecutorMap$2.run(ThreadExecutorMap.java:74)
	at io.netty.util.concurrent.FastThreadLocalRunnable.run(FastThreadLocalRunnable.java:30)
	at java.base/java.lang.Thread.run(Thread.java:1583)
07:12:25.030 [multiThreadIoEventLoopGroup-3-3] WARN  io.netty.util.ReferenceCountUtil - Failed to release a message: UnpooledSlicedByteBuf(ridx: 0, widx: 893, cap: 893/893, unwrapped: CycleArenaAllocator$ArenaBuf(ridx: 0, widx: 8192, cap: 8192))
java.lang.IllegalStateException: arena buffer of Thread[#33,multiThreadIoEventLoopGroup-4-4,10,main] touched from Thread[#28,multiThreadIoEventLoopGroup-3-3,10,main] (event-loop arena buffers are thread confined)
	at io.netty.buffer.CycleArenaAllocator$ArenaBuf.violation(CycleArenaAllocator.java:1448)
	at io.netty.buffer.CycleArenaAllocator$ArenaBuf.release(CycleArenaAllocator.java:1377)
	at io.netty.buffer.AbstractDerivedByteBuf.release0(AbstractDerivedByteBuf.java:98)
	at io.netty.buffer.AbstractDerivedByteBuf.release(AbstractDerivedByteBuf.java:94)
	at io.netty.util.ReferenceCountUtil.release(ReferenceCountUtil.java:90)
	at io.netty.util.ReferenceCountUtil.safeRelease(ReferenceCountUtil.java:116)
	at io.netty.channel.ChannelOutboundBuffer.remove(ChannelOutboundBuffer.java:300)
	at io.netty.channel.ChannelOutboundBuffer.removeBytes(ChannelOutboundBuffer.java:382)
	at io.netty.channel.uring.AbstractIoUringStreamChannel$IoUringStreamUnsafe.writeComplete0(AbstractIoUringStreamChannel.java:692)
	at io.netty.channel.uring.IoUringSocketChannel$IoUringSocketUnsafe.writeComplete0(IoUringSocketChannel.java:188)
	at io.netty.channel.uring.AbstractIoUringChannel$AbstractUringUnsafe.writeComplete(AbstractIoUringChannel.java:1003)
	at io.netty.channel.uring.AbstractIoUringChannel$AbstractUringUnsafe.handle(AbstractIoUringChannel.java:474)
	at io.netty.channel.uring.IoUringIoHandler$DefaultIoUringIoRegistration.handle(IoUringIoHandler.java:705)
	at io.netty.channel.uring.IoUringIoHandler.handleFastPath(IoUringIoHandler.java:318)
	at io.netty.channel.uring.IoUringIoHandler.handle(IoUringIoHandler.java:298)
	at io.netty.channel.uring.CompletionQueue.process(CompletionQueue.java:151)
	at io.netty.channel.uring.IoUringIoHandler.processCompletionsAndHandleOverflow(IoUringIoHandler.java:213)
	at io.netty.channel.uring.IoUringIoHandler.run(IoUringIoHandler.java:188)
	at io.netty.channel.SingleThreadIoEventLoop.runIo(SingleThreadIoEventLoop.java:225)
	at io.netty.channel.SingleThreadIoEventLoop.run(SingleThreadIoEventLoop.java:196)
	at io.netty.util.concurrent.SingleThreadEventExecutor$5.run(SingleThreadEventExecutor.java:1204)
	at io.netty.util.internal.ThreadExecutorMap$2.run(ThreadExecutorMap.java:74)
	at io.netty.util.concurrent.FastThreadLocalRunnable.run(FastThreadLocalRunnable.java:30)
	at java.base/java.lang.Thread.run(Thread.java:1583)
07:12:25.030 [multiThreadIoEventLoopGroup-3-4] WARN  io.netty.util.ReferenceCountUtil - Failed to release a message: UnpooledSlicedByteBuf(ridx: 0, widx: 1764, cap: 1764/1764, unwrapped: CycleArenaAllocator$ArenaBuf(ridx: 0, widx: 8192, cap: 8192))
java.lang.IllegalStateException: arena buffer of Thread[#33,multiThreadIoEventLoopGroup-4-4,10,main] touched from Thread[#29,multiThreadIoEventLoopGroup-3-4,10,main] (event-loop arena buffers are thread confined)
	at io.netty.buffer.CycleArenaAllocator$ArenaBuf.violation(CycleArenaAllocator.java:1448)
	at io.netty.buffer.CycleArenaAllocator$ArenaBuf.release(CycleArenaAllocator.java:1377)
	at io.netty.buffer.AbstractDerivedByteBuf.release0(AbstractDerivedByteBuf.java:98)
	at io.netty.buffer.AbstractDerivedByteBuf.release(AbstractDerivedByteBuf.java:94)
	at io.netty.util.ReferenceCountUtil.release(ReferenceCountUtil.java:90)
	at io.netty.util.ReferenceCountUtil.safeRelease(ReferenceCountUtil.java:116)
	at io.netty.channel.ChannelOutboundBuffer.remove(ChannelOutboundBuffer.java:300)
	at io.netty.channel.ChannelOutboundBuffer.removeBytes(ChannelOutboundBuffer.java:382)
	at io.netty.channel.uring.AbstractIoUringStreamChannel$IoUringStreamUnsafe.writeComplete0(AbstractIoUringStreamChannel.java:692)
	at io.netty.channel.uring.IoUringSocketChannel$IoUringSocketUnsafe.writeComplete0(IoUringSocketChannel.java:188)
	at io.netty.channel.uring.AbstractIoUringChannel$AbstractUringUnsafe.writeComplete(AbstractIoUringChannel.java:1003)
	at io.netty.channel.uring.AbstractIoUringChannel$AbstractUringUnsafe.handle(AbstractIoUringChannel.java:474)
	at io.netty.channel.uring.IoUringIoHandler$DefaultIoUringIoRegistration.handle(IoUringIoHandler.java:705)
	at io.netty.channel.uring.IoUringIoHandler.handleFastPath(IoUringIoHandler.java:318)
	at io.netty.channel.uring.IoUringIoHandler.handle(IoUringIoHandler.java:298)
	at io.netty.channel.uring.CompletionQueue.process(CompletionQueue.java:151)
	at io.netty.channel.uring.IoUringIoHandler.processCompletionsAndHandleOverflow(IoUringIoHandler.java:213)
	at io.netty.channel.uring.IoUringIoHandler.run(IoUringIoHandler.java:188)
	at io.netty.channel.SingleThreadIoEventLoop.runIo(SingleThreadIoEventLoop.java:225)
	at io.netty.channel.SingleThreadIoEventLoop.run(SingleThreadIoEventLoop.java:196)
	at io.netty.util.concurrent.SingleThreadEventExecutor$5.run(SingleThreadEventExecutor.java:1204)
	at io.netty.util.internal.ThreadExecutorMap$2.run(ThreadExecutorMap.java:74)
	at io.netty.util.concurrent.FastThreadLocalRunnable.run(FastThreadLocalRunnable.java:30)
	at java.base/java.lang.Thread.run(Thread.java:1583)
07:12:25.031 [multiThreadIoEventLoopGroup-3-4] WARN  io.netty.util.ReferenceCountUtil - Failed to release a message: UnpooledSlicedByteBuf(ridx: 0, widx: 2635, cap: 2635/2635, unwrapped: CycleArenaAllocator$ArenaBuf(ridx: 0, widx: 8192, cap: 8192))
java.lang.IllegalStateException: arena buffer of Thread[#33,multiThreadIoEventLoopGroup-4-4,10,main] touched from Thread[#29,multiThreadIoEventLoopGroup-3-4,10,main] (event-loop arena buffers are thread confined)
	at io.netty.buffer.CycleArenaAllocator$ArenaBuf.violation(CycleArenaAllocator.java:1448)
	at io.netty.buffer.CycleArenaAllocator$ArenaBuf.release(CycleArenaAllocator.java:1377)
	at io.netty.buffer.AbstractDerivedByteBuf.release0(AbstractDerivedByteBuf.java:98)
	at io.netty.buffer.AbstractDerivedByteBuf.release(AbstractDerivedByteBuf.java:94)
	at io.netty.util.ReferenceCountUtil.release(ReferenceCountUtil.java:90)
	at io.netty.util.ReferenceCountUtil.safeRelease(ReferenceCountUtil.java:116)
	at io.netty.channel.ChannelOutboundBuffer.remove(ChannelOutboundBuffer.java:300)
	at io.netty.channel.ChannelOutboundBuffer.removeBytes(ChannelOutboundBuffer.java:382)
	at io.netty.channel.uring.AbstractIoUringStreamChannel$IoUringStreamUnsafe.writeComplete0(AbstractIoUringStreamChannel.java:692)
	at io.netty.channel.uring.IoUringSocketChannel$IoUringSocketUnsafe.writeComplete0(IoUringSocketChannel.java:188)
	at io.netty.channel.uring.AbstractIoUringChannel$AbstractUringUnsafe.writeComplete(AbstractIoUringChannel.java:1003)
	at io.netty.channel.uring.AbstractIoUringChannel$AbstractUringUnsafe.handle(AbstractIoUringChannel.java:474)
	at io.netty.channel.uring.IoUringIoHandler$DefaultIoUringIoRegistration.handle(IoUringIoHandler.java:705)
	at io.netty.channel.uring.IoUringIoHandler.handleFastPath(IoUringIoHandler.java:318)
	at io.netty.channel.uring.IoUringIoHandler.handle(IoUringIoHandler.java:298)
	at io.netty.channel.uring.CompletionQueue.process(CompletionQueue.java:151)
	at io.netty.channel.uring.IoUringIoHandler.processCompletionsAndHandleOverflow(IoUringIoHandler.java:213)
	at io.netty.channel.uring.IoUringIoHandler.run(IoUringIoHandler.java:188)
	at io.netty.channel.SingleThreadIoEventLoop.runIo(SingleThreadIoEventLoop.java:225)
	at io.netty.channel.SingleThreadIoEventLoop.run(SingleThreadIoEventLoop.java:196)
	at io.netty.util.concurrent.SingleThreadEventExecutor$5.run(SingleThreadEventExecutor.java:1204)
	at io.netty.util.internal.ThreadExecutorMap$2.run(ThreadExecutorMap.java:74)
	at io.netty.util.concurrent.FastThreadLocalRunnable.run(FastThreadLocalRunnable.java:30)
	at java.base/java.lang.Thread.run(Thread.java:1583)
07:12:25.032 [multiThreadIoEventLoopGroup-3-4] WARN  i.n.channel.uring.IoUringIoHandler - Unexpected exception in the IO event loop.
java.lang.IllegalStateException: arena buffer of Thread[#33,multiThreadIoEventLoopGroup-4-4,10,main] touched from Thread[#29,multiThreadIoEventLoopGroup-3-4,10,main] (event-loop arena buffers are thread confined)
	at io.netty.buffer.CycleArenaAllocator$ArenaBuf.violation(CycleArenaAllocator.java:1448)
	at io.netty.buffer.CycleArenaAllocator$ArenaBuf.retain(CycleArenaAllocator.java:1351)
	at io.netty.buffer.AbstractDerivedByteBuf.retain0(AbstractDerivedByteBuf.java:58)
	at io.netty.buffer.AbstractDerivedByteBuf.retain(AbstractDerivedByteBuf.java:54)
	at io.netty.channel.uring.IoUringSocketChannel$IoUringSocketUnsafe.handleWriteCompleteZeroCopy(IoUringSocketChannel.java:220)
	at io.netty.channel.uring.IoUringSocketChannel$IoUringSocketUnsafe.writeComplete0(IoUringSocketChannel.java:186)
	at io.netty.channel.uring.AbstractIoUringChannel$AbstractUringUnsafe.writeComplete(AbstractIoUringChannel.java:1003)
	at io.netty.channel.uring.AbstractIoUringChannel$AbstractUringUnsafe.handle(AbstractIoUringChannel.java:474)
	at io.netty.channel.uring.IoUringIoHandler$DefaultIoUringIoRegistration.handle(IoUringIoHandler.java:705)
	at io.netty.channel.uring.IoUringIoHandler.handleFastPath(IoUringIoHandler.java:318)
	at io.netty.channel.uring.IoUringIoHandler.handle(IoUringIoHandler.java:298)
	at io.netty.channel.uring.CompletionQueue.process(CompletionQueue.java:151)
	at io.netty.channel.uring.IoUringIoHandler.processCompletionsAndHandleOverflow(IoUringIoHandler.java:213)
	at io.netty.channel.uring.IoUringIoHandler.run(IoUringIoHandler.java:188)
	at io.netty.channel.SingleThreadIoEventLoop.runIo(SingleThreadIoEventLoop.java:225)
	at io.netty.channel.SingleThreadIoEventLoop.run(SingleThreadIoEventLoop.java:196)
	at io.netty.util.concurrent.SingleThreadEventExecutor$5.run(SingleThreadEventExecutor.java:1204)
	at io.netty.util.internal.ThreadExecutorMap$2.run(ThreadExecutorMap.java:74)
	at io.netty.util.concurrent.FastThreadLocalRunnable.run(FastThreadLocalRunnable.java:30)
	at java.base/java.lang.Thread.run(Thread.java:1583)
07:12:25.034 [multiThreadIoEventLoopGroup-3-2] WARN  io.netty.util.ReferenceCountUtil - Failed to release a message: UnpooledSlicedByteBuf(ridx: 0, widx: 3793, cap: 3793/3793, unwrapped: CycleArenaAllocator$ArenaBuf(ridx: 0, widx: 8192, cap: 8192))
java.lang.IllegalStateException: arena buffer of Thread[#33,multiThreadIoEventLoopGroup-4-4,10,main] touched from Thread[#27,multiThreadIoEventLoopGroup-3-2,10,main] (event-loop arena buffers are thread confined)
	at io.netty.buffer.CycleArenaAllocator$ArenaBuf.violation(CycleArenaAllocator.java:1448)
	at io.netty.buffer.CycleArenaAllocator$ArenaBuf.release(CycleArenaAllocator.java:1377)
	at io.netty.buffer.AbstractDerivedByteBuf.release0(AbstractDerivedByteBuf.java:98)
	at io.netty.buffer.AbstractDerivedByteBuf.release(AbstractDerivedByteBuf.java:94)
	at io.netty.util.ReferenceCountUtil.release(ReferenceCountUtil.java:90)
	at io.netty.util.ReferenceCountUtil.safeRelease(ReferenceCountUtil.java:116)
	at io.netty.channel.ChannelOutboundBuffer.remove(ChannelOutboundBuffer.java:300)
	at io.netty.channel.ChannelOutboundBuffer.removeBytes(ChannelOutboundBuffer.java:382)
	at io.netty.channel.uring.AbstractIoUringStreamChannel$IoUringStreamUnsafe.writeComplete0(AbstractIoUringStreamChannel.java:692)
	at io.netty.channel.uring.IoUringSocketChannel$IoUringSocketUnsafe.writeComplete0(IoUringSocketChannel.java:188)
	at io.netty.channel.uring.AbstractIoUringChannel$AbstractUringUnsafe.writeComplete(AbstractIoUringChannel.java:1003)
	at io.netty.channel.uring.AbstractIoUringChannel$AbstractUringUnsafe.handle(AbstractIoUringChannel.java:474)
	at io.netty.channel.uring.IoUringIoHandler$DefaultIoUringIoRegistration.handle(IoUringIoHandler.java:705)
	at io.netty.channel.uring.IoUringIoHandler.handleFastPath(IoUringIoHandler.java:318)
	at io.netty.channel.uring.IoUringIoHandler.handle(IoUringIoHandler.java:298)
	at io.netty.channel.uring.CompletionQueue.process(CompletionQueue.java:151)
	at io.netty.channel.uring.IoUringIoHandler.processCompletionsAndHandleOverflow(IoUringIoHandler.java:213)
	at io.netty.channel.uring.IoUringIoHandler.run(IoUringIoHandler.java:188)
	at io.netty.channel.SingleThreadIoEventLoop.runIo(SingleThreadIoEventLoop.java:225)
	at io.netty.channel.SingleThreadIoEventLoop.run(SingleThreadIoEventLoop.java:196)
	at io.netty.util.concurrent.SingleThreadEventExecutor$5.run(SingleThreadEventExecutor.java:1204)
	at io.netty.util.internal.ThreadExecutorMap$2.run(ThreadExecutorMap.java:74)
	at io.netty.util.concurrent.FastThreadLocalRunnable.run(FastThreadLocalRunnable.java:30)
	at java.base/java.lang.Thread.run(Thread.java:1583)
07:12:25.034 [multiThreadIoEventLoopGroup-3-2] WARN  io.netty.util.ReferenceCountUtil - Failed to release a message: UnpooledSlicedByteBuf(ridx: 0, widx: 766, cap: 766/766, unwrapped: CycleArenaAllocator$ArenaBuf(ridx: 0, widx: 8192, cap: 8192))
java.lang.IllegalStateException: arena buffer of Thread[#33,multiThreadIoEventLoopGroup-4-4,10,main] touched from Thread[#27,multiThreadIoEventLoopGroup-3-2,10,main] (event-loop arena buffers are thread confined)
	at io.netty.buffer.CycleArenaAllocator$ArenaBuf.violation(CycleArenaAllocator.java:1448)
	at io.netty.buffer.CycleArenaAllocator$ArenaBuf.release(CycleArenaAllocator.java:1377)
	at io.netty.buffer.AbstractDerivedByteBuf.release0(AbstractDerivedByteBuf.java:98)
	at io.netty.buffer.AbstractDerivedByteBuf.release(AbstractDerivedByteBuf.java:94)
	at io.netty.util.ReferenceCountUtil.release(ReferenceCountUtil.java:90)
	at io.netty.util.ReferenceCountUtil.safeRelease(ReferenceCountUtil.java:116)
	at io.netty.channel.ChannelOutboundBuffer.remove(ChannelOutboundBuffer.java:300)
	at io.netty.channel.ChannelOutboundBuffer.removeBytes(ChannelOutboundBuffer.java:382)
	at io.netty.channel.uring.AbstractIoUringStreamChannel$IoUringStreamUnsafe.writeComplete0(AbstractIoUringStreamChannel.java:692)
	at io.netty.channel.uring.IoUringSocketChannel$IoUringSocketUnsafe.writeComplete0(IoUringSocketChannel.java:188)
	at io.netty.channel.uring.AbstractIoUringChannel$AbstractUringUnsafe.writeComplete(AbstractIoUringChannel.java:1003)
	at io.netty.channel.uring.AbstractIoUringChannel$AbstractUringUnsafe.handle(AbstractIoUringChannel.java:474)
	at io.netty.channel.uring.IoUringIoHandler$DefaultIoUringIoRegistration.handle(IoUringIoHandler.java:705)
	at io.netty.channel.uring.IoUringIoHandler.handleFastPath(IoUringIoHandler.java:318)
	at io.netty.channel.uring.IoUringIoHandler.handle(IoUringIoHandler.java:298)
	at io.netty.channel.uring.CompletionQueue.process(CompletionQueue.java:151)
	at io.netty.channel.uring.IoUringIoHandler.processCompletionsAndHandleOverflow(IoUringIoHandler.java:213)
	at io.netty.channel.uring.IoUringIoHandler.run(IoUringIoHandler.java:188)
	at io.netty.channel.SingleThreadIoEventLoop.runIo(SingleThreadIoEventLoop.java:225)
	at io.netty.channel.SingleThreadIoEventLoop.run(SingleThreadIoEventLoop.java:196)
	at io.netty.util.concurrent.SingleThreadEventExecutor$5.run(SingleThreadEventExecutor.java:1204)
	at io.netty.util.internal.ThreadExecutorMap$2.run(ThreadExecutorMap.java:74)
	at io.netty.util.concurrent.FastThreadLocalRunnable.run(FastThreadLocalRunnable.java:30)
	at java.base/java.lang.Thread.run(Thread.java:1583)
07:12:25.034 [multiThreadIoEventLoopGroup-4-4] WARN  i.n.channel.uring.IoUringIoHandler - Unexpected exception in the IO event loop.
java.lang.IllegalStateException: arena buffer of Thread[#28,multiThreadIoEventLoopGroup-3-3,10,main] touched from Thread[#33,multiThreadIoEventLoopGroup-4-4,10,main] (event-loop arena buffers are thread confined)
	at io.netty.buffer.CycleArenaAllocator$ArenaBuf.violation(CycleArenaAllocator.java:1448)
	at io.netty.buffer.CycleArenaAllocator$ArenaBuf.retain(CycleArenaAllocator.java:1351)
	at io.netty.buffer.AbstractDerivedByteBuf.retain0(AbstractDerivedByteBuf.java:58)
	at io.netty.buffer.AbstractDerivedByteBuf.retain(AbstractDerivedByteBuf.java:54)
	at io.netty.channel.uring.IoUringSocketChannel$IoUringSocketUnsafe.handleWriteCompleteZeroCopy(IoUringSocketChannel.java:220)
	at io.netty.channel.uring.IoUringSocketChannel$IoUringSocketUnsafe.writeComplete0(IoUringSocketChannel.java:186)
	at io.netty.channel.uring.AbstractIoUringChannel$AbstractUringUnsafe.writeComplete(AbstractIoUringChannel.java:1003)
	at io.netty.channel.uring.AbstractIoUringChannel$AbstractUringUnsafe.handle(AbstractIoUringChannel.java:474)
	at io.netty.channel.uring.IoUringIoHandler$DefaultIoUringIoRegistration.handle(IoUringIoHandler.java:705)
	at io.netty.channel.uring.IoUringIoHandler.handleFastPath(IoUringIoHandler.java:318)
	at io.netty.channel.uring.IoUringIoHandler.handle(IoUringIoHandler.java:298)
	at io.netty.channel.uring.CompletionQueue.process(CompletionQueue.java:151)
	at io.netty.channel.uring.IoUringIoHandler.processCompletionsAndHandleOverflow(IoUringIoHandler.java:213)
	at io.netty.channel.uring.IoUringIoHandler.run(IoUringIoHandler.java:188)
	at io.netty.channel.SingleThreadIoEventLoop.runIo(SingleThreadIoEventLoop.java:225)
	at io.netty.channel.SingleThreadIoEventLoop.run(SingleThreadIoEventLoop.java:196)
	at io.netty.util.concurrent.SingleThreadEventExecutor$5.run(SingleThreadEventExecutor.java:1204)
	at io.netty.util.internal.ThreadExecutorMap$2.run(ThreadExecutorMap.java:74)
	at io.netty.util.concurrent.FastThreadLocalRunnable.run(FastThreadLocalRunnable.java:30)
	at java.base/java.lang.Thread.run(Thread.java:1583)
07:12:25.098 [multiThreadIoEventLoopGroup-4-3] WARN  i.n.channel.uring.IoUringIoHandler - Unexpected exception in the IO event loop.
java.lang.IllegalStateException: arena buffer of Thread[#27,multiThreadIoEventLoopGroup-3-2,10,main] touched from Thread[#32,multiThreadIoEventLoopGroup-4-3,10,main] (event-loop arena buffers are thread confined)
	at io.netty.buffer.CycleArenaAllocator$ArenaBuf.violation(CycleArenaAllocator.java:1448)
	at io.netty.buffer.CycleArenaAllocator$ArenaBuf.release(CycleArenaAllocator.java:1377)
	at io.netty.buffer.AbstractDerivedByteBuf.release0(AbstractDerivedByteBuf.java:98)
	at io.netty.buffer.AbstractDerivedByteBuf.release(AbstractDerivedByteBuf.java:94)
	at io.netty.channel.uring.IoUringSocketChannel$IoUringSocketUnsafe.handleWriteCompleteZeroCopy(IoUringSocketChannel.java:289)
	at io.netty.channel.uring.IoUringSocketChannel$IoUringSocketUnsafe.writeComplete0(IoUringSocketChannel.java:186)
	at io.netty.channel.uring.AbstractIoUringChannel$AbstractUringUnsafe.writeComplete(AbstractIoUringChannel.java:1003)
	at io.netty.channel.uring.AbstractIoUringChannel$AbstractUringUnsafe.handle(AbstractIoUringChannel.java:474)
	at io.netty.channel.uring.IoUringIoHandler$DefaultIoUringIoRegistration.handle(IoUringIoHandler.java:705)
	at io.netty.channel.uring.IoUringIoHandler.handleFastPath(IoUringIoHandler.java:318)
	at io.netty.channel.uring.IoUringIoHandler.handle(IoUringIoHandler.java:298)
	at io.netty.channel.uring.CompletionQueue.process(CompletionQueue.java:151)
	at io.netty.channel.uring.IoUringIoHandler.processCompletionsAndHandleOverflow(IoUringIoHandler.java:213)
	at io.netty.channel.uring.IoUringIoHandler.run(IoUringIoHandler.java:188)
	at io.netty.channel.SingleThreadIoEventLoop.runIo(SingleThreadIoEventLoop.java:225)
	at io.netty.channel.SingleThreadIoEventLoop.run(SingleThreadIoEventLoop.java:196)
	at io.netty.util.concurrent.SingleThreadEventExecutor$5.run(SingleThreadEventExecutor.java:1204)
	at io.netty.util.internal.ThreadExecutorMap$2.run(ThreadExecutorMap.java:74)
	at io.netty.util.concurrent.FastThreadLocalRunnable.run(FastThreadLocalRunnable.java:30)
	at java.base/java.lang.Thread.run(Thread.java:1583)
07:12:25.101 [multiThreadIoEventLoopGroup-4-2] WARN  i.n.channel.uring.IoUringIoHandler - Unexpected exception in the IO event loop.
java.lang.IllegalStateException: arena buffer of Thread[#27,multiThreadIoEventLoopGroup-3-2,10,main] touched from Thread[#31,multiThreadIoEventLoopGroup-4-2,10,main] (event-loop arena buffers are thread confined)
	at io.netty.buffer.CycleArenaAllocator$ArenaBuf.violation(CycleArenaAllocator.java:1448)
	at io.netty.buffer.CycleArenaAllocator$ArenaBuf.release(CycleArenaAllocator.java:1377)
	at io.netty.buffer.AbstractDerivedByteBuf.release0(AbstractDerivedByteBuf.java:98)
	at io.netty.buffer.AbstractDerivedByteBuf.release(AbstractDerivedByteBuf.java:94)
	at io.netty.channel.uring.IoUringSocketChannel$IoUringSocketUnsafe.handleWriteCompleteZeroCopy(IoUringSocketChannel.java:289)
	at io.netty.channel.uring.IoUringSocketChannel$IoUringSocketUnsafe.writeComplete0(IoUringSocketChannel.java:186)
	at io.netty.channel.uring.AbstractIoUringChannel$AbstractUringUnsafe.writeComplete(AbstractIoUringChannel.java:1003)
	at io.netty.channel.uring.AbstractIoUringChannel$AbstractUringUnsafe.handle(AbstractIoUringChannel.java:474)
	at io.netty.channel.uring.IoUringIoHandler$DefaultIoUringIoRegistration.handle(IoUringIoHandler.java:705)
	at io.netty.channel.uring.IoUringIoHandler.handleFastPath(IoUringIoHandler.java:318)
	at io.netty.channel.uring.IoUringIoHandler.handle(IoUringIoHandler.java:298)
	at io.netty.channel.uring.CompletionQueue.process(CompletionQueue.java:151)
	at io.netty.channel.uring.IoUringIoHandler.processCompletionsAndHandleOverflow(IoUringIoHandler.java:213)
	at io.netty.channel.uring.IoUringIoHandler.run(IoUringIoHandler.java:188)
	at io.netty.channel.SingleThreadIoEventLoop.runIo(SingleThreadIoEventLoop.java:225)
	at io.netty.channel.SingleThreadIoEventLoop.run(SingleThreadIoEventLoop.java:196)
	at io.netty.util.concurrent.SingleThreadEventExecutor$5.run(SingleThreadEventExecutor.java:1204)
	at io.netty.util.internal.ThreadExecutorMap$2.run(ThreadExecutorMap.java:74)
	at io.netty.util.concurrent.FastThreadLocalRunnable.run(FastThreadLocalRunnable.java:30)
	at java.base/java.lang.Thread.run(Thread.java:1583)
07:12:25.104 [multiThreadIoEventLoopGroup-4-1] WARN  i.n.channel.uring.IoUringIoHandler - Unexpected exception in the IO event loop.
java.lang.IllegalStateException: arena buffer of Thread[#26,multiThreadIoEventLoopGroup-3-1,10,main] touched from Thread[#30,multiThreadIoEventLoopGroup-4-1,10,main] (event-loop arena buffers are thread confined)
	at io.netty.buffer.CycleArenaAllocator$ArenaBuf.violation(CycleArenaAllocator.java:1448)
	at io.netty.buffer.CycleArenaAllocator$ArenaBuf.release(CycleArenaAllocator.java:1377)
	at io.netty.buffer.AbstractDerivedByteBuf.release0(AbstractDerivedByteBuf.java:98)
	at io.netty.buffer.AbstractDerivedByteBuf.release(AbstractDerivedByteBuf.java:94)
	at io.netty.channel.uring.IoUringSocketChannel$IoUringSocketUnsafe.handleWriteCompleteZeroCopy(IoUringSocketChannel.java:289)
	at io.netty.channel.uring.IoUringSocketChannel$IoUringSocketUnsafe.writeComplete0(IoUringSocketChannel.java:186)
	at io.netty.channel.uring.AbstractIoUringChannel$AbstractUringUnsafe.writeComplete(AbstractIoUringChannel.java:1003)
	at io.netty.channel.uring.AbstractIoUringChannel$AbstractUringUnsafe.handle(AbstractIoUringChannel.java:474)
	at io.netty.channel.uring.IoUringIoHandler$DefaultIoUringIoRegistration.handle(IoUringIoHandler.java:705)
	at io.netty.channel.uring.IoUringIoHandler.handleFastPath(IoUringIoHandler.java:318)
	at io.netty.channel.uring.IoUringIoHandler.handle(IoUringIoHandler.java:298)
	at io.netty.channel.uring.CompletionQueue.process(CompletionQueue.java:151)
	at io.netty.channel.uring.IoUringIoHandler.processCompletionsAndHandleOverflow(IoUringIoHandler.java:213)
	at io.netty.channel.uring.IoUringIoHandler.run(IoUringIoHandler.java:188)
	at io.netty.channel.SingleThreadIoEventLoop.runIo(SingleThreadIoEventLoop.java:225)
	at io.netty.channel.SingleThreadIoEventLoop.run(SingleThreadIoEventLoop.java:196)
	at io.netty.util.concurrent.SingleThreadEventExecutor$5.run(SingleThreadEventExecutor.java:1204)
	at io.netty.util.internal.ThreadExecutorMap$2.run(ThreadExecutorMap.java:74)
	at io.netty.util.concurrent.FastThreadLocalRunnable.run(FastThreadLocalRunnable.java:30)
	at java.base/java.lang.Thread.run(Thread.java:1583)
07:12:25.128 [multiThreadIoEventLoopGroup-3-1] WARN  i.n.channel.uring.IoUringIoHandler - Unexpected exception in the IO event loop.
java.lang.IllegalStateException: arena buffer of Thread[#33,multiThreadIoEventLoopGroup-4-4,10,main] touched from Thread[#26,multiThreadIoEventLoopGroup-3-1,10,main] (event-loop arena buffers are thread confined)
	at io.netty.buffer.CycleArenaAllocator$ArenaBuf.violation(CycleArenaAllocator.java:1448)
	at io.netty.buffer.CycleArenaAllocator$ArenaBuf.release(CycleArenaAllocator.java:1377)
	at io.netty.buffer.AbstractDerivedByteBuf.release0(AbstractDerivedByteBuf.java:98)
	at io.netty.buffer.AbstractDerivedByteBuf.release(AbstractDerivedByteBuf.java:94)
	at io.netty.channel.uring.IoUringSocketChannel$IoUringSocketUnsafe.handleWriteCompleteZeroCopy(IoUringSocketChannel.java:289)
	at io.netty.channel.uring.IoUringSocketChannel$IoUringSocketUnsafe.writeComplete0(IoUringSocketChannel.java:186)
	at io.netty.channel.uring.AbstractIoUringChannel$AbstractUringUnsafe.writeComplete(AbstractIoUringChannel.java:1003)
	at io.netty.channel.uring.AbstractIoUringChannel$AbstractUringUnsafe.handle(AbstractIoUringChannel.java:474)
	at io.netty.channel.uring.IoUringIoHandler$DefaultIoUringIoRegistration.handle(IoUringIoHandler.java:705)
	at io.netty.channel.uring.IoUringIoHandler.handleFastPath(IoUringIoHandler.java:318)
	at io.netty.channel.uring.IoUringIoHandler.handle(IoUringIoHandler.java:298)
	at io.netty.channel.uring.CompletionQueue.process(CompletionQueue.java:151)
	at io.netty.channel.uring.IoUringIoHandler.processCompletionsAndHandleOverflow(IoUringIoHandler.java:213)
	at io.netty.channel.uring.IoUringIoHandler.run(IoUringIoHandler.java:188)
	at io.netty.channel.SingleThreadIoEventLoop.runIo(SingleThreadIoEventLoop.java:225)
	at io.netty.channel.SingleThreadIoEventLoop.run(SingleThreadIoEventLoop.java:196)
	at io.netty.util.concurrent.SingleThreadEventExecutor$5.run(SingleThreadEventExecutor.java:1204)
	at io.netty.util.internal.ThreadExecutorMap$2.run(ThreadExecutorMap.java:74)
	at io.netty.util.concurrent.FastThreadLocalRunnable.run(FastThreadLocalRunnable.java:30)
	at java.base/java.lang.Thread.run(Thread.java:1583)
07:12:25.134 [multiThreadIoEventLoopGroup-3-4] WARN  io.netty.util.ReferenceCountUtil - Failed to release a message: UnpooledSlicedByteBuf(ridx: 0, widx: 1031, cap: 1031/1031, unwrapped: CycleArenaAllocator$ArenaBuf(ridx: 0, widx: 8192, cap: 8192))
java.lang.IllegalStateException: arena buffer of Thread[#33,multiThreadIoEventLoopGroup-4-4,10,main] touched from Thread[#29,multiThreadIoEventLoopGroup-3-4,10,main] (event-loop arena buffers are thread confined)
	at io.netty.buffer.CycleArenaAllocator$ArenaBuf.violation(CycleArenaAllocator.java:1448)
	at io.netty.buffer.CycleArenaAllocator$ArenaBuf.release(CycleArenaAllocator.java:1377)
	at io.netty.buffer.AbstractDerivedByteBuf.release0(AbstractDerivedByteBuf.java:98)
	at io.netty.buffer.AbstractDerivedByteBuf.release(AbstractDerivedByteBuf.java:94)
	at io.netty.util.ReferenceCountUtil.release(ReferenceCountUtil.java:90)
	at io.netty.util.ReferenceCountUtil.safeRelease(ReferenceCountUtil.java:116)
	at io.netty.channel.ChannelOutboundBuffer.remove(ChannelOutboundBuffer.java:300)
	at io.netty.channel.ChannelOutboundBuffer.removeBytes(ChannelOutboundBuffer.java:382)
	at io.netty.channel.uring.AbstractIoUringStreamChannel$IoUringStreamUnsafe.writeComplete0(AbstractIoUringStreamChannel.java:692)
	at io.netty.channel.uring.IoUringSocketChannel$IoUringSocketUnsafe.writeComplete0(IoUringSocketChannel.java:188)
	at io.netty.channel.uring.AbstractIoUringChannel$AbstractUringUnsafe.writeComplete(AbstractIoUringChannel.java:1003)
	at io.netty.channel.uring.AbstractIoUringChannel$AbstractUringUnsafe.handle(AbstractIoUringChannel.java:474)
	at io.netty.channel.uring.IoUringIoHandler$DefaultIoUringIoRegistration.handle(IoUringIoHandler.java:705)
	at io.netty.channel.uring.IoUringIoHandler.handleFastPath(IoUringIoHandler.java:318)
	at io.netty.channel.uring.IoUringIoHandler.handle(IoUringIoHandler.java:298)
	at io.netty.channel.uring.CompletionQueue.process(CompletionQueue.java:151)
	at io.netty.channel.uring.IoUringIoHandler.processCompletionsAndHandleOverflow(IoUringIoHandler.java:213)
	at io.netty.channel.uring.IoUringIoHandler.run(IoUringIoHandler.java:188)
	at io.netty.channel.SingleThreadIoEventLoop.runIo(SingleThreadIoEventLoop.java:225)
	at io.netty.channel.SingleThreadIoEventLoop.run(SingleThreadIoEventLoop.java:196)
	at io.netty.util.concurrent.SingleThreadEventExecutor$5.run(SingleThreadEventExecutor.java:1204)
	at io.netty.util.internal.ThreadExecutorMap$2.run(ThreadExecutorMap.java:74)
	at io.netty.util.concurrent.FastThreadLocalRunnable.run(FastThreadLocalRunnable.java:30)
	at java.base/java.lang.Thread.run(Thread.java:1583)
07:12:25.136 [multiThreadIoEventLoopGroup-3-4] WARN  i.n.channel.uring.IoUringIoHandler - Unexpected exception in the IO event loop.
java.lang.IllegalStateException: arena buffer of Thread[#33,multiThreadIoEventLoopGroup-4-4,10,main] touched from Thread[#29,multiThreadIoEventLoopGroup-3-4,10,main] (event-loop arena buffers are thread confined)
	at io.netty.buffer.CycleArenaAllocator$ArenaBuf.violation(CycleArenaAllocator.java:1448)
	at io.netty.buffer.CycleArenaAllocator$ArenaBuf.release(CycleArenaAllocator.java:1377)
	at io.netty.buffer.AbstractDerivedByteBuf.release0(AbstractDerivedByteBuf.java:98)
	at io.netty.buffer.AbstractDerivedByteBuf.release(AbstractDerivedByteBuf.java:94)
	at io.netty.channel.uring.IoUringSocketChannel$IoUringSocketUnsafe.handleWriteCompleteZeroCopy(IoUringSocketChannel.java:289)
	at io.netty.channel.uring.IoUringSocketChannel$IoUringSocketUnsafe.writeComplete0(IoUringSocketChannel.java:186)
	at io.netty.channel.uring.AbstractIoUringChannel$AbstractUringUnsafe.writeComplete(AbstractIoUringChannel.java:1003)
	at io.netty.channel.uring.AbstractIoUringChannel$AbstractUringUnsafe.handle(AbstractIoUringChannel.java:474)
	at io.netty.channel.uring.IoUringIoHandler$DefaultIoUringIoRegistration.handle(IoUringIoHandler.java:705)
	at io.netty.channel.uring.IoUringIoHandler.handleFastPath(IoUringIoHandler.java:318)
	at io.netty.channel.uring.IoUringIoHandler.handle(IoUringIoHandler.java:298)
	at io.netty.channel.uring.CompletionQueue.process(CompletionQueue.java:151)
	at io.netty.channel.uring.IoUringIoHandler.processCompletionsAndHandleOverflow(IoUringIoHandler.java:213)
	at io.netty.channel.uring.IoUringIoHandler.run(IoUringIoHandler.java:188)
	at io.netty.channel.SingleThreadIoEventLoop.runIo(SingleThreadIoEventLoop.java:225)
	at io.netty.channel.SingleThreadIoEventLoop.run(SingleThreadIoEventLoop.java:196)
	at io.netty.util.concurrent.SingleThreadEventExecutor$5.run(SingleThreadEventExecutor.java:1204)
	at io.netty.util.internal.ThreadExecutorMap$2.run(ThreadExecutorMap.java:74)
	at io.netty.util.concurrent.FastThreadLocalRunnable.run(FastThreadLocalRunnable.java:30)
	at java.base/java.lang.Thread.run(Thread.java:1583)
07:12:25.138 [multiThreadIoEventLoopGroup-4-4] WARN  i.n.channel.uring.IoUringIoHandler - Unexpected exception in the IO event loop.
java.lang.IllegalStateException: arena buffer of Thread[#28,multiThreadIoEventLoopGroup-3-3,10,main] touched from Thread[#33,multiThreadIoEventLoopGroup-4-4,10,main] (event-loop arena buffers are thread confined)
	at io.netty.buffer.CycleArenaAllocator$ArenaBuf.violation(CycleArenaAllocator.java:1448)
	at io.netty.buffer.CycleArenaAllocator$ArenaBuf.release(CycleArenaAllocator.java:1377)
	at io.netty.buffer.AbstractDerivedByteBuf.release0(AbstractDerivedByteBuf.java:98)
	at io.netty.buffer.AbstractDerivedByteBuf.release(AbstractDerivedByteBuf.java:94)
	at io.netty.channel.uring.IoUringSocketChannel$IoUringSocketUnsafe.handleWriteCompleteZeroCopy(IoUringSocketChannel.java:289)
	at io.netty.channel.uring.IoUringSocketChannel$IoUringSocketUnsafe.writeComplete0(IoUringSocketChannel.java:186)
	at io.netty.channel.uring.AbstractIoUringChannel$AbstractUringUnsafe.writeComplete(AbstractIoUringChannel.java:1003)
	at io.netty.channel.uring.AbstractIoUringChannel$AbstractUringUnsafe.handle(AbstractIoUringChannel.java:474)
	at io.netty.channel.uring.IoUringIoHandler$DefaultIoUringIoRegistration.handle(IoUringIoHandler.java:705)
	at io.netty.channel.uring.IoUringIoHandler.handleFastPath(IoUringIoHandler.java:318)
	at io.netty.channel.uring.IoUringIoHandler.handle(IoUringIoHandler.java:298)
	at io.netty.channel.uring.CompletionQueue.process(CompletionQueue.java:151)
	at io.netty.channel.uring.IoUringIoHandler.processCompletionsAndHandleOverflow(IoUringIoHandler.java:213)
	at io.netty.channel.uring.IoUringIoHandler.run(IoUringIoHandler.java:188)
	at io.netty.channel.SingleThreadIoEventLoop.runIo(SingleThreadIoEventLoop.java:225)
	at io.netty.channel.SingleThreadIoEventLoop.run(SingleThreadIoEventLoop.java:196)
	at io.netty.util.concurrent.SingleThreadEventExecutor$5.run(SingleThreadEventExecutor.java:1204)
	at io.netty.util.internal.ThreadExecutorMap$2.run(ThreadExecutorMap.java:74)
	at io.netty.util.concurrent.FastThreadLocalRunnable.run(FastThreadLocalRunnable.java:30)
	at java.base/java.lang.Thread.run(Thread.java:1583)
07:12:25.200 [multiThreadIoEventLoopGroup-4-3] WARN  io.netty.util.ReferenceCountUtil - Failed to release a message: UnpooledSlicedByteBuf(ridx: 0, widx: 198, cap: 198/198, unwrapped: CycleArenaAllocator$ArenaBuf(ridx: 0, widx: 8192, cap: 8192))
java.lang.IllegalStateException: arena buffer of Thread[#29,multiThreadIoEventLoopGroup-3-4,10,main] touched from Thread[#32,multiThreadIoEventLoopGroup-4-3,10,main] (event-loop arena buffers are thread confined)
	at io.netty.buffer.CycleArenaAllocator$ArenaBuf.violation(CycleArenaAllocator.java:1448)
	at io.netty.buffer.CycleArenaAllocator$ArenaBuf.release(CycleArenaAllocator.java:1377)
	at io.netty.buffer.AbstractDerivedByteBuf.release0(AbstractDerivedByteBuf.java:98)
	at io.netty.buffer.AbstractDerivedByteBuf.release(AbstractDerivedByteBuf.java:94)
	at io.netty.util.ReferenceCountUtil.release(ReferenceCountUtil.java:90)
	at io.netty.util.ReferenceCountUtil.safeRelease(ReferenceCountUtil.java:116)
	at io.netty.channel.ChannelOutboundBuffer.remove(ChannelOutboundBuffer.java:300)
	at io.netty.channel.ChannelOutboundBuffer.removeBytes(ChannelOutboundBuffer.java:382)
	at io.netty.channel.uring.AbstractIoUringStreamChannel$IoUringStreamUnsafe.writeComplete0(AbstractIoUringStreamChannel.java:692)
	at io.netty.channel.uring.IoUringSocketChannel$IoUringSocketUnsafe.writeComplete0(IoUringSocketChannel.java:188)
	at io.netty.channel.uring.AbstractIoUringChannel$AbstractUringUnsafe.writeComplete(AbstractIoUringChannel.java:1003)
	at io.netty.channel.uring.AbstractIoUringChannel$AbstractUringUnsafe.handle(AbstractIoUringChannel.java:474)
	at io.netty.channel.uring.IoUringIoHandler$DefaultIoUringIoRegistration.handle(IoUringIoHandler.java:705)
	at io.netty.channel.uring.IoUringIoHandler.handleFastPath(IoUringIoHandler.java:318)
	at io.netty.channel.uring.IoUringIoHandler.handle(IoUringIoHandler.java:298)
	at io.netty.channel.uring.CompletionQueue.process(CompletionQueue.java:151)
	at io.netty.channel.uring.IoUringIoHandler.processCompletionsAndHandleOverflow(IoUringIoHandler.java:213)
	at io.netty.channel.uring.IoUringIoHandler.run(IoUringIoHandler.java:188)
	at io.netty.channel.SingleThreadIoEventLoop.runIo(SingleThreadIoEventLoop.java:225)
	at io.netty.channel.SingleThreadIoEventLoop.run(SingleThreadIoEventLoop.java:196)
	at io.netty.util.concurrent.SingleThreadEventExecutor$5.run(SingleThreadEventExecutor.java:1204)
	at io.netty.util.internal.ThreadExecutorMap$2.run(ThreadExecutorMap.java:74)
	at io.netty.util.concurrent.FastThreadLocalRunnable.run(FastThreadLocalRunnable.java:30)
	at java.base/java.lang.Thread.run(Thread.java:1583)
07:12:25.200 [multiThreadIoEventLoopGroup-4-3] WARN  io.netty.util.ReferenceCountUtil - Failed to release a message: UnpooledSlicedByteBuf(ridx: 0, widx: 594, cap: 594/594, unwrapped: CycleArenaAllocator$ArenaBuf(ridx: 0, widx: 8192, cap: 8192))
java.lang.IllegalStateException: arena buffer of Thread[#28,multiThreadIoEventLoopGroup-3-3,10,main] touched from Thread[#32,multiThreadIoEventLoopGroup-4-3,10,main] (event-loop arena buffers are thread confined)
	at io.netty.buffer.CycleArenaAllocator$ArenaBuf.violation(CycleArenaAllocator.java:1448)
	at io.netty.buffer.CycleArenaAllocator$ArenaBuf.release(CycleArenaAllocator.java:1377)
	at io.netty.buffer.AbstractDerivedByteBuf.release0(AbstractDerivedByteBuf.java:98)
	at io.netty.buffer.AbstractDerivedByteBuf.release(AbstractDerivedByteBuf.java:94)
	at io.netty.util.ReferenceCountUtil.release(ReferenceCountUtil.java:90)
	at io.netty.util.ReferenceCountUtil.safeRelease(ReferenceCountUtil.java:116)
	at io.netty.channel.ChannelOutboundBuffer.remove(ChannelOutboundBuffer.java:300)
	at io.netty.channel.ChannelOutboundBuffer.removeBytes(ChannelOutboundBuffer.java:382)
	at io.netty.channel.uring.AbstractIoUringStreamChannel$IoUringStreamUnsafe.writeComplete0(AbstractIoUringStreamChannel.java:692)
	at io.netty.channel.uring.IoUringSocketChannel$IoUringSocketUnsafe.writeComplete0(IoUringSocketChannel.java:188)
	at io.netty.channel.uring.AbstractIoUringChannel$AbstractUringUnsafe.writeComplete(AbstractIoUringChannel.java:1003)
	at io.netty.channel.uring.AbstractIoUringChannel$AbstractUringUnsafe.handle(AbstractIoUringChannel.java:474)
	at io.netty.channel.uring.IoUringIoHandler$DefaultIoUringIoRegistration.handle(IoUringIoHandler.java:705)
	at io.netty.channel.uring.IoUringIoHandler.handleFastPath(IoUringIoHandler.java:318)
	at io.netty.channel.uring.IoUringIoHandler.handle(IoUringIoHandler.java:298)
	at io.netty.channel.uring.CompletionQueue.process(CompletionQueue.java:151)
	at io.netty.channel.uring.IoUringIoHandler.processCompletionsAndHandleOverflow(IoUringIoHandler.java:213)
	at io.netty.channel.uring.IoUringIoHandler.run(IoUringIoHandler.java:188)
	at io.netty.channel.SingleThreadIoEventLoop.runIo(SingleThreadIoEventLoop.java:225)
	at io.netty.channel.SingleThreadIoEventLoop.run(SingleThreadIoEventLoop.java:196)
	at io.netty.util.concurrent.SingleThreadEventExecutor$5.run(SingleThreadEventExecutor.java:1204)
	at io.netty.util.internal.ThreadExecutorMap$2.run(ThreadExecutorMap.java:74)
	at io.netty.util.concurrent.FastThreadLocalRunnable.run(FastThreadLocalRunnable.java:30)
	at java.base/java.lang.Thread.run(Thread.java:1583)
07:12:25.200 [multiThreadIoEventLoopGroup-4-3] WARN  io.netty.util.ReferenceCountUtil - Failed to release a message: UnpooledSlicedByteBuf(ridx: 0, widx: 792, cap: 792/792, unwrapped: CycleArenaAllocator$ArenaBuf(ridx: 0, widx: 8192, cap: 8192))
java.lang.IllegalStateException: arena buffer of Thread[#28,multiThreadIoEventLoopGroup-3-3,10,main] touched from Thread[#32,multiThreadIoEventLoopGroup-4-3,10,main] (event-loop arena buffers are thread confined)
	at io.netty.buffer.CycleArenaAllocator$ArenaBuf.violation(CycleArenaAllocator.java:1448)
	at io.netty.buffer.CycleArenaAllocator$ArenaBuf.release(CycleArenaAllocator.java:1377)
	at io.netty.buffer.AbstractDerivedByteBuf.release0(AbstractDerivedByteBuf.java:98)
	at io.netty.buffer.AbstractDerivedByteBuf.release(AbstractDerivedByteBuf.java:94)
	at io.netty.util.ReferenceCountUtil.release(ReferenceCountUtil.java:90)
	at io.netty.util.ReferenceCountUtil.safeRelease(ReferenceCountUtil.java:116)
	at io.netty.channel.ChannelOutboundBuffer.remove(ChannelOutboundBuffer.java:300)
	at io.netty.channel.ChannelOutboundBuffer.removeBytes(ChannelOutboundBuffer.java:382)
	at io.netty.channel.uring.AbstractIoUringStreamChannel$IoUringStreamUnsafe.writeComplete0(AbstractIoUringStreamChannel.java:692)
	at io.netty.channel.uring.IoUringSocketChannel$IoUringSocketUnsafe.writeComplete0(IoUringSocketChannel.java:188)
	at io.netty.channel.uring.AbstractIoUringChannel$AbstractUringUnsafe.writeComplete(AbstractIoUringChannel.java:1003)
	at io.netty.channel.uring.AbstractIoUringChannel$AbstractUringUnsafe.handle(AbstractIoUringChannel.java:474)
	at io.netty.channel.uring.IoUringIoHandler$DefaultIoUringIoRegistration.handle(IoUringIoHandler.java:705)
	at io.netty.channel.uring.IoUringIoHandler.handleFastPath(IoUringIoHandler.java:318)
	at io.netty.channel.uring.IoUringIoHandler.handle(IoUringIoHandler.java:298)
	at io.netty.channel.uring.CompletionQueue.process(CompletionQueue.java:151)
	at io.netty.channel.uring.IoUringIoHandler.processCompletionsAndHandleOverflow(IoUringIoHandler.java:213)
	at io.netty.channel.uring.IoUringIoHandler.run(IoUringIoHandler.java:188)
	at io.netty.channel.SingleThreadIoEventLoop.runIo(SingleThreadIoEventLoop.java:225)
	at io.netty.channel.SingleThreadIoEventLoop.run(SingleThreadIoEventLoop.java:196)
	at io.netty.util.concurrent.SingleThreadEventExecutor$5.run(SingleThreadEventExecutor.java:1204)
	at io.netty.util.internal.ThreadExecutorMap$2.run(ThreadExecutorMap.java:74)
	at io.netty.util.concurrent.FastThreadLocalRunnable.run(FastThreadLocalRunnable.java:30)
	at java.base/java.lang.Thread.run(Thread.java:1583)
07:12:25.200 [multiThreadIoEventLoopGroup-4-3] WARN  io.netty.util.ReferenceCountUtil - Failed to release a message: UnpooledSlicedByteBuf(ridx: 0, widx: 990, cap: 990/990, unwrapped: CycleArenaAllocator$ArenaBuf(ridx: 0, widx: 8192, cap: 8192))
java.lang.IllegalStateException: arena buffer of Thread[#28,multiThreadIoEventLoopGroup-3-3,10,main] touched from Thread[#32,multiThreadIoEventLoopGroup-4-3,10,main] (event-loop arena buffers are thread confined)
	at io.netty.buffer.CycleArenaAllocator$ArenaBuf.violation(CycleArenaAllocator.java:1448)
	at io.netty.buffer.CycleArenaAllocator$ArenaBuf.release(CycleArenaAllocator.java:1377)
	at io.netty.buffer.AbstractDerivedByteBuf.release0(AbstractDerivedByteBuf.java:98)
	at io.netty.buffer.AbstractDerivedByteBuf.release(AbstractDerivedByteBuf.java:94)
	at io.netty.util.ReferenceCountUtil.release(ReferenceCountUtil.java:90)
	at io.netty.util.ReferenceCountUtil.safeRelease(ReferenceCountUtil.java:116)
	at io.netty.channel.ChannelOutboundBuffer.remove(ChannelOutboundBuffer.java:300)
	at io.netty.channel.ChannelOutboundBuffer.removeBytes(ChannelOutboundBuffer.java:382)
	at io.netty.channel.uring.AbstractIoUringStreamChannel$IoUringStreamUnsafe.writeComplete0(AbstractIoUringStreamChannel.java:692)
	at io.netty.channel.uring.IoUringSocketChannel$IoUringSocketUnsafe.writeComplete0(IoUringSocketChannel.java:188)
	at io.netty.channel.uring.AbstractIoUringChannel$AbstractUringUnsafe.writeComplete(AbstractIoUringChannel.java:1003)
	at io.netty.channel.uring.AbstractIoUringChannel$AbstractUringUnsafe.handle(AbstractIoUringChannel.java:474)
	at io.netty.channel.uring.IoUringIoHandler$DefaultIoUringIoRegistration.handle(IoUringIoHandler.java:705)
	at io.netty.channel.uring.IoUringIoHandler.handleFastPath(IoUringIoHandler.java:318)
	at io.netty.channel.uring.IoUringIoHandler.handle(IoUringIoHandler.java:298)
	at io.netty.channel.uring.CompletionQueue.process(CompletionQueue.java:151)
	at io.netty.channel.uring.IoUringIoHandler.processCompletionsAndHandleOverflow(IoUringIoHandler.java:213)
	at io.netty.channel.uring.IoUringIoHandler.run(IoUringIoHandler.java:188)
	at io.netty.channel.SingleThreadIoEventLoop.runIo(SingleThreadIoEventLoop.java:225)
	at io.netty.channel.SingleThreadIoEventLoop.run(SingleThreadIoEventLoop.java:196)
	at io.netty.util.concurrent.SingleThreadEventExecutor$5.run(SingleThreadEventExecutor.java:1204)
	at io.netty.util.internal.ThreadExecutorMap$2.run(ThreadExecutorMap.java:74)
	at io.netty.util.concurrent.FastThreadLocalRunnable.run(FastThreadLocalRunnable.java:30)
	at java.base/java.lang.Thread.run(Thread.java:1583)
07:12:25.201 [multiThreadIoEventLoopGroup-4-3] WARN  io.netty.util.ReferenceCountUtil - Failed to release a message: UnpooledSlicedByteBuf(ridx: 0, widx: 594, cap: 594/594, unwrapped: CycleArenaAllocator$ArenaBuf(ridx: 0, widx: 8192, cap: 8192))
java.lang.IllegalStateException: arena buffer of Thread[#26,multiThreadIoEventLoopGroup-3-1,10,main] touched from Thread[#32,multiThreadIoEventLoopGroup-4-3,10,main] (event-loop arena buffers are thread confined)
	at io.netty.buffer.CycleArenaAllocator$ArenaBuf.violation(CycleArenaAllocator.java:1448)
	at io.netty.buffer.CycleArenaAllocator$ArenaBuf.release(CycleArenaAllocator.java:1377)
	at io.netty.buffer.AbstractDerivedByteBuf.release0(AbstractDerivedByteBuf.java:98)
	at io.netty.buffer.AbstractDerivedByteBuf.release(AbstractDerivedByteBuf.java:94)
	at io.netty.util.ReferenceCountUtil.release(ReferenceCountUtil.java:90)
	at io.netty.util.ReferenceCountUtil.safeRelease(ReferenceCountUtil.java:116)
	at io.netty.channel.ChannelOutboundBuffer.remove(ChannelOutboundBuffer.java:300)
	at io.netty.channel.ChannelOutboundBuffer.removeBytes(ChannelOutboundBuffer.java:382)
	at io.netty.channel.uring.AbstractIoUringStreamChannel$IoUringStreamUnsafe.writeComplete0(AbstractIoUringStreamChannel.java:692)
	at io.netty.channel.uring.IoUringSocketChannel$IoUringSocketUnsafe.writeComplete0(IoUringSocketChannel.java:188)
	at io.netty.channel.uring.AbstractIoUringChannel$AbstractUringUnsafe.writeComplete(AbstractIoUringChannel.java:1003)
	at io.netty.channel.uring.AbstractIoUringChannel$AbstractUringUnsafe.handle(AbstractIoUringChannel.java:474)
	at io.netty.channel.uring.IoUringIoHandler$DefaultIoUringIoRegistration.handle(IoUringIoHandler.java:705)
	at io.netty.channel.uring.IoUringIoHandler.handleFastPath(IoUringIoHandler.java:318)
	at io.netty.channel.uring.IoUringIoHandler.handle(IoUringIoHandler.java:298)
	at io.netty.channel.uring.CompletionQueue.process(CompletionQueue.java:151)
	at io.netty.channel.uring.IoUringIoHandler.processCompletionsAndHandleOverflow(IoUringIoHandler.java:213)
	at io.netty.channel.uring.IoUringIoHandler.run(IoUringIoHandler.java:188)
	at io.netty.channel.SingleThreadIoEventLoop.runIo(SingleThreadIoEventLoop.java:225)
	at io.netty.channel.SingleThreadIoEventLoop.run(SingleThreadIoEventLoop.java:196)
	at io.netty.util.concurrent.SingleThreadEventExecutor$5.run(SingleThreadEventExecutor.java:1204)
	at io.netty.util.internal.ThreadExecutorMap$2.run(ThreadExecutorMap.java:74)
	at io.netty.util.concurrent.FastThreadLocalRunnable.run(FastThreadLocalRunnable.java:30)
	at java.base/java.lang.Thread.run(Thread.java:1583)
07:12:25.201 [multiThreadIoEventLoopGroup-4-3] WARN  io.netty.util.ReferenceCountUtil - Failed to release a message: UnpooledSlicedByteBuf(ridx: 0, widx: 792, cap: 792/792, unwrapped: CycleArenaAllocator$ArenaBuf(ridx: 0, widx: 8192, cap: 8192))
java.lang.IllegalStateException: arena buffer of Thread[#26,multiThreadIoEventLoopGroup-3-1,10,main] touched from Thread[#32,multiThreadIoEventLoopGroup-4-3,10,main] (event-loop arena buffers are thread confined)
	at io.netty.buffer.CycleArenaAllocator$ArenaBuf.violation(CycleArenaAllocator.java:1448)
	at io.netty.buffer.CycleArenaAllocator$ArenaBuf.release(CycleArenaAllocator.java:1377)
	at io.netty.buffer.AbstractDerivedByteBuf.release0(AbstractDerivedByteBuf.java:98)
	at io.netty.buffer.AbstractDerivedByteBuf.release(AbstractDerivedByteBuf.java:94)
	at io.netty.util.ReferenceCountUtil.release(ReferenceCountUtil.java:90)
	at io.netty.util.ReferenceCountUtil.safeRelease(ReferenceCountUtil.java:116)
	at io.netty.channel.ChannelOutboundBuffer.remove(ChannelOutboundBuffer.java:300)
	at io.netty.channel.ChannelOutboundBuffer.removeBytes(ChannelOutboundBuffer.java:382)
	at io.netty.channel.uring.AbstractIoUringStreamChannel$IoUringStreamUnsafe.writeComplete0(AbstractIoUringStreamChannel.java:692)
	at io.netty.channel.uring.IoUringSocketChannel$IoUringSocketUnsafe.writeComplete0(IoUringSocketChannel.java:188)
	at io.netty.channel.uring.AbstractIoUringChannel$AbstractUringUnsafe.writeComplete(AbstractIoUringChannel.java:1003)
	at io.netty.channel.uring.AbstractIoUringChannel$AbstractUringUnsafe.handle(AbstractIoUringChannel.java:474)
	at io.netty.channel.uring.IoUringIoHandler$DefaultIoUringIoRegistration.handle(IoUringIoHandler.java:705)
	at io.netty.channel.uring.IoUringIoHandler.handleFastPath(IoUringIoHandler.java:318)
	at io.netty.channel.uring.IoUringIoHandler.handle(IoUringIoHandler.java:298)
	at io.netty.channel.uring.CompletionQueue.process(CompletionQueue.java:151)
	at io.netty.channel.uring.IoUringIoHandler.processCompletionsAndHandleOverflow(IoUringIoHandler.java:213)
	at io.netty.channel.uring.IoUringIoHandler.run(IoUringIoHandler.java:188)
	at io.netty.channel.SingleThreadIoEventLoop.runIo(SingleThreadIoEventLoop.java:225)
	at io.netty.channel.SingleThreadIoEventLoop.run(SingleThreadIoEventLoop.java:196)
	at io.netty.util.concurrent.SingleThreadEventExecutor$5.run(SingleThreadEventExecutor.java:1204)
	at io.netty.util.internal.ThreadExecutorMap$2.run(ThreadExecutorMap.java:74)
	at io.netty.util.concurrent.FastThreadLocalRunnable.run(FastThreadLocalRunnable.java:30)
	at java.base/java.lang.Thread.run(Thread.java:1583)
07:12:25.201 [multiThreadIoEventLoopGroup-4-2] WARN  io.netty.util.ReferenceCountUtil - Failed to release a message: UnpooledSlicedByteBuf(ridx: 0, widx: 1188, cap: 1188/1188, unwrapped: CycleArenaAllocator$ArenaBuf(ridx: 0, widx: 8192, cap: 8192))
java.lang.IllegalStateException: arena buffer of Thread[#27,multiThreadIoEventLoopGroup-3-2,10,main] touched from Thread[#31,multiThreadIoEventLoopGroup-4-2,10,main] (event-loop arena buffers are thread confined)
	at io.netty.buffer.CycleArenaAllocator$ArenaBuf.violation(CycleArenaAllocator.java:1448)
	at io.netty.buffer.CycleArenaAllocator$ArenaBuf.release(CycleArenaAllocator.java:1377)
	at io.netty.buffer.AbstractDerivedByteBuf.release0(AbstractDerivedByteBuf.java:98)
	at io.netty.buffer.AbstractDerivedByteBuf.release(AbstractDerivedByteBuf.java:94)
	at io.netty.util.ReferenceCountUtil.release(ReferenceCountUtil.java:90)
	at io.netty.util.ReferenceCountUtil.safeRelease(ReferenceCountUtil.java:116)
	at io.netty.channel.ChannelOutboundBuffer.remove(ChannelOutboundBuffer.java:300)
	at io.netty.channel.ChannelOutboundBuffer.removeBytes(ChannelOutboundBuffer.java:382)
	at io.netty.channel.uring.AbstractIoUringStreamChannel$IoUringStreamUnsafe.writeComplete0(AbstractIoUringStreamChannel.java:692)
	at io.netty.channel.uring.IoUringSocketChannel$IoUringSocketUnsafe.writeComplete0(IoUringSocketChannel.java:188)
	at io.netty.channel.uring.AbstractIoUringChannel$AbstractUringUnsafe.writeComplete(AbstractIoUringChannel.java:1003)
	at io.netty.channel.uring.AbstractIoUringChannel$AbstractUringUnsafe.handle(AbstractIoUringChannel.java:474)
	at io.netty.channel.uring.IoUringIoHandler$DefaultIoUringIoRegistration.handle(IoUringIoHandler.java:705)
	at io.netty.channel.uring.IoUringIoHandler.handleFastPath(IoUringIoHandler.java:318)
	at io.netty.channel.uring.IoUringIoHandler.handle(IoUringIoHandler.java:298)
	at io.netty.channel.uring.CompletionQueue.process(CompletionQueue.java:151)
	at io.netty.channel.uring.IoUringIoHandler.processCompletionsAndHandleOverflow(IoUringIoHandler.java:213)
	at io.netty.channel.uring.IoUringIoHandler.run(IoUringIoHandler.java:188)
	at io.netty.channel.SingleThreadIoEventLoop.runIo(SingleThreadIoEventLoop.java:225)
	at io.netty.channel.SingleThreadIoEventLoop.run(SingleThreadIoEventLoop.java:196)
	at io.netty.util.concurrent.SingleThreadEventExecutor$5.run(SingleThreadEventExecutor.java:1204)
	at io.netty.util.internal.ThreadExecutorMap$2.run(ThreadExecutorMap.java:74)
	at io.netty.util.concurrent.FastThreadLocalRunnable.run(FastThreadLocalRunnable.java:30)
	at java.base/java.lang.Thread.run(Thread.java:1583)
07:12:25.201 [multiThreadIoEventLoopGroup-4-2] WARN  io.netty.util.ReferenceCountUtil - Failed to release a message: UnpooledSlicedByteBuf(ridx: 0, widx: 1386, cap: 1386/1386, unwrapped: CycleArenaAllocator$ArenaBuf(ridx: 0, widx: 8192, cap: 8192))
java.lang.IllegalStateException: arena buffer of Thread[#27,multiThreadIoEventLoopGroup-3-2,10,main] touched from Thread[#31,multiThreadIoEventLoopGroup-4-2,10,main] (event-loop arena buffers are thread confined)
	at io.netty.buffer.CycleArenaAllocator$ArenaBuf.violation(CycleArenaAllocator.java:1448)
	at io.netty.buffer.CycleArenaAllocator$ArenaBuf.release(CycleArenaAllocator.java:1377)
	at io.netty.buffer.AbstractDerivedByteBuf.release0(AbstractDerivedByteBuf.java:98)
	at io.netty.buffer.AbstractDerivedByteBuf.release(AbstractDerivedByteBuf.java:94)
	at io.netty.util.ReferenceCountUtil.release(ReferenceCountUtil.java:90)
	at io.netty.util.ReferenceCountUtil.safeRelease(ReferenceCountUtil.java:116)
	at io.netty.channel.ChannelOutboundBuffer.remove(ChannelOutboundBuffer.java:300)
	at io.netty.channel.ChannelOutboundBuffer.removeBytes(ChannelOutboundBuffer.java:382)
	at io.netty.channel.uring.AbstractIoUringStreamChannel$IoUringStreamUnsafe.writeComplete0(AbstractIoUringStreamChannel.java:692)
	at io.netty.channel.uring.IoUringSocketChannel$IoUringSocketUnsafe.writeComplete0(IoUringSocketChannel.java:188)
	at io.netty.channel.uring.AbstractIoUringChannel$AbstractUringUnsafe.writeComplete(AbstractIoUringChannel.java:1003)
	at io.netty.channel.uring.AbstractIoUringChannel$AbstractUringUnsafe.handle(AbstractIoUringChannel.java:474)
	at io.netty.channel.uring.IoUringIoHandler$DefaultIoUringIoRegistration.handle(IoUringIoHandler.java:705)
	at io.netty.channel.uring.IoUringIoHandler.handleFastPath(IoUringIoHandler.java:318)
	at io.netty.channel.uring.IoUringIoHandler.handle(IoUringIoHandler.java:298)
	at io.netty.channel.uring.CompletionQueue.process(CompletionQueue.java:151)
	at io.netty.channel.uring.IoUringIoHandler.processCompletionsAndHandleOverflow(IoUringIoHandler.java:213)
	at io.netty.channel.uring.IoUringIoHandler.run(IoUringIoHandler.java:188)
	at io.netty.channel.SingleThreadIoEventLoop.runIo(SingleThreadIoEventLoop.java:225)
	at io.netty.channel.SingleThreadIoEventLoop.run(SingleThreadIoEventLoop.java:196)
	at io.netty.util.concurrent.SingleThreadEventExecutor$5.run(SingleThreadEventExecutor.java:1204)
	at io.netty.util.internal.ThreadExecutorMap$2.run(ThreadExecutorMap.java:74)
	at io.netty.util.concurrent.FastThreadLocalRunnable.run(FastThreadLocalRunnable.java:30)
	at java.base/java.lang.Thread.run(Thread.java:1583)
07:12:25.207 [multiThreadIoEventLoopGroup-3-3] WARN  io.netty.util.ReferenceCountUtil - Failed to release a message: UnpooledSlicedByteBuf(ridx: 0, widx: 1020, cap: 1020/1020, unwrapped: CycleArenaAllocator$ArenaBuf(ridx: 0, widx: 8192, cap: 8192))
java.lang.IllegalStateException: arena buffer of Thread[#31,multiThreadIoEventLoopGroup-4-2,10,main] touched from Thread[#28,multiThreadIoEventLoopGroup-3-3,10,main] (event-loop arena buffers are thread confined)
	at io.netty.buffer.CycleArenaAllocator$ArenaBuf.violation(CycleArenaAllocator.java:1448)
	at io.netty.buffer.CycleArenaAllocator$ArenaBuf.release(CycleArenaAllocator.java:1377)
	at io.netty.buffer.AbstractDerivedByteBuf.release0(AbstractDerivedByteBuf.java:98)
	at io.netty.buffer.AbstractDerivedByteBuf.release(AbstractDerivedByteBuf.java:94)
	at io.netty.util.ReferenceCountUtil.release(ReferenceCountUtil.java:90)
	at io.netty.util.ReferenceCountUtil.safeRelease(ReferenceCountUtil.java:116)
	at io.netty.channel.ChannelOutboundBuffer.remove(ChannelOutboundBuffer.java:300)
	at io.netty.channel.ChannelOutboundBuffer.removeBytes(ChannelOutboundBuffer.java:382)
	at io.netty.channel.uring.AbstractIoUringStreamChannel$IoUringStreamUnsafe.writeComplete0(AbstractIoUringStreamChannel.java:692)
	at io.netty.channel.uring.IoUringSocketChannel$IoUringSocketUnsafe.writeComplete0(IoUringSocketChannel.java:188)
	at io.netty.channel.uring.AbstractIoUringChannel$AbstractUringUnsafe.writeComplete(AbstractIoUringChannel.java:1003)
	at io.netty.channel.uring.AbstractIoUringChannel$AbstractUringUnsafe.handle(AbstractIoUringChannel.java:474)
	at io.netty.channel.uring.IoUringIoHandler$DefaultIoUringIoRegistration.handle(IoUringIoHandler.java:705)
	at io.netty.channel.uring.IoUringIoHandler.handleFastPath(IoUringIoHandler.java:318)
	at io.netty.channel.uring.IoUringIoHandler.handle(IoUringIoHandler.java:298)
	at io.netty.channel.uring.CompletionQueue.process(CompletionQueue.java:151)
	at io.netty.channel.uring.IoUringIoHandler.processCompletionsAndHandleOverflow(IoUringIoHandler.java:213)
	at io.netty.channel.uring.IoUringIoHandler.run(IoUringIoHandler.java:188)
	at io.netty.channel.SingleThreadIoEventLoop.runIo(SingleThreadIoEventLoop.java:225)
	at io.netty.channel.SingleThreadIoEventLoop.run(SingleThreadIoEventLoop.java:196)
	at io.netty.util.concurrent.SingleThreadEventExecutor$5.run(SingleThreadEventExecutor.java:1204)
	at io.netty.util.internal.ThreadExecutorMap$2.run(ThreadExecutorMap.java:74)
	at io.netty.util.concurrent.FastThreadLocalRunnable.run(FastThreadLocalRunnable.java:30)
	at java.base/java.lang.Thread.run(Thread.java:1583)
07:12:25.207 [multiThreadIoEventLoopGroup-3-3] WARN  i.n.channel.uring.IoUringIoHandler - Unexpected exception in the IO event loop.
java.lang.IllegalStateException: arena buffer of Thread[#31,multiThreadIoEventLoopGroup-4-2,10,main] touched from Thread[#28,multiThreadIoEventLoopGroup-3-3,10,main] (event-loop arena buffers are thread confined)
	at io.netty.buffer.CycleArenaAllocator$ArenaBuf.violation(CycleArenaAllocator.java:1448)
	at io.netty.buffer.CycleArenaAllocator$ArenaBuf.retain(CycleArenaAllocator.java:1351)
	at io.netty.buffer.AbstractDerivedByteBuf.retain0(AbstractDerivedByteBuf.java:58)
	at io.netty.buffer.AbstractDerivedByteBuf.retain(AbstractDerivedByteBuf.java:54)
	at io.netty.channel.uring.IoUringSocketChannel$IoUringSocketUnsafe.handleWriteCompleteZeroCopy(IoUringSocketChannel.java:220)
	at io.netty.channel.uring.IoUringSocketChannel$IoUringSocketUnsafe.writeComplete0(IoUringSocketChannel.java:186)
	at io.netty.channel.uring.AbstractIoUringChannel$AbstractUringUnsafe.writeComplete(AbstractIoUringChannel.java:1003)
	at io.netty.channel.uring.AbstractIoUringChannel$AbstractUringUnsafe.handle(AbstractIoUringChannel.java:474)
	at io.netty.channel.uring.IoUringIoHandler$DefaultIoUringIoRegistration.handle(IoUringIoHandler.java:705)
	at io.netty.channel.uring.IoUringIoHandler.handleFastPath(IoUringIoHandler.java:318)
	at io.netty.channel.uring.IoUringIoHandler.handle(IoUringIoHandler.java:298)
	at io.netty.channel.uring.CompletionQueue.process(CompletionQueue.java:151)
	at io.netty.channel.uring.IoUringIoHandler.processCompletionsAndHandleOverflow(IoUringIoHandler.java:213)
	at io.netty.channel.uring.IoUringIoHandler.run(IoUringIoHandler.java:188)
	at io.netty.channel.SingleThreadIoEventLoop.runIo(SingleThreadIoEventLoop.java:225)
	at io.netty.channel.SingleThreadIoEventLoop.run(SingleThreadIoEventLoop.java:196)
	at io.netty.util.concurrent.SingleThreadEventExecutor$5.run(SingleThreadEventExecutor.java:1204)
	at io.netty.util.internal.ThreadExecutorMap$2.run(ThreadExecutorMap.java:74)
	at io.netty.util.concurrent.FastThreadLocalRunnable.run(FastThreadLocalRunnable.java:30)
	at java.base/java.lang.Thread.run(Thread.java:1583)
07:12:25.201 [multiThreadIoEventLoopGroup-4-3] WARN  io.netty.util.ReferenceCountUtil - Failed to release a message: UnpooledSlicedByteBuf(ridx: 0, widx: 792, cap: 792/792, unwrapped: CycleArenaAllocator$ArenaBuf(ridx: 0, widx: 8192, cap: 8192))
java.lang.IllegalStateException: arena buffer of Thread[#27,multiThreadIoEventLoopGroup-3-2,10,main] touched from Thread[#32,multiThreadIoEventLoopGroup-4-3,10,main] (event-loop arena buffers are thread confined)
	at io.netty.buffer.CycleArenaAllocator$ArenaBuf.violation(CycleArenaAllocator.java:1448)
	at io.netty.buffer.CycleArenaAllocator$ArenaBuf.release(CycleArenaAllocator.java:1377)
	at io.netty.buffer.AbstractDerivedByteBuf.release0(AbstractDerivedByteBuf.java:98)
	at io.netty.buffer.AbstractDerivedByteBuf.release(AbstractDerivedByteBuf.java:94)
	at io.netty.util.ReferenceCountUtil.release(ReferenceCountUtil.java:90)
	at io.netty.util.ReferenceCountUtil.safeRelease(ReferenceCountUtil.java:116)
	at io.netty.channel.ChannelOutboundBuffer.remove(ChannelOutboundBuffer.java:300)
	at io.netty.channel.ChannelOutboundBuffer.removeBytes(ChannelOutboundBuffer.java:382)
	at io.netty.channel.uring.AbstractIoUringStreamChannel$IoUringStreamUnsafe.writeComplete0(AbstractIoUringStreamChannel.java:692)
	at io.netty.channel.uring.IoUringSocketChannel$IoUringSocketUnsafe.writeComplete0(IoUringSocketChannel.java:188)
	at io.netty.channel.uring.AbstractIoUringChannel$AbstractUringUnsafe.writeComplete(AbstractIoUringChannel.java:1003)
	at io.netty.channel.uring.AbstractIoUringChannel$AbstractUringUnsafe.handle(AbstractIoUringChannel.java:474)
	at io.netty.channel.uring.IoUringIoHandler$DefaultIoUringIoRegistration.handle(IoUringIoHandler.java:705)
	at io.netty.channel.uring.IoUringIoHandler.handleFastPath(IoUringIoHandler.java:318)
	at io.netty.channel.uring.IoUringIoHandler.handle(IoUringIoHandler.java:298)
	at io.netty.channel.uring.CompletionQueue.process(CompletionQueue.java:151)
	at io.netty.channel.uring.IoUringIoHandler.processCompletionsAndHandleOverflow(IoUringIoHandler.java:213)
	at io.netty.channel.uring.IoUringIoHandler.run(IoUringIoHandler.java:188)
	at io.netty.channel.SingleThreadIoEventLoop.runIo(SingleThreadIoEventLoop.java:225)
	at io.netty.channel.SingleThreadIoEventLoop.run(SingleThreadIoEventLoop.java:196)
	at io.netty.util.concurrent.SingleThreadEventExecutor$5.run(SingleThreadEventExecutor.java:1204)
	at io.netty.util.internal.ThreadExecutorMap$2.run(ThreadExecutorMap.java:74)
	at io.netty.util.concurrent.FastThreadLocalRunnable.run(FastThreadLocalRunnable.java:30)
	at java.base/java.lang.Thread.run(Thread.java:1583)
07:12:25.207 [multiThreadIoEventLoopGroup-4-3] WARN  io.netty.util.ReferenceCountUtil - Failed to release a message: UnpooledSlicedByteBuf(ridx: 0, widx: 990, cap: 990/990, unwrapped: CycleArenaAllocator$ArenaBuf(ridx: 0, widx: 8192, cap: 8192))
java.lang.IllegalStateException: arena buffer of Thread[#27,multiThreadIoEventLoopGroup-3-2,10,main] touched from Thread[#32,multiThreadIoEventLoopGroup-4-3,10,main] (event-loop arena buffers are thread confined)
	at io.netty.buffer.CycleArenaAllocator$ArenaBuf.violation(CycleArenaAllocator.java:1448)
	at io.netty.buffer.CycleArenaAllocator$ArenaBuf.release(CycleArenaAllocator.java:1377)
	at io.netty.buffer.AbstractDerivedByteBuf.release0(AbstractDerivedByteBuf.java:98)
	at io.netty.buffer.AbstractDerivedByteBuf.release(AbstractDerivedByteBuf.java:94)
	at io.netty.util.ReferenceCountUtil.release(ReferenceCountUtil.java:90)
	at io.netty.util.ReferenceCountUtil.safeRelease(ReferenceCountUtil.java:116)
	at io.netty.channel.ChannelOutboundBuffer.remove(ChannelOutboundBuffer.java:300)
	at io.netty.channel.ChannelOutboundBuffer.removeBytes(ChannelOutboundBuffer.java:382)
	at io.netty.channel.uring.AbstractIoUringStreamChannel$IoUringStreamUnsafe.writeComplete0(AbstractIoUringStreamChannel.java:692)
	at io.netty.channel.uring.IoUringSocketChannel$IoUringSocketUnsafe.writeComplete0(IoUringSocketChannel.java:188)
	at io.netty.channel.uring.AbstractIoUringChannel$AbstractUringUnsafe.writeComplete(AbstractIoUringChannel.java:1003)
	at io.netty.channel.uring.AbstractIoUringChannel$AbstractUringUnsafe.handle(AbstractIoUringChannel.java:474)
	at io.netty.channel.uring.IoUringIoHandler$DefaultIoUringIoRegistration.handle(IoUringIoHandler.java:705)
	at io.netty.channel.uring.IoUringIoHandler.handleFastPath(IoUringIoHandler.java:318)
	at io.netty.channel.uring.IoUringIoHandler.handle(IoUringIoHandler.java:298)
	at io.netty.channel.uring.CompletionQueue.process(CompletionQueue.java:151)
	at io.netty.channel.uring.IoUringIoHandler.processCompletionsAndHandleOverflow(IoUringIoHandler.java:213)
	at io.netty.channel.uring.IoUringIoHandler.run(IoUringIoHandler.java:188)
	at io.netty.channel.SingleThreadIoEventLoop.runIo(SingleThreadIoEventLoop.java:225)
	at io.netty.channel.SingleThreadIoEventLoop.run(SingleThreadIoEventLoop.java:196)
	at io.netty.util.concurrent.SingleThreadEventExecutor$5.run(SingleThreadEventExecutor.java:1204)
	at io.netty.util.internal.ThreadExecutorMap$2.run(ThreadExecutorMap.java:74)
	at io.netty.util.concurrent.FastThreadLocalRunnable.run(FastThreadLocalRunnable.java:30)
	at java.base/java.lang.Thread.run(Thread.java:1583)
07:12:25.205 [multiThreadIoEventLoopGroup-4-1] WARN  i.n.channel.uring.IoUringIoHandler - Unexpected exception in the IO event loop.
java.lang.IllegalStateException: arena buffer of Thread[#26,multiThreadIoEventLoopGroup-3-1,10,main] touched from Thread[#30,multiThreadIoEventLoopGroup-4-1,10,main] (event-loop arena buffers are thread confined)
	at io.netty.buffer.CycleArenaAllocator$ArenaBuf.violation(CycleArenaAllocator.java:1448)
	at io.netty.buffer.CycleArenaAllocator$ArenaBuf.release(CycleArenaAllocator.java:1377)
	at io.netty.buffer.AbstractDerivedByteBuf.release0(AbstractDerivedByteBuf.java:98)
	at io.netty.buffer.AbstractDerivedByteBuf.release(AbstractDerivedByteBuf.java:94)
	at io.netty.channel.uring.IoUringSocketChannel$IoUringSocketUnsafe.handleWriteCompleteZeroCopy(IoUringSocketChannel.java:289)
	at io.netty.channel.uring.IoUringSocketChannel$IoUringSocketUnsafe.writeComplete0(IoUringSocketChannel.java:186)
	at io.netty.channel.uring.AbstractIoUringChannel$AbstractUringUnsafe.writeComplete(AbstractIoUringChannel.java:1003)
	at io.netty.channel.uring.AbstractIoUringChannel$AbstractUringUnsafe.handle(AbstractIoUringChannel.java:474)
	at io.netty.channel.uring.IoUringIoHandler$DefaultIoUringIoRegistration.handle(IoUringIoHandler.java:705)
	at io.netty.channel.uring.IoUringIoHandler.handleFastPath(IoUringIoHandler.java:318)
	at io.netty.channel.uring.IoUringIoHandler.handle(IoUringIoHandler.java:298)
	at io.netty.channel.uring.CompletionQueue.process(CompletionQueue.java:151)
	at io.netty.channel.uring.IoUringIoHandler.processCompletionsAndHandleOverflow(IoUringIoHandler.java:213)
	at io.netty.channel.uring.IoUringIoHandler.run(IoUringIoHandler.java:188)
	at io.netty.channel.SingleThreadIoEventLoop.runIo(SingleThreadIoEventLoop.java:225)
	at io.netty.channel.SingleThreadIoEventLoop.run(SingleThreadIoEventLoop.java:196)
	at io.netty.util.concurrent.SingleThreadEventExecutor$5.run(SingleThreadEventExecutor.java:1204)
	at io.netty.util.internal.ThreadExecutorMap$2.run(ThreadExecutorMap.java:74)
	at io.netty.util.concurrent.FastThreadLocalRunnable.run(FastThreadLocalRunnable.java:30)
	at java.base/java.lang.Thread.run(Thread.java:1583)
07:12:25.209 [multiThreadIoEventLoopGroup-3-2] WARN  io.netty.util.ReferenceCountUtil - Failed to release a message: UnpooledSlicedByteBuf(ridx: 0, widx: 3782, cap: 3782/3782, unwrapped: CycleArenaAllocator$ArenaBuf(ridx: 0, widx: 8192, cap: 8192))
java.lang.IllegalStateException: arena buffer of Thread[#31,multiThreadIoEventLoopGroup-4-2,10,main] touched from Thread[#27,multiThreadIoEventLoopGroup-3-2,10,main] (event-loop arena buffers are thread confined)
	at io.netty.buffer.CycleArenaAllocator$ArenaBuf.violation(CycleArenaAllocator.java:1448)
	at io.netty.buffer.CycleArenaAllocator$ArenaBuf.release(CycleArenaAllocator.java:1377)
	at io.netty.buffer.AbstractDerivedByteBuf.release0(AbstractDerivedByteBuf.java:98)
	at io.netty.buffer.AbstractDerivedByteBuf.release(AbstractDerivedByteBuf.java:94)
	at io.netty.util.ReferenceCountUtil.release(ReferenceCountUtil.java:90)
	at io.netty.util.ReferenceCountUtil.safeRelease(ReferenceCountUtil.java:116)
	at io.netty.channel.ChannelOutboundBuffer.remove(ChannelOutboundBuffer.java:300)
	at io.netty.channel.ChannelOutboundBuffer.removeBytes(ChannelOutboundBuffer.java:382)
	at io.netty.channel.uring.AbstractIoUringStreamChannel$IoUringStreamUnsafe.writeComplete0(AbstractIoUringStreamChannel.java:692)
	at io.netty.channel.uring.IoUringSocketChannel$IoUringSocketUnsafe.writeComplete0(IoUringSocketChannel.java:188)
	at io.netty.channel.uring.AbstractIoUringChannel$AbstractUringUnsafe.writeComplete(AbstractIoUringChannel.java:1003)
	at io.netty.channel.uring.AbstractIoUringChannel$AbstractUringUnsafe.handle(AbstractIoUringChannel.java:474)
	at io.netty.channel.uring.IoUringIoHandler$DefaultIoUringIoRegistration.handle(IoUringIoHandler.java:705)
	at io.netty.channel.uring.IoUringIoHandler.handleFastPath(IoUringIoHandler.java:318)
	at io.netty.channel.uring.IoUringIoHandler.handle(IoUringIoHandler.java:298)
	at io.netty.channel.uring.CompletionQueue.process(CompletionQueue.java:151)
	at io.netty.channel.uring.IoUringIoHandler.processCompletionsAndHandleOverflow(IoUringIoHandler.java:213)
	at io.netty.channel.uring.IoUringIoHandler.run(IoUringIoHandler.java:188)
	at io.netty.channel.SingleThreadIoEventLoop.runIo(SingleThreadIoEventLoop.java:225)
	at io.netty.channel.SingleThreadIoEventLoop.run(SingleThreadIoEventLoop.java:196)
	at io.netty.util.concurrent.SingleThreadEventExecutor$5.run(SingleThreadEventExecutor.java:1204)
	at io.netty.util.internal.ThreadExecutorMap$2.run(ThreadExecutorMap.java:74)
	at io.netty.util.concurrent.FastThreadLocalRunnable.run(FastThreadLocalRunnable.java:30)
	at java.base/java.lang.Thread.run(Thread.java:1583)
07:12:25.209 [multiThreadIoEventLoopGroup-3-2] WARN  i.n.channel.uring.IoUringIoHandler - Unexpected exception in the IO event loop.
java.lang.IllegalStateException: arena buffer of Thread[#31,multiThreadIoEventLoopGroup-4-2,10,main] touched from Thread[#27,multiThreadIoEventLoopGroup-3-2,10,main] (event-loop arena buffers are thread confined)
	at io.netty.buffer.CycleArenaAllocator$ArenaBuf.violation(CycleArenaAllocator.java:1448)
	at io.netty.buffer.CycleArenaAllocator$ArenaBuf.retain(CycleArenaAllocator.java:1351)
	at io.netty.buffer.AbstractDerivedByteBuf.retain0(AbstractDerivedByteBuf.java:58)
	at io.netty.buffer.AbstractDerivedByteBuf.retain(AbstractDerivedByteBuf.java:54)
	at io.netty.channel.uring.IoUringSocketChannel$IoUringSocketUnsafe.handleWriteCompleteZeroCopy(IoUringSocketChannel.java:220)
	at io.netty.channel.uring.IoUringSocketChannel$IoUringSocketUnsafe.writeComplete0(IoUringSocketChannel.java:186)
	at io.netty.channel.uring.AbstractIoUringChannel$AbstractUringUnsafe.writeComplete(AbstractIoUringChannel.java:1003)
	at io.netty.channel.uring.AbstractIoUringChannel$AbstractUringUnsafe.handle(AbstractIoUringChannel.java:474)
	at io.netty.channel.uring.IoUringIoHandler$DefaultIoUringIoRegistration.handle(IoUringIoHandler.java:705)
	at io.netty.channel.uring.IoUringIoHandler.handleFastPath(IoUringIoHandler.java:318)
	at io.netty.channel.uring.IoUringIoHandler.handle(IoUringIoHandler.java:298)
	at io.netty.channel.uring.CompletionQueue.process(CompletionQueue.java:151)
	at io.netty.channel.uring.IoUringIoHandler.processCompletionsAndHandleOverflow(IoUringIoHandler.java:213)
	at io.netty.channel.uring.IoUringIoHandler.run(IoUringIoHandler.java:188)
	at io.netty.channel.SingleThreadIoEventLoop.runIo(SingleThreadIoEventLoop.java:225)
	at io.netty.channel.SingleThreadIoEventLoop.run(SingleThreadIoEventLoop.java:196)
	at io.netty.util.concurrent.SingleThreadEventExecutor$5.run(SingleThreadEventExecutor.java:1204)
	at io.netty.util.internal.ThreadExecutorMap$2.run(ThreadExecutorMap.java:74)
	at io.netty.util.concurrent.FastThreadLocalRunnable.run(FastThreadLocalRunnable.java:30)
	at java.base/java.lang.Thread.run(Thread.java:1583)
07:12:25.235 [multiThreadIoEventLoopGroup-3-1] WARN  i.n.channel.uring.IoUringIoHandler - Unexpected exception in the IO event loop.
java.lang.IllegalStateException: arena buffer of Thread[#33,multiThreadIoEventLoopGroup-4-4,10,main] touched from Thread[#26,multiThreadIoEventLoopGroup-3-1,10,main] (event-loop arena buffers are thread confined)
	at io.netty.buffer.CycleArenaAllocator$ArenaBuf.violation(CycleArenaAllocator.java:1448)
	at io.netty.buffer.CycleArenaAllocator$ArenaBuf.retain(CycleArenaAllocator.java:1351)
	at io.netty.buffer.AbstractDerivedByteBuf.retain0(AbstractDerivedByteBuf.java:58)
	at io.netty.buffer.AbstractDerivedByteBuf.retain(AbstractDerivedByteBuf.java:54)
	at io.netty.channel.uring.IoUringSocketChannel$IoUringSocketUnsafe.handleWriteCompleteZeroCopy(IoUringSocketChannel.java:220)
	at io.netty.channel.uring.IoUringSocketChannel$IoUringSocketUnsafe.writeComplete0(IoUringSocketChannel.java:186)
	at io.netty.channel.uring.AbstractIoUringChannel$AbstractUringUnsafe.writeComplete(AbstractIoUringChannel.java:1003)
	at io.netty.channel.uring.AbstractIoUringChannel$AbstractUringUnsafe.handle(AbstractIoUringChannel.java:474)
	at io.netty.channel.uring.IoUringIoHandler$DefaultIoUringIoRegistration.handle(IoUringIoHandler.java:705)
	at io.netty.channel.uring.IoUringIoHandler.handleFastPath(IoUringIoHandler.java:318)
	at io.netty.channel.uring.IoUringIoHandler.handle(IoUringIoHandler.java:298)
	at io.netty.channel.uring.CompletionQueue.process(CompletionQueue.java:151)
	at io.netty.channel.uring.IoUringIoHandler.processCompletionsAndHandleOverflow(IoUringIoHandler.java:213)
	at io.netty.channel.uring.IoUringIoHandler.run(IoUringIoHandler.java:188)
	at io.netty.channel.SingleThreadIoEventLoop.runIo(SingleThreadIoEventLoop.java:225)
	at io.netty.channel.SingleThreadIoEventLoop.run(SingleThreadIoEventLoop.java:196)
	at io.netty.util.concurrent.SingleThreadEventExecutor$5.run(SingleThreadEventExecutor.java:1204)
	at io.netty.util.internal.ThreadExecutorMap$2.run(ThreadExecutorMap.java:74)
	at io.netty.util.concurrent.FastThreadLocalRunnable.run(FastThreadLocalRunnable.java:30)
	at java.base/java.lang.Thread.run(Thread.java:1583)
07:12:25.236 [multiThreadIoEventLoopGroup-3-4] WARN  io.netty.util.ReferenceCountUtil - Failed to release a message: UnpooledSlicedByteBuf(ridx: 0, widx: 3506, cap: 3506/3506, unwrapped: CycleArenaAllocator$ArenaBuf(ridx: 0, widx: 8192, cap: 8192))
java.lang.IllegalStateException: arena buffer of Thread[#33,multiThreadIoEventLoopGroup-4-4,10,main] touched from Thread[#29,multiThreadIoEventLoopGroup-3-4,10,main] (event-loop arena buffers are thread confined)
	at io.netty.buffer.CycleArenaAllocator$ArenaBuf.violation(CycleArenaAllocator.java:1448)
	at io.netty.buffer.CycleArenaAllocator$ArenaBuf.release(CycleArenaAllocator.java:1377)
	at io.netty.buffer.AbstractDerivedByteBuf.release0(AbstractDerivedByteBuf.java:98)
	at io.netty.buffer.AbstractDerivedByteBuf.release(AbstractDerivedByteBuf.java:94)
	at io.netty.util.ReferenceCountUtil.release(ReferenceCountUtil.java:90)
	at io.netty.util.ReferenceCountUtil.safeRelease(ReferenceCountUtil.java:116)
	at io.netty.channel.ChannelOutboundBuffer.remove(ChannelOutboundBuffer.java:300)
	at io.netty.channel.ChannelOutboundBuffer.removeBytes(ChannelOutboundBuffer.java:382)
	at io.netty.channel.uring.AbstractIoUringStreamChannel$IoUringStreamUnsafe.writeComplete0(AbstractIoUringStreamChannel.java:692)
	at io.netty.channel.uring.IoUringSocketChannel$IoUringSocketUnsafe.writeComplete0(IoUringSocketChannel.java:188)
	at io.netty.channel.uring.AbstractIoUringChannel$AbstractUringUnsafe.writeComplete(AbstractIoUringChannel.java:1003)
	at io.netty.channel.uring.AbstractIoUringChannel$AbstractUringUnsafe.handle(AbstractIoUringChannel.java:474)
	at io.netty.channel.uring.IoUringIoHandler$DefaultIoUringIoRegistration.handle(IoUringIoHandler.java:705)
	at io.netty.channel.uring.IoUringIoHandler.handleFastPath(IoUringIoHandler.java:318)
	at io.netty.channel.uring.IoUringIoHandler.handle(IoUringIoHandler.java:298)
	at io.netty.channel.uring.CompletionQueue.process(CompletionQueue.java:151)
	at io.netty.channel.uring.IoUringIoHandler.processCompletionsAndHandleOverflow(IoUringIoHandler.java:213)
	at io.netty.channel.uring.IoUringIoHandler.run(IoUringIoHandler.java:188)
	at io.netty.channel.SingleThreadIoEventLoop.runIo(SingleThreadIoEventLoop.java:225)
	at io.netty.channel.SingleThreadIoEventLoop.run(SingleThreadIoEventLoop.java:196)
	at io.netty.util.concurrent.SingleThreadEventExecutor$5.run(SingleThreadEventExecutor.java:1204)
	at io.netty.util.internal.ThreadExecutorMap$2.run(ThreadExecutorMap.java:74)
	at io.netty.util.concurrent.FastThreadLocalRunnable.run(FastThreadLocalRunnable.java:30)
	at java.base/java.lang.Thread.run(Thread.java:1583)
07:12:25.237 [multiThreadIoEventLoopGroup-3-4] WARN  i.n.channel.uring.IoUringIoHandler - Unexpected exception in the IO event loop.
java.lang.IllegalStateException: arena buffer of Thread[#33,multiThreadIoEventLoopGroup-4-4,10,main] touched from Thread[#29,multiThreadIoEventLoopGroup-3-4,10,main] (event-loop arena buffers are thread confined)
	at io.netty.buffer.CycleArenaAllocator$ArenaBuf.violation(CycleArenaAllocator.java:1448)
	at io.netty.buffer.CycleArenaAllocator$ArenaBuf.retain(CycleArenaAllocator.java:1351)
	at io.netty.buffer.AbstractDerivedByteBuf.retain0(AbstractDerivedByteBuf.java:58)
	at io.netty.buffer.AbstractDerivedByteBuf.retain(AbstractDerivedByteBuf.java:54)
	at io.netty.channel.uring.IoUringSocketChannel$IoUringSocketUnsafe.handleWriteCompleteZeroCopy(IoUringSocketChannel.java:220)
	at io.netty.channel.uring.IoUringSocketChannel$IoUringSocketUnsafe.writeComplete0(IoUringSocketChannel.java:186)
	at io.netty.channel.uring.AbstractIoUringChannel$AbstractUringUnsafe.writeComplete(AbstractIoUringChannel.java:1003)
	at io.netty.channel.uring.AbstractIoUringChannel$AbstractUringUnsafe.handle(AbstractIoUringChannel.java:474)
	at io.netty.channel.uring.IoUringIoHandler$DefaultIoUringIoRegistration.handle(IoUringIoHandler.java:705)
	at io.netty.channel.uring.IoUringIoHandler.handleFastPath(IoUringIoHandler.java:318)
	at io.netty.channel.uring.IoUringIoHandler.handle(IoUringIoHandler.java:298)
	at io.netty.channel.uring.CompletionQueue.process(CompletionQueue.java:151)
	at io.netty.channel.uring.IoUringIoHandler.processCompletionsAndHandleOverflow(IoUringIoHandler.java:213)
	at io.netty.channel.uring.IoUringIoHandler.run(IoUringIoHandler.java:188)
	at io.netty.channel.SingleThreadIoEventLoop.runIo(SingleThreadIoEventLoop.java:225)
	at io.netty.channel.SingleThreadIoEventLoop.run(SingleThreadIoEventLoop.java:196)
	at io.netty.util.concurrent.SingleThreadEventExecutor$5.run(SingleThreadEventExecutor.java:1204)
	at io.netty.util.internal.ThreadExecutorMap$2.run(ThreadExecutorMap.java:74)
	at io.netty.util.concurrent.FastThreadLocalRunnable.run(FastThreadLocalRunnable.java:30)
	at java.base/java.lang.Thread.run(Thread.java:1583)
07:12:25.241 [multiThreadIoEventLoopGroup-4-4] WARN  i.n.channel.uring.IoUringIoHandler - Unexpected exception in the IO event loop.
java.lang.IllegalStateException: arena buffer of Thread[#27,multiThreadIoEventLoopGroup-3-2,10,main] touched from Thread[#33,multiThreadIoEventLoopGroup-4-4,10,main] (event-loop arena buffers are thread confined)
	at io.netty.buffer.CycleArenaAllocator$ArenaBuf.violation(CycleArenaAllocator.java:1448)
	at io.netty.buffer.CycleArenaAllocator$ArenaBuf.retain(CycleArenaAllocator.java:1351)
	at io.netty.buffer.AbstractDerivedByteBuf.retain0(AbstractDerivedByteBuf.java:58)
	at io.netty.buffer.AbstractDerivedByteBuf.retain(AbstractDerivedByteBuf.java:54)
	at io.netty.channel.uring.IoUringSocketChannel$IoUringSocketUnsafe.handleWriteCompleteZeroCopy(IoUringSocketChannel.java:220)
	at io.netty.channel.uring.IoUringSocketChannel$IoUringSocketUnsafe.writeComplete0(IoUringSocketChannel.java:186)
	at io.netty.channel.uring.AbstractIoUringChannel$AbstractUringUnsafe.writeComplete(AbstractIoUringChannel.java:1003)
	at io.netty.channel.uring.AbstractIoUringChannel$AbstractUringUnsafe.handle(AbstractIoUringChannel.java:474)
	at io.netty.channel.uring.IoUringIoHandler$DefaultIoUringIoRegistration.handle(IoUringIoHandler.java:705)
	at io.netty.channel.uring.IoUringIoHandler.handleFastPath(IoUringIoHandler.java:318)
	at io.netty.channel.uring.IoUringIoHandler.handle(IoUringIoHandler.java:298)
	at io.netty.channel.uring.CompletionQueue.process(CompletionQueue.java:151)
	at io.netty.channel.uring.IoUringIoHandler.processCompletionsAndHandleOverflow(IoUringIoHandler.java:213)
	at io.netty.channel.uring.IoUringIoHandler.run(IoUringIoHandler.java:188)
	at io.netty.channel.SingleThreadIoEventLoop.runIo(SingleThreadIoEventLoop.java:225)
	at io.netty.channel.SingleThreadIoEventLoop.run(SingleThreadIoEventLoop.java:196)
	at io.netty.util.concurrent.SingleThreadEventExecutor$5.run(SingleThreadEventExecutor.java:1204)
	at io.netty.util.internal.ThreadExecutorMap$2.run(ThreadExecutorMap.java:74)
	at io.netty.util.concurrent.FastThreadLocalRunnable.run(FastThreadLocalRunnable.java:30)
	at java.base/java.lang.Thread.run(Thread.java:1583)
07:12:25.307 [multiThreadIoEventLoopGroup-3-3] WARN  i.n.channel.uring.IoUringIoHandler - Unexpected exception in the IO event loop.
java.lang.IllegalStateException: arena buffer of Thread[#31,multiThreadIoEventLoopGroup-4-2,10,main] touched from Thread[#28,multiThreadIoEventLoopGroup-3-3,10,main] (event-loop arena buffers are thread confined)
	at io.netty.buffer.CycleArenaAllocator$ArenaBuf.violation(CycleArenaAllocator.java:1448)
	at io.netty.buffer.CycleArenaAllocator$ArenaBuf.release(CycleArenaAllocator.java:1377)
	at io.netty.buffer.AbstractDerivedByteBuf.release0(AbstractDerivedByteBuf.java:98)
	at io.netty.buffer.AbstractDerivedByteBuf.release(AbstractDerivedByteBuf.java:94)
	at io.netty.channel.uring.IoUringSocketChannel$IoUringSocketUnsafe.handleWriteCompleteZeroCopy(IoUringSocketChannel.java:289)
	at io.netty.channel.uring.IoUringSocketChannel$IoUringSocketUnsafe.writeComplete0(IoUringSocketChannel.java:186)
	at io.netty.channel.uring.AbstractIoUringChannel$AbstractUringUnsafe.writeComplete(AbstractIoUringChannel.java:1003)
	at io.netty.channel.uring.AbstractIoUringChannel$AbstractUringUnsafe.handle(AbstractIoUringChannel.java:474)
	at io.netty.channel.uring.IoUringIoHandler$DefaultIoUringIoRegistration.handle(IoUringIoHandler.java:705)
	at io.netty.channel.uring.IoUringIoHandler.handleFastPath(IoUringIoHandler.java:318)
	at io.netty.channel.uring.IoUringIoHandler.handle(IoUringIoHandler.java:298)
	at io.netty.channel.uring.CompletionQueue.process(CompletionQueue.java:151)
	at io.netty.channel.uring.IoUringIoHandler.processCompletionsAndHandleOverflow(IoUringIoHandler.java:213)
	at io.netty.channel.uring.IoUringIoHandler.run(IoUringIoHandler.java:188)
	at io.netty.channel.SingleThreadIoEventLoop.runIo(SingleThreadIoEventLoop.java:225)
	at io.netty.channel.SingleThreadIoEventLoop.run(SingleThreadIoEventLoop.java:196)
	at io.netty.util.concurrent.SingleThreadEventExecutor$5.run(SingleThreadEventExecutor.java:1204)
	at io.netty.util.internal.ThreadExecutorMap$2.run(ThreadExecutorMap.java:74)
	at io.netty.util.concurrent.FastThreadLocalRunnable.run(FastThreadLocalRunnable.java:30)
	at java.base/java.lang.Thread.run(Thread.java:1583)
07:12:25.309 [multiThreadIoEventLoopGroup-4-1] WARN  i.n.channel.uring.IoUringIoHandler - Unexpected exception in the IO event loop.
java.lang.IllegalStateException: arena buffer of Thread[#27,multiThreadIoEventLoopGroup-3-2,10,main] touched from Thread[#30,multiThreadIoEventLoopGroup-4-1,10,main] (event-loop arena buffers are thread confined)
	at io.netty.buffer.CycleArenaAllocator$ArenaBuf.violation(CycleArenaAllocator.java:1448)
	at io.netty.buffer.CycleArenaAllocator$ArenaBuf.release(CycleArenaAllocator.java:1377)
	at io.netty.buffer.AbstractDerivedByteBuf.release0(AbstractDerivedByteBuf.java:98)
	at io.netty.buffer.AbstractDerivedByteBuf.release(AbstractDerivedByteBuf.java:94)
	at io.netty.channel.uring.IoUringSocketChannel$IoUringSocketUnsafe.handleWriteCompleteZeroCopy(IoUringSocketChannel.java:289)
	at io.netty.channel.uring.IoUringSocketChannel$IoUringSocketUnsafe.writeComplete0(IoUringSocketChannel.java:186)
	at io.netty.channel.uring.AbstractIoUringChannel$AbstractUringUnsafe.writeComplete(AbstractIoUringChannel.java:1003)
	at io.netty.channel.uring.AbstractIoUringChannel$AbstractUringUnsafe.handle(AbstractIoUringChannel.java:474)
	at io.netty.channel.uring.IoUringIoHandler$DefaultIoUringIoRegistration.handle(IoUringIoHandler.java:705)
	at io.netty.channel.uring.IoUringIoHandler.handleFastPath(IoUringIoHandler.java:318)
	at io.netty.channel.uring.IoUringIoHandler.handle(IoUringIoHandler.java:298)
	at io.netty.channel.uring.CompletionQueue.process(CompletionQueue.java:151)
	at io.netty.channel.uring.IoUringIoHandler.processCompletionsAndHandleOverflow(IoUringIoHandler.java:213)
	at io.netty.channel.uring.IoUringIoHandler.run(IoUringIoHandler.java:188)
	at io.netty.channel.SingleThreadIoEventLoop.runIo(SingleThreadIoEventLoop.java:225)
	at io.netty.channel.SingleThreadIoEventLoop.run(SingleThreadIoEventLoop.java:196)
	at io.netty.util.concurrent.SingleThreadEventExecutor$5.run(SingleThreadEventExecutor.java:1204)
	at io.netty.util.internal.ThreadExecutorMap$2.run(ThreadExecutorMap.java:74)
	at io.netty.util.concurrent.FastThreadLocalRunnable.run(FastThreadLocalRunnable.java:30)
	at java.base/java.lang.Thread.run(Thread.java:1583)
07:12:25.311 [multiThreadIoEventLoopGroup-3-2] WARN  io.netty.util.ReferenceCountUtil - Failed to release a message: UnpooledSlicedByteBuf(ridx: 0, widx: 2922, cap: 2922/2922, unwrapped: CycleArenaAllocator$ArenaBuf(ridx: 0, widx: 8192, cap: 8192))
java.lang.IllegalStateException: arena buffer of Thread[#31,multiThreadIoEventLoopGroup-4-2,10,main] touched from Thread[#27,multiThreadIoEventLoopGroup-3-2,10,main] (event-loop arena buffers are thread confined)
	at io.netty.buffer.CycleArenaAllocator$ArenaBuf.violation(CycleArenaAllocator.java:1448)
	at io.netty.buffer.CycleArenaAllocator$ArenaBuf.release(CycleArenaAllocator.java:1377)
	at io.netty.buffer.AbstractDerivedByteBuf.release0(AbstractDerivedByteBuf.java:98)
	at io.netty.buffer.AbstractDerivedByteBuf.release(AbstractDerivedByteBuf.java:94)
	at io.netty.util.ReferenceCountUtil.release(ReferenceCountUtil.java:90)
	at io.netty.util.ReferenceCountUtil.safeRelease(ReferenceCountUtil.java:116)
	at io.netty.channel.ChannelOutboundBuffer.remove(ChannelOutboundBuffer.java:300)
	at io.netty.channel.ChannelOutboundBuffer.removeBytes(ChannelOutboundBuffer.java:382)
	at io.netty.channel.uring.AbstractIoUringStreamChannel$IoUringStreamUnsafe.writeComplete0(AbstractIoUringStreamChannel.java:692)
	at io.netty.channel.uring.IoUringSocketChannel$IoUringSocketUnsafe.writeComplete0(IoUringSocketChannel.java:188)
	at io.netty.channel.uring.AbstractIoUringChannel$AbstractUringUnsafe.writeComplete(AbstractIoUringChannel.java:1003)
	at io.netty.channel.uring.AbstractIoUringChannel$AbstractUringUnsafe.handle(AbstractIoUringChannel.java:474)
	at io.netty.channel.uring.IoUringIoHandler$DefaultIoUringIoRegistration.handle(IoUringIoHandler.java:705)
	at io.netty.channel.uring.IoUringIoHandler.handleFastPath(IoUringIoHandler.java:318)
	at io.netty.channel.uring.IoUringIoHandler.handle(IoUringIoHandler.java:298)
	at io.netty.channel.uring.CompletionQueue.process(CompletionQueue.java:151)
	at io.netty.channel.uring.IoUringIoHandler.processCompletionsAndHandleOverflow(IoUringIoHandler.java:213)
	at io.netty.channel.uring.IoUringIoHandler.run(IoUringIoHandler.java:188)
	at io.netty.channel.SingleThreadIoEventLoop.runIo(SingleThreadIoEventLoop.java:225)
	at io.netty.channel.SingleThreadIoEventLoop.run(SingleThreadIoEventLoop.java:196)
	at io.netty.util.concurrent.SingleThreadEventExecutor$5.run(SingleThreadEventExecutor.java:1204)
	at io.netty.util.internal.ThreadExecutorMap$2.run(ThreadExecutorMap.java:74)
	at io.netty.util.concurrent.FastThreadLocalRunnable.run(FastThreadLocalRunnable.java:30)
	at java.base/java.lang.Thread.run(Thread.java:1583)
07:12:25.311 [multiThreadIoEventLoopGroup-3-2] WARN  i.n.channel.uring.IoUringIoHandler - Unexpected exception in the IO event loop.
java.lang.IllegalStateException: arena buffer of Thread[#32,multiThreadIoEventLoopGroup-4-3,10,main] touched from Thread[#27,multiThreadIoEventLoopGroup-3-2,10,main] (event-loop arena buffers are thread confined)
	at io.netty.buffer.CycleArenaAllocator$ArenaBuf.violation(CycleArenaAllocator.java:1448)
	at io.netty.buffer.CycleArenaAllocator$ArenaBuf.retain(CycleArenaAllocator.java:1351)
	at io.netty.buffer.AbstractDerivedByteBuf.retain0(AbstractDerivedByteBuf.java:58)
	at io.netty.buffer.AbstractDerivedByteBuf.retain(AbstractDerivedByteBuf.java:54)
	at io.netty.channel.uring.IoUringSocketChannel$IoUringSocketUnsafe.handleWriteCompleteZeroCopy(IoUringSocketChannel.java:220)
	at io.netty.channel.uring.IoUringSocketChannel$IoUringSocketUnsafe.writeComplete0(IoUringSocketChannel.java:186)
	at io.netty.channel.uring.AbstractIoUringChannel$AbstractUringUnsafe.writeComplete(AbstractIoUringChannel.java:1003)
	at io.netty.channel.uring.AbstractIoUringChannel$AbstractUringUnsafe.handle(AbstractIoUringChannel.java:474)
	at io.netty.channel.uring.IoUringIoHandler$DefaultIoUringIoRegistration.handle(IoUringIoHandler.java:705)
	at io.netty.channel.uring.IoUringIoHandler.handleFastPath(IoUringIoHandler.java:318)
	at io.netty.channel.uring.IoUringIoHandler.handle(IoUringIoHandler.java:298)
	at io.netty.channel.uring.CompletionQueue.process(CompletionQueue.java:151)
	at io.netty.channel.uring.IoUringIoHandler.processCompletionsAndHandleOverflow(IoUringIoHandler.java:213)
	at io.netty.channel.uring.IoUringIoHandler.run(IoUringIoHandler.java:188)
	at io.netty.channel.SingleThreadIoEventLoop.runIo(SingleThreadIoEventLoop.java:225)
	at io.netty.channel.SingleThreadIoEventLoop.run(SingleThreadIoEventLoop.java:196)
	at io.netty.util.concurrent.SingleThreadEventExecutor$5.run(SingleThreadEventExecutor.java:1204)
	at io.netty.util.internal.ThreadExecutorMap$2.run(ThreadExecutorMap.java:74)
	at io.netty.util.concurrent.FastThreadLocalRunnable.run(FastThreadLocalRunnable.java:30)
	at java.base/java.lang.Thread.run(Thread.java:1583)
07:12:25.335 [multiThreadIoEventLoopGroup-3-1] WARN  i.n.channel.uring.IoUringIoHandler - Unexpected exception in the IO event loop.
java.lang.IllegalStateException: arena buffer of Thread[#33,multiThreadIoEventLoopGroup-4-4,10,main] touched from Thread[#26,multiThreadIoEventLoopGroup-3-1,10,main] (event-loop arena buffers are thread confined)
	at io.netty.buffer.CycleArenaAllocator$ArenaBuf.violation(CycleArenaAllocator.java:1448)
	at io.netty.buffer.CycleArenaAllocator$ArenaBuf.retain(CycleArenaAllocator.java:1351)
	at io.netty.buffer.AbstractDerivedByteBuf.retain0(AbstractDerivedByteBuf.java:58)
	at io.netty.buffer.AbstractDerivedByteBuf.retain(AbstractDerivedByteBuf.java:54)
	at io.netty.channel.uring.IoUringSocketChannel$IoUringSocketUnsafe.handleWriteCompleteZeroCopy(IoUringSocketChannel.java:220)
	at io.netty.channel.uring.IoUringSocketChannel$IoUringSocketUnsafe.writeComplete0(IoUringSocketChannel.java:186)
	at io.netty.channel.uring.AbstractIoUringChannel$AbstractUringUnsafe.writeComplete(AbstractIoUringChannel.java:1003)
	at io.netty.channel.uring.AbstractIoUringChannel$AbstractUringUnsafe.handle(AbstractIoUringChannel.java:474)
	at io.netty.channel.uring.IoUringIoHandler$DefaultIoUringIoRegistration.handle(IoUringIoHandler.java:705)
	at io.netty.channel.uring.IoUringIoHandler.handleFastPath(IoUringIoHandler.java:318)
	at io.netty.channel.uring.IoUringIoHandler.handle(IoUringIoHandler.java:298)
	at io.netty.channel.uring.CompletionQueue.process(CompletionQueue.java:151)
	at io.netty.channel.uring.IoUringIoHandler.processCompletionsAndHandleOverflow(IoUringIoHandler.java:213)
	at io.netty.channel.uring.IoUringIoHandler.run(IoUringIoHandler.java:188)
	at io.netty.channel.SingleThreadIoEventLoop.runIo(SingleThreadIoEventLoop.java:225)
	at io.netty.channel.SingleThreadIoEventLoop.run(SingleThreadIoEventLoop.java:196)
	at io.netty.util.concurrent.SingleThreadEventExecutor$5.run(SingleThreadEventExecutor.java:1204)
	at io.netty.util.internal.ThreadExecutorMap$2.run(ThreadExecutorMap.java:74)
	at io.netty.util.concurrent.FastThreadLocalRunnable.run(FastThreadLocalRunnable.java:30)
	at java.base/java.lang.Thread.run(Thread.java:1583)
07:12:25.337 [multiThreadIoEventLoopGroup-3-4] WARN  io.netty.util.ReferenceCountUtil - Failed to release a message: UnpooledSlicedByteBuf(ridx: 0, widx: 2889, cap: 2889/2889, unwrapped: CycleArenaAllocator$ArenaBuf(ridx: 0, widx: 8192, cap: 8192))
java.lang.IllegalStateException: arena buffer of Thread[#33,multiThreadIoEventLoopGroup-4-4,10,main] touched from Thread[#29,multiThreadIoEventLoopGroup-3-4,10,main] (event-loop arena buffers are thread confined)
	at io.netty.buffer.CycleArenaAllocator$ArenaBuf.violation(CycleArenaAllocator.java:1448)
	at io.netty.buffer.CycleArenaAllocator$ArenaBuf.release(CycleArenaAllocator.java:1377)
	at io.netty.buffer.AbstractDerivedByteBuf.release0(AbstractDerivedByteBuf.java:98)
	at io.netty.buffer.AbstractDerivedByteBuf.release(AbstractDerivedByteBuf.java:94)
	at io.netty.util.ReferenceCountUtil.release(ReferenceCountUtil.java:90)
	at io.netty.util.ReferenceCountUtil.safeRelease(ReferenceCountUtil.java:116)
	at io.netty.channel.ChannelOutboundBuffer.remove(ChannelOutboundBuffer.java:300)
	at io.netty.channel.ChannelOutboundBuffer.removeBytes(ChannelOutboundBuffer.java:382)
	at io.netty.channel.uring.AbstractIoUringStreamChannel$IoUringStreamUnsafe.writeComplete0(AbstractIoUringStreamChannel.java:692)
	at io.netty.channel.uring.IoUringSocketChannel$IoUringSocketUnsafe.writeComplete0(IoUringSocketChannel.java:188)
	at io.netty.channel.uring.AbstractIoUringChannel$AbstractUringUnsafe.writeComplete(AbstractIoUringChannel.java:1003)
	at io.netty.channel.uring.AbstractIoUringChannel$AbstractUringUnsafe.handle(AbstractIoUringChannel.java:474)
	at io.netty.channel.uring.IoUringIoHandler$DefaultIoUringIoRegistration.handle(IoUringIoHandler.java:705)
	at io.netty.channel.uring.IoUringIoHandler.handleFastPath(IoUringIoHandler.java:318)
	at io.netty.channel.uring.IoUringIoHandler.handle(IoUringIoHandler.java:298)
	at io.netty.channel.uring.CompletionQueue.process(CompletionQueue.java:151)
	at io.netty.channel.uring.IoUringIoHandler.processCompletionsAndHandleOverflow(IoUringIoHandler.java:213)
	at io.netty.channel.uring.IoUringIoHandler.run(IoUringIoHandler.java:188)
	at io.netty.channel.SingleThreadIoEventLoop.runIo(SingleThreadIoEventLoop.java:225)
	at io.netty.channel.SingleThreadIoEventLoop.run(SingleThreadIoEventLoop.java:196)
	at io.netty.util.concurrent.SingleThreadEventExecutor$5.run(SingleThreadEventExecutor.java:1204)
	at io.netty.util.internal.ThreadExecutorMap$2.run(ThreadExecutorMap.java:74)
	at io.netty.util.concurrent.FastThreadLocalRunnable.run(FastThreadLocalRunnable.java:30)
	at java.base/java.lang.Thread.run(Thread.java:1583)
07:12:25.338 [multiThreadIoEventLoopGroup-3-4] WARN  io.netty.util.ReferenceCountUtil - Failed to release a message: UnpooledSlicedByteBuf(ridx: 0, widx: 2007, cap: 2007/2007, unwrapped: CycleArenaAllocator$ArenaBuf(ridx: 0, widx: 8192, cap: 8192))
java.lang.IllegalStateException: arena buffer of Thread[#33,multiThreadIoEventLoopGroup-4-4,10,main] touched from Thread[#29,multiThreadIoEventLoopGroup-3-4,10,main] (event-loop arena buffers are thread confined)
	at io.netty.buffer.CycleArenaAllocator$ArenaBuf.violation(CycleArenaAllocator.java:1448)
	at io.netty.buffer.CycleArenaAllocator$ArenaBuf.release(CycleArenaAllocator.java:1377)
	at io.netty.buffer.AbstractDerivedByteBuf.release0(AbstractDerivedByteBuf.java:98)
	at io.netty.buffer.AbstractDerivedByteBuf.release(AbstractDerivedByteBuf.java:94)
	at io.netty.util.ReferenceCountUtil.release(ReferenceCountUtil.java:90)
	at io.netty.util.ReferenceCountUtil.safeRelease(ReferenceCountUtil.java:116)
	at io.netty.channel.ChannelOutboundBuffer.remove(ChannelOutboundBuffer.java:300)
	at io.netty.channel.ChannelOutboundBuffer.removeBytes(ChannelOutboundBuffer.java:382)
	at io.netty.channel.uring.AbstractIoUringStreamChannel$IoUringStreamUnsafe.writeComplete0(AbstractIoUringStreamChannel.java:692)
	at io.netty.channel.uring.IoUringSocketChannel$IoUringSocketUnsafe.writeComplete0(IoUringSocketChannel.java:188)
	at io.netty.channel.uring.AbstractIoUringChannel$AbstractUringUnsafe.writeComplete(AbstractIoUringChannel.java:1003)
	at io.netty.channel.uring.AbstractIoUringChannel$AbstractUringUnsafe.handle(AbstractIoUringChannel.java:474)
	at io.netty.channel.uring.IoUringIoHandler$DefaultIoUringIoRegistration.handle(IoUringIoHandler.java:705)
	at io.netty.channel.uring.IoUringIoHandler.handleFastPath(IoUringIoHandler.java:318)
	at io.netty.channel.uring.IoUringIoHandler.handle(IoUringIoHandler.java:298)
	at io.netty.channel.uring.CompletionQueue.process(CompletionQueue.java:151)
	at io.netty.channel.uring.IoUringIoHandler.processCompletionsAndHandleOverflow(IoUringIoHandler.java:213)
	at io.netty.channel.uring.IoUringIoHandler.run(IoUringIoHandler.java:188)
	at io.netty.channel.SingleThreadIoEventLoop.runIo(SingleThreadIoEventLoop.java:225)
	at io.netty.channel.SingleThreadIoEventLoop.run(SingleThreadIoEventLoop.java:196)
	at io.netty.util.concurrent.SingleThreadEventExecutor$5.run(SingleThreadEventExecutor.java:1204)
	at io.netty.util.internal.ThreadExecutorMap$2.run(ThreadExecutorMap.java:74)
	at io.netty.util.concurrent.FastThreadLocalRunnable.run(FastThreadLocalRunnable.java:30)
	at java.base/java.lang.Thread.run(Thread.java:1583)
07:12:25.341 [multiThreadIoEventLoopGroup-3-4] WARN  i.n.channel.uring.IoUringIoHandler - Unexpected exception in the IO event loop.
java.lang.IllegalStateException: arena buffer of Thread[#33,multiThreadIoEventLoopGroup-4-4,10,main] touched from Thread[#29,multiThreadIoEventLoopGroup-3-4,10,main] (event-loop arena buffers are thread confined)
	at io.netty.buffer.CycleArenaAllocator$ArenaBuf.violation(CycleArenaAllocator.java:1448)
	at io.netty.buffer.CycleArenaAllocator$ArenaBuf.retain(CycleArenaAllocator.java:1351)
	at io.netty.buffer.AbstractDerivedByteBuf.retain0(AbstractDerivedByteBuf.java:58)
	at io.netty.buffer.AbstractDerivedByteBuf.retain(AbstractDerivedByteBuf.java:54)
	at io.netty.channel.uring.IoUringSocketChannel$IoUringSocketUnsafe.handleWriteCompleteZeroCopy(IoUringSocketChannel.java:220)
	at io.netty.channel.uring.IoUringSocketChannel$IoUringSocketUnsafe.writeComplete0(IoUringSocketChannel.java:186)
	at io.netty.channel.uring.AbstractIoUringChannel$AbstractUringUnsafe.writeComplete(AbstractIoUringChannel.java:1003)
	at io.netty.channel.uring.AbstractIoUringChannel$AbstractUringUnsafe.handle(AbstractIoUringChannel.java:474)
	at io.netty.channel.uring.IoUringIoHandler$DefaultIoUringIoRegistration.handle(IoUringIoHandler.java:705)
	at io.netty.channel.uring.IoUringIoHandler.handleFastPath(IoUringIoHandler.java:318)
	at io.netty.channel.uring.IoUringIoHandler.handle(IoUringIoHandler.java:298)
	at io.netty.channel.uring.CompletionQueue.process(CompletionQueue.java:151)
	at io.netty.channel.uring.IoUringIoHandler.processCompletionsAndHandleOverflow(IoUringIoHandler.java:213)
	at io.netty.channel.uring.IoUringIoHandler.run(IoUringIoHandler.java:188)
	at io.netty.channel.SingleThreadIoEventLoop.runIo(SingleThreadIoEventLoop.java:225)
	at io.netty.channel.SingleThreadIoEventLoop.run(SingleThreadIoEventLoop.java:196)
	at io.netty.util.concurrent.SingleThreadEventExecutor$5.run(SingleThreadEventExecutor.java:1204)
	at io.netty.util.internal.ThreadExecutorMap$2.run(ThreadExecutorMap.java:74)
	at io.netty.util.concurrent.FastThreadLocalRunnable.run(FastThreadLocalRunnable.java:30)
	at java.base/java.lang.Thread.run(Thread.java:1583)
07:12:25.341 [multiThreadIoEventLoopGroup-4-4] WARN  i.n.channel.uring.IoUringIoHandler - Unexpected exception in the IO event loop.
java.lang.IllegalStateException: arena buffer of Thread[#27,multiThreadIoEventLoopGroup-3-2,10,main] touched from Thread[#33,multiThreadIoEventLoopGroup-4-4,10,main] (event-loop arena buffers are thread confined)
	at io.netty.buffer.CycleArenaAllocator$ArenaBuf.violation(CycleArenaAllocator.java:1448)
	at io.netty.buffer.CycleArenaAllocator$ArenaBuf.release(CycleArenaAllocator.java:1377)
	at io.netty.buffer.AbstractDerivedByteBuf.release0(AbstractDerivedByteBuf.java:98)
	at io.netty.buffer.AbstractDerivedByteBuf.release(AbstractDerivedByteBuf.java:94)
	at io.netty.channel.uring.IoUringSocketChannel$IoUringSocketUnsafe.handleWriteCompleteZeroCopy(IoUringSocketChannel.java:289)
	at io.netty.channel.uring.IoUringSocketChannel$IoUringSocketUnsafe.writeComplete0(IoUringSocketChannel.java:186)
	at io.netty.channel.uring.AbstractIoUringChannel$AbstractUringUnsafe.writeComplete(AbstractIoUringChannel.java:1003)
	at io.netty.channel.uring.AbstractIoUringChannel$AbstractUringUnsafe.handle(AbstractIoUringChannel.java:474)
	at io.netty.channel.uring.IoUringIoHandler$DefaultIoUringIoRegistration.handle(IoUringIoHandler.java:705)
	at io.netty.channel.uring.IoUringIoHandler.handleFastPath(IoUringIoHandler.java:318)
	at io.netty.channel.uring.IoUringIoHandler.handle(IoUringIoHandler.java:298)
	at io.netty.channel.uring.CompletionQueue.process(CompletionQueue.java:151)
	at io.netty.channel.uring.IoUringIoHandler.processCompletionsAndHandleOverflow(IoUringIoHandler.java:213)
	at io.netty.channel.uring.IoUringIoHandler.run(IoUringIoHandler.java:188)
	at io.netty.channel.SingleThreadIoEventLoop.runIo(SingleThreadIoEventLoop.java:225)
	at io.netty.channel.SingleThreadIoEventLoop.run(SingleThreadIoEventLoop.java:196)
	at io.netty.util.concurrent.SingleThreadEventExecutor$5.run(SingleThreadEventExecutor.java:1204)
	at io.netty.util.internal.ThreadExecutorMap$2.run(ThreadExecutorMap.java:74)
	at io.netty.util.concurrent.FastThreadLocalRunnable.run(FastThreadLocalRunnable.java:30)
	at java.base/java.lang.Thread.run(Thread.java:1583)
07:12:25.410 [multiThreadIoEventLoopGroup-4-1] WARN  io.netty.util.ReferenceCountUtil - Failed to release a message: UnpooledSlicedByteBuf(ridx: 0, widx: 198, cap: 198/198, unwrapped: CycleArenaAllocator$ArenaBuf(ridx: 0, widx: 8192, cap: 8192))
java.lang.IllegalStateException: arena buffer of Thread[#28,multiThreadIoEventLoopGroup-3-3,10,main] touched from Thread[#30,multiThreadIoEventLoopGroup-4-1,10,main] (event-loop arena buffers are thread confined)
	at io.netty.buffer.CycleArenaAllocator$ArenaBuf.violation(CycleArenaAllocator.java:1448)
	at io.netty.buffer.CycleArenaAllocator$ArenaBuf.release(CycleArenaAllocator.java:1377)
	at io.netty.buffer.AbstractDerivedByteBuf.release0(AbstractDerivedByteBuf.java:98)
	at io.netty.buffer.AbstractDerivedByteBuf.release(AbstractDerivedByteBuf.java:94)
	at io.netty.util.ReferenceCountUtil.release(ReferenceCountUtil.java:90)
	at io.netty.util.ReferenceCountUtil.safeRelease(ReferenceCountUtil.java:116)
	at io.netty.channel.ChannelOutboundBuffer.remove(ChannelOutboundBuffer.java:300)
	at io.netty.channel.ChannelOutboundBuffer.removeBytes(ChannelOutboundBuffer.java:382)
	at io.netty.channel.uring.AbstractIoUringStreamChannel$IoUringStreamUnsafe.writeComplete0(AbstractIoUringStreamChannel.java:692)
	at io.netty.channel.uring.IoUringSocketChannel$IoUringSocketUnsafe.writeComplete0(IoUringSocketChannel.java:188)
	at io.netty.channel.uring.AbstractIoUringChannel$AbstractUringUnsafe.writeComplete(AbstractIoUringChannel.java:1003)
	at io.netty.channel.uring.AbstractIoUringChannel$AbstractUringUnsafe.handle(AbstractIoUringChannel.java:474)
	at io.netty.channel.uring.IoUringIoHandler$DefaultIoUringIoRegistration.handle(IoUringIoHandler.java:705)
	at io.netty.channel.uring.IoUringIoHandler.handleFastPath(IoUringIoHandler.java:318)
	at io.netty.channel.uring.IoUringIoHandler.handle(IoUringIoHandler.java:298)
	at io.netty.channel.uring.CompletionQueue.process(CompletionQueue.java:151)
	at io.netty.channel.uring.IoUringIoHandler.processCompletionsAndHandleOverflow(IoUringIoHandler.java:213)
	at io.netty.channel.uring.IoUringIoHandler.run(IoUringIoHandler.java:188)
	at io.netty.channel.SingleThreadIoEventLoop.runIo(SingleThreadIoEventLoop.java:225)
	at io.netty.channel.SingleThreadIoEventLoop.run(SingleThreadIoEventLoop.java:196)
	at io.netty.util.concurrent.SingleThreadEventExecutor$5.run(SingleThreadEventExecutor.java:1204)
	at io.netty.util.internal.ThreadExecutorMap$2.run(ThreadExecutorMap.java:74)
	at io.netty.util.concurrent.FastThreadLocalRunnable.run(FastThreadLocalRunnable.java:30)
	at java.base/java.lang.Thread.run(Thread.java:1583)
07:12:25.410 [multiThreadIoEventLoopGroup-4-1] WARN  io.netty.util.ReferenceCountUtil - Failed to release a message: UnpooledSlicedByteBuf(ridx: 0, widx: 198, cap: 198/198, unwrapped: CycleArenaAllocator$ArenaBuf(ridx: 0, widx: 8192, cap: 8192))
java.lang.IllegalStateException: arena buffer of Thread[#27,multiThreadIoEventLoopGroup-3-2,10,main] touched from Thread[#30,multiThreadIoEventLoopGroup-4-1,10,main] (event-loop arena buffers are thread confined)
	at io.netty.buffer.CycleArenaAllocator$ArenaBuf.violation(CycleArenaAllocator.java:1448)
	at io.netty.buffer.CycleArenaAllocator$ArenaBuf.release(CycleArenaAllocator.java:1377)
	at io.netty.buffer.AbstractDerivedByteBuf.release0(AbstractDerivedByteBuf.java:98)
	at io.netty.buffer.AbstractDerivedByteBuf.release(AbstractDerivedByteBuf.java:94)
	at io.netty.util.ReferenceCountUtil.release(ReferenceCountUtil.java:90)
	at io.netty.util.ReferenceCountUtil.safeRelease(ReferenceCountUtil.java:116)
	at io.netty.channel.ChannelOutboundBuffer.remove(ChannelOutboundBuffer.java:300)
	at io.netty.channel.ChannelOutboundBuffer.removeBytes(ChannelOutboundBuffer.java:382)
	at io.netty.channel.uring.AbstractIoUringStreamChannel$IoUringStreamUnsafe.writeComplete0(AbstractIoUringStreamChannel.java:692)
	at io.netty.channel.uring.IoUringSocketChannel$IoUringSocketUnsafe.writeComplete0(IoUringSocketChannel.java:188)
	at io.netty.channel.uring.AbstractIoUringChannel$AbstractUringUnsafe.writeComplete(AbstractIoUringChannel.java:1003)
	at io.netty.channel.uring.AbstractIoUringChannel$AbstractUringUnsafe.handle(AbstractIoUringChannel.java:474)
	at io.netty.channel.uring.IoUringIoHandler$DefaultIoUringIoRegistration.handle(IoUringIoHandler.java:705)
	at io.netty.channel.uring.IoUringIoHandler.handleFastPath(IoUringIoHandler.java:318)
	at io.netty.channel.uring.IoUringIoHandler.handle(IoUringIoHandler.java:298)
	at io.netty.channel.uring.CompletionQueue.process(CompletionQueue.java:151)
	at io.netty.channel.uring.IoUringIoHandler.processCompletionsAndHandleOverflow(IoUringIoHandler.java:213)
	at io.netty.channel.uring.IoUringIoHandler.run(IoUringIoHandler.java:188)
	at io.netty.channel.SingleThreadIoEventLoop.runIo(SingleThreadIoEventLoop.java:225)
	at io.netty.channel.SingleThreadIoEventLoop.run(SingleThreadIoEventLoop.java:196)
	at io.netty.util.concurrent.SingleThreadEventExecutor$5.run(SingleThreadEventExecutor.java:1204)
	at io.netty.util.internal.ThreadExecutorMap$2.run(ThreadExecutorMap.java:74)
	at io.netty.util.concurrent.FastThreadLocalRunnable.run(FastThreadLocalRunnable.java:30)
	at java.base/java.lang.Thread.run(Thread.java:1583)
07:12:25.410 [multiThreadIoEventLoopGroup-4-1] WARN  io.netty.util.ReferenceCountUtil - Failed to release a message: UnpooledSlicedByteBuf(ridx: 0, widx: 396, cap: 396/396, unwrapped: CycleArenaAllocator$ArenaBuf(ridx: 0, widx: 8192, cap: 8192))
java.lang.IllegalStateException: arena buffer of Thread[#28,multiThreadIoEventLoopGroup-3-3,10,main] touched from Thread[#30,multiThreadIoEventLoopGroup-4-1,10,main] (event-loop arena buffers are thread confined)
	at io.netty.buffer.CycleArenaAllocator$ArenaBuf.violation(CycleArenaAllocator.java:1448)
	at io.netty.buffer.CycleArenaAllocator$ArenaBuf.release(CycleArenaAllocator.java:1377)
	at io.netty.buffer.AbstractDerivedByteBuf.release0(AbstractDerivedByteBuf.java:98)
	at io.netty.buffer.AbstractDerivedByteBuf.release(AbstractDerivedByteBuf.java:94)
	at io.netty.util.ReferenceCountUtil.release(ReferenceCountUtil.java:90)
	at io.netty.util.ReferenceCountUtil.safeRelease(ReferenceCountUtil.java:116)
	at io.netty.channel.ChannelOutboundBuffer.remove(ChannelOutboundBuffer.java:300)
	at io.netty.channel.ChannelOutboundBuffer.removeBytes(ChannelOutboundBuffer.java:382)
	at io.netty.channel.uring.AbstractIoUringStreamChannel$IoUringStreamUnsafe.writeComplete0(AbstractIoUringStreamChannel.java:692)
	at io.netty.channel.uring.IoUringSocketChannel$IoUringSocketUnsafe.writeComplete0(IoUringSocketChannel.java:188)
	at io.netty.channel.uring.AbstractIoUringChannel$AbstractUringUnsafe.writeComplete(AbstractIoUringChannel.java:1003)
	at io.netty.channel.uring.AbstractIoUringChannel$AbstractUringUnsafe.handle(AbstractIoUringChannel.java:474)
	at io.netty.channel.uring.IoUringIoHandler$DefaultIoUringIoRegistration.handle(IoUringIoHandler.java:705)
	at io.netty.channel.uring.IoUringIoHandler.handleFastPath(IoUringIoHandler.java:318)
	at io.netty.channel.uring.IoUringIoHandler.handle(IoUringIoHandler.java:298)
	at io.netty.channel.uring.CompletionQueue.process(CompletionQueue.java:151)
	at io.netty.channel.uring.IoUringIoHandler.processCompletionsAndHandleOverflow(IoUringIoHandler.java:213)
	at io.netty.channel.uring.IoUringIoHandler.run(IoUringIoHandler.java:188)
	at io.netty.channel.SingleThreadIoEventLoop.runIo(SingleThreadIoEventLoop.java:225)
	at io.netty.channel.SingleThreadIoEventLoop.run(SingleThreadIoEventLoop.java:196)
	at io.netty.util.concurrent.SingleThreadEventExecutor$5.run(SingleThreadEventExecutor.java:1204)
	at io.netty.util.internal.ThreadExecutorMap$2.run(ThreadExecutorMap.java:74)
	at io.netty.util.concurrent.FastThreadLocalRunnable.run(FastThreadLocalRunnable.java:30)
	at java.base/java.lang.Thread.run(Thread.java:1583)
07:12:25.411 [multiThreadIoEventLoopGroup-4-1] WARN  io.netty.util.ReferenceCountUtil - Failed to release a message: UnpooledSlicedByteBuf(ridx: 0, widx: 396, cap: 396/396, unwrapped: CycleArenaAllocator$ArenaBuf(ridx: 0, widx: 8192, cap: 8192))
java.lang.IllegalStateException: arena buffer of Thread[#27,multiThreadIoEventLoopGroup-3-2,10,main] touched from Thread[#30,multiThreadIoEventLoopGroup-4-1,10,main] (event-loop arena buffers are thread confined)
	at io.netty.buffer.CycleArenaAllocator$ArenaBuf.violation(CycleArenaAllocator.java:1448)
	at io.netty.buffer.CycleArenaAllocator$ArenaBuf.release(CycleArenaAllocator.java:1377)
	at io.netty.buffer.AbstractDerivedByteBuf.release0(AbstractDerivedByteBuf.java:98)
	at io.netty.buffer.AbstractDerivedByteBuf.release(AbstractDerivedByteBuf.java:94)
	at io.netty.util.ReferenceCountUtil.release(ReferenceCountUtil.java:90)
	at io.netty.util.ReferenceCountUtil.safeRelease(ReferenceCountUtil.java:116)
	at io.netty.channel.ChannelOutboundBuffer.remove(ChannelOutboundBuffer.java:300)
	at io.netty.channel.ChannelOutboundBuffer.removeBytes(ChannelOutboundBuffer.java:382)
	at io.netty.channel.uring.AbstractIoUringStreamChannel$IoUringStreamUnsafe.writeComplete0(AbstractIoUringStreamChannel.java:692)
	at io.netty.channel.uring.IoUringSocketChannel$IoUringSocketUnsafe.writeComplete0(IoUringSocketChannel.java:188)
	at io.netty.channel.uring.AbstractIoUringChannel$AbstractUringUnsafe.writeComplete(AbstractIoUringChannel.java:1003)
	at io.netty.channel.uring.AbstractIoUringChannel$AbstractUringUnsafe.handle(AbstractIoUringChannel.java:474)
	at io.netty.channel.uring.IoUringIoHandler$DefaultIoUringIoRegistration.handle(IoUringIoHandler.java:705)
	at io.netty.channel.uring.IoUringIoHandler.handleFastPath(IoUringIoHandler.java:318)
	at io.netty.channel.uring.IoUringIoHandler.handle(IoUringIoHandler.java:298)
	at io.netty.channel.uring.CompletionQueue.process(CompletionQueue.java:151)
	at io.netty.channel.uring.IoUringIoHandler.processCompletionsAndHandleOverflow(IoUringIoHandler.java:213)
	at io.netty.channel.uring.IoUringIoHandler.run(IoUringIoHandler.java:188)
	at io.netty.channel.SingleThreadIoEventLoop.runIo(SingleThreadIoEventLoop.java:225)
	at io.netty.channel.SingleThreadIoEventLoop.run(SingleThreadIoEventLoop.java:196)
	at io.netty.util.concurrent.SingleThreadEventExecutor$5.run(SingleThreadEventExecutor.java:1204)
	at io.netty.util.internal.ThreadExecutorMap$2.run(ThreadExecutorMap.java:74)
	at io.netty.util.concurrent.FastThreadLocalRunnable.run(FastThreadLocalRunnable.java:30)
	at java.base/java.lang.Thread.run(Thread.java:1583)
07:12:25.411 [multiThreadIoEventLoopGroup-4-1] WARN  io.netty.util.ReferenceCountUtil - Failed to release a message: UnpooledSlicedByteBuf(ridx: 0, widx: 198, cap: 198/198, unwrapped: CycleArenaAllocator$ArenaBuf(ridx: 0, widx: 8192, cap: 8192))
java.lang.IllegalStateException: arena buffer of Thread[#26,multiThreadIoEventLoopGroup-3-1,10,main] touched from Thread[#30,multiThreadIoEventLoopGroup-4-1,10,main] (event-loop arena buffers are thread confined)
	at io.netty.buffer.CycleArenaAllocator$ArenaBuf.violation(CycleArenaAllocator.java:1448)
	at io.netty.buffer.CycleArenaAllocator$ArenaBuf.release(CycleArenaAllocator.java:1377)
	at io.netty.buffer.AbstractDerivedByteBuf.release0(AbstractDerivedByteBuf.java:98)
	at io.netty.buffer.AbstractDerivedByteBuf.release(AbstractDerivedByteBuf.java:94)
	at io.netty.util.ReferenceCountUtil.release(ReferenceCountUtil.java:90)
	at io.netty.util.ReferenceCountUtil.safeRelease(ReferenceCountUtil.java:116)
	at io.netty.channel.ChannelOutboundBuffer.remove(ChannelOutboundBuffer.java:300)
	at io.netty.channel.ChannelOutboundBuffer.removeBytes(ChannelOutboundBuffer.java:382)
	at io.netty.channel.uring.AbstractIoUringStreamChannel$IoUringStreamUnsafe.writeComplete0(AbstractIoUringStreamChannel.java:692)
	at io.netty.channel.uring.IoUringSocketChannel$IoUringSocketUnsafe.writeComplete0(IoUringSocketChannel.java:188)
	at io.netty.channel.uring.AbstractIoUringChannel$AbstractUringUnsafe.writeComplete(AbstractIoUringChannel.java:1003)
	at io.netty.channel.uring.AbstractIoUringChannel$AbstractUringUnsafe.handle(AbstractIoUringChannel.java:474)
	at io.netty.channel.uring.IoUringIoHandler$DefaultIoUringIoRegistration.handle(IoUringIoHandler.java:705)
	at io.netty.channel.uring.IoUringIoHandler.handleFastPath(IoUringIoHandler.java:318)
	at io.netty.channel.uring.IoUringIoHandler.handle(IoUringIoHandler.java:298)
	at io.netty.channel.uring.CompletionQueue.process(CompletionQueue.java:151)
	at io.netty.channel.uring.IoUringIoHandler.processCompletionsAndHandleOverflow(IoUringIoHandler.java:213)
	at io.netty.channel.uring.IoUringIoHandler.run(IoUringIoHandler.java:188)
	at io.netty.channel.SingleThreadIoEventLoop.runIo(SingleThreadIoEventLoop.java:225)
	at io.netty.channel.SingleThreadIoEventLoop.run(SingleThreadIoEventLoop.java:196)
	at io.netty.util.concurrent.SingleThreadEventExecutor$5.run(SingleThreadEventExecutor.java:1204)
	at io.netty.util.internal.ThreadExecutorMap$2.run(ThreadExecutorMap.java:74)
	at io.netty.util.concurrent.FastThreadLocalRunnable.run(FastThreadLocalRunnable.java:30)
	at java.base/java.lang.Thread.run(Thread.java:1583)
07:12:25.411 [multiThreadIoEventLoopGroup-4-1] WARN  io.netty.util.ReferenceCountUtil - Failed to release a message: UnpooledSlicedByteBuf(ridx: 0, widx: 396, cap: 396/396, unwrapped: CycleArenaAllocator$ArenaBuf(ridx: 0, widx: 8192, cap: 8192))
java.lang.IllegalStateException: arena buffer of Thread[#26,multiThreadIoEventLoopGroup-3-1,10,main] touched from Thread[#30,multiThreadIoEventLoopGroup-4-1,10,main] (event-loop arena buffers are thread confined)
	at io.netty.buffer.CycleArenaAllocator$ArenaBuf.violation(CycleArenaAllocator.java:1448)
	at io.netty.buffer.CycleArenaAllocator$ArenaBuf.release(CycleArenaAllocator.java:1377)
	at io.netty.buffer.AbstractDerivedByteBuf.release0(AbstractDerivedByteBuf.java:98)
	at io.netty.buffer.AbstractDerivedByteBuf.release(AbstractDerivedByteBuf.java:94)
	at io.netty.util.ReferenceCountUtil.release(ReferenceCountUtil.java:90)
	at io.netty.util.ReferenceCountUtil.safeRelease(ReferenceCountUtil.java:116)
	at io.netty.channel.ChannelOutboundBuffer.remove(ChannelOutboundBuffer.java:300)
	at io.netty.channel.ChannelOutboundBuffer.removeBytes(ChannelOutboundBuffer.java:382)
	at io.netty.channel.uring.AbstractIoUringStreamChannel$IoUringStreamUnsafe.writeComplete0(AbstractIoUringStreamChannel.java:692)
	at io.netty.channel.uring.IoUringSocketChannel$IoUringSocketUnsafe.writeComplete0(IoUringSocketChannel.java:188)
	at io.netty.channel.uring.AbstractIoUringChannel$AbstractUringUnsafe.writeComplete(AbstractIoUringChannel.java:1003)
	at io.netty.channel.uring.AbstractIoUringChannel$AbstractUringUnsafe.handle(AbstractIoUringChannel.java:474)
	at io.netty.channel.uring.IoUringIoHandler$DefaultIoUringIoRegistration.handle(IoUringIoHandler.java:705)
	at io.netty.channel.uring.IoUringIoHandler.handleFastPath(IoUringIoHandler.java:318)
	at io.netty.channel.uring.IoUringIoHandler.handle(IoUringIoHandler.java:298)
	at io.netty.channel.uring.CompletionQueue.process(CompletionQueue.java:151)
	at io.netty.channel.uring.IoUringIoHandler.processCompletionsAndHandleOverflow(IoUringIoHandler.java:213)
	at io.netty.channel.uring.IoUringIoHandler.run(IoUringIoHandler.java:188)
	at io.netty.channel.SingleThreadIoEventLoop.runIo(SingleThreadIoEventLoop.java:225)
	at io.netty.channel.SingleThreadIoEventLoop.run(SingleThreadIoEventLoop.java:196)
	at io.netty.util.concurrent.SingleThreadEventExecutor$5.run(SingleThreadEventExecutor.java:1204)
	at io.netty.util.internal.ThreadExecutorMap$2.run(ThreadExecutorMap.java:74)
	at io.netty.util.concurrent.FastThreadLocalRunnable.run(FastThreadLocalRunnable.java:30)
	at java.base/java.lang.Thread.run(Thread.java:1583)
07:12:25.411 [multiThreadIoEventLoopGroup-4-1] WARN  io.netty.util.ReferenceCountUtil - Failed to release a message: UnpooledSlicedByteBuf(ridx: 0, widx: 594, cap: 594/594, unwrapped: CycleArenaAllocator$ArenaBuf(ridx: 0, widx: 8192, cap: 8192))
java.lang.IllegalStateException: arena buffer of Thread[#27,multiThreadIoEventLoopGroup-3-2,10,main] touched from Thread[#30,multiThreadIoEventLoopGroup-4-1,10,main] (event-loop arena buffers are thread confined)
	at io.netty.buffer.CycleArenaAllocator$ArenaBuf.violation(CycleArenaAllocator.java:1448)
	at io.netty.buffer.CycleArenaAllocator$ArenaBuf.release(CycleArenaAllocator.java:1377)
	at io.netty.buffer.AbstractDerivedByteBuf.release0(AbstractDerivedByteBuf.java:98)
	at io.netty.buffer.AbstractDerivedByteBuf.release(AbstractDerivedByteBuf.java:94)
	at io.netty.util.ReferenceCountUtil.release(ReferenceCountUtil.java:90)
	at io.netty.util.ReferenceCountUtil.safeRelease(ReferenceCountUtil.java:116)
	at io.netty.channel.ChannelOutboundBuffer.remove(ChannelOutboundBuffer.java:300)
	at io.netty.channel.ChannelOutboundBuffer.removeBytes(ChannelOutboundBuffer.java:382)
	at io.netty.channel.uring.AbstractIoUringStreamChannel$IoUringStreamUnsafe.writeComplete0(AbstractIoUringStreamChannel.java:692)
	at io.netty.channel.uring.IoUringSocketChannel$IoUringSocketUnsafe.writeComplete0(IoUringSocketChannel.java:188)
	at io.netty.channel.uring.AbstractIoUringChannel$AbstractUringUnsafe.writeComplete(AbstractIoUringChannel.java:1003)
	at io.netty.channel.uring.AbstractIoUringChannel$AbstractUringUnsafe.handle(AbstractIoUringChannel.java:474)
	at io.netty.channel.uring.IoUringIoHandler$DefaultIoUringIoRegistration.handle(IoUringIoHandler.java:705)
	at io.netty.channel.uring.IoUringIoHandler.handleFastPath(IoUringIoHandler.java:318)
	at io.netty.channel.uring.IoUringIoHandler.handle(IoUringIoHandler.java:298)
	at io.netty.channel.uring.CompletionQueue.process(CompletionQueue.java:151)
	at io.netty.channel.uring.IoUringIoHandler.processCompletionsAndHandleOverflow(IoUringIoHandler.java:213)
	at io.netty.channel.uring.IoUringIoHandler.run(IoUringIoHandler.java:188)
	at io.netty.channel.SingleThreadIoEventLoop.runIo(SingleThreadIoEventLoop.java:225)
	at io.netty.channel.SingleThreadIoEventLoop.run(SingleThreadIoEventLoop.java:196)
	at io.netty.util.concurrent.SingleThreadEventExecutor$5.run(SingleThreadEventExecutor.java:1204)
	at io.netty.util.internal.ThreadExecutorMap$2.run(ThreadExecutorMap.java:74)
	at io.netty.util.concurrent.FastThreadLocalRunnable.run(FastThreadLocalRunnable.java:30)
	at java.base/java.lang.Thread.run(Thread.java:1583)
07:12:25.411 [multiThreadIoEventLoopGroup-3-3] WARN  io.netty.util.ReferenceCountUtil - Failed to release a message: UnpooledSlicedByteBuf(ridx: 0, widx: 3517, cap: 3517/3517, unwrapped: CycleArenaAllocator$ArenaBuf(ridx: 0, widx: 8192, cap: 8192))
java.lang.IllegalStateException: arena buffer of Thread[#31,multiThreadIoEventLoopGroup-4-2,10,main] touched from Thread[#28,multiThreadIoEventLoopGroup-3-3,10,main] (event-loop arena buffers are thread confined)
	at io.netty.buffer.CycleArenaAllocator$ArenaBuf.violation(CycleArenaAllocator.java:1448)
	at io.netty.buffer.CycleArenaAllocator$ArenaBuf.release(CycleArenaAllocator.java:1377)
	at io.netty.buffer.AbstractDerivedByteBuf.release0(AbstractDerivedByteBuf.java:98)
	at io.netty.buffer.AbstractDerivedByteBuf.release(AbstractDerivedByteBuf.java:94)
	at io.netty.util.ReferenceCountUtil.release(ReferenceCountUtil.java:90)
	at io.netty.util.ReferenceCountUtil.safeRelease(ReferenceCountUtil.java:116)
	at io.netty.channel.ChannelOutboundBuffer.remove(ChannelOutboundBuffer.java:300)
	at io.netty.channel.ChannelOutboundBuffer.removeBytes(ChannelOutboundBuffer.java:382)
	at io.netty.channel.uring.AbstractIoUringStreamChannel$IoUringStreamUnsafe.writeComplete0(AbstractIoUringStreamChannel.java:692)
	at io.netty.channel.uring.IoUringSocketChannel$IoUringSocketUnsafe.writeComplete0(IoUringSocketChannel.java:188)
	at io.netty.channel.uring.AbstractIoUringChannel$AbstractUringUnsafe.writeComplete(AbstractIoUringChannel.java:1003)
	at io.netty.channel.uring.AbstractIoUringChannel$AbstractUringUnsafe.handle(AbstractIoUringChannel.java:474)
	at io.netty.channel.uring.IoUringIoHandler$DefaultIoUringIoRegistration.handle(IoUringIoHandler.java:705)
	at io.netty.channel.uring.IoUringIoHandler.handleFastPath(IoUringIoHandler.java:318)
	at io.netty.channel.uring.IoUringIoHandler.handle(IoUringIoHandler.java:298)
	at io.netty.channel.uring.CompletionQueue.process(CompletionQueue.java:151)
	at io.netty.channel.uring.IoUringIoHandler.processCompletionsAndHandleOverflow(IoUringIoHandler.java:213)
	at io.netty.channel.uring.IoUringIoHandler.run(IoUringIoHandler.java:188)
	at io.netty.channel.SingleThreadIoEventLoop.runIo(SingleThreadIoEventLoop.java:225)
	at io.netty.channel.SingleThreadIoEventLoop.run(SingleThreadIoEventLoop.java:196)
	at io.netty.util.concurrent.SingleThreadEventExecutor$5.run(SingleThreadEventExecutor.java:1204)
	at io.netty.util.internal.ThreadExecutorMap$2.run(ThreadExecutorMap.java:74)
	at io.netty.util.concurrent.FastThreadLocalRunnable.run(FastThreadLocalRunnable.java:30)
	at java.base/java.lang.Thread.run(Thread.java:1583)
07:12:25.414 [multiThreadIoEventLoopGroup-3-2] WARN  io.netty.util.ReferenceCountUtil - Failed to release a message: UnpooledSlicedByteBuf(ridx: 0, widx: 3666, cap: 3666/3666, unwrapped: CycleArenaAllocator$ArenaBuf(ridx: 0, widx: 8192, cap: 8192))
java.lang.IllegalStateException: arena buffer of Thread[#32,multiThreadIoEventLoopGroup-4-3,10,main] touched from Thread[#27,multiThreadIoEventLoopGroup-3-2,10,main] (event-loop arena buffers are thread confined)
	at io.netty.buffer.CycleArenaAllocator$ArenaBuf.violation(CycleArenaAllocator.java:1448)
	at io.netty.buffer.CycleArenaAllocator$ArenaBuf.release(CycleArenaAllocator.java:1377)
	at io.netty.buffer.AbstractDerivedByteBuf.release0(AbstractDerivedByteBuf.java:98)
	at io.netty.buffer.AbstractDerivedByteBuf.release(AbstractDerivedByteBuf.java:94)
	at io.netty.util.ReferenceCountUtil.release(ReferenceCountUtil.java:90)
	at io.netty.util.ReferenceCountUtil.safeRelease(ReferenceCountUtil.java:116)
	at io.netty.channel.ChannelOutboundBuffer.remove(ChannelOutboundBuffer.java:300)
	at io.netty.channel.ChannelOutboundBuffer.removeBytes(ChannelOutboundBuffer.java:382)
	at io.netty.channel.uring.AbstractIoUringStreamChannel$IoUringStreamUnsafe.writeComplete0(AbstractIoUringStreamChannel.java:692)
	at io.netty.channel.uring.IoUringSocketChannel$IoUringSocketUnsafe.writeComplete0(IoUringSocketChannel.java:188)
	at io.netty.channel.uring.AbstractIoUringChannel$AbstractUringUnsafe.writeComplete(AbstractIoUringChannel.java:1003)
	at io.netty.channel.uring.AbstractIoUringChannel$AbstractUringUnsafe.handle(AbstractIoUringChannel.java:474)
	at io.netty.channel.uring.IoUringIoHandler$DefaultIoUringIoRegistration.handle(IoUringIoHandler.java:705)
	at io.netty.channel.uring.IoUringIoHandler.handleFastPath(IoUringIoHandler.java:318)
	at io.netty.channel.uring.IoUringIoHandler.handle(IoUringIoHandler.java:298)
	at io.netty.channel.uring.CompletionQueue.process(CompletionQueue.java:151)
	at io.netty.channel.uring.IoUringIoHandler.processCompletionsAndHandleOverflow(IoUringIoHandler.java:213)
	at io.netty.channel.uring.IoUringIoHandler.run(IoUringIoHandler.java:188)
	at io.netty.channel.SingleThreadIoEventLoop.runIo(SingleThreadIoEventLoop.java:225)
	at io.netty.channel.SingleThreadIoEventLoop.run(SingleThreadIoEventLoop.java:196)
	at io.netty.util.concurrent.SingleThreadEventExecutor$5.run(SingleThreadEventExecutor.java:1204)
	at io.netty.util.internal.ThreadExecutorMap$2.run(ThreadExecutorMap.java:74)
	at io.netty.util.concurrent.FastThreadLocalRunnable.run(FastThreadLocalRunnable.java:30)
	at java.base/java.lang.Thread.run(Thread.java:1583)
07:12:25.418 [multiThreadIoEventLoopGroup-3-3] WARN  i.n.channel.uring.IoUringIoHandler - Unexpected exception in the IO event loop.
java.lang.IllegalStateException: arena buffer of Thread[#32,multiThreadIoEventLoopGroup-4-3,10,main] touched from Thread[#28,multiThreadIoEventLoopGroup-3-3,10,main] (event-loop arena buffers are thread confined)
	at io.netty.buffer.CycleArenaAllocator$ArenaBuf.violation(CycleArenaAllocator.java:1448)
	at io.netty.buffer.CycleArenaAllocator$ArenaBuf.retain(CycleArenaAllocator.java:1351)
	at io.netty.buffer.AbstractDerivedByteBuf.retain0(AbstractDerivedByteBuf.java:58)
	at io.netty.buffer.AbstractDerivedByteBuf.retain(AbstractDerivedByteBuf.java:54)
	at io.netty.channel.uring.IoUringSocketChannel$IoUringSocketUnsafe.handleWriteCompleteZeroCopy(IoUringSocketChannel.java:220)
	at io.netty.channel.uring.IoUringSocketChannel$IoUringSocketUnsafe.writeComplete0(IoUringSocketChannel.java:186)
	at io.netty.channel.uring.AbstractIoUringChannel$AbstractUringUnsafe.writeComplete(AbstractIoUringChannel.java:1003)
	at io.netty.channel.uring.AbstractIoUringChannel$AbstractUringUnsafe.handle(AbstractIoUringChannel.java:474)
	at io.netty.channel.uring.IoUringIoHandler$DefaultIoUringIoRegistration.handle(IoUringIoHandler.java:705)
	at io.netty.channel.uring.IoUringIoHandler.handleFastPath(IoUringIoHandler.java:318)
	at io.netty.channel.uring.IoUringIoHandler.handle(IoUringIoHandler.java:298)
	at io.netty.channel.uring.CompletionQueue.process(CompletionQueue.java:151)
	at io.netty.channel.uring.IoUringIoHandler.processCompletionsAndHandleOverflow(IoUringIoHandler.java:213)
	at io.netty.channel.uring.IoUringIoHandler.run(IoUringIoHandler.java:188)
	at io.netty.channel.SingleThreadIoEventLoop.runIo(SingleThreadIoEventLoop.java:225)
	at io.netty.channel.SingleThreadIoEventLoop.run(SingleThreadIoEventLoop.java:196)
	at io.netty.util.concurrent.SingleThreadEventExecutor$5.run(SingleThreadEventExecutor.java:1204)
	at io.netty.util.internal.ThreadExecutorMap$2.run(ThreadExecutorMap.java:74)
	at io.netty.util.concurrent.FastThreadLocalRunnable.run(FastThreadLocalRunnable.java:30)
	at java.base/java.lang.Thread.run(Thread.java:1583)
07:12:25.420 [multiThreadIoEventLoopGroup-4-2] WARN  io.netty.util.ReferenceCountUtil - Failed to release a message: UnpooledSlicedByteBuf(ridx: 0, widx: 2413, cap: 2413/2413, unwrapped: CycleArenaAllocator$ArenaBuf(ridx: 0, widx: 8192, cap: 8192))
java.lang.IllegalStateException: arena buffer of Thread[#28,multiThreadIoEventLoopGroup-3-3,10,main] touched from Thread[#31,multiThreadIoEventLoopGroup-4-2,10,main] (event-loop arena buffers are thread confined)
	at io.netty.buffer.CycleArenaAllocator$ArenaBuf.violation(CycleArenaAllocator.java:1448)
	at io.netty.buffer.CycleArenaAllocator$ArenaBuf.release(CycleArenaAllocator.java:1377)
	at io.netty.buffer.AbstractDerivedByteBuf.release0(AbstractDerivedByteBuf.java:98)
	at io.netty.buffer.AbstractDerivedByteBuf.release(AbstractDerivedByteBuf.java:94)
	at io.netty.util.ReferenceCountUtil.release(ReferenceCountUtil.java:90)
	at io.netty.util.ReferenceCountUtil.safeRelease(ReferenceCountUtil.java:116)
	at io.netty.channel.ChannelOutboundBuffer.remove(ChannelOutboundBuffer.java:300)
	at io.netty.channel.ChannelOutboundBuffer.removeBytes(ChannelOutboundBuffer.java:382)
	at io.netty.channel.uring.AbstractIoUringStreamChannel$IoUringStreamUnsafe.writeComplete0(AbstractIoUringStreamChannel.java:692)
	at io.netty.channel.uring.IoUringSocketChannel$IoUringSocketUnsafe.writeComplete0(IoUringSocketChannel.java:188)
	at io.netty.channel.uring.AbstractIoUringChannel$AbstractUringUnsafe.writeComplete(AbstractIoUringChannel.java:1003)
	at io.netty.channel.uring.AbstractIoUringChannel$AbstractUringUnsafe.handle(AbstractIoUringChannel.java:474)
	at io.netty.channel.uring.IoUringIoHandler$DefaultIoUringIoRegistration.handle(IoUringIoHandler.java:705)
	at io.netty.channel.uring.IoUringIoHandler.handleFastPath(IoUringIoHandler.java:318)
	at io.netty.channel.uring.IoUringIoHandler.handle(IoUringIoHandler.java:298)
	at io.netty.channel.uring.CompletionQueue.process(CompletionQueue.java:151)
	at io.netty.channel.uring.IoUringIoHandler.processCompletionsAndHandleOverflow(IoUringIoHandler.java:213)
	at io.netty.channel.uring.IoUringIoHandler.run(IoUringIoHandler.java:188)
	at io.netty.channel.SingleThreadIoEventLoop.runIo(SingleThreadIoEventLoop.java:225)
	at io.netty.channel.SingleThreadIoEventLoop.run(SingleThreadIoEventLoop.java:196)
	at io.netty.util.concurrent.SingleThreadEventExecutor$5.run(SingleThreadEventExecutor.java:1204)
	at io.netty.util.internal.ThreadExecutorMap$2.run(ThreadExecutorMap.java:74)
	at io.netty.util.concurrent.FastThreadLocalRunnable.run(FastThreadLocalRunnable.java:30)
	at java.base/java.lang.Thread.run(Thread.java:1583)
07:12:25.420 [multiThreadIoEventLoopGroup-4-2] WARN  i.n.channel.uring.IoUringIoHandler - Unexpected exception in the IO event loop.
java.lang.IllegalStateException: arena buffer of Thread[#28,multiThreadIoEventLoopGroup-3-3,10,main] touched from Thread[#31,multiThreadIoEventLoopGroup-4-2,10,main] (event-loop arena buffers are thread confined)
	at io.netty.buffer.CycleArenaAllocator$ArenaBuf.violation(CycleArenaAllocator.java:1448)
	at io.netty.buffer.CycleArenaAllocator$ArenaBuf.retain(CycleArenaAllocator.java:1351)
	at io.netty.buffer.AbstractDerivedByteBuf.retain0(AbstractDerivedByteBuf.java:58)
	at io.netty.buffer.AbstractDerivedByteBuf.retain(AbstractDerivedByteBuf.java:54)
	at io.netty.channel.uring.IoUringSocketChannel$IoUringSocketUnsafe.handleWriteCompleteZeroCopy(IoUringSocketChannel.java:220)
	at io.netty.channel.uring.IoUringSocketChannel$IoUringSocketUnsafe.writeComplete0(IoUringSocketChannel.java:186)
	at io.netty.channel.uring.AbstractIoUringChannel$AbstractUringUnsafe.writeComplete(AbstractIoUringChannel.java:1003)
	at io.netty.channel.uring.AbstractIoUringChannel$AbstractUringUnsafe.handle(AbstractIoUringChannel.java:474)
	at io.netty.channel.uring.IoUringIoHandler$DefaultIoUringIoRegistration.handle(IoUringIoHandler.java:705)
	at io.netty.channel.uring.IoUringIoHandler.handleFastPath(IoUringIoHandler.java:318)
	at io.netty.channel.uring.IoUringIoHandler.handle(IoUringIoHandler.java:298)
	at io.netty.channel.uring.CompletionQueue.process(CompletionQueue.java:151)
	at io.netty.channel.uring.IoUringIoHandler.processCompletionsAndHandleOverflow(IoUringIoHandler.java:213)
	at io.netty.channel.uring.IoUringIoHandler.run(IoUringIoHandler.java:188)
	at io.netty.channel.SingleThreadIoEventLoop.runIo(SingleThreadIoEventLoop.java:225)
	at io.netty.channel.SingleThreadIoEventLoop.run(SingleThreadIoEventLoop.java:196)
	at io.netty.util.concurrent.SingleThreadEventExecutor$5.run(SingleThreadEventExecutor.java:1204)
	at io.netty.util.internal.ThreadExecutorMap$2.run(ThreadExecutorMap.java:74)
	at io.netty.util.concurrent.FastThreadLocalRunnable.run(FastThreadLocalRunnable.java:30)
	at java.base/java.lang.Thread.run(Thread.java:1583)
07:12:25.420 [multiThreadIoEventLoopGroup-3-2] WARN  io.netty.util.ReferenceCountUtil - Failed to release a message: UnpooledSlicedByteBuf(ridx: 0, widx: 160, cap: 160/160, unwrapped: CycleArenaAllocator$ArenaBuf(ridx: 0, widx: 8192, cap: 8192))
java.lang.IllegalStateException: arena buffer of Thread[#32,multiThreadIoEventLoopGroup-4-3,10,main] touched from Thread[#27,multiThreadIoEventLoopGroup-3-2,10,main] (event-loop arena buffers are thread confined)
	at io.netty.buffer.CycleArenaAllocator$ArenaBuf.violation(CycleArenaAllocator.java:1448)
	at io.netty.buffer.CycleArenaAllocator$ArenaBuf.release(CycleArenaAllocator.java:1377)
	at io.netty.buffer.AbstractDerivedByteBuf.release0(AbstractDerivedByteBuf.java:98)
	at io.netty.buffer.AbstractDerivedByteBuf.release(AbstractDerivedByteBuf.java:94)
	at io.netty.util.ReferenceCountUtil.release(ReferenceCountUtil.java:90)
	at io.netty.util.ReferenceCountUtil.safeRelease(ReferenceCountUtil.java:116)
	at io.netty.channel.ChannelOutboundBuffer.remove(ChannelOutboundBuffer.java:300)
	at io.netty.channel.ChannelOutboundBuffer.removeBytes(ChannelOutboundBuffer.java:382)
	at io.netty.channel.uring.AbstractIoUringStreamChannel$IoUringStreamUnsafe.writeComplete0(AbstractIoUringStreamChannel.java:692)
	at io.netty.channel.uring.IoUringSocketChannel$IoUringSocketUnsafe.writeComplete0(IoUringSocketChannel.java:188)
	at io.netty.channel.uring.AbstractIoUringChannel$AbstractUringUnsafe.writeComplete(AbstractIoUringChannel.java:1003)
	at io.netty.channel.uring.AbstractIoUringChannel$AbstractUringUnsafe.handle(AbstractIoUringChannel.java:474)
	at io.netty.channel.uring.IoUringIoHandler$DefaultIoUringIoRegistration.handle(IoUringIoHandler.java:705)
	at io.netty.channel.uring.IoUringIoHandler.handleFastPath(IoUringIoHandler.java:318)
	at io.netty.channel.uring.IoUringIoHandler.handle(IoUringIoHandler.java:298)
	at io.netty.channel.uring.CompletionQueue.process(CompletionQueue.java:151)
	at io.netty.channel.uring.IoUringIoHandler.processCompletionsAndHandleOverflow(IoUringIoHandler.java:213)
	at io.netty.channel.uring.IoUringIoHandler.run(IoUringIoHandler.java:188)
	at io.netty.channel.SingleThreadIoEventLoop.runIo(SingleThreadIoEventLoop.java:225)
	at io.netty.channel.SingleThreadIoEventLoop.run(SingleThreadIoEventLoop.java:196)
	at io.netty.util.concurrent.SingleThreadEventExecutor$5.run(SingleThreadEventExecutor.java:1204)
	at io.netty.util.internal.ThreadExecutorMap$2.run(ThreadExecutorMap.java:74)
	at io.netty.util.concurrent.FastThreadLocalRunnable.run(FastThreadLocalRunnable.java:30)
	at java.base/java.lang.Thread.run(Thread.java:1583)
07:12:25.420 [multiThreadIoEventLoopGroup-3-2] WARN  i.n.channel.uring.IoUringIoHandler - Unexpected exception in the IO event loop.
java.lang.IllegalStateException: arena buffer of Thread[#31,multiThreadIoEventLoopGroup-4-2,10,main] touched from Thread[#27,multiThreadIoEventLoopGroup-3-2,10,main] (event-loop arena buffers are thread confined)
	at io.netty.buffer.CycleArenaAllocator$ArenaBuf.violation(CycleArenaAllocator.java:1448)
	at io.netty.buffer.CycleArenaAllocator$ArenaBuf.release(CycleArenaAllocator.java:1377)
	at io.netty.buffer.AbstractDerivedByteBuf.release0(AbstractDerivedByteBuf.java:98)
	at io.netty.buffer.AbstractDerivedByteBuf.release(AbstractDerivedByteBuf.java:94)
	at io.netty.channel.uring.IoUringSocketChannel$IoUringSocketUnsafe.handleWriteCompleteZeroCopy(IoUringSocketChannel.java:289)
	at io.netty.channel.uring.IoUringSocketChannel$IoUringSocketUnsafe.writeComplete0(IoUringSocketChannel.java:186)
	at io.netty.channel.uring.AbstractIoUringChannel$AbstractUringUnsafe.writeComplete(AbstractIoUringChannel.java:1003)
	at io.netty.channel.uring.AbstractIoUringChannel$AbstractUringUnsafe.handle(AbstractIoUringChannel.java:474)
	at io.netty.channel.uring.IoUringIoHandler$DefaultIoUringIoRegistration.handle(IoUringIoHandler.java:705)
	at io.netty.channel.uring.IoUringIoHandler.handleFastPath(IoUringIoHandler.java:318)
	at io.netty.channel.uring.IoUringIoHandler.handle(IoUringIoHandler.java:298)
	at io.netty.channel.uring.CompletionQueue.process(CompletionQueue.java:151)
	at io.netty.channel.uring.IoUringIoHandler.processCompletionsAndHandleOverflow(IoUringIoHandler.java:213)
	at io.netty.channel.uring.IoUringIoHandler.run(IoUringIoHandler.java:188)
	at io.netty.channel.SingleThreadIoEventLoop.runIo(SingleThreadIoEventLoop.java:225)
	at io.netty.channel.SingleThreadIoEventLoop.run(SingleThreadIoEventLoop.java:196)
	at io.netty.util.concurrent.SingleThreadEventExecutor$5.run(SingleThreadEventExecutor.java:1204)
	at io.netty.util.internal.ThreadExecutorMap$2.run(ThreadExecutorMap.java:74)
	at io.netty.util.concurrent.FastThreadLocalRunnable.run(FastThreadLocalRunnable.java:30)
	at java.base/java.lang.Thread.run(Thread.java:1583)
07:12:25.436 [multiThreadIoEventLoopGroup-3-1] WARN  io.netty.util.ReferenceCountUtil - Failed to release a message: UnpooledSlicedByteBuf(ridx: 0, widx: 149, cap: 149/149, unwrapped: CycleArenaAllocator$ArenaBuf(ridx: 0, widx: 8192, cap: 8192))
java.lang.IllegalStateException: arena buffer of Thread[#33,multiThreadIoEventLoopGroup-4-4,10,main] touched from Thread[#26,multiThreadIoEventLoopGroup-3-1,10,main] (event-loop arena buffers are thread confined)
	at io.netty.buffer.CycleArenaAllocator$ArenaBuf.violation(CycleArenaAllocator.java:1448)
	at io.netty.buffer.CycleArenaAllocator$ArenaBuf.release(CycleArenaAllocator.java:1377)
	at io.netty.buffer.AbstractDerivedByteBuf.release0(AbstractDerivedByteBuf.java:98)
	at io.netty.buffer.AbstractDerivedByteBuf.release(AbstractDerivedByteBuf.java:94)
	at io.netty.util.ReferenceCountUtil.release(ReferenceCountUtil.java:90)
	at io.netty.util.ReferenceCountUtil.safeRelease(ReferenceCountUtil.java:116)
	at io.netty.channel.ChannelOutboundBuffer.remove(ChannelOutboundBuffer.java:300)
	at io.netty.channel.ChannelOutboundBuffer.removeBytes(ChannelOutboundBuffer.java:382)
	at io.netty.channel.uring.AbstractIoUringStreamChannel$IoUringStreamUnsafe.writeComplete0(AbstractIoUringStreamChannel.java:692)
	at io.netty.channel.uring.IoUringSocketChannel$IoUringSocketUnsafe.writeComplete0(IoUringSocketChannel.java:188)
	at io.netty.channel.uring.AbstractIoUringChannel$AbstractUringUnsafe.writeComplete(AbstractIoUringChannel.java:1003)
	at io.netty.channel.uring.AbstractIoUringChannel$AbstractUringUnsafe.handle(AbstractIoUringChannel.java:474)
	at io.netty.channel.uring.IoUringIoHandler$DefaultIoUringIoRegistration.handle(IoUringIoHandler.java:705)
	at io.netty.channel.uring.IoUringIoHandler.handleFastPath(IoUringIoHandler.java:318)
	at io.netty.channel.uring.IoUringIoHandler.handle(IoUringIoHandler.java:298)
	at io.netty.channel.uring.CompletionQueue.process(CompletionQueue.java:151)
	at io.netty.channel.uring.IoUringIoHandler.processCompletionsAndHandleOverflow(IoUringIoHandler.java:213)
	at io.netty.channel.uring.IoUringIoHandler.run(IoUringIoHandler.java:188)
	at io.netty.channel.SingleThreadIoEventLoop.runIo(SingleThreadIoEventLoop.java:225)
	at io.netty.channel.SingleThreadIoEventLoop.run(SingleThreadIoEventLoop.java:196)
	at io.netty.util.concurrent.SingleThreadEventExecutor$5.run(SingleThreadEventExecutor.java:1204)
	at io.netty.util.internal.ThreadExecutorMap$2.run(ThreadExecutorMap.java:74)
	at io.netty.util.concurrent.FastThreadLocalRunnable.run(FastThreadLocalRunnable.java:30)
	at java.base/java.lang.Thread.run(Thread.java:1583)
07:12:25.436 [multiThreadIoEventLoopGroup-3-1] WARN  i.n.channel.uring.IoUringIoHandler - Unexpected exception in the IO event loop.
java.lang.IllegalStateException: arena buffer of Thread[#33,multiThreadIoEventLoopGroup-4-4,10,main] touched from Thread[#26,multiThreadIoEventLoopGroup-3-1,10,main] (event-loop arena buffers are thread confined)
	at io.netty.buffer.CycleArenaAllocator$ArenaBuf.violation(CycleArenaAllocator.java:1448)
	at io.netty.buffer.CycleArenaAllocator$ArenaBuf.retain(CycleArenaAllocator.java:1351)
	at io.netty.buffer.AbstractDerivedByteBuf.retain0(AbstractDerivedByteBuf.java:58)
	at io.netty.buffer.AbstractDerivedByteBuf.retain(AbstractDerivedByteBuf.java:54)
	at io.netty.channel.uring.IoUringSocketChannel$IoUringSocketUnsafe.handleWriteCompleteZeroCopy(IoUringSocketChannel.java:220)
	at io.netty.channel.uring.IoUringSocketChannel$IoUringSocketUnsafe.writeComplete0(IoUringSocketChannel.java:186)
	at io.netty.channel.uring.AbstractIoUringChannel$AbstractUringUnsafe.writeComplete(AbstractIoUringChannel.java:1003)
	at io.netty.channel.uring.AbstractIoUringChannel$AbstractUringUnsafe.handle(AbstractIoUringChannel.java:474)
	at io.netty.channel.uring.IoUringIoHandler$DefaultIoUringIoRegistration.handle(IoUringIoHandler.java:705)
	at io.netty.channel.uring.IoUringIoHandler.handleFastPath(IoUringIoHandler.java:318)
	at io.netty.channel.uring.IoUringIoHandler.handle(IoUringIoHandler.java:298)
	at io.netty.channel.uring.CompletionQueue.process(CompletionQueue.java:151)
	at io.netty.channel.uring.IoUringIoHandler.processCompletionsAndHandleOverflow(IoUringIoHandler.java:213)
	at io.netty.channel.uring.IoUringIoHandler.run(IoUringIoHandler.java:188)
	at io.netty.channel.SingleThreadIoEventLoop.runIo(SingleThreadIoEventLoop.java:225)
	at io.netty.channel.SingleThreadIoEventLoop.run(SingleThreadIoEventLoop.java:196)
	at io.netty.util.concurrent.SingleThreadEventExecutor$5.run(SingleThreadEventExecutor.java:1204)
	at io.netty.util.internal.ThreadExecutorMap$2.run(ThreadExecutorMap.java:74)
	at io.netty.util.concurrent.FastThreadLocalRunnable.run(FastThreadLocalRunnable.java:30)
	at java.base/java.lang.Thread.run(Thread.java:1583)
07:12:25.441 [multiThreadIoEventLoopGroup-3-4] WARN  io.netty.util.ReferenceCountUtil - Failed to release a message: UnpooledSlicedByteBuf(ridx: 0, widx: 1913, cap: 1913/1913, unwrapped: CycleArenaAllocator$ArenaBuf(ridx: 0, widx: 8192, cap: 8192))
java.lang.IllegalStateException: arena buffer of Thread[#31,multiThreadIoEventLoopGroup-4-2,10,main] touched from Thread[#29,multiThreadIoEventLoopGroup-3-4,10,main] (event-loop arena buffers are thread confined)
	at io.netty.buffer.CycleArenaAllocator$ArenaBuf.violation(CycleArenaAllocator.java:1448)
	at io.netty.buffer.CycleArenaAllocator$ArenaBuf.release(CycleArenaAllocator.java:1377)
	at io.netty.buffer.AbstractDerivedByteBuf.release0(AbstractDerivedByteBuf.java:98)
	at io.netty.buffer.AbstractDerivedByteBuf.release(AbstractDerivedByteBuf.java:94)
	at io.netty.util.ReferenceCountUtil.release(ReferenceCountUtil.java:90)
	at io.netty.util.ReferenceCountUtil.safeRelease(ReferenceCountUtil.java:116)
	at io.netty.channel.ChannelOutboundBuffer.remove(ChannelOutboundBuffer.java:300)
	at io.netty.channel.ChannelOutboundBuffer.removeBytes(ChannelOutboundBuffer.java:382)
	at io.netty.channel.uring.AbstractIoUringStreamChannel$IoUringStreamUnsafe.writeComplete0(AbstractIoUringStreamChannel.java:692)
	at io.netty.channel.uring.IoUringSocketChannel$IoUringSocketUnsafe.writeComplete0(IoUringSocketChannel.java:188)
	at io.netty.channel.uring.AbstractIoUringChannel$AbstractUringUnsafe.writeComplete(AbstractIoUringChannel.java:1003)
	at io.netty.channel.uring.AbstractIoUringChannel$AbstractUringUnsafe.handle(AbstractIoUringChannel.java:474)
	at io.netty.channel.uring.IoUringIoHandler$DefaultIoUringIoRegistration.handle(IoUringIoHandler.java:705)
	at io.netty.channel.uring.IoUringIoHandler.handleFastPath(IoUringIoHandler.java:318)
	at io.netty.channel.uring.IoUringIoHandler.handle(IoUringIoHandler.java:298)
	at io.netty.channel.uring.CompletionQueue.process(CompletionQueue.java:151)
	at io.netty.channel.uring.IoUringIoHandler.processCompletionsAndHandleOverflow(IoUringIoHandler.java:213)
	at io.netty.channel.uring.IoUringIoHandler.run(IoUringIoHandler.java:188)
	at io.netty.channel.SingleThreadIoEventLoop.runIo(SingleThreadIoEventLoop.java:225)
	at io.netty.channel.SingleThreadIoEventLoop.run(SingleThreadIoEventLoop.java:196)
	at io.netty.util.concurrent.SingleThreadEventExecutor$5.run(SingleThreadEventExecutor.java:1204)
	at io.netty.util.internal.ThreadExecutorMap$2.run(ThreadExecutorMap.java:74)
	at io.netty.util.concurrent.FastThreadLocalRunnable.run(FastThreadLocalRunnable.java:30)
	at java.base/java.lang.Thread.run(Thread.java:1583)
07:12:25.441 [multiThreadIoEventLoopGroup-3-4] WARN  i.n.channel.uring.IoUringIoHandler - Unexpected exception in the IO event loop.
java.lang.IllegalStateException: arena buffer of Thread[#31,multiThreadIoEventLoopGroup-4-2,10,main] touched from Thread[#29,multiThreadIoEventLoopGroup-3-4,10,main] (event-loop arena buffers are thread confined)
	at io.netty.buffer.CycleArenaAllocator$ArenaBuf.violation(CycleArenaAllocator.java:1448)
	at io.netty.buffer.CycleArenaAllocator$ArenaBuf.retain(CycleArenaAllocator.java:1351)
	at io.netty.buffer.AbstractDerivedByteBuf.retain0(AbstractDerivedByteBuf.java:58)
	at io.netty.buffer.AbstractDerivedByteBuf.retain(AbstractDerivedByteBuf.java:54)
	at io.netty.channel.uring.IoUringSocketChannel$IoUringSocketUnsafe.handleWriteCompleteZeroCopy(IoUringSocketChannel.java:220)
	at io.netty.channel.uring.IoUringSocketChannel$IoUringSocketUnsafe.writeComplete0(IoUringSocketChannel.java:186)
	at io.netty.channel.uring.AbstractIoUringChannel$AbstractUringUnsafe.writeComplete(AbstractIoUringChannel.java:1003)
	at io.netty.channel.uring.AbstractIoUringChannel$AbstractUringUnsafe.handle(AbstractIoUringChannel.java:474)
	at io.netty.channel.uring.IoUringIoHandler$DefaultIoUringIoRegistration.handle(IoUringIoHandler.java:705)
	at io.netty.channel.uring.IoUringIoHandler.handleFastPath(IoUringIoHandler.java:318)
	at io.netty.channel.uring.IoUringIoHandler.handle(IoUringIoHandler.java:298)
	at io.netty.channel.uring.CompletionQueue.process(CompletionQueue.java:151)
	at io.netty.channel.uring.IoUringIoHandler.processCompletionsAndHandleOverflow(IoUringIoHandler.java:213)
	at io.netty.channel.uring.IoUringIoHandler.run(IoUringIoHandler.java:188)
	at io.netty.channel.SingleThreadIoEventLoop.runIo(SingleThreadIoEventLoop.java:225)
	at io.netty.channel.SingleThreadIoEventLoop.run(SingleThreadIoEventLoop.java:196)
	at io.netty.util.concurrent.SingleThreadEventExecutor$5.run(SingleThreadEventExecutor.java:1204)
	at io.netty.util.internal.ThreadExecutorMap$2.run(ThreadExecutorMap.java:74)
	at io.netty.util.concurrent.FastThreadLocalRunnable.run(FastThreadLocalRunnable.java:30)
	at java.base/java.lang.Thread.run(Thread.java:1583)
07:12:25.521 [multiThreadIoEventLoopGroup-3-2] WARN  i.n.channel.uring.IoUringIoHandler - Unexpected exception in the IO event loop.
java.lang.IllegalStateException: arena buffer of Thread[#32,multiThreadIoEventLoopGroup-4-3,10,main] touched from Thread[#27,multiThreadIoEventLoopGroup-3-2,10,main] (event-loop arena buffers are thread confined)
	at io.netty.buffer.CycleArenaAllocator$ArenaBuf.violation(CycleArenaAllocator.java:1448)
	at io.netty.buffer.CycleArenaAllocator$ArenaBuf.release(CycleArenaAllocator.java:1377)
	at io.netty.buffer.AbstractDerivedByteBuf.release0(AbstractDerivedByteBuf.java:98)
	at io.netty.buffer.AbstractDerivedByteBuf.release(AbstractDerivedByteBuf.java:94)
	at io.netty.channel.uring.IoUringSocketChannel$IoUringSocketUnsafe.handleWriteCompleteZeroCopy(IoUringSocketChannel.java:289)
	at io.netty.channel.uring.IoUringSocketChannel$IoUringSocketUnsafe.writeComplete0(IoUringSocketChannel.java:186)
	at io.netty.channel.uring.AbstractIoUringChannel$AbstractUringUnsafe.writeComplete(AbstractIoUringChannel.java:1003)
	at io.netty.channel.uring.AbstractIoUringChannel$AbstractUringUnsafe.handle(AbstractIoUringChannel.java:474)
	at io.netty.channel.uring.IoUringIoHandler$DefaultIoUringIoRegistration.handle(IoUringIoHandler.java:705)
	at io.netty.channel.uring.IoUringIoHandler.handleFastPath(IoUringIoHandler.java:318)
	at io.netty.channel.uring.IoUringIoHandler.handle(IoUringIoHandler.java:298)
	at io.netty.channel.uring.CompletionQueue.process(CompletionQueue.java:151)
	at io.netty.channel.uring.IoUringIoHandler.processCompletionsAndHandleOverflow(IoUringIoHandler.java:213)
	at io.netty.channel.uring.IoUringIoHandler.run(IoUringIoHandler.java:188)
	at io.netty.channel.SingleThreadIoEventLoop.runIo(SingleThreadIoEventLoop.java:225)
	at io.netty.channel.SingleThreadIoEventLoop.run(SingleThreadIoEventLoop.java:196)
	at io.netty.util.concurrent.SingleThreadEventExecutor$5.run(SingleThreadEventExecutor.java:1204)
	at io.netty.util.internal.ThreadExecutorMap$2.run(ThreadExecutorMap.java:74)
	at io.netty.util.concurrent.FastThreadLocalRunnable.run(FastThreadLocalRunnable.java:30)
	at java.base/java.lang.Thread.run(Thread.java:1583)
07:12:25.521 [multiThreadIoEventLoopGroup-4-2] WARN  io.netty.util.ReferenceCountUtil - Failed to release a message: UnpooledSlicedByteBuf(ridx: 0, widx: 1782, cap: 1782/1782, unwrapped: CycleArenaAllocator$ArenaBuf(ridx: 0, widx: 5977, cap: 8192))
java.lang.IllegalStateException: arena buffer of Thread[#28,multiThreadIoEventLoopGroup-3-3,10,main] touched from Thread[#31,multiThreadIoEventLoopGroup-4-2,10,main] (event-loop arena buffers are thread confined)
	at io.netty.buffer.CycleArenaAllocator$ArenaBuf.violation(CycleArenaAllocator.java:1448)
	at io.netty.buffer.CycleArenaAllocator$ArenaBuf.release(CycleArenaAllocator.java:1377)
	at io.netty.buffer.AbstractDerivedByteBuf.release0(AbstractDerivedByteBuf.java:98)
	at io.netty.buffer.AbstractDerivedByteBuf.release(AbstractDerivedByteBuf.java:94)
	at io.netty.util.ReferenceCountUtil.release(ReferenceCountUtil.java:90)
	at io.netty.util.ReferenceCountUtil.safeRelease(ReferenceCountUtil.java:116)
	at io.netty.channel.ChannelOutboundBuffer.remove(ChannelOutboundBuffer.java:300)
	at io.netty.channel.ChannelOutboundBuffer.removeBytes(ChannelOutboundBuffer.java:382)
	at io.netty.channel.uring.AbstractIoUringStreamChannel$IoUringStreamUnsafe.writeComplete0(AbstractIoUringStreamChannel.java:692)
	at io.netty.channel.uring.IoUringSocketChannel$IoUringSocketUnsafe.writeComplete0(IoUringSocketChannel.java:188)
	at io.netty.channel.uring.AbstractIoUringChannel$AbstractUringUnsafe.writeComplete(AbstractIoUringChannel.java:1003)
	at io.netty.channel.uring.AbstractIoUringChannel$AbstractUringUnsafe.handle(AbstractIoUringChannel.java:474)
	at io.netty.channel.uring.IoUringIoHandler$DefaultIoUringIoRegistration.handle(IoUringIoHandler.java:705)
	at io.netty.channel.uring.IoUringIoHandler.handleFastPath(IoUringIoHandler.java:318)
	at io.netty.channel.uring.IoUringIoHandler.handle(IoUringIoHandler.java:298)
	at io.netty.channel.uring.CompletionQueue.process(CompletionQueue.java:151)
	at io.netty.channel.uring.IoUringIoHandler.processCompletionsAndHandleOverflow(IoUringIoHandler.java:213)
	at io.netty.channel.uring.IoUringIoHandler.run(IoUringIoHandler.java:188)
	at io.netty.channel.SingleThreadIoEventLoop.runIo(SingleThreadIoEventLoop.java:225)
	at io.netty.channel.SingleThreadIoEventLoop.run(SingleThreadIoEventLoop.java:196)
	at io.netty.util.concurrent.SingleThreadEventExecutor$5.run(SingleThreadEventExecutor.java:1204)
	at io.netty.util.internal.ThreadExecutorMap$2.run(ThreadExecutorMap.java:74)
	at io.netty.util.concurrent.FastThreadLocalRunnable.run(FastThreadLocalRunnable.java:30)
	at java.base/java.lang.Thread.run(Thread.java:1583)
07:12:25.522 [multiThreadIoEventLoopGroup-4-2] WARN  i.n.channel.uring.IoUringIoHandler - Unexpected exception in the IO event loop.
java.lang.IllegalStateException: arena buffer of Thread[#28,multiThreadIoEventLoopGroup-3-3,10,main] touched from Thread[#31,multiThreadIoEventLoopGroup-4-2,10,main] (event-loop arena buffers are thread confined)
	at io.netty.buffer.CycleArenaAllocator$ArenaBuf.violation(CycleArenaAllocator.java:1448)
	at io.netty.buffer.CycleArenaAllocator$ArenaBuf.release(CycleArenaAllocator.java:1377)
	at io.netty.buffer.AbstractDerivedByteBuf.release0(AbstractDerivedByteBuf.java:98)
	at io.netty.buffer.AbstractDerivedByteBuf.release(AbstractDerivedByteBuf.java:94)
	at io.netty.channel.uring.IoUringSocketChannel$IoUringSocketUnsafe.handleWriteCompleteZeroCopy(IoUringSocketChannel.java:289)
	at io.netty.channel.uring.IoUringSocketChannel$IoUringSocketUnsafe.writeComplete0(IoUringSocketChannel.java:186)
	at io.netty.channel.uring.AbstractIoUringChannel$AbstractUringUnsafe.writeComplete(AbstractIoUringChannel.java:1003)
	at io.netty.channel.uring.AbstractIoUringChannel$AbstractUringUnsafe.handle(AbstractIoUringChannel.java:474)
	at io.netty.channel.uring.IoUringIoHandler$DefaultIoUringIoRegistration.handle(IoUringIoHandler.java:705)
	at io.netty.channel.uring.IoUringIoHandler.handleFastPath(IoUringIoHandler.java:318)
	at io.netty.channel.uring.IoUringIoHandler.handle(IoUringIoHandler.java:298)
	at io.netty.channel.uring.CompletionQueue.process(CompletionQueue.java:151)
	at io.netty.channel.uring.IoUringIoHandler.processCompletionsAndHandleOverflow(IoUringIoHandler.java:213)
	at io.netty.channel.uring.IoUringIoHandler.run(IoUringIoHandler.java:188)
	at io.netty.channel.SingleThreadIoEventLoop.runIo(SingleThreadIoEventLoop.java:225)
	at io.netty.channel.SingleThreadIoEventLoop.run(SingleThreadIoEventLoop.java:196)
	at io.netty.util.concurrent.SingleThreadEventExecutor$5.run(SingleThreadEventExecutor.java:1204)
	at io.netty.util.internal.ThreadExecutorMap$2.run(ThreadExecutorMap.java:74)
	at io.netty.util.concurrent.FastThreadLocalRunnable.run(FastThreadLocalRunnable.java:30)
	at java.base/java.lang.Thread.run(Thread.java:1583)
07:12:25.522 [multiThreadIoEventLoopGroup-3-3] WARN  io.netty.util.ReferenceCountUtil - Failed to release a message: UnpooledSlicedByteBuf(ridx: 0, widx: 2795, cap: 2795/2795, unwrapped: CycleArenaAllocator$ArenaBuf(ridx: 0, widx: 8192, cap: 8192))
java.lang.IllegalStateException: arena buffer of Thread[#32,multiThreadIoEventLoopGroup-4-3,10,main] touched from Thread[#28,multiThreadIoEventLoopGroup-3-3,10,main] (event-loop arena buffers are thread confined)
	at io.netty.buffer.CycleArenaAllocator$ArenaBuf.violation(CycleArenaAllocator.java:1448)
	at io.netty.buffer.CycleArenaAllocator$ArenaBuf.release(CycleArenaAllocator.java:1377)
	at io.netty.buffer.AbstractDerivedByteBuf.release0(AbstractDerivedByteBuf.java:98)
	at io.netty.buffer.AbstractDerivedByteBuf.release(AbstractDerivedByteBuf.java:94)
	at io.netty.util.ReferenceCountUtil.release(ReferenceCountUtil.java:90)
	at io.netty.util.ReferenceCountUtil.safeRelease(ReferenceCountUtil.java:116)
	at io.netty.channel.ChannelOutboundBuffer.remove(ChannelOutboundBuffer.java:300)
	at io.netty.channel.ChannelOutboundBuffer.removeBytes(ChannelOutboundBuffer.java:382)
	at io.netty.channel.uring.AbstractIoUringStreamChannel$IoUringStreamUnsafe.writeComplete0(AbstractIoUringStreamChannel.java:692)
	at io.netty.channel.uring.IoUringSocketChannel$IoUringSocketUnsafe.writeComplete0(IoUringSocketChannel.java:188)
	at io.netty.channel.uring.AbstractIoUringChannel$AbstractUringUnsafe.writeComplete(AbstractIoUringChannel.java:1003)
	at io.netty.channel.uring.AbstractIoUringChannel$AbstractUringUnsafe.handle(AbstractIoUringChannel.java:474)
	at io.netty.channel.uring.IoUringIoHandler$DefaultIoUringIoRegistration.handle(IoUringIoHandler.java:705)
	at io.netty.channel.uring.IoUringIoHandler.handleFastPath(IoUringIoHandler.java:318)
	at io.netty.channel.uring.IoUringIoHandler.handle(IoUringIoHandler.java:298)
	at io.netty.channel.uring.CompletionQueue.process(CompletionQueue.java:151)
	at io.netty.channel.uring.IoUringIoHandler.processCompletionsAndHandleOverflow(IoUringIoHandler.java:213)
	at io.netty.channel.uring.IoUringIoHandler.run(IoUringIoHandler.java:188)
	at io.netty.channel.SingleThreadIoEventLoop.runIo(SingleThreadIoEventLoop.java:225)
	at io.netty.channel.SingleThreadIoEventLoop.run(SingleThreadIoEventLoop.java:196)
	at io.netty.util.concurrent.SingleThreadEventExecutor$5.run(SingleThreadEventExecutor.java:1204)
	at io.netty.util.internal.ThreadExecutorMap$2.run(ThreadExecutorMap.java:74)
	at io.netty.util.concurrent.FastThreadLocalRunnable.run(FastThreadLocalRunnable.java:30)
	at java.base/java.lang.Thread.run(Thread.java:1583)
07:12:25.526 [multiThreadIoEventLoopGroup-3-3] WARN  i.n.channel.uring.IoUringIoHandler - Unexpected exception in the IO event loop.
java.lang.IllegalStateException: arena buffer of Thread[#32,multiThreadIoEventLoopGroup-4-3,10,main] touched from Thread[#28,multiThreadIoEventLoopGroup-3-3,10,main] (event-loop arena buffers are thread confined)
	at io.netty.buffer.CycleArenaAllocator$ArenaBuf.violation(CycleArenaAllocator.java:1448)
	at io.netty.buffer.CycleArenaAllocator$ArenaBuf.retain(CycleArenaAllocator.java:1351)
	at io.netty.buffer.AbstractDerivedByteBuf.retain0(AbstractDerivedByteBuf.java:58)
	at io.netty.buffer.AbstractDerivedByteBuf.retain(AbstractDerivedByteBuf.java:54)
	at io.netty.channel.uring.IoUringSocketChannel$IoUringSocketUnsafe.handleWriteCompleteZeroCopy(IoUringSocketChannel.java:220)
	at io.netty.channel.uring.IoUringSocketChannel$IoUringSocketUnsafe.writeComplete0(IoUringSocketChannel.java:186)
	at io.netty.channel.uring.AbstractIoUringChannel$AbstractUringUnsafe.writeComplete(AbstractIoUringChannel.java:1003)
	at io.netty.channel.uring.AbstractIoUringChannel$AbstractUringUnsafe.handle(AbstractIoUringChannel.java:474)
	at io.netty.channel.uring.IoUringIoHandler$DefaultIoUringIoRegistration.handle(IoUringIoHandler.java:705)
	at io.netty.channel.uring.IoUringIoHandler.handleFastPath(IoUringIoHandler.java:318)
	at io.netty.channel.uring.IoUringIoHandler.handle(IoUringIoHandler.java:298)
	at io.netty.channel.uring.CompletionQueue.process(CompletionQueue.java:151)
	at io.netty.channel.uring.IoUringIoHandler.processCompletionsAndHandleOverflow(IoUringIoHandler.java:213)
	at io.netty.channel.uring.IoUringIoHandler.run(IoUringIoHandler.java:188)
	at io.netty.channel.SingleThreadIoEventLoop.runIo(SingleThreadIoEventLoop.java:225)
	at io.netty.channel.SingleThreadIoEventLoop.run(SingleThreadIoEventLoop.java:196)
	at io.netty.util.concurrent.SingleThreadEventExecutor$5.run(SingleThreadEventExecutor.java:1204)
	at io.netty.util.internal.ThreadExecutorMap$2.run(ThreadExecutorMap.java:74)
	at io.netty.util.concurrent.FastThreadLocalRunnable.run(FastThreadLocalRunnable.java:30)
	at java.base/java.lang.Thread.run(Thread.java:1583)
07:12:25.538 [multiThreadIoEventLoopGroup-3-1] WARN  io.netty.util.ReferenceCountUtil - Failed to release a message: UnpooledSlicedByteBuf(ridx: 0, widx: 138, cap: 138/138, unwrapped: CycleArenaAllocator$ArenaBuf(ridx: 0, widx: 8192, cap: 8192))
java.lang.IllegalStateException: arena buffer of Thread[#31,multiThreadIoEventLoopGroup-4-2,10,main] touched from Thread[#26,multiThreadIoEventLoopGroup-3-1,10,main] (event-loop arena buffers are thread confined)
	at io.netty.buffer.CycleArenaAllocator$ArenaBuf.violation(CycleArenaAllocator.java:1448)
	at io.netty.buffer.CycleArenaAllocator$ArenaBuf.release(CycleArenaAllocator.java:1377)
	at io.netty.buffer.AbstractDerivedByteBuf.release0(AbstractDerivedByteBuf.java:98)
	at io.netty.buffer.AbstractDerivedByteBuf.release(AbstractDerivedByteBuf.java:94)
	at io.netty.util.ReferenceCountUtil.release(ReferenceCountUtil.java:90)
	at io.netty.util.ReferenceCountUtil.safeRelease(ReferenceCountUtil.java:116)
	at io.netty.channel.ChannelOutboundBuffer.remove(ChannelOutboundBuffer.java:300)
	at io.netty.channel.ChannelOutboundBuffer.removeBytes(ChannelOutboundBuffer.java:382)
	at io.netty.channel.uring.AbstractIoUringStreamChannel$IoUringStreamUnsafe.writeComplete0(AbstractIoUringStreamChannel.java:692)
	at io.netty.channel.uring.IoUringSocketChannel$IoUringSocketUnsafe.writeComplete0(IoUringSocketChannel.java:188)
	at io.netty.channel.uring.AbstractIoUringChannel$AbstractUringUnsafe.writeComplete(AbstractIoUringChannel.java:1003)
	at io.netty.channel.uring.AbstractIoUringChannel$AbstractUringUnsafe.handle(AbstractIoUringChannel.java:474)
	at io.netty.channel.uring.IoUringIoHandler$DefaultIoUringIoRegistration.handle(IoUringIoHandler.java:705)
	at io.netty.channel.uring.IoUringIoHandler.handleFastPath(IoUringIoHandler.java:318)
	at io.netty.channel.uring.IoUringIoHandler.handle(IoUringIoHandler.java:298)
	at io.netty.channel.uring.CompletionQueue.process(CompletionQueue.java:151)
	at io.netty.channel.uring.IoUringIoHandler.processCompletionsAndHandleOverflow(IoUringIoHandler.java:213)
	at io.netty.channel.uring.IoUringIoHandler.run(IoUringIoHandler.java:188)
	at io.netty.channel.SingleThreadIoEventLoop.runIo(SingleThreadIoEventLoop.java:225)
	at io.netty.channel.SingleThreadIoEventLoop.run(SingleThreadIoEventLoop.java:196)
	at io.netty.util.concurrent.SingleThreadEventExecutor$5.run(SingleThreadEventExecutor.java:1204)
	at io.netty.util.internal.ThreadExecutorMap$2.run(ThreadExecutorMap.java:74)
	at io.netty.util.concurrent.FastThreadLocalRunnable.run(FastThreadLocalRunnable.java:30)
	at java.base/java.lang.Thread.run(Thread.java:1583)
07:12:25.538 [multiThreadIoEventLoopGroup-3-1] WARN  i.n.channel.uring.IoUringIoHandler - Unexpected exception in the IO event loop.
java.lang.IllegalStateException: arena buffer of Thread[#32,multiThreadIoEventLoopGroup-4-3,10,main] touched from Thread[#26,multiThreadIoEventLoopGroup-3-1,10,main] (event-loop arena buffers are thread confined)
	at io.netty.buffer.CycleArenaAllocator$ArenaBuf.violation(CycleArenaAllocator.java:1448)
	at io.netty.buffer.CycleArenaAllocator$ArenaBuf.retain(CycleArenaAllocator.java:1351)
	at io.netty.buffer.AbstractDerivedByteBuf.retain0(AbstractDerivedByteBuf.java:58)
	at io.netty.buffer.AbstractDerivedByteBuf.retain(AbstractDerivedByteBuf.java:54)
	at io.netty.channel.uring.IoUringSocketChannel$IoUringSocketUnsafe.handleWriteCompleteZeroCopy(IoUringSocketChannel.java:220)
	at io.netty.channel.uring.IoUringSocketChannel$IoUringSocketUnsafe.writeComplete0(IoUringSocketChannel.java:186)
	at io.netty.channel.uring.AbstractIoUringChannel$AbstractUringUnsafe.writeComplete(AbstractIoUringChannel.java:1003)
	at io.netty.channel.uring.AbstractIoUringChannel$AbstractUringUnsafe.handle(AbstractIoUringChannel.java:474)
	at io.netty.channel.uring.IoUringIoHandler$DefaultIoUringIoRegistration.handle(IoUringIoHandler.java:705)
	at io.netty.channel.uring.IoUringIoHandler.handleFastPath(IoUringIoHandler.java:318)
	at io.netty.channel.uring.IoUringIoHandler.handle(IoUringIoHandler.java:298)
	at io.netty.channel.uring.CompletionQueue.process(CompletionQueue.java:151)
	at io.netty.channel.uring.IoUringIoHandler.processCompletionsAndHandleOverflow(IoUringIoHandler.java:213)
	at io.netty.channel.uring.IoUringIoHandler.run(IoUringIoHandler.java:188)
	at io.netty.channel.SingleThreadIoEventLoop.runIo(SingleThreadIoEventLoop.java:225)
	at io.netty.channel.SingleThreadIoEventLoop.run(SingleThreadIoEventLoop.java:196)
	at io.netty.util.concurrent.SingleThreadEventExecutor$5.run(SingleThreadEventExecutor.java:1204)
	at io.netty.util.internal.ThreadExecutorMap$2.run(ThreadExecutorMap.java:74)
	at io.netty.util.concurrent.FastThreadLocalRunnable.run(FastThreadLocalRunnable.java:30)
	at java.base/java.lang.Thread.run(Thread.java:1583)
07:12:25.542 [multiThreadIoEventLoopGroup-3-4] WARN  i.n.channel.uring.IoUringIoHandler - Unexpected exception in the IO event loop.
java.lang.IllegalStateException: arena buffer of Thread[#31,multiThreadIoEventLoopGroup-4-2,10,main] touched from Thread[#29,multiThreadIoEventLoopGroup-3-4,10,main] (event-loop arena buffers are thread confined)
	at io.netty.buffer.CycleArenaAllocator$ArenaBuf.violation(CycleArenaAllocator.java:1448)
	at io.netty.buffer.CycleArenaAllocator$ArenaBuf.retain(CycleArenaAllocator.java:1351)
	at io.netty.buffer.AbstractDerivedByteBuf.retain0(AbstractDerivedByteBuf.java:58)
	at io.netty.buffer.AbstractDerivedByteBuf.retain(AbstractDerivedByteBuf.java:54)
	at io.netty.channel.uring.IoUringSocketChannel$IoUringSocketUnsafe.handleWriteCompleteZeroCopy(IoUringSocketChannel.java:220)
	at io.netty.channel.uring.IoUringSocketChannel$IoUringSocketUnsafe.writeComplete0(IoUringSocketChannel.java:186)
	at io.netty.channel.uring.AbstractIoUringChannel$AbstractUringUnsafe.writeComplete(AbstractIoUringChannel.java:1003)
	at io.netty.channel.uring.AbstractIoUringChannel$AbstractUringUnsafe.handle(AbstractIoUringChannel.java:474)
	at io.netty.channel.uring.IoUringIoHandler$DefaultIoUringIoRegistration.handle(IoUringIoHandler.java:705)
	at io.netty.channel.uring.IoUringIoHandler.handleFastPath(IoUringIoHandler.java:318)
	at io.netty.channel.uring.IoUringIoHandler.handle(IoUringIoHandler.java:298)
	at io.netty.channel.uring.CompletionQueue.process(CompletionQueue.java:151)
	at io.netty.channel.uring.IoUringIoHandler.processCompletionsAndHandleOverflow(IoUringIoHandler.java:213)
	at io.netty.channel.uring.IoUringIoHandler.run(IoUringIoHandler.java:188)
	at io.netty.channel.SingleThreadIoEventLoop.runIo(SingleThreadIoEventLoop.java:225)
	at io.netty.channel.SingleThreadIoEventLoop.run(SingleThreadIoEventLoop.java:196)
	at io.netty.util.concurrent.SingleThreadEventExecutor$5.run(SingleThreadEventExecutor.java:1204)
	at io.netty.util.internal.ThreadExecutorMap$2.run(ThreadExecutorMap.java:74)
	at io.netty.util.concurrent.FastThreadLocalRunnable.run(FastThreadLocalRunnable.java:30)
	at java.base/java.lang.Thread.run(Thread.java:1583)
07:12:25.621 [multiThreadIoEventLoopGroup-3-2] WARN  io.netty.util.ReferenceCountUtil - Failed to release a message: UnpooledSlicedByteBuf(ridx: 0, widx: 744, cap: 744/744, unwrapped: CycleArenaAllocator$ArenaBuf(ridx: 0, widx: 8192, cap: 8192))
java.lang.IllegalStateException: arena buffer of Thread[#31,multiThreadIoEventLoopGroup-4-2,10,main] touched from Thread[#27,multiThreadIoEventLoopGroup-3-2,10,main] (event-loop arena buffers are thread confined)
	at io.netty.buffer.CycleArenaAllocator$ArenaBuf.violation(CycleArenaAllocator.java:1448)
	at io.netty.buffer.CycleArenaAllocator$ArenaBuf.release(CycleArenaAllocator.java:1377)
	at io.netty.buffer.AbstractDerivedByteBuf.release0(AbstractDerivedByteBuf.java:98)
	at io.netty.buffer.AbstractDerivedByteBuf.release(AbstractDerivedByteBuf.java:94)
	at io.netty.util.ReferenceCountUtil.release(ReferenceCountUtil.java:90)
	at io.netty.util.ReferenceCountUtil.safeRelease(ReferenceCountUtil.java:116)
	at io.netty.channel.ChannelOutboundBuffer.remove(ChannelOutboundBuffer.java:300)
	at io.netty.channel.ChannelOutboundBuffer.removeBytes(ChannelOutboundBuffer.java:382)
	at io.netty.channel.uring.AbstractIoUringStreamChannel$IoUringStreamUnsafe.writeComplete0(AbstractIoUringStreamChannel.java:692)
	at io.netty.channel.uring.IoUringSocketChannel$IoUringSocketUnsafe.writeComplete0(IoUringSocketChannel.java:188)
	at io.netty.channel.uring.AbstractIoUringChannel$AbstractUringUnsafe.writeComplete(AbstractIoUringChannel.java:1003)
	at io.netty.channel.uring.AbstractIoUringChannel$AbstractUringUnsafe.handle(AbstractIoUringChannel.java:474)
	at io.netty.channel.uring.IoUringIoHandler$DefaultIoUringIoRegistration.handle(IoUringIoHandler.java:705)
	at io.netty.channel.uring.IoUringIoHandler.handleFastPath(IoUringIoHandler.java:318)
	at io.netty.channel.uring.IoUringIoHandler.handle(IoUringIoHandler.java:298)
	at io.netty.channel.uring.CompletionQueue.process(CompletionQueue.java:151)
	at io.netty.channel.uring.IoUringIoHandler.processCompletionsAndHandleOverflow(IoUringIoHandler.java:213)
	at io.netty.channel.uring.IoUringIoHandler.run(IoUringIoHandler.java:188)
	at io.netty.channel.SingleThreadIoEventLoop.runIo(SingleThreadIoEventLoop.java:225)
	at io.netty.channel.SingleThreadIoEventLoop.run(SingleThreadIoEventLoop.java:196)
	at io.netty.util.concurrent.SingleThreadEventExecutor$5.run(SingleThreadEventExecutor.java:1204)
	at io.netty.util.internal.ThreadExecutorMap$2.run(ThreadExecutorMap.java:74)
	at io.netty.util.concurrent.FastThreadLocalRunnable.run(FastThreadLocalRunnable.java:30)
	at java.base/java.lang.Thread.run(Thread.java:1583)
07:12:25.622 [multiThreadIoEventLoopGroup-3-2] WARN  io.netty.util.ReferenceCountUtil - Failed to release a message: UnpooledSlicedByteBuf(ridx: 0, widx: 1615, cap: 1615/1615, unwrapped: CycleArenaAllocator$ArenaBuf(ridx: 0, widx: 8192, cap: 8192))
java.lang.IllegalStateException: arena buffer of Thread[#31,multiThreadIoEventLoopGroup-4-2,10,main] touched from Thread[#27,multiThreadIoEventLoopGroup-3-2,10,main] (event-loop arena buffers are thread confined)
	at io.netty.buffer.CycleArenaAllocator$ArenaBuf.violation(CycleArenaAllocator.java:1448)
	at io.netty.buffer.CycleArenaAllocator$ArenaBuf.release(CycleArenaAllocator.java:1377)
	at io.netty.buffer.AbstractDerivedByteBuf.release0(AbstractDerivedByteBuf.java:98)
	at io.netty.buffer.AbstractDerivedByteBuf.release(AbstractDerivedByteBuf.java:94)
	at io.netty.util.ReferenceCountUtil.release(ReferenceCountUtil.java:90)
	at io.netty.util.ReferenceCountUtil.safeRelease(ReferenceCountUtil.java:116)
	at io.netty.channel.ChannelOutboundBuffer.remove(ChannelOutboundBuffer.java:300)
	at io.netty.channel.ChannelOutboundBuffer.removeBytes(ChannelOutboundBuffer.java:382)
	at io.netty.channel.uring.AbstractIoUringStreamChannel$IoUringStreamUnsafe.writeComplete0(AbstractIoUringStreamChannel.java:692)
	at io.netty.channel.uring.IoUringSocketChannel$IoUringSocketUnsafe.writeComplete0(IoUringSocketChannel.java:188)
	at io.netty.channel.uring.AbstractIoUringChannel$AbstractUringUnsafe.writeComplete(AbstractIoUringChannel.java:1003)
	at io.netty.channel.uring.AbstractIoUringChannel$AbstractUringUnsafe.handle(AbstractIoUringChannel.java:474)
	at io.netty.channel.uring.IoUringIoHandler$DefaultIoUringIoRegistration.handle(IoUringIoHandler.java:705)
	at io.netty.channel.uring.IoUringIoHandler.handleFastPath(IoUringIoHandler.java:318)
	at io.netty.channel.uring.IoUringIoHandler.handle(IoUringIoHandler.java:298)
	at io.netty.channel.uring.CompletionQueue.process(CompletionQueue.java:151)
	at io.netty.channel.uring.IoUringIoHandler.processCompletionsAndHandleOverflow(IoUringIoHandler.java:213)
	at io.netty.channel.uring.IoUringIoHandler.run(IoUringIoHandler.java:188)
	at io.netty.channel.SingleThreadIoEventLoop.runIo(SingleThreadIoEventLoop.java:225)
	at io.netty.channel.SingleThreadIoEventLoop.run(SingleThreadIoEventLoop.java:196)
	at io.netty.util.concurrent.SingleThreadEventExecutor$5.run(SingleThreadEventExecutor.java:1204)
	at io.netty.util.internal.ThreadExecutorMap$2.run(ThreadExecutorMap.java:74)
	at io.netty.util.concurrent.FastThreadLocalRunnable.run(FastThreadLocalRunnable.java:30)
	at java.base/java.lang.Thread.run(Thread.java:1583)
07:12:25.622 [multiThreadIoEventLoopGroup-3-2] WARN  io.netty.util.ReferenceCountUtil - Failed to release a message: UnpooledSlicedByteBuf(ridx: 0, widx: 871, cap: 871/871, unwrapped: CycleArenaAllocator$ArenaBuf(ridx: 0, widx: 8192, cap: 8192))
java.lang.IllegalStateException: arena buffer of Thread[#32,multiThreadIoEventLoopGroup-4-3,10,main] touched from Thread[#27,multiThreadIoEventLoopGroup-3-2,10,main] (event-loop arena buffers are thread confined)
	at io.netty.buffer.CycleArenaAllocator$ArenaBuf.violation(CycleArenaAllocator.java:1448)
	at io.netty.buffer.CycleArenaAllocator$ArenaBuf.release(CycleArenaAllocator.java:1377)
	at io.netty.buffer.AbstractDerivedByteBuf.release0(AbstractDerivedByteBuf.java:98)
	at io.netty.buffer.AbstractDerivedByteBuf.release(AbstractDerivedByteBuf.java:94)
	at io.netty.util.ReferenceCountUtil.release(ReferenceCountUtil.java:90)
	at io.netty.util.ReferenceCountUtil.safeRelease(ReferenceCountUtil.java:116)
	at io.netty.channel.ChannelOutboundBuffer.remove(ChannelOutboundBuffer.java:300)
	at io.netty.channel.ChannelOutboundBuffer.removeBytes(ChannelOutboundBuffer.java:382)
	at io.netty.channel.uring.AbstractIoUringStreamChannel$IoUringStreamUnsafe.writeComplete0(AbstractIoUringStreamChannel.java:692)
	at io.netty.channel.uring.IoUringSocketChannel$IoUringSocketUnsafe.writeComplete0(IoUringSocketChannel.java:188)
	at io.netty.channel.uring.AbstractIoUringChannel$AbstractUringUnsafe.writeComplete(AbstractIoUringChannel.java:1003)
	at io.netty.channel.uring.AbstractIoUringChannel$AbstractUringUnsafe.handle(AbstractIoUringChannel.java:474)
	at io.netty.channel.uring.IoUringIoHandler$DefaultIoUringIoRegistration.handle(IoUringIoHandler.java:705)
	at io.netty.channel.uring.IoUringIoHandler.handleFastPath(IoUringIoHandler.java:318)
	at io.netty.channel.uring.IoUringIoHandler.handle(IoUringIoHandler.java:298)
	at io.netty.channel.uring.CompletionQueue.process(CompletionQueue.java:151)
	at io.netty.channel.uring.IoUringIoHandler.processCompletionsAndHandleOverflow(IoUringIoHandler.java:213)
	at io.netty.channel.uring.IoUringIoHandler.run(IoUringIoHandler.java:188)
	at io.netty.channel.SingleThreadIoEventLoop.runIo(SingleThreadIoEventLoop.java:225)
	at io.netty.channel.SingleThreadIoEventLoop.run(SingleThreadIoEventLoop.java:196)
	at io.netty.util.concurrent.SingleThreadEventExecutor$5.run(SingleThreadEventExecutor.java:1204)
	at io.netty.util.internal.ThreadExecutorMap$2.run(ThreadExecutorMap.java:74)
	at io.netty.util.concurrent.FastThreadLocalRunnable.run(FastThreadLocalRunnable.java:30)
	at java.base/java.lang.Thread.run(Thread.java:1583)
07:12:25.622 [multiThreadIoEventLoopGroup-3-2] WARN  i.n.channel.uring.IoUringIoHandler - Unexpected exception in the IO event loop.
java.lang.IllegalStateException: arena buffer of Thread[#32,multiThreadIoEventLoopGroup-4-3,10,main] touched from Thread[#27,multiThreadIoEventLoopGroup-3-2,10,main] (event-loop arena buffers are thread confined)
	at io.netty.buffer.CycleArenaAllocator$ArenaBuf.violation(CycleArenaAllocator.java:1448)
	at io.netty.buffer.CycleArenaAllocator$ArenaBuf.retain(CycleArenaAllocator.java:1351)
	at io.netty.buffer.AbstractDerivedByteBuf.retain0(AbstractDerivedByteBuf.java:58)
	at io.netty.buffer.AbstractDerivedByteBuf.retain(AbstractDerivedByteBuf.java:54)
	at io.netty.channel.uring.IoUringSocketChannel$IoUringSocketUnsafe.handleWriteCompleteZeroCopy(IoUringSocketChannel.java:220)
	at io.netty.channel.uring.IoUringSocketChannel$IoUringSocketUnsafe.writeComplete0(IoUringSocketChannel.java:186)
	at io.netty.channel.uring.AbstractIoUringChannel$AbstractUringUnsafe.writeComplete(AbstractIoUringChannel.java:1003)
	at io.netty.channel.uring.AbstractIoUringChannel$AbstractUringUnsafe.handle(AbstractIoUringChannel.java:474)
	at io.netty.channel.uring.IoUringIoHandler$DefaultIoUringIoRegistration.handle(IoUringIoHandler.java:705)
	at io.netty.channel.uring.IoUringIoHandler.handleFastPath(IoUringIoHandler.java:318)
	at io.netty.channel.uring.IoUringIoHandler.handle(IoUringIoHandler.java:298)
	at io.netty.channel.uring.CompletionQueue.process(CompletionQueue.java:151)
	at io.netty.channel.uring.IoUringIoHandler.processCompletionsAndHandleOverflow(IoUringIoHandler.java:213)
	at io.netty.channel.uring.IoUringIoHandler.run(IoUringIoHandler.java:188)
	at io.netty.channel.SingleThreadIoEventLoop.runIo(SingleThreadIoEventLoop.java:225)
	at io.netty.channel.SingleThreadIoEventLoop.run(SingleThreadIoEventLoop.java:196)
	at io.netty.util.concurrent.SingleThreadEventExecutor$5.run(SingleThreadEventExecutor.java:1204)
	at io.netty.util.internal.ThreadExecutorMap$2.run(ThreadExecutorMap.java:74)
	at io.netty.util.concurrent.FastThreadLocalRunnable.run(FastThreadLocalRunnable.java:30)
	at java.base/java.lang.Thread.run(Thread.java:1583)
07:12:25.629 [multiThreadIoEventLoopGroup-3-3] WARN  io.netty.util.ReferenceCountUtil - Failed to release a message: UnpooledSlicedByteBuf(ridx: 0, widx: 1913, cap: 1913/1913, unwrapped: CycleArenaAllocator$ArenaBuf(ridx: 0, widx: 8192, cap: 8192))
java.lang.IllegalStateException: arena buffer of Thread[#32,multiThreadIoEventLoopGroup-4-3,10,main] touched from Thread[#28,multiThreadIoEventLoopGroup-3-3,10,main] (event-loop arena buffers are thread confined)
	at io.netty.buffer.CycleArenaAllocator$ArenaBuf.violation(CycleArenaAllocator.java:1448)
	at io.netty.buffer.CycleArenaAllocator$ArenaBuf.release(CycleArenaAllocator.java:1377)
	at io.netty.buffer.AbstractDerivedByteBuf.release0(AbstractDerivedByteBuf.java:98)
	at io.netty.buffer.AbstractDerivedByteBuf.release(AbstractDerivedByteBuf.java:94)
	at io.netty.util.ReferenceCountUtil.release(ReferenceCountUtil.java:90)
	at io.netty.util.ReferenceCountUtil.safeRelease(ReferenceCountUtil.java:116)
	at io.netty.channel.ChannelOutboundBuffer.remove(ChannelOutboundBuffer.java:300)
	at io.netty.channel.ChannelOutboundBuffer.removeBytes(ChannelOutboundBuffer.java:382)
	at io.netty.channel.uring.AbstractIoUringStreamChannel$IoUringStreamUnsafe.writeComplete0(AbstractIoUringStreamChannel.java:692)
	at io.netty.channel.uring.IoUringSocketChannel$IoUringSocketUnsafe.writeComplete0(IoUringSocketChannel.java:188)
	at io.netty.channel.uring.AbstractIoUringChannel$AbstractUringUnsafe.writeComplete(AbstractIoUringChannel.java:1003)
	at io.netty.channel.uring.AbstractIoUringChannel$AbstractUringUnsafe.handle(AbstractIoUringChannel.java:474)
	at io.netty.channel.uring.IoUringIoHandler$DefaultIoUringIoRegistration.handle(IoUringIoHandler.java:705)
	at io.netty.channel.uring.IoUringIoHandler.handleFastPath(IoUringIoHandler.java:318)
	at io.netty.channel.uring.IoUringIoHandler.handle(IoUringIoHandler.java:298)
	at io.netty.channel.uring.CompletionQueue.process(CompletionQueue.java:151)
	at io.netty.channel.uring.IoUringIoHandler.processCompletionsAndHandleOverflow(IoUringIoHandler.java:213)
	at io.netty.channel.uring.IoUringIoHandler.run(IoUringIoHandler.java:188)
	at io.netty.channel.SingleThreadIoEventLoop.runIo(SingleThreadIoEventLoop.java:225)
	at io.netty.channel.SingleThreadIoEventLoop.run(SingleThreadIoEventLoop.java:196)
	at io.netty.util.concurrent.SingleThreadEventExecutor$5.run(SingleThreadEventExecutor.java:1204)
	at io.netty.util.internal.ThreadExecutorMap$2.run(ThreadExecutorMap.java:74)
	at io.netty.util.concurrent.FastThreadLocalRunnable.run(FastThreadLocalRunnable.java:30)
	at java.base/java.lang.Thread.run(Thread.java:1583)
07:12:25.629 [multiThreadIoEventLoopGroup-3-3] WARN  io.netty.util.ReferenceCountUtil - Failed to release a message: UnpooledSlicedByteBuf(ridx: 0, widx: 3815, cap: 3815/3815, unwrapped: CycleArenaAllocator$ArenaBuf(ridx: 0, widx: 8192, cap: 8192))
java.lang.IllegalStateException: arena buffer of Thread[#32,multiThreadIoEventLoopGroup-4-3,10,main] touched from Thread[#28,multiThreadIoEventLoopGroup-3-3,10,main] (event-loop arena buffers are thread confined)
	at io.netty.buffer.CycleArenaAllocator$ArenaBuf.violation(CycleArenaAllocator.java:1448)
	at io.netty.buffer.CycleArenaAllocator$ArenaBuf.release(CycleArenaAllocator.java:1377)
	at io.netty.buffer.AbstractDerivedByteBuf.release0(AbstractDerivedByteBuf.java:98)
	at io.netty.buffer.AbstractDerivedByteBuf.release(AbstractDerivedByteBuf.java:94)
	at io.netty.util.ReferenceCountUtil.release(ReferenceCountUtil.java:90)
	at io.netty.util.ReferenceCountUtil.safeRelease(ReferenceCountUtil.java:116)
	at io.netty.channel.ChannelOutboundBuffer.remove(ChannelOutboundBuffer.java:300)
	at io.netty.channel.ChannelOutboundBuffer.removeBytes(ChannelOutboundBuffer.java:382)
	at io.netty.channel.uring.AbstractIoUringStreamChannel$IoUringStreamUnsafe.writeComplete0(AbstractIoUringStreamChannel.java:692)
	at io.netty.channel.uring.IoUringSocketChannel$IoUringSocketUnsafe.writeComplete0(IoUringSocketChannel.java:188)
	at io.netty.channel.uring.AbstractIoUringChannel$AbstractUringUnsafe.writeComplete(AbstractIoUringChannel.java:1003)
	at io.netty.channel.uring.AbstractIoUringChannel$AbstractUringUnsafe.handle(AbstractIoUringChannel.java:474)
	at io.netty.channel.uring.IoUringIoHandler$DefaultIoUringIoRegistration.handle(IoUringIoHandler.java:705)
	at io.netty.channel.uring.IoUringIoHandler.handleFastPath(IoUringIoHandler.java:318)
	at io.netty.channel.uring.IoUringIoHandler.handle(IoUringIoHandler.java:298)
	at io.netty.channel.uring.CompletionQueue.process(CompletionQueue.java:151)
	at io.netty.channel.uring.IoUringIoHandler.processCompletionsAndHandleOverflow(IoUringIoHandler.java:213)
	at io.netty.channel.uring.IoUringIoHandler.run(IoUringIoHandler.java:188)
	at io.netty.channel.SingleThreadIoEventLoop.runIo(SingleThreadIoEventLoop.java:225)
	at io.netty.channel.SingleThreadIoEventLoop.run(SingleThreadIoEventLoop.java:196)
	at io.netty.util.concurrent.SingleThreadEventExecutor$5.run(SingleThreadEventExecutor.java:1204)
	at io.netty.util.internal.ThreadExecutorMap$2.run(ThreadExecutorMap.java:74)
	at io.netty.util.concurrent.FastThreadLocalRunnable.run(FastThreadLocalRunnable.java:30)
	at java.base/java.lang.Thread.run(Thread.java:1583)
07:12:25.630 [multiThreadIoEventLoopGroup-3-3] WARN  i.n.channel.uring.IoUringIoHandler - Unexpected exception in the IO event loop.
java.lang.IllegalStateException: arena buffer of Thread[#32,multiThreadIoEventLoopGroup-4-3,10,main] touched from Thread[#28,multiThreadIoEventLoopGroup-3-3,10,main] (event-loop arena buffers are thread confined)
	at io.netty.buffer.CycleArenaAllocator$ArenaBuf.violation(CycleArenaAllocator.java:1448)
	at io.netty.buffer.CycleArenaAllocator$ArenaBuf.retain(CycleArenaAllocator.java:1351)
	at io.netty.buffer.AbstractDerivedByteBuf.retain0(AbstractDerivedByteBuf.java:58)
	at io.netty.buffer.AbstractDerivedByteBuf.retain(AbstractDerivedByteBuf.java:54)
	at io.netty.channel.uring.IoUringSocketChannel$IoUringSocketUnsafe.handleWriteCompleteZeroCopy(IoUringSocketChannel.java:220)
	at io.netty.channel.uring.IoUringSocketChannel$IoUringSocketUnsafe.writeComplete0(IoUringSocketChannel.java:186)
	at io.netty.channel.uring.AbstractIoUringChannel$AbstractUringUnsafe.writeComplete(AbstractIoUringChannel.java:1003)
	at io.netty.channel.uring.AbstractIoUringChannel$AbstractUringUnsafe.handle(AbstractIoUringChannel.java:474)
	at io.netty.channel.uring.IoUringIoHandler$DefaultIoUringIoRegistration.handle(IoUringIoHandler.java:705)
	at io.netty.channel.uring.IoUringIoHandler.handleFastPath(IoUringIoHandler.java:318)
	at io.netty.channel.uring.IoUringIoHandler.handle(IoUringIoHandler.java:298)
	at io.netty.channel.uring.CompletionQueue.process(CompletionQueue.java:151)
	at io.netty.channel.uring.IoUringIoHandler.processCompletionsAndHandleOverflow(IoUringIoHandler.java:213)
	at io.netty.channel.uring.IoUringIoHandler.run(IoUringIoHandler.java:188)
	at io.netty.channel.SingleThreadIoEventLoop.runIo(SingleThreadIoEventLoop.java:225)
	at io.netty.channel.SingleThreadIoEventLoop.run(SingleThreadIoEventLoop.java:196)
	at io.netty.util.concurrent.SingleThreadEventExecutor$5.run(SingleThreadEventExecutor.java:1204)
	at io.netty.util.internal.ThreadExecutorMap$2.run(ThreadExecutorMap.java:74)
	at io.netty.util.concurrent.FastThreadLocalRunnable.run(FastThreadLocalRunnable.java:30)
	at java.base/java.lang.Thread.run(Thread.java:1583)
07:12:25.639 [multiThreadIoEventLoopGroup-3-1] WARN  i.n.channel.uring.IoUringIoHandler - Unexpected exception in the IO event loop.
java.lang.IllegalStateException: arena buffer of Thread[#32,multiThreadIoEventLoopGroup-4-3,10,main] touched from Thread[#26,multiThreadIoEventLoopGroup-3-1,10,main] (event-loop arena buffers are thread confined)
	at io.netty.buffer.CycleArenaAllocator$ArenaBuf.violation(CycleArenaAllocator.java:1448)
	at io.netty.buffer.CycleArenaAllocator$ArenaBuf.retain(CycleArenaAllocator.java:1351)
	at io.netty.buffer.AbstractDerivedByteBuf.retain0(AbstractDerivedByteBuf.java:58)
	at io.netty.buffer.AbstractDerivedByteBuf.retain(AbstractDerivedByteBuf.java:54)
	at io.netty.channel.uring.IoUringSocketChannel$IoUringSocketUnsafe.handleWriteCompleteZeroCopy(IoUringSocketChannel.java:220)
	at io.netty.channel.uring.IoUringSocketChannel$IoUringSocketUnsafe.writeComplete0(IoUringSocketChannel.java:186)
	at io.netty.channel.uring.AbstractIoUringChannel$AbstractUringUnsafe.writeComplete(AbstractIoUringChannel.java:1003)
	at io.netty.channel.uring.AbstractIoUringChannel$AbstractUringUnsafe.handle(AbstractIoUringChannel.java:474)
	at io.netty.channel.uring.IoUringIoHandler$DefaultIoUringIoRegistration.handle(IoUringIoHandler.java:705)
	at io.netty.channel.uring.IoUringIoHandler.handleFastPath(IoUringIoHandler.java:318)
	at io.netty.channel.uring.IoUringIoHandler.handle(IoUringIoHandler.java:298)
	at io.netty.channel.uring.CompletionQueue.process(CompletionQueue.java:151)
	at io.netty.channel.uring.IoUringIoHandler.processCompletionsAndHandleOverflow(IoUringIoHandler.java:213)
	at io.netty.channel.uring.IoUringIoHandler.run(IoUringIoHandler.java:188)
	at io.netty.channel.SingleThreadIoEventLoop.runIo(SingleThreadIoEventLoop.java:225)
	at io.netty.channel.SingleThreadIoEventLoop.run(SingleThreadIoEventLoop.java:196)
	at io.netty.util.concurrent.SingleThreadEventExecutor$5.run(SingleThreadEventExecutor.java:1204)
	at io.netty.util.internal.ThreadExecutorMap$2.run(ThreadExecutorMap.java:74)
	at io.netty.util.concurrent.FastThreadLocalRunnable.run(FastThreadLocalRunnable.java:30)
	at java.base/java.lang.Thread.run(Thread.java:1583)
07:12:25.646 [multiThreadIoEventLoopGroup-3-4] WARN  io.netty.util.ReferenceCountUtil - Failed to release a message: UnpooledSlicedByteBuf(ridx: 0, widx: 1042, cap: 1042/1042, unwrapped: CycleArenaAllocator$ArenaBuf(ridx: 0, widx: 8192, cap: 8192))
java.lang.IllegalStateException: arena buffer of Thread[#32,multiThreadIoEventLoopGroup-4-3,10,main] touched from Thread[#29,multiThreadIoEventLoopGroup-3-4,10,main] (event-loop arena buffers are thread confined)
	at io.netty.buffer.CycleArenaAllocator$ArenaBuf.violation(CycleArenaAllocator.java:1448)
	at io.netty.buffer.CycleArenaAllocator$ArenaBuf.release(CycleArenaAllocator.java:1377)
	at io.netty.buffer.AbstractDerivedByteBuf.release0(AbstractDerivedByteBuf.java:98)
	at io.netty.buffer.AbstractDerivedByteBuf.release(AbstractDerivedByteBuf.java:94)
	at io.netty.util.ReferenceCountUtil.release(ReferenceCountUtil.java:90)
	at io.netty.util.ReferenceCountUtil.safeRelease(ReferenceCountUtil.java:116)
	at io.netty.channel.ChannelOutboundBuffer.remove(ChannelOutboundBuffer.java:300)
	at io.netty.channel.ChannelOutboundBuffer.removeBytes(ChannelOutboundBuffer.java:382)
	at io.netty.channel.uring.AbstractIoUringStreamChannel$IoUringStreamUnsafe.writeComplete0(AbstractIoUringStreamChannel.java:692)
	at io.netty.channel.uring.IoUringSocketChannel$IoUringSocketUnsafe.writeComplete0(IoUringSocketChannel.java:188)
	at io.netty.channel.uring.AbstractIoUringChannel$AbstractUringUnsafe.writeComplete(AbstractIoUringChannel.java:1003)
	at io.netty.channel.uring.AbstractIoUringChannel$AbstractUringUnsafe.handle(AbstractIoUringChannel.java:474)
	at io.netty.channel.uring.IoUringIoHandler$DefaultIoUringIoRegistration.handle(IoUringIoHandler.java:705)
	at io.netty.channel.uring.IoUringIoHandler.handleFastPath(IoUringIoHandler.java:318)
	at io.netty.channel.uring.IoUringIoHandler.handle(IoUringIoHandler.java:298)
	at io.netty.channel.uring.CompletionQueue.process(CompletionQueue.java:151)
	at io.netty.channel.uring.IoUringIoHandler.processCompletionsAndHandleOverflow(IoUringIoHandler.java:213)
	at io.netty.channel.uring.IoUringIoHandler.run(IoUringIoHandler.java:188)
	at io.netty.channel.SingleThreadIoEventLoop.runIo(SingleThreadIoEventLoop.java:225)
	at io.netty.channel.SingleThreadIoEventLoop.run(SingleThreadIoEventLoop.java:196)
	at io.netty.util.concurrent.SingleThreadEventExecutor$5.run(SingleThreadEventExecutor.java:1204)
	at io.netty.util.internal.ThreadExecutorMap$2.run(ThreadExecutorMap.java:74)
	at io.netty.util.concurrent.FastThreadLocalRunnable.run(FastThreadLocalRunnable.java:30)
	at java.base/java.lang.Thread.run(Thread.java:1583)
07:12:25.646 [multiThreadIoEventLoopGroup-3-4] WARN  i.n.channel.uring.IoUringIoHandler - Unexpected exception in the IO event loop.
java.lang.IllegalStateException: arena buffer of Thread[#32,multiThreadIoEventLoopGroup-4-3,10,main] touched from Thread[#29,multiThreadIoEventLoopGroup-3-4,10,main] (event-loop arena buffers are thread confined)
	at io.netty.buffer.CycleArenaAllocator$ArenaBuf.violation(CycleArenaAllocator.java:1448)
	at io.netty.buffer.CycleArenaAllocator$ArenaBuf.retain(CycleArenaAllocator.java:1351)
	at io.netty.buffer.AbstractDerivedByteBuf.retain0(AbstractDerivedByteBuf.java:58)
	at io.netty.buffer.AbstractDerivedByteBuf.retain(AbstractDerivedByteBuf.java:54)
	at io.netty.channel.uring.IoUringSocketChannel$IoUringSocketUnsafe.handleWriteCompleteZeroCopy(IoUringSocketChannel.java:220)
	at io.netty.channel.uring.IoUringSocketChannel$IoUringSocketUnsafe.writeComplete0(IoUringSocketChannel.java:186)
	at io.netty.channel.uring.AbstractIoUringChannel$AbstractUringUnsafe.writeComplete(AbstractIoUringChannel.java:1003)
	at io.netty.channel.uring.AbstractIoUringChannel$AbstractUringUnsafe.handle(AbstractIoUringChannel.java:474)
	at io.netty.channel.uring.IoUringIoHandler$DefaultIoUringIoRegistration.handle(IoUringIoHandler.java:705)
	at io.netty.channel.uring.IoUringIoHandler.handleFastPath(IoUringIoHandler.java:318)
	at io.netty.channel.uring.IoUringIoHandler.handle(IoUringIoHandler.java:298)
	at io.netty.channel.uring.CompletionQueue.process(CompletionQueue.java:151)
	at io.netty.channel.uring.IoUringIoHandler.processCompletionsAndHandleOverflow(IoUringIoHandler.java:213)
	at io.netty.channel.uring.IoUringIoHandler.run(IoUringIoHandler.java:188)
	at io.netty.channel.SingleThreadIoEventLoop.runIo(SingleThreadIoEventLoop.java:225)
	at io.netty.channel.SingleThreadIoEventLoop.run(SingleThreadIoEventLoop.java:196)
	at io.netty.util.concurrent.SingleThreadEventExecutor$5.run(SingleThreadEventExecutor.java:1204)
	at io.netty.util.internal.ThreadExecutorMap$2.run(ThreadExecutorMap.java:74)
	at io.netty.util.concurrent.FastThreadLocalRunnable.run(FastThreadLocalRunnable.java:30)
	at java.base/java.lang.Thread.run(Thread.java:1583)
07:12:25.722 [multiThreadIoEventLoopGroup-3-2] WARN  i.n.channel.uring.IoUringIoHandler - Unexpected exception in the IO event loop.
java.lang.IllegalStateException: arena buffer of Thread[#32,multiThreadIoEventLoopGroup-4-3,10,main] touched from Thread[#27,multiThreadIoEventLoopGroup-3-2,10,main] (event-loop arena buffers are thread confined)
	at io.netty.buffer.CycleArenaAllocator$ArenaBuf.violation(CycleArenaAllocator.java:1448)
	at io.netty.buffer.CycleArenaAllocator$ArenaBuf.release(CycleArenaAllocator.java:1377)
	at io.netty.buffer.AbstractDerivedByteBuf.release0(AbstractDerivedByteBuf.java:98)
	at io.netty.buffer.AbstractDerivedByteBuf.release(AbstractDerivedByteBuf.java:94)
	at io.netty.channel.uring.IoUringSocketChannel$IoUringSocketUnsafe.handleWriteCompleteZeroCopy(IoUringSocketChannel.java:289)
	at io.netty.channel.uring.IoUringSocketChannel$IoUringSocketUnsafe.writeComplete0(IoUringSocketChannel.java:186)
	at io.netty.channel.uring.AbstractIoUringChannel$AbstractUringUnsafe.writeComplete(AbstractIoUringChannel.java:1003)
	at io.netty.channel.uring.AbstractIoUringChannel$AbstractUringUnsafe.handle(AbstractIoUringChannel.java:474)
	at io.netty.channel.uring.IoUringIoHandler$DefaultIoUringIoRegistration.handle(IoUringIoHandler.java:705)
	at io.netty.channel.uring.IoUringIoHandler.handleFastPath(IoUringIoHandler.java:318)
	at io.netty.channel.uring.IoUringIoHandler.handle(IoUringIoHandler.java:298)
	at io.netty.channel.uring.CompletionQueue.process(CompletionQueue.java:151)
	at io.netty.channel.uring.IoUringIoHandler.processCompletionsAndHandleOverflow(IoUringIoHandler.java:213)
	at io.netty.channel.uring.IoUringIoHandler.run(IoUringIoHandler.java:188)
	at io.netty.channel.SingleThreadIoEventLoop.runIo(SingleThreadIoEventLoop.java:225)
	at io.netty.channel.SingleThreadIoEventLoop.run(SingleThreadIoEventLoop.java:196)
	at io.netty.util.concurrent.SingleThreadEventExecutor$5.run(SingleThreadEventExecutor.java:1204)
	at io.netty.util.internal.ThreadExecutorMap$2.run(ThreadExecutorMap.java:74)
	at io.netty.util.concurrent.FastThreadLocalRunnable.run(FastThreadLocalRunnable.java:30)
	at java.base/java.lang.Thread.run(Thread.java:1583)
07:12:25.730 [multiThreadIoEventLoopGroup-3-3] WARN  io.netty.util.ReferenceCountUtil - Failed to release a message: UnpooledSlicedByteBuf(ridx: 0, widx: 2922, cap: 2922/2922, unwrapped: CycleArenaAllocator$ArenaBuf(ridx: 0, widx: 8192, cap: 8192))
java.lang.IllegalStateException: arena buffer of Thread[#32,multiThreadIoEventLoopGroup-4-3,10,main] touched from Thread[#28,multiThreadIoEventLoopGroup-3-3,10,main] (event-loop arena buffers are thread confined)
	at io.netty.buffer.CycleArenaAllocator$ArenaBuf.violation(CycleArenaAllocator.java:1448)
	at io.netty.buffer.CycleArenaAllocator$ArenaBuf.release(CycleArenaAllocator.java:1377)
	at io.netty.buffer.AbstractDerivedByteBuf.release0(AbstractDerivedByteBuf.java:98)
	at io.netty.buffer.AbstractDerivedByteBuf.release(AbstractDerivedByteBuf.java:94)
	at io.netty.util.ReferenceCountUtil.release(ReferenceCountUtil.java:90)
	at io.netty.util.ReferenceCountUtil.safeRelease(ReferenceCountUtil.java:116)
	at io.netty.channel.ChannelOutboundBuffer.remove(ChannelOutboundBuffer.java:300)
	at io.netty.channel.ChannelOutboundBuffer.removeBytes(ChannelOutboundBuffer.java:382)
	at io.netty.channel.uring.AbstractIoUringStreamChannel$IoUringStreamUnsafe.writeComplete0(AbstractIoUringStreamChannel.java:692)
	at io.netty.channel.uring.IoUringSocketChannel$IoUringSocketUnsafe.writeComplete0(IoUringSocketChannel.java:188)
	at io.netty.channel.uring.AbstractIoUringChannel$AbstractUringUnsafe.writeComplete(AbstractIoUringChannel.java:1003)
	at io.netty.channel.uring.AbstractIoUringChannel$AbstractUringUnsafe.handle(AbstractIoUringChannel.java:474)
	at io.netty.channel.uring.IoUringIoHandler$DefaultIoUringIoRegistration.handle(IoUringIoHandler.java:705)
	at io.netty.channel.uring.IoUringIoHandler.handleFastPath(IoUringIoHandler.java:318)
	at io.netty.channel.uring.IoUringIoHandler.handle(IoUringIoHandler.java:298)
	at io.netty.channel.uring.CompletionQueue.process(CompletionQueue.java:151)
	at io.netty.channel.uring.IoUringIoHandler.processCompletionsAndHandleOverflow(IoUringIoHandler.java:213)
	at io.netty.channel.uring.IoUringIoHandler.run(IoUringIoHandler.java:188)
	at io.netty.channel.SingleThreadIoEventLoop.runIo(SingleThreadIoEventLoop.java:225)
	at io.netty.channel.SingleThreadIoEventLoop.run(SingleThreadIoEventLoop.java:196)
	at io.netty.util.concurrent.SingleThreadEventExecutor$5.run(SingleThreadEventExecutor.java:1204)
	at io.netty.util.internal.ThreadExecutorMap$2.run(ThreadExecutorMap.java:74)
	at io.netty.util.concurrent.FastThreadLocalRunnable.run(FastThreadLocalRunnable.java:30)
	at java.base/java.lang.Thread.run(Thread.java:1583)
07:12:25.730 [multiThreadIoEventLoopGroup-3-3] WARN  io.netty.util.ReferenceCountUtil - Failed to release a message: UnpooledSlicedByteBuf(ridx: 0, widx: 1103, cap: 1103/1103, unwrapped: CycleArenaAllocator$ArenaBuf(ridx: 0, widx: 8192, cap: 8192))
java.lang.IllegalStateException: arena buffer of Thread[#33,multiThreadIoEventLoopGroup-4-4,10,main] touched from Thread[#28,multiThreadIoEventLoopGroup-3-3,10,main] (event-loop arena buffers are thread confined)
	at io.netty.buffer.CycleArenaAllocator$ArenaBuf.violation(CycleArenaAllocator.java:1448)
	at io.netty.buffer.CycleArenaAllocator$ArenaBuf.release(CycleArenaAllocator.java:1377)
	at io.netty.buffer.AbstractDerivedByteBuf.release0(AbstractDerivedByteBuf.java:98)
	at io.netty.buffer.AbstractDerivedByteBuf.release(AbstractDerivedByteBuf.java:94)
	at io.netty.util.ReferenceCountUtil.release(ReferenceCountUtil.java:90)
	at io.netty.util.ReferenceCountUtil.safeRelease(ReferenceCountUtil.java:116)
	at io.netty.channel.ChannelOutboundBuffer.remove(ChannelOutboundBuffer.java:300)
	at io.netty.channel.ChannelOutboundBuffer.removeBytes(ChannelOutboundBuffer.java:382)
	at io.netty.channel.uring.AbstractIoUringStreamChannel$IoUringStreamUnsafe.writeComplete0(AbstractIoUringStreamChannel.java:692)
	at io.netty.channel.uring.IoUringSocketChannel$IoUringSocketUnsafe.writeComplete0(IoUringSocketChannel.java:188)
	at io.netty.channel.uring.AbstractIoUringChannel$AbstractUringUnsafe.writeComplete(AbstractIoUringChannel.java:1003)
	at io.netty.channel.uring.AbstractIoUringChannel$AbstractUringUnsafe.handle(AbstractIoUringChannel.java:474)
	at io.netty.channel.uring.IoUringIoHandler$DefaultIoUringIoRegistration.handle(IoUringIoHandler.java:705)
	at io.netty.channel.uring.IoUringIoHandler.handleFastPath(IoUringIoHandler.java:318)
	at io.netty.channel.uring.IoUringIoHandler.handle(IoUringIoHandler.java:298)
	at io.netty.channel.uring.CompletionQueue.process(CompletionQueue.java:151)
	at io.netty.channel.uring.IoUringIoHandler.processCompletionsAndHandleOverflow(IoUringIoHandler.java:213)
	at io.netty.channel.uring.IoUringIoHandler.run(IoUringIoHandler.java:188)
	at io.netty.channel.SingleThreadIoEventLoop.runIo(SingleThreadIoEventLoop.java:225)
	at io.netty.channel.SingleThreadIoEventLoop.run(SingleThreadIoEventLoop.java:196)
	at io.netty.util.concurrent.SingleThreadEventExecutor$5.run(SingleThreadEventExecutor.java:1204)
	at io.netty.util.internal.ThreadExecutorMap$2.run(ThreadExecutorMap.java:74)
	at io.netty.util.concurrent.FastThreadLocalRunnable.run(FastThreadLocalRunnable.java:30)
	at java.base/java.lang.Thread.run(Thread.java:1583)
07:12:25.730 [multiThreadIoEventLoopGroup-3-3] WARN  io.netty.util.ReferenceCountUtil - Failed to release a message: UnpooledSlicedByteBuf(ridx: 0, widx: 1042, cap: 1042/1042, unwrapped: CycleArenaAllocator$ArenaBuf(ridx: 0, widx: 8192, cap: 8192))
java.lang.IllegalStateException: arena buffer of Thread[#30,multiThreadIoEventLoopGroup-4-1,10,main] touched from Thread[#28,multiThreadIoEventLoopGroup-3-3,10,main] (event-loop arena buffers are thread confined)
	at io.netty.buffer.CycleArenaAllocator$ArenaBuf.violation(CycleArenaAllocator.java:1448)
	at io.netty.buffer.CycleArenaAllocator$ArenaBuf.release(CycleArenaAllocator.java:1377)
	at io.netty.buffer.AbstractDerivedByteBuf.release0(AbstractDerivedByteBuf.java:98)
	at io.netty.buffer.AbstractDerivedByteBuf.release(AbstractDerivedByteBuf.java:94)
	at io.netty.util.ReferenceCountUtil.release(ReferenceCountUtil.java:90)
	at io.netty.util.ReferenceCountUtil.safeRelease(ReferenceCountUtil.java:116)
	at io.netty.channel.ChannelOutboundBuffer.remove(ChannelOutboundBuffer.java:300)
	at io.netty.channel.ChannelOutboundBuffer.removeBytes(ChannelOutboundBuffer.java:382)
	at io.netty.channel.uring.AbstractIoUringStreamChannel$IoUringStreamUnsafe.writeComplete0(AbstractIoUringStreamChannel.java:692)
	at io.netty.channel.uring.IoUringSocketChannel$IoUringSocketUnsafe.writeComplete0(IoUringSocketChannel.java:188)
	at io.netty.channel.uring.AbstractIoUringChannel$AbstractUringUnsafe.writeComplete(AbstractIoUringChannel.java:1003)
	at io.netty.channel.uring.AbstractIoUringChannel$AbstractUringUnsafe.handle(AbstractIoUringChannel.java:474)
	at io.netty.channel.uring.IoUringIoHandler$DefaultIoUringIoRegistration.handle(IoUringIoHandler.java:705)
	at io.netty.channel.uring.IoUringIoHandler.handleFastPath(IoUringIoHandler.java:318)
	at io.netty.channel.uring.IoUringIoHandler.handle(IoUringIoHandler.java:298)
	at io.netty.channel.uring.CompletionQueue.process(CompletionQueue.java:151)
	at io.netty.channel.uring.IoUringIoHandler.processCompletionsAndHandleOverflow(IoUringIoHandler.java:213)
	at io.netty.channel.uring.IoUringIoHandler.run(IoUringIoHandler.java:188)
	at io.netty.channel.SingleThreadIoEventLoop.runIo(SingleThreadIoEventLoop.java:225)
	at io.netty.channel.SingleThreadIoEventLoop.run(SingleThreadIoEventLoop.java:196)
	at io.netty.util.concurrent.SingleThreadEventExecutor$5.run(SingleThreadEventExecutor.java:1204)
	at io.netty.util.internal.ThreadExecutorMap$2.run(ThreadExecutorMap.java:74)
	at io.netty.util.concurrent.FastThreadLocalRunnable.run(FastThreadLocalRunnable.java:30)
	at java.base/java.lang.Thread.run(Thread.java:1583)
07:12:25.730 [multiThreadIoEventLoopGroup-3-3] WARN  io.netty.util.ReferenceCountUtil - Failed to release a message: UnpooledSlicedByteBuf(ridx: 0, widx: 149, cap: 149/149, unwrapped: CycleArenaAllocator$ArenaBuf(ridx: 0, widx: 8192, cap: 8192))
java.lang.IllegalStateException: arena buffer of Thread[#30,multiThreadIoEventLoopGroup-4-1,10,main] touched from Thread[#28,multiThreadIoEventLoopGroup-3-3,10,main] (event-loop arena buffers are thread confined)
	at io.netty.buffer.CycleArenaAllocator$ArenaBuf.violation(CycleArenaAllocator.java:1448)
	at io.netty.buffer.CycleArenaAllocator$ArenaBuf.release(CycleArenaAllocator.java:1377)
	at io.netty.buffer.AbstractDerivedByteBuf.release0(AbstractDerivedByteBuf.java:98)
	at io.netty.buffer.AbstractDerivedByteBuf.release(AbstractDerivedByteBuf.java:94)
	at io.netty.util.ReferenceCountUtil.release(ReferenceCountUtil.java:90)
	at io.netty.util.ReferenceCountUtil.safeRelease(ReferenceCountUtil.java:116)
	at io.netty.channel.ChannelOutboundBuffer.remove(ChannelOutboundBuffer.java:300)
	at io.netty.channel.ChannelOutboundBuffer.removeBytes(ChannelOutboundBuffer.java:382)
	at io.netty.channel.uring.AbstractIoUringStreamChannel$IoUringStreamUnsafe.writeComplete0(AbstractIoUringStreamChannel.java:692)
	at io.netty.channel.uring.IoUringSocketChannel$IoUringSocketUnsafe.writeComplete0(IoUringSocketChannel.java:188)
	at io.netty.channel.uring.AbstractIoUringChannel$AbstractUringUnsafe.writeComplete(AbstractIoUringChannel.java:1003)
	at io.netty.channel.uring.AbstractIoUringChannel$AbstractUringUnsafe.handle(AbstractIoUringChannel.java:474)
	at io.netty.channel.uring.IoUringIoHandler$DefaultIoUringIoRegistration.handle(IoUringIoHandler.java:705)
	at io.netty.channel.uring.IoUringIoHandler.handleFastPath(IoUringIoHandler.java:318)
	at io.netty.channel.uring.IoUringIoHandler.handle(IoUringIoHandler.java:298)
	at io.netty.channel.uring.CompletionQueue.process(CompletionQueue.java:151)
	at io.netty.channel.uring.IoUringIoHandler.processCompletionsAndHandleOverflow(IoUringIoHandler.java:213)
	at io.netty.channel.uring.IoUringIoHandler.run(IoUringIoHandler.java:188)
	at io.netty.channel.SingleThreadIoEventLoop.runIo(SingleThreadIoEventLoop.java:225)
	at io.netty.channel.SingleThreadIoEventLoop.run(SingleThreadIoEventLoop.java:196)
	at io.netty.util.concurrent.SingleThreadEventExecutor$5.run(SingleThreadEventExecutor.java:1204)
	at io.netty.util.internal.ThreadExecutorMap$2.run(ThreadExecutorMap.java:74)
	at io.netty.util.concurrent.FastThreadLocalRunnable.run(FastThreadLocalRunnable.java:30)
	at java.base/java.lang.Thread.run(Thread.java:1583)
07:12:25.731 [multiThreadIoEventLoopGroup-3-3] WARN  i.n.channel.uring.IoUringIoHandler - Unexpected exception in the IO event loop.
java.lang.IllegalStateException: arena buffer of Thread[#32,multiThreadIoEventLoopGroup-4-3,10,main] touched from Thread[#28,multiThreadIoEventLoopGroup-3-3,10,main] (event-loop arena buffers are thread confined)
	at io.netty.buffer.CycleArenaAllocator$ArenaBuf.violation(CycleArenaAllocator.java:1448)
	at io.netty.buffer.CycleArenaAllocator$ArenaBuf.release(CycleArenaAllocator.java:1377)
	at io.netty.buffer.AbstractDerivedByteBuf.release0(AbstractDerivedByteBuf.java:98)
	at io.netty.buffer.AbstractDerivedByteBuf.release(AbstractDerivedByteBuf.java:94)
	at io.netty.channel.uring.IoUringSocketChannel$IoUringSocketUnsafe.handleWriteCompleteZeroCopy(IoUringSocketChannel.java:289)
	at io.netty.channel.uring.IoUringSocketChannel$IoUringSocketUnsafe.writeComplete0(IoUringSocketChannel.java:186)
	at io.netty.channel.uring.AbstractIoUringChannel$AbstractUringUnsafe.writeComplete(AbstractIoUringChannel.java:1003)
	at io.netty.channel.uring.AbstractIoUringChannel$AbstractUringUnsafe.handle(AbstractIoUringChannel.java:474)
	at io.netty.channel.uring.IoUringIoHandler$DefaultIoUringIoRegistration.handle(IoUringIoHandler.java:705)
	at io.netty.channel.uring.IoUringIoHandler.handleFastPath(IoUringIoHandler.java:318)
	at io.netty.channel.uring.IoUringIoHandler.handle(IoUringIoHandler.java:298)
	at io.netty.channel.uring.CompletionQueue.process(CompletionQueue.java:151)
	at io.netty.channel.uring.IoUringIoHandler.processCompletionsAndHandleOverflow(IoUringIoHandler.java:213)
	at io.netty.channel.uring.IoUringIoHandler.run(IoUringIoHandler.java:188)
	at io.netty.channel.SingleThreadIoEventLoop.runIo(SingleThreadIoEventLoop.java:225)
	at io.netty.channel.SingleThreadIoEventLoop.run(SingleThreadIoEventLoop.java:196)
	at io.netty.util.concurrent.SingleThreadEventExecutor$5.run(SingleThreadEventExecutor.java:1204)
	at io.netty.util.internal.ThreadExecutorMap$2.run(ThreadExecutorMap.java:74)
	at io.netty.util.concurrent.FastThreadLocalRunnable.run(FastThreadLocalRunnable.java:30)
	at java.base/java.lang.Thread.run(Thread.java:1583)
07:12:25.741 [multiThreadIoEventLoopGroup-3-1] WARN  io.netty.util.ReferenceCountUtil - Failed to release a message: UnpooledSlicedByteBuf(ridx: 0, widx: 2029, cap: 2029/2029, unwrapped: CycleArenaAllocator$ArenaBuf(ridx: 0, widx: 8192, cap: 8192))
java.lang.IllegalStateException: arena buffer of Thread[#32,multiThreadIoEventLoopGroup-4-3,10,main] touched from Thread[#26,multiThreadIoEventLoopGroup-3-1,10,main] (event-loop arena buffers are thread confined)
	at io.netty.buffer.CycleArenaAllocator$ArenaBuf.violation(CycleArenaAllocator.java:1448)
	at io.netty.buffer.CycleArenaAllocator$ArenaBuf.release(CycleArenaAllocator.java:1377)
	at io.netty.buffer.AbstractDerivedByteBuf.release0(AbstractDerivedByteBuf.java:98)
	at io.netty.buffer.AbstractDerivedByteBuf.release(AbstractDerivedByteBuf.java:94)
	at io.netty.util.ReferenceCountUtil.release(ReferenceCountUtil.java:90)
	at io.netty.util.ReferenceCountUtil.safeRelease(ReferenceCountUtil.java:116)
	at io.netty.channel.ChannelOutboundBuffer.remove(ChannelOutboundBuffer.java:300)
	at io.netty.channel.ChannelOutboundBuffer.removeBytes(ChannelOutboundBuffer.java:382)
	at io.netty.channel.uring.AbstractIoUringStreamChannel$IoUringStreamUnsafe.writeComplete0(AbstractIoUringStreamChannel.java:692)
	at io.netty.channel.uring.IoUringSocketChannel$IoUringSocketUnsafe.writeComplete0(IoUringSocketChannel.java:188)
	at io.netty.channel.uring.AbstractIoUringChannel$AbstractUringUnsafe.writeComplete(AbstractIoUringChannel.java:1003)
	at io.netty.channel.uring.AbstractIoUringChannel$AbstractUringUnsafe.handle(AbstractIoUringChannel.java:474)
	at io.netty.channel.uring.IoUringIoHandler$DefaultIoUringIoRegistration.handle(IoUringIoHandler.java:705)
	at io.netty.channel.uring.IoUringIoHandler.handleFastPath(IoUringIoHandler.java:318)
	at io.netty.channel.uring.IoUringIoHandler.handle(IoUringIoHandler.java:298)
	at io.netty.channel.uring.CompletionQueue.process(CompletionQueue.java:151)
	at io.netty.channel.uring.IoUringIoHandler.processCompletionsAndHandleOverflow(IoUringIoHandler.java:213)
	at io.netty.channel.uring.IoUringIoHandler.run(IoUringIoHandler.java:188)
	at io.netty.channel.SingleThreadIoEventLoop.runIo(SingleThreadIoEventLoop.java:225)
	at io.netty.channel.SingleThreadIoEventLoop.run(SingleThreadIoEventLoop.java:196)
	at io.netty.util.concurrent.SingleThreadEventExecutor$5.run(SingleThreadEventExecutor.java:1204)
	at io.netty.util.internal.ThreadExecutorMap$2.run(ThreadExecutorMap.java:74)
	at io.netty.util.concurrent.FastThreadLocalRunnable.run(FastThreadLocalRunnable.java:30)
	at java.base/java.lang.Thread.run(Thread.java:1583)
07:12:25.741 [multiThreadIoEventLoopGroup-3-1] WARN  i.n.channel.uring.IoUringIoHandler - Unexpected exception in the IO event loop.
java.lang.IllegalStateException: arena buffer of Thread[#33,multiThreadIoEventLoopGroup-4-4,10,main] touched from Thread[#26,multiThreadIoEventLoopGroup-3-1,10,main] (event-loop arena buffers are thread confined)
	at io.netty.buffer.CycleArenaAllocator$ArenaBuf.violation(CycleArenaAllocator.java:1448)
	at io.netty.buffer.CycleArenaAllocator$ArenaBuf.release(CycleArenaAllocator.java:1377)
	at io.netty.buffer.AbstractDerivedByteBuf.release0(AbstractDerivedByteBuf.java:98)
	at io.netty.buffer.AbstractDerivedByteBuf.release(AbstractDerivedByteBuf.java:94)
	at io.netty.channel.uring.IoUringSocketChannel$IoUringSocketUnsafe.handleWriteCompleteZeroCopy(IoUringSocketChannel.java:289)
	at io.netty.channel.uring.IoUringSocketChannel$IoUringSocketUnsafe.writeComplete0(IoUringSocketChannel.java:186)
	at io.netty.channel.uring.AbstractIoUringChannel$AbstractUringUnsafe.writeComplete(AbstractIoUringChannel.java:1003)
	at io.netty.channel.uring.AbstractIoUringChannel$AbstractUringUnsafe.handle(AbstractIoUringChannel.java:474)
	at io.netty.channel.uring.IoUringIoHandler$DefaultIoUringIoRegistration.handle(IoUringIoHandler.java:705)
	at io.netty.channel.uring.IoUringIoHandler.handleFastPath(IoUringIoHandler.java:318)
	at io.netty.channel.uring.IoUringIoHandler.handle(IoUringIoHandler.java:298)
	at io.netty.channel.uring.CompletionQueue.process(CompletionQueue.java:151)
	at io.netty.channel.uring.IoUringIoHandler.processCompletionsAndHandleOverflow(IoUringIoHandler.java:213)
	at io.netty.channel.uring.IoUringIoHandler.run(IoUringIoHandler.java:188)
	at io.netty.channel.SingleThreadIoEventLoop.runIo(SingleThreadIoEventLoop.java:225)
	at io.netty.channel.SingleThreadIoEventLoop.run(SingleThreadIoEventLoop.java:196)
	at io.netty.util.concurrent.SingleThreadEventExecutor$5.run(SingleThreadEventExecutor.java:1204)
	at io.netty.util.internal.ThreadExecutorMap$2.run(ThreadExecutorMap.java:74)
	at io.netty.util.concurrent.FastThreadLocalRunnable.run(FastThreadLocalRunnable.java:30)
	at java.base/java.lang.Thread.run(Thread.java:1583)
07:12:25.747 [multiThreadIoEventLoopGroup-3-4] WARN  i.n.channel.uring.IoUringIoHandler - Unexpected exception in the IO event loop.
java.lang.IllegalStateException: arena buffer of Thread[#33,multiThreadIoEventLoopGroup-4-4,10,main] touched from Thread[#29,multiThreadIoEventLoopGroup-3-4,10,main] (event-loop arena buffers are thread confined)
	at io.netty.buffer.CycleArenaAllocator$ArenaBuf.violation(CycleArenaAllocator.java:1448)
	at io.netty.buffer.CycleArenaAllocator$ArenaBuf.release(CycleArenaAllocator.java:1377)
	at io.netty.buffer.AbstractDerivedByteBuf.release0(AbstractDerivedByteBuf.java:98)
	at io.netty.buffer.AbstractDerivedByteBuf.release(AbstractDerivedByteBuf.java:94)
	at io.netty.channel.uring.IoUringSocketChannel$IoUringSocketUnsafe.handleWriteCompleteZeroCopy(IoUringSocketChannel.java:289)
	at io.netty.channel.uring.IoUringSocketChannel$IoUringSocketUnsafe.writeComplete0(IoUringSocketChannel.java:186)
	at io.netty.channel.uring.AbstractIoUringChannel$AbstractUringUnsafe.writeComplete(AbstractIoUringChannel.java:1003)
	at io.netty.channel.uring.AbstractIoUringChannel$AbstractUringUnsafe.handle(AbstractIoUringChannel.java:474)
	at io.netty.channel.uring.IoUringIoHandler$DefaultIoUringIoRegistration.handle(IoUringIoHandler.java:705)
	at io.netty.channel.uring.IoUringIoHandler.handleFastPath(IoUringIoHandler.java:318)
	at io.netty.channel.uring.IoUringIoHandler.handle(IoUringIoHandler.java:298)
	at io.netty.channel.uring.CompletionQueue.process(CompletionQueue.java:151)
	at io.netty.channel.uring.IoUringIoHandler.processCompletionsAndHandleOverflow(IoUringIoHandler.java:213)
	at io.netty.channel.uring.IoUringIoHandler.run(IoUringIoHandler.java:188)
	at io.netty.channel.SingleThreadIoEventLoop.runIo(SingleThreadIoEventLoop.java:225)
	at io.netty.channel.SingleThreadIoEventLoop.run(SingleThreadIoEventLoop.java:196)
	at io.netty.util.concurrent.SingleThreadEventExecutor$5.run(SingleThreadEventExecutor.java:1204)
	at io.netty.util.internal.ThreadExecutorMap$2.run(ThreadExecutorMap.java:74)
	at io.netty.util.concurrent.FastThreadLocalRunnable.run(FastThreadLocalRunnable.java:30)
	at java.base/java.lang.Thread.run(Thread.java:1583)
07:12:25.828 [multiThreadIoEventLoopGroup-4-3] WARN  io.netty.util.ReferenceCountUtil - Failed to release a message: UnpooledSlicedByteBuf(ridx: 0, widx: 2413, cap: 2413/2413, unwrapped: CycleArenaAllocator$ArenaBuf(ridx: 0, widx: 8192, cap: 8192))
java.lang.IllegalStateException: arena buffer of Thread[#27,multiThreadIoEventLoopGroup-3-2,10,main] touched from Thread[#32,multiThreadIoEventLoopGroup-4-3,10,main] (event-loop arena buffers are thread confined)
	at io.netty.buffer.CycleArenaAllocator$ArenaBuf.violation(CycleArenaAllocator.java:1448)
	at io.netty.buffer.CycleArenaAllocator$ArenaBuf.release(CycleArenaAllocator.java:1377)
	at io.netty.buffer.AbstractDerivedByteBuf.release0(AbstractDerivedByteBuf.java:98)
	at io.netty.buffer.AbstractDerivedByteBuf.release(AbstractDerivedByteBuf.java:94)
	at io.netty.util.ReferenceCountUtil.release(ReferenceCountUtil.java:90)
	at io.netty.util.ReferenceCountUtil.safeRelease(ReferenceCountUtil.java:116)
	at io.netty.channel.ChannelOutboundBuffer.remove(ChannelOutboundBuffer.java:300)
	at io.netty.channel.ChannelOutboundBuffer.removeBytes(ChannelOutboundBuffer.java:382)
	at io.netty.channel.uring.AbstractIoUringStreamChannel$IoUringStreamUnsafe.writeComplete0(AbstractIoUringStreamChannel.java:692)
	at io.netty.channel.uring.IoUringSocketChannel$IoUringSocketUnsafe.writeComplete0(IoUringSocketChannel.java:188)
	at io.netty.channel.uring.AbstractIoUringChannel$AbstractUringUnsafe.writeComplete(AbstractIoUringChannel.java:1003)
	at io.netty.channel.uring.AbstractIoUringChannel$AbstractUringUnsafe.handle(AbstractIoUringChannel.java:474)
	at io.netty.channel.uring.IoUringIoHandler$DefaultIoUringIoRegistration.handle(IoUringIoHandler.java:705)
	at io.netty.channel.uring.IoUringIoHandler.handleFastPath(IoUringIoHandler.java:318)
	at io.netty.channel.uring.IoUringIoHandler.handle(IoUringIoHandler.java:298)
	at io.netty.channel.uring.CompletionQueue.process(CompletionQueue.java:151)
	at io.netty.channel.uring.IoUringIoHandler.processCompletionsAndHandleOverflow(IoUringIoHandler.java:213)
	at io.netty.channel.uring.IoUringIoHandler.run(IoUringIoHandler.java:188)
	at io.netty.channel.SingleThreadIoEventLoop.runIo(SingleThreadIoEventLoop.java:225)
	at io.netty.channel.SingleThreadIoEventLoop.run(SingleThreadIoEventLoop.java:196)
	at io.netty.util.concurrent.SingleThreadEventExecutor$5.run(SingleThreadEventExecutor.java:1204)
	at io.netty.util.internal.ThreadExecutorMap$2.run(ThreadExecutorMap.java:74)
	at io.netty.util.concurrent.FastThreadLocalRunnable.run(FastThreadLocalRunnable.java:30)
	at java.base/java.lang.Thread.run(Thread.java:1583)
07:12:25.833 [multiThreadIoEventLoopGroup-3-2] WARN  i.n.channel.uring.IoUringIoHandler - Unexpected exception in the IO event loop.
java.lang.IllegalStateException: arena buffer of Thread[#32,multiThreadIoEventLoopGroup-4-3,10,main] touched from Thread[#27,multiThreadIoEventLoopGroup-3-2,10,main] (event-loop arena buffers are thread confined)
	at io.netty.buffer.CycleArenaAllocator$ArenaBuf.violation(CycleArenaAllocator.java:1448)
	at io.netty.buffer.CycleArenaAllocator$ArenaBuf.retain(CycleArenaAllocator.java:1351)
	at io.netty.buffer.AbstractDerivedByteBuf.retain0(AbstractDerivedByteBuf.java:58)
	at io.netty.buffer.AbstractDerivedByteBuf.retain(AbstractDerivedByteBuf.java:54)
	at io.netty.channel.uring.IoUringSocketChannel$IoUringSocketUnsafe.handleWriteCompleteZeroCopy(IoUringSocketChannel.java:220)
	at io.netty.channel.uring.IoUringSocketChannel$IoUringSocketUnsafe.writeComplete0(IoUringSocketChannel.java:186)
	at io.netty.channel.uring.AbstractIoUringChannel$AbstractUringUnsafe.writeComplete(AbstractIoUringChannel.java:1003)
	at io.netty.channel.uring.AbstractIoUringChannel$AbstractUringUnsafe.handle(AbstractIoUringChannel.java:474)
	at io.netty.channel.uring.IoUringIoHandler$DefaultIoUringIoRegistration.handle(IoUringIoHandler.java:705)
	at io.netty.channel.uring.IoUringIoHandler.handleFastPath(IoUringIoHandler.java:318)
	at io.netty.channel.uring.IoUringIoHandler.handle(IoUringIoHandler.java:298)
	at io.netty.channel.uring.CompletionQueue.process(CompletionQueue.java:151)
	at io.netty.channel.uring.IoUringIoHandler.processCompletionsAndHandleOverflow(IoUringIoHandler.java:213)
	at io.netty.channel.uring.IoUringIoHandler.run(IoUringIoHandler.java:188)
	at io.netty.channel.SingleThreadIoEventLoop.runIo(SingleThreadIoEventLoop.java:225)
	at io.netty.channel.SingleThreadIoEventLoop.run(SingleThreadIoEventLoop.java:196)
	at io.netty.util.concurrent.SingleThreadEventExecutor$5.run(SingleThreadEventExecutor.java:1204)
	at io.netty.util.internal.ThreadExecutorMap$2.run(ThreadExecutorMap.java:74)
	at io.netty.util.concurrent.FastThreadLocalRunnable.run(FastThreadLocalRunnable.java:30)
	at java.base/java.lang.Thread.run(Thread.java:1583)
07:12:25.834 [multiThreadIoEventLoopGroup-4-3] WARN  io.netty.util.ReferenceCountUtil - Failed to release a message: UnpooledSlicedByteBuf(ridx: 0, widx: 1782, cap: 1782/1782, unwrapped: CycleArenaAllocator$ArenaBuf(ridx: 0, widx: 1782, cap: 8192))
java.lang.IllegalStateException: arena buffer of Thread[#27,multiThreadIoEventLoopGroup-3-2,10,main] touched from Thread[#32,multiThreadIoEventLoopGroup-4-3,10,main] (event-loop arena buffers are thread confined)
	at io.netty.buffer.CycleArenaAllocator$ArenaBuf.violation(CycleArenaAllocator.java:1448)
	at io.netty.buffer.CycleArenaAllocator$ArenaBuf.release(CycleArenaAllocator.java:1377)
	at io.netty.buffer.AbstractDerivedByteBuf.release0(AbstractDerivedByteBuf.java:98)
	at io.netty.buffer.AbstractDerivedByteBuf.release(AbstractDerivedByteBuf.java:94)
	at io.netty.util.ReferenceCountUtil.release(ReferenceCountUtil.java:90)
	at io.netty.util.ReferenceCountUtil.safeRelease(ReferenceCountUtil.java:116)
	at io.netty.channel.ChannelOutboundBuffer.remove(ChannelOutboundBuffer.java:300)
	at io.netty.channel.ChannelOutboundBuffer.removeBytes(ChannelOutboundBuffer.java:382)
	at io.netty.channel.uring.AbstractIoUringStreamChannel$IoUringStreamUnsafe.writeComplete0(AbstractIoUringStreamChannel.java:692)
	at io.netty.channel.uring.IoUringSocketChannel$IoUringSocketUnsafe.writeComplete0(IoUringSocketChannel.java:188)
	at io.netty.channel.uring.AbstractIoUringChannel$AbstractUringUnsafe.writeComplete(AbstractIoUringChannel.java:1003)
	at io.netty.channel.uring.AbstractIoUringChannel$AbstractUringUnsafe.handle(AbstractIoUringChannel.java:474)
	at io.netty.channel.uring.IoUringIoHandler$DefaultIoUringIoRegistration.handle(IoUringIoHandler.java:705)
	at io.netty.channel.uring.IoUringIoHandler.handleFastPath(IoUringIoHandler.java:318)
	at io.netty.channel.uring.IoUringIoHandler.handle(IoUringIoHandler.java:298)
	at io.netty.channel.uring.CompletionQueue.process(CompletionQueue.java:151)
	at io.netty.channel.uring.IoUringIoHandler.processCompletionsAndHandleOverflow(IoUringIoHandler.java:213)
	at io.netty.channel.uring.IoUringIoHandler.run(IoUringIoHandler.java:188)
	at io.netty.channel.SingleThreadIoEventLoop.runIo(SingleThreadIoEventLoop.java:225)
	at io.netty.channel.SingleThreadIoEventLoop.run(SingleThreadIoEventLoop.java:196)
	at io.netty.util.concurrent.SingleThreadEventExecutor$5.run(SingleThreadEventExecutor.java:1204)
	at io.netty.util.internal.ThreadExecutorMap$2.run(ThreadExecutorMap.java:74)
	at io.netty.util.concurrent.FastThreadLocalRunnable.run(FastThreadLocalRunnable.java:30)
	at java.base/java.lang.Thread.run(Thread.java:1583)
07:12:25.835 [multiThreadIoEventLoopGroup-3-3] WARN  i.n.channel.uring.IoUringIoHandler - Unexpected exception in the IO event loop.
java.lang.IllegalStateException: arena buffer of Thread[#32,multiThreadIoEventLoopGroup-4-3,10,main] touched from Thread[#28,multiThreadIoEventLoopGroup-3-3,10,main] (event-loop arena buffers are thread confined)
	at io.netty.buffer.CycleArenaAllocator$ArenaBuf.violation(CycleArenaAllocator.java:1448)
	at io.netty.buffer.CycleArenaAllocator$ArenaBuf.release(CycleArenaAllocator.java:1377)
	at io.netty.buffer.AbstractDerivedByteBuf.release0(AbstractDerivedByteBuf.java:98)
	at io.netty.buffer.AbstractDerivedByteBuf.release(AbstractDerivedByteBuf.java:94)
	at io.netty.channel.uring.IoUringSocketChannel$IoUringSocketUnsafe.handleWriteCompleteZeroCopy(IoUringSocketChannel.java:289)
	at io.netty.channel.uring.IoUringSocketChannel$IoUringSocketUnsafe.writeComplete0(IoUringSocketChannel.java:186)
	at io.netty.channel.uring.AbstractIoUringChannel$AbstractUringUnsafe.writeComplete(AbstractIoUringChannel.java:1003)
	at io.netty.channel.uring.AbstractIoUringChannel$AbstractUringUnsafe.handle(AbstractIoUringChannel.java:474)
	at io.netty.channel.uring.IoUringIoHandler$DefaultIoUringIoRegistration.handle(IoUringIoHandler.java:705)
	at io.netty.channel.uring.IoUringIoHandler.handleFastPath(IoUringIoHandler.java:318)
	at io.netty.channel.uring.IoUringIoHandler.handle(IoUringIoHandler.java:298)
	at io.netty.channel.uring.CompletionQueue.process(CompletionQueue.java:151)
	at io.netty.channel.uring.IoUringIoHandler.processCompletionsAndHandleOverflow(IoUringIoHandler.java:213)
	at io.netty.channel.uring.IoUringIoHandler.run(IoUringIoHandler.java:188)
	at io.netty.channel.SingleThreadIoEventLoop.runIo(SingleThreadIoEventLoop.java:225)
	at io.netty.channel.SingleThreadIoEventLoop.run(SingleThreadIoEventLoop.java:196)
	at io.netty.util.concurrent.SingleThreadEventExecutor$5.run(SingleThreadEventExecutor.java:1204)
	at io.netty.util.internal.ThreadExecutorMap$2.run(ThreadExecutorMap.java:74)
	at io.netty.util.concurrent.FastThreadLocalRunnable.run(FastThreadLocalRunnable.java:30)
	at java.base/java.lang.Thread.run(Thread.java:1583)
07:12:25.841 [multiThreadIoEventLoopGroup-3-1] WARN  i.n.channel.uring.IoUringIoHandler - Unexpected exception in the IO event loop.
java.lang.IllegalStateException: arena buffer of Thread[#33,multiThreadIoEventLoopGroup-4-4,10,main] touched from Thread[#26,multiThreadIoEventLoopGroup-3-1,10,main] (event-loop arena buffers are thread confined)
	at io.netty.buffer.CycleArenaAllocator$ArenaBuf.violation(CycleArenaAllocator.java:1448)
	at io.netty.buffer.CycleArenaAllocator$ArenaBuf.release(CycleArenaAllocator.java:1377)
	at io.netty.buffer.AbstractDerivedByteBuf.release0(AbstractDerivedByteBuf.java:98)
	at io.netty.buffer.AbstractDerivedByteBuf.release(AbstractDerivedByteBuf.java:94)
	at io.netty.channel.uring.IoUringSocketChannel$IoUringSocketUnsafe.handleWriteCompleteZeroCopy(IoUringSocketChannel.java:289)
	at io.netty.channel.uring.IoUringSocketChannel$IoUringSocketUnsafe.writeComplete0(IoUringSocketChannel.java:186)
	at io.netty.channel.uring.AbstractIoUringChannel$AbstractUringUnsafe.writeComplete(AbstractIoUringChannel.java:1003)
	at io.netty.channel.uring.AbstractIoUringChannel$AbstractUringUnsafe.handle(AbstractIoUringChannel.java:474)
	at io.netty.channel.uring.IoUringIoHandler$DefaultIoUringIoRegistration.handle(IoUringIoHandler.java:705)
	at io.netty.channel.uring.IoUringIoHandler.handleFastPath(IoUringIoHandler.java:318)
	at io.netty.channel.uring.IoUringIoHandler.handle(IoUringIoHandler.java:298)
	at io.netty.channel.uring.CompletionQueue.process(CompletionQueue.java:151)
	at io.netty.channel.uring.IoUringIoHandler.processCompletionsAndHandleOverflow(IoUringIoHandler.java:213)
	at io.netty.channel.uring.IoUringIoHandler.run(IoUringIoHandler.java:188)
	at io.netty.channel.SingleThreadIoEventLoop.runIo(SingleThreadIoEventLoop.java:225)
	at io.netty.channel.SingleThreadIoEventLoop.run(SingleThreadIoEventLoop.java:196)
	at io.netty.util.concurrent.SingleThreadEventExecutor$5.run(SingleThreadEventExecutor.java:1204)
	at io.netty.util.internal.ThreadExecutorMap$2.run(ThreadExecutorMap.java:74)
	at io.netty.util.concurrent.FastThreadLocalRunnable.run(FastThreadLocalRunnable.java:30)
	at java.base/java.lang.Thread.run(Thread.java:1583)
07:12:25.847 [multiThreadIoEventLoopGroup-3-4] WARN  i.n.channel.uring.IoUringIoHandler - Unexpected exception in the IO event loop.
java.lang.IllegalStateException: arena buffer of Thread[#33,multiThreadIoEventLoopGroup-4-4,10,main] touched from Thread[#29,multiThreadIoEventLoopGroup-3-4,10,main] (event-loop arena buffers are thread confined)
	at io.netty.buffer.CycleArenaAllocator$ArenaBuf.violation(CycleArenaAllocator.java:1448)
	at io.netty.buffer.CycleArenaAllocator$ArenaBuf.release(CycleArenaAllocator.java:1377)
	at io.netty.buffer.AbstractDerivedByteBuf.release0(AbstractDerivedByteBuf.java:98)
	at io.netty.buffer.AbstractDerivedByteBuf.release(AbstractDerivedByteBuf.java:94)
	at io.netty.channel.uring.IoUringSocketChannel$IoUringSocketUnsafe.handleWriteCompleteZeroCopy(IoUringSocketChannel.java:289)
	at io.netty.channel.uring.IoUringSocketChannel$IoUringSocketUnsafe.writeComplete0(IoUringSocketChannel.java:186)
	at io.netty.channel.uring.AbstractIoUringChannel$AbstractUringUnsafe.writeComplete(AbstractIoUringChannel.java:1003)
	at io.netty.channel.uring.AbstractIoUringChannel$AbstractUringUnsafe.handle(AbstractIoUringChannel.java:474)
	at io.netty.channel.uring.IoUringIoHandler$DefaultIoUringIoRegistration.handle(IoUringIoHandler.java:705)
	at io.netty.channel.uring.IoUringIoHandler.handleFastPath(IoUringIoHandler.java:318)
	at io.netty.channel.uring.IoUringIoHandler.handle(IoUringIoHandler.java:298)
	at io.netty.channel.uring.CompletionQueue.process(CompletionQueue.java:151)
	at io.netty.channel.uring.IoUringIoHandler.processCompletionsAndHandleOverflow(IoUringIoHandler.java:213)
	at io.netty.channel.uring.IoUringIoHandler.run(IoUringIoHandler.java:188)
	at io.netty.channel.SingleThreadIoEventLoop.runIo(SingleThreadIoEventLoop.java:225)
	at io.netty.channel.SingleThreadIoEventLoop.run(SingleThreadIoEventLoop.java:196)
	at io.netty.util.concurrent.SingleThreadEventExecutor$5.run(SingleThreadEventExecutor.java:1204)
	at io.netty.util.internal.ThreadExecutorMap$2.run(ThreadExecutorMap.java:74)
	at io.netty.util.concurrent.FastThreadLocalRunnable.run(FastThreadLocalRunnable.java:30)
	at java.base/java.lang.Thread.run(Thread.java:1583)
07:12:25.847 [multiThreadIoEventLoopGroup-4-4] WARN  i.n.channel.uring.IoUringIoHandler - Unexpected exception in the IO event loop.
java.lang.IllegalStateException: arena buffer of Thread[#29,multiThreadIoEventLoopGroup-3-4,10,main] touched from Thread[#33,multiThreadIoEventLoopGroup-4-4,10,main] (event-loop arena buffers are thread confined)
	at io.netty.buffer.CycleArenaAllocator$ArenaBuf.violation(CycleArenaAllocator.java:1448)
	at io.netty.buffer.CycleArenaAllocator$ArenaBuf.retain(CycleArenaAllocator.java:1351)
	at io.netty.buffer.AbstractDerivedByteBuf.retain0(AbstractDerivedByteBuf.java:58)
	at io.netty.buffer.AbstractDerivedByteBuf.retain(AbstractDerivedByteBuf.java:54)
	at io.netty.channel.uring.IoUringSocketChannel$IoUringSocketUnsafe.handleWriteCompleteZeroCopy(IoUringSocketChannel.java:220)
	at io.netty.channel.uring.IoUringSocketChannel$IoUringSocketUnsafe.writeComplete0(IoUringSocketChannel.java:186)
	at io.netty.channel.uring.AbstractIoUringChannel$AbstractUringUnsafe.writeComplete(AbstractIoUringChannel.java:1003)
	at io.netty.channel.uring.AbstractIoUringChannel$AbstractUringUnsafe.handle(AbstractIoUringChannel.java:474)
	at io.netty.channel.uring.IoUringIoHandler$DefaultIoUringIoRegistration.handle(IoUringIoHandler.java:705)
	at io.netty.channel.uring.IoUringIoHandler.handleFastPath(IoUringIoHandler.java:318)
	at io.netty.channel.uring.IoUringIoHandler.handle(IoUringIoHandler.java:298)
	at io.netty.channel.uring.CompletionQueue.process(CompletionQueue.java:151)
	at io.netty.channel.uring.IoUringIoHandler.processCompletionsAndHandleOverflow(IoUringIoHandler.java:213)
	at io.netty.channel.uring.IoUringIoHandler.run(IoUringIoHandler.java:188)
	at io.netty.channel.SingleThreadIoEventLoop.runIo(SingleThreadIoEventLoop.java:225)
	at io.netty.channel.SingleThreadIoEventLoop.run(SingleThreadIoEventLoop.java:196)
	at io.netty.util.concurrent.SingleThreadEventExecutor$5.run(SingleThreadEventExecutor.java:1204)
	at io.netty.util.internal.ThreadExecutorMap$2.run(ThreadExecutorMap.java:74)
	at io.netty.util.concurrent.FastThreadLocalRunnable.run(FastThreadLocalRunnable.java:30)
	at java.base/java.lang.Thread.run(Thread.java:1583)
07:12:25.935 [multiThreadIoEventLoopGroup-3-3] WARN  i.n.channel.uring.IoUringIoHandler - Unexpected exception in the IO event loop.
java.lang.IllegalStateException: arena buffer of Thread[#32,multiThreadIoEventLoopGroup-4-3,10,main] touched from Thread[#28,multiThreadIoEventLoopGroup-3-3,10,main] (event-loop arena buffers are thread confined)
	at io.netty.buffer.CycleArenaAllocator$ArenaBuf.violation(CycleArenaAllocator.java:1448)
	at io.netty.buffer.CycleArenaAllocator$ArenaBuf.release(CycleArenaAllocator.java:1377)
	at io.netty.buffer.AbstractDerivedByteBuf.release0(AbstractDerivedByteBuf.java:98)
	at io.netty.buffer.AbstractDerivedByteBuf.release(AbstractDerivedByteBuf.java:94)
	at io.netty.channel.uring.IoUringSocketChannel$IoUringSocketUnsafe.handleWriteCompleteZeroCopy(IoUringSocketChannel.java:289)
	at io.netty.channel.uring.IoUringSocketChannel$IoUringSocketUnsafe.writeComplete0(IoUringSocketChannel.java:186)
	at io.netty.channel.uring.AbstractIoUringChannel$AbstractUringUnsafe.writeComplete(AbstractIoUringChannel.java:1003)
	at io.netty.channel.uring.AbstractIoUringChannel$AbstractUringUnsafe.handle(AbstractIoUringChannel.java:474)
	at io.netty.channel.uring.IoUringIoHandler$DefaultIoUringIoRegistration.handle(IoUringIoHandler.java:705)
	at io.netty.channel.uring.IoUringIoHandler.handleFastPath(IoUringIoHandler.java:318)
	at io.netty.channel.uring.IoUringIoHandler.handle(IoUringIoHandler.java:298)
	at io.netty.channel.uring.CompletionQueue.process(CompletionQueue.java:151)
	at io.netty.channel.uring.IoUringIoHandler.processCompletionsAndHandleOverflow(IoUringIoHandler.java:213)
	at io.netty.channel.uring.IoUringIoHandler.run(IoUringIoHandler.java:188)
	at io.netty.channel.SingleThreadIoEventLoop.runIo(SingleThreadIoEventLoop.java:225)
	at io.netty.channel.SingleThreadIoEventLoop.run(SingleThreadIoEventLoop.java:196)
	at io.netty.util.concurrent.SingleThreadEventExecutor$5.run(SingleThreadEventExecutor.java:1204)
	at io.netty.util.internal.ThreadExecutorMap$2.run(ThreadExecutorMap.java:74)
	at io.netty.util.concurrent.FastThreadLocalRunnable.run(FastThreadLocalRunnable.java:30)
	at java.base/java.lang.Thread.run(Thread.java:1583)
07:12:25.937 [multiThreadIoEventLoopGroup-3-2] WARN  io.netty.util.ReferenceCountUtil - Failed to release a message: UnpooledSlicedByteBuf(ridx: 0, widx: 2040, cap: 2040/2040, unwrapped: CycleArenaAllocator$ArenaBuf(ridx: 0, widx: 8192, cap: 8192))
java.lang.IllegalStateException: arena buffer of Thread[#31,multiThreadIoEventLoopGroup-4-2,10,main] touched from Thread[#27,multiThreadIoEventLoopGroup-3-2,10,main] (event-loop arena buffers are thread confined)
	at io.netty.buffer.CycleArenaAllocator$ArenaBuf.violation(CycleArenaAllocator.java:1448)
	at io.netty.buffer.CycleArenaAllocator$ArenaBuf.release(CycleArenaAllocator.java:1377)
	at io.netty.buffer.AbstractDerivedByteBuf.release0(AbstractDerivedByteBuf.java:98)
	at io.netty.buffer.AbstractDerivedByteBuf.release(AbstractDerivedByteBuf.java:94)
	at io.netty.util.ReferenceCountUtil.release(ReferenceCountUtil.java:90)
	at io.netty.util.ReferenceCountUtil.safeRelease(ReferenceCountUtil.java:116)
	at io.netty.channel.ChannelOutboundBuffer.remove(ChannelOutboundBuffer.java:300)
	at io.netty.channel.ChannelOutboundBuffer.removeBytes(ChannelOutboundBuffer.java:382)
	at io.netty.channel.uring.AbstractIoUringStreamChannel$IoUringStreamUnsafe.writeComplete0(AbstractIoUringStreamChannel.java:692)
	at io.netty.channel.uring.IoUringSocketChannel$IoUringSocketUnsafe.writeComplete0(IoUringSocketChannel.java:188)
	at io.netty.channel.uring.AbstractIoUringChannel$AbstractUringUnsafe.writeComplete(AbstractIoUringChannel.java:1003)
	at io.netty.channel.uring.AbstractIoUringChannel$AbstractUringUnsafe.handle(AbstractIoUringChannel.java:474)
	at io.netty.channel.uring.IoUringIoHandler$DefaultIoUringIoRegistration.handle(IoUringIoHandler.java:705)
	at io.netty.channel.uring.IoUringIoHandler.handleFastPath(IoUringIoHandler.java:318)
	at io.netty.channel.uring.IoUringIoHandler.handle(IoUringIoHandler.java:298)
	at io.netty.channel.uring.CompletionQueue.process(CompletionQueue.java:151)
	at io.netty.channel.uring.IoUringIoHandler.processCompletionsAndHandleOverflow(IoUringIoHandler.java:213)
	at io.netty.channel.uring.IoUringIoHandler.run(IoUringIoHandler.java:188)
	at io.netty.channel.SingleThreadIoEventLoop.runIo(SingleThreadIoEventLoop.java:225)
	at io.netty.channel.SingleThreadIoEventLoop.run(SingleThreadIoEventLoop.java:196)
	at io.netty.util.concurrent.SingleThreadEventExecutor$5.run(SingleThreadEventExecutor.java:1204)
	at io.netty.util.internal.ThreadExecutorMap$2.run(ThreadExecutorMap.java:74)
	at io.netty.util.concurrent.FastThreadLocalRunnable.run(FastThreadLocalRunnable.java:30)
	at java.base/java.lang.Thread.run(Thread.java:1583)
07:12:25.937 [multiThreadIoEventLoopGroup-3-2] WARN  i.n.channel.uring.IoUringIoHandler - Unexpected exception in the IO event loop.
java.lang.IllegalStateException: arena buffer of Thread[#31,multiThreadIoEventLoopGroup-4-2,10,main] touched from Thread[#27,multiThreadIoEventLoopGroup-3-2,10,main] (event-loop arena buffers are thread confined)
	at io.netty.buffer.CycleArenaAllocator$ArenaBuf.violation(CycleArenaAllocator.java:1448)
	at io.netty.buffer.CycleArenaAllocator$ArenaBuf.retain(CycleArenaAllocator.java:1351)
	at io.netty.buffer.AbstractDerivedByteBuf.retain0(AbstractDerivedByteBuf.java:58)
	at io.netty.buffer.AbstractDerivedByteBuf.retain(AbstractDerivedByteBuf.java:54)
	at io.netty.channel.uring.IoUringSocketChannel$IoUringSocketUnsafe.handleWriteCompleteZeroCopy(IoUringSocketChannel.java:220)
	at io.netty.channel.uring.IoUringSocketChannel$IoUringSocketUnsafe.writeComplete0(IoUringSocketChannel.java:186)
	at io.netty.channel.uring.AbstractIoUringChannel$AbstractUringUnsafe.writeComplete(AbstractIoUringChannel.java:1003)
	at io.netty.channel.uring.AbstractIoUringChannel$AbstractUringUnsafe.handle(AbstractIoUringChannel.java:474)
	at io.netty.channel.uring.IoUringIoHandler$DefaultIoUringIoRegistration.handle(IoUringIoHandler.java:705)
	at io.netty.channel.uring.IoUringIoHandler.handleFastPath(IoUringIoHandler.java:318)
	at io.netty.channel.uring.IoUringIoHandler.handle(IoUringIoHandler.java:298)
	at io.netty.channel.uring.CompletionQueue.process(CompletionQueue.java:151)
	at io.netty.channel.uring.IoUringIoHandler.processCompletionsAndHandleOverflow(IoUringIoHandler.java:213)
	at io.netty.channel.uring.IoUringIoHandler.run(IoUringIoHandler.java:188)
	at io.netty.channel.SingleThreadIoEventLoop.runIo(SingleThreadIoEventLoop.java:225)
	at io.netty.channel.SingleThreadIoEventLoop.run(SingleThreadIoEventLoop.java:196)
	at io.netty.util.concurrent.SingleThreadEventExecutor$5.run(SingleThreadEventExecutor.java:1204)
	at io.netty.util.internal.ThreadExecutorMap$2.run(ThreadExecutorMap.java:74)
	at io.netty.util.concurrent.FastThreadLocalRunnable.run(FastThreadLocalRunnable.java:30)
	at java.base/java.lang.Thread.run(Thread.java:1583)
07:12:25.944 [multiThreadIoEventLoopGroup-3-1] WARN  i.n.channel.uring.IoUringIoHandler - Unexpected exception in the IO event loop.
java.lang.IllegalStateException: arena buffer of Thread[#33,multiThreadIoEventLoopGroup-4-4,10,main] touched from Thread[#26,multiThreadIoEventLoopGroup-3-1,10,main] (event-loop arena buffers are thread confined)
	at io.netty.buffer.CycleArenaAllocator$ArenaBuf.violation(CycleArenaAllocator.java:1448)
	at io.netty.buffer.CycleArenaAllocator$ArenaBuf.release(CycleArenaAllocator.java:1377)
	at io.netty.buffer.AbstractDerivedByteBuf.release0(AbstractDerivedByteBuf.java:98)
	at io.netty.buffer.AbstractDerivedByteBuf.release(AbstractDerivedByteBuf.java:94)
	at io.netty.channel.uring.IoUringSocketChannel$IoUringSocketUnsafe.handleWriteCompleteZeroCopy(IoUringSocketChannel.java:289)
	at io.netty.channel.uring.IoUringSocketChannel$IoUringSocketUnsafe.writeComplete0(IoUringSocketChannel.java:186)
	at io.netty.channel.uring.AbstractIoUringChannel$AbstractUringUnsafe.writeComplete(AbstractIoUringChannel.java:1003)
	at io.netty.channel.uring.AbstractIoUringChannel$AbstractUringUnsafe.handle(AbstractIoUringChannel.java:474)
	at io.netty.channel.uring.IoUringIoHandler$DefaultIoUringIoRegistration.handle(IoUringIoHandler.java:705)
	at io.netty.channel.uring.IoUringIoHandler.handleFastPath(IoUringIoHandler.java:318)
	at io.netty.channel.uring.IoUringIoHandler.handle(IoUringIoHandler.java:298)
	at io.netty.channel.uring.CompletionQueue.process(CompletionQueue.java:151)
	at io.netty.channel.uring.IoUringIoHandler.processCompletionsAndHandleOverflow(IoUringIoHandler.java:213)
	at io.netty.channel.uring.IoUringIoHandler.run(IoUringIoHandler.java:188)
	at io.netty.channel.SingleThreadIoEventLoop.runIo(SingleThreadIoEventLoop.java:225)
	at io.netty.channel.SingleThreadIoEventLoop.run(SingleThreadIoEventLoop.java:196)
	at io.netty.util.concurrent.SingleThreadEventExecutor$5.run(SingleThreadEventExecutor.java:1204)
	at io.netty.util.internal.ThreadExecutorMap$2.run(ThreadExecutorMap.java:74)
	at io.netty.util.concurrent.FastThreadLocalRunnable.run(FastThreadLocalRunnable.java:30)
	at java.base/java.lang.Thread.run(Thread.java:1583)
07:12:25.948 [multiThreadIoEventLoopGroup-4-4] WARN  i.n.channel.uring.IoUringIoHandler - Unexpected exception in the IO event loop.
java.lang.IllegalStateException: arena buffer of Thread[#29,multiThreadIoEventLoopGroup-3-4,10,main] touched from Thread[#33,multiThreadIoEventLoopGroup-4-4,10,main] (event-loop arena buffers are thread confined)
	at io.netty.buffer.CycleArenaAllocator$ArenaBuf.violation(CycleArenaAllocator.java:1448)
	at io.netty.buffer.CycleArenaAllocator$ArenaBuf.release(CycleArenaAllocator.java:1377)
	at io.netty.buffer.AbstractDerivedByteBuf.release0(AbstractDerivedByteBuf.java:98)
	at io.netty.buffer.AbstractDerivedByteBuf.release(AbstractDerivedByteBuf.java:94)
	at io.netty.channel.uring.IoUringSocketChannel$IoUringSocketUnsafe.handleWriteCompleteZeroCopy(IoUringSocketChannel.java:289)
	at io.netty.channel.uring.IoUringSocketChannel$IoUringSocketUnsafe.writeComplete0(IoUringSocketChannel.java:186)
	at io.netty.channel.uring.AbstractIoUringChannel$AbstractUringUnsafe.writeComplete(AbstractIoUringChannel.java:1003)
	at io.netty.channel.uring.AbstractIoUringChannel$AbstractUringUnsafe.handle(AbstractIoUringChannel.java:474)
	at io.netty.channel.uring.IoUringIoHandler$DefaultIoUringIoRegistration.handle(IoUringIoHandler.java:705)
	at io.netty.channel.uring.IoUringIoHandler.handleFastPath(IoUringIoHandler.java:318)
	at io.netty.channel.uring.IoUringIoHandler.handle(IoUringIoHandler.java:298)
	at io.netty.channel.uring.CompletionQueue.process(CompletionQueue.java:151)
	at io.netty.channel.uring.IoUringIoHandler.processCompletionsAndHandleOverflow(IoUringIoHandler.java:213)
	at io.netty.channel.uring.IoUringIoHandler.run(IoUringIoHandler.java:188)
	at io.netty.channel.SingleThreadIoEventLoop.runIo(SingleThreadIoEventLoop.java:225)
	at io.netty.channel.SingleThreadIoEventLoop.run(SingleThreadIoEventLoop.java:196)
	at io.netty.util.concurrent.SingleThreadEventExecutor$5.run(SingleThreadEventExecutor.java:1204)
	at io.netty.util.internal.ThreadExecutorMap$2.run(ThreadExecutorMap.java:74)
	at io.netty.util.concurrent.FastThreadLocalRunnable.run(FastThreadLocalRunnable.java:30)
	at java.base/java.lang.Thread.run(Thread.java:1583)
07:12:25.950 [multiThreadIoEventLoopGroup-3-4] WARN  i.n.channel.uring.IoUringIoHandler - Unexpected exception in the IO event loop.
java.lang.IllegalStateException: arena buffer of Thread[#31,multiThreadIoEventLoopGroup-4-2,10,main] touched from Thread[#29,multiThreadIoEventLoopGroup-3-4,10,main] (event-loop arena buffers are thread confined)
	at io.netty.buffer.CycleArenaAllocator$ArenaBuf.violation(CycleArenaAllocator.java:1448)
	at io.netty.buffer.CycleArenaAllocator$ArenaBuf.release(CycleArenaAllocator.java:1377)
	at io.netty.buffer.AbstractDerivedByteBuf.release0(AbstractDerivedByteBuf.java:98)
	at io.netty.buffer.AbstractDerivedByteBuf.release(AbstractDerivedByteBuf.java:94)
	at io.netty.channel.uring.IoUringSocketChannel$IoUringSocketUnsafe.handleWriteCompleteZeroCopy(IoUringSocketChannel.java:289)
	at io.netty.channel.uring.IoUringSocketChannel$IoUringSocketUnsafe.writeComplete0(IoUringSocketChannel.java:186)
	at io.netty.channel.uring.AbstractIoUringChannel$AbstractUringUnsafe.writeComplete(AbstractIoUringChannel.java:1003)
	at io.netty.channel.uring.AbstractIoUringChannel$AbstractUringUnsafe.handle(AbstractIoUringChannel.java:474)
	at io.netty.channel.uring.IoUringIoHandler$DefaultIoUringIoRegistration.handle(IoUringIoHandler.java:705)
	at io.netty.channel.uring.IoUringIoHandler.handleFastPath(IoUringIoHandler.java:318)
	at io.netty.channel.uring.IoUringIoHandler.handle(IoUringIoHandler.java:298)
	at io.netty.channel.uring.CompletionQueue.process(CompletionQueue.java:151)
	at io.netty.channel.uring.IoUringIoHandler.processCompletionsAndHandleOverflow(IoUringIoHandler.java:213)
	at io.netty.channel.uring.IoUringIoHandler.run(IoUringIoHandler.java:188)
	at io.netty.channel.SingleThreadIoEventLoop.runIo(SingleThreadIoEventLoop.java:225)
	at io.netty.channel.SingleThreadIoEventLoop.run(SingleThreadIoEventLoop.java:196)
	at io.netty.util.concurrent.SingleThreadEventExecutor$5.run(SingleThreadEventExecutor.java:1204)
	at io.netty.util.internal.ThreadExecutorMap$2.run(ThreadExecutorMap.java:74)
	at io.netty.util.concurrent.FastThreadLocalRunnable.run(FastThreadLocalRunnable.java:30)
	at java.base/java.lang.Thread.run(Thread.java:1583)
07:12:26.036 [multiThreadIoEventLoopGroup-3-3] WARN  io.netty.util.ReferenceCountUtil - Failed to release a message: UnpooledSlicedByteBuf(ridx: 0, widx: 1742, cap: 1742/1742, unwrapped: CycleArenaAllocator$ArenaBuf(ridx: 0, widx: 8192, cap: 8192))
java.lang.IllegalStateException: arena buffer of Thread[#32,multiThreadIoEventLoopGroup-4-3,10,main] touched from Thread[#28,multiThreadIoEventLoopGroup-3-3,10,main] (event-loop arena buffers are thread confined)
	at io.netty.buffer.CycleArenaAllocator$ArenaBuf.violation(CycleArenaAllocator.java:1448)
	at io.netty.buffer.CycleArenaAllocator$ArenaBuf.release(CycleArenaAllocator.java:1377)
	at io.netty.buffer.AbstractDerivedByteBuf.release0(AbstractDerivedByteBuf.java:98)
	at io.netty.buffer.AbstractDerivedByteBuf.release(AbstractDerivedByteBuf.java:94)
	at io.netty.util.ReferenceCountUtil.release(ReferenceCountUtil.java:90)
	at io.netty.util.ReferenceCountUtil.safeRelease(ReferenceCountUtil.java:116)
	at io.netty.channel.ChannelOutboundBuffer.remove(ChannelOutboundBuffer.java:300)
	at io.netty.channel.ChannelOutboundBuffer.removeBytes(ChannelOutboundBuffer.java:382)
	at io.netty.channel.uring.AbstractIoUringStreamChannel$IoUringStreamUnsafe.writeComplete0(AbstractIoUringStreamChannel.java:692)
	at io.netty.channel.uring.IoUringSocketChannel$IoUringSocketUnsafe.writeComplete0(IoUringSocketChannel.java:188)
	at io.netty.channel.uring.AbstractIoUringChannel$AbstractUringUnsafe.writeComplete(AbstractIoUringChannel.java:1003)
	at io.netty.channel.uring.AbstractIoUringChannel$AbstractUringUnsafe.handle(AbstractIoUringChannel.java:474)
	at io.netty.channel.uring.IoUringIoHandler$DefaultIoUringIoRegistration.handle(IoUringIoHandler.java:705)
	at io.netty.channel.uring.IoUringIoHandler.handleFastPath(IoUringIoHandler.java:318)
	at io.netty.channel.uring.IoUringIoHandler.handle(IoUringIoHandler.java:298)
	at io.netty.channel.uring.CompletionQueue.process(CompletionQueue.java:151)
	at io.netty.channel.uring.IoUringIoHandler.processCompletionsAndHandleOverflow(IoUringIoHandler.java:213)
	at io.netty.channel.uring.IoUringIoHandler.run(IoUringIoHandler.java:188)
	at io.netty.channel.SingleThreadIoEventLoop.runIo(SingleThreadIoEventLoop.java:225)
	at io.netty.channel.SingleThreadIoEventLoop.run(SingleThreadIoEventLoop.java:196)
	at io.netty.util.concurrent.SingleThreadEventExecutor$5.run(SingleThreadEventExecutor.java:1204)
	at io.netty.util.internal.ThreadExecutorMap$2.run(ThreadExecutorMap.java:74)
	at io.netty.util.concurrent.FastThreadLocalRunnable.run(FastThreadLocalRunnable.java:30)
	at java.base/java.lang.Thread.run(Thread.java:1583)
07:12:26.036 [multiThreadIoEventLoopGroup-3-3] WARN  io.netty.util.ReferenceCountUtil - Failed to release a message: UnpooledSlicedByteBuf(ridx: 0, widx: 2624, cap: 2624/2624, unwrapped: CycleArenaAllocator$ArenaBuf(ridx: 0, widx: 8192, cap: 8192))
java.lang.IllegalStateException: arena buffer of Thread[#32,multiThreadIoEventLoopGroup-4-3,10,main] touched from Thread[#28,multiThreadIoEventLoopGroup-3-3,10,main] (event-loop arena buffers are thread confined)
	at io.netty.buffer.CycleArenaAllocator$ArenaBuf.violation(CycleArenaAllocator.java:1448)
	at io.netty.buffer.CycleArenaAllocator$ArenaBuf.release(CycleArenaAllocator.java:1377)
	at io.netty.buffer.AbstractDerivedByteBuf.release0(AbstractDerivedByteBuf.java:98)
	at io.netty.buffer.AbstractDerivedByteBuf.release(AbstractDerivedByteBuf.java:94)
	at io.netty.util.ReferenceCountUtil.release(ReferenceCountUtil.java:90)
	at io.netty.util.ReferenceCountUtil.safeRelease(ReferenceCountUtil.java:116)
	at io.netty.channel.ChannelOutboundBuffer.remove(ChannelOutboundBuffer.java:300)
	at io.netty.channel.ChannelOutboundBuffer.removeBytes(ChannelOutboundBuffer.java:382)
	at io.netty.channel.uring.AbstractIoUringStreamChannel$IoUringStreamUnsafe.writeComplete0(AbstractIoUringStreamChannel.java:692)
	at io.netty.channel.uring.IoUringSocketChannel$IoUringSocketUnsafe.writeComplete0(IoUringSocketChannel.java:188)
	at io.netty.channel.uring.AbstractIoUringChannel$AbstractUringUnsafe.writeComplete(AbstractIoUringChannel.java:1003)
	at io.netty.channel.uring.AbstractIoUringChannel$AbstractUringUnsafe.handle(AbstractIoUringChannel.java:474)
	at io.netty.channel.uring.IoUringIoHandler$DefaultIoUringIoRegistration.handle(IoUringIoHandler.java:705)
	at io.netty.channel.uring.IoUringIoHandler.handleFastPath(IoUringIoHandler.java:318)
	at io.netty.channel.uring.IoUringIoHandler.handle(IoUringIoHandler.java:298)
	at io.netty.channel.uring.CompletionQueue.process(CompletionQueue.java:151)
	at io.netty.channel.uring.IoUringIoHandler.processCompletionsAndHandleOverflow(IoUringIoHandler.java:213)
	at io.netty.channel.uring.IoUringIoHandler.run(IoUringIoHandler.java:188)
	at io.netty.channel.SingleThreadIoEventLoop.runIo(SingleThreadIoEventLoop.java:225)
	at io.netty.channel.SingleThreadIoEventLoop.run(SingleThreadIoEventLoop.java:196)
	at io.netty.util.concurrent.SingleThreadEventExecutor$5.run(SingleThreadEventExecutor.java:1204)
	at io.netty.util.internal.ThreadExecutorMap$2.run(ThreadExecutorMap.java:74)
	at io.netty.util.concurrent.FastThreadLocalRunnable.run(FastThreadLocalRunnable.java:30)
	at java.base/java.lang.Thread.run(Thread.java:1583)
07:12:26.036 [multiThreadIoEventLoopGroup-3-3] WARN  io.netty.util.ReferenceCountUtil - Failed to release a message: UnpooledSlicedByteBuf(ridx: 0, widx: 733, cap: 733/733, unwrapped: CycleArenaAllocator$ArenaBuf(ridx: 0, widx: 8192, cap: 8192))
java.lang.IllegalStateException: arena buffer of Thread[#32,multiThreadIoEventLoopGroup-4-3,10,main] touched from Thread[#28,multiThreadIoEventLoopGroup-3-3,10,main] (event-loop arena buffers are thread confined)
	at io.netty.buffer.CycleArenaAllocator$ArenaBuf.violation(CycleArenaAllocator.java:1448)
	at io.netty.buffer.CycleArenaAllocator$ArenaBuf.release(CycleArenaAllocator.java:1377)
	at io.netty.buffer.AbstractDerivedByteBuf.release0(AbstractDerivedByteBuf.java:98)
	at io.netty.buffer.AbstractDerivedByteBuf.release(AbstractDerivedByteBuf.java:94)
	at io.netty.util.ReferenceCountUtil.release(ReferenceCountUtil.java:90)
	at io.netty.util.ReferenceCountUtil.safeRelease(ReferenceCountUtil.java:116)
	at io.netty.channel.ChannelOutboundBuffer.remove(ChannelOutboundBuffer.java:300)
	at io.netty.channel.ChannelOutboundBuffer.removeBytes(ChannelOutboundBuffer.java:382)
	at io.netty.channel.uring.AbstractIoUringStreamChannel$IoUringStreamUnsafe.writeComplete0(AbstractIoUringStreamChannel.java:692)
	at io.netty.channel.uring.IoUringSocketChannel$IoUringSocketUnsafe.writeComplete0(IoUringSocketChannel.java:188)
	at io.netty.channel.uring.AbstractIoUringChannel$AbstractUringUnsafe.writeComplete(AbstractIoUringChannel.java:1003)
	at io.netty.channel.uring.AbstractIoUringChannel$AbstractUringUnsafe.handle(AbstractIoUringChannel.java:474)
	at io.netty.channel.uring.IoUringIoHandler$DefaultIoUringIoRegistration.handle(IoUringIoHandler.java:705)
	at io.netty.channel.uring.IoUringIoHandler.handleFastPath(IoUringIoHandler.java:318)
	at io.netty.channel.uring.IoUringIoHandler.handle(IoUringIoHandler.java:298)
	at io.netty.channel.uring.CompletionQueue.process(CompletionQueue.java:151)
	at io.netty.channel.uring.IoUringIoHandler.processCompletionsAndHandleOverflow(IoUringIoHandler.java:213)
	at io.netty.channel.uring.IoUringIoHandler.run(IoUringIoHandler.java:188)
	at io.netty.channel.SingleThreadIoEventLoop.runIo(SingleThreadIoEventLoop.java:225)
	at io.netty.channel.SingleThreadIoEventLoop.run(SingleThreadIoEventLoop.java:196)
	at io.netty.util.concurrent.SingleThreadEventExecutor$5.run(SingleThreadEventExecutor.java:1204)
	at io.netty.util.internal.ThreadExecutorMap$2.run(ThreadExecutorMap.java:74)
	at io.netty.util.concurrent.FastThreadLocalRunnable.run(FastThreadLocalRunnable.java:30)
	at java.base/java.lang.Thread.run(Thread.java:1583)
07:12:26.036 [multiThreadIoEventLoopGroup-3-3] WARN  io.netty.util.ReferenceCountUtil - Failed to release a message: UnpooledSlicedByteBuf(ridx: 0, widx: 1626, cap: 1626/1626, unwrapped: CycleArenaAllocator$ArenaBuf(ridx: 0, widx: 8192, cap: 8192))
java.lang.IllegalStateException: arena buffer of Thread[#32,multiThreadIoEventLoopGroup-4-3,10,main] touched from Thread[#28,multiThreadIoEventLoopGroup-3-3,10,main] (event-loop arena buffers are thread confined)
	at io.netty.buffer.CycleArenaAllocator$ArenaBuf.violation(CycleArenaAllocator.java:1448)
	at io.netty.buffer.CycleArenaAllocator$ArenaBuf.release(CycleArenaAllocator.java:1377)
	at io.netty.buffer.AbstractDerivedByteBuf.release0(AbstractDerivedByteBuf.java:98)
	at io.netty.buffer.AbstractDerivedByteBuf.release(AbstractDerivedByteBuf.java:94)
	at io.netty.util.ReferenceCountUtil.release(ReferenceCountUtil.java:90)
	at io.netty.util.ReferenceCountUtil.safeRelease(ReferenceCountUtil.java:116)
	at io.netty.channel.ChannelOutboundBuffer.remove(ChannelOutboundBuffer.java:300)
	at io.netty.channel.ChannelOutboundBuffer.removeBytes(ChannelOutboundBuffer.java:382)
	at io.netty.channel.uring.AbstractIoUringStreamChannel$IoUringStreamUnsafe.writeComplete0(AbstractIoUringStreamChannel.java:692)
	at io.netty.channel.uring.IoUringSocketChannel$IoUringSocketUnsafe.writeComplete0(IoUringSocketChannel.java:188)
	at io.netty.channel.uring.AbstractIoUringChannel$AbstractUringUnsafe.writeComplete(AbstractIoUringChannel.java:1003)
	at io.netty.channel.uring.AbstractIoUringChannel$AbstractUringUnsafe.handle(AbstractIoUringChannel.java:474)
	at io.netty.channel.uring.IoUringIoHandler$DefaultIoUringIoRegistration.handle(IoUringIoHandler.java:705)
	at io.netty.channel.uring.IoUringIoHandler.handleFastPath(IoUringIoHandler.java:318)
	at io.netty.channel.uring.IoUringIoHandler.handle(IoUringIoHandler.java:298)
	at io.netty.channel.uring.CompletionQueue.process(CompletionQueue.java:151)
	at io.netty.channel.uring.IoUringIoHandler.processCompletionsAndHandleOverflow(IoUringIoHandler.java:213)
	at io.netty.channel.uring.IoUringIoHandler.run(IoUringIoHandler.java:188)
	at io.netty.channel.SingleThreadIoEventLoop.runIo(SingleThreadIoEventLoop.java:225)
	at io.netty.channel.SingleThreadIoEventLoop.run(SingleThreadIoEventLoop.java:196)
	at io.netty.util.concurrent.SingleThreadEventExecutor$5.run(SingleThreadEventExecutor.java:1204)
	at io.netty.util.internal.ThreadExecutorMap$2.run(ThreadExecutorMap.java:74)
	at io.netty.util.concurrent.FastThreadLocalRunnable.run(FastThreadLocalRunnable.java:30)
	at java.base/java.lang.Thread.run(Thread.java:1583)
07:12:26.036 [multiThreadIoEventLoopGroup-3-3] WARN  io.netty.util.ReferenceCountUtil - Failed to release a message: UnpooledSlicedByteBuf(ridx: 0, widx: 3423, cap: 3423/3423, unwrapped: CycleArenaAllocator$ArenaBuf(ridx: 0, widx: 7949, cap: 8192))
java.lang.IllegalStateException: arena buffer of Thread[#33,multiThreadIoEventLoopGroup-4-4,10,main] touched from Thread[#28,multiThreadIoEventLoopGroup-3-3,10,main] (event-loop arena buffers are thread confined)
	at io.netty.buffer.CycleArenaAllocator$ArenaBuf.violation(CycleArenaAllocator.java:1448)
	at io.netty.buffer.CycleArenaAllocator$ArenaBuf.release(CycleArenaAllocator.java:1377)
	at io.netty.buffer.AbstractDerivedByteBuf.release0(AbstractDerivedByteBuf.java:98)
	at io.netty.buffer.AbstractDerivedByteBuf.release(AbstractDerivedByteBuf.java:94)
	at io.netty.util.ReferenceCountUtil.release(ReferenceCountUtil.java:90)
	at io.netty.util.ReferenceCountUtil.safeRelease(ReferenceCountUtil.java:116)
	at io.netty.channel.ChannelOutboundBuffer.remove(ChannelOutboundBuffer.java:300)
	at io.netty.channel.ChannelOutboundBuffer.removeBytes(ChannelOutboundBuffer.java:382)
	at io.netty.channel.uring.AbstractIoUringStreamChannel$IoUringStreamUnsafe.writeComplete0(AbstractIoUringStreamChannel.java:692)
	at io.netty.channel.uring.IoUringSocketChannel$IoUringSocketUnsafe.writeComplete0(IoUringSocketChannel.java:188)
	at io.netty.channel.uring.AbstractIoUringChannel$AbstractUringUnsafe.writeComplete(AbstractIoUringChannel.java:1003)
	at io.netty.channel.uring.AbstractIoUringChannel$AbstractUringUnsafe.handle(AbstractIoUringChannel.java:474)
	at io.netty.channel.uring.IoUringIoHandler$DefaultIoUringIoRegistration.handle(IoUringIoHandler.java:705)
	at io.netty.channel.uring.IoUringIoHandler.handleFastPath(IoUringIoHandler.java:318)
	at io.netty.channel.uring.IoUringIoHandler.handle(IoUringIoHandler.java:298)
	at io.netty.channel.uring.CompletionQueue.process(CompletionQueue.java:151)
	at io.netty.channel.uring.IoUringIoHandler.processCompletionsAndHandleOverflow(IoUringIoHandler.java:213)
	at io.netty.channel.uring.IoUringIoHandler.run(IoUringIoHandler.java:188)
	at io.netty.channel.SingleThreadIoEventLoop.runIo(SingleThreadIoEventLoop.java:225)
	at io.netty.channel.SingleThreadIoEventLoop.run(SingleThreadIoEventLoop.java:196)
	at io.netty.util.concurrent.SingleThreadEventExecutor$5.run(SingleThreadEventExecutor.java:1204)
	at io.netty.util.internal.ThreadExecutorMap$2.run(ThreadExecutorMap.java:74)
	at io.netty.util.concurrent.FastThreadLocalRunnable.run(FastThreadLocalRunnable.java:30)
	at java.base/java.lang.Thread.run(Thread.java:1583)
07:12:26.037 [multiThreadIoEventLoopGroup-3-3] WARN  io.netty.util.ReferenceCountUtil - Failed to release a message: UnpooledSlicedByteBuf(ridx: 0, widx: 3506, cap: 3506/3506, unwrapped: CycleArenaAllocator$ArenaBuf(ridx: 0, widx: 8192, cap: 8192))
java.lang.IllegalStateException: arena buffer of Thread[#30,multiThreadIoEventLoopGroup-4-1,10,main] touched from Thread[#28,multiThreadIoEventLoopGroup-3-3,10,main] (event-loop arena buffers are thread confined)
	at io.netty.buffer.CycleArenaAllocator$ArenaBuf.violation(CycleArenaAllocator.java:1448)
	at io.netty.buffer.CycleArenaAllocator$ArenaBuf.release(CycleArenaAllocator.java:1377)
	at io.netty.buffer.AbstractDerivedByteBuf.release0(AbstractDerivedByteBuf.java:98)
	at io.netty.buffer.AbstractDerivedByteBuf.release(AbstractDerivedByteBuf.java:94)
	at io.netty.util.ReferenceCountUtil.release(ReferenceCountUtil.java:90)
	at io.netty.util.ReferenceCountUtil.safeRelease(ReferenceCountUtil.java:116)
	at io.netty.channel.ChannelOutboundBuffer.remove(ChannelOutboundBuffer.java:300)
	at io.netty.channel.ChannelOutboundBuffer.removeBytes(ChannelOutboundBuffer.java:382)
	at io.netty.channel.uring.AbstractIoUringStreamChannel$IoUringStreamUnsafe.writeComplete0(AbstractIoUringStreamChannel.java:692)
	at io.netty.channel.uring.IoUringSocketChannel$IoUringSocketUnsafe.writeComplete0(IoUringSocketChannel.java:188)
	at io.netty.channel.uring.AbstractIoUringChannel$AbstractUringUnsafe.writeComplete(AbstractIoUringChannel.java:1003)
	at io.netty.channel.uring.AbstractIoUringChannel$AbstractUringUnsafe.handle(AbstractIoUringChannel.java:474)
	at io.netty.channel.uring.IoUringIoHandler$DefaultIoUringIoRegistration.handle(IoUringIoHandler.java:705)
	at io.netty.channel.uring.IoUringIoHandler.handleFastPath(IoUringIoHandler.java:318)
	at io.netty.channel.uring.IoUringIoHandler.handle(IoUringIoHandler.java:298)
	at io.netty.channel.uring.CompletionQueue.process(CompletionQueue.java:151)
	at io.netty.channel.uring.IoUringIoHandler.processCompletionsAndHandleOverflow(IoUringIoHandler.java:213)
	at io.netty.channel.uring.IoUringIoHandler.run(IoUringIoHandler.java:188)
	at io.netty.channel.SingleThreadIoEventLoop.runIo(SingleThreadIoEventLoop.java:225)
	at io.netty.channel.SingleThreadIoEventLoop.run(SingleThreadIoEventLoop.java:196)
	at io.netty.util.concurrent.SingleThreadEventExecutor$5.run(SingleThreadEventExecutor.java:1204)
	at io.netty.util.internal.ThreadExecutorMap$2.run(ThreadExecutorMap.java:74)
	at io.netty.util.concurrent.FastThreadLocalRunnable.run(FastThreadLocalRunnable.java:30)
	at java.base/java.lang.Thread.run(Thread.java:1583)
07:12:26.037 [multiThreadIoEventLoopGroup-4-3] WARN  io.netty.util.ReferenceCountUtil - Failed to release a message: UnpooledSlicedByteBuf(ridx: 0, widx: 2215, cap: 2215/2215, unwrapped: CycleArenaAllocator$ArenaBuf(ridx: 0, widx: 8192, cap: 8192))
java.lang.IllegalStateException: arena buffer of Thread[#28,multiThreadIoEventLoopGroup-3-3,10,main] touched from Thread[#32,multiThreadIoEventLoopGroup-4-3,10,main] (event-loop arena buffers are thread confined)
	at io.netty.buffer.CycleArenaAllocator$ArenaBuf.violation(CycleArenaAllocator.java:1448)
	at io.netty.buffer.CycleArenaAllocator$ArenaBuf.release(CycleArenaAllocator.java:1377)
	at io.netty.buffer.AbstractDerivedByteBuf.release0(AbstractDerivedByteBuf.java:98)
	at io.netty.buffer.AbstractDerivedByteBuf.release(AbstractDerivedByteBuf.java:94)
	at io.netty.util.ReferenceCountUtil.release(ReferenceCountUtil.java:90)
	at io.netty.util.ReferenceCountUtil.safeRelease(ReferenceCountUtil.java:116)
	at io.netty.channel.ChannelOutboundBuffer.remove(ChannelOutboundBuffer.java:300)
	at io.netty.channel.ChannelOutboundBuffer.removeBytes(ChannelOutboundBuffer.java:382)
	at io.netty.channel.uring.AbstractIoUringStreamChannel$IoUringStreamUnsafe.writeComplete0(AbstractIoUringStreamChannel.java:692)
	at io.netty.channel.uring.IoUringSocketChannel$IoUringSocketUnsafe.writeComplete0(IoUringSocketChannel.java:188)
	at io.netty.channel.uring.AbstractIoUringChannel$AbstractUringUnsafe.writeComplete(AbstractIoUringChannel.java:1003)
	at io.netty.channel.uring.AbstractIoUringChannel$AbstractUringUnsafe.handle(AbstractIoUringChannel.java:474)
	at io.netty.channel.uring.IoUringIoHandler$DefaultIoUringIoRegistration.handle(IoUringIoHandler.java:705)
	at io.netty.channel.uring.IoUringIoHandler.handleFastPath(IoUringIoHandler.java:318)
	at io.netty.channel.uring.IoUringIoHandler.handle(IoUringIoHandler.java:298)
	at io.netty.channel.uring.CompletionQueue.process(CompletionQueue.java:151)
	at io.netty.channel.uring.IoUringIoHandler.processCompletionsAndHandleOverflow(IoUringIoHandler.java:213)
	at io.netty.channel.uring.IoUringIoHandler.run(IoUringIoHandler.java:188)
	at io.netty.channel.SingleThreadIoEventLoop.runIo(SingleThreadIoEventLoop.java:225)
	at io.netty.channel.SingleThreadIoEventLoop.run(SingleThreadIoEventLoop.java:196)
	at io.netty.util.concurrent.SingleThreadEventExecutor$5.run(SingleThreadEventExecutor.java:1204)
	at io.netty.util.internal.ThreadExecutorMap$2.run(ThreadExecutorMap.java:74)
	at io.netty.util.concurrent.FastThreadLocalRunnable.run(FastThreadLocalRunnable.java:30)
	at java.base/java.lang.Thread.run(Thread.java:1583)
07:12:26.039 [multiThreadIoEventLoopGroup-3-3] WARN  io.netty.util.ReferenceCountUtil - Failed to release a message: UnpooledSlicedByteBuf(ridx: 0, widx: 7, cap: 7/7, unwrapped: CycleArenaAllocator$ArenaBuf(ridx: 0, widx: 8192, cap: 8192))
java.lang.IllegalStateException: arena buffer of Thread[#30,multiThreadIoEventLoopGroup-4-1,10,main] touched from Thread[#28,multiThreadIoEventLoopGroup-3-3,10,main] (event-loop arena buffers are thread confined)
	at io.netty.buffer.CycleArenaAllocator$ArenaBuf.violation(CycleArenaAllocator.java:1448)
	at io.netty.buffer.CycleArenaAllocator$ArenaBuf.release(CycleArenaAllocator.java:1377)
	at io.netty.buffer.AbstractDerivedByteBuf.release0(AbstractDerivedByteBuf.java:98)
	at io.netty.buffer.AbstractDerivedByteBuf.release(AbstractDerivedByteBuf.java:94)
	at io.netty.util.ReferenceCountUtil.release(ReferenceCountUtil.java:90)
	at io.netty.util.ReferenceCountUtil.safeRelease(ReferenceCountUtil.java:116)
	at io.netty.channel.ChannelOutboundBuffer.remove(ChannelOutboundBuffer.java:300)
	at io.netty.channel.ChannelOutboundBuffer.removeBytes(ChannelOutboundBuffer.java:382)
	at io.netty.channel.uring.AbstractIoUringStreamChannel$IoUringStreamUnsafe.writeComplete0(AbstractIoUringStreamChannel.java:692)
	at io.netty.channel.uring.IoUringSocketChannel$IoUringSocketUnsafe.writeComplete0(IoUringSocketChannel.java:188)
	at io.netty.channel.uring.AbstractIoUringChannel$AbstractUringUnsafe.writeComplete(AbstractIoUringChannel.java:1003)
	at io.netty.channel.uring.AbstractIoUringChannel$AbstractUringUnsafe.handle(AbstractIoUringChannel.java:474)
	at io.netty.channel.uring.IoUringIoHandler$DefaultIoUringIoRegistration.handle(IoUringIoHandler.java:705)
	at io.netty.channel.uring.IoUringIoHandler.handleFastPath(IoUringIoHandler.java:318)
	at io.netty.channel.uring.IoUringIoHandler.handle(IoUringIoHandler.java:298)
	at io.netty.channel.uring.CompletionQueue.process(CompletionQueue.java:151)
	at io.netty.channel.uring.IoUringIoHandler.processCompletionsAndHandleOverflow(IoUringIoHandler.java:213)
	at io.netty.channel.uring.IoUringIoHandler.run(IoUringIoHandler.java:188)
	at io.netty.channel.SingleThreadIoEventLoop.runIo(SingleThreadIoEventLoop.java:225)
	at io.netty.channel.SingleThreadIoEventLoop.run(SingleThreadIoEventLoop.java:196)
	at io.netty.util.concurrent.SingleThreadEventExecutor$5.run(SingleThreadEventExecutor.java:1204)
	at io.netty.util.internal.ThreadExecutorMap$2.run(ThreadExecutorMap.java:74)
	at io.netty.util.concurrent.FastThreadLocalRunnable.run(FastThreadLocalRunnable.java:30)
	at java.base/java.lang.Thread.run(Thread.java:1583)
07:12:26.039 [multiThreadIoEventLoopGroup-4-3] WARN  io.netty.util.ReferenceCountUtil - Failed to release a message: UnpooledSlicedByteBuf(ridx: 0, widx: 1980, cap: 1980/1980, unwrapped: CycleArenaAllocator$ArenaBuf(ridx: 0, widx: 1980, cap: 8192))
java.lang.IllegalStateException: arena buffer of Thread[#28,multiThreadIoEventLoopGroup-3-3,10,main] touched from Thread[#32,multiThreadIoEventLoopGroup-4-3,10,main] (event-loop arena buffers are thread confined)
	at io.netty.buffer.CycleArenaAllocator$ArenaBuf.violation(CycleArenaAllocator.java:1448)
	at io.netty.buffer.CycleArenaAllocator$ArenaBuf.release(CycleArenaAllocator.java:1377)
	at io.netty.buffer.AbstractDerivedByteBuf.release0(AbstractDerivedByteBuf.java:98)
	at io.netty.buffer.AbstractDerivedByteBuf.release(AbstractDerivedByteBuf.java:94)
	at io.netty.util.ReferenceCountUtil.release(ReferenceCountUtil.java:90)
	at io.netty.util.ReferenceCountUtil.safeRelease(ReferenceCountUtil.java:116)
	at io.netty.channel.ChannelOutboundBuffer.remove(ChannelOutboundBuffer.java:300)
	at io.netty.channel.ChannelOutboundBuffer.removeBytes(ChannelOutboundBuffer.java:382)
	at io.netty.channel.uring.AbstractIoUringStreamChannel$IoUringStreamUnsafe.writeComplete0(AbstractIoUringStreamChannel.java:692)
	at io.netty.channel.uring.IoUringSocketChannel$IoUringSocketUnsafe.writeComplete0(IoUringSocketChannel.java:188)
	at io.netty.channel.uring.AbstractIoUringChannel$AbstractUringUnsafe.writeComplete(AbstractIoUringChannel.java:1003)
	at io.netty.channel.uring.AbstractIoUringChannel$AbstractUringUnsafe.handle(AbstractIoUringChannel.java:474)
	at io.netty.channel.uring.IoUringIoHandler$DefaultIoUringIoRegistration.handle(IoUringIoHandler.java:705)
	at io.netty.channel.uring.IoUringIoHandler.handleFastPath(IoUringIoHandler.java:318)
	at io.netty.channel.uring.IoUringIoHandler.handle(IoUringIoHandler.java:298)
	at io.netty.channel.uring.CompletionQueue.process(CompletionQueue.java:151)
	at io.netty.channel.uring.IoUringIoHandler.processCompletionsAndHandleOverflow(IoUringIoHandler.java:213)
	at io.netty.channel.uring.IoUringIoHandler.run(IoUringIoHandler.java:188)
	at io.netty.channel.SingleThreadIoEventLoop.runIo(SingleThreadIoEventLoop.java:225)
	at io.netty.channel.SingleThreadIoEventLoop.run(SingleThreadIoEventLoop.java:196)
	at io.netty.util.concurrent.SingleThreadEventExecutor$5.run(SingleThreadEventExecutor.java:1204)
	at io.netty.util.internal.ThreadExecutorMap$2.run(ThreadExecutorMap.java:74)
	at io.netty.util.concurrent.FastThreadLocalRunnable.run(FastThreadLocalRunnable.java:30)
	at java.base/java.lang.Thread.run(Thread.java:1583)
07:12:26.039 [multiThreadIoEventLoopGroup-4-3] WARN  i.n.channel.uring.IoUringIoHandler - Unexpected exception in the IO event loop.
java.lang.IllegalStateException: arena buffer of Thread[#28,multiThreadIoEventLoopGroup-3-3,10,main] touched from Thread[#32,multiThreadIoEventLoopGroup-4-3,10,main] (event-loop arena buffers are thread confined)
	at io.netty.buffer.CycleArenaAllocator$ArenaBuf.violation(CycleArenaAllocator.java:1448)
	at io.netty.buffer.CycleArenaAllocator$ArenaBuf.retain(CycleArenaAllocator.java:1351)
	at io.netty.buffer.AbstractDerivedByteBuf.retain0(AbstractDerivedByteBuf.java:58)
	at io.netty.buffer.AbstractDerivedByteBuf.retain(AbstractDerivedByteBuf.java:54)
	at io.netty.channel.uring.IoUringSocketChannel$IoUringSocketUnsafe.handleWriteCompleteZeroCopy(IoUringSocketChannel.java:220)
	at io.netty.channel.uring.IoUringSocketChannel$IoUringSocketUnsafe.writeComplete0(IoUringSocketChannel.java:186)
	at io.netty.channel.uring.AbstractIoUringChannel$AbstractUringUnsafe.writeComplete(AbstractIoUringChannel.java:1003)
	at io.netty.channel.uring.AbstractIoUringChannel$AbstractUringUnsafe.handle(AbstractIoUringChannel.java:474)
	at io.netty.channel.uring.IoUringIoHandler$DefaultIoUringIoRegistration.handle(IoUringIoHandler.java:705)
	at io.netty.channel.uring.IoUringIoHandler.handleFastPath(IoUringIoHandler.java:318)
	at io.netty.channel.uring.IoUringIoHandler.handle(IoUringIoHandler.java:298)
	at io.netty.channel.uring.CompletionQueue.process(CompletionQueue.java:151)
	at io.netty.channel.uring.IoUringIoHandler.processCompletionsAndHandleOverflow(IoUringIoHandler.java:213)
	at io.netty.channel.uring.IoUringIoHandler.run(IoUringIoHandler.java:188)
	at io.netty.channel.SingleThreadIoEventLoop.runIo(SingleThreadIoEventLoop.java:225)
	at io.netty.channel.SingleThreadIoEventLoop.run(SingleThreadIoEventLoop.java:196)
	at io.netty.util.concurrent.SingleThreadEventExecutor$5.run(SingleThreadEventExecutor.java:1204)
	at io.netty.util.internal.ThreadExecutorMap$2.run(ThreadExecutorMap.java:74)
	at io.netty.util.concurrent.FastThreadLocalRunnable.run(FastThreadLocalRunnable.java:30)
	at java.base/java.lang.Thread.run(Thread.java:1583)
07:12:26.040 [multiThreadIoEventLoopGroup-3-2] WARN  i.n.channel.uring.IoUringIoHandler - Unexpected exception in the IO event loop.
java.lang.IllegalStateException: arena buffer of Thread[#30,multiThreadIoEventLoopGroup-4-1,10,main] touched from Thread[#27,multiThreadIoEventLoopGroup-3-2,10,main] (event-loop arena buffers are thread confined)
	at io.netty.buffer.CycleArenaAllocator$ArenaBuf.violation(CycleArenaAllocator.java:1448)
	at io.netty.buffer.CycleArenaAllocator$ArenaBuf.retain(CycleArenaAllocator.java:1351)
	at io.netty.buffer.AbstractDerivedByteBuf.retain0(AbstractDerivedByteBuf.java:58)
	at io.netty.buffer.AbstractDerivedByteBuf.retain(AbstractDerivedByteBuf.java:54)
	at io.netty.channel.uring.IoUringSocketChannel$IoUringSocketUnsafe.handleWriteCompleteZeroCopy(IoUringSocketChannel.java:220)
	at io.netty.channel.uring.IoUringSocketChannel$IoUringSocketUnsafe.writeComplete0(IoUringSocketChannel.java:186)
	at io.netty.channel.uring.AbstractIoUringChannel$AbstractUringUnsafe.writeComplete(AbstractIoUringChannel.java:1003)
	at io.netty.channel.uring.AbstractIoUringChannel$AbstractUringUnsafe.handle(AbstractIoUringChannel.java:474)
	at io.netty.channel.uring.IoUringIoHandler$DefaultIoUringIoRegistration.handle(IoUringIoHandler.java:705)
	at io.netty.channel.uring.IoUringIoHandler.handleFastPath(IoUringIoHandler.java:318)
	at io.netty.channel.uring.IoUringIoHandler.handle(IoUringIoHandler.java:298)
	at io.netty.channel.uring.CompletionQueue.process(CompletionQueue.java:151)
	at io.netty.channel.uring.IoUringIoHandler.processCompletionsAndHandleOverflow(IoUringIoHandler.java:213)
	at io.netty.channel.uring.IoUringIoHandler.run(IoUringIoHandler.java:188)
	at io.netty.channel.SingleThreadIoEventLoop.runIo(SingleThreadIoEventLoop.java:225)
	at io.netty.channel.SingleThreadIoEventLoop.run(SingleThreadIoEventLoop.java:196)
	at io.netty.util.concurrent.SingleThreadEventExecutor$5.run(SingleThreadEventExecutor.java:1204)
	at io.netty.util.internal.ThreadExecutorMap$2.run(ThreadExecutorMap.java:74)
	at io.netty.util.concurrent.FastThreadLocalRunnable.run(FastThreadLocalRunnable.java:30)
	at java.base/java.lang.Thread.run(Thread.java:1583)
07:12:26.041 [multiThreadIoEventLoopGroup-3-3] WARN  io.netty.util.ReferenceCountUtil - Failed to release a message: UnpooledSlicedByteBuf(ridx: 0, widx: 156, cap: 156/156, unwrapped: CycleArenaAllocator$ArenaBuf(ridx: 0, widx: 6475, cap: 8192))
java.lang.IllegalStateException: arena buffer of Thread[#30,multiThreadIoEventLoopGroup-4-1,10,main] touched from Thread[#28,multiThreadIoEventLoopGroup-3-3,10,main] (event-loop arena buffers are thread confined)
	at io.netty.buffer.CycleArenaAllocator$ArenaBuf.violation(CycleArenaAllocator.java:1448)
	at io.netty.buffer.CycleArenaAllocator$ArenaBuf.release(CycleArenaAllocator.java:1377)
	at io.netty.buffer.AbstractDerivedByteBuf.release0(AbstractDerivedByteBuf.java:98)
	at io.netty.buffer.AbstractDerivedByteBuf.release(AbstractDerivedByteBuf.java:94)
	at io.netty.util.ReferenceCountUtil.release(ReferenceCountUtil.java:90)
	at io.netty.util.ReferenceCountUtil.safeRelease(ReferenceCountUtil.java:116)
	at io.netty.channel.ChannelOutboundBuffer.remove(ChannelOutboundBuffer.java:300)
	at io.netty.channel.ChannelOutboundBuffer.removeBytes(ChannelOutboundBuffer.java:382)
	at io.netty.channel.uring.AbstractIoUringStreamChannel$IoUringStreamUnsafe.writeComplete0(AbstractIoUringStreamChannel.java:692)
	at io.netty.channel.uring.IoUringSocketChannel$IoUringSocketUnsafe.writeComplete0(IoUringSocketChannel.java:188)
	at io.netty.channel.uring.AbstractIoUringChannel$AbstractUringUnsafe.writeComplete(AbstractIoUringChannel.java:1003)
	at io.netty.channel.uring.AbstractIoUringChannel$AbstractUringUnsafe.handle(AbstractIoUringChannel.java:474)
	at io.netty.channel.uring.IoUringIoHandler$DefaultIoUringIoRegistration.handle(IoUringIoHandler.java:705)
	at io.netty.channel.uring.IoUringIoHandler.handleFastPath(IoUringIoHandler.java:318)
	at io.netty.channel.uring.IoUringIoHandler.handle(IoUringIoHandler.java:298)
	at io.netty.channel.uring.CompletionQueue.process(CompletionQueue.java:151)
	at io.netty.channel.uring.IoUringIoHandler.processCompletionsAndHandleOverflow(IoUringIoHandler.java:213)
	at io.netty.channel.uring.IoUringIoHandler.run(IoUringIoHandler.java:188)
	at io.netty.channel.SingleThreadIoEventLoop.runIo(SingleThreadIoEventLoop.java:225)
	at io.netty.channel.SingleThreadIoEventLoop.run(SingleThreadIoEventLoop.java:196)
	at io.netty.util.concurrent.SingleThreadEventExecutor$5.run(SingleThreadEventExecutor.java:1204)
	at io.netty.util.internal.ThreadExecutorMap$2.run(ThreadExecutorMap.java:74)
	at io.netty.util.concurrent.FastThreadLocalRunnable.run(FastThreadLocalRunnable.java:30)
	at java.base/java.lang.Thread.run(Thread.java:1583)
07:12:26.042 [multiThreadIoEventLoopGroup-3-3] WARN  io.netty.util.ReferenceCountUtil - Failed to release a message: UnpooledSlicedByteBuf(ridx: 0, widx: 1136, cap: 1136/1136, unwrapped: CycleArenaAllocator$ArenaBuf(ridx: 0, widx: 8192, cap: 8192))
java.lang.IllegalStateException: arena buffer of Thread[#31,multiThreadIoEventLoopGroup-4-2,10,main] touched from Thread[#28,multiThreadIoEventLoopGroup-3-3,10,main] (event-loop arena buffers are thread confined)
	at io.netty.buffer.CycleArenaAllocator$ArenaBuf.violation(CycleArenaAllocator.java:1448)
	at io.netty.buffer.CycleArenaAllocator$ArenaBuf.release(CycleArenaAllocator.java:1377)
	at io.netty.buffer.AbstractDerivedByteBuf.release0(AbstractDerivedByteBuf.java:98)
	at io.netty.buffer.AbstractDerivedByteBuf.release(AbstractDerivedByteBuf.java:94)
	at io.netty.util.ReferenceCountUtil.release(ReferenceCountUtil.java:90)
	at io.netty.util.ReferenceCountUtil.safeRelease(ReferenceCountUtil.java:116)
	at io.netty.channel.ChannelOutboundBuffer.remove(ChannelOutboundBuffer.java:300)
	at io.netty.channel.ChannelOutboundBuffer.removeBytes(ChannelOutboundBuffer.java:382)
	at io.netty.channel.uring.AbstractIoUringStreamChannel$IoUringStreamUnsafe.writeComplete0(AbstractIoUringStreamChannel.java:692)
	at io.netty.channel.uring.IoUringSocketChannel$IoUringSocketUnsafe.writeComplete0(IoUringSocketChannel.java:188)
	at io.netty.channel.uring.AbstractIoUringChannel$AbstractUringUnsafe.writeComplete(AbstractIoUringChannel.java:1003)
	at io.netty.channel.uring.AbstractIoUringChannel$AbstractUringUnsafe.handle(AbstractIoUringChannel.java:474)
	at io.netty.channel.uring.IoUringIoHandler$DefaultIoUringIoRegistration.handle(IoUringIoHandler.java:705)
	at io.netty.channel.uring.IoUringIoHandler.handleFastPath(IoUringIoHandler.java:318)
	at io.netty.channel.uring.IoUringIoHandler.handle(IoUringIoHandler.java:298)
	at io.netty.channel.uring.CompletionQueue.process(CompletionQueue.java:151)
	at io.netty.channel.uring.IoUringIoHandler.processCompletionsAndHandleOverflow(IoUringIoHandler.java:213)
	at io.netty.channel.uring.IoUringIoHandler.run(IoUringIoHandler.java:188)
	at io.netty.channel.SingleThreadIoEventLoop.runIo(SingleThreadIoEventLoop.java:225)
	at io.netty.channel.SingleThreadIoEventLoop.run(SingleThreadIoEventLoop.java:196)
	at io.netty.util.concurrent.SingleThreadEventExecutor$5.run(SingleThreadEventExecutor.java:1204)
	at io.netty.util.internal.ThreadExecutorMap$2.run(ThreadExecutorMap.java:74)
	at io.netty.util.concurrent.FastThreadLocalRunnable.run(FastThreadLocalRunnable.java:30)
	at java.base/java.lang.Thread.run(Thread.java:1583)
07:12:26.042 [multiThreadIoEventLoopGroup-3-3] WARN  i.n.channel.uring.IoUringIoHandler - Unexpected exception in the IO event loop.
java.lang.IllegalStateException: arena buffer of Thread[#30,multiThreadIoEventLoopGroup-4-1,10,main] touched from Thread[#28,multiThreadIoEventLoopGroup-3-3,10,main] (event-loop arena buffers are thread confined)
	at io.netty.buffer.CycleArenaAllocator$ArenaBuf.violation(CycleArenaAllocator.java:1448)
	at io.netty.buffer.CycleArenaAllocator$ArenaBuf.retain(CycleArenaAllocator.java:1351)
	at io.netty.buffer.AbstractDerivedByteBuf.retain0(AbstractDerivedByteBuf.java:58)
	at io.netty.buffer.AbstractDerivedByteBuf.retain(AbstractDerivedByteBuf.java:54)
	at io.netty.channel.uring.IoUringSocketChannel$IoUringSocketUnsafe.handleWriteCompleteZeroCopy(IoUringSocketChannel.java:220)
	at io.netty.channel.uring.IoUringSocketChannel$IoUringSocketUnsafe.writeComplete0(IoUringSocketChannel.java:186)
	at io.netty.channel.uring.AbstractIoUringChannel$AbstractUringUnsafe.writeComplete(AbstractIoUringChannel.java:1003)
	at io.netty.channel.uring.AbstractIoUringChannel$AbstractUringUnsafe.handle(AbstractIoUringChannel.java:474)
	at io.netty.channel.uring.IoUringIoHandler$DefaultIoUringIoRegistration.handle(IoUringIoHandler.java:705)
	at io.netty.channel.uring.IoUringIoHandler.handleFastPath(IoUringIoHandler.java:318)
	at io.netty.channel.uring.IoUringIoHandler.handle(IoUringIoHandler.java:298)
	at io.netty.channel.uring.CompletionQueue.process(CompletionQueue.java:151)
	at io.netty.channel.uring.IoUringIoHandler.processCompletionsAndHandleOverflow(IoUringIoHandler.java:213)
	at io.netty.channel.uring.IoUringIoHandler.run(IoUringIoHandler.java:188)
	at io.netty.channel.SingleThreadIoEventLoop.runIo(SingleThreadIoEventLoop.java:225)
	at io.netty.channel.SingleThreadIoEventLoop.run(SingleThreadIoEventLoop.java:196)
	at io.netty.util.concurrent.SingleThreadEventExecutor$5.run(SingleThreadEventExecutor.java:1204)
	at io.netty.util.internal.ThreadExecutorMap$2.run(ThreadExecutorMap.java:74)
	at io.netty.util.concurrent.FastThreadLocalRunnable.run(FastThreadLocalRunnable.java:30)
	at java.base/java.lang.Thread.run(Thread.java:1583)
07:12:26.044 [multiThreadIoEventLoopGroup-3-1] WARN  i.n.channel.uring.IoUringIoHandler - Unexpected exception in the IO event loop.
java.lang.IllegalStateException: arena buffer of Thread[#32,multiThreadIoEventLoopGroup-4-3,10,main] touched from Thread[#26,multiThreadIoEventLoopGroup-3-1,10,main] (event-loop arena buffers are thread confined)
	at io.netty.buffer.CycleArenaAllocator$ArenaBuf.violation(CycleArenaAllocator.java:1448)
	at io.netty.buffer.CycleArenaAllocator$ArenaBuf.release(CycleArenaAllocator.java:1377)
	at io.netty.buffer.AbstractDerivedByteBuf.release0(AbstractDerivedByteBuf.java:98)
	at io.netty.buffer.AbstractDerivedByteBuf.release(AbstractDerivedByteBuf.java:94)
	at io.netty.channel.uring.IoUringSocketChannel$IoUringSocketUnsafe.handleWriteCompleteZeroCopy(IoUringSocketChannel.java:289)
	at io.netty.channel.uring.IoUringSocketChannel$IoUringSocketUnsafe.writeComplete0(IoUringSocketChannel.java:186)
	at io.netty.channel.uring.AbstractIoUringChannel$AbstractUringUnsafe.writeComplete(AbstractIoUringChannel.java:1003)
	at io.netty.channel.uring.AbstractIoUringChannel$AbstractUringUnsafe.handle(AbstractIoUringChannel.java:474)
	at io.netty.channel.uring.IoUringIoHandler$DefaultIoUringIoRegistration.handle(IoUringIoHandler.java:705)
	at io.netty.channel.uring.IoUringIoHandler.handleFastPath(IoUringIoHandler.java:318)
	at io.netty.channel.uring.IoUringIoHandler.handle(IoUringIoHandler.java:298)
	at io.netty.channel.uring.CompletionQueue.process(CompletionQueue.java:151)
	at io.netty.channel.uring.IoUringIoHandler.processCompletionsAndHandleOverflow(IoUringIoHandler.java:213)
	at io.netty.channel.uring.IoUringIoHandler.run(IoUringIoHandler.java:188)
	at io.netty.channel.SingleThreadIoEventLoop.runIo(SingleThreadIoEventLoop.java:225)
	at io.netty.channel.SingleThreadIoEventLoop.run(SingleThreadIoEventLoop.java:196)
	at io.netty.util.concurrent.SingleThreadEventExecutor$5.run(SingleThreadEventExecutor.java:1204)
	at io.netty.util.internal.ThreadExecutorMap$2.run(ThreadExecutorMap.java:74)
	at io.netty.util.concurrent.FastThreadLocalRunnable.run(FastThreadLocalRunnable.java:30)
	at java.base/java.lang.Thread.run(Thread.java:1583)
07:12:26.050 [multiThreadIoEventLoopGroup-3-4] WARN  i.n.channel.uring.IoUringIoHandler - Unexpected exception in the IO event loop.
java.lang.IllegalStateException: arena buffer of Thread[#31,multiThreadIoEventLoopGroup-4-2,10,main] touched from Thread[#29,multiThreadIoEventLoopGroup-3-4,10,main] (event-loop arena buffers are thread confined)
	at io.netty.buffer.CycleArenaAllocator$ArenaBuf.violation(CycleArenaAllocator.java:1448)
	at io.netty.buffer.CycleArenaAllocator$ArenaBuf.release(CycleArenaAllocator.java:1377)
	at io.netty.buffer.AbstractDerivedByteBuf.release0(AbstractDerivedByteBuf.java:98)
	at io.netty.buffer.AbstractDerivedByteBuf.release(AbstractDerivedByteBuf.java:94)
	at io.netty.channel.uring.IoUringSocketChannel$IoUringSocketUnsafe.handleWriteCompleteZeroCopy(IoUringSocketChannel.java:289)
	at io.netty.channel.uring.IoUringSocketChannel$IoUringSocketUnsafe.writeComplete0(IoUringSocketChannel.java:186)
	at io.netty.channel.uring.AbstractIoUringChannel$AbstractUringUnsafe.writeComplete(AbstractIoUringChannel.java:1003)
	at io.netty.channel.uring.AbstractIoUringChannel$AbstractUringUnsafe.handle(AbstractIoUringChannel.java:474)
	at io.netty.channel.uring.IoUringIoHandler$DefaultIoUringIoRegistration.handle(IoUringIoHandler.java:705)
	at io.netty.channel.uring.IoUringIoHandler.handleFastPath(IoUringIoHandler.java:318)
	at io.netty.channel.uring.IoUringIoHandler.handle(IoUringIoHandler.java:298)
	at io.netty.channel.uring.CompletionQueue.process(CompletionQueue.java:151)
	at io.netty.channel.uring.IoUringIoHandler.processCompletionsAndHandleOverflow(IoUringIoHandler.java:213)
	at io.netty.channel.uring.IoUringIoHandler.run(IoUringIoHandler.java:188)
	at io.netty.channel.SingleThreadIoEventLoop.runIo(SingleThreadIoEventLoop.java:225)
	at io.netty.channel.SingleThreadIoEventLoop.run(SingleThreadIoEventLoop.java:196)
	at io.netty.util.concurrent.SingleThreadEventExecutor$5.run(SingleThreadEventExecutor.java:1204)
	at io.netty.util.internal.ThreadExecutorMap$2.run(ThreadExecutorMap.java:74)
	at io.netty.util.concurrent.FastThreadLocalRunnable.run(FastThreadLocalRunnable.java:30)
	at java.base/java.lang.Thread.run(Thread.java:1583)
07:12:26.050 [multiThreadIoEventLoopGroup-4-2] WARN  i.n.channel.uring.IoUringIoHandler - Unexpected exception in the IO event loop.
java.lang.IllegalStateException: arena buffer of Thread[#29,multiThreadIoEventLoopGroup-3-4,10,main] touched from Thread[#31,multiThreadIoEventLoopGroup-4-2,10,main] (event-loop arena buffers are thread confined)
	at io.netty.buffer.CycleArenaAllocator$ArenaBuf.violation(CycleArenaAllocator.java:1448)
	at io.netty.buffer.CycleArenaAllocator$ArenaBuf.retain(CycleArenaAllocator.java:1351)
	at io.netty.buffer.AbstractDerivedByteBuf.retain0(AbstractDerivedByteBuf.java:58)
	at io.netty.buffer.AbstractDerivedByteBuf.retain(AbstractDerivedByteBuf.java:54)
	at io.netty.channel.uring.IoUringSocketChannel$IoUringSocketUnsafe.handleWriteCompleteZeroCopy(IoUringSocketChannel.java:220)
	at io.netty.channel.uring.IoUringSocketChannel$IoUringSocketUnsafe.writeComplete0(IoUringSocketChannel.java:186)
	at io.netty.channel.uring.AbstractIoUringChannel$AbstractUringUnsafe.writeComplete(AbstractIoUringChannel.java:1003)
	at io.netty.channel.uring.AbstractIoUringChannel$AbstractUringUnsafe.handle(AbstractIoUringChannel.java:474)
	at io.netty.channel.uring.IoUringIoHandler$DefaultIoUringIoRegistration.handle(IoUringIoHandler.java:705)
	at io.netty.channel.uring.IoUringIoHandler.handleFastPath(IoUringIoHandler.java:318)
	at io.netty.channel.uring.IoUringIoHandler.handle(IoUringIoHandler.java:298)
	at io.netty.channel.uring.CompletionQueue.process(CompletionQueue.java:151)
	at io.netty.channel.uring.IoUringIoHandler.processCompletionsAndHandleOverflow(IoUringIoHandler.java:213)
	at io.netty.channel.uring.IoUringIoHandler.run(IoUringIoHandler.java:188)
	at io.netty.channel.SingleThreadIoEventLoop.runIo(SingleThreadIoEventLoop.java:225)
	at io.netty.channel.SingleThreadIoEventLoop.run(SingleThreadIoEventLoop.java:196)
	at io.netty.util.concurrent.SingleThreadEventExecutor$5.run(SingleThreadEventExecutor.java:1204)
	at io.netty.util.internal.ThreadExecutorMap$2.run(ThreadExecutorMap.java:74)
	at io.netty.util.concurrent.FastThreadLocalRunnable.run(FastThreadLocalRunnable.java:30)
	at java.base/java.lang.Thread.run(Thread.java:1583)
07:12:26.048 [multiThreadIoEventLoopGroup-4-4] WARN  i.n.channel.uring.IoUringIoHandler - Unexpected exception in the IO event loop.
java.lang.IllegalStateException: arena buffer of Thread[#26,multiThreadIoEventLoopGroup-3-1,10,main] touched from Thread[#33,multiThreadIoEventLoopGroup-4-4,10,main] (event-loop arena buffers are thread confined)
	at io.netty.buffer.CycleArenaAllocator$ArenaBuf.violation(CycleArenaAllocator.java:1448)
	at io.netty.buffer.CycleArenaAllocator$ArenaBuf.retain(CycleArenaAllocator.java:1351)
	at io.netty.buffer.AbstractDerivedByteBuf.retain0(AbstractDerivedByteBuf.java:58)
	at io.netty.buffer.AbstractDerivedByteBuf.retain(AbstractDerivedByteBuf.java:54)
	at io.netty.channel.uring.IoUringSocketChannel$IoUringSocketUnsafe.handleWriteCompleteZeroCopy(IoUringSocketChannel.java:220)
	at io.netty.channel.uring.IoUringSocketChannel$IoUringSocketUnsafe.writeComplete0(IoUringSocketChannel.java:186)
	at io.netty.channel.uring.AbstractIoUringChannel$AbstractUringUnsafe.writeComplete(AbstractIoUringChannel.java:1003)
	at io.netty.channel.uring.AbstractIoUringChannel$AbstractUringUnsafe.handle(AbstractIoUringChannel.java:474)
	at io.netty.channel.uring.IoUringIoHandler$DefaultIoUringIoRegistration.handle(IoUringIoHandler.java:705)
	at io.netty.channel.uring.IoUringIoHandler.handleFastPath(IoUringIoHandler.java:318)
	at io.netty.channel.uring.IoUringIoHandler.handle(IoUringIoHandler.java:298)
	at io.netty.channel.uring.CompletionQueue.process(CompletionQueue.java:151)
	at io.netty.channel.uring.IoUringIoHandler.processCompletionsAndHandleOverflow(IoUringIoHandler.java:213)
	at io.netty.channel.uring.IoUringIoHandler.run(IoUringIoHandler.java:188)
	at io.netty.channel.SingleThreadIoEventLoop.runIo(SingleThreadIoEventLoop.java:225)
	at io.netty.channel.SingleThreadIoEventLoop.run(SingleThreadIoEventLoop.java:196)
	at io.netty.util.concurrent.SingleThreadEventExecutor$5.run(SingleThreadEventExecutor.java:1204)
	at io.netty.util.internal.ThreadExecutorMap$2.run(ThreadExecutorMap.java:74)
	at io.netty.util.concurrent.FastThreadLocalRunnable.run(FastThreadLocalRunnable.java:30)
	at java.base/java.lang.Thread.run(Thread.java:1583)
07:12:26.140 [multiThreadIoEventLoopGroup-4-3] WARN  i.n.channel.uring.IoUringIoHandler - Unexpected exception in the IO event loop.
java.lang.IllegalStateException: arena buffer of Thread[#28,multiThreadIoEventLoopGroup-3-3,10,main] touched from Thread[#32,multiThreadIoEventLoopGroup-4-3,10,main] (event-loop arena buffers are thread confined)
	at io.netty.buffer.CycleArenaAllocator$ArenaBuf.violation(CycleArenaAllocator.java:1448)
	at io.netty.buffer.CycleArenaAllocator$ArenaBuf.release(CycleArenaAllocator.java:1377)
	at io.netty.buffer.AbstractDerivedByteBuf.release0(AbstractDerivedByteBuf.java:98)
	at io.netty.buffer.AbstractDerivedByteBuf.release(AbstractDerivedByteBuf.java:94)
	at io.netty.channel.uring.IoUringSocketChannel$IoUringSocketUnsafe.handleWriteCompleteZeroCopy(IoUringSocketChannel.java:289)
	at io.netty.channel.uring.IoUringSocketChannel$IoUringSocketUnsafe.writeComplete0(IoUringSocketChannel.java:186)
	at io.netty.channel.uring.AbstractIoUringChannel$AbstractUringUnsafe.writeComplete(AbstractIoUringChannel.java:1003)
	at io.netty.channel.uring.AbstractIoUringChannel$AbstractUringUnsafe.handle(AbstractIoUringChannel.java:474)
	at io.netty.channel.uring.IoUringIoHandler$DefaultIoUringIoRegistration.handle(IoUringIoHandler.java:705)
	at io.netty.channel.uring.IoUringIoHandler.handleFastPath(IoUringIoHandler.java:318)
	at io.netty.channel.uring.IoUringIoHandler.handle(IoUringIoHandler.java:298)
	at io.netty.channel.uring.CompletionQueue.process(CompletionQueue.java:151)
	at io.netty.channel.uring.IoUringIoHandler.processCompletionsAndHandleOverflow(IoUringIoHandler.java:213)
	at io.netty.channel.uring.IoUringIoHandler.run(IoUringIoHandler.java:188)
	at io.netty.channel.SingleThreadIoEventLoop.runIo(SingleThreadIoEventLoop.java:225)
	at io.netty.channel.SingleThreadIoEventLoop.run(SingleThreadIoEventLoop.java:196)
	at io.netty.util.concurrent.SingleThreadEventExecutor$5.run(SingleThreadEventExecutor.java:1204)
	at io.netty.util.internal.ThreadExecutorMap$2.run(ThreadExecutorMap.java:74)
	at io.netty.util.concurrent.FastThreadLocalRunnable.run(FastThreadLocalRunnable.java:30)
	at java.base/java.lang.Thread.run(Thread.java:1583)
07:12:26.141 [multiThreadIoEventLoopGroup-3-2] WARN  i.n.channel.uring.IoUringIoHandler - Unexpected exception in the IO event loop.
java.lang.IllegalStateException: arena buffer of Thread[#30,multiThreadIoEventLoopGroup-4-1,10,main] touched from Thread[#27,multiThreadIoEventLoopGroup-3-2,10,main] (event-loop arena buffers are thread confined)
	at io.netty.buffer.CycleArenaAllocator$ArenaBuf.violation(CycleArenaAllocator.java:1448)
	at io.netty.buffer.CycleArenaAllocator$ArenaBuf.retain(CycleArenaAllocator.java:1351)
	at io.netty.buffer.AbstractDerivedByteBuf.retain0(AbstractDerivedByteBuf.java:58)
	at io.netty.buffer.AbstractDerivedByteBuf.retain(AbstractDerivedByteBuf.java:54)
	at io.netty.channel.uring.IoUringSocketChannel$IoUringSocketUnsafe.handleWriteCompleteZeroCopy(IoUringSocketChannel.java:220)
	at io.netty.channel.uring.IoUringSocketChannel$IoUringSocketUnsafe.writeComplete0(IoUringSocketChannel.java:186)
	at io.netty.channel.uring.AbstractIoUringChannel$AbstractUringUnsafe.writeComplete(AbstractIoUringChannel.java:1003)
	at io.netty.channel.uring.AbstractIoUringChannel$AbstractUringUnsafe.handle(AbstractIoUringChannel.java:474)
	at io.netty.channel.uring.IoUringIoHandler$DefaultIoUringIoRegistration.handle(IoUringIoHandler.java:705)
	at io.netty.channel.uring.IoUringIoHandler.handleFastPath(IoUringIoHandler.java:318)
	at io.netty.channel.uring.IoUringIoHandler.handle(IoUringIoHandler.java:298)
	at io.netty.channel.uring.CompletionQueue.process(CompletionQueue.java:151)
	at io.netty.channel.uring.IoUringIoHandler.processCompletionsAndHandleOverflow(IoUringIoHandler.java:213)
	at io.netty.channel.uring.IoUringIoHandler.run(IoUringIoHandler.java:188)
	at io.netty.channel.SingleThreadIoEventLoop.runIo(SingleThreadIoEventLoop.java:225)
	at io.netty.channel.SingleThreadIoEventLoop.run(SingleThreadIoEventLoop.java:196)
	at io.netty.util.concurrent.SingleThreadEventExecutor$5.run(SingleThreadEventExecutor.java:1204)
	at io.netty.util.internal.ThreadExecutorMap$2.run(ThreadExecutorMap.java:74)
	at io.netty.util.concurrent.FastThreadLocalRunnable.run(FastThreadLocalRunnable.java:30)
	at java.base/java.lang.Thread.run(Thread.java:1583)
07:12:26.144 [multiThreadIoEventLoopGroup-3-3] WARN  i.n.channel.uring.IoUringIoHandler - Unexpected exception in the IO event loop.
java.lang.IllegalStateException: arena buffer of Thread[#30,multiThreadIoEventLoopGroup-4-1,10,main] touched from Thread[#28,multiThreadIoEventLoopGroup-3-3,10,main] (event-loop arena buffers are thread confined)
	at io.netty.buffer.CycleArenaAllocator$ArenaBuf.violation(CycleArenaAllocator.java:1448)
	at io.netty.buffer.CycleArenaAllocator$ArenaBuf.release(CycleArenaAllocator.java:1377)
	at io.netty.buffer.AbstractDerivedByteBuf.release0(AbstractDerivedByteBuf.java:98)
	at io.netty.buffer.AbstractDerivedByteBuf.release(AbstractDerivedByteBuf.java:94)
	at io.netty.channel.uring.IoUringSocketChannel$IoUringSocketUnsafe.handleWriteCompleteZeroCopy(IoUringSocketChannel.java:289)
	at io.netty.channel.uring.IoUringSocketChannel$IoUringSocketUnsafe.writeComplete0(IoUringSocketChannel.java:186)
	at io.netty.channel.uring.AbstractIoUringChannel$AbstractUringUnsafe.writeComplete(AbstractIoUringChannel.java:1003)
	at io.netty.channel.uring.AbstractIoUringChannel$AbstractUringUnsafe.handle(AbstractIoUringChannel.java:474)
	at io.netty.channel.uring.IoUringIoHandler$DefaultIoUringIoRegistration.handle(IoUringIoHandler.java:705)
	at io.netty.channel.uring.IoUringIoHandler.handleFastPath(IoUringIoHandler.java:318)
	at io.netty.channel.uring.IoUringIoHandler.handle(IoUringIoHandler.java:298)
	at io.netty.channel.uring.CompletionQueue.process(CompletionQueue.java:151)
	at io.netty.channel.uring.IoUringIoHandler.processCompletionsAndHandleOverflow(IoUringIoHandler.java:213)
	at io.netty.channel.uring.IoUringIoHandler.run(IoUringIoHandler.java:188)
	at io.netty.channel.SingleThreadIoEventLoop.runIo(SingleThreadIoEventLoop.java:225)
	at io.netty.channel.SingleThreadIoEventLoop.run(SingleThreadIoEventLoop.java:196)
	at io.netty.util.concurrent.SingleThreadEventExecutor$5.run(SingleThreadEventExecutor.java:1204)
	at io.netty.util.internal.ThreadExecutorMap$2.run(ThreadExecutorMap.java:74)
	at io.netty.util.concurrent.FastThreadLocalRunnable.run(FastThreadLocalRunnable.java:30)
	at java.base/java.lang.Thread.run(Thread.java:1583)
07:12:26.145 [multiThreadIoEventLoopGroup-3-1] WARN  i.n.channel.uring.IoUringIoHandler - Unexpected exception in the IO event loop.
java.lang.IllegalStateException: arena buffer of Thread[#32,multiThreadIoEventLoopGroup-4-3,10,main] touched from Thread[#26,multiThreadIoEventLoopGroup-3-1,10,main] (event-loop arena buffers are thread confined)
	at io.netty.buffer.CycleArenaAllocator$ArenaBuf.violation(CycleArenaAllocator.java:1448)
	at io.netty.buffer.CycleArenaAllocator$ArenaBuf.release(CycleArenaAllocator.java:1377)
	at io.netty.buffer.AbstractDerivedByteBuf.release0(AbstractDerivedByteBuf.java:98)
	at io.netty.buffer.AbstractDerivedByteBuf.release(AbstractDerivedByteBuf.java:94)
	at io.netty.channel.uring.IoUringSocketChannel$IoUringSocketUnsafe.handleWriteCompleteZeroCopy(IoUringSocketChannel.java:289)
	at io.netty.channel.uring.IoUringSocketChannel$IoUringSocketUnsafe.writeComplete0(IoUringSocketChannel.java:186)
	at io.netty.channel.uring.AbstractIoUringChannel$AbstractUringUnsafe.writeComplete(AbstractIoUringChannel.java:1003)
	at io.netty.channel.uring.AbstractIoUringChannel$AbstractUringUnsafe.handle(AbstractIoUringChannel.java:474)
	at io.netty.channel.uring.IoUringIoHandler$DefaultIoUringIoRegistration.handle(IoUringIoHandler.java:705)
	at io.netty.channel.uring.IoUringIoHandler.handleFastPath(IoUringIoHandler.java:318)
	at io.netty.channel.uring.IoUringIoHandler.handle(IoUringIoHandler.java:298)
	at io.netty.channel.uring.CompletionQueue.process(CompletionQueue.java:151)
	at io.netty.channel.uring.IoUringIoHandler.processCompletionsAndHandleOverflow(IoUringIoHandler.java:213)
	at io.netty.channel.uring.IoUringIoHandler.run(IoUringIoHandler.java:188)
	at io.netty.channel.SingleThreadIoEventLoop.runIo(SingleThreadIoEventLoop.java:225)
	at io.netty.channel.SingleThreadIoEventLoop.run(SingleThreadIoEventLoop.java:196)
	at io.netty.util.concurrent.SingleThreadEventExecutor$5.run(SingleThreadEventExecutor.java:1204)
	at io.netty.util.internal.ThreadExecutorMap$2.run(ThreadExecutorMap.java:74)
	at io.netty.util.concurrent.FastThreadLocalRunnable.run(FastThreadLocalRunnable.java:30)
	at java.base/java.lang.Thread.run(Thread.java:1583)
07:12:26.150 [multiThreadIoEventLoopGroup-4-2] WARN  i.n.channel.uring.IoUringIoHandler - Unexpected exception in the IO event loop.
java.lang.IllegalStateException: arena buffer of Thread[#29,multiThreadIoEventLoopGroup-3-4,10,main] touched from Thread[#31,multiThreadIoEventLoopGroup-4-2,10,main] (event-loop arena buffers are thread confined)
	at io.netty.buffer.CycleArenaAllocator$ArenaBuf.violation(CycleArenaAllocator.java:1448)
	at io.netty.buffer.CycleArenaAllocator$ArenaBuf.release(CycleArenaAllocator.java:1377)
	at io.netty.buffer.AbstractDerivedByteBuf.release0(AbstractDerivedByteBuf.java:98)
	at io.netty.buffer.AbstractDerivedByteBuf.release(AbstractDerivedByteBuf.java:94)
	at io.netty.channel.uring.IoUringSocketChannel$IoUringSocketUnsafe.handleWriteCompleteZeroCopy(IoUringSocketChannel.java:289)
	at io.netty.channel.uring.IoUringSocketChannel$IoUringSocketUnsafe.writeComplete0(IoUringSocketChannel.java:186)
	at io.netty.channel.uring.AbstractIoUringChannel$AbstractUringUnsafe.writeComplete(AbstractIoUringChannel.java:1003)
	at io.netty.channel.uring.AbstractIoUringChannel$AbstractUringUnsafe.handle(AbstractIoUringChannel.java:474)
	at io.netty.channel.uring.IoUringIoHandler$DefaultIoUringIoRegistration.handle(IoUringIoHandler.java:705)
	at io.netty.channel.uring.IoUringIoHandler.handleFastPath(IoUringIoHandler.java:318)
	at io.netty.channel.uring.IoUringIoHandler.handle(IoUringIoHandler.java:298)
	at io.netty.channel.uring.CompletionQueue.process(CompletionQueue.java:151)
	at io.netty.channel.uring.IoUringIoHandler.processCompletionsAndHandleOverflow(IoUringIoHandler.java:213)
	at io.netty.channel.uring.IoUringIoHandler.run(IoUringIoHandler.java:188)
	at io.netty.channel.SingleThreadIoEventLoop.runIo(SingleThreadIoEventLoop.java:225)
	at io.netty.channel.SingleThreadIoEventLoop.run(SingleThreadIoEventLoop.java:196)
	at io.netty.util.concurrent.SingleThreadEventExecutor$5.run(SingleThreadEventExecutor.java:1204)
	at io.netty.util.internal.ThreadExecutorMap$2.run(ThreadExecutorMap.java:74)
	at io.netty.util.concurrent.FastThreadLocalRunnable.run(FastThreadLocalRunnable.java:30)
	at java.base/java.lang.Thread.run(Thread.java:1583)
07:12:26.152 [multiThreadIoEventLoopGroup-4-4] WARN  io.netty.util.ReferenceCountUtil - Failed to release a message: UnpooledSlicedByteBuf(ridx: 0, widx: 2413, cap: 2413/2413, unwrapped: CycleArenaAllocator$ArenaBuf(ridx: 0, widx: 8192, cap: 8192))
java.lang.IllegalStateException: arena buffer of Thread[#29,multiThreadIoEventLoopGroup-3-4,10,main] touched from Thread[#33,multiThreadIoEventLoopGroup-4-4,10,main] (event-loop arena buffers are thread confined)
	at io.netty.buffer.CycleArenaAllocator$ArenaBuf.violation(CycleArenaAllocator.java:1448)
	at io.netty.buffer.CycleArenaAllocator$ArenaBuf.release(CycleArenaAllocator.java:1377)
	at io.netty.buffer.AbstractDerivedByteBuf.release0(AbstractDerivedByteBuf.java:98)
	at io.netty.buffer.AbstractDerivedByteBuf.release(AbstractDerivedByteBuf.java:94)
	at io.netty.util.ReferenceCountUtil.release(ReferenceCountUtil.java:90)
	at io.netty.util.ReferenceCountUtil.safeRelease(ReferenceCountUtil.java:116)
	at io.netty.channel.ChannelOutboundBuffer.remove(ChannelOutboundBuffer.java:300)
	at io.netty.channel.ChannelOutboundBuffer.removeBytes(ChannelOutboundBuffer.java:382)
	at io.netty.channel.uring.AbstractIoUringStreamChannel$IoUringStreamUnsafe.writeComplete0(AbstractIoUringStreamChannel.java:692)
	at io.netty.channel.uring.IoUringSocketChannel$IoUringSocketUnsafe.writeComplete0(IoUringSocketChannel.java:188)
	at io.netty.channel.uring.AbstractIoUringChannel$AbstractUringUnsafe.writeComplete(AbstractIoUringChannel.java:1003)
	at io.netty.channel.uring.AbstractIoUringChannel$AbstractUringUnsafe.handle(AbstractIoUringChannel.java:474)
	at io.netty.channel.uring.IoUringIoHandler$DefaultIoUringIoRegistration.handle(IoUringIoHandler.java:705)
	at io.netty.channel.uring.IoUringIoHandler.handleFastPath(IoUringIoHandler.java:318)
	at io.netty.channel.uring.IoUringIoHandler.handle(IoUringIoHandler.java:298)
	at io.netty.channel.uring.CompletionQueue.process(CompletionQueue.java:151)
	at io.netty.channel.uring.IoUringIoHandler.processCompletionsAndHandleOverflow(IoUringIoHandler.java:213)
	at io.netty.channel.uring.IoUringIoHandler.run(IoUringIoHandler.java:188)
	at io.netty.channel.SingleThreadIoEventLoop.runIo(SingleThreadIoEventLoop.java:225)
	at io.netty.channel.SingleThreadIoEventLoop.run(SingleThreadIoEventLoop.java:196)
	at io.netty.util.concurrent.SingleThreadEventExecutor$5.run(SingleThreadEventExecutor.java:1204)
	at io.netty.util.internal.ThreadExecutorMap$2.run(ThreadExecutorMap.java:74)
	at io.netty.util.concurrent.FastThreadLocalRunnable.run(FastThreadLocalRunnable.java:30)
	at java.base/java.lang.Thread.run(Thread.java:1583)
07:12:26.152 [multiThreadIoEventLoopGroup-4-4] WARN  io.netty.util.ReferenceCountUtil - Failed to release a message: UnpooledSlicedByteBuf(ridx: 0, widx: 2413, cap: 2413/2413, unwrapped: CycleArenaAllocator$ArenaBuf(ridx: 0, widx: 8192, cap: 8192))
java.lang.IllegalStateException: arena buffer of Thread[#26,multiThreadIoEventLoopGroup-3-1,10,main] touched from Thread[#33,multiThreadIoEventLoopGroup-4-4,10,main] (event-loop arena buffers are thread confined)
	at io.netty.buffer.CycleArenaAllocator$ArenaBuf.violation(CycleArenaAllocator.java:1448)
	at io.netty.buffer.CycleArenaAllocator$ArenaBuf.release(CycleArenaAllocator.java:1377)
	at io.netty.buffer.AbstractDerivedByteBuf.release0(AbstractDerivedByteBuf.java:98)
	at io.netty.buffer.AbstractDerivedByteBuf.release(AbstractDerivedByteBuf.java:94)
	at io.netty.util.ReferenceCountUtil.release(ReferenceCountUtil.java:90)
	at io.netty.util.ReferenceCountUtil.safeRelease(ReferenceCountUtil.java:116)
	at io.netty.channel.ChannelOutboundBuffer.remove(ChannelOutboundBuffer.java:300)
	at io.netty.channel.ChannelOutboundBuffer.removeBytes(ChannelOutboundBuffer.java:382)
	at io.netty.channel.uring.AbstractIoUringStreamChannel$IoUringStreamUnsafe.writeComplete0(AbstractIoUringStreamChannel.java:692)
	at io.netty.channel.uring.IoUringSocketChannel$IoUringSocketUnsafe.writeComplete0(IoUringSocketChannel.java:188)
	at io.netty.channel.uring.AbstractIoUringChannel$AbstractUringUnsafe.writeComplete(AbstractIoUringChannel.java:1003)
	at io.netty.channel.uring.AbstractIoUringChannel$AbstractUringUnsafe.handle(AbstractIoUringChannel.java:474)
	at io.netty.channel.uring.IoUringIoHandler$DefaultIoUringIoRegistration.handle(IoUringIoHandler.java:705)
	at io.netty.channel.uring.IoUringIoHandler.handleFastPath(IoUringIoHandler.java:318)
	at io.netty.channel.uring.IoUringIoHandler.handle(IoUringIoHandler.java:298)
	at io.netty.channel.uring.CompletionQueue.process(CompletionQueue.java:151)
	at io.netty.channel.uring.IoUringIoHandler.processCompletionsAndHandleOverflow(IoUringIoHandler.java:213)
	at io.netty.channel.uring.IoUringIoHandler.run(IoUringIoHandler.java:188)
	at io.netty.channel.SingleThreadIoEventLoop.runIo(SingleThreadIoEventLoop.java:225)
	at io.netty.channel.SingleThreadIoEventLoop.run(SingleThreadIoEventLoop.java:196)
	at io.netty.util.concurrent.SingleThreadEventExecutor$5.run(SingleThreadEventExecutor.java:1204)
	at io.netty.util.internal.ThreadExecutorMap$2.run(ThreadExecutorMap.java:74)
	at io.netty.util.concurrent.FastThreadLocalRunnable.run(FastThreadLocalRunnable.java:30)
	at java.base/java.lang.Thread.run(Thread.java:1583)
07:12:26.152 [multiThreadIoEventLoopGroup-4-4] WARN  io.netty.util.ReferenceCountUtil - Failed to release a message: UnpooledSlicedByteBuf(ridx: 0, widx: 1782, cap: 1782/1782, unwrapped: CycleArenaAllocator$ArenaBuf(ridx: 0, widx: 5977, cap: 8192))
java.lang.IllegalStateException: arena buffer of Thread[#29,multiThreadIoEventLoopGroup-3-4,10,main] touched from Thread[#33,multiThreadIoEventLoopGroup-4-4,10,main] (event-loop arena buffers are thread confined)
	at io.netty.buffer.CycleArenaAllocator$ArenaBuf.violation(CycleArenaAllocator.java:1448)
	at io.netty.buffer.CycleArenaAllocator$ArenaBuf.release(CycleArenaAllocator.java:1377)
	at io.netty.buffer.AbstractDerivedByteBuf.release0(AbstractDerivedByteBuf.java:98)
	at io.netty.buffer.AbstractDerivedByteBuf.release(AbstractDerivedByteBuf.java:94)
	at io.netty.util.ReferenceCountUtil.release(ReferenceCountUtil.java:90)
	at io.netty.util.ReferenceCountUtil.safeRelease(ReferenceCountUtil.java:116)
	at io.netty.channel.ChannelOutboundBuffer.remove(ChannelOutboundBuffer.java:300)
	at io.netty.channel.ChannelOutboundBuffer.removeBytes(ChannelOutboundBuffer.java:382)
	at io.netty.channel.uring.AbstractIoUringStreamChannel$IoUringStreamUnsafe.writeComplete0(AbstractIoUringStreamChannel.java:692)
	at io.netty.channel.uring.IoUringSocketChannel$IoUringSocketUnsafe.writeComplete0(IoUringSocketChannel.java:188)
	at io.netty.channel.uring.AbstractIoUringChannel$AbstractUringUnsafe.writeComplete(AbstractIoUringChannel.java:1003)
	at io.netty.channel.uring.AbstractIoUringChannel$AbstractUringUnsafe.handle(AbstractIoUringChannel.java:474)
	at io.netty.channel.uring.IoUringIoHandler$DefaultIoUringIoRegistration.handle(IoUringIoHandler.java:705)
	at io.netty.channel.uring.IoUringIoHandler.handleFastPath(IoUringIoHandler.java:318)
	at io.netty.channel.uring.IoUringIoHandler.handle(IoUringIoHandler.java:298)
	at io.netty.channel.uring.CompletionQueue.process(CompletionQueue.java:151)
	at io.netty.channel.uring.IoUringIoHandler.processCompletionsAndHandleOverflow(IoUringIoHandler.java:213)
	at io.netty.channel.uring.IoUringIoHandler.run(IoUringIoHandler.java:188)
	at io.netty.channel.SingleThreadIoEventLoop.runIo(SingleThreadIoEventLoop.java:225)
	at io.netty.channel.SingleThreadIoEventLoop.run(SingleThreadIoEventLoop.java:196)
	at io.netty.util.concurrent.SingleThreadEventExecutor$5.run(SingleThreadEventExecutor.java:1204)
	at io.netty.util.internal.ThreadExecutorMap$2.run(ThreadExecutorMap.java:74)
	at io.netty.util.concurrent.FastThreadLocalRunnable.run(FastThreadLocalRunnable.java:30)
	at java.base/java.lang.Thread.run(Thread.java:1583)
07:12:26.152 [multiThreadIoEventLoopGroup-4-4] WARN  io.netty.util.ReferenceCountUtil - Failed to release a message: UnpooledSlicedByteBuf(ridx: 0, widx: 1782, cap: 1782/1782, unwrapped: CycleArenaAllocator$ArenaBuf(ridx: 0, widx: 1782, cap: 8192))
java.lang.IllegalStateException: arena buffer of Thread[#26,multiThreadIoEventLoopGroup-3-1,10,main] touched from Thread[#33,multiThreadIoEventLoopGroup-4-4,10,main] (event-loop arena buffers are thread confined)
	at io.netty.buffer.CycleArenaAllocator$ArenaBuf.violation(CycleArenaAllocator.java:1448)
	at io.netty.buffer.CycleArenaAllocator$ArenaBuf.release(CycleArenaAllocator.java:1377)
	at io.netty.buffer.AbstractDerivedByteBuf.release0(AbstractDerivedByteBuf.java:98)
	at io.netty.buffer.AbstractDerivedByteBuf.release(AbstractDerivedByteBuf.java:94)
	at io.netty.util.ReferenceCountUtil.release(ReferenceCountUtil.java:90)
	at io.netty.util.ReferenceCountUtil.safeRelease(ReferenceCountUtil.java:116)
	at io.netty.channel.ChannelOutboundBuffer.remove(ChannelOutboundBuffer.java:300)
	at io.netty.channel.ChannelOutboundBuffer.removeBytes(ChannelOutboundBuffer.java:382)
	at io.netty.channel.uring.AbstractIoUringStreamChannel$IoUringStreamUnsafe.writeComplete0(AbstractIoUringStreamChannel.java:692)
	at io.netty.channel.uring.IoUringSocketChannel$IoUringSocketUnsafe.writeComplete0(IoUringSocketChannel.java:188)
	at io.netty.channel.uring.AbstractIoUringChannel$AbstractUringUnsafe.writeComplete(AbstractIoUringChannel.java:1003)
	at io.netty.channel.uring.AbstractIoUringChannel$AbstractUringUnsafe.handle(AbstractIoUringChannel.java:474)
	at io.netty.channel.uring.IoUringIoHandler$DefaultIoUringIoRegistration.handle(IoUringIoHandler.java:705)
	at io.netty.channel.uring.IoUringIoHandler.handleFastPath(IoUringIoHandler.java:318)
	at io.netty.channel.uring.IoUringIoHandler.handle(IoUringIoHandler.java:298)
	at io.netty.channel.uring.CompletionQueue.process(CompletionQueue.java:151)
	at io.netty.channel.uring.IoUringIoHandler.processCompletionsAndHandleOverflow(IoUringIoHandler.java:213)
	at io.netty.channel.uring.IoUringIoHandler.run(IoUringIoHandler.java:188)
	at io.netty.channel.SingleThreadIoEventLoop.runIo(SingleThreadIoEventLoop.java:225)
	at io.netty.channel.SingleThreadIoEventLoop.run(SingleThreadIoEventLoop.java:196)
	at io.netty.util.concurrent.SingleThreadEventExecutor$5.run(SingleThreadEventExecutor.java:1204)
	at io.netty.util.internal.ThreadExecutorMap$2.run(ThreadExecutorMap.java:74)
	at io.netty.util.concurrent.FastThreadLocalRunnable.run(FastThreadLocalRunnable.java:30)
	at java.base/java.lang.Thread.run(Thread.java:1583)
07:12:26.152 [multiThreadIoEventLoopGroup-4-4] WARN  i.n.channel.uring.IoUringIoHandler - Unexpected exception in the IO event loop.
java.lang.IllegalStateException: arena buffer of Thread[#26,multiThreadIoEventLoopGroup-3-1,10,main] touched from Thread[#33,multiThreadIoEventLoopGroup-4-4,10,main] (event-loop arena buffers are thread confined)
	at io.netty.buffer.CycleArenaAllocator$ArenaBuf.violation(CycleArenaAllocator.java:1448)
	at io.netty.buffer.CycleArenaAllocator$ArenaBuf.release(CycleArenaAllocator.java:1377)
	at io.netty.buffer.AbstractDerivedByteBuf.release0(AbstractDerivedByteBuf.java:98)
	at io.netty.buffer.AbstractDerivedByteBuf.release(AbstractDerivedByteBuf.java:94)
	at io.netty.channel.uring.IoUringSocketChannel$IoUringSocketUnsafe.handleWriteCompleteZeroCopy(IoUringSocketChannel.java:289)
	at io.netty.channel.uring.IoUringSocketChannel$IoUringSocketUnsafe.writeComplete0(IoUringSocketChannel.java:186)
	at io.netty.channel.uring.AbstractIoUringChannel$AbstractUringUnsafe.writeComplete(AbstractIoUringChannel.java:1003)
	at io.netty.channel.uring.AbstractIoUringChannel$AbstractUringUnsafe.handle(AbstractIoUringChannel.java:474)
	at io.netty.channel.uring.IoUringIoHandler$DefaultIoUringIoRegistration.handle(IoUringIoHandler.java:705)
	at io.netty.channel.uring.IoUringIoHandler.handleFastPath(IoUringIoHandler.java:318)
	at io.netty.channel.uring.IoUringIoHandler.handle(IoUringIoHandler.java:298)
	at io.netty.channel.uring.CompletionQueue.process(CompletionQueue.java:151)
	at io.netty.channel.uring.IoUringIoHandler.processCompletionsAndHandleOverflow(IoUringIoHandler.java:213)
	at io.netty.channel.uring.IoUringIoHandler.run(IoUringIoHandler.java:188)
	at io.netty.channel.SingleThreadIoEventLoop.runIo(SingleThreadIoEventLoop.java:225)
	at io.netty.channel.SingleThreadIoEventLoop.run(SingleThreadIoEventLoop.java:196)
	at io.netty.util.concurrent.SingleThreadEventExecutor$5.run(SingleThreadEventExecutor.java:1204)
	at io.netty.util.internal.ThreadExecutorMap$2.run(ThreadExecutorMap.java:74)
	at io.netty.util.concurrent.FastThreadLocalRunnable.run(FastThreadLocalRunnable.java:30)
	at java.base/java.lang.Thread.run(Thread.java:1583)
07:12:26.153 [multiThreadIoEventLoopGroup-3-4] WARN  i.n.channel.uring.IoUringIoHandler - Unexpected exception in the IO event loop.
java.lang.IllegalStateException: arena buffer of Thread[#32,multiThreadIoEventLoopGroup-4-3,10,main] touched from Thread[#29,multiThreadIoEventLoopGroup-3-4,10,main] (event-loop arena buffers are thread confined)
	at io.netty.buffer.CycleArenaAllocator$ArenaBuf.violation(CycleArenaAllocator.java:1448)
	at io.netty.buffer.CycleArenaAllocator$ArenaBuf.release(CycleArenaAllocator.java:1377)
	at io.netty.buffer.AbstractDerivedByteBuf.release0(AbstractDerivedByteBuf.java:98)
	at io.netty.buffer.AbstractDerivedByteBuf.release(AbstractDerivedByteBuf.java:94)
	at io.netty.channel.uring.IoUringSocketChannel$IoUringSocketUnsafe.handleWriteCompleteZeroCopy(IoUringSocketChannel.java:289)
	at io.netty.channel.uring.IoUringSocketChannel$IoUringSocketUnsafe.writeComplete0(IoUringSocketChannel.java:186)
	at io.netty.channel.uring.AbstractIoUringChannel$AbstractUringUnsafe.writeComplete(AbstractIoUringChannel.java:1003)
	at io.netty.channel.uring.AbstractIoUringChannel$AbstractUringUnsafe.handle(AbstractIoUringChannel.java:474)
	at io.netty.channel.uring.IoUringIoHandler$DefaultIoUringIoRegistration.handle(IoUringIoHandler.java:705)
	at io.netty.channel.uring.IoUringIoHandler.handleFastPath(IoUringIoHandler.java:318)
	at io.netty.channel.uring.IoUringIoHandler.handle(IoUringIoHandler.java:298)
	at io.netty.channel.uring.CompletionQueue.process(CompletionQueue.java:151)
	at io.netty.channel.uring.IoUringIoHandler.processCompletionsAndHandleOverflow(IoUringIoHandler.java:213)
	at io.netty.channel.uring.IoUringIoHandler.run(IoUringIoHandler.java:188)
	at io.netty.channel.SingleThreadIoEventLoop.runIo(SingleThreadIoEventLoop.java:225)
	at io.netty.channel.SingleThreadIoEventLoop.run(SingleThreadIoEventLoop.java:196)
	at io.netty.util.concurrent.SingleThreadEventExecutor$5.run(SingleThreadEventExecutor.java:1204)
	at io.netty.util.internal.ThreadExecutorMap$2.run(ThreadExecutorMap.java:74)
	at io.netty.util.concurrent.FastThreadLocalRunnable.run(FastThreadLocalRunnable.java:30)
	at java.base/java.lang.Thread.run(Thread.java:1583)
07:12:26.241 [multiThreadIoEventLoopGroup-3-2] WARN  i.n.channel.uring.IoUringIoHandler - Unexpected exception in the IO event loop.
java.lang.IllegalStateException: arena buffer of Thread[#30,multiThreadIoEventLoopGroup-4-1,10,main] touched from Thread[#27,multiThreadIoEventLoopGroup-3-2,10,main] (event-loop arena buffers are thread confined)
	at io.netty.buffer.CycleArenaAllocator$ArenaBuf.violation(CycleArenaAllocator.java:1448)
	at io.netty.buffer.CycleArenaAllocator$ArenaBuf.retain(CycleArenaAllocator.java:1351)
	at io.netty.buffer.AbstractDerivedByteBuf.retain0(AbstractDerivedByteBuf.java:58)
	at io.netty.buffer.AbstractDerivedByteBuf.retain(AbstractDerivedByteBuf.java:54)
	at io.netty.channel.uring.IoUringSocketChannel$IoUringSocketUnsafe.handleWriteCompleteZeroCopy(IoUringSocketChannel.java:220)
	at io.netty.channel.uring.IoUringSocketChannel$IoUringSocketUnsafe.writeComplete0(IoUringSocketChannel.java:186)
	at io.netty.channel.uring.AbstractIoUringChannel$AbstractUringUnsafe.writeComplete(AbstractIoUringChannel.java:1003)
	at io.netty.channel.uring.AbstractIoUringChannel$AbstractUringUnsafe.handle(AbstractIoUringChannel.java:474)
	at io.netty.channel.uring.IoUringIoHandler$DefaultIoUringIoRegistration.handle(IoUringIoHandler.java:705)
	at io.netty.channel.uring.IoUringIoHandler.handleFastPath(IoUringIoHandler.java:318)
	at io.netty.channel.uring.IoUringIoHandler.handle(IoUringIoHandler.java:298)
	at io.netty.channel.uring.CompletionQueue.process(CompletionQueue.java:151)
	at io.netty.channel.uring.IoUringIoHandler.processCompletionsAndHandleOverflow(IoUringIoHandler.java:213)
	at io.netty.channel.uring.IoUringIoHandler.run(IoUringIoHandler.java:188)
	at io.netty.channel.SingleThreadIoEventLoop.runIo(SingleThreadIoEventLoop.java:225)
	at io.netty.channel.SingleThreadIoEventLoop.run(SingleThreadIoEventLoop.java:196)
	at io.netty.util.concurrent.SingleThreadEventExecutor$5.run(SingleThreadEventExecutor.java:1204)
	at io.netty.util.internal.ThreadExecutorMap$2.run(ThreadExecutorMap.java:74)
	at io.netty.util.concurrent.FastThreadLocalRunnable.run(FastThreadLocalRunnable.java:30)
	at java.base/java.lang.Thread.run(Thread.java:1583)
07:12:26.241 [multiThreadIoEventLoopGroup-4-3] WARN  io.netty.util.ReferenceCountUtil - Failed to release a message: UnpooledSlicedByteBuf(ridx: 0, widx: 2017, cap: 2017/2017, unwrapped: CycleArenaAllocator$ArenaBuf(ridx: 0, widx: 8192, cap: 8192))
java.lang.IllegalStateException: arena buffer of Thread[#28,multiThreadIoEventLoopGroup-3-3,10,main] touched from Thread[#32,multiThreadIoEventLoopGroup-4-3,10,main] (event-loop arena buffers are thread confined)
	at io.netty.buffer.CycleArenaAllocator$ArenaBuf.violation(CycleArenaAllocator.java:1448)
	at io.netty.buffer.CycleArenaAllocator$ArenaBuf.release(CycleArenaAllocator.java:1377)
	at io.netty.buffer.AbstractDerivedByteBuf.release0(AbstractDerivedByteBuf.java:98)
	at io.netty.buffer.AbstractDerivedByteBuf.release(AbstractDerivedByteBuf.java:94)
	at io.netty.util.ReferenceCountUtil.release(ReferenceCountUtil.java:90)
	at io.netty.util.ReferenceCountUtil.safeRelease(ReferenceCountUtil.java:116)
	at io.netty.channel.ChannelOutboundBuffer.remove(ChannelOutboundBuffer.java:300)
	at io.netty.channel.ChannelOutboundBuffer.removeBytes(ChannelOutboundBuffer.java:382)
	at io.netty.channel.uring.AbstractIoUringStreamChannel$IoUringStreamUnsafe.writeComplete0(AbstractIoUringStreamChannel.java:692)
	at io.netty.channel.uring.IoUringSocketChannel$IoUringSocketUnsafe.writeComplete0(IoUringSocketChannel.java:188)
	at io.netty.channel.uring.AbstractIoUringChannel$AbstractUringUnsafe.writeComplete(AbstractIoUringChannel.java:1003)
	at io.netty.channel.uring.AbstractIoUringChannel$AbstractUringUnsafe.handle(AbstractIoUringChannel.java:474)
	at io.netty.channel.uring.IoUringIoHandler$DefaultIoUringIoRegistration.handle(IoUringIoHandler.java:705)
	at io.netty.channel.uring.IoUringIoHandler.handleFastPath(IoUringIoHandler.java:318)
	at io.netty.channel.uring.IoUringIoHandler.handle(IoUringIoHandler.java:298)
	at io.netty.channel.uring.CompletionQueue.process(CompletionQueue.java:151)
	at io.netty.channel.uring.IoUringIoHandler.processCompletionsAndHandleOverflow(IoUringIoHandler.java:213)
	at io.netty.channel.uring.IoUringIoHandler.run(IoUringIoHandler.java:188)
	at io.netty.channel.SingleThreadIoEventLoop.runIo(SingleThreadIoEventLoop.java:225)
	at io.netty.channel.SingleThreadIoEventLoop.run(SingleThreadIoEventLoop.java:196)
	at io.netty.util.concurrent.SingleThreadEventExecutor$5.run(SingleThreadEventExecutor.java:1204)
	at io.netty.util.internal.ThreadExecutorMap$2.run(ThreadExecutorMap.java:74)
	at io.netty.util.concurrent.FastThreadLocalRunnable.run(FastThreadLocalRunnable.java:30)
	at java.base/java.lang.Thread.run(Thread.java:1583)
07:12:26.242 [multiThreadIoEventLoopGroup-4-3] WARN  io.netty.util.ReferenceCountUtil - Failed to release a message: UnpooledSlicedByteBuf(ridx: 0, widx: 2178, cap: 2178/2178, unwrapped: CycleArenaAllocator$ArenaBuf(ridx: 0, widx: 2178, cap: 8192))
java.lang.IllegalStateException: arena buffer of Thread[#28,multiThreadIoEventLoopGroup-3-3,10,main] touched from Thread[#32,multiThreadIoEventLoopGroup-4-3,10,main] (event-loop arena buffers are thread confined)
	at io.netty.buffer.CycleArenaAllocator$ArenaBuf.violation(CycleArenaAllocator.java:1448)
	at io.netty.buffer.CycleArenaAllocator$ArenaBuf.release(CycleArenaAllocator.java:1377)
	at io.netty.buffer.AbstractDerivedByteBuf.release0(AbstractDerivedByteBuf.java:98)
	at io.netty.buffer.AbstractDerivedByteBuf.release(AbstractDerivedByteBuf.java:94)
	at io.netty.util.ReferenceCountUtil.release(ReferenceCountUtil.java:90)
	at io.netty.util.ReferenceCountUtil.safeRelease(ReferenceCountUtil.java:116)
	at io.netty.channel.ChannelOutboundBuffer.remove(ChannelOutboundBuffer.java:300)
	at io.netty.channel.ChannelOutboundBuffer.removeBytes(ChannelOutboundBuffer.java:382)
	at io.netty.channel.uring.AbstractIoUringStreamChannel$IoUringStreamUnsafe.writeComplete0(AbstractIoUringStreamChannel.java:692)
	at io.netty.channel.uring.IoUringSocketChannel$IoUringSocketUnsafe.writeComplete0(IoUringSocketChannel.java:188)
	at io.netty.channel.uring.AbstractIoUringChannel$AbstractUringUnsafe.writeComplete(AbstractIoUringChannel.java:1003)
	at io.netty.channel.uring.AbstractIoUringChannel$AbstractUringUnsafe.handle(AbstractIoUringChannel.java:474)
	at io.netty.channel.uring.IoUringIoHandler$DefaultIoUringIoRegistration.handle(IoUringIoHandler.java:705)
	at io.netty.channel.uring.IoUringIoHandler.handleFastPath(IoUringIoHandler.java:318)
	at io.netty.channel.uring.IoUringIoHandler.handle(IoUringIoHandler.java:298)
	at io.netty.channel.uring.CompletionQueue.process(CompletionQueue.java:151)
	at io.netty.channel.uring.IoUringIoHandler.processCompletionsAndHandleOverflow(IoUringIoHandler.java:213)
	at io.netty.channel.uring.IoUringIoHandler.run(IoUringIoHandler.java:188)
	at io.netty.channel.SingleThreadIoEventLoop.runIo(SingleThreadIoEventLoop.java:225)
	at io.netty.channel.SingleThreadIoEventLoop.run(SingleThreadIoEventLoop.java:196)
	at io.netty.util.concurrent.SingleThreadEventExecutor$5.run(SingleThreadEventExecutor.java:1204)
	at io.netty.util.internal.ThreadExecutorMap$2.run(ThreadExecutorMap.java:74)
	at io.netty.util.concurrent.FastThreadLocalRunnable.run(FastThreadLocalRunnable.java:30)
	at java.base/java.lang.Thread.run(Thread.java:1583)
07:12:26.245 [multiThreadIoEventLoopGroup-3-3] WARN  io.netty.util.ReferenceCountUtil - Failed to release a message: UnpooledSlicedByteBuf(ridx: 0, widx: 3390, cap: 3390/3390, unwrapped: CycleArenaAllocator$ArenaBuf(ridx: 0, widx: 3390, cap: 8192))
java.lang.IllegalStateException: arena buffer of Thread[#31,multiThreadIoEventLoopGroup-4-2,10,main] touched from Thread[#28,multiThreadIoEventLoopGroup-3-3,10,main] (event-loop arena buffers are thread confined)
	at io.netty.buffer.CycleArenaAllocator$ArenaBuf.violation(CycleArenaAllocator.java:1448)
	at io.netty.buffer.CycleArenaAllocator$ArenaBuf.release(CycleArenaAllocator.java:1377)
	at io.netty.buffer.AbstractDerivedByteBuf.release0(AbstractDerivedByteBuf.java:98)
	at io.netty.buffer.AbstractDerivedByteBuf.release(AbstractDerivedByteBuf.java:94)
	at io.netty.util.ReferenceCountUtil.release(ReferenceCountUtil.java:90)
	at io.netty.util.ReferenceCountUtil.safeRelease(ReferenceCountUtil.java:116)
	at io.netty.channel.ChannelOutboundBuffer.remove(ChannelOutboundBuffer.java:300)
	at io.netty.channel.ChannelOutboundBuffer.removeBytes(ChannelOutboundBuffer.java:382)
	at io.netty.channel.uring.AbstractIoUringStreamChannel$IoUringStreamUnsafe.writeComplete0(AbstractIoUringStreamChannel.java:692)
	at io.netty.channel.uring.IoUringSocketChannel$IoUringSocketUnsafe.writeComplete0(IoUringSocketChannel.java:188)
	at io.netty.channel.uring.AbstractIoUringChannel$AbstractUringUnsafe.writeComplete(AbstractIoUringChannel.java:1003)
	at io.netty.channel.uring.AbstractIoUringChannel$AbstractUringUnsafe.handle(AbstractIoUringChannel.java:474)
	at io.netty.channel.uring.IoUringIoHandler$DefaultIoUringIoRegistration.handle(IoUringIoHandler.java:705)
	at io.netty.channel.uring.IoUringIoHandler.handleFastPath(IoUringIoHandler.java:318)
	at io.netty.channel.uring.IoUringIoHandler.handle(IoUringIoHandler.java:298)
	at io.netty.channel.uring.CompletionQueue.process(CompletionQueue.java:151)
	at io.netty.channel.uring.IoUringIoHandler.processCompletionsAndHandleOverflow(IoUringIoHandler.java:213)
	at io.netty.channel.uring.IoUringIoHandler.run(IoUringIoHandler.java:188)
	at io.netty.channel.SingleThreadIoEventLoop.runIo(SingleThreadIoEventLoop.java:225)
	at io.netty.channel.SingleThreadIoEventLoop.run(SingleThreadIoEventLoop.java:196)
	at io.netty.util.concurrent.SingleThreadEventExecutor$5.run(SingleThreadEventExecutor.java:1204)
	at io.netty.util.internal.ThreadExecutorMap$2.run(ThreadExecutorMap.java:74)
	at io.netty.util.concurrent.FastThreadLocalRunnable.run(FastThreadLocalRunnable.java:30)
	at java.base/java.lang.Thread.run(Thread.java:1583)
07:12:26.245 [multiThreadIoEventLoopGroup-4-1] WARN  i.n.channel.uring.IoUringIoHandler - Unexpected exception in the IO event loop.
java.lang.IllegalStateException: arena buffer of Thread[#28,multiThreadIoEventLoopGroup-3-3,10,main] touched from Thread[#30,multiThreadIoEventLoopGroup-4-1,10,main] (event-loop arena buffers are thread confined)
	at io.netty.buffer.CycleArenaAllocator$ArenaBuf.violation(CycleArenaAllocator.java:1448)
	at io.netty.buffer.CycleArenaAllocator$ArenaBuf.retain(CycleArenaAllocator.java:1351)
	at io.netty.buffer.AbstractDerivedByteBuf.retain0(AbstractDerivedByteBuf.java:58)
	at io.netty.buffer.AbstractDerivedByteBuf.retain(AbstractDerivedByteBuf.java:54)
	at io.netty.channel.uring.IoUringSocketChannel$IoUringSocketUnsafe.handleWriteCompleteZeroCopy(IoUringSocketChannel.java:220)
	at io.netty.channel.uring.IoUringSocketChannel$IoUringSocketUnsafe.writeComplete0(IoUringSocketChannel.java:186)
	at io.netty.channel.uring.AbstractIoUringChannel$AbstractUringUnsafe.writeComplete(AbstractIoUringChannel.java:1003)
	at io.netty.channel.uring.AbstractIoUringChannel$AbstractUringUnsafe.handle(AbstractIoUringChannel.java:474)
	at io.netty.channel.uring.IoUringIoHandler$DefaultIoUringIoRegistration.handle(IoUringIoHandler.java:705)
	at io.netty.channel.uring.IoUringIoHandler.handleFastPath(IoUringIoHandler.java:318)
	at io.netty.channel.uring.IoUringIoHandler.handle(IoUringIoHandler.java:298)
	at io.netty.channel.uring.CompletionQueue.process(CompletionQueue.java:151)
	at io.netty.channel.uring.IoUringIoHandler.processCompletionsAndHandleOverflow(IoUringIoHandler.java:213)
	at io.netty.channel.uring.IoUringIoHandler.run(IoUringIoHandler.java:188)
	at io.netty.channel.SingleThreadIoEventLoop.runIo(SingleThreadIoEventLoop.java:225)
	at io.netty.channel.SingleThreadIoEventLoop.run(SingleThreadIoEventLoop.java:196)
	at io.netty.util.concurrent.SingleThreadEventExecutor$5.run(SingleThreadEventExecutor.java:1204)
	at io.netty.util.internal.ThreadExecutorMap$2.run(ThreadExecutorMap.java:74)
	at io.netty.util.concurrent.FastThreadLocalRunnable.run(FastThreadLocalRunnable.java:30)
	at java.base/java.lang.Thread.run(Thread.java:1583)
07:12:26.245 [multiThreadIoEventLoopGroup-3-3] WARN  io.netty.util.ReferenceCountUtil - Failed to release a message: UnpooledSlicedByteBuf(ridx: 0, widx: 1717, cap: 1717/1717, unwrapped: CycleArenaAllocator$ArenaBuf(ridx: 0, widx: 8192, cap: 8192))
java.lang.IllegalStateException: arena buffer of Thread[#30,multiThreadIoEventLoopGroup-4-1,10,main] touched from Thread[#28,multiThreadIoEventLoopGroup-3-3,10,main] (event-loop arena buffers are thread confined)
	at io.netty.buffer.CycleArenaAllocator$ArenaBuf.violation(CycleArenaAllocator.java:1448)
	at io.netty.buffer.CycleArenaAllocator$ArenaBuf.release(CycleArenaAllocator.java:1377)
	at io.netty.buffer.AbstractDerivedByteBuf.release0(AbstractDerivedByteBuf.java:98)
	at io.netty.buffer.AbstractDerivedByteBuf.release(AbstractDerivedByteBuf.java:94)
	at io.netty.util.ReferenceCountUtil.release(ReferenceCountUtil.java:90)
	at io.netty.util.ReferenceCountUtil.safeRelease(ReferenceCountUtil.java:116)
	at io.netty.channel.ChannelOutboundBuffer.remove(ChannelOutboundBuffer.java:300)
	at io.netty.channel.ChannelOutboundBuffer.removeBytes(ChannelOutboundBuffer.java:382)
	at io.netty.channel.uring.AbstractIoUringStreamChannel$IoUringStreamUnsafe.writeComplete0(AbstractIoUringStreamChannel.java:692)
	at io.netty.channel.uring.IoUringSocketChannel$IoUringSocketUnsafe.writeComplete0(IoUringSocketChannel.java:188)
	at io.netty.channel.uring.AbstractIoUringChannel$AbstractUringUnsafe.writeComplete(AbstractIoUringChannel.java:1003)
	at io.netty.channel.uring.AbstractIoUringChannel$AbstractUringUnsafe.handle(AbstractIoUringChannel.java:474)
	at io.netty.channel.uring.IoUringIoHandler$DefaultIoUringIoRegistration.handle(IoUringIoHandler.java:705)
	at io.netty.channel.uring.IoUringIoHandler.handleFastPath(IoUringIoHandler.java:318)
	at io.netty.channel.uring.IoUringIoHandler.handle(IoUringIoHandler.java:298)
	at io.netty.channel.uring.CompletionQueue.process(CompletionQueue.java:151)
	at io.netty.channel.uring.IoUringIoHandler.processCompletionsAndHandleOverflow(IoUringIoHandler.java:213)
	at io.netty.channel.uring.IoUringIoHandler.run(IoUringIoHandler.java:188)
	at io.netty.channel.SingleThreadIoEventLoop.runIo(SingleThreadIoEventLoop.java:225)
	at io.netty.channel.SingleThreadIoEventLoop.run(SingleThreadIoEventLoop.java:196)
	at io.netty.util.concurrent.SingleThreadEventExecutor$5.run(SingleThreadEventExecutor.java:1204)
	at io.netty.util.internal.ThreadExecutorMap$2.run(ThreadExecutorMap.java:74)
	at io.netty.util.concurrent.FastThreadLocalRunnable.run(FastThreadLocalRunnable.java:30)
	at java.base/java.lang.Thread.run(Thread.java:1583)
07:12:26.245 [multiThreadIoEventLoopGroup-3-3] WARN  io.netty.util.ReferenceCountUtil - Failed to release a message: UnpooledSlicedByteBuf(ridx: 0, widx: 980, cap: 980/980, unwrapped: CycleArenaAllocator$ArenaBuf(ridx: 0, widx: 8192, cap: 8192))
java.lang.IllegalStateException: arena buffer of Thread[#32,multiThreadIoEventLoopGroup-4-3,10,main] touched from Thread[#28,multiThreadIoEventLoopGroup-3-3,10,main] (event-loop arena buffers are thread confined)
	at io.netty.buffer.CycleArenaAllocator$ArenaBuf.violation(CycleArenaAllocator.java:1448)
	at io.netty.buffer.CycleArenaAllocator$ArenaBuf.release(CycleArenaAllocator.java:1377)
	at io.netty.buffer.AbstractDerivedByteBuf.release0(AbstractDerivedByteBuf.java:98)
	at io.netty.buffer.AbstractDerivedByteBuf.release(AbstractDerivedByteBuf.java:94)
	at io.netty.util.ReferenceCountUtil.release(ReferenceCountUtil.java:90)
	at io.netty.util.ReferenceCountUtil.safeRelease(ReferenceCountUtil.java:116)
	at io.netty.channel.ChannelOutboundBuffer.remove(ChannelOutboundBuffer.java:300)
	at io.netty.channel.ChannelOutboundBuffer.removeBytes(ChannelOutboundBuffer.java:382)
	at io.netty.channel.uring.AbstractIoUringStreamChannel$IoUringStreamUnsafe.writeComplete0(AbstractIoUringStreamChannel.java:692)
	at io.netty.channel.uring.IoUringSocketChannel$IoUringSocketUnsafe.writeComplete0(IoUringSocketChannel.java:188)
	at io.netty.channel.uring.AbstractIoUringChannel$AbstractUringUnsafe.writeComplete(AbstractIoUringChannel.java:1003)
	at io.netty.channel.uring.AbstractIoUringChannel$AbstractUringUnsafe.handle(AbstractIoUringChannel.java:474)
	at io.netty.channel.uring.IoUringIoHandler$DefaultIoUringIoRegistration.handle(IoUringIoHandler.java:705)
	at io.netty.channel.uring.IoUringIoHandler.handleFastPath(IoUringIoHandler.java:318)
	at io.netty.channel.uring.IoUringIoHandler.handle(IoUringIoHandler.java:298)
	at io.netty.channel.uring.CompletionQueue.process(CompletionQueue.java:151)
	at io.netty.channel.uring.IoUringIoHandler.processCompletionsAndHandleOverflow(IoUringIoHandler.java:213)
	at io.netty.channel.uring.IoUringIoHandler.run(IoUringIoHandler.java:188)
	at io.netty.channel.SingleThreadIoEventLoop.runIo(SingleThreadIoEventLoop.java:225)
	at io.netty.channel.SingleThreadIoEventLoop.run(SingleThreadIoEventLoop.java:196)
	at io.netty.util.concurrent.SingleThreadEventExecutor$5.run(SingleThreadEventExecutor.java:1204)
	at io.netty.util.internal.ThreadExecutorMap$2.run(ThreadExecutorMap.java:74)
	at io.netty.util.concurrent.FastThreadLocalRunnable.run(FastThreadLocalRunnable.java:30)
	at java.base/java.lang.Thread.run(Thread.java:1583)
07:12:26.246 [multiThreadIoEventLoopGroup-3-3] WARN  io.netty.util.ReferenceCountUtil - Failed to release a message: UnpooledSlicedByteBuf(ridx: 0, widx: 2675, cap: 2675/2675, unwrapped: CycleArenaAllocator$ArenaBuf(ridx: 0, widx: 2675, cap: 8192))
java.lang.IllegalStateException: arena buffer of Thread[#30,multiThreadIoEventLoopGroup-4-1,10,main] touched from Thread[#28,multiThreadIoEventLoopGroup-3-3,10,main] (event-loop arena buffers are thread confined)
	at io.netty.buffer.CycleArenaAllocator$ArenaBuf.violation(CycleArenaAllocator.java:1448)
	at io.netty.buffer.CycleArenaAllocator$ArenaBuf.release(CycleArenaAllocator.java:1377)
	at io.netty.buffer.AbstractDerivedByteBuf.release0(AbstractDerivedByteBuf.java:98)
	at io.netty.buffer.AbstractDerivedByteBuf.release(AbstractDerivedByteBuf.java:94)
	at io.netty.util.ReferenceCountUtil.release(ReferenceCountUtil.java:90)
	at io.netty.util.ReferenceCountUtil.safeRelease(ReferenceCountUtil.java:116)
	at io.netty.channel.ChannelOutboundBuffer.remove(ChannelOutboundBuffer.java:300)
	at io.netty.channel.ChannelOutboundBuffer.removeBytes(ChannelOutboundBuffer.java:382)
	at io.netty.channel.uring.AbstractIoUringStreamChannel$IoUringStreamUnsafe.writeComplete0(AbstractIoUringStreamChannel.java:692)
	at io.netty.channel.uring.IoUringSocketChannel$IoUringSocketUnsafe.writeComplete0(IoUringSocketChannel.java:188)
	at io.netty.channel.uring.AbstractIoUringChannel$AbstractUringUnsafe.writeComplete(AbstractIoUringChannel.java:1003)
	at io.netty.channel.uring.AbstractIoUringChannel$AbstractUringUnsafe.handle(AbstractIoUringChannel.java:474)
	at io.netty.channel.uring.IoUringIoHandler$DefaultIoUringIoRegistration.handle(IoUringIoHandler.java:705)
	at io.netty.channel.uring.IoUringIoHandler.handleFastPath(IoUringIoHandler.java:318)
	at io.netty.channel.uring.IoUringIoHandler.handle(IoUringIoHandler.java:298)
	at io.netty.channel.uring.CompletionQueue.process(CompletionQueue.java:151)
	at io.netty.channel.uring.IoUringIoHandler.processCompletionsAndHandleOverflow(IoUringIoHandler.java:213)
	at io.netty.channel.uring.IoUringIoHandler.run(IoUringIoHandler.java:188)
	at io.netty.channel.SingleThreadIoEventLoop.runIo(SingleThreadIoEventLoop.java:225)
	at io.netty.channel.SingleThreadIoEventLoop.run(SingleThreadIoEventLoop.java:196)
	at io.netty.util.concurrent.SingleThreadEventExecutor$5.run(SingleThreadEventExecutor.java:1204)
	at io.netty.util.internal.ThreadExecutorMap$2.run(ThreadExecutorMap.java:74)
	at io.netty.util.concurrent.FastThreadLocalRunnable.run(FastThreadLocalRunnable.java:30)
	at java.base/java.lang.Thread.run(Thread.java:1583)
07:12:26.246 [multiThreadIoEventLoopGroup-3-3] WARN  io.netty.util.ReferenceCountUtil - Failed to release a message: UnpooledSlicedByteBuf(ridx: 0, widx: 3557, cap: 3557/3557, unwrapped: CycleArenaAllocator$ArenaBuf(ridx: 0, widx: 3557, cap: 8192))
java.lang.IllegalStateException: arena buffer of Thread[#32,multiThreadIoEventLoopGroup-4-3,10,main] touched from Thread[#28,multiThreadIoEventLoopGroup-3-3,10,main] (event-loop arena buffers are thread confined)
	at io.netty.buffer.CycleArenaAllocator$ArenaBuf.violation(CycleArenaAllocator.java:1448)
	at io.netty.buffer.CycleArenaAllocator$ArenaBuf.release(CycleArenaAllocator.java:1377)
	at io.netty.buffer.AbstractDerivedByteBuf.release0(AbstractDerivedByteBuf.java:98)
	at io.netty.buffer.AbstractDerivedByteBuf.release(AbstractDerivedByteBuf.java:94)
	at io.netty.util.ReferenceCountUtil.release(ReferenceCountUtil.java:90)
	at io.netty.util.ReferenceCountUtil.safeRelease(ReferenceCountUtil.java:116)
	at io.netty.channel.ChannelOutboundBuffer.remove(ChannelOutboundBuffer.java:300)
	at io.netty.channel.ChannelOutboundBuffer.removeBytes(ChannelOutboundBuffer.java:382)
	at io.netty.channel.uring.AbstractIoUringStreamChannel$IoUringStreamUnsafe.writeComplete0(AbstractIoUringStreamChannel.java:692)
	at io.netty.channel.uring.IoUringSocketChannel$IoUringSocketUnsafe.writeComplete0(IoUringSocketChannel.java:188)
	at io.netty.channel.uring.AbstractIoUringChannel$AbstractUringUnsafe.writeComplete(AbstractIoUringChannel.java:1003)
	at io.netty.channel.uring.AbstractIoUringChannel$AbstractUringUnsafe.handle(AbstractIoUringChannel.java:474)
	at io.netty.channel.uring.IoUringIoHandler$DefaultIoUringIoRegistration.handle(IoUringIoHandler.java:705)
	at io.netty.channel.uring.IoUringIoHandler.handleFastPath(IoUringIoHandler.java:318)
	at io.netty.channel.uring.IoUringIoHandler.handle(IoUringIoHandler.java:298)
	at io.netty.channel.uring.CompletionQueue.process(CompletionQueue.java:151)
	at io.netty.channel.uring.IoUringIoHandler.processCompletionsAndHandleOverflow(IoUringIoHandler.java:213)
	at io.netty.channel.uring.IoUringIoHandler.run(IoUringIoHandler.java:188)
	at io.netty.channel.SingleThreadIoEventLoop.runIo(SingleThreadIoEventLoop.java:225)
	at io.netty.channel.SingleThreadIoEventLoop.run(SingleThreadIoEventLoop.java:196)
	at io.netty.util.concurrent.SingleThreadEventExecutor$5.run(SingleThreadEventExecutor.java:1204)
	at io.netty.util.internal.ThreadExecutorMap$2.run(ThreadExecutorMap.java:74)
	at io.netty.util.concurrent.FastThreadLocalRunnable.run(FastThreadLocalRunnable.java:30)
	at java.base/java.lang.Thread.run(Thread.java:1583)
07:12:26.249 [multiThreadIoEventLoopGroup-3-3] WARN  io.netty.util.ReferenceCountUtil - Failed to release a message: UnpooledSlicedByteBuf(ridx: 0, widx: 156, cap: 156/156, unwrapped: CycleArenaAllocator$ArenaBuf(ridx: 0, widx: 3713, cap: 8192))
java.lang.IllegalStateException: arena buffer of Thread[#32,multiThreadIoEventLoopGroup-4-3,10,main] touched from Thread[#28,multiThreadIoEventLoopGroup-3-3,10,main] (event-loop arena buffers are thread confined)
	at io.netty.buffer.CycleArenaAllocator$ArenaBuf.violation(CycleArenaAllocator.java:1448)
	at io.netty.buffer.CycleArenaAllocator$ArenaBuf.release(CycleArenaAllocator.java:1377)
	at io.netty.buffer.AbstractDerivedByteBuf.release0(AbstractDerivedByteBuf.java:98)
	at io.netty.buffer.AbstractDerivedByteBuf.release(AbstractDerivedByteBuf.java:94)
	at io.netty.util.ReferenceCountUtil.release(ReferenceCountUtil.java:90)
	at io.netty.util.ReferenceCountUtil.safeRelease(ReferenceCountUtil.java:116)
	at io.netty.channel.ChannelOutboundBuffer.remove(ChannelOutboundBuffer.java:300)
	at io.netty.channel.ChannelOutboundBuffer.removeBytes(ChannelOutboundBuffer.java:382)
	at io.netty.channel.uring.AbstractIoUringStreamChannel$IoUringStreamUnsafe.writeComplete0(AbstractIoUringStreamChannel.java:692)
	at io.netty.channel.uring.IoUringSocketChannel$IoUringSocketUnsafe.writeComplete0(IoUringSocketChannel.java:188)
	at io.netty.channel.uring.AbstractIoUringChannel$AbstractUringUnsafe.writeComplete(AbstractIoUringChannel.java:1003)
	at io.netty.channel.uring.AbstractIoUringChannel$AbstractUringUnsafe.handle(AbstractIoUringChannel.java:474)
	at io.netty.channel.uring.IoUringIoHandler$DefaultIoUringIoRegistration.handle(IoUringIoHandler.java:705)
	at io.netty.channel.uring.IoUringIoHandler.handleFastPath(IoUringIoHandler.java:318)
	at io.netty.channel.uring.IoUringIoHandler.handle(IoUringIoHandler.java:298)
	at io.netty.channel.uring.CompletionQueue.process(CompletionQueue.java:151)
	at io.netty.channel.uring.IoUringIoHandler.processCompletionsAndHandleOverflow(IoUringIoHandler.java:213)
	at io.netty.channel.uring.IoUringIoHandler.run(IoUringIoHandler.java:188)
	at io.netty.channel.SingleThreadIoEventLoop.runIo(SingleThreadIoEventLoop.java:225)
	at io.netty.channel.SingleThreadIoEventLoop.run(SingleThreadIoEventLoop.java:196)
	at io.netty.util.concurrent.SingleThreadEventExecutor$5.run(SingleThreadEventExecutor.java:1204)
	at io.netty.util.internal.ThreadExecutorMap$2.run(ThreadExecutorMap.java:74)
	at io.netty.util.concurrent.FastThreadLocalRunnable.run(FastThreadLocalRunnable.java:30)
	at java.base/java.lang.Thread.run(Thread.java:1583)
07:12:26.250 [multiThreadIoEventLoopGroup-3-1] WARN  i.n.channel.uring.IoUringIoHandler - Unexpected exception in the IO event loop.
java.lang.IllegalStateException: arena buffer of Thread[#33,multiThreadIoEventLoopGroup-4-4,10,main] touched from Thread[#26,multiThreadIoEventLoopGroup-3-1,10,main] (event-loop arena buffers are thread confined)
	at io.netty.buffer.CycleArenaAllocator$ArenaBuf.violation(CycleArenaAllocator.java:1448)
	at io.netty.buffer.CycleArenaAllocator$ArenaBuf.retain(CycleArenaAllocator.java:1351)
	at io.netty.buffer.AbstractDerivedByteBuf.retain0(AbstractDerivedByteBuf.java:58)
	at io.netty.buffer.AbstractDerivedByteBuf.retain(AbstractDerivedByteBuf.java:54)
	at io.netty.channel.uring.IoUringSocketChannel$IoUringSocketUnsafe.handleWriteCompleteZeroCopy(IoUringSocketChannel.java:220)
	at io.netty.channel.uring.IoUringSocketChannel$IoUringSocketUnsafe.writeComplete0(IoUringSocketChannel.java:186)
	at io.netty.channel.uring.AbstractIoUringChannel$AbstractUringUnsafe.writeComplete(AbstractIoUringChannel.java:1003)
	at io.netty.channel.uring.AbstractIoUringChannel$AbstractUringUnsafe.handle(AbstractIoUringChannel.java:474)
	at io.netty.channel.uring.IoUringIoHandler$DefaultIoUringIoRegistration.handle(IoUringIoHandler.java:705)
	at io.netty.channel.uring.IoUringIoHandler.handleFastPath(IoUringIoHandler.java:318)
	at io.netty.channel.uring.IoUringIoHandler.handle(IoUringIoHandler.java:298)
	at io.netty.channel.uring.CompletionQueue.process(CompletionQueue.java:151)
	at io.netty.channel.uring.IoUringIoHandler.processCompletionsAndHandleOverflow(IoUringIoHandler.java:213)
	at io.netty.channel.uring.IoUringIoHandler.run(IoUringIoHandler.java:188)
	at io.netty.channel.SingleThreadIoEventLoop.runIo(SingleThreadIoEventLoop.java:225)
	at io.netty.channel.SingleThreadIoEventLoop.run(SingleThreadIoEventLoop.java:196)
	at io.netty.util.concurrent.SingleThreadEventExecutor$5.run(SingleThreadEventExecutor.java:1204)
	at io.netty.util.internal.ThreadExecutorMap$2.run(ThreadExecutorMap.java:74)
	at io.netty.util.concurrent.FastThreadLocalRunnable.run(FastThreadLocalRunnable.java:30)
	at java.base/java.lang.Thread.run(Thread.java:1583)
07:12:26.251 [multiThreadIoEventLoopGroup-4-3] WARN  i.n.channel.uring.IoUringIoHandler - Unexpected exception in the IO event loop.
java.lang.IllegalStateException: arena buffer of Thread[#26,multiThreadIoEventLoopGroup-3-1,10,main] touched from Thread[#32,multiThreadIoEventLoopGroup-4-3,10,main] (event-loop arena buffers are thread confined)
	at io.netty.buffer.CycleArenaAllocator$ArenaBuf.violation(CycleArenaAllocator.java:1448)
	at io.netty.buffer.CycleArenaAllocator$ArenaBuf.retain(CycleArenaAllocator.java:1351)
	at io.netty.buffer.AbstractDerivedByteBuf.retain0(AbstractDerivedByteBuf.java:58)
	at io.netty.buffer.AbstractDerivedByteBuf.retain(AbstractDerivedByteBuf.java:54)
	at io.netty.channel.uring.IoUringSocketChannel$IoUringSocketUnsafe.handleWriteCompleteZeroCopy(IoUringSocketChannel.java:220)
	at io.netty.channel.uring.IoUringSocketChannel$IoUringSocketUnsafe.writeComplete0(IoUringSocketChannel.java:186)
	at io.netty.channel.uring.AbstractIoUringChannel$AbstractUringUnsafe.writeComplete(AbstractIoUringChannel.java:1003)
	at io.netty.channel.uring.AbstractIoUringChannel$AbstractUringUnsafe.handle(AbstractIoUringChannel.java:474)
	at io.netty.channel.uring.IoUringIoHandler$DefaultIoUringIoRegistration.handle(IoUringIoHandler.java:705)
	at io.netty.channel.uring.IoUringIoHandler.handleFastPath(IoUringIoHandler.java:318)
	at io.netty.channel.uring.IoUringIoHandler.handle(IoUringIoHandler.java:298)
	at io.netty.channel.uring.CompletionQueue.process(CompletionQueue.java:151)
	at io.netty.channel.uring.IoUringIoHandler.processCompletionsAndHandleOverflow(IoUringIoHandler.java:213)
	at io.netty.channel.uring.IoUringIoHandler.run(IoUringIoHandler.java:188)
	at io.netty.channel.SingleThreadIoEventLoop.runIo(SingleThreadIoEventLoop.java:225)
	at io.netty.channel.SingleThreadIoEventLoop.run(SingleThreadIoEventLoop.java:196)
	at io.netty.util.concurrent.SingleThreadEventExecutor$5.run(SingleThreadEventExecutor.java:1204)
	at io.netty.util.internal.ThreadExecutorMap$2.run(ThreadExecutorMap.java:74)
	at io.netty.util.concurrent.FastThreadLocalRunnable.run(FastThreadLocalRunnable.java:30)
	at java.base/java.lang.Thread.run(Thread.java:1583)
07:12:26.251 [multiThreadIoEventLoopGroup-3-3] WARN  i.n.channel.uring.IoUringIoHandler - Unexpected exception in the IO event loop.
java.lang.IllegalStateException: arena buffer of Thread[#32,multiThreadIoEventLoopGroup-4-3,10,main] touched from Thread[#28,multiThreadIoEventLoopGroup-3-3,10,main] (event-loop arena buffers are thread confined)
	at io.netty.buffer.CycleArenaAllocator$ArenaBuf.violation(CycleArenaAllocator.java:1448)
	at io.netty.buffer.CycleArenaAllocator$ArenaBuf.retain(CycleArenaAllocator.java:1351)
	at io.netty.buffer.AbstractDerivedByteBuf.retain0(AbstractDerivedByteBuf.java:58)
	at io.netty.buffer.AbstractDerivedByteBuf.retain(AbstractDerivedByteBuf.java:54)
	at io.netty.channel.uring.IoUringSocketChannel$IoUringSocketUnsafe.handleWriteCompleteZeroCopy(IoUringSocketChannel.java:220)
	at io.netty.channel.uring.IoUringSocketChannel$IoUringSocketUnsafe.writeComplete0(IoUringSocketChannel.java:186)
	at io.netty.channel.uring.AbstractIoUringChannel$AbstractUringUnsafe.writeComplete(AbstractIoUringChannel.java:1003)
	at io.netty.channel.uring.AbstractIoUringChannel$AbstractUringUnsafe.handle(AbstractIoUringChannel.java:474)
	at io.netty.channel.uring.IoUringIoHandler$DefaultIoUringIoRegistration.handle(IoUringIoHandler.java:705)
	at io.netty.channel.uring.IoUringIoHandler.handleFastPath(IoUringIoHandler.java:318)
	at io.netty.channel.uring.IoUringIoHandler.handle(IoUringIoHandler.java:298)
	at io.netty.channel.uring.CompletionQueue.process(CompletionQueue.java:151)
	at io.netty.channel.uring.IoUringIoHandler.processCompletionsAndHandleOverflow(IoUringIoHandler.java:213)
	at io.netty.channel.uring.IoUringIoHandler.run(IoUringIoHandler.java:188)
	at io.netty.channel.SingleThreadIoEventLoop.runIo(SingleThreadIoEventLoop.java:225)
	at io.netty.channel.SingleThreadIoEventLoop.run(SingleThreadIoEventLoop.java:196)
	at io.netty.util.concurrent.SingleThreadEventExecutor$5.run(SingleThreadEventExecutor.java:1204)
	at io.netty.util.internal.ThreadExecutorMap$2.run(ThreadExecutorMap.java:74)
	at io.netty.util.concurrent.FastThreadLocalRunnable.run(FastThreadLocalRunnable.java:30)
	at java.base/java.lang.Thread.run(Thread.java:1583)
07:12:26.251 [multiThreadIoEventLoopGroup-4-2] WARN  io.netty.util.ReferenceCountUtil - Failed to release a message: UnpooledSlicedByteBuf(ridx: 0, widx: 2215, cap: 2215/2215, unwrapped: CycleArenaAllocator$ArenaBuf(ridx: 0, widx: 8192, cap: 8192))
java.lang.IllegalStateException: arena buffer of Thread[#29,multiThreadIoEventLoopGroup-3-4,10,main] touched from Thread[#31,multiThreadIoEventLoopGroup-4-2,10,main] (event-loop arena buffers are thread confined)
	at io.netty.buffer.CycleArenaAllocator$ArenaBuf.violation(CycleArenaAllocator.java:1448)
	at io.netty.buffer.CycleArenaAllocator$ArenaBuf.release(CycleArenaAllocator.java:1377)
	at io.netty.buffer.AbstractDerivedByteBuf.release0(AbstractDerivedByteBuf.java:98)
	at io.netty.buffer.AbstractDerivedByteBuf.release(AbstractDerivedByteBuf.java:94)
	at io.netty.util.ReferenceCountUtil.release(ReferenceCountUtil.java:90)
	at io.netty.util.ReferenceCountUtil.safeRelease(ReferenceCountUtil.java:116)
	at io.netty.channel.ChannelOutboundBuffer.remove(ChannelOutboundBuffer.java:300)
	at io.netty.channel.ChannelOutboundBuffer.removeBytes(ChannelOutboundBuffer.java:382)
	at io.netty.channel.uring.AbstractIoUringStreamChannel$IoUringStreamUnsafe.writeComplete0(AbstractIoUringStreamChannel.java:692)
	at io.netty.channel.uring.IoUringSocketChannel$IoUringSocketUnsafe.writeComplete0(IoUringSocketChannel.java:188)
	at io.netty.channel.uring.AbstractIoUringChannel$AbstractUringUnsafe.writeComplete(AbstractIoUringChannel.java:1003)
	at io.netty.channel.uring.AbstractIoUringChannel$AbstractUringUnsafe.handle(AbstractIoUringChannel.java:474)
	at io.netty.channel.uring.IoUringIoHandler$DefaultIoUringIoRegistration.handle(IoUringIoHandler.java:705)
	at io.netty.channel.uring.IoUringIoHandler.handleFastPath(IoUringIoHandler.java:318)
	at io.netty.channel.uring.IoUringIoHandler.handle(IoUringIoHandler.java:298)
	at io.netty.channel.uring.CompletionQueue.process(CompletionQueue.java:151)
	at io.netty.channel.uring.IoUringIoHandler.processCompletionsAndHandleOverflow(IoUringIoHandler.java:213)
	at io.netty.channel.uring.IoUringIoHandler.run(IoUringIoHandler.java:188)
	at io.netty.channel.SingleThreadIoEventLoop.runIo(SingleThreadIoEventLoop.java:225)
	at io.netty.channel.SingleThreadIoEventLoop.run(SingleThreadIoEventLoop.java:196)
	at io.netty.util.concurrent.SingleThreadEventExecutor$5.run(SingleThreadEventExecutor.java:1204)
	at io.netty.util.internal.ThreadExecutorMap$2.run(ThreadExecutorMap.java:74)
	at io.netty.util.concurrent.FastThreadLocalRunnable.run(FastThreadLocalRunnable.java:30)
	at java.base/java.lang.Thread.run(Thread.java:1583)
07:12:26.252 [multiThreadIoEventLoopGroup-4-2] WARN  io.netty.util.ReferenceCountUtil - Failed to release a message: UnpooledSlicedByteBuf(ridx: 0, widx: 1980, cap: 1980/1980, unwrapped: CycleArenaAllocator$ArenaBuf(ridx: 0, widx: 1980, cap: 8192))
java.lang.IllegalStateException: arena buffer of Thread[#29,multiThreadIoEventLoopGroup-3-4,10,main] touched from Thread[#31,multiThreadIoEventLoopGroup-4-2,10,main] (event-loop arena buffers are thread confined)
	at io.netty.buffer.CycleArenaAllocator$ArenaBuf.violation(CycleArenaAllocator.java:1448)
	at io.netty.buffer.CycleArenaAllocator$ArenaBuf.release(CycleArenaAllocator.java:1377)
	at io.netty.buffer.AbstractDerivedByteBuf.release0(AbstractDerivedByteBuf.java:98)
	at io.netty.buffer.AbstractDerivedByteBuf.release(AbstractDerivedByteBuf.java:94)
	at io.netty.util.ReferenceCountUtil.release(ReferenceCountUtil.java:90)
	at io.netty.util.ReferenceCountUtil.safeRelease(ReferenceCountUtil.java:116)
	at io.netty.channel.ChannelOutboundBuffer.remove(ChannelOutboundBuffer.java:300)
	at io.netty.channel.ChannelOutboundBuffer.removeBytes(ChannelOutboundBuffer.java:382)
	at io.netty.channel.uring.AbstractIoUringStreamChannel$IoUringStreamUnsafe.writeComplete0(AbstractIoUringStreamChannel.java:692)
	at io.netty.channel.uring.IoUringSocketChannel$IoUringSocketUnsafe.writeComplete0(IoUringSocketChannel.java:188)
	at io.netty.channel.uring.AbstractIoUringChannel$AbstractUringUnsafe.writeComplete(AbstractIoUringChannel.java:1003)
	at io.netty.channel.uring.AbstractIoUringChannel$AbstractUringUnsafe.handle(AbstractIoUringChannel.java:474)
	at io.netty.channel.uring.IoUringIoHandler$DefaultIoUringIoRegistration.handle(IoUringIoHandler.java:705)
	at io.netty.channel.uring.IoUringIoHandler.handleFastPath(IoUringIoHandler.java:318)
	at io.netty.channel.uring.IoUringIoHandler.handle(IoUringIoHandler.java:298)
	at io.netty.channel.uring.CompletionQueue.process(CompletionQueue.java:151)
	at io.netty.channel.uring.IoUringIoHandler.processCompletionsAndHandleOverflow(IoUringIoHandler.java:213)
	at io.netty.channel.uring.IoUringIoHandler.run(IoUringIoHandler.java:188)
	at io.netty.channel.SingleThreadIoEventLoop.runIo(SingleThreadIoEventLoop.java:225)
	at io.netty.channel.SingleThreadIoEventLoop.run(SingleThreadIoEventLoop.java:196)
	at io.netty.util.concurrent.SingleThreadEventExecutor$5.run(SingleThreadEventExecutor.java:1204)
	at io.netty.util.internal.ThreadExecutorMap$2.run(ThreadExecutorMap.java:74)
	at io.netty.util.concurrent.FastThreadLocalRunnable.run(FastThreadLocalRunnable.java:30)
	at java.base/java.lang.Thread.run(Thread.java:1583)
07:12:26.255 [multiThreadIoEventLoopGroup-3-4] WARN  io.netty.util.ReferenceCountUtil - Failed to release a message: UnpooledSlicedByteBuf(ridx: 0, widx: 1648, cap: 1648/1648, unwrapped: CycleArenaAllocator$ArenaBuf(ridx: 0, widx: 8192, cap: 8192))
java.lang.IllegalStateException: arena buffer of Thread[#33,multiThreadIoEventLoopGroup-4-4,10,main] touched from Thread[#29,multiThreadIoEventLoopGroup-3-4,10,main] (event-loop arena buffers are thread confined)
	at io.netty.buffer.CycleArenaAllocator$ArenaBuf.violation(CycleArenaAllocator.java:1448)
	at io.netty.buffer.CycleArenaAllocator$ArenaBuf.release(CycleArenaAllocator.java:1377)
	at io.netty.buffer.AbstractDerivedByteBuf.release0(AbstractDerivedByteBuf.java:98)
	at io.netty.buffer.AbstractDerivedByteBuf.release(AbstractDerivedByteBuf.java:94)
	at io.netty.util.ReferenceCountUtil.release(ReferenceCountUtil.java:90)
	at io.netty.util.ReferenceCountUtil.safeRelease(ReferenceCountUtil.java:116)
	at io.netty.channel.ChannelOutboundBuffer.remove(ChannelOutboundBuffer.java:300)
	at io.netty.channel.ChannelOutboundBuffer.removeBytes(ChannelOutboundBuffer.java:382)
	at io.netty.channel.uring.AbstractIoUringStreamChannel$IoUringStreamUnsafe.writeComplete0(AbstractIoUringStreamChannel.java:692)
	at io.netty.channel.uring.IoUringSocketChannel$IoUringSocketUnsafe.writeComplete0(IoUringSocketChannel.java:188)
	at io.netty.channel.uring.AbstractIoUringChannel$AbstractUringUnsafe.writeComplete(AbstractIoUringChannel.java:1003)
	at io.netty.channel.uring.AbstractIoUringChannel$AbstractUringUnsafe.handle(AbstractIoUringChannel.java:474)
	at io.netty.channel.uring.IoUringIoHandler$DefaultIoUringIoRegistration.handle(IoUringIoHandler.java:705)
	at io.netty.channel.uring.IoUringIoHandler.handleFastPath(IoUringIoHandler.java:318)
	at io.netty.channel.uring.IoUringIoHandler.handle(IoUringIoHandler.java:298)
	at io.netty.channel.uring.CompletionQueue.process(CompletionQueue.java:151)
	at io.netty.channel.uring.IoUringIoHandler.processCompletionsAndHandleOverflow(IoUringIoHandler.java:213)
	at io.netty.channel.uring.IoUringIoHandler.run(IoUringIoHandler.java:188)
	at io.netty.channel.SingleThreadIoEventLoop.runIo(SingleThreadIoEventLoop.java:225)
	at io.netty.channel.SingleThreadIoEventLoop.run(SingleThreadIoEventLoop.java:196)
	at io.netty.util.concurrent.SingleThreadEventExecutor$5.run(SingleThreadEventExecutor.java:1204)
	at io.netty.util.internal.ThreadExecutorMap$2.run(ThreadExecutorMap.java:74)
	at io.netty.util.concurrent.FastThreadLocalRunnable.run(FastThreadLocalRunnable.java:30)
	at java.base/java.lang.Thread.run(Thread.java:1583)
07:12:26.256 [multiThreadIoEventLoopGroup-3-4] WARN  io.netty.util.ReferenceCountUtil - Failed to release a message: UnpooledSlicedByteBuf(ridx: 0, widx: 2530, cap: 2530/2530, unwrapped: CycleArenaAllocator$ArenaBuf(ridx: 0, widx: 8192, cap: 8192))
java.lang.IllegalStateException: arena buffer of Thread[#33,multiThreadIoEventLoopGroup-4-4,10,main] touched from Thread[#29,multiThreadIoEventLoopGroup-3-4,10,main] (event-loop arena buffers are thread confined)
	at io.netty.buffer.CycleArenaAllocator$ArenaBuf.violation(CycleArenaAllocator.java:1448)
	at io.netty.buffer.CycleArenaAllocator$ArenaBuf.release(CycleArenaAllocator.java:1377)
	at io.netty.buffer.AbstractDerivedByteBuf.release0(AbstractDerivedByteBuf.java:98)
	at io.netty.buffer.AbstractDerivedByteBuf.release(AbstractDerivedByteBuf.java:94)
	at io.netty.util.ReferenceCountUtil.release(ReferenceCountUtil.java:90)
	at io.netty.util.ReferenceCountUtil.safeRelease(ReferenceCountUtil.java:116)
	at io.netty.channel.ChannelOutboundBuffer.remove(ChannelOutboundBuffer.java:300)
	at io.netty.channel.ChannelOutboundBuffer.removeBytes(ChannelOutboundBuffer.java:382)
	at io.netty.channel.uring.AbstractIoUringStreamChannel$IoUringStreamUnsafe.writeComplete0(AbstractIoUringStreamChannel.java:692)
	at io.netty.channel.uring.IoUringSocketChannel$IoUringSocketUnsafe.writeComplete0(IoUringSocketChannel.java:188)
	at io.netty.channel.uring.AbstractIoUringChannel$AbstractUringUnsafe.writeComplete(AbstractIoUringChannel.java:1003)
	at io.netty.channel.uring.AbstractIoUringChannel$AbstractUringUnsafe.handle(AbstractIoUringChannel.java:474)
	at io.netty.channel.uring.IoUringIoHandler$DefaultIoUringIoRegistration.handle(IoUringIoHandler.java:705)
	at io.netty.channel.uring.IoUringIoHandler.handleFastPath(IoUringIoHandler.java:318)
	at io.netty.channel.uring.IoUringIoHandler.handle(IoUringIoHandler.java:298)
	at io.netty.channel.uring.CompletionQueue.process(CompletionQueue.java:151)
	at io.netty.channel.uring.IoUringIoHandler.processCompletionsAndHandleOverflow(IoUringIoHandler.java:213)
	at io.netty.channel.uring.IoUringIoHandler.run(IoUringIoHandler.java:188)
	at io.netty.channel.SingleThreadIoEventLoop.runIo(SingleThreadIoEventLoop.java:225)
	at io.netty.channel.SingleThreadIoEventLoop.run(SingleThreadIoEventLoop.java:196)
	at io.netty.util.concurrent.SingleThreadEventExecutor$5.run(SingleThreadEventExecutor.java:1204)
	at io.netty.util.internal.ThreadExecutorMap$2.run(ThreadExecutorMap.java:74)
	at io.netty.util.concurrent.FastThreadLocalRunnable.run(FastThreadLocalRunnable.java:30)
	at java.base/java.lang.Thread.run(Thread.java:1583)
07:12:26.256 [multiThreadIoEventLoopGroup-3-4] WARN  io.netty.util.ReferenceCountUtil - Failed to release a message: UnpooledSlicedByteBuf(ridx: 0, widx: 2635, cap: 2635/2635, unwrapped: CycleArenaAllocator$ArenaBuf(ridx: 0, widx: 8192, cap: 8192))
java.lang.IllegalStateException: arena buffer of Thread[#31,multiThreadIoEventLoopGroup-4-2,10,main] touched from Thread[#29,multiThreadIoEventLoopGroup-3-4,10,main] (event-loop arena buffers are thread confined)
	at io.netty.buffer.CycleArenaAllocator$ArenaBuf.violation(CycleArenaAllocator.java:1448)
	at io.netty.buffer.CycleArenaAllocator$ArenaBuf.release(CycleArenaAllocator.java:1377)
	at io.netty.buffer.AbstractDerivedByteBuf.release0(AbstractDerivedByteBuf.java:98)
	at io.netty.buffer.AbstractDerivedByteBuf.release(AbstractDerivedByteBuf.java:94)
	at io.netty.util.ReferenceCountUtil.release(ReferenceCountUtil.java:90)
	at io.netty.util.ReferenceCountUtil.safeRelease(ReferenceCountUtil.java:116)
	at io.netty.channel.ChannelOutboundBuffer.remove(ChannelOutboundBuffer.java:300)
	at io.netty.channel.ChannelOutboundBuffer.removeBytes(ChannelOutboundBuffer.java:382)
	at io.netty.channel.uring.AbstractIoUringStreamChannel$IoUringStreamUnsafe.writeComplete0(AbstractIoUringStreamChannel.java:692)
	at io.netty.channel.uring.IoUringSocketChannel$IoUringSocketUnsafe.writeComplete0(IoUringSocketChannel.java:188)
	at io.netty.channel.uring.AbstractIoUringChannel$AbstractUringUnsafe.writeComplete(AbstractIoUringChannel.java:1003)
	at io.netty.channel.uring.AbstractIoUringChannel$AbstractUringUnsafe.handle(AbstractIoUringChannel.java:474)
	at io.netty.channel.uring.IoUringIoHandler$DefaultIoUringIoRegistration.handle(IoUringIoHandler.java:705)
	at io.netty.channel.uring.IoUringIoHandler.handleFastPath(IoUringIoHandler.java:318)
	at io.netty.channel.uring.IoUringIoHandler.handle(IoUringIoHandler.java:298)
	at io.netty.channel.uring.CompletionQueue.process(CompletionQueue.java:151)
	at io.netty.channel.uring.IoUringIoHandler.processCompletionsAndHandleOverflow(IoUringIoHandler.java:213)
	at io.netty.channel.uring.IoUringIoHandler.run(IoUringIoHandler.java:188)
	at io.netty.channel.SingleThreadIoEventLoop.runIo(SingleThreadIoEventLoop.java:225)
	at io.netty.channel.SingleThreadIoEventLoop.run(SingleThreadIoEventLoop.java:196)
	at io.netty.util.concurrent.SingleThreadEventExecutor$5.run(SingleThreadEventExecutor.java:1204)
	at io.netty.util.internal.ThreadExecutorMap$2.run(ThreadExecutorMap.java:74)
	at io.netty.util.concurrent.FastThreadLocalRunnable.run(FastThreadLocalRunnable.java:30)
	at java.base/java.lang.Thread.run(Thread.java:1583)
07:12:26.256 [multiThreadIoEventLoopGroup-3-4] WARN  io.netty.util.ReferenceCountUtil - Failed to release a message: UnpooledSlicedByteBuf(ridx: 0, widx: 3495, cap: 3495/3495, unwrapped: CycleArenaAllocator$ArenaBuf(ridx: 0, widx: 8192, cap: 8192))
java.lang.IllegalStateException: arena buffer of Thread[#32,multiThreadIoEventLoopGroup-4-3,10,main] touched from Thread[#29,multiThreadIoEventLoopGroup-3-4,10,main] (event-loop arena buffers are thread confined)
	at io.netty.buffer.CycleArenaAllocator$ArenaBuf.violation(CycleArenaAllocator.java:1448)
	at io.netty.buffer.CycleArenaAllocator$ArenaBuf.release(CycleArenaAllocator.java:1377)
	at io.netty.buffer.AbstractDerivedByteBuf.release0(AbstractDerivedByteBuf.java:98)
	at io.netty.buffer.AbstractDerivedByteBuf.release(AbstractDerivedByteBuf.java:94)
	at io.netty.util.ReferenceCountUtil.release(ReferenceCountUtil.java:90)
	at io.netty.util.ReferenceCountUtil.safeRelease(ReferenceCountUtil.java:116)
	at io.netty.channel.ChannelOutboundBuffer.remove(ChannelOutboundBuffer.java:300)
	at io.netty.channel.ChannelOutboundBuffer.removeBytes(ChannelOutboundBuffer.java:382)
	at io.netty.channel.uring.AbstractIoUringStreamChannel$IoUringStreamUnsafe.writeComplete0(AbstractIoUringStreamChannel.java:692)
	at io.netty.channel.uring.IoUringSocketChannel$IoUringSocketUnsafe.writeComplete0(IoUringSocketChannel.java:188)
	at io.netty.channel.uring.AbstractIoUringChannel$AbstractUringUnsafe.writeComplete(AbstractIoUringChannel.java:1003)
	at io.netty.channel.uring.AbstractIoUringChannel$AbstractUringUnsafe.handle(AbstractIoUringChannel.java:474)
	at io.netty.channel.uring.IoUringIoHandler$DefaultIoUringIoRegistration.handle(IoUringIoHandler.java:705)
	at io.netty.channel.uring.IoUringIoHandler.handleFastPath(IoUringIoHandler.java:318)
	at io.netty.channel.uring.IoUringIoHandler.handle(IoUringIoHandler.java:298)
	at io.netty.channel.uring.CompletionQueue.process(CompletionQueue.java:151)
	at io.netty.channel.uring.IoUringIoHandler.processCompletionsAndHandleOverflow(IoUringIoHandler.java:213)
	at io.netty.channel.uring.IoUringIoHandler.run(IoUringIoHandler.java:188)
	at io.netty.channel.SingleThreadIoEventLoop.runIo(SingleThreadIoEventLoop.java:225)
	at io.netty.channel.SingleThreadIoEventLoop.run(SingleThreadIoEventLoop.java:196)
	at io.netty.util.concurrent.SingleThreadEventExecutor$5.run(SingleThreadEventExecutor.java:1204)
	at io.netty.util.internal.ThreadExecutorMap$2.run(ThreadExecutorMap.java:74)
	at io.netty.util.concurrent.FastThreadLocalRunnable.run(FastThreadLocalRunnable.java:30)
	at java.base/java.lang.Thread.run(Thread.java:1583)
07:12:26.258 [multiThreadIoEventLoopGroup-4-2] WARN  io.netty.util.ReferenceCountUtil - Failed to release a message: UnpooledSlicedByteBuf(ridx: 0, widx: 1819, cap: 1819/1819, unwrapped: CycleArenaAllocator$ArenaBuf(ridx: 0, widx: 8192, cap: 8192))
java.lang.IllegalStateException: arena buffer of Thread[#29,multiThreadIoEventLoopGroup-3-4,10,main] touched from Thread[#31,multiThreadIoEventLoopGroup-4-2,10,main] (event-loop arena buffers are thread confined)
	at io.netty.buffer.CycleArenaAllocator$ArenaBuf.violation(CycleArenaAllocator.java:1448)
	at io.netty.buffer.CycleArenaAllocator$ArenaBuf.release(CycleArenaAllocator.java:1377)
	at io.netty.buffer.AbstractDerivedByteBuf.release0(AbstractDerivedByteBuf.java:98)
	at io.netty.buffer.AbstractDerivedByteBuf.release(AbstractDerivedByteBuf.java:94)
	at io.netty.util.ReferenceCountUtil.release(ReferenceCountUtil.java:90)
	at io.netty.util.ReferenceCountUtil.safeRelease(ReferenceCountUtil.java:116)
	at io.netty.channel.ChannelOutboundBuffer.remove(ChannelOutboundBuffer.java:300)
	at io.netty.channel.ChannelOutboundBuffer.removeBytes(ChannelOutboundBuffer.java:382)
	at io.netty.channel.uring.AbstractIoUringStreamChannel$IoUringStreamUnsafe.writeComplete0(AbstractIoUringStreamChannel.java:692)
	at io.netty.channel.uring.IoUringSocketChannel$IoUringSocketUnsafe.writeComplete0(IoUringSocketChannel.java:188)
	at io.netty.channel.uring.AbstractIoUringChannel$AbstractUringUnsafe.writeComplete(AbstractIoUringChannel.java:1003)
	at io.netty.channel.uring.AbstractIoUringChannel$AbstractUringUnsafe.handle(AbstractIoUringChannel.java:474)
	at io.netty.channel.uring.IoUringIoHandler$DefaultIoUringIoRegistration.handle(IoUringIoHandler.java:705)
	at io.netty.channel.uring.IoUringIoHandler.handleFastPath(IoUringIoHandler.java:318)
	at io.netty.channel.uring.IoUringIoHandler.handle(IoUringIoHandler.java:298)
	at io.netty.channel.uring.CompletionQueue.process(CompletionQueue.java:151)
	at io.netty.channel.uring.IoUringIoHandler.processCompletionsAndHandleOverflow(IoUringIoHandler.java:213)
	at io.netty.channel.uring.IoUringIoHandler.run(IoUringIoHandler.java:188)
	at io.netty.channel.SingleThreadIoEventLoop.runIo(SingleThreadIoEventLoop.java:225)
	at io.netty.channel.SingleThreadIoEventLoop.run(SingleThreadIoEventLoop.java:196)
	at io.netty.util.concurrent.SingleThreadEventExecutor$5.run(SingleThreadEventExecutor.java:1204)
	at io.netty.util.internal.ThreadExecutorMap$2.run(ThreadExecutorMap.java:74)
	at io.netty.util.concurrent.FastThreadLocalRunnable.run(FastThreadLocalRunnable.java:30)
	at java.base/java.lang.Thread.run(Thread.java:1583)
07:12:26.258 [multiThreadIoEventLoopGroup-4-2] WARN  io.netty.util.ReferenceCountUtil - Failed to release a message: UnpooledSlicedByteBuf(ridx: 0, widx: 2376, cap: 2376/2376, unwrapped: CycleArenaAllocator$ArenaBuf(ridx: 0, widx: 2376, cap: 8192))
java.lang.IllegalStateException: arena buffer of Thread[#29,multiThreadIoEventLoopGroup-3-4,10,main] touched from Thread[#31,multiThreadIoEventLoopGroup-4-2,10,main] (event-loop arena buffers are thread confined)
	at io.netty.buffer.CycleArenaAllocator$ArenaBuf.violation(CycleArenaAllocator.java:1448)
	at io.netty.buffer.CycleArenaAllocator$ArenaBuf.release(CycleArenaAllocator.java:1377)
	at io.netty.buffer.AbstractDerivedByteBuf.release0(AbstractDerivedByteBuf.java:98)
	at io.netty.buffer.AbstractDerivedByteBuf.release(AbstractDerivedByteBuf.java:94)
	at io.netty.util.ReferenceCountUtil.release(ReferenceCountUtil.java:90)
	at io.netty.util.ReferenceCountUtil.safeRelease(ReferenceCountUtil.java:116)
	at io.netty.channel.ChannelOutboundBuffer.remove(ChannelOutboundBuffer.java:300)
	at io.netty.channel.ChannelOutboundBuffer.removeBytes(ChannelOutboundBuffer.java:382)
	at io.netty.channel.uring.AbstractIoUringStreamChannel$IoUringStreamUnsafe.writeComplete0(AbstractIoUringStreamChannel.java:692)
	at io.netty.channel.uring.IoUringSocketChannel$IoUringSocketUnsafe.writeComplete0(IoUringSocketChannel.java:188)
	at io.netty.channel.uring.AbstractIoUringChannel$AbstractUringUnsafe.writeComplete(AbstractIoUringChannel.java:1003)
	at io.netty.channel.uring.AbstractIoUringChannel$AbstractUringUnsafe.handle(AbstractIoUringChannel.java:474)
	at io.netty.channel.uring.IoUringIoHandler$DefaultIoUringIoRegistration.handle(IoUringIoHandler.java:705)
	at io.netty.channel.uring.IoUringIoHandler.handleFastPath(IoUringIoHandler.java:318)
	at io.netty.channel.uring.IoUringIoHandler.handle(IoUringIoHandler.java:298)
	at io.netty.channel.uring.CompletionQueue.process(CompletionQueue.java:151)
	at io.netty.channel.uring.IoUringIoHandler.processCompletionsAndHandleOverflow(IoUringIoHandler.java:213)
	at io.netty.channel.uring.IoUringIoHandler.run(IoUringIoHandler.java:188)
	at io.netty.channel.SingleThreadIoEventLoop.runIo(SingleThreadIoEventLoop.java:225)
	at io.netty.channel.SingleThreadIoEventLoop.run(SingleThreadIoEventLoop.java:196)
	at io.netty.util.concurrent.SingleThreadEventExecutor$5.run(SingleThreadEventExecutor.java:1204)
	at io.netty.util.internal.ThreadExecutorMap$2.run(ThreadExecutorMap.java:74)
	at io.netty.util.concurrent.FastThreadLocalRunnable.run(FastThreadLocalRunnable.java:30)
	at java.base/java.lang.Thread.run(Thread.java:1583)
07:12:26.259 [multiThreadIoEventLoopGroup-4-4] WARN  io.netty.util.ReferenceCountUtil - Failed to release a message: UnpooledSlicedByteBuf(ridx: 0, widx: 2017, cap: 2017/2017, unwrapped: CycleArenaAllocator$ArenaBuf(ridx: 0, widx: 8192, cap: 8192))
java.lang.IllegalStateException: arena buffer of Thread[#29,multiThreadIoEventLoopGroup-3-4,10,main] touched from Thread[#33,multiThreadIoEventLoopGroup-4-4,10,main] (event-loop arena buffers are thread confined)
	at io.netty.buffer.CycleArenaAllocator$ArenaBuf.violation(CycleArenaAllocator.java:1448)
	at io.netty.buffer.CycleArenaAllocator$ArenaBuf.release(CycleArenaAllocator.java:1377)
	at io.netty.buffer.AbstractDerivedByteBuf.release0(AbstractDerivedByteBuf.java:98)
	at io.netty.buffer.AbstractDerivedByteBuf.release(AbstractDerivedByteBuf.java:94)
	at io.netty.util.ReferenceCountUtil.release(ReferenceCountUtil.java:90)
	at io.netty.util.ReferenceCountUtil.safeRelease(ReferenceCountUtil.java:116)
	at io.netty.channel.ChannelOutboundBuffer.remove(ChannelOutboundBuffer.java:300)
	at io.netty.channel.ChannelOutboundBuffer.removeBytes(ChannelOutboundBuffer.java:382)
	at io.netty.channel.uring.AbstractIoUringStreamChannel$IoUringStreamUnsafe.writeComplete0(AbstractIoUringStreamChannel.java:692)
	at io.netty.channel.uring.IoUringSocketChannel$IoUringSocketUnsafe.writeComplete0(IoUringSocketChannel.java:188)
	at io.netty.channel.uring.AbstractIoUringChannel$AbstractUringUnsafe.writeComplete(AbstractIoUringChannel.java:1003)
	at io.netty.channel.uring.AbstractIoUringChannel$AbstractUringUnsafe.handle(AbstractIoUringChannel.java:474)
	at io.netty.channel.uring.IoUringIoHandler$DefaultIoUringIoRegistration.handle(IoUringIoHandler.java:705)
	at io.netty.channel.uring.IoUringIoHandler.handleFastPath(IoUringIoHandler.java:318)
	at io.netty.channel.uring.IoUringIoHandler.handle(IoUringIoHandler.java:298)
	at io.netty.channel.uring.CompletionQueue.process(CompletionQueue.java:151)
	at io.netty.channel.uring.IoUringIoHandler.processCompletionsAndHandleOverflow(IoUringIoHandler.java:213)
	at io.netty.channel.uring.IoUringIoHandler.run(IoUringIoHandler.java:188)
	at io.netty.channel.SingleThreadIoEventLoop.runIo(SingleThreadIoEventLoop.java:225)
	at io.netty.channel.SingleThreadIoEventLoop.run(SingleThreadIoEventLoop.java:196)
	at io.netty.util.concurrent.SingleThreadEventExecutor$5.run(SingleThreadEventExecutor.java:1204)
	at io.netty.util.internal.ThreadExecutorMap$2.run(ThreadExecutorMap.java:74)
	at io.netty.util.concurrent.FastThreadLocalRunnable.run(FastThreadLocalRunnable.java:30)
	at java.base/java.lang.Thread.run(Thread.java:1583)
07:12:26.259 [multiThreadIoEventLoopGroup-4-4] WARN  i.n.channel.uring.IoUringIoHandler - Unexpected exception in the IO event loop.
java.lang.IllegalStateException: arena buffer of Thread[#29,multiThreadIoEventLoopGroup-3-4,10,main] touched from Thread[#33,multiThreadIoEventLoopGroup-4-4,10,main] (event-loop arena buffers are thread confined)
	at io.netty.buffer.CycleArenaAllocator$ArenaBuf.violation(CycleArenaAllocator.java:1448)
	at io.netty.buffer.CycleArenaAllocator$ArenaBuf.retain(CycleArenaAllocator.java:1351)
	at io.netty.buffer.AbstractDerivedByteBuf.retain0(AbstractDerivedByteBuf.java:58)
	at io.netty.buffer.AbstractDerivedByteBuf.retain(AbstractDerivedByteBuf.java:54)
	at io.netty.channel.uring.IoUringSocketChannel$IoUringSocketUnsafe.handleWriteCompleteZeroCopy(IoUringSocketChannel.java:220)
	at io.netty.channel.uring.IoUringSocketChannel$IoUringSocketUnsafe.writeComplete0(IoUringSocketChannel.java:186)
	at io.netty.channel.uring.AbstractIoUringChannel$AbstractUringUnsafe.writeComplete(AbstractIoUringChannel.java:1003)
	at io.netty.channel.uring.AbstractIoUringChannel$AbstractUringUnsafe.handle(AbstractIoUringChannel.java:474)
	at io.netty.channel.uring.IoUringIoHandler$DefaultIoUringIoRegistration.handle(IoUringIoHandler.java:705)
	at io.netty.channel.uring.IoUringIoHandler.handleFastPath(IoUringIoHandler.java:318)
	at io.netty.channel.uring.IoUringIoHandler.handle(IoUringIoHandler.java:298)
	at io.netty.channel.uring.CompletionQueue.process(CompletionQueue.java:151)
	at io.netty.channel.uring.IoUringIoHandler.processCompletionsAndHandleOverflow(IoUringIoHandler.java:213)
	at io.netty.channel.uring.IoUringIoHandler.run(IoUringIoHandler.java:188)
	at io.netty.channel.SingleThreadIoEventLoop.runIo(SingleThreadIoEventLoop.java:225)
	at io.netty.channel.SingleThreadIoEventLoop.run(SingleThreadIoEventLoop.java:196)
	at io.netty.util.concurrent.SingleThreadEventExecutor$5.run(SingleThreadEventExecutor.java:1204)
	at io.netty.util.internal.ThreadExecutorMap$2.run(ThreadExecutorMap.java:74)
	at io.netty.util.concurrent.FastThreadLocalRunnable.run(FastThreadLocalRunnable.java:30)
	at java.base/java.lang.Thread.run(Thread.java:1583)
07:12:26.267 [multiThreadIoEventLoopGroup-3-4] WARN  io.netty.util.ReferenceCountUtil - Failed to release a message: UnpooledSlicedByteBuf(ridx: 0, widx: 156, cap: 156/156, unwrapped: CycleArenaAllocator$ArenaBuf(ridx: 0, widx: 3546, cap: 8192))
java.lang.IllegalStateException: arena buffer of Thread[#31,multiThreadIoEventLoopGroup-4-2,10,main] touched from Thread[#29,multiThreadIoEventLoopGroup-3-4,10,main] (event-loop arena buffers are thread confined)
	at io.netty.buffer.CycleArenaAllocator$ArenaBuf.violation(CycleArenaAllocator.java:1448)
	at io.netty.buffer.CycleArenaAllocator$ArenaBuf.release(CycleArenaAllocator.java:1377)
	at io.netty.buffer.AbstractDerivedByteBuf.release0(AbstractDerivedByteBuf.java:98)
	at io.netty.buffer.AbstractDerivedByteBuf.release(AbstractDerivedByteBuf.java:94)
	at io.netty.util.ReferenceCountUtil.release(ReferenceCountUtil.java:90)
	at io.netty.util.ReferenceCountUtil.safeRelease(ReferenceCountUtil.java:116)
	at io.netty.channel.ChannelOutboundBuffer.remove(ChannelOutboundBuffer.java:300)
	at io.netty.channel.ChannelOutboundBuffer.removeBytes(ChannelOutboundBuffer.java:382)
	at io.netty.channel.uring.AbstractIoUringStreamChannel$IoUringStreamUnsafe.writeComplete0(AbstractIoUringStreamChannel.java:692)
	at io.netty.channel.uring.IoUringSocketChannel$IoUringSocketUnsafe.writeComplete0(IoUringSocketChannel.java:188)
	at io.netty.channel.uring.AbstractIoUringChannel$AbstractUringUnsafe.writeComplete(AbstractIoUringChannel.java:1003)
	at io.netty.channel.uring.AbstractIoUringChannel$AbstractUringUnsafe.handle(AbstractIoUringChannel.java:474)
	at io.netty.channel.uring.IoUringIoHandler$DefaultIoUringIoRegistration.handle(IoUringIoHandler.java:705)
	at io.netty.channel.uring.IoUringIoHandler.handleFastPath(IoUringIoHandler.java:318)
	at io.netty.channel.uring.IoUringIoHandler.handle(IoUringIoHandler.java:298)
	at io.netty.channel.uring.CompletionQueue.process(CompletionQueue.java:151)
	at io.netty.channel.uring.IoUringIoHandler.processCompletionsAndHandleOverflow(IoUringIoHandler.java:213)
	at io.netty.channel.uring.IoUringIoHandler.run(IoUringIoHandler.java:188)
	at io.netty.channel.SingleThreadIoEventLoop.runIo(SingleThreadIoEventLoop.java:225)
	at io.netty.channel.SingleThreadIoEventLoop.run(SingleThreadIoEventLoop.java:196)
	at io.netty.util.concurrent.SingleThreadEventExecutor$5.run(SingleThreadEventExecutor.java:1204)
	at io.netty.util.internal.ThreadExecutorMap$2.run(ThreadExecutorMap.java:74)
	at io.netty.util.concurrent.FastThreadLocalRunnable.run(FastThreadLocalRunnable.java:30)
	at java.base/java.lang.Thread.run(Thread.java:1583)
07:12:26.269 [multiThreadIoEventLoopGroup-3-4] WARN  i.n.channel.uring.IoUringIoHandler - Unexpected exception in the IO event loop.
java.lang.IllegalStateException: arena buffer of Thread[#31,multiThreadIoEventLoopGroup-4-2,10,main] touched from Thread[#29,multiThreadIoEventLoopGroup-3-4,10,main] (event-loop arena buffers are thread confined)
	at io.netty.buffer.CycleArenaAllocator$ArenaBuf.violation(CycleArenaAllocator.java:1448)
	at io.netty.buffer.CycleArenaAllocator$ArenaBuf.retain(CycleArenaAllocator.java:1351)
	at io.netty.buffer.AbstractDerivedByteBuf.retain0(AbstractDerivedByteBuf.java:58)
	at io.netty.buffer.AbstractDerivedByteBuf.retain(AbstractDerivedByteBuf.java:54)
	at io.netty.channel.uring.IoUringSocketChannel$IoUringSocketUnsafe.handleWriteCompleteZeroCopy(IoUringSocketChannel.java:220)
	at io.netty.channel.uring.IoUringSocketChannel$IoUringSocketUnsafe.writeComplete0(IoUringSocketChannel.java:186)
	at io.netty.channel.uring.AbstractIoUringChannel$AbstractUringUnsafe.writeComplete(AbstractIoUringChannel.java:1003)
	at io.netty.channel.uring.AbstractIoUringChannel$AbstractUringUnsafe.handle(AbstractIoUringChannel.java:474)
	at io.netty.channel.uring.IoUringIoHandler$DefaultIoUringIoRegistration.handle(IoUringIoHandler.java:705)
	at io.netty.channel.uring.IoUringIoHandler.handleFastPath(IoUringIoHandler.java:318)
	at io.netty.channel.uring.IoUringIoHandler.handle(IoUringIoHandler.java:298)
	at io.netty.channel.uring.CompletionQueue.process(CompletionQueue.java:151)
	at io.netty.channel.uring.IoUringIoHandler.processCompletionsAndHandleOverflow(IoUringIoHandler.java:213)
	at io.netty.channel.uring.IoUringIoHandler.run(IoUringIoHandler.java:188)
	at io.netty.channel.SingleThreadIoEventLoop.runIo(SingleThreadIoEventLoop.java:225)
	at io.netty.channel.SingleThreadIoEventLoop.run(SingleThreadIoEventLoop.java:196)
	at io.netty.util.concurrent.SingleThreadEventExecutor$5.run(SingleThreadEventExecutor.java:1204)
	at io.netty.util.internal.ThreadExecutorMap$2.run(ThreadExecutorMap.java:74)
	at io.netty.util.concurrent.FastThreadLocalRunnable.run(FastThreadLocalRunnable.java:30)
	at java.base/java.lang.Thread.run(Thread.java:1583)
07:12:26.343 [multiThreadIoEventLoopGroup-3-2] WARN  io.netty.util.ReferenceCountUtil - Failed to release a message: UnpooledSlicedByteBuf(ridx: 0, widx: 2766, cap: 2766/2766, unwrapped: CycleArenaAllocator$ArenaBuf(ridx: 0, widx: 8192, cap: 8192))
java.lang.IllegalStateException: arena buffer of Thread[#30,multiThreadIoEventLoopGroup-4-1,10,main] touched from Thread[#27,multiThreadIoEventLoopGroup-3-2,10,main] (event-loop arena buffers are thread confined)
	at io.netty.buffer.CycleArenaAllocator$ArenaBuf.violation(CycleArenaAllocator.java:1448)
	at io.netty.buffer.CycleArenaAllocator$ArenaBuf.release(CycleArenaAllocator.java:1377)
	at io.netty.buffer.AbstractDerivedByteBuf.release0(AbstractDerivedByteBuf.java:98)
	at io.netty.buffer.AbstractDerivedByteBuf.release(AbstractDerivedByteBuf.java:94)
	at io.netty.util.ReferenceCountUtil.release(ReferenceCountUtil.java:90)
	at io.netty.util.ReferenceCountUtil.safeRelease(ReferenceCountUtil.java:116)
	at io.netty.channel.ChannelOutboundBuffer.remove(ChannelOutboundBuffer.java:300)
	at io.netty.channel.ChannelOutboundBuffer.removeBytes(ChannelOutboundBuffer.java:382)
	at io.netty.channel.uring.AbstractIoUringStreamChannel$IoUringStreamUnsafe.writeComplete0(AbstractIoUringStreamChannel.java:692)
	at io.netty.channel.uring.IoUringSocketChannel$IoUringSocketUnsafe.writeComplete0(IoUringSocketChannel.java:188)
	at io.netty.channel.uring.AbstractIoUringChannel$AbstractUringUnsafe.writeComplete(AbstractIoUringChannel.java:1003)
	at io.netty.channel.uring.AbstractIoUringChannel$AbstractUringUnsafe.handle(AbstractIoUringChannel.java:474)
	at io.netty.channel.uring.IoUringIoHandler$DefaultIoUringIoRegistration.handle(IoUringIoHandler.java:705)
	at io.netty.channel.uring.IoUringIoHandler.handleFastPath(IoUringIoHandler.java:318)
	at io.netty.channel.uring.IoUringIoHandler.handle(IoUringIoHandler.java:298)
	at io.netty.channel.uring.CompletionQueue.process(CompletionQueue.java:151)
	at io.netty.channel.uring.IoUringIoHandler.processCompletionsAndHandleOverflow(IoUringIoHandler.java:213)
	at io.netty.channel.uring.IoUringIoHandler.run(IoUringIoHandler.java:188)
	at io.netty.channel.SingleThreadIoEventLoop.runIo(SingleThreadIoEventLoop.java:225)
	at io.netty.channel.SingleThreadIoEventLoop.run(SingleThreadIoEventLoop.java:196)
	at io.netty.util.concurrent.SingleThreadEventExecutor$5.run(SingleThreadEventExecutor.java:1204)
	at io.netty.util.internal.ThreadExecutorMap$2.run(ThreadExecutorMap.java:74)
	at io.netty.util.concurrent.FastThreadLocalRunnable.run(FastThreadLocalRunnable.java:30)
	at java.base/java.lang.Thread.run(Thread.java:1583)
07:12:26.344 [multiThreadIoEventLoopGroup-3-2] WARN  io.netty.util.ReferenceCountUtil - Failed to release a message: UnpooledSlicedByteBuf(ridx: 0, widx: 156, cap: 156/156, unwrapped: CycleArenaAllocator$ArenaBuf(ridx: 0, widx: 8192, cap: 8192))
java.lang.IllegalStateException: arena buffer of Thread[#30,multiThreadIoEventLoopGroup-4-1,10,main] touched from Thread[#27,multiThreadIoEventLoopGroup-3-2,10,main] (event-loop arena buffers are thread confined)
	at io.netty.buffer.CycleArenaAllocator$ArenaBuf.violation(CycleArenaAllocator.java:1448)
	at io.netty.buffer.CycleArenaAllocator$ArenaBuf.release(CycleArenaAllocator.java:1377)
	at io.netty.buffer.AbstractDerivedByteBuf.release0(AbstractDerivedByteBuf.java:98)
	at io.netty.buffer.AbstractDerivedByteBuf.release(AbstractDerivedByteBuf.java:94)
	at io.netty.util.ReferenceCountUtil.release(ReferenceCountUtil.java:90)
	at io.netty.util.ReferenceCountUtil.safeRelease(ReferenceCountUtil.java:116)
	at io.netty.channel.ChannelOutboundBuffer.remove(ChannelOutboundBuffer.java:300)
	at io.netty.channel.ChannelOutboundBuffer.removeBytes(ChannelOutboundBuffer.java:382)
	at io.netty.channel.uring.AbstractIoUringStreamChannel$IoUringStreamUnsafe.writeComplete0(AbstractIoUringStreamChannel.java:692)
	at io.netty.channel.uring.IoUringSocketChannel$IoUringSocketUnsafe.writeComplete0(IoUringSocketChannel.java:188)
	at io.netty.channel.uring.AbstractIoUringChannel$AbstractUringUnsafe.writeComplete(AbstractIoUringChannel.java:1003)
	at io.netty.channel.uring.AbstractIoUringChannel$AbstractUringUnsafe.handle(AbstractIoUringChannel.java:474)
	at io.netty.channel.uring.IoUringIoHandler$DefaultIoUringIoRegistration.handle(IoUringIoHandler.java:705)
	at io.netty.channel.uring.IoUringIoHandler.handleFastPath(IoUringIoHandler.java:318)
	at io.netty.channel.uring.IoUringIoHandler.handle(IoUringIoHandler.java:298)
	at io.netty.channel.uring.CompletionQueue.process(CompletionQueue.java:151)
	at io.netty.channel.uring.IoUringIoHandler.processCompletionsAndHandleOverflow(IoUringIoHandler.java:213)
	at io.netty.channel.uring.IoUringIoHandler.run(IoUringIoHandler.java:188)
	at io.netty.channel.SingleThreadIoEventLoop.runIo(SingleThreadIoEventLoop.java:225)
	at io.netty.channel.SingleThreadIoEventLoop.run(SingleThreadIoEventLoop.java:196)
	at io.netty.util.concurrent.SingleThreadEventExecutor$5.run(SingleThreadEventExecutor.java:1204)
	at io.netty.util.internal.ThreadExecutorMap$2.run(ThreadExecutorMap.java:74)
	at io.netty.util.concurrent.FastThreadLocalRunnable.run(FastThreadLocalRunnable.java:30)
	at java.base/java.lang.Thread.run(Thread.java:1583)
07:12:26.344 [multiThreadIoEventLoopGroup-3-2] WARN  i.n.channel.uring.IoUringIoHandler - Unexpected exception in the IO event loop.
java.lang.IllegalStateException: arena buffer of Thread[#33,multiThreadIoEventLoopGroup-4-4,10,main] touched from Thread[#27,multiThreadIoEventLoopGroup-3-2,10,main] (event-loop arena buffers are thread confined)
	at io.netty.buffer.CycleArenaAllocator$ArenaBuf.violation(CycleArenaAllocator.java:1448)
	at io.netty.buffer.CycleArenaAllocator$ArenaBuf.retain(CycleArenaAllocator.java:1351)
	at io.netty.buffer.AbstractDerivedByteBuf.retain0(AbstractDerivedByteBuf.java:58)
	at io.netty.buffer.AbstractDerivedByteBuf.retain(AbstractDerivedByteBuf.java:54)
	at io.netty.channel.uring.IoUringSocketChannel$IoUringSocketUnsafe.handleWriteCompleteZeroCopy(IoUringSocketChannel.java:220)
	at io.netty.channel.uring.IoUringSocketChannel$IoUringSocketUnsafe.writeComplete0(IoUringSocketChannel.java:186)
	at io.netty.channel.uring.AbstractIoUringChannel$AbstractUringUnsafe.writeComplete(AbstractIoUringChannel.java:1003)
	at io.netty.channel.uring.AbstractIoUringChannel$AbstractUringUnsafe.handle(AbstractIoUringChannel.java:474)
	at io.netty.channel.uring.IoUringIoHandler$DefaultIoUringIoRegistration.handle(IoUringIoHandler.java:705)
	at io.netty.channel.uring.IoUringIoHandler.handleFastPath(IoUringIoHandler.java:318)
	at io.netty.channel.uring.IoUringIoHandler.handle(IoUringIoHandler.java:298)
	at io.netty.channel.uring.CompletionQueue.process(CompletionQueue.java:151)
	at io.netty.channel.uring.IoUringIoHandler.processCompletionsAndHandleOverflow(IoUringIoHandler.java:213)
	at io.netty.channel.uring.IoUringIoHandler.run(IoUringIoHandler.java:188)
	at io.netty.channel.SingleThreadIoEventLoop.runIo(SingleThreadIoEventLoop.java:225)
	at io.netty.channel.SingleThreadIoEventLoop.run(SingleThreadIoEventLoop.java:196)
	at io.netty.util.concurrent.SingleThreadEventExecutor$5.run(SingleThreadEventExecutor.java:1204)
	at io.netty.util.internal.ThreadExecutorMap$2.run(ThreadExecutorMap.java:74)
	at io.netty.util.concurrent.FastThreadLocalRunnable.run(FastThreadLocalRunnable.java:30)
	at java.base/java.lang.Thread.run(Thread.java:1583)
07:12:26.346 [multiThreadIoEventLoopGroup-4-1] WARN  i.n.channel.uring.IoUringIoHandler - Unexpected exception in the IO event loop.
java.lang.IllegalStateException: arena buffer of Thread[#28,multiThreadIoEventLoopGroup-3-3,10,main] touched from Thread[#30,multiThreadIoEventLoopGroup-4-1,10,main] (event-loop arena buffers are thread confined)
	at io.netty.buffer.CycleArenaAllocator$ArenaBuf.violation(CycleArenaAllocator.java:1448)
	at io.netty.buffer.CycleArenaAllocator$ArenaBuf.release(CycleArenaAllocator.java:1377)
	at io.netty.buffer.AbstractDerivedByteBuf.release0(AbstractDerivedByteBuf.java:98)
	at io.netty.buffer.AbstractDerivedByteBuf.release(AbstractDerivedByteBuf.java:94)
	at io.netty.channel.uring.IoUringSocketChannel$IoUringSocketUnsafe.handleWriteCompleteZeroCopy(IoUringSocketChannel.java:289)
	at io.netty.channel.uring.IoUringSocketChannel$IoUringSocketUnsafe.writeComplete0(IoUringSocketChannel.java:186)
	at io.netty.channel.uring.AbstractIoUringChannel$AbstractUringUnsafe.writeComplete(AbstractIoUringChannel.java:1003)
	at io.netty.channel.uring.AbstractIoUringChannel$AbstractUringUnsafe.handle(AbstractIoUringChannel.java:474)
	at io.netty.channel.uring.IoUringIoHandler$DefaultIoUringIoRegistration.handle(IoUringIoHandler.java:705)
	at io.netty.channel.uring.IoUringIoHandler.handleFastPath(IoUringIoHandler.java:318)
	at io.netty.channel.uring.IoUringIoHandler.handle(IoUringIoHandler.java:298)
	at io.netty.channel.uring.CompletionQueue.process(CompletionQueue.java:151)
	at io.netty.channel.uring.IoUringIoHandler.processCompletionsAndHandleOverflow(IoUringIoHandler.java:213)
	at io.netty.channel.uring.IoUringIoHandler.run(IoUringIoHandler.java:188)
	at io.netty.channel.SingleThreadIoEventLoop.runIo(SingleThreadIoEventLoop.java:225)
	at io.netty.channel.SingleThreadIoEventLoop.run(SingleThreadIoEventLoop.java:196)
	at io.netty.util.concurrent.SingleThreadEventExecutor$5.run(SingleThreadEventExecutor.java:1204)
	at io.netty.util.internal.ThreadExecutorMap$2.run(ThreadExecutorMap.java:74)
	at io.netty.util.concurrent.FastThreadLocalRunnable.run(FastThreadLocalRunnable.java:30)
	at java.base/java.lang.Thread.run(Thread.java:1583)
07:12:26.350 [multiThreadIoEventLoopGroup-3-1] WARN  i.n.channel.uring.IoUringIoHandler - Unexpected exception in the IO event loop.
java.lang.IllegalStateException: arena buffer of Thread[#31,multiThreadIoEventLoopGroup-4-2,10,main] touched from Thread[#26,multiThreadIoEventLoopGroup-3-1,10,main] (event-loop arena buffers are thread confined)
	at io.netty.buffer.CycleArenaAllocator$ArenaBuf.violation(CycleArenaAllocator.java:1448)
	at io.netty.buffer.CycleArenaAllocator$ArenaBuf.retain(CycleArenaAllocator.java:1351)
	at io.netty.buffer.AbstractDerivedByteBuf.retain0(AbstractDerivedByteBuf.java:58)
	at io.netty.buffer.AbstractDerivedByteBuf.retain(AbstractDerivedByteBuf.java:54)
	at io.netty.channel.uring.IoUringSocketChannel$IoUringSocketUnsafe.handleWriteCompleteZeroCopy(IoUringSocketChannel.java:220)
	at io.netty.channel.uring.IoUringSocketChannel$IoUringSocketUnsafe.writeComplete0(IoUringSocketChannel.java:186)
	at io.netty.channel.uring.AbstractIoUringChannel$AbstractUringUnsafe.writeComplete(AbstractIoUringChannel.java:1003)
	at io.netty.channel.uring.AbstractIoUringChannel$AbstractUringUnsafe.handle(AbstractIoUringChannel.java:474)
	at io.netty.channel.uring.IoUringIoHandler$DefaultIoUringIoRegistration.handle(IoUringIoHandler.java:705)
	at io.netty.channel.uring.IoUringIoHandler.handleFastPath(IoUringIoHandler.java:318)
	at io.netty.channel.uring.IoUringIoHandler.handle(IoUringIoHandler.java:298)
	at io.netty.channel.uring.CompletionQueue.process(CompletionQueue.java:151)
	at io.netty.channel.uring.IoUringIoHandler.processCompletionsAndHandleOverflow(IoUringIoHandler.java:213)
	at io.netty.channel.uring.IoUringIoHandler.run(IoUringIoHandler.java:188)
	at io.netty.channel.SingleThreadIoEventLoop.runIo(SingleThreadIoEventLoop.java:225)
	at io.netty.channel.SingleThreadIoEventLoop.run(SingleThreadIoEventLoop.java:196)
	at io.netty.util.concurrent.SingleThreadEventExecutor$5.run(SingleThreadEventExecutor.java:1204)
	at io.netty.util.internal.ThreadExecutorMap$2.run(ThreadExecutorMap.java:74)
	at io.netty.util.concurrent.FastThreadLocalRunnable.run(FastThreadLocalRunnable.java:30)
	at java.base/java.lang.Thread.run(Thread.java:1583)
07:12:26.351 [multiThreadIoEventLoopGroup-4-3] WARN  i.n.channel.uring.IoUringIoHandler - Unexpected exception in the IO event loop.
java.lang.IllegalStateException: arena buffer of Thread[#26,multiThreadIoEventLoopGroup-3-1,10,main] touched from Thread[#32,multiThreadIoEventLoopGroup-4-3,10,main] (event-loop arena buffers are thread confined)
	at io.netty.buffer.CycleArenaAllocator$ArenaBuf.violation(CycleArenaAllocator.java:1448)
	at io.netty.buffer.CycleArenaAllocator$ArenaBuf.release(CycleArenaAllocator.java:1377)
	at io.netty.buffer.AbstractDerivedByteBuf.release0(AbstractDerivedByteBuf.java:98)
	at io.netty.buffer.AbstractDerivedByteBuf.release(AbstractDerivedByteBuf.java:94)
	at io.netty.channel.uring.IoUringSocketChannel$IoUringSocketUnsafe.handleWriteCompleteZeroCopy(IoUringSocketChannel.java:289)
	at io.netty.channel.uring.IoUringSocketChannel$IoUringSocketUnsafe.writeComplete0(IoUringSocketChannel.java:186)
	at io.netty.channel.uring.AbstractIoUringChannel$AbstractUringUnsafe.writeComplete(AbstractIoUringChannel.java:1003)
	at io.netty.channel.uring.AbstractIoUringChannel$AbstractUringUnsafe.handle(AbstractIoUringChannel.java:474)
	at io.netty.channel.uring.IoUringIoHandler$DefaultIoUringIoRegistration.handle(IoUringIoHandler.java:705)
	at io.netty.channel.uring.IoUringIoHandler.handleFastPath(IoUringIoHandler.java:318)
	at io.netty.channel.uring.IoUringIoHandler.handle(IoUringIoHandler.java:298)
	at io.netty.channel.uring.CompletionQueue.process(CompletionQueue.java:151)
	at io.netty.channel.uring.IoUringIoHandler.processCompletionsAndHandleOverflow(IoUringIoHandler.java:213)
	at io.netty.channel.uring.IoUringIoHandler.run(IoUringIoHandler.java:188)
	at io.netty.channel.SingleThreadIoEventLoop.runIo(SingleThreadIoEventLoop.java:225)
	at io.netty.channel.SingleThreadIoEventLoop.run(SingleThreadIoEventLoop.java:196)
	at io.netty.util.concurrent.SingleThreadEventExecutor$5.run(SingleThreadEventExecutor.java:1204)
	at io.netty.util.internal.ThreadExecutorMap$2.run(ThreadExecutorMap.java:74)
	at io.netty.util.concurrent.FastThreadLocalRunnable.run(FastThreadLocalRunnable.java:30)
	at java.base/java.lang.Thread.run(Thread.java:1583)
07:12:26.354 [multiThreadIoEventLoopGroup-3-3] WARN  i.n.channel.uring.IoUringIoHandler - Unexpected exception in the IO event loop.
java.lang.IllegalStateException: arena buffer of Thread[#32,multiThreadIoEventLoopGroup-4-3,10,main] touched from Thread[#28,multiThreadIoEventLoopGroup-3-3,10,main] (event-loop arena buffers are thread confined)
	at io.netty.buffer.CycleArenaAllocator$ArenaBuf.violation(CycleArenaAllocator.java:1448)
	at io.netty.buffer.CycleArenaAllocator$ArenaBuf.release(CycleArenaAllocator.java:1377)
	at io.netty.buffer.AbstractDerivedByteBuf.release0(AbstractDerivedByteBuf.java:98)
	at io.netty.buffer.AbstractDerivedByteBuf.release(AbstractDerivedByteBuf.java:94)
	at io.netty.channel.uring.IoUringSocketChannel$IoUringSocketUnsafe.handleWriteCompleteZeroCopy(IoUringSocketChannel.java:289)
	at io.netty.channel.uring.IoUringSocketChannel$IoUringSocketUnsafe.writeComplete0(IoUringSocketChannel.java:186)
	at io.netty.channel.uring.AbstractIoUringChannel$AbstractUringUnsafe.writeComplete(AbstractIoUringChannel.java:1003)
	at io.netty.channel.uring.AbstractIoUringChannel$AbstractUringUnsafe.handle(AbstractIoUringChannel.java:474)
	at io.netty.channel.uring.IoUringIoHandler$DefaultIoUringIoRegistration.handle(IoUringIoHandler.java:705)
	at io.netty.channel.uring.IoUringIoHandler.handleFastPath(IoUringIoHandler.java:318)
	at io.netty.channel.uring.IoUringIoHandler.handle(IoUringIoHandler.java:298)
	at io.netty.channel.uring.CompletionQueue.process(CompletionQueue.java:151)
	at io.netty.channel.uring.IoUringIoHandler.processCompletionsAndHandleOverflow(IoUringIoHandler.java:213)
	at io.netty.channel.uring.IoUringIoHandler.run(IoUringIoHandler.java:188)
	at io.netty.channel.SingleThreadIoEventLoop.runIo(SingleThreadIoEventLoop.java:225)
	at io.netty.channel.SingleThreadIoEventLoop.run(SingleThreadIoEventLoop.java:196)
	at io.netty.util.concurrent.SingleThreadEventExecutor$5.run(SingleThreadEventExecutor.java:1204)
	at io.netty.util.internal.ThreadExecutorMap$2.run(ThreadExecutorMap.java:74)
	at io.netty.util.concurrent.FastThreadLocalRunnable.run(FastThreadLocalRunnable.java:30)
	at java.base/java.lang.Thread.run(Thread.java:1583)
07:12:26.359 [multiThreadIoEventLoopGroup-4-4] WARN  io.netty.util.ReferenceCountUtil - Failed to release a message: UnpooledSlicedByteBuf(ridx: 0, widx: 2178, cap: 2178/2178, unwrapped: CycleArenaAllocator$ArenaBuf(ridx: 0, widx: 8192, cap: 8192))
java.lang.IllegalStateException: arena buffer of Thread[#29,multiThreadIoEventLoopGroup-3-4,10,main] touched from Thread[#33,multiThreadIoEventLoopGroup-4-4,10,main] (event-loop arena buffers are thread confined)
	at io.netty.buffer.CycleArenaAllocator$ArenaBuf.violation(CycleArenaAllocator.java:1448)
	at io.netty.buffer.CycleArenaAllocator$ArenaBuf.release(CycleArenaAllocator.java:1377)
	at io.netty.buffer.AbstractDerivedByteBuf.release0(AbstractDerivedByteBuf.java:98)
	at io.netty.buffer.AbstractDerivedByteBuf.release(AbstractDerivedByteBuf.java:94)
	at io.netty.util.ReferenceCountUtil.release(ReferenceCountUtil.java:90)
	at io.netty.util.ReferenceCountUtil.safeRelease(ReferenceCountUtil.java:116)
	at io.netty.channel.ChannelOutboundBuffer.remove(ChannelOutboundBuffer.java:300)
	at io.netty.channel.ChannelOutboundBuffer.removeBytes(ChannelOutboundBuffer.java:382)
	at io.netty.channel.uring.AbstractIoUringStreamChannel$IoUringStreamUnsafe.writeComplete0(AbstractIoUringStreamChannel.java:692)
	at io.netty.channel.uring.IoUringSocketChannel$IoUringSocketUnsafe.writeComplete0(IoUringSocketChannel.java:188)
	at io.netty.channel.uring.AbstractIoUringChannel$AbstractUringUnsafe.writeComplete(AbstractIoUringChannel.java:1003)
	at io.netty.channel.uring.AbstractIoUringChannel$AbstractUringUnsafe.handle(AbstractIoUringChannel.java:474)
	at io.netty.channel.uring.IoUringIoHandler$DefaultIoUringIoRegistration.handle(IoUringIoHandler.java:705)
	at io.netty.channel.uring.IoUringIoHandler.handleFastPath(IoUringIoHandler.java:318)
	at io.netty.channel.uring.IoUringIoHandler.handle(IoUringIoHandler.java:298)
	at io.netty.channel.uring.CompletionQueue.process(CompletionQueue.java:151)
	at io.netty.channel.uring.IoUringIoHandler.processCompletionsAndHandleOverflow(IoUringIoHandler.java:213)
	at io.netty.channel.uring.IoUringIoHandler.run(IoUringIoHandler.java:188)
	at io.netty.channel.SingleThreadIoEventLoop.runIo(SingleThreadIoEventLoop.java:225)
	at io.netty.channel.SingleThreadIoEventLoop.run(SingleThreadIoEventLoop.java:196)
	at io.netty.util.concurrent.SingleThreadEventExecutor$5.run(SingleThreadEventExecutor.java:1204)
	at io.netty.util.internal.ThreadExecutorMap$2.run(ThreadExecutorMap.java:74)
	at io.netty.util.concurrent.FastThreadLocalRunnable.run(FastThreadLocalRunnable.java:30)
	at java.base/java.lang.Thread.run(Thread.java:1583)
07:12:26.359 [multiThreadIoEventLoopGroup-4-4] WARN  i.n.channel.uring.IoUringIoHandler - Unexpected exception in the IO event loop.
java.lang.IllegalStateException: arena buffer of Thread[#29,multiThreadIoEventLoopGroup-3-4,10,main] touched from Thread[#33,multiThreadIoEventLoopGroup-4-4,10,main] (event-loop arena buffers are thread confined)
	at io.netty.buffer.CycleArenaAllocator$ArenaBuf.violation(CycleArenaAllocator.java:1448)
	at io.netty.buffer.CycleArenaAllocator$ArenaBuf.release(CycleArenaAllocator.java:1377)
	at io.netty.buffer.AbstractDerivedByteBuf.release0(AbstractDerivedByteBuf.java:98)
	at io.netty.buffer.AbstractDerivedByteBuf.release(AbstractDerivedByteBuf.java:94)
	at io.netty.channel.uring.IoUringSocketChannel$IoUringSocketUnsafe.handleWriteCompleteZeroCopy(IoUringSocketChannel.java:289)
	at io.netty.channel.uring.IoUringSocketChannel$IoUringSocketUnsafe.writeComplete0(IoUringSocketChannel.java:186)
	at io.netty.channel.uring.AbstractIoUringChannel$AbstractUringUnsafe.writeComplete(AbstractIoUringChannel.java:1003)
	at io.netty.channel.uring.AbstractIoUringChannel$AbstractUringUnsafe.handle(AbstractIoUringChannel.java:474)
	at io.netty.channel.uring.IoUringIoHandler$DefaultIoUringIoRegistration.handle(IoUringIoHandler.java:705)
	at io.netty.channel.uring.IoUringIoHandler.handleFastPath(IoUringIoHandler.java:318)
	at io.netty.channel.uring.IoUringIoHandler.handle(IoUringIoHandler.java:298)
	at io.netty.channel.uring.CompletionQueue.process(CompletionQueue.java:151)
	at io.netty.channel.uring.IoUringIoHandler.processCompletionsAndHandleOverflow(IoUringIoHandler.java:213)
	at io.netty.channel.uring.IoUringIoHandler.run(IoUringIoHandler.java:188)
	at io.netty.channel.SingleThreadIoEventLoop.runIo(SingleThreadIoEventLoop.java:225)
	at io.netty.channel.SingleThreadIoEventLoop.run(SingleThreadIoEventLoop.java:196)
	at io.netty.util.concurrent.SingleThreadEventExecutor$5.run(SingleThreadEventExecutor.java:1204)
	at io.netty.util.internal.ThreadExecutorMap$2.run(ThreadExecutorMap.java:74)
	at io.netty.util.concurrent.FastThreadLocalRunnable.run(FastThreadLocalRunnable.java:30)
	at java.base/java.lang.Thread.run(Thread.java:1583)
07:12:26.376 [multiThreadIoEventLoopGroup-3-4] WARN  i.n.channel.uring.IoUringIoHandler - Unexpected exception in the IO event loop.
java.lang.IllegalStateException: arena buffer of Thread[#31,multiThreadIoEventLoopGroup-4-2,10,main] touched from Thread[#29,multiThreadIoEventLoopGroup-3-4,10,main] (event-loop arena buffers are thread confined)
	at io.netty.buffer.CycleArenaAllocator$ArenaBuf.violation(CycleArenaAllocator.java:1448)
	at io.netty.buffer.CycleArenaAllocator$ArenaBuf.release(CycleArenaAllocator.java:1377)
	at io.netty.buffer.AbstractDerivedByteBuf.release0(AbstractDerivedByteBuf.java:98)
	at io.netty.buffer.AbstractDerivedByteBuf.release(AbstractDerivedByteBuf.java:94)
	at io.netty.channel.uring.IoUringSocketChannel$IoUringSocketUnsafe.handleWriteCompleteZeroCopy(IoUringSocketChannel.java:289)
	at io.netty.channel.uring.IoUringSocketChannel$IoUringSocketUnsafe.writeComplete0(IoUringSocketChannel.java:186)
	at io.netty.channel.uring.AbstractIoUringChannel$AbstractUringUnsafe.writeComplete(AbstractIoUringChannel.java:1003)
	at io.netty.channel.uring.AbstractIoUringChannel$AbstractUringUnsafe.handle(AbstractIoUringChannel.java:474)
	at io.netty.channel.uring.IoUringIoHandler$DefaultIoUringIoRegistration.handle(IoUringIoHandler.java:705)
	at io.netty.channel.uring.IoUringIoHandler.handleFastPath(IoUringIoHandler.java:318)
	at io.netty.channel.uring.IoUringIoHandler.handle(IoUringIoHandler.java:298)
	at io.netty.channel.uring.CompletionQueue.process(CompletionQueue.java:151)
	at io.netty.channel.uring.IoUringIoHandler.processCompletionsAndHandleOverflow(IoUringIoHandler.java:213)
	at io.netty.channel.uring.IoUringIoHandler.run(IoUringIoHandler.java:188)
	at io.netty.channel.SingleThreadIoEventLoop.runIo(SingleThreadIoEventLoop.java:225)
	at io.netty.channel.SingleThreadIoEventLoop.run(SingleThreadIoEventLoop.java:196)
	at io.netty.util.concurrent.SingleThreadEventExecutor$5.run(SingleThreadEventExecutor.java:1204)
	at io.netty.util.internal.ThreadExecutorMap$2.run(ThreadExecutorMap.java:74)
	at io.netty.util.concurrent.FastThreadLocalRunnable.run(FastThreadLocalRunnable.java:30)
	at java.base/java.lang.Thread.run(Thread.java:1583)
07:12:26.445 [multiThreadIoEventLoopGroup-3-2] WARN  i.n.channel.uring.IoUringIoHandler - Unexpected exception in the IO event loop.
java.lang.IllegalStateException: arena buffer of Thread[#32,multiThreadIoEventLoopGroup-4-3,10,main] touched from Thread[#27,multiThreadIoEventLoopGroup-3-2,10,main] (event-loop arena buffers are thread confined)
	at io.netty.buffer.CycleArenaAllocator$ArenaBuf.violation(CycleArenaAllocator.java:1448)
	at io.netty.buffer.CycleArenaAllocator$ArenaBuf.release(CycleArenaAllocator.java:1377)
	at io.netty.buffer.AbstractDerivedByteBuf.release0(AbstractDerivedByteBuf.java:98)
	at io.netty.buffer.AbstractDerivedByteBuf.release(AbstractDerivedByteBuf.java:94)
	at io.netty.channel.uring.IoUringSocketChannel$IoUringSocketUnsafe.handleWriteCompleteZeroCopy(IoUringSocketChannel.java:289)
	at io.netty.channel.uring.IoUringSocketChannel$IoUringSocketUnsafe.writeComplete0(IoUringSocketChannel.java:186)
	at io.netty.channel.uring.AbstractIoUringChannel$AbstractUringUnsafe.writeComplete(AbstractIoUringChannel.java:1003)
	at io.netty.channel.uring.AbstractIoUringChannel$AbstractUringUnsafe.handle(AbstractIoUringChannel.java:474)
	at io.netty.channel.uring.IoUringIoHandler$DefaultIoUringIoRegistration.handle(IoUringIoHandler.java:705)
	at io.netty.channel.uring.IoUringIoHandler.handleFastPath(IoUringIoHandler.java:318)
	at io.netty.channel.uring.IoUringIoHandler.handle(IoUringIoHandler.java:298)
	at io.netty.channel.uring.CompletionQueue.process(CompletionQueue.java:151)
	at io.netty.channel.uring.IoUringIoHandler.processCompletionsAndHandleOverflow(IoUringIoHandler.java:213)
	at io.netty.channel.uring.IoUringIoHandler.run(IoUringIoHandler.java:188)
	at io.netty.channel.SingleThreadIoEventLoop.runIo(SingleThreadIoEventLoop.java:225)
	at io.netty.channel.SingleThreadIoEventLoop.run(SingleThreadIoEventLoop.java:196)
	at io.netty.util.concurrent.SingleThreadEventExecutor$5.run(SingleThreadEventExecutor.java:1204)
	at io.netty.util.internal.ThreadExecutorMap$2.run(ThreadExecutorMap.java:74)
	at io.netty.util.concurrent.FastThreadLocalRunnable.run(FastThreadLocalRunnable.java:30)
	at java.base/java.lang.Thread.run(Thread.java:1583)
07:12:26.447 [multiThreadIoEventLoopGroup-4-1] WARN  io.netty.util.ReferenceCountUtil - Failed to release a message: UnpooledSlicedByteBuf(ridx: 0, widx: 1819, cap: 1819/1819, unwrapped: CycleArenaAllocator$ArenaBuf(ridx: 0, widx: 8192, cap: 8192))
java.lang.IllegalStateException: arena buffer of Thread[#28,multiThreadIoEventLoopGroup-3-3,10,main] touched from Thread[#30,multiThreadIoEventLoopGroup-4-1,10,main] (event-loop arena buffers are thread confined)
	at io.netty.buffer.CycleArenaAllocator$ArenaBuf.violation(CycleArenaAllocator.java:1448)
	at io.netty.buffer.CycleArenaAllocator$ArenaBuf.release(CycleArenaAllocator.java:1377)
	at io.netty.buffer.AbstractDerivedByteBuf.release0(AbstractDerivedByteBuf.java:98)
	at io.netty.buffer.AbstractDerivedByteBuf.release(AbstractDerivedByteBuf.java:94)
	at io.netty.util.ReferenceCountUtil.release(ReferenceCountUtil.java:90)
	at io.netty.util.ReferenceCountUtil.safeRelease(ReferenceCountUtil.java:116)
	at io.netty.channel.ChannelOutboundBuffer.remove(ChannelOutboundBuffer.java:300)
	at io.netty.channel.ChannelOutboundBuffer.removeBytes(ChannelOutboundBuffer.java:382)
	at io.netty.channel.uring.AbstractIoUringStreamChannel$IoUringStreamUnsafe.writeComplete0(AbstractIoUringStreamChannel.java:692)
	at io.netty.channel.uring.IoUringSocketChannel$IoUringSocketUnsafe.writeComplete0(IoUringSocketChannel.java:188)
	at io.netty.channel.uring.AbstractIoUringChannel$AbstractUringUnsafe.writeComplete(AbstractIoUringChannel.java:1003)
	at io.netty.channel.uring.AbstractIoUringChannel$AbstractUringUnsafe.handle(AbstractIoUringChannel.java:474)
	at io.netty.channel.uring.IoUringIoHandler$DefaultIoUringIoRegistration.handle(IoUringIoHandler.java:705)
	at io.netty.channel.uring.IoUringIoHandler.handleFastPath(IoUringIoHandler.java:318)
	at io.netty.channel.uring.IoUringIoHandler.handle(IoUringIoHandler.java:298)
	at io.netty.channel.uring.CompletionQueue.process(CompletionQueue.java:151)
	at io.netty.channel.uring.IoUringIoHandler.processCompletionsAndHandleOverflow(IoUringIoHandler.java:213)
	at io.netty.channel.uring.IoUringIoHandler.run(IoUringIoHandler.java:188)
	at io.netty.channel.SingleThreadIoEventLoop.runIo(SingleThreadIoEventLoop.java:225)
	at io.netty.channel.SingleThreadIoEventLoop.run(SingleThreadIoEventLoop.java:196)
	at io.netty.util.concurrent.SingleThreadEventExecutor$5.run(SingleThreadEventExecutor.java:1204)
	at io.netty.util.internal.ThreadExecutorMap$2.run(ThreadExecutorMap.java:74)
	at io.netty.util.concurrent.FastThreadLocalRunnable.run(FastThreadLocalRunnable.java:30)
	at java.base/java.lang.Thread.run(Thread.java:1583)
07:12:26.447 [multiThreadIoEventLoopGroup-4-1] WARN  io.netty.util.ReferenceCountUtil - Failed to release a message: UnpooledSlicedByteBuf(ridx: 0, widx: 2376, cap: 2376/2376, unwrapped: CycleArenaAllocator$ArenaBuf(ridx: 0, widx: 2376, cap: 8192))
java.lang.IllegalStateException: arena buffer of Thread[#28,multiThreadIoEventLoopGroup-3-3,10,main] touched from Thread[#30,multiThreadIoEventLoopGroup-4-1,10,main] (event-loop arena buffers are thread confined)
	at io.netty.buffer.CycleArenaAllocator$ArenaBuf.violation(CycleArenaAllocator.java:1448)
	at io.netty.buffer.CycleArenaAllocator$ArenaBuf.release(CycleArenaAllocator.java:1377)
	at io.netty.buffer.AbstractDerivedByteBuf.release0(AbstractDerivedByteBuf.java:98)
	at io.netty.buffer.AbstractDerivedByteBuf.release(AbstractDerivedByteBuf.java:94)
	at io.netty.util.ReferenceCountUtil.release(ReferenceCountUtil.java:90)
	at io.netty.util.ReferenceCountUtil.safeRelease(ReferenceCountUtil.java:116)
	at io.netty.channel.ChannelOutboundBuffer.remove(ChannelOutboundBuffer.java:300)
	at io.netty.channel.ChannelOutboundBuffer.removeBytes(ChannelOutboundBuffer.java:382)
	at io.netty.channel.uring.AbstractIoUringStreamChannel$IoUringStreamUnsafe.writeComplete0(AbstractIoUringStreamChannel.java:692)
	at io.netty.channel.uring.IoUringSocketChannel$IoUringSocketUnsafe.writeComplete0(IoUringSocketChannel.java:188)
	at io.netty.channel.uring.AbstractIoUringChannel$AbstractUringUnsafe.writeComplete(AbstractIoUringChannel.java:1003)
	at io.netty.channel.uring.AbstractIoUringChannel$AbstractUringUnsafe.handle(AbstractIoUringChannel.java:474)
	at io.netty.channel.uring.IoUringIoHandler$DefaultIoUringIoRegistration.handle(IoUringIoHandler.java:705)
	at io.netty.channel.uring.IoUringIoHandler.handleFastPath(IoUringIoHandler.java:318)
	at io.netty.channel.uring.IoUringIoHandler.handle(IoUringIoHandler.java:298)
	at io.netty.channel.uring.CompletionQueue.process(CompletionQueue.java:151)
	at io.netty.channel.uring.IoUringIoHandler.processCompletionsAndHandleOverflow(IoUringIoHandler.java:213)
	at io.netty.channel.uring.IoUringIoHandler.run(IoUringIoHandler.java:188)
	at io.netty.channel.SingleThreadIoEventLoop.runIo(SingleThreadIoEventLoop.java:225)
	at io.netty.channel.SingleThreadIoEventLoop.run(SingleThreadIoEventLoop.java:196)
	at io.netty.util.concurrent.SingleThreadEventExecutor$5.run(SingleThreadEventExecutor.java:1204)
	at io.netty.util.internal.ThreadExecutorMap$2.run(ThreadExecutorMap.java:74)
	at io.netty.util.concurrent.FastThreadLocalRunnable.run(FastThreadLocalRunnable.java:30)
	at java.base/java.lang.Thread.run(Thread.java:1583)
07:12:26.450 [multiThreadIoEventLoopGroup-3-1] WARN  io.netty.util.ReferenceCountUtil - Failed to release a message: UnpooledSlicedByteBuf(ridx: 0, widx: 2519, cap: 2519/2519, unwrapped: CycleArenaAllocator$ArenaBuf(ridx: 0, widx: 8192, cap: 8192))
java.lang.IllegalStateException: arena buffer of Thread[#32,multiThreadIoEventLoopGroup-4-3,10,main] touched from Thread[#26,multiThreadIoEventLoopGroup-3-1,10,main] (event-loop arena buffers are thread confined)
	at io.netty.buffer.CycleArenaAllocator$ArenaBuf.violation(CycleArenaAllocator.java:1448)
	at io.netty.buffer.CycleArenaAllocator$ArenaBuf.release(CycleArenaAllocator.java:1377)
	at io.netty.buffer.AbstractDerivedByteBuf.release0(AbstractDerivedByteBuf.java:98)
	at io.netty.buffer.AbstractDerivedByteBuf.release(AbstractDerivedByteBuf.java:94)
	at io.netty.util.ReferenceCountUtil.release(ReferenceCountUtil.java:90)
	at io.netty.util.ReferenceCountUtil.safeRelease(ReferenceCountUtil.java:116)
	at io.netty.channel.ChannelOutboundBuffer.remove(ChannelOutboundBuffer.java:300)
	at io.netty.channel.ChannelOutboundBuffer.removeBytes(ChannelOutboundBuffer.java:382)
	at io.netty.channel.uring.AbstractIoUringStreamChannel$IoUringStreamUnsafe.writeComplete0(AbstractIoUringStreamChannel.java:692)
	at io.netty.channel.uring.IoUringSocketChannel$IoUringSocketUnsafe.writeComplete0(IoUringSocketChannel.java:188)
	at io.netty.channel.uring.AbstractIoUringChannel$AbstractUringUnsafe.writeComplete(AbstractIoUringChannel.java:1003)
	at io.netty.channel.uring.AbstractIoUringChannel$AbstractUringUnsafe.handle(AbstractIoUringChannel.java:474)
	at io.netty.channel.uring.IoUringIoHandler$DefaultIoUringIoRegistration.handle(IoUringIoHandler.java:705)
	at io.netty.channel.uring.IoUringIoHandler.handleFastPath(IoUringIoHandler.java:318)
	at io.netty.channel.uring.IoUringIoHandler.handle(IoUringIoHandler.java:298)
	at io.netty.channel.uring.CompletionQueue.process(CompletionQueue.java:151)
	at io.netty.channel.uring.IoUringIoHandler.processCompletionsAndHandleOverflow(IoUringIoHandler.java:213)
	at io.netty.channel.uring.IoUringIoHandler.run(IoUringIoHandler.java:188)
	at io.netty.channel.SingleThreadIoEventLoop.runIo(SingleThreadIoEventLoop.java:225)
	at io.netty.channel.SingleThreadIoEventLoop.run(SingleThreadIoEventLoop.java:196)
	at io.netty.util.concurrent.SingleThreadEventExecutor$5.run(SingleThreadEventExecutor.java:1204)
	at io.netty.util.internal.ThreadExecutorMap$2.run(ThreadExecutorMap.java:74)
	at io.netty.util.concurrent.FastThreadLocalRunnable.run(FastThreadLocalRunnable.java:30)
	at java.base/java.lang.Thread.run(Thread.java:1583)
07:12:26.450 [multiThreadIoEventLoopGroup-3-1] WARN  i.n.channel.uring.IoUringIoHandler - Unexpected exception in the IO event loop.
java.lang.IllegalStateException: arena buffer of Thread[#33,multiThreadIoEventLoopGroup-4-4,10,main] touched from Thread[#26,multiThreadIoEventLoopGroup-3-1,10,main] (event-loop arena buffers are thread confined)
	at io.netty.buffer.CycleArenaAllocator$ArenaBuf.violation(CycleArenaAllocator.java:1448)
	at io.netty.buffer.CycleArenaAllocator$ArenaBuf.release(CycleArenaAllocator.java:1377)
	at io.netty.buffer.AbstractDerivedByteBuf.release0(AbstractDerivedByteBuf.java:98)
	at io.netty.buffer.AbstractDerivedByteBuf.release(AbstractDerivedByteBuf.java:94)
	at io.netty.channel.uring.IoUringSocketChannel$IoUringSocketUnsafe.handleWriteCompleteZeroCopy(IoUringSocketChannel.java:289)
	at io.netty.channel.uring.IoUringSocketChannel$IoUringSocketUnsafe.writeComplete0(IoUringSocketChannel.java:186)
	at io.netty.channel.uring.AbstractIoUringChannel$AbstractUringUnsafe.writeComplete(AbstractIoUringChannel.java:1003)
	at io.netty.channel.uring.AbstractIoUringChannel$AbstractUringUnsafe.handle(AbstractIoUringChannel.java:474)
	at io.netty.channel.uring.IoUringIoHandler$DefaultIoUringIoRegistration.handle(IoUringIoHandler.java:705)
	at io.netty.channel.uring.IoUringIoHandler.handleFastPath(IoUringIoHandler.java:318)
	at io.netty.channel.uring.IoUringIoHandler.handle(IoUringIoHandler.java:298)
	at io.netty.channel.uring.CompletionQueue.process(CompletionQueue.java:151)
	at io.netty.channel.uring.IoUringIoHandler.processCompletionsAndHandleOverflow(IoUringIoHandler.java:213)
	at io.netty.channel.uring.IoUringIoHandler.run(IoUringIoHandler.java:188)
	at io.netty.channel.SingleThreadIoEventLoop.runIo(SingleThreadIoEventLoop.java:225)
	at io.netty.channel.SingleThreadIoEventLoop.run(SingleThreadIoEventLoop.java:196)
	at io.netty.util.concurrent.SingleThreadEventExecutor$5.run(SingleThreadEventExecutor.java:1204)
	at io.netty.util.internal.ThreadExecutorMap$2.run(ThreadExecutorMap.java:74)
	at io.netty.util.concurrent.FastThreadLocalRunnable.run(FastThreadLocalRunnable.java:30)
	at java.base/java.lang.Thread.run(Thread.java:1583)
07:12:26.452 [multiThreadIoEventLoopGroup-4-3] WARN  i.n.channel.uring.IoUringIoHandler - Unexpected exception in the IO event loop.
java.lang.IllegalStateException: arena buffer of Thread[#29,multiThreadIoEventLoopGroup-3-4,10,main] touched from Thread[#32,multiThreadIoEventLoopGroup-4-3,10,main] (event-loop arena buffers are thread confined)
	at io.netty.buffer.CycleArenaAllocator$ArenaBuf.violation(CycleArenaAllocator.java:1448)
	at io.netty.buffer.CycleArenaAllocator$ArenaBuf.retain(CycleArenaAllocator.java:1351)
	at io.netty.buffer.AbstractDerivedByteBuf.retain0(AbstractDerivedByteBuf.java:58)
	at io.netty.buffer.AbstractDerivedByteBuf.retain(AbstractDerivedByteBuf.java:54)
	at io.netty.channel.uring.IoUringSocketChannel$IoUringSocketUnsafe.handleWriteCompleteZeroCopy(IoUringSocketChannel.java:220)
	at io.netty.channel.uring.IoUringSocketChannel$IoUringSocketUnsafe.writeComplete0(IoUringSocketChannel.java:186)
	at io.netty.channel.uring.AbstractIoUringChannel$AbstractUringUnsafe.writeComplete(AbstractIoUringChannel.java:1003)
	at io.netty.channel.uring.AbstractIoUringChannel$AbstractUringUnsafe.handle(AbstractIoUringChannel.java:474)
	at io.netty.channel.uring.IoUringIoHandler$DefaultIoUringIoRegistration.handle(IoUringIoHandler.java:705)
	at io.netty.channel.uring.IoUringIoHandler.handleFastPath(IoUringIoHandler.java:318)
	at io.netty.channel.uring.IoUringIoHandler.handle(IoUringIoHandler.java:298)
	at io.netty.channel.uring.CompletionQueue.process(CompletionQueue.java:151)
	at io.netty.channel.uring.IoUringIoHandler.processCompletionsAndHandleOverflow(IoUringIoHandler.java:213)
	at io.netty.channel.uring.IoUringIoHandler.run(IoUringIoHandler.java:188)
	at io.netty.channel.SingleThreadIoEventLoop.runIo(SingleThreadIoEventLoop.java:225)
	at io.netty.channel.SingleThreadIoEventLoop.run(SingleThreadIoEventLoop.java:196)
	at io.netty.util.concurrent.SingleThreadEventExecutor$5.run(SingleThreadEventExecutor.java:1204)
	at io.netty.util.internal.ThreadExecutorMap$2.run(ThreadExecutorMap.java:74)
	at io.netty.util.concurrent.FastThreadLocalRunnable.run(FastThreadLocalRunnable.java:30)
	at java.base/java.lang.Thread.run(Thread.java:1583)
07:12:26.454 [multiThreadIoEventLoopGroup-3-3] WARN  io.netty.util.ReferenceCountUtil - Failed to release a message: UnpooledSlicedByteBuf(ridx: 0, widx: 980, cap: 980/980, unwrapped: CycleArenaAllocator$ArenaBuf(ridx: 0, widx: 7971, cap: 8192))
java.lang.IllegalStateException: arena buffer of Thread[#30,multiThreadIoEventLoopGroup-4-1,10,main] touched from Thread[#28,multiThreadIoEventLoopGroup-3-3,10,main] (event-loop arena buffers are thread confined)
	at io.netty.buffer.CycleArenaAllocator$ArenaBuf.violation(CycleArenaAllocator.java:1448)
	at io.netty.buffer.CycleArenaAllocator$ArenaBuf.release(CycleArenaAllocator.java:1377)
	at io.netty.buffer.AbstractDerivedByteBuf.release0(AbstractDerivedByteBuf.java:98)
	at io.netty.buffer.AbstractDerivedByteBuf.release(AbstractDerivedByteBuf.java:94)
	at io.netty.util.ReferenceCountUtil.release(ReferenceCountUtil.java:90)
	at io.netty.util.ReferenceCountUtil.safeRelease(ReferenceCountUtil.java:116)
	at io.netty.channel.ChannelOutboundBuffer.remove(ChannelOutboundBuffer.java:300)
	at io.netty.channel.ChannelOutboundBuffer.removeBytes(ChannelOutboundBuffer.java:382)
	at io.netty.channel.uring.AbstractIoUringStreamChannel$IoUringStreamUnsafe.writeComplete0(AbstractIoUringStreamChannel.java:692)
	at io.netty.channel.uring.IoUringSocketChannel$IoUringSocketUnsafe.writeComplete0(IoUringSocketChannel.java:188)
	at io.netty.channel.uring.AbstractIoUringChannel$AbstractUringUnsafe.writeComplete(AbstractIoUringChannel.java:1003)
	at io.netty.channel.uring.AbstractIoUringChannel$AbstractUringUnsafe.handle(AbstractIoUringChannel.java:474)
	at io.netty.channel.uring.IoUringIoHandler$DefaultIoUringIoRegistration.handle(IoUringIoHandler.java:705)
	at io.netty.channel.uring.IoUringIoHandler.handleFastPath(IoUringIoHandler.java:318)
	at io.netty.channel.uring.IoUringIoHandler.handle(IoUringIoHandler.java:298)
	at io.netty.channel.uring.CompletionQueue.process(CompletionQueue.java:151)
	at io.netty.channel.uring.IoUringIoHandler.processCompletionsAndHandleOverflow(IoUringIoHandler.java:213)
	at io.netty.channel.uring.IoUringIoHandler.run(IoUringIoHandler.java:188)
	at io.netty.channel.SingleThreadIoEventLoop.runIo(SingleThreadIoEventLoop.java:225)
	at io.netty.channel.SingleThreadIoEventLoop.run(SingleThreadIoEventLoop.java:196)
	at io.netty.util.concurrent.SingleThreadEventExecutor$5.run(SingleThreadEventExecutor.java:1204)
	at io.netty.util.internal.ThreadExecutorMap$2.run(ThreadExecutorMap.java:74)
	at io.netty.util.concurrent.FastThreadLocalRunnable.run(FastThreadLocalRunnable.java:30)
	at java.base/java.lang.Thread.run(Thread.java:1583)
07:12:26.455 [multiThreadIoEventLoopGroup-3-3] WARN  io.netty.util.ReferenceCountUtil - Failed to release a message: UnpooledSlicedByteBuf(ridx: 0, widx: 3568, cap: 3568/3568, unwrapped: CycleArenaAllocator$ArenaBuf(ridx: 0, widx: 7971, cap: 8192))
java.lang.IllegalStateException: arena buffer of Thread[#30,multiThreadIoEventLoopGroup-4-1,10,main] touched from Thread[#28,multiThreadIoEventLoopGroup-3-3,10,main] (event-loop arena buffers are thread confined)
	at io.netty.buffer.CycleArenaAllocator$ArenaBuf.violation(CycleArenaAllocator.java:1448)
	at io.netty.buffer.CycleArenaAllocator$ArenaBuf.release(CycleArenaAllocator.java:1377)
	at io.netty.buffer.AbstractDerivedByteBuf.release0(AbstractDerivedByteBuf.java:98)
	at io.netty.buffer.AbstractDerivedByteBuf.release(AbstractDerivedByteBuf.java:94)
	at io.netty.util.ReferenceCountUtil.release(ReferenceCountUtil.java:90)
	at io.netty.util.ReferenceCountUtil.safeRelease(ReferenceCountUtil.java:116)
	at io.netty.channel.ChannelOutboundBuffer.remove(ChannelOutboundBuffer.java:300)
	at io.netty.channel.ChannelOutboundBuffer.removeBytes(ChannelOutboundBuffer.java:382)
	at io.netty.channel.uring.AbstractIoUringStreamChannel$IoUringStreamUnsafe.writeComplete0(AbstractIoUringStreamChannel.java:692)
	at io.netty.channel.uring.IoUringSocketChannel$IoUringSocketUnsafe.writeComplete0(IoUringSocketChannel.java:188)
	at io.netty.channel.uring.AbstractIoUringChannel$AbstractUringUnsafe.writeComplete(AbstractIoUringChannel.java:1003)
	at io.netty.channel.uring.AbstractIoUringChannel$AbstractUringUnsafe.handle(AbstractIoUringChannel.java:474)
	at io.netty.channel.uring.IoUringIoHandler$DefaultIoUringIoRegistration.handle(IoUringIoHandler.java:705)
	at io.netty.channel.uring.IoUringIoHandler.handleFastPath(IoUringIoHandler.java:318)
	at io.netty.channel.uring.IoUringIoHandler.handle(IoUringIoHandler.java:298)
	at io.netty.channel.uring.CompletionQueue.process(CompletionQueue.java:151)
	at io.netty.channel.uring.IoUringIoHandler.processCompletionsAndHandleOverflow(IoUringIoHandler.java:213)
	at io.netty.channel.uring.IoUringIoHandler.run(IoUringIoHandler.java:188)
	at io.netty.channel.SingleThreadIoEventLoop.runIo(SingleThreadIoEventLoop.java:225)
	at io.netty.channel.SingleThreadIoEventLoop.run(SingleThreadIoEventLoop.java:196)
	at io.netty.util.concurrent.SingleThreadEventExecutor$5.run(SingleThreadEventExecutor.java:1204)
	at io.netty.util.internal.ThreadExecutorMap$2.run(ThreadExecutorMap.java:74)
	at io.netty.util.concurrent.FastThreadLocalRunnable.run(FastThreadLocalRunnable.java:30)
	at java.base/java.lang.Thread.run(Thread.java:1583)
07:12:26.456 [multiThreadIoEventLoopGroup-4-1] WARN  io.netty.util.ReferenceCountUtil - Failed to release a message: UnpooledSlicedByteBuf(ridx: 0, widx: 1621, cap: 1621/1621, unwrapped: CycleArenaAllocator$ArenaBuf(ridx: 0, widx: 8192, cap: 8192))
java.lang.IllegalStateException: arena buffer of Thread[#28,multiThreadIoEventLoopGroup-3-3,10,main] touched from Thread[#30,multiThreadIoEventLoopGroup-4-1,10,main] (event-loop arena buffers are thread confined)
	at io.netty.buffer.CycleArenaAllocator$ArenaBuf.violation(CycleArenaAllocator.java:1448)
	at io.netty.buffer.CycleArenaAllocator$ArenaBuf.release(CycleArenaAllocator.java:1377)
	at io.netty.buffer.AbstractDerivedByteBuf.release0(AbstractDerivedByteBuf.java:98)
	at io.netty.buffer.AbstractDerivedByteBuf.release(AbstractDerivedByteBuf.java:94)
	at io.netty.util.ReferenceCountUtil.release(ReferenceCountUtil.java:90)
	at io.netty.util.ReferenceCountUtil.safeRelease(ReferenceCountUtil.java:116)
	at io.netty.channel.ChannelOutboundBuffer.remove(ChannelOutboundBuffer.java:300)
	at io.netty.channel.ChannelOutboundBuffer.removeBytes(ChannelOutboundBuffer.java:382)
	at io.netty.channel.uring.AbstractIoUringStreamChannel$IoUringStreamUnsafe.writeComplete0(AbstractIoUringStreamChannel.java:692)
	at io.netty.channel.uring.IoUringSocketChannel$IoUringSocketUnsafe.writeComplete0(IoUringSocketChannel.java:188)
	at io.netty.channel.uring.AbstractIoUringChannel$AbstractUringUnsafe.writeComplete(AbstractIoUringChannel.java:1003)
	at io.netty.channel.uring.AbstractIoUringChannel$AbstractUringUnsafe.handle(AbstractIoUringChannel.java:474)
	at io.netty.channel.uring.IoUringIoHandler$DefaultIoUringIoRegistration.handle(IoUringIoHandler.java:705)
	at io.netty.channel.uring.IoUringIoHandler.handleFastPath(IoUringIoHandler.java:318)
	at io.netty.channel.uring.IoUringIoHandler.handle(IoUringIoHandler.java:298)
	at io.netty.channel.uring.CompletionQueue.process(CompletionQueue.java:151)
	at io.netty.channel.uring.IoUringIoHandler.processCompletionsAndHandleOverflow(IoUringIoHandler.java:213)
	at io.netty.channel.uring.IoUringIoHandler.run(IoUringIoHandler.java:188)
	at io.netty.channel.SingleThreadIoEventLoop.runIo(SingleThreadIoEventLoop.java:225)
	at io.netty.channel.SingleThreadIoEventLoop.run(SingleThreadIoEventLoop.java:196)
	at io.netty.util.concurrent.SingleThreadEventExecutor$5.run(SingleThreadEventExecutor.java:1204)
	at io.netty.util.internal.ThreadExecutorMap$2.run(ThreadExecutorMap.java:74)
	at io.netty.util.concurrent.FastThreadLocalRunnable.run(FastThreadLocalRunnable.java:30)
	at java.base/java.lang.Thread.run(Thread.java:1583)
07:12:26.459 [multiThreadIoEventLoopGroup-4-1] WARN  io.netty.util.ReferenceCountUtil - Failed to release a message: UnpooledSlicedByteBuf(ridx: 0, widx: 2574, cap: 2574/2574, unwrapped: CycleArenaAllocator$ArenaBuf(ridx: 0, widx: 2574, cap: 8192))
java.lang.IllegalStateException: arena buffer of Thread[#28,multiThreadIoEventLoopGroup-3-3,10,main] touched from Thread[#30,multiThreadIoEventLoopGroup-4-1,10,main] (event-loop arena buffers are thread confined)
	at io.netty.buffer.CycleArenaAllocator$ArenaBuf.violation(CycleArenaAllocator.java:1448)
	at io.netty.buffer.CycleArenaAllocator$ArenaBuf.release(CycleArenaAllocator.java:1377)
	at io.netty.buffer.AbstractDerivedByteBuf.release0(AbstractDerivedByteBuf.java:98)
	at io.netty.buffer.AbstractDerivedByteBuf.release(AbstractDerivedByteBuf.java:94)
	at io.netty.util.ReferenceCountUtil.release(ReferenceCountUtil.java:90)
	at io.netty.util.ReferenceCountUtil.safeRelease(ReferenceCountUtil.java:116)
	at io.netty.channel.ChannelOutboundBuffer.remove(ChannelOutboundBuffer.java:300)
	at io.netty.channel.ChannelOutboundBuffer.removeBytes(ChannelOutboundBuffer.java:382)
	at io.netty.channel.uring.AbstractIoUringStreamChannel$IoUringStreamUnsafe.writeComplete0(AbstractIoUringStreamChannel.java:692)
	at io.netty.channel.uring.IoUringSocketChannel$IoUringSocketUnsafe.writeComplete0(IoUringSocketChannel.java:188)
	at io.netty.channel.uring.AbstractIoUringChannel$AbstractUringUnsafe.writeComplete(AbstractIoUringChannel.java:1003)
	at io.netty.channel.uring.AbstractIoUringChannel$AbstractUringUnsafe.handle(AbstractIoUringChannel.java:474)
	at io.netty.channel.uring.IoUringIoHandler$DefaultIoUringIoRegistration.handle(IoUringIoHandler.java:705)
	at io.netty.channel.uring.IoUringIoHandler.handleFastPath(IoUringIoHandler.java:318)
	at io.netty.channel.uring.IoUringIoHandler.handle(IoUringIoHandler.java:298)
	at io.netty.channel.uring.CompletionQueue.process(CompletionQueue.java:151)
	at io.netty.channel.uring.IoUringIoHandler.processCompletionsAndHandleOverflow(IoUringIoHandler.java:213)
	at io.netty.channel.uring.IoUringIoHandler.run(IoUringIoHandler.java:188)
	at io.netty.channel.SingleThreadIoEventLoop.runIo(SingleThreadIoEventLoop.java:225)
	at io.netty.channel.SingleThreadIoEventLoop.run(SingleThreadIoEventLoop.java:196)
	at io.netty.util.concurrent.SingleThreadEventExecutor$5.run(SingleThreadEventExecutor.java:1204)
	at io.netty.util.internal.ThreadExecutorMap$2.run(ThreadExecutorMap.java:74)
	at io.netty.util.concurrent.FastThreadLocalRunnable.run(FastThreadLocalRunnable.java:30)
	at java.base/java.lang.Thread.run(Thread.java:1583)
07:12:26.460 [multiThreadIoEventLoopGroup-3-3] WARN  io.netty.util.ReferenceCountUtil - Failed to release a message: UnpooledSlicedByteBuf(ridx: 0, widx: 221, cap: 221/221, unwrapped: CycleArenaAllocator$ArenaBuf(ridx: 0, widx: 8192, cap: 8192))
java.lang.IllegalStateException: arena buffer of Thread[#30,multiThreadIoEventLoopGroup-4-1,10,main] touched from Thread[#28,multiThreadIoEventLoopGroup-3-3,10,main] (event-loop arena buffers are thread confined)
	at io.netty.buffer.CycleArenaAllocator$ArenaBuf.violation(CycleArenaAllocator.java:1448)
	at io.netty.buffer.CycleArenaAllocator$ArenaBuf.release(CycleArenaAllocator.java:1377)
	at io.netty.buffer.AbstractDerivedByteBuf.release0(AbstractDerivedByteBuf.java:98)
	at io.netty.buffer.AbstractDerivedByteBuf.release(AbstractDerivedByteBuf.java:94)
	at io.netty.util.ReferenceCountUtil.release(ReferenceCountUtil.java:90)
	at io.netty.util.ReferenceCountUtil.safeRelease(ReferenceCountUtil.java:116)
	at io.netty.channel.ChannelOutboundBuffer.remove(ChannelOutboundBuffer.java:300)
	at io.netty.channel.ChannelOutboundBuffer.removeBytes(ChannelOutboundBuffer.java:382)
	at io.netty.channel.uring.AbstractIoUringStreamChannel$IoUringStreamUnsafe.writeComplete0(AbstractIoUringStreamChannel.java:692)
	at io.netty.channel.uring.IoUringSocketChannel$IoUringSocketUnsafe.writeComplete0(IoUringSocketChannel.java:188)
	at io.netty.channel.uring.AbstractIoUringChannel$AbstractUringUnsafe.writeComplete(AbstractIoUringChannel.java:1003)
	at io.netty.channel.uring.AbstractIoUringChannel$AbstractUringUnsafe.handle(AbstractIoUringChannel.java:474)
	at io.netty.channel.uring.IoUringIoHandler$DefaultIoUringIoRegistration.handle(IoUringIoHandler.java:705)
	at io.netty.channel.uring.IoUringIoHandler.handleFastPath(IoUringIoHandler.java:318)
	at io.netty.channel.uring.IoUringIoHandler.handle(IoUringIoHandler.java:298)
	at io.netty.channel.uring.CompletionQueue.process(CompletionQueue.java:151)
	at io.netty.channel.uring.IoUringIoHandler.processCompletionsAndHandleOverflow(IoUringIoHandler.java:213)
	at io.netty.channel.uring.IoUringIoHandler.run(IoUringIoHandler.java:188)
	at io.netty.channel.SingleThreadIoEventLoop.runIo(SingleThreadIoEventLoop.java:225)
	at io.netty.channel.SingleThreadIoEventLoop.run(SingleThreadIoEventLoop.java:196)
	at io.netty.util.concurrent.SingleThreadEventExecutor$5.run(SingleThreadEventExecutor.java:1204)
	at io.netty.util.internal.ThreadExecutorMap$2.run(ThreadExecutorMap.java:74)
	at io.netty.util.concurrent.FastThreadLocalRunnable.run(FastThreadLocalRunnable.java:30)
	at java.base/java.lang.Thread.run(Thread.java:1583)
07:12:26.460 [multiThreadIoEventLoopGroup-3-3] WARN  i.n.channel.uring.IoUringIoHandler - Unexpected exception in the IO event loop.
java.lang.IllegalStateException: arena buffer of Thread[#30,multiThreadIoEventLoopGroup-4-1,10,main] touched from Thread[#28,multiThreadIoEventLoopGroup-3-3,10,main] (event-loop arena buffers are thread confined)
	at io.netty.buffer.CycleArenaAllocator$ArenaBuf.violation(CycleArenaAllocator.java:1448)
	at io.netty.buffer.CycleArenaAllocator$ArenaBuf.retain(CycleArenaAllocator.java:1351)
	at io.netty.buffer.AbstractDerivedByteBuf.retain0(AbstractDerivedByteBuf.java:58)
	at io.netty.buffer.AbstractDerivedByteBuf.retain(AbstractDerivedByteBuf.java:54)
	at io.netty.channel.uring.IoUringSocketChannel$IoUringSocketUnsafe.handleWriteCompleteZeroCopy(IoUringSocketChannel.java:220)
	at io.netty.channel.uring.IoUringSocketChannel$IoUringSocketUnsafe.writeComplete0(IoUringSocketChannel.java:186)
	at io.netty.channel.uring.AbstractIoUringChannel$AbstractUringUnsafe.writeComplete(AbstractIoUringChannel.java:1003)
	at io.netty.channel.uring.AbstractIoUringChannel$AbstractUringUnsafe.handle(AbstractIoUringChannel.java:474)
	at io.netty.channel.uring.IoUringIoHandler$DefaultIoUringIoRegistration.handle(IoUringIoHandler.java:705)
	at io.netty.channel.uring.IoUringIoHandler.handleFastPath(IoUringIoHandler.java:318)
	at io.netty.channel.uring.IoUringIoHandler.handle(IoUringIoHandler.java:298)
	at io.netty.channel.uring.CompletionQueue.process(CompletionQueue.java:151)
	at io.netty.channel.uring.IoUringIoHandler.processCompletionsAndHandleOverflow(IoUringIoHandler.java:213)
	at io.netty.channel.uring.IoUringIoHandler.run(IoUringIoHandler.java:188)
	at io.netty.channel.SingleThreadIoEventLoop.runIo(SingleThreadIoEventLoop.java:225)
	at io.netty.channel.SingleThreadIoEventLoop.run(SingleThreadIoEventLoop.java:196)
	at io.netty.util.concurrent.SingleThreadEventExecutor$5.run(SingleThreadEventExecutor.java:1204)
	at io.netty.util.internal.ThreadExecutorMap$2.run(ThreadExecutorMap.java:74)
	at io.netty.util.concurrent.FastThreadLocalRunnable.run(FastThreadLocalRunnable.java:30)
	at java.base/java.lang.Thread.run(Thread.java:1583)
07:12:26.476 [multiThreadIoEventLoopGroup-3-4] WARN  io.netty.util.ReferenceCountUtil - Failed to release a message: UnpooledSlicedByteBuf(ridx: 0, widx: 243, cap: 243/243, unwrapped: CycleArenaAllocator$ArenaBuf(ridx: 0, widx: 8192, cap: 8192))
java.lang.IllegalStateException: arena buffer of Thread[#33,multiThreadIoEventLoopGroup-4-4,10,main] touched from Thread[#29,multiThreadIoEventLoopGroup-3-4,10,main] (event-loop arena buffers are thread confined)
	at io.netty.buffer.CycleArenaAllocator$ArenaBuf.violation(CycleArenaAllocator.java:1448)
	at io.netty.buffer.CycleArenaAllocator$ArenaBuf.release(CycleArenaAllocator.java:1377)
	at io.netty.buffer.AbstractDerivedByteBuf.release0(AbstractDerivedByteBuf.java:98)
	at io.netty.buffer.AbstractDerivedByteBuf.release(AbstractDerivedByteBuf.java:94)
	at io.netty.util.ReferenceCountUtil.release(ReferenceCountUtil.java:90)
	at io.netty.util.ReferenceCountUtil.safeRelease(ReferenceCountUtil.java:116)
	at io.netty.channel.ChannelOutboundBuffer.remove(ChannelOutboundBuffer.java:300)
	at io.netty.channel.ChannelOutboundBuffer.removeBytes(ChannelOutboundBuffer.java:382)
	at io.netty.channel.uring.AbstractIoUringStreamChannel$IoUringStreamUnsafe.writeComplete0(AbstractIoUringStreamChannel.java:692)
	at io.netty.channel.uring.IoUringSocketChannel$IoUringSocketUnsafe.writeComplete0(IoUringSocketChannel.java:188)
	at io.netty.channel.uring.AbstractIoUringChannel$AbstractUringUnsafe.writeComplete(AbstractIoUringChannel.java:1003)
	at io.netty.channel.uring.AbstractIoUringChannel$AbstractUringUnsafe.handle(AbstractIoUringChannel.java:474)
	at io.netty.channel.uring.IoUringIoHandler$DefaultIoUringIoRegistration.handle(IoUringIoHandler.java:705)
	at io.netty.channel.uring.IoUringIoHandler.handleFastPath(IoUringIoHandler.java:318)
	at io.netty.channel.uring.IoUringIoHandler.handle(IoUringIoHandler.java:298)
	at io.netty.channel.uring.CompletionQueue.process(CompletionQueue.java:151)
	at io.netty.channel.uring.IoUringIoHandler.processCompletionsAndHandleOverflow(IoUringIoHandler.java:213)
	at io.netty.channel.uring.IoUringIoHandler.run(IoUringIoHandler.java:188)
	at io.netty.channel.SingleThreadIoEventLoop.runIo(SingleThreadIoEventLoop.java:225)
	at io.netty.channel.SingleThreadIoEventLoop.run(SingleThreadIoEventLoop.java:196)
	at io.netty.util.concurrent.SingleThreadEventExecutor$5.run(SingleThreadEventExecutor.java:1204)
	at io.netty.util.internal.ThreadExecutorMap$2.run(ThreadExecutorMap.java:74)
	at io.netty.util.concurrent.FastThreadLocalRunnable.run(FastThreadLocalRunnable.java:30)
	at java.base/java.lang.Thread.run(Thread.java:1583)
07:12:26.476 [multiThreadIoEventLoopGroup-3-4] WARN  io.netty.util.ReferenceCountUtil - Failed to release a message: UnpooledSlicedByteBuf(ridx: 0, widx: 243, cap: 243/243, unwrapped: CycleArenaAllocator$ArenaBuf(ridx: 0, widx: 8192, cap: 8192))
java.lang.IllegalStateException: arena buffer of Thread[#33,multiThreadIoEventLoopGroup-4-4,10,main] touched from Thread[#29,multiThreadIoEventLoopGroup-3-4,10,main] (event-loop arena buffers are thread confined)
	at io.netty.buffer.CycleArenaAllocator$ArenaBuf.violation(CycleArenaAllocator.java:1448)
	at io.netty.buffer.CycleArenaAllocator$ArenaBuf.release(CycleArenaAllocator.java:1377)
	at io.netty.buffer.AbstractDerivedByteBuf.release0(AbstractDerivedByteBuf.java:98)
	at io.netty.buffer.AbstractDerivedByteBuf.release(AbstractDerivedByteBuf.java:94)
	at io.netty.util.ReferenceCountUtil.release(ReferenceCountUtil.java:90)
	at io.netty.util.ReferenceCountUtil.safeRelease(ReferenceCountUtil.java:116)
	at io.netty.channel.ChannelOutboundBuffer.remove(ChannelOutboundBuffer.java:300)
	at io.netty.channel.ChannelOutboundBuffer.removeBytes(ChannelOutboundBuffer.java:382)
	at io.netty.channel.uring.AbstractIoUringStreamChannel$IoUringStreamUnsafe.writeComplete0(AbstractIoUringStreamChannel.java:692)
	at io.netty.channel.uring.IoUringSocketChannel$IoUringSocketUnsafe.writeComplete0(IoUringSocketChannel.java:188)
	at io.netty.channel.uring.AbstractIoUringChannel$AbstractUringUnsafe.writeComplete(AbstractIoUringChannel.java:1003)
	at io.netty.channel.uring.AbstractIoUringChannel$AbstractUringUnsafe.handle(AbstractIoUringChannel.java:474)
	at io.netty.channel.uring.IoUringIoHandler$DefaultIoUringIoRegistration.handle(IoUringIoHandler.java:705)
	at io.netty.channel.uring.IoUringIoHandler.handleFastPath(IoUringIoHandler.java:318)
	at io.netty.channel.uring.IoUringIoHandler.handle(IoUringIoHandler.java:298)
	at io.netty.channel.uring.CompletionQueue.process(CompletionQueue.java:151)
	at io.netty.channel.uring.IoUringIoHandler.processCompletionsAndHandleOverflow(IoUringIoHandler.java:213)
	at io.netty.channel.uring.IoUringIoHandler.run(IoUringIoHandler.java:188)
	at io.netty.channel.SingleThreadIoEventLoop.runIo(SingleThreadIoEventLoop.java:225)
	at io.netty.channel.SingleThreadIoEventLoop.run(SingleThreadIoEventLoop.java:196)
	at io.netty.util.concurrent.SingleThreadEventExecutor$5.run(SingleThreadEventExecutor.java:1204)
	at io.netty.util.internal.ThreadExecutorMap$2.run(ThreadExecutorMap.java:74)
	at io.netty.util.concurrent.FastThreadLocalRunnable.run(FastThreadLocalRunnable.java:30)
	at java.base/java.lang.Thread.run(Thread.java:1583)
07:12:26.477 [multiThreadIoEventLoopGroup-3-4] WARN  i.n.channel.uring.IoUringIoHandler - Unexpected exception in the IO event loop.
java.lang.IllegalStateException: arena buffer of Thread[#33,multiThreadIoEventLoopGroup-4-4,10,main] touched from Thread[#29,multiThreadIoEventLoopGroup-3-4,10,main] (event-loop arena buffers are thread confined)
	at io.netty.buffer.CycleArenaAllocator$ArenaBuf.violation(CycleArenaAllocator.java:1448)
	at io.netty.buffer.CycleArenaAllocator$ArenaBuf.retain(CycleArenaAllocator.java:1351)
	at io.netty.buffer.AbstractDerivedByteBuf.retain0(AbstractDerivedByteBuf.java:58)
	at io.netty.buffer.AbstractDerivedByteBuf.retain(AbstractDerivedByteBuf.java:54)
	at io.netty.channel.uring.IoUringSocketChannel$IoUringSocketUnsafe.handleWriteCompleteZeroCopy(IoUringSocketChannel.java:220)
	at io.netty.channel.uring.IoUringSocketChannel$IoUringSocketUnsafe.writeComplete0(IoUringSocketChannel.java:186)
	at io.netty.channel.uring.AbstractIoUringChannel$AbstractUringUnsafe.writeComplete(AbstractIoUringChannel.java:1003)
	at io.netty.channel.uring.AbstractIoUringChannel$AbstractUringUnsafe.handle(AbstractIoUringChannel.java:474)
	at io.netty.channel.uring.IoUringIoHandler$DefaultIoUringIoRegistration.handle(IoUringIoHandler.java:705)
	at io.netty.channel.uring.IoUringIoHandler.handleFastPath(IoUringIoHandler.java:318)
	at io.netty.channel.uring.IoUringIoHandler.handle(IoUringIoHandler.java:298)
	at io.netty.channel.uring.CompletionQueue.process(CompletionQueue.java:151)
	at io.netty.channel.uring.IoUringIoHandler.processCompletionsAndHandleOverflow(IoUringIoHandler.java:213)
	at io.netty.channel.uring.IoUringIoHandler.run(IoUringIoHandler.java:188)
	at io.netty.channel.SingleThreadIoEventLoop.runIo(SingleThreadIoEventLoop.java:225)
	at io.netty.channel.SingleThreadIoEventLoop.run(SingleThreadIoEventLoop.java:196)
	at io.netty.util.concurrent.SingleThreadEventExecutor$5.run(SingleThreadEventExecutor.java:1204)
	at io.netty.util.internal.ThreadExecutorMap$2.run(ThreadExecutorMap.java:74)
	at io.netty.util.concurrent.FastThreadLocalRunnable.run(FastThreadLocalRunnable.java:30)
	at java.base/java.lang.Thread.run(Thread.java:1583)
07:12:26.476 [multiThreadIoEventLoopGroup-4-2] WARN  i.n.channel.uring.IoUringIoHandler - Unexpected exception in the IO event loop.
java.lang.IllegalStateException: arena buffer of Thread[#29,multiThreadIoEventLoopGroup-3-4,10,main] touched from Thread[#31,multiThreadIoEventLoopGroup-4-2,10,main] (event-loop arena buffers are thread confined)
	at io.netty.buffer.CycleArenaAllocator$ArenaBuf.violation(CycleArenaAllocator.java:1448)
	at io.netty.buffer.CycleArenaAllocator$ArenaBuf.retain(CycleArenaAllocator.java:1351)
	at io.netty.buffer.AbstractDerivedByteBuf.retain0(AbstractDerivedByteBuf.java:58)
	at io.netty.buffer.AbstractDerivedByteBuf.retain(AbstractDerivedByteBuf.java:54)
	at io.netty.channel.uring.IoUringSocketChannel$IoUringSocketUnsafe.handleWriteCompleteZeroCopy(IoUringSocketChannel.java:220)
	at io.netty.channel.uring.IoUringSocketChannel$IoUringSocketUnsafe.writeComplete0(IoUringSocketChannel.java:186)
	at io.netty.channel.uring.AbstractIoUringChannel$AbstractUringUnsafe.writeComplete(AbstractIoUringChannel.java:1003)
	at io.netty.channel.uring.AbstractIoUringChannel$AbstractUringUnsafe.handle(AbstractIoUringChannel.java:474)
	at io.netty.channel.uring.IoUringIoHandler$DefaultIoUringIoRegistration.handle(IoUringIoHandler.java:705)
	at io.netty.channel.uring.IoUringIoHandler.handleFastPath(IoUringIoHandler.java:318)
	at io.netty.channel.uring.IoUringIoHandler.handle(IoUringIoHandler.java:298)
	at io.netty.channel.uring.CompletionQueue.process(CompletionQueue.java:151)
	at io.netty.channel.uring.IoUringIoHandler.processCompletionsAndHandleOverflow(IoUringIoHandler.java:213)
	at io.netty.channel.uring.IoUringIoHandler.run(IoUringIoHandler.java:188)
	at io.netty.channel.SingleThreadIoEventLoop.runIo(SingleThreadIoEventLoop.java:225)
	at io.netty.channel.SingleThreadIoEventLoop.run(SingleThreadIoEventLoop.java:196)
	at io.netty.util.concurrent.SingleThreadEventExecutor$5.run(SingleThreadEventExecutor.java:1204)
	at io.netty.util.internal.ThreadExecutorMap$2.run(ThreadExecutorMap.java:74)
	at io.netty.util.concurrent.FastThreadLocalRunnable.run(FastThreadLocalRunnable.java:30)
	at java.base/java.lang.Thread.run(Thread.java:1583)
07:12:26.548 [multiThreadIoEventLoopGroup-3-2] WARN  i.n.channel.uring.IoUringIoHandler - Unexpected exception in the IO event loop.
java.lang.IllegalStateException: arena buffer of Thread[#31,multiThreadIoEventLoopGroup-4-2,10,main] touched from Thread[#27,multiThreadIoEventLoopGroup-3-2,10,main] (event-loop arena buffers are thread confined)
	at io.netty.buffer.CycleArenaAllocator$ArenaBuf.violation(CycleArenaAllocator.java:1448)
	at io.netty.buffer.CycleArenaAllocator$ArenaBuf.release(CycleArenaAllocator.java:1377)
	at io.netty.buffer.AbstractDerivedByteBuf.release0(AbstractDerivedByteBuf.java:98)
	at io.netty.buffer.AbstractDerivedByteBuf.release(AbstractDerivedByteBuf.java:94)
	at io.netty.channel.uring.IoUringSocketChannel$IoUringSocketUnsafe.handleWriteCompleteZeroCopy(IoUringSocketChannel.java:289)
	at io.netty.channel.uring.IoUringSocketChannel$IoUringSocketUnsafe.writeComplete0(IoUringSocketChannel.java:186)
	at io.netty.channel.uring.AbstractIoUringChannel$AbstractUringUnsafe.writeComplete(AbstractIoUringChannel.java:1003)
	at io.netty.channel.uring.AbstractIoUringChannel$AbstractUringUnsafe.handle(AbstractIoUringChannel.java:474)
	at io.netty.channel.uring.IoUringIoHandler$DefaultIoUringIoRegistration.handle(IoUringIoHandler.java:705)
	at io.netty.channel.uring.IoUringIoHandler.handleFastPath(IoUringIoHandler.java:318)
	at io.netty.channel.uring.IoUringIoHandler.handle(IoUringIoHandler.java:298)
	at io.netty.channel.uring.CompletionQueue.process(CompletionQueue.java:151)
	at io.netty.channel.uring.IoUringIoHandler.processCompletionsAndHandleOverflow(IoUringIoHandler.java:213)
	at io.netty.channel.uring.IoUringIoHandler.run(IoUringIoHandler.java:188)
	at io.netty.channel.SingleThreadIoEventLoop.runIo(SingleThreadIoEventLoop.java:225)
	at io.netty.channel.SingleThreadIoEventLoop.run(SingleThreadIoEventLoop.java:196)
	at io.netty.util.concurrent.SingleThreadEventExecutor$5.run(SingleThreadEventExecutor.java:1204)
	at io.netty.util.internal.ThreadExecutorMap$2.run(ThreadExecutorMap.java:74)
	at io.netty.util.concurrent.FastThreadLocalRunnable.run(FastThreadLocalRunnable.java:30)
	at java.base/java.lang.Thread.run(Thread.java:1583)
07:12:26.551 [multiThreadIoEventLoopGroup-3-1] WARN  i.n.channel.uring.IoUringIoHandler - Unexpected exception in the IO event loop.
java.lang.IllegalStateException: arena buffer of Thread[#31,multiThreadIoEventLoopGroup-4-2,10,main] touched from Thread[#26,multiThreadIoEventLoopGroup-3-1,10,main] (event-loop arena buffers are thread confined)
	at io.netty.buffer.CycleArenaAllocator$ArenaBuf.violation(CycleArenaAllocator.java:1448)
	at io.netty.buffer.CycleArenaAllocator$ArenaBuf.release(CycleArenaAllocator.java:1377)
	at io.netty.buffer.AbstractDerivedByteBuf.release0(AbstractDerivedByteBuf.java:98)
	at io.netty.buffer.AbstractDerivedByteBuf.release(AbstractDerivedByteBuf.java:94)
	at io.netty.channel.uring.IoUringSocketChannel$IoUringSocketUnsafe.handleWriteCompleteZeroCopy(IoUringSocketChannel.java:289)
	at io.netty.channel.uring.IoUringSocketChannel$IoUringSocketUnsafe.writeComplete0(IoUringSocketChannel.java:186)
	at io.netty.channel.uring.AbstractIoUringChannel$AbstractUringUnsafe.writeComplete(AbstractIoUringChannel.java:1003)
	at io.netty.channel.uring.AbstractIoUringChannel$AbstractUringUnsafe.handle(AbstractIoUringChannel.java:474)
	at io.netty.channel.uring.IoUringIoHandler$DefaultIoUringIoRegistration.handle(IoUringIoHandler.java:705)
	at io.netty.channel.uring.IoUringIoHandler.handleFastPath(IoUringIoHandler.java:318)
	at io.netty.channel.uring.IoUringIoHandler.handle(IoUringIoHandler.java:298)
	at io.netty.channel.uring.CompletionQueue.process(CompletionQueue.java:151)
	at io.netty.channel.uring.IoUringIoHandler.processCompletionsAndHandleOverflow(IoUringIoHandler.java:213)
	at io.netty.channel.uring.IoUringIoHandler.run(IoUringIoHandler.java:188)
	at io.netty.channel.SingleThreadIoEventLoop.runIo(SingleThreadIoEventLoop.java:225)
	at io.netty.channel.SingleThreadIoEventLoop.run(SingleThreadIoEventLoop.java:196)
	at io.netty.util.concurrent.SingleThreadEventExecutor$5.run(SingleThreadEventExecutor.java:1204)
	at io.netty.util.internal.ThreadExecutorMap$2.run(ThreadExecutorMap.java:74)
	at io.netty.util.concurrent.FastThreadLocalRunnable.run(FastThreadLocalRunnable.java:30)
	at java.base/java.lang.Thread.run(Thread.java:1583)
07:12:26.552 [multiThreadIoEventLoopGroup-4-3] WARN  i.n.channel.uring.IoUringIoHandler - Unexpected exception in the IO event loop.
java.lang.IllegalStateException: arena buffer of Thread[#29,multiThreadIoEventLoopGroup-3-4,10,main] touched from Thread[#32,multiThreadIoEventLoopGroup-4-3,10,main] (event-loop arena buffers are thread confined)
	at io.netty.buffer.CycleArenaAllocator$ArenaBuf.violation(CycleArenaAllocator.java:1448)
	at io.netty.buffer.CycleArenaAllocator$ArenaBuf.release(CycleArenaAllocator.java:1377)
	at io.netty.buffer.AbstractDerivedByteBuf.release0(AbstractDerivedByteBuf.java:98)
	at io.netty.buffer.AbstractDerivedByteBuf.release(AbstractDerivedByteBuf.java:94)
	at io.netty.channel.uring.IoUringSocketChannel$IoUringSocketUnsafe.handleWriteCompleteZeroCopy(IoUringSocketChannel.java:289)
	at io.netty.channel.uring.IoUringSocketChannel$IoUringSocketUnsafe.writeComplete0(IoUringSocketChannel.java:186)
	at io.netty.channel.uring.AbstractIoUringChannel$AbstractUringUnsafe.writeComplete(AbstractIoUringChannel.java:1003)
	at io.netty.channel.uring.AbstractIoUringChannel$AbstractUringUnsafe.handle(AbstractIoUringChannel.java:474)
	at io.netty.channel.uring.IoUringIoHandler$DefaultIoUringIoRegistration.handle(IoUringIoHandler.java:705)
	at io.netty.channel.uring.IoUringIoHandler.handleFastPath(IoUringIoHandler.java:318)
	at io.netty.channel.uring.IoUringIoHandler.handle(IoUringIoHandler.java:298)
	at io.netty.channel.uring.CompletionQueue.process(CompletionQueue.java:151)
	at io.netty.channel.uring.IoUringIoHandler.processCompletionsAndHandleOverflow(IoUringIoHandler.java:213)
	at io.netty.channel.uring.IoUringIoHandler.run(IoUringIoHandler.java:188)
	at io.netty.channel.SingleThreadIoEventLoop.runIo(SingleThreadIoEventLoop.java:225)
	at io.netty.channel.SingleThreadIoEventLoop.run(SingleThreadIoEventLoop.java:196)
	at io.netty.util.concurrent.SingleThreadEventExecutor$5.run(SingleThreadEventExecutor.java:1204)
	at io.netty.util.internal.ThreadExecutorMap$2.run(ThreadExecutorMap.java:74)
	at io.netty.util.concurrent.FastThreadLocalRunnable.run(FastThreadLocalRunnable.java:30)
	at java.base/java.lang.Thread.run(Thread.java:1583)
07:12:26.560 [multiThreadIoEventLoopGroup-3-3] WARN  i.n.channel.uring.IoUringIoHandler - Unexpected exception in the IO event loop.
java.lang.IllegalStateException: arena buffer of Thread[#30,multiThreadIoEventLoopGroup-4-1,10,main] touched from Thread[#28,multiThreadIoEventLoopGroup-3-3,10,main] (event-loop arena buffers are thread confined)
	at io.netty.buffer.CycleArenaAllocator$ArenaBuf.violation(CycleArenaAllocator.java:1448)
	at io.netty.buffer.CycleArenaAllocator$ArenaBuf.release(CycleArenaAllocator.java:1377)
	at io.netty.buffer.AbstractDerivedByteBuf.release0(AbstractDerivedByteBuf.java:98)
	at io.netty.buffer.AbstractDerivedByteBuf.release(AbstractDerivedByteBuf.java:94)
	at io.netty.channel.uring.IoUringSocketChannel$IoUringSocketUnsafe.handleWriteCompleteZeroCopy(IoUringSocketChannel.java:289)
	at io.netty.channel.uring.IoUringSocketChannel$IoUringSocketUnsafe.writeComplete0(IoUringSocketChannel.java:186)
	at io.netty.channel.uring.AbstractIoUringChannel$AbstractUringUnsafe.writeComplete(AbstractIoUringChannel.java:1003)
	at io.netty.channel.uring.AbstractIoUringChannel$AbstractUringUnsafe.handle(AbstractIoUringChannel.java:474)
	at io.netty.channel.uring.IoUringIoHandler$DefaultIoUringIoRegistration.handle(IoUringIoHandler.java:705)
	at io.netty.channel.uring.IoUringIoHandler.handleFastPath(IoUringIoHandler.java:318)
	at io.netty.channel.uring.IoUringIoHandler.handle(IoUringIoHandler.java:298)
	at io.netty.channel.uring.CompletionQueue.process(CompletionQueue.java:151)
	at io.netty.channel.uring.IoUringIoHandler.processCompletionsAndHandleOverflow(IoUringIoHandler.java:213)
	at io.netty.channel.uring.IoUringIoHandler.run(IoUringIoHandler.java:188)
	at io.netty.channel.SingleThreadIoEventLoop.runIo(SingleThreadIoEventLoop.java:225)
	at io.netty.channel.SingleThreadIoEventLoop.run(SingleThreadIoEventLoop.java:196)
	at io.netty.util.concurrent.SingleThreadEventExecutor$5.run(SingleThreadEventExecutor.java:1204)
	at io.netty.util.internal.ThreadExecutorMap$2.run(ThreadExecutorMap.java:74)
	at io.netty.util.concurrent.FastThreadLocalRunnable.run(FastThreadLocalRunnable.java:30)
	at java.base/java.lang.Thread.run(Thread.java:1583)
07:12:26.577 [multiThreadIoEventLoopGroup-3-4] WARN  io.netty.util.ReferenceCountUtil - Failed to release a message: UnpooledSlicedByteBuf(ridx: 0, widx: 3666, cap: 3666/3666, unwrapped: CycleArenaAllocator$ArenaBuf(ridx: 0, widx: 8192, cap: 8192))
java.lang.IllegalStateException: arena buffer of Thread[#33,multiThreadIoEventLoopGroup-4-4,10,main] touched from Thread[#29,multiThreadIoEventLoopGroup-3-4,10,main] (event-loop arena buffers are thread confined)
	at io.netty.buffer.CycleArenaAllocator$ArenaBuf.violation(CycleArenaAllocator.java:1448)
	at io.netty.buffer.CycleArenaAllocator$ArenaBuf.release(CycleArenaAllocator.java:1377)
	at io.netty.buffer.AbstractDerivedByteBuf.release0(AbstractDerivedByteBuf.java:98)
	at io.netty.buffer.AbstractDerivedByteBuf.release(AbstractDerivedByteBuf.java:94)
	at io.netty.util.ReferenceCountUtil.release(ReferenceCountUtil.java:90)
	at io.netty.util.ReferenceCountUtil.safeRelease(ReferenceCountUtil.java:116)
	at io.netty.channel.ChannelOutboundBuffer.remove(ChannelOutboundBuffer.java:300)
	at io.netty.channel.ChannelOutboundBuffer.removeBytes(ChannelOutboundBuffer.java:382)
	at io.netty.channel.uring.AbstractIoUringStreamChannel$IoUringStreamUnsafe.writeComplete0(AbstractIoUringStreamChannel.java:692)
	at io.netty.channel.uring.IoUringSocketChannel$IoUringSocketUnsafe.writeComplete0(IoUringSocketChannel.java:188)
	at io.netty.channel.uring.AbstractIoUringChannel$AbstractUringUnsafe.writeComplete(AbstractIoUringChannel.java:1003)
	at io.netty.channel.uring.AbstractIoUringChannel$AbstractUringUnsafe.handle(AbstractIoUringChannel.java:474)
	at io.netty.channel.uring.IoUringIoHandler$DefaultIoUringIoRegistration.handle(IoUringIoHandler.java:705)
	at io.netty.channel.uring.IoUringIoHandler.handleFastPath(IoUringIoHandler.java:318)
	at io.netty.channel.uring.IoUringIoHandler.handle(IoUringIoHandler.java:298)
	at io.netty.channel.uring.CompletionQueue.process(CompletionQueue.java:151)
	at io.netty.channel.uring.IoUringIoHandler.processCompletionsAndHandleOverflow(IoUringIoHandler.java:213)
	at io.netty.channel.uring.IoUringIoHandler.run(IoUringIoHandler.java:188)
	at io.netty.channel.SingleThreadIoEventLoop.runIo(SingleThreadIoEventLoop.java:225)
	at io.netty.channel.SingleThreadIoEventLoop.run(SingleThreadIoEventLoop.java:196)
	at io.netty.util.concurrent.SingleThreadEventExecutor$5.run(SingleThreadEventExecutor.java:1204)
	at io.netty.util.internal.ThreadExecutorMap$2.run(ThreadExecutorMap.java:74)
	at io.netty.util.concurrent.FastThreadLocalRunnable.run(FastThreadLocalRunnable.java:30)
	at java.base/java.lang.Thread.run(Thread.java:1583)
07:12:26.577 [multiThreadIoEventLoopGroup-3-4] WARN  io.netty.util.ReferenceCountUtil - Failed to release a message: UnpooledSlicedByteBuf(ridx: 0, widx: 628, cap: 628/628, unwrapped: CycleArenaAllocator$ArenaBuf(ridx: 0, widx: 628, cap: 8192))
java.lang.IllegalStateException: arena buffer of Thread[#33,multiThreadIoEventLoopGroup-4-4,10,main] touched from Thread[#29,multiThreadIoEventLoopGroup-3-4,10,main] (event-loop arena buffers are thread confined)
	at io.netty.buffer.CycleArenaAllocator$ArenaBuf.violation(CycleArenaAllocator.java:1448)
	at io.netty.buffer.CycleArenaAllocator$ArenaBuf.release(CycleArenaAllocator.java:1377)
	at io.netty.buffer.AbstractDerivedByteBuf.release0(AbstractDerivedByteBuf.java:98)
	at io.netty.buffer.AbstractDerivedByteBuf.release(AbstractDerivedByteBuf.java:94)
	at io.netty.util.ReferenceCountUtil.release(ReferenceCountUtil.java:90)
	at io.netty.util.ReferenceCountUtil.safeRelease(ReferenceCountUtil.java:116)
	at io.netty.channel.ChannelOutboundBuffer.remove(ChannelOutboundBuffer.java:300)
	at io.netty.channel.ChannelOutboundBuffer.removeBytes(ChannelOutboundBuffer.java:382)
	at io.netty.channel.uring.AbstractIoUringStreamChannel$IoUringStreamUnsafe.writeComplete0(AbstractIoUringStreamChannel.java:692)
	at io.netty.channel.uring.IoUringSocketChannel$IoUringSocketUnsafe.writeComplete0(IoUringSocketChannel.java:188)
	at io.netty.channel.uring.AbstractIoUringChannel$AbstractUringUnsafe.writeComplete(AbstractIoUringChannel.java:1003)
	at io.netty.channel.uring.AbstractIoUringChannel$AbstractUringUnsafe.handle(AbstractIoUringChannel.java:474)
	at io.netty.channel.uring.IoUringIoHandler$DefaultIoUringIoRegistration.handle(IoUringIoHandler.java:705)
	at io.netty.channel.uring.IoUringIoHandler.handleFastPath(IoUringIoHandler.java:318)
	at io.netty.channel.uring.IoUringIoHandler.handle(IoUringIoHandler.java:298)
	at io.netty.channel.uring.CompletionQueue.process(CompletionQueue.java:151)
	at io.netty.channel.uring.IoUringIoHandler.processCompletionsAndHandleOverflow(IoUringIoHandler.java:213)
	at io.netty.channel.uring.IoUringIoHandler.run(IoUringIoHandler.java:188)
	at io.netty.channel.SingleThreadIoEventLoop.runIo(SingleThreadIoEventLoop.java:225)
	at io.netty.channel.SingleThreadIoEventLoop.run(SingleThreadIoEventLoop.java:196)
	at io.netty.util.concurrent.SingleThreadEventExecutor$5.run(SingleThreadEventExecutor.java:1204)
	at io.netty.util.internal.ThreadExecutorMap$2.run(ThreadExecutorMap.java:74)
	at io.netty.util.concurrent.FastThreadLocalRunnable.run(FastThreadLocalRunnable.java:30)
	at java.base/java.lang.Thread.run(Thread.java:1583)
07:12:26.577 [multiThreadIoEventLoopGroup-3-4] WARN  i.n.channel.uring.IoUringIoHandler - Unexpected exception in the IO event loop.
java.lang.IllegalStateException: arena buffer of Thread[#33,multiThreadIoEventLoopGroup-4-4,10,main] touched from Thread[#29,multiThreadIoEventLoopGroup-3-4,10,main] (event-loop arena buffers are thread confined)
	at io.netty.buffer.CycleArenaAllocator$ArenaBuf.violation(CycleArenaAllocator.java:1448)
	at io.netty.buffer.CycleArenaAllocator$ArenaBuf.release(CycleArenaAllocator.java:1377)
	at io.netty.buffer.AbstractDerivedByteBuf.release0(AbstractDerivedByteBuf.java:98)
	at io.netty.buffer.AbstractDerivedByteBuf.release(AbstractDerivedByteBuf.java:94)
	at io.netty.channel.uring.IoUringSocketChannel$IoUringSocketUnsafe.handleWriteCompleteZeroCopy(IoUringSocketChannel.java:289)
	at io.netty.channel.uring.IoUringSocketChannel$IoUringSocketUnsafe.writeComplete0(IoUringSocketChannel.java:186)
	at io.netty.channel.uring.AbstractIoUringChannel$AbstractUringUnsafe.writeComplete(AbstractIoUringChannel.java:1003)
	at io.netty.channel.uring.AbstractIoUringChannel$AbstractUringUnsafe.handle(AbstractIoUringChannel.java:474)
	at io.netty.channel.uring.IoUringIoHandler$DefaultIoUringIoRegistration.handle(IoUringIoHandler.java:705)
	at io.netty.channel.uring.IoUringIoHandler.handleFastPath(IoUringIoHandler.java:318)
	at io.netty.channel.uring.IoUringIoHandler.handle(IoUringIoHandler.java:298)
	at io.netty.channel.uring.CompletionQueue.process(CompletionQueue.java:151)
	at io.netty.channel.uring.IoUringIoHandler.processCompletionsAndHandleOverflow(IoUringIoHandler.java:213)
	at io.netty.channel.uring.IoUringIoHandler.run(IoUringIoHandler.java:188)
	at io.netty.channel.SingleThreadIoEventLoop.runIo(SingleThreadIoEventLoop.java:225)
	at io.netty.channel.SingleThreadIoEventLoop.run(SingleThreadIoEventLoop.java:196)
	at io.netty.util.concurrent.SingleThreadEventExecutor$5.run(SingleThreadEventExecutor.java:1204)
	at io.netty.util.internal.ThreadExecutorMap$2.run(ThreadExecutorMap.java:74)
	at io.netty.util.concurrent.FastThreadLocalRunnable.run(FastThreadLocalRunnable.java:30)
	at java.base/java.lang.Thread.run(Thread.java:1583)
07:12:26.580 [multiThreadIoEventLoopGroup-4-2] WARN  i.n.channel.uring.IoUringIoHandler - Unexpected exception in the IO event loop.
java.lang.IllegalStateException: arena buffer of Thread[#29,multiThreadIoEventLoopGroup-3-4,10,main] touched from Thread[#31,multiThreadIoEventLoopGroup-4-2,10,main] (event-loop arena buffers are thread confined)
	at io.netty.buffer.CycleArenaAllocator$ArenaBuf.violation(CycleArenaAllocator.java:1448)
	at io.netty.buffer.CycleArenaAllocator$ArenaBuf.release(CycleArenaAllocator.java:1377)
	at io.netty.buffer.AbstractDerivedByteBuf.release0(AbstractDerivedByteBuf.java:98)
	at io.netty.buffer.AbstractDerivedByteBuf.release(AbstractDerivedByteBuf.java:94)
	at io.netty.channel.uring.IoUringSocketChannel$IoUringSocketUnsafe.handleWriteCompleteZeroCopy(IoUringSocketChannel.java:289)
	at io.netty.channel.uring.IoUringSocketChannel$IoUringSocketUnsafe.writeComplete0(IoUringSocketChannel.java:186)
	at io.netty.channel.uring.AbstractIoUringChannel$AbstractUringUnsafe.writeComplete(AbstractIoUringChannel.java:1003)
	at io.netty.channel.uring.AbstractIoUringChannel$AbstractUringUnsafe.handle(AbstractIoUringChannel.java:474)
	at io.netty.channel.uring.IoUringIoHandler$DefaultIoUringIoRegistration.handle(IoUringIoHandler.java:705)
	at io.netty.channel.uring.IoUringIoHandler.handleFastPath(IoUringIoHandler.java:318)
	at io.netty.channel.uring.IoUringIoHandler.handle(IoUringIoHandler.java:298)
	at io.netty.channel.uring.CompletionQueue.process(CompletionQueue.java:151)
	at io.netty.channel.uring.IoUringIoHandler.processCompletionsAndHandleOverflow(IoUringIoHandler.java:213)
	at io.netty.channel.uring.IoUringIoHandler.run(IoUringIoHandler.java:188)
	at io.netty.channel.SingleThreadIoEventLoop.runIo(SingleThreadIoEventLoop.java:225)
	at io.netty.channel.SingleThreadIoEventLoop.run(SingleThreadIoEventLoop.java:196)
	at io.netty.util.concurrent.SingleThreadEventExecutor$5.run(SingleThreadEventExecutor.java:1204)
	at io.netty.util.internal.ThreadExecutorMap$2.run(ThreadExecutorMap.java:74)
	at io.netty.util.concurrent.FastThreadLocalRunnable.run(FastThreadLocalRunnable.java:30)
	at java.base/java.lang.Thread.run(Thread.java:1583)
07:12:26.651 [multiThreadIoEventLoopGroup-3-2] WARN  i.n.channel.uring.IoUringIoHandler - Unexpected exception in the IO event loop.
java.lang.IllegalStateException: arena buffer of Thread[#30,multiThreadIoEventLoopGroup-4-1,10,main] touched from Thread[#27,multiThreadIoEventLoopGroup-3-2,10,main] (event-loop arena buffers are thread confined)
	at io.netty.buffer.CycleArenaAllocator$ArenaBuf.violation(CycleArenaAllocator.java:1448)
	at io.netty.buffer.CycleArenaAllocator$ArenaBuf.release(CycleArenaAllocator.java:1377)
	at io.netty.buffer.AbstractDerivedByteBuf.release0(AbstractDerivedByteBuf.java:98)
	at io.netty.buffer.AbstractDerivedByteBuf.release(AbstractDerivedByteBuf.java:94)
	at io.netty.channel.uring.IoUringSocketChannel$IoUringSocketUnsafe.handleWriteCompleteZeroCopy(IoUringSocketChannel.java:289)
	at io.netty.channel.uring.IoUringSocketChannel$IoUringSocketUnsafe.writeComplete0(IoUringSocketChannel.java:186)
	at io.netty.channel.uring.AbstractIoUringChannel$AbstractUringUnsafe.writeComplete(AbstractIoUringChannel.java:1003)
	at io.netty.channel.uring.AbstractIoUringChannel$AbstractUringUnsafe.handle(AbstractIoUringChannel.java:474)
	at io.netty.channel.uring.IoUringIoHandler$DefaultIoUringIoRegistration.handle(IoUringIoHandler.java:705)
	at io.netty.channel.uring.IoUringIoHandler.handleFastPath(IoUringIoHandler.java:318)
	at io.netty.channel.uring.IoUringIoHandler.handle(IoUringIoHandler.java:298)
	at io.netty.channel.uring.CompletionQueue.process(CompletionQueue.java:151)
	at io.netty.channel.uring.IoUringIoHandler.processCompletionsAndHandleOverflow(IoUringIoHandler.java:213)
	at io.netty.channel.uring.IoUringIoHandler.run(IoUringIoHandler.java:188)
	at io.netty.channel.SingleThreadIoEventLoop.runIo(SingleThreadIoEventLoop.java:225)
	at io.netty.channel.SingleThreadIoEventLoop.run(SingleThreadIoEventLoop.java:196)
	at io.netty.util.concurrent.SingleThreadEventExecutor$5.run(SingleThreadEventExecutor.java:1204)
	at io.netty.util.internal.ThreadExecutorMap$2.run(ThreadExecutorMap.java:74)
	at io.netty.util.concurrent.FastThreadLocalRunnable.run(FastThreadLocalRunnable.java:30)
	at java.base/java.lang.Thread.run(Thread.java:1583)
07:12:26.651 [multiThreadIoEventLoopGroup-3-1] WARN  io.netty.util.ReferenceCountUtil - Failed to release a message: UnpooledSlicedByteBuf(ridx: 0, widx: 1924, cap: 1924/1924, unwrapped: CycleArenaAllocator$ArenaBuf(ridx: 0, widx: 8192, cap: 8192))
java.lang.IllegalStateException: arena buffer of Thread[#30,multiThreadIoEventLoopGroup-4-1,10,main] touched from Thread[#26,multiThreadIoEventLoopGroup-3-1,10,main] (event-loop arena buffers are thread confined)
	at io.netty.buffer.CycleArenaAllocator$ArenaBuf.violation(CycleArenaAllocator.java:1448)
	at io.netty.buffer.CycleArenaAllocator$ArenaBuf.release(CycleArenaAllocator.java:1377)
	at io.netty.buffer.AbstractDerivedByteBuf.release0(AbstractDerivedByteBuf.java:98)
	at io.netty.buffer.AbstractDerivedByteBuf.release(AbstractDerivedByteBuf.java:94)
	at io.netty.util.ReferenceCountUtil.release(ReferenceCountUtil.java:90)
	at io.netty.util.ReferenceCountUtil.safeRelease(ReferenceCountUtil.java:116)
	at io.netty.channel.ChannelOutboundBuffer.remove(ChannelOutboundBuffer.java:300)
	at io.netty.channel.ChannelOutboundBuffer.removeBytes(ChannelOutboundBuffer.java:382)
	at io.netty.channel.uring.AbstractIoUringStreamChannel$IoUringStreamUnsafe.writeComplete0(AbstractIoUringStreamChannel.java:692)
	at io.netty.channel.uring.IoUringSocketChannel$IoUringSocketUnsafe.writeComplete0(IoUringSocketChannel.java:188)
	at io.netty.channel.uring.AbstractIoUringChannel$AbstractUringUnsafe.writeComplete(AbstractIoUringChannel.java:1003)
	at io.netty.channel.uring.AbstractIoUringChannel$AbstractUringUnsafe.handle(AbstractIoUringChannel.java:474)
	at io.netty.channel.uring.IoUringIoHandler$DefaultIoUringIoRegistration.handle(IoUringIoHandler.java:705)
	at io.netty.channel.uring.IoUringIoHandler.handleFastPath(IoUringIoHandler.java:318)
	at io.netty.channel.uring.IoUringIoHandler.handle(IoUringIoHandler.java:298)
	at io.netty.channel.uring.CompletionQueue.process(CompletionQueue.java:151)
	at io.netty.channel.uring.IoUringIoHandler.processCompletionsAndHandleOverflow(IoUringIoHandler.java:213)
	at io.netty.channel.uring.IoUringIoHandler.run(IoUringIoHandler.java:188)
	at io.netty.channel.SingleThreadIoEventLoop.runIo(SingleThreadIoEventLoop.java:225)
	at io.netty.channel.SingleThreadIoEventLoop.run(SingleThreadIoEventLoop.java:196)
	at io.netty.util.concurrent.SingleThreadEventExecutor$5.run(SingleThreadEventExecutor.java:1204)
	at io.netty.util.internal.ThreadExecutorMap$2.run(ThreadExecutorMap.java:74)
	at io.netty.util.concurrent.FastThreadLocalRunnable.run(FastThreadLocalRunnable.java:30)
	at java.base/java.lang.Thread.run(Thread.java:1583)
07:12:26.652 [multiThreadIoEventLoopGroup-3-1] WARN  i.n.channel.uring.IoUringIoHandler - Unexpected exception in the IO event loop.
java.lang.IllegalStateException: arena buffer of Thread[#30,multiThreadIoEventLoopGroup-4-1,10,main] touched from Thread[#26,multiThreadIoEventLoopGroup-3-1,10,main] (event-loop arena buffers are thread confined)
	at io.netty.buffer.CycleArenaAllocator$ArenaBuf.violation(CycleArenaAllocator.java:1448)
	at io.netty.buffer.CycleArenaAllocator$ArenaBuf.retain(CycleArenaAllocator.java:1351)
	at io.netty.buffer.AbstractDerivedByteBuf.retain0(AbstractDerivedByteBuf.java:58)
	at io.netty.buffer.AbstractDerivedByteBuf.retain(AbstractDerivedByteBuf.java:54)
	at io.netty.channel.uring.IoUringSocketChannel$IoUringSocketUnsafe.handleWriteCompleteZeroCopy(IoUringSocketChannel.java:220)
	at io.netty.channel.uring.IoUringSocketChannel$IoUringSocketUnsafe.writeComplete0(IoUringSocketChannel.java:186)
	at io.netty.channel.uring.AbstractIoUringChannel$AbstractUringUnsafe.writeComplete(AbstractIoUringChannel.java:1003)
	at io.netty.channel.uring.AbstractIoUringChannel$AbstractUringUnsafe.handle(AbstractIoUringChannel.java:474)
	at io.netty.channel.uring.IoUringIoHandler$DefaultIoUringIoRegistration.handle(IoUringIoHandler.java:705)
	at io.netty.channel.uring.IoUringIoHandler.handleFastPath(IoUringIoHandler.java:318)
	at io.netty.channel.uring.IoUringIoHandler.handle(IoUringIoHandler.java:298)
	at io.netty.channel.uring.CompletionQueue.process(CompletionQueue.java:151)
	at io.netty.channel.uring.IoUringIoHandler.processCompletionsAndHandleOverflow(IoUringIoHandler.java:213)
	at io.netty.channel.uring.IoUringIoHandler.run(IoUringIoHandler.java:188)
	at io.netty.channel.SingleThreadIoEventLoop.runIo(SingleThreadIoEventLoop.java:225)
	at io.netty.channel.SingleThreadIoEventLoop.run(SingleThreadIoEventLoop.java:196)
	at io.netty.util.concurrent.SingleThreadEventExecutor$5.run(SingleThreadEventExecutor.java:1204)
	at io.netty.util.internal.ThreadExecutorMap$2.run(ThreadExecutorMap.java:74)
	at io.netty.util.concurrent.FastThreadLocalRunnable.run(FastThreadLocalRunnable.java:30)
	at java.base/java.lang.Thread.run(Thread.java:1583)
07:12:26.652 [multiThreadIoEventLoopGroup-4-3] WARN  io.netty.util.ReferenceCountUtil - Failed to release a message: UnpooledSlicedByteBuf(ridx: 0, widx: 1819, cap: 1819/1819, unwrapped: CycleArenaAllocator$ArenaBuf(ridx: 0, widx: 8192, cap: 8192))
java.lang.IllegalStateException: arena buffer of Thread[#28,multiThreadIoEventLoopGroup-3-3,10,main] touched from Thread[#32,multiThreadIoEventLoopGroup-4-3,10,main] (event-loop arena buffers are thread confined)
	at io.netty.buffer.CycleArenaAllocator$ArenaBuf.violation(CycleArenaAllocator.java:1448)
	at io.netty.buffer.CycleArenaAllocator$ArenaBuf.release(CycleArenaAllocator.java:1377)
	at io.netty.buffer.AbstractDerivedByteBuf.release0(AbstractDerivedByteBuf.java:98)
	at io.netty.buffer.AbstractDerivedByteBuf.release(AbstractDerivedByteBuf.java:94)
	at io.netty.util.ReferenceCountUtil.release(ReferenceCountUtil.java:90)
	at io.netty.util.ReferenceCountUtil.safeRelease(ReferenceCountUtil.java:116)
	at io.netty.channel.ChannelOutboundBuffer.remove(ChannelOutboundBuffer.java:300)
	at io.netty.channel.ChannelOutboundBuffer.removeBytes(ChannelOutboundBuffer.java:382)
	at io.netty.channel.uring.AbstractIoUringStreamChannel$IoUringStreamUnsafe.writeComplete0(AbstractIoUringStreamChannel.java:692)
	at io.netty.channel.uring.IoUringSocketChannel$IoUringSocketUnsafe.writeComplete0(IoUringSocketChannel.java:188)
	at io.netty.channel.uring.AbstractIoUringChannel$AbstractUringUnsafe.writeComplete(AbstractIoUringChannel.java:1003)
	at io.netty.channel.uring.AbstractIoUringChannel$AbstractUringUnsafe.handle(AbstractIoUringChannel.java:474)
	at io.netty.channel.uring.IoUringIoHandler$DefaultIoUringIoRegistration.handle(IoUringIoHandler.java:705)
	at io.netty.channel.uring.IoUringIoHandler.handleFastPath(IoUringIoHandler.java:318)
	at io.netty.channel.uring.IoUringIoHandler.handle(IoUringIoHandler.java:298)
	at io.netty.channel.uring.CompletionQueue.process(CompletionQueue.java:151)
	at io.netty.channel.uring.IoUringIoHandler.processCompletionsAndHandleOverflow(IoUringIoHandler.java:213)
	at io.netty.channel.uring.IoUringIoHandler.run(IoUringIoHandler.java:188)
	at io.netty.channel.SingleThreadIoEventLoop.runIo(SingleThreadIoEventLoop.java:225)
	at io.netty.channel.SingleThreadIoEventLoop.run(SingleThreadIoEventLoop.java:196)
	at io.netty.util.concurrent.SingleThreadEventExecutor$5.run(SingleThreadEventExecutor.java:1204)
	at io.netty.util.internal.ThreadExecutorMap$2.run(ThreadExecutorMap.java:74)
	at io.netty.util.concurrent.FastThreadLocalRunnable.run(FastThreadLocalRunnable.java:30)
	at java.base/java.lang.Thread.run(Thread.java:1583)
07:12:26.652 [multiThreadIoEventLoopGroup-4-3] WARN  i.n.channel.uring.IoUringIoHandler - Unexpected exception in the IO event loop.
java.lang.IllegalStateException: arena buffer of Thread[#27,multiThreadIoEventLoopGroup-3-2,10,main] touched from Thread[#32,multiThreadIoEventLoopGroup-4-3,10,main] (event-loop arena buffers are thread confined)
	at io.netty.buffer.CycleArenaAllocator$ArenaBuf.violation(CycleArenaAllocator.java:1448)
	at io.netty.buffer.CycleArenaAllocator$ArenaBuf.retain(CycleArenaAllocator.java:1351)
	at io.netty.buffer.AbstractDerivedByteBuf.retain0(AbstractDerivedByteBuf.java:58)
	at io.netty.buffer.AbstractDerivedByteBuf.retain(AbstractDerivedByteBuf.java:54)
	at io.netty.channel.uring.IoUringSocketChannel$IoUringSocketUnsafe.handleWriteCompleteZeroCopy(IoUringSocketChannel.java:220)
	at io.netty.channel.uring.IoUringSocketChannel$IoUringSocketUnsafe.writeComplete0(IoUringSocketChannel.java:186)
	at io.netty.channel.uring.AbstractIoUringChannel$AbstractUringUnsafe.writeComplete(AbstractIoUringChannel.java:1003)
	at io.netty.channel.uring.AbstractIoUringChannel$AbstractUringUnsafe.handle(AbstractIoUringChannel.java:474)
	at io.netty.channel.uring.IoUringIoHandler$DefaultIoUringIoRegistration.handle(IoUringIoHandler.java:705)
	at io.netty.channel.uring.IoUringIoHandler.handleFastPath(IoUringIoHandler.java:318)
	at io.netty.channel.uring.IoUringIoHandler.handle(IoUringIoHandler.java:298)
	at io.netty.channel.uring.CompletionQueue.process(CompletionQueue.java:151)
	at io.netty.channel.uring.IoUringIoHandler.processCompletionsAndHandleOverflow(IoUringIoHandler.java:213)
	at io.netty.channel.uring.IoUringIoHandler.run(IoUringIoHandler.java:188)
	at io.netty.channel.SingleThreadIoEventLoop.runIo(SingleThreadIoEventLoop.java:225)
	at io.netty.channel.SingleThreadIoEventLoop.run(SingleThreadIoEventLoop.java:196)
	at io.netty.util.concurrent.SingleThreadEventExecutor$5.run(SingleThreadEventExecutor.java:1204)
	at io.netty.util.internal.ThreadExecutorMap$2.run(ThreadExecutorMap.java:74)
	at io.netty.util.concurrent.FastThreadLocalRunnable.run(FastThreadLocalRunnable.java:30)
	at java.base/java.lang.Thread.run(Thread.java:1583)
07:12:26.653 [multiThreadIoEventLoopGroup-4-4] WARN  io.netty.util.ReferenceCountUtil - Failed to release a message: UnpooledSlicedByteBuf(ridx: 0, widx: 2215, cap: 2215/2215, unwrapped: CycleArenaAllocator$ArenaBuf(ridx: 0, widx: 8192, cap: 8192))
java.lang.IllegalStateException: arena buffer of Thread[#26,multiThreadIoEventLoopGroup-3-1,10,main] touched from Thread[#33,multiThreadIoEventLoopGroup-4-4,10,main] (event-loop arena buffers are thread confined)
	at io.netty.buffer.CycleArenaAllocator$ArenaBuf.violation(CycleArenaAllocator.java:1448)
	at io.netty.buffer.CycleArenaAllocator$ArenaBuf.release(CycleArenaAllocator.java:1377)
	at io.netty.buffer.AbstractDerivedByteBuf.release0(AbstractDerivedByteBuf.java:98)
	at io.netty.buffer.AbstractDerivedByteBuf.release(AbstractDerivedByteBuf.java:94)
	at io.netty.util.ReferenceCountUtil.release(ReferenceCountUtil.java:90)
	at io.netty.util.ReferenceCountUtil.safeRelease(ReferenceCountUtil.java:116)
	at io.netty.channel.ChannelOutboundBuffer.remove(ChannelOutboundBuffer.java:300)
	at io.netty.channel.ChannelOutboundBuffer.removeBytes(ChannelOutboundBuffer.java:382)
	at io.netty.channel.uring.AbstractIoUringStreamChannel$IoUringStreamUnsafe.writeComplete0(AbstractIoUringStreamChannel.java:692)
	at io.netty.channel.uring.IoUringSocketChannel$IoUringSocketUnsafe.writeComplete0(IoUringSocketChannel.java:188)
	at io.netty.channel.uring.AbstractIoUringChannel$AbstractUringUnsafe.writeComplete(AbstractIoUringChannel.java:1003)
	at io.netty.channel.uring.AbstractIoUringChannel$AbstractUringUnsafe.handle(AbstractIoUringChannel.java:474)
	at io.netty.channel.uring.IoUringIoHandler$DefaultIoUringIoRegistration.handle(IoUringIoHandler.java:705)
	at io.netty.channel.uring.IoUringIoHandler.handleFastPath(IoUringIoHandler.java:318)
	at io.netty.channel.uring.IoUringIoHandler.handle(IoUringIoHandler.java:298)
	at io.netty.channel.uring.CompletionQueue.process(CompletionQueue.java:151)
	at io.netty.channel.uring.IoUringIoHandler.processCompletionsAndHandleOverflow(IoUringIoHandler.java:213)
	at io.netty.channel.uring.IoUringIoHandler.run(IoUringIoHandler.java:188)
	at io.netty.channel.SingleThreadIoEventLoop.runIo(SingleThreadIoEventLoop.java:225)
	at io.netty.channel.SingleThreadIoEventLoop.run(SingleThreadIoEventLoop.java:196)
	at io.netty.util.concurrent.SingleThreadEventExecutor$5.run(SingleThreadEventExecutor.java:1204)
	at io.netty.util.internal.ThreadExecutorMap$2.run(ThreadExecutorMap.java:74)
	at io.netty.util.concurrent.FastThreadLocalRunnable.run(FastThreadLocalRunnable.java:30)
	at java.base/java.lang.Thread.run(Thread.java:1583)
07:12:26.653 [multiThreadIoEventLoopGroup-4-4] WARN  io.netty.util.ReferenceCountUtil - Failed to release a message: UnpooledSlicedByteBuf(ridx: 0, widx: 1980, cap: 1980/1980, unwrapped: CycleArenaAllocator$ArenaBuf(ridx: 0, widx: 8192, cap: 8192))
java.lang.IllegalStateException: arena buffer of Thread[#26,multiThreadIoEventLoopGroup-3-1,10,main] touched from Thread[#33,multiThreadIoEventLoopGroup-4-4,10,main] (event-loop arena buffers are thread confined)
	at io.netty.buffer.CycleArenaAllocator$ArenaBuf.violation(CycleArenaAllocator.java:1448)
	at io.netty.buffer.CycleArenaAllocator$ArenaBuf.release(CycleArenaAllocator.java:1377)
	at io.netty.buffer.AbstractDerivedByteBuf.release0(AbstractDerivedByteBuf.java:98)
	at io.netty.buffer.AbstractDerivedByteBuf.release(AbstractDerivedByteBuf.java:94)
	at io.netty.util.ReferenceCountUtil.release(ReferenceCountUtil.java:90)
	at io.netty.util.ReferenceCountUtil.safeRelease(ReferenceCountUtil.java:116)
	at io.netty.channel.ChannelOutboundBuffer.remove(ChannelOutboundBuffer.java:300)
	at io.netty.channel.ChannelOutboundBuffer.removeBytes(ChannelOutboundBuffer.java:382)
	at io.netty.channel.uring.AbstractIoUringStreamChannel$IoUringStreamUnsafe.writeComplete0(AbstractIoUringStreamChannel.java:692)
	at io.netty.channel.uring.IoUringSocketChannel$IoUringSocketUnsafe.writeComplete0(IoUringSocketChannel.java:188)
	at io.netty.channel.uring.AbstractIoUringChannel$AbstractUringUnsafe.writeComplete(AbstractIoUringChannel.java:1003)
	at io.netty.channel.uring.AbstractIoUringChannel$AbstractUringUnsafe.handle(AbstractIoUringChannel.java:474)
	at io.netty.channel.uring.IoUringIoHandler$DefaultIoUringIoRegistration.handle(IoUringIoHandler.java:705)
	at io.netty.channel.uring.IoUringIoHandler.handleFastPath(IoUringIoHandler.java:318)
	at io.netty.channel.uring.IoUringIoHandler.handle(IoUringIoHandler.java:298)
	at io.netty.channel.uring.CompletionQueue.process(CompletionQueue.java:151)
	at io.netty.channel.uring.IoUringIoHandler.processCompletionsAndHandleOverflow(IoUringIoHandler.java:213)
	at io.netty.channel.uring.IoUringIoHandler.run(IoUringIoHandler.java:188)
	at io.netty.channel.SingleThreadIoEventLoop.runIo(SingleThreadIoEventLoop.java:225)
	at io.netty.channel.SingleThreadIoEventLoop.run(SingleThreadIoEventLoop.java:196)
	at io.netty.util.concurrent.SingleThreadEventExecutor$5.run(SingleThreadEventExecutor.java:1204)
	at io.netty.util.internal.ThreadExecutorMap$2.run(ThreadExecutorMap.java:74)
	at io.netty.util.concurrent.FastThreadLocalRunnable.run(FastThreadLocalRunnable.java:30)
	at java.base/java.lang.Thread.run(Thread.java:1583)
07:12:26.663 [multiThreadIoEventLoopGroup-4-1] WARN  i.n.channel.uring.IoUringIoHandler - Unexpected exception in the IO event loop.
java.lang.IllegalStateException: arena buffer of Thread[#28,multiThreadIoEventLoopGroup-3-3,10,main] touched from Thread[#30,multiThreadIoEventLoopGroup-4-1,10,main] (event-loop arena buffers are thread confined)
	at io.netty.buffer.CycleArenaAllocator$ArenaBuf.violation(CycleArenaAllocator.java:1448)
	at io.netty.buffer.CycleArenaAllocator$ArenaBuf.retain(CycleArenaAllocator.java:1351)
	at io.netty.buffer.AbstractDerivedByteBuf.retain0(AbstractDerivedByteBuf.java:58)
	at io.netty.buffer.AbstractDerivedByteBuf.retain(AbstractDerivedByteBuf.java:54)
	at io.netty.channel.uring.IoUringSocketChannel$IoUringSocketUnsafe.handleWriteCompleteZeroCopy(IoUringSocketChannel.java:220)
	at io.netty.channel.uring.IoUringSocketChannel$IoUringSocketUnsafe.writeComplete0(IoUringSocketChannel.java:186)
	at io.netty.channel.uring.AbstractIoUringChannel$AbstractUringUnsafe.writeComplete(AbstractIoUringChannel.java:1003)
	at io.netty.channel.uring.AbstractIoUringChannel$AbstractUringUnsafe.handle(AbstractIoUringChannel.java:474)
	at io.netty.channel.uring.IoUringIoHandler$DefaultIoUringIoRegistration.handle(IoUringIoHandler.java:705)
	at io.netty.channel.uring.IoUringIoHandler.handleFastPath(IoUringIoHandler.java:318)
	at io.netty.channel.uring.IoUringIoHandler.handle(IoUringIoHandler.java:298)
	at io.netty.channel.uring.CompletionQueue.process(CompletionQueue.java:151)
	at io.netty.channel.uring.IoUringIoHandler.processCompletionsAndHandleOverflow(IoUringIoHandler.java:213)
	at io.netty.channel.uring.IoUringIoHandler.run(IoUringIoHandler.java:188)
	at io.netty.channel.SingleThreadIoEventLoop.runIo(SingleThreadIoEventLoop.java:225)
	at io.netty.channel.SingleThreadIoEventLoop.run(SingleThreadIoEventLoop.java:196)
	at io.netty.util.concurrent.SingleThreadEventExecutor$5.run(SingleThreadEventExecutor.java:1204)
	at io.netty.util.internal.ThreadExecutorMap$2.run(ThreadExecutorMap.java:74)
	at io.netty.util.concurrent.FastThreadLocalRunnable.run(FastThreadLocalRunnable.java:30)
	at java.base/java.lang.Thread.run(Thread.java:1583)
07:12:26.679 [multiThreadIoEventLoopGroup-4-4] WARN  io.netty.util.ReferenceCountUtil - Failed to release a message: UnpooledSlicedByteBuf(ridx: 0, widx: 1621, cap: 1621/1621, unwrapped: CycleArenaAllocator$ArenaBuf(ridx: 0, widx: 8192, cap: 8192))
java.lang.IllegalStateException: arena buffer of Thread[#29,multiThreadIoEventLoopGroup-3-4,10,main] touched from Thread[#33,multiThreadIoEventLoopGroup-4-4,10,main] (event-loop arena buffers are thread confined)
	at io.netty.buffer.CycleArenaAllocator$ArenaBuf.violation(CycleArenaAllocator.java:1448)
	at io.netty.buffer.CycleArenaAllocator$ArenaBuf.release(CycleArenaAllocator.java:1377)
	at io.netty.buffer.AbstractDerivedByteBuf.release0(AbstractDerivedByteBuf.java:98)
	at io.netty.buffer.AbstractDerivedByteBuf.release(AbstractDerivedByteBuf.java:94)
	at io.netty.util.ReferenceCountUtil.release(ReferenceCountUtil.java:90)
	at io.netty.util.ReferenceCountUtil.safeRelease(ReferenceCountUtil.java:116)
	at io.netty.channel.ChannelOutboundBuffer.remove(ChannelOutboundBuffer.java:300)
	at io.netty.channel.ChannelOutboundBuffer.removeBytes(ChannelOutboundBuffer.java:382)
	at io.netty.channel.uring.AbstractIoUringStreamChannel$IoUringStreamUnsafe.writeComplete0(AbstractIoUringStreamChannel.java:692)
	at io.netty.channel.uring.IoUringSocketChannel$IoUringSocketUnsafe.writeComplete0(IoUringSocketChannel.java:188)
	at io.netty.channel.uring.AbstractIoUringChannel$AbstractUringUnsafe.writeComplete(AbstractIoUringChannel.java:1003)
	at io.netty.channel.uring.AbstractIoUringChannel$AbstractUringUnsafe.handle(AbstractIoUringChannel.java:474)
	at io.netty.channel.uring.IoUringIoHandler$DefaultIoUringIoRegistration.handle(IoUringIoHandler.java:705)
	at io.netty.channel.uring.IoUringIoHandler.handleFastPath(IoUringIoHandler.java:318)
	at io.netty.channel.uring.IoUringIoHandler.handle(IoUringIoHandler.java:298)
	at io.netty.channel.uring.CompletionQueue.process(CompletionQueue.java:151)
	at io.netty.channel.uring.IoUringIoHandler.processCompletionsAndHandleOverflow(IoUringIoHandler.java:213)
	at io.netty.channel.uring.IoUringIoHandler.run(IoUringIoHandler.java:188)
	at io.netty.channel.SingleThreadIoEventLoop.runIo(SingleThreadIoEventLoop.java:225)
	at io.netty.channel.SingleThreadIoEventLoop.run(SingleThreadIoEventLoop.java:196)
	at io.netty.util.concurrent.SingleThreadEventExecutor$5.run(SingleThreadEventExecutor.java:1204)
	at io.netty.util.internal.ThreadExecutorMap$2.run(ThreadExecutorMap.java:74)
	at io.netty.util.concurrent.FastThreadLocalRunnable.run(FastThreadLocalRunnable.java:30)
	at java.base/java.lang.Thread.run(Thread.java:1583)
07:12:26.680 [multiThreadIoEventLoopGroup-4-2] WARN  io.netty.util.ReferenceCountUtil - Failed to release a message: UnpooledSlicedByteBuf(ridx: 0, widx: 2215, cap: 2215/2215, unwrapped: CycleArenaAllocator$ArenaBuf(ridx: 0, widx: 8192, cap: 8192))
java.lang.IllegalStateException: arena buffer of Thread[#27,multiThreadIoEventLoopGroup-3-2,10,main] touched from Thread[#31,multiThreadIoEventLoopGroup-4-2,10,main] (event-loop arena buffers are thread confined)
	at io.netty.buffer.CycleArenaAllocator$ArenaBuf.violation(CycleArenaAllocator.java:1448)
	at io.netty.buffer.CycleArenaAllocator$ArenaBuf.release(CycleArenaAllocator.java:1377)
	at io.netty.buffer.AbstractDerivedByteBuf.release0(AbstractDerivedByteBuf.java:98)
	at io.netty.buffer.AbstractDerivedByteBuf.release(AbstractDerivedByteBuf.java:94)
	at io.netty.util.ReferenceCountUtil.release(ReferenceCountUtil.java:90)
	at io.netty.util.ReferenceCountUtil.safeRelease(ReferenceCountUtil.java:116)
	at io.netty.channel.ChannelOutboundBuffer.remove(ChannelOutboundBuffer.java:300)
	at io.netty.channel.ChannelOutboundBuffer.removeBytes(ChannelOutboundBuffer.java:382)
	at io.netty.channel.uring.AbstractIoUringStreamChannel$IoUringStreamUnsafe.writeComplete0(AbstractIoUringStreamChannel.java:692)
	at io.netty.channel.uring.IoUringSocketChannel$IoUringSocketUnsafe.writeComplete0(IoUringSocketChannel.java:188)
	at io.netty.channel.uring.AbstractIoUringChannel$AbstractUringUnsafe.writeComplete(AbstractIoUringChannel.java:1003)
	at io.netty.channel.uring.AbstractIoUringChannel$AbstractUringUnsafe.handle(AbstractIoUringChannel.java:474)
	at io.netty.channel.uring.IoUringIoHandler$DefaultIoUringIoRegistration.handle(IoUringIoHandler.java:705)
	at io.netty.channel.uring.IoUringIoHandler.handleFastPath(IoUringIoHandler.java:318)
	at io.netty.channel.uring.IoUringIoHandler.handle(IoUringIoHandler.java:298)
	at io.netty.channel.uring.CompletionQueue.process(CompletionQueue.java:151)
	at io.netty.channel.uring.IoUringIoHandler.processCompletionsAndHandleOverflow(IoUringIoHandler.java:213)
	at io.netty.channel.uring.IoUringIoHandler.run(IoUringIoHandler.java:188)
	at io.netty.channel.SingleThreadIoEventLoop.runIo(SingleThreadIoEventLoop.java:225)
	at io.netty.channel.SingleThreadIoEventLoop.run(SingleThreadIoEventLoop.java:196)
	at io.netty.util.concurrent.SingleThreadEventExecutor$5.run(SingleThreadEventExecutor.java:1204)
	at io.netty.util.internal.ThreadExecutorMap$2.run(ThreadExecutorMap.java:74)
	at io.netty.util.concurrent.FastThreadLocalRunnable.run(FastThreadLocalRunnable.java:30)
	at java.base/java.lang.Thread.run(Thread.java:1583)
07:12:26.681 [multiThreadIoEventLoopGroup-4-2] WARN  i.n.channel.uring.IoUringIoHandler - Unexpected exception in the IO event loop.
java.lang.IllegalStateException: arena buffer of Thread[#26,multiThreadIoEventLoopGroup-3-1,10,main] touched from Thread[#31,multiThreadIoEventLoopGroup-4-2,10,main] (event-loop arena buffers are thread confined)
	at io.netty.buffer.CycleArenaAllocator$ArenaBuf.violation(CycleArenaAllocator.java:1448)
	at io.netty.buffer.CycleArenaAllocator$ArenaBuf.retain(CycleArenaAllocator.java:1351)
	at io.netty.buffer.AbstractDerivedByteBuf.retain0(AbstractDerivedByteBuf.java:58)
	at io.netty.buffer.AbstractDerivedByteBuf.retain(AbstractDerivedByteBuf.java:54)
	at io.netty.channel.uring.IoUringSocketChannel$IoUringSocketUnsafe.handleWriteCompleteZeroCopy(IoUringSocketChannel.java:220)
	at io.netty.channel.uring.IoUringSocketChannel$IoUringSocketUnsafe.writeComplete0(IoUringSocketChannel.java:186)
	at io.netty.channel.uring.AbstractIoUringChannel$AbstractUringUnsafe.writeComplete(AbstractIoUringChannel.java:1003)
	at io.netty.channel.uring.AbstractIoUringChannel$AbstractUringUnsafe.handle(AbstractIoUringChannel.java:474)
	at io.netty.channel.uring.IoUringIoHandler$DefaultIoUringIoRegistration.handle(IoUringIoHandler.java:705)
	at io.netty.channel.uring.IoUringIoHandler.handleFastPath(IoUringIoHandler.java:318)
	at io.netty.channel.uring.IoUringIoHandler.handle(IoUringIoHandler.java:298)
	at io.netty.channel.uring.CompletionQueue.process(CompletionQueue.java:151)
	at io.netty.channel.uring.IoUringIoHandler.processCompletionsAndHandleOverflow(IoUringIoHandler.java:213)
	at io.netty.channel.uring.IoUringIoHandler.run(IoUringIoHandler.java:188)
	at io.netty.channel.SingleThreadIoEventLoop.runIo(SingleThreadIoEventLoop.java:225)
	at io.netty.channel.SingleThreadIoEventLoop.run(SingleThreadIoEventLoop.java:196)
	at io.netty.util.concurrent.SingleThreadEventExecutor$5.run(SingleThreadEventExecutor.java:1204)
	at io.netty.util.internal.ThreadExecutorMap$2.run(ThreadExecutorMap.java:74)
	at io.netty.util.concurrent.FastThreadLocalRunnable.run(FastThreadLocalRunnable.java:30)
	at java.base/java.lang.Thread.run(Thread.java:1583)
07:12:26.690 [multiThreadIoEventLoopGroup-4-4] WARN  io.netty.util.ReferenceCountUtil - Failed to release a message: UnpooledSlicedByteBuf(ridx: 0, widx: 2574, cap: 2574/2574, unwrapped: CycleArenaAllocator$ArenaBuf(ridx: 0, widx: 2574, cap: 8192))
java.lang.IllegalStateException: arena buffer of Thread[#29,multiThreadIoEventLoopGroup-3-4,10,main] touched from Thread[#33,multiThreadIoEventLoopGroup-4-4,10,main] (event-loop arena buffers are thread confined)
	at io.netty.buffer.CycleArenaAllocator$ArenaBuf.violation(CycleArenaAllocator.java:1448)
	at io.netty.buffer.CycleArenaAllocator$ArenaBuf.release(CycleArenaAllocator.java:1377)
	at io.netty.buffer.AbstractDerivedByteBuf.release0(AbstractDerivedByteBuf.java:98)
	at io.netty.buffer.AbstractDerivedByteBuf.release(AbstractDerivedByteBuf.java:94)
	at io.netty.util.ReferenceCountUtil.release(ReferenceCountUtil.java:90)
	at io.netty.util.ReferenceCountUtil.safeRelease(ReferenceCountUtil.java:116)
	at io.netty.channel.ChannelOutboundBuffer.remove(ChannelOutboundBuffer.java:300)
	at io.netty.channel.ChannelOutboundBuffer.removeBytes(ChannelOutboundBuffer.java:382)
	at io.netty.channel.uring.AbstractIoUringStreamChannel$IoUringStreamUnsafe.writeComplete0(AbstractIoUringStreamChannel.java:692)
	at io.netty.channel.uring.IoUringSocketChannel$IoUringSocketUnsafe.writeComplete0(IoUringSocketChannel.java:188)
	at io.netty.channel.uring.AbstractIoUringChannel$AbstractUringUnsafe.writeComplete(AbstractIoUringChannel.java:1003)
	at io.netty.channel.uring.AbstractIoUringChannel$AbstractUringUnsafe.handle(AbstractIoUringChannel.java:474)
	at io.netty.channel.uring.IoUringIoHandler$DefaultIoUringIoRegistration.handle(IoUringIoHandler.java:705)
	at io.netty.channel.uring.IoUringIoHandler.handleFastPath(IoUringIoHandler.java:318)
	at io.netty.channel.uring.IoUringIoHandler.handle(IoUringIoHandler.java:298)
	at io.netty.channel.uring.CompletionQueue.process(CompletionQueue.java:151)
	at io.netty.channel.uring.IoUringIoHandler.processCompletionsAndHandleOverflow(IoUringIoHandler.java:213)
	at io.netty.channel.uring.IoUringIoHandler.run(IoUringIoHandler.java:188)
	at io.netty.channel.SingleThreadIoEventLoop.runIo(SingleThreadIoEventLoop.java:225)
	at io.netty.channel.SingleThreadIoEventLoop.run(SingleThreadIoEventLoop.java:196)
	at io.netty.util.concurrent.SingleThreadEventExecutor$5.run(SingleThreadEventExecutor.java:1204)
	at io.netty.util.internal.ThreadExecutorMap$2.run(ThreadExecutorMap.java:74)
	at io.netty.util.concurrent.FastThreadLocalRunnable.run(FastThreadLocalRunnable.java:30)
	at java.base/java.lang.Thread.run(Thread.java:1583)
07:12:26.701 [multiThreadIoEventLoopGroup-3-4] WARN  io.netty.util.ReferenceCountUtil - Failed to release a message: UnpooledSlicedByteBuf(ridx: 0, widx: 156, cap: 156/156, unwrapped: CycleArenaAllocator$ArenaBuf(ridx: 0, widx: 8192, cap: 8192))
java.lang.IllegalStateException: arena buffer of Thread[#33,multiThreadIoEventLoopGroup-4-4,10,main] touched from Thread[#29,multiThreadIoEventLoopGroup-3-4,10,main] (event-loop arena buffers are thread confined)
	at io.netty.buffer.CycleArenaAllocator$ArenaBuf.violation(CycleArenaAllocator.java:1448)
	at io.netty.buffer.CycleArenaAllocator$ArenaBuf.release(CycleArenaAllocator.java:1377)
	at io.netty.buffer.AbstractDerivedByteBuf.release0(AbstractDerivedByteBuf.java:98)
	at io.netty.buffer.AbstractDerivedByteBuf.release(AbstractDerivedByteBuf.java:94)
	at io.netty.util.ReferenceCountUtil.release(ReferenceCountUtil.java:90)
	at io.netty.util.ReferenceCountUtil.safeRelease(ReferenceCountUtil.java:116)
	at io.netty.channel.ChannelOutboundBuffer.remove(ChannelOutboundBuffer.java:300)
	at io.netty.channel.ChannelOutboundBuffer.removeBytes(ChannelOutboundBuffer.java:382)
	at io.netty.channel.uring.AbstractIoUringStreamChannel$IoUringStreamUnsafe.writeComplete0(AbstractIoUringStreamChannel.java:692)
	at io.netty.channel.uring.IoUringSocketChannel$IoUringSocketUnsafe.writeComplete0(IoUringSocketChannel.java:188)
	at io.netty.channel.uring.AbstractIoUringChannel$AbstractUringUnsafe.writeComplete(AbstractIoUringChannel.java:1003)
	at io.netty.channel.uring.AbstractIoUringChannel$AbstractUringUnsafe.handle(AbstractIoUringChannel.java:474)
	at io.netty.channel.uring.IoUringIoHandler$DefaultIoUringIoRegistration.handle(IoUringIoHandler.java:705)
	at io.netty.channel.uring.IoUringIoHandler.handleFastPath(IoUringIoHandler.java:318)
	at io.netty.channel.uring.IoUringIoHandler.handle(IoUringIoHandler.java:298)
	at io.netty.channel.uring.CompletionQueue.process(CompletionQueue.java:151)
	at io.netty.channel.uring.IoUringIoHandler.processCompletionsAndHandleOverflow(IoUringIoHandler.java:213)
	at io.netty.channel.uring.IoUringIoHandler.run(IoUringIoHandler.java:188)
	at io.netty.channel.SingleThreadIoEventLoop.runIo(SingleThreadIoEventLoop.java:225)
	at io.netty.channel.SingleThreadIoEventLoop.run(SingleThreadIoEventLoop.java:196)
	at io.netty.util.concurrent.SingleThreadEventExecutor$5.run(SingleThreadEventExecutor.java:1204)
	at io.netty.util.internal.ThreadExecutorMap$2.run(ThreadExecutorMap.java:74)
	at io.netty.util.concurrent.FastThreadLocalRunnable.run(FastThreadLocalRunnable.java:30)
	at java.base/java.lang.Thread.run(Thread.java:1583)
07:12:26.701 [multiThreadIoEventLoopGroup-3-4] WARN  io.netty.util.ReferenceCountUtil - Failed to release a message: UnpooledSlicedByteBuf(ridx: 0, widx: 2860, cap: 2860/2860, unwrapped: CycleArenaAllocator$ArenaBuf(ridx: 0, widx: 8192, cap: 8192))
java.lang.IllegalStateException: arena buffer of Thread[#33,multiThreadIoEventLoopGroup-4-4,10,main] touched from Thread[#29,multiThreadIoEventLoopGroup-3-4,10,main] (event-loop arena buffers are thread confined)
	at io.netty.buffer.CycleArenaAllocator$ArenaBuf.violation(CycleArenaAllocator.java:1448)
	at io.netty.buffer.CycleArenaAllocator$ArenaBuf.release(CycleArenaAllocator.java:1377)
	at io.netty.buffer.AbstractDerivedByteBuf.release0(AbstractDerivedByteBuf.java:98)
	at io.netty.buffer.AbstractDerivedByteBuf.release(AbstractDerivedByteBuf.java:94)
	at io.netty.util.ReferenceCountUtil.release(ReferenceCountUtil.java:90)
	at io.netty.util.ReferenceCountUtil.safeRelease(ReferenceCountUtil.java:116)
	at io.netty.channel.ChannelOutboundBuffer.remove(ChannelOutboundBuffer.java:300)
	at io.netty.channel.ChannelOutboundBuffer.removeBytes(ChannelOutboundBuffer.java:382)
	at io.netty.channel.uring.AbstractIoUringStreamChannel$IoUringStreamUnsafe.writeComplete0(AbstractIoUringStreamChannel.java:692)
	at io.netty.channel.uring.IoUringSocketChannel$IoUringSocketUnsafe.writeComplete0(IoUringSocketChannel.java:188)
	at io.netty.channel.uring.AbstractIoUringChannel$AbstractUringUnsafe.writeComplete(AbstractIoUringChannel.java:1003)
	at io.netty.channel.uring.AbstractIoUringChannel$AbstractUringUnsafe.handle(AbstractIoUringChannel.java:474)
	at io.netty.channel.uring.IoUringIoHandler$DefaultIoUringIoRegistration.handle(IoUringIoHandler.java:705)
	at io.netty.channel.uring.IoUringIoHandler.handleFastPath(IoUringIoHandler.java:318)
	at io.netty.channel.uring.IoUringIoHandler.handle(IoUringIoHandler.java:298)
	at io.netty.channel.uring.CompletionQueue.process(CompletionQueue.java:151)
	at io.netty.channel.uring.IoUringIoHandler.processCompletionsAndHandleOverflow(IoUringIoHandler.java:213)
	at io.netty.channel.uring.IoUringIoHandler.run(IoUringIoHandler.java:188)
	at io.netty.channel.SingleThreadIoEventLoop.runIo(SingleThreadIoEventLoop.java:225)
	at io.netty.channel.SingleThreadIoEventLoop.run(SingleThreadIoEventLoop.java:196)
	at io.netty.util.concurrent.SingleThreadEventExecutor$5.run(SingleThreadEventExecutor.java:1204)
	at io.netty.util.internal.ThreadExecutorMap$2.run(ThreadExecutorMap.java:74)
	at io.netty.util.concurrent.FastThreadLocalRunnable.run(FastThreadLocalRunnable.java:30)
	at java.base/java.lang.Thread.run(Thread.java:1583)
07:12:26.701 [multiThreadIoEventLoopGroup-3-4] WARN  io.netty.util.ReferenceCountUtil - Failed to release a message: UnpooledSlicedByteBuf(ridx: 0, widx: 1532, cap: 1532/1532, unwrapped: CycleArenaAllocator$ArenaBuf(ridx: 0, widx: 1532, cap: 8192))
java.lang.IllegalStateException: arena buffer of Thread[#33,multiThreadIoEventLoopGroup-4-4,10,main] touched from Thread[#29,multiThreadIoEventLoopGroup-3-4,10,main] (event-loop arena buffers are thread confined)
	at io.netty.buffer.CycleArenaAllocator$ArenaBuf.violation(CycleArenaAllocator.java:1448)
	at io.netty.buffer.CycleArenaAllocator$ArenaBuf.release(CycleArenaAllocator.java:1377)
	at io.netty.buffer.AbstractDerivedByteBuf.release0(AbstractDerivedByteBuf.java:98)
	at io.netty.buffer.AbstractDerivedByteBuf.release(AbstractDerivedByteBuf.java:94)
	at io.netty.util.ReferenceCountUtil.release(ReferenceCountUtil.java:90)
	at io.netty.util.ReferenceCountUtil.safeRelease(ReferenceCountUtil.java:116)
	at io.netty.channel.ChannelOutboundBuffer.remove(ChannelOutboundBuffer.java:300)
	at io.netty.channel.ChannelOutboundBuffer.removeBytes(ChannelOutboundBuffer.java:382)
	at io.netty.channel.uring.AbstractIoUringStreamChannel$IoUringStreamUnsafe.writeComplete0(AbstractIoUringStreamChannel.java:692)
	at io.netty.channel.uring.IoUringSocketChannel$IoUringSocketUnsafe.writeComplete0(IoUringSocketChannel.java:188)
	at io.netty.channel.uring.AbstractIoUringChannel$AbstractUringUnsafe.writeComplete(AbstractIoUringChannel.java:1003)
	at io.netty.channel.uring.AbstractIoUringChannel$AbstractUringUnsafe.handle(AbstractIoUringChannel.java:474)
	at io.netty.channel.uring.IoUringIoHandler$DefaultIoUringIoRegistration.handle(IoUringIoHandler.java:705)
	at io.netty.channel.uring.IoUringIoHandler.handleFastPath(IoUringIoHandler.java:318)
	at io.netty.channel.uring.IoUringIoHandler.handle(IoUringIoHandler.java:298)
	at io.netty.channel.uring.CompletionQueue.process(CompletionQueue.java:151)
	at io.netty.channel.uring.IoUringIoHandler.processCompletionsAndHandleOverflow(IoUringIoHandler.java:213)
	at io.netty.channel.uring.IoUringIoHandler.run(IoUringIoHandler.java:188)
	at io.netty.channel.SingleThreadIoEventLoop.runIo(SingleThreadIoEventLoop.java:225)
	at io.netty.channel.SingleThreadIoEventLoop.run(SingleThreadIoEventLoop.java:196)
	at io.netty.util.concurrent.SingleThreadEventExecutor$5.run(SingleThreadEventExecutor.java:1204)
	at io.netty.util.internal.ThreadExecutorMap$2.run(ThreadExecutorMap.java:74)
	at io.netty.util.concurrent.FastThreadLocalRunnable.run(FastThreadLocalRunnable.java:30)
	at java.base/java.lang.Thread.run(Thread.java:1583)
07:12:26.704 [multiThreadIoEventLoopGroup-4-4] WARN  i.n.channel.uring.IoUringIoHandler - Unexpected exception in the IO event loop.
java.lang.IllegalStateException: arena buffer of Thread[#29,multiThreadIoEventLoopGroup-3-4,10,main] touched from Thread[#33,multiThreadIoEventLoopGroup-4-4,10,main] (event-loop arena buffers are thread confined)
	at io.netty.buffer.CycleArenaAllocator$ArenaBuf.violation(CycleArenaAllocator.java:1448)
	at io.netty.buffer.CycleArenaAllocator$ArenaBuf.retain(CycleArenaAllocator.java:1351)
	at io.netty.buffer.AbstractDerivedByteBuf.retain0(AbstractDerivedByteBuf.java:58)
	at io.netty.buffer.AbstractDerivedByteBuf.retain(AbstractDerivedByteBuf.java:54)
	at io.netty.channel.uring.IoUringSocketChannel$IoUringSocketUnsafe.handleWriteCompleteZeroCopy(IoUringSocketChannel.java:220)
	at io.netty.channel.uring.IoUringSocketChannel$IoUringSocketUnsafe.writeComplete0(IoUringSocketChannel.java:186)
	at io.netty.channel.uring.AbstractIoUringChannel$AbstractUringUnsafe.writeComplete(AbstractIoUringChannel.java:1003)
	at io.netty.channel.uring.AbstractIoUringChannel$AbstractUringUnsafe.handle(AbstractIoUringChannel.java:474)
	at io.netty.channel.uring.IoUringIoHandler$DefaultIoUringIoRegistration.handle(IoUringIoHandler.java:705)
	at io.netty.channel.uring.IoUringIoHandler.handleFastPath(IoUringIoHandler.java:318)
	at io.netty.channel.uring.IoUringIoHandler.handle(IoUringIoHandler.java:298)
	at io.netty.channel.uring.CompletionQueue.process(CompletionQueue.java:151)
	at io.netty.channel.uring.IoUringIoHandler.processCompletionsAndHandleOverflow(IoUringIoHandler.java:213)
	at io.netty.channel.uring.IoUringIoHandler.run(IoUringIoHandler.java:188)
	at io.netty.channel.SingleThreadIoEventLoop.runIo(SingleThreadIoEventLoop.java:225)
	at io.netty.channel.SingleThreadIoEventLoop.run(SingleThreadIoEventLoop.java:196)
	at io.netty.util.concurrent.SingleThreadEventExecutor$5.run(SingleThreadEventExecutor.java:1204)
	at io.netty.util.internal.ThreadExecutorMap$2.run(ThreadExecutorMap.java:74)
	at io.netty.util.concurrent.FastThreadLocalRunnable.run(FastThreadLocalRunnable.java:30)
	at java.base/java.lang.Thread.run(Thread.java:1583)
07:12:26.751 [multiThreadIoEventLoopGroup-3-2] WARN  i.n.channel.uring.IoUringIoHandler - Unexpected exception in the IO event loop.
java.lang.IllegalStateException: arena buffer of Thread[#30,multiThreadIoEventLoopGroup-4-1,10,main] touched from Thread[#27,multiThreadIoEventLoopGroup-3-2,10,main] (event-loop arena buffers are thread confined)
	at io.netty.buffer.CycleArenaAllocator$ArenaBuf.violation(CycleArenaAllocator.java:1448)
	at io.netty.buffer.CycleArenaAllocator$ArenaBuf.release(CycleArenaAllocator.java:1377)
	at io.netty.buffer.AbstractDerivedByteBuf.release0(AbstractDerivedByteBuf.java:98)
	at io.netty.buffer.AbstractDerivedByteBuf.release(AbstractDerivedByteBuf.java:94)
	at io.netty.channel.uring.IoUringSocketChannel$IoUringSocketUnsafe.handleWriteCompleteZeroCopy(IoUringSocketChannel.java:289)
	at io.netty.channel.uring.IoUringSocketChannel$IoUringSocketUnsafe.writeComplete0(IoUringSocketChannel.java:186)
	at io.netty.channel.uring.AbstractIoUringChannel$AbstractUringUnsafe.writeComplete(AbstractIoUringChannel.java:1003)
	at io.netty.channel.uring.AbstractIoUringChannel$AbstractUringUnsafe.handle(AbstractIoUringChannel.java:474)
	at io.netty.channel.uring.IoUringIoHandler$DefaultIoUringIoRegistration.handle(IoUringIoHandler.java:705)
	at io.netty.channel.uring.IoUringIoHandler.handleFastPath(IoUringIoHandler.java:318)
	at io.netty.channel.uring.IoUringIoHandler.handle(IoUringIoHandler.java:298)
	at io.netty.channel.uring.CompletionQueue.process(CompletionQueue.java:151)
	at io.netty.channel.uring.IoUringIoHandler.processCompletionsAndHandleOverflow(IoUringIoHandler.java:213)
	at io.netty.channel.uring.IoUringIoHandler.run(IoUringIoHandler.java:188)
	at io.netty.channel.SingleThreadIoEventLoop.runIo(SingleThreadIoEventLoop.java:225)
	at io.netty.channel.SingleThreadIoEventLoop.run(SingleThreadIoEventLoop.java:196)
	at io.netty.util.concurrent.SingleThreadEventExecutor$5.run(SingleThreadEventExecutor.java:1204)
	at io.netty.util.internal.ThreadExecutorMap$2.run(ThreadExecutorMap.java:74)
	at io.netty.util.concurrent.FastThreadLocalRunnable.run(FastThreadLocalRunnable.java:30)
	at java.base/java.lang.Thread.run(Thread.java:1583)
07:12:26.752 [multiThreadIoEventLoopGroup-3-1] WARN  io.netty.util.ReferenceCountUtil - Failed to release a message: UnpooledSlicedByteBuf(ridx: 0, widx: 3648, cap: 3648/3648, unwrapped: CycleArenaAllocator$ArenaBuf(ridx: 0, widx: 8192, cap: 8192))
java.lang.IllegalStateException: arena buffer of Thread[#30,multiThreadIoEventLoopGroup-4-1,10,main] touched from Thread[#26,multiThreadIoEventLoopGroup-3-1,10,main] (event-loop arena buffers are thread confined)
	at io.netty.buffer.CycleArenaAllocator$ArenaBuf.violation(CycleArenaAllocator.java:1448)
	at io.netty.buffer.CycleArenaAllocator$ArenaBuf.release(CycleArenaAllocator.java:1377)
	at io.netty.buffer.AbstractDerivedByteBuf.release0(AbstractDerivedByteBuf.java:98)
	at io.netty.buffer.AbstractDerivedByteBuf.release(AbstractDerivedByteBuf.java:94)
	at io.netty.util.ReferenceCountUtil.release(ReferenceCountUtil.java:90)
	at io.netty.util.ReferenceCountUtil.safeRelease(ReferenceCountUtil.java:116)
	at io.netty.channel.ChannelOutboundBuffer.remove(ChannelOutboundBuffer.java:300)
	at io.netty.channel.ChannelOutboundBuffer.removeBytes(ChannelOutboundBuffer.java:382)
	at io.netty.channel.uring.AbstractIoUringStreamChannel$IoUringStreamUnsafe.writeComplete0(AbstractIoUringStreamChannel.java:692)
	at io.netty.channel.uring.IoUringSocketChannel$IoUringSocketUnsafe.writeComplete0(IoUringSocketChannel.java:188)
	at io.netty.channel.uring.AbstractIoUringChannel$AbstractUringUnsafe.writeComplete(AbstractIoUringChannel.java:1003)
	at io.netty.channel.uring.AbstractIoUringChannel$AbstractUringUnsafe.handle(AbstractIoUringChannel.java:474)
	at io.netty.channel.uring.IoUringIoHandler$DefaultIoUringIoRegistration.handle(IoUringIoHandler.java:705)
	at io.netty.channel.uring.IoUringIoHandler.handleFastPath(IoUringIoHandler.java:318)
	at io.netty.channel.uring.IoUringIoHandler.handle(IoUringIoHandler.java:298)
	at io.netty.channel.uring.CompletionQueue.process(CompletionQueue.java:151)
	at io.netty.channel.uring.IoUringIoHandler.processCompletionsAndHandleOverflow(IoUringIoHandler.java:213)
	at io.netty.channel.uring.IoUringIoHandler.run(IoUringIoHandler.java:188)
	at io.netty.channel.SingleThreadIoEventLoop.runIo(SingleThreadIoEventLoop.java:225)
	at io.netty.channel.SingleThreadIoEventLoop.run(SingleThreadIoEventLoop.java:196)
	at io.netty.util.concurrent.SingleThreadEventExecutor$5.run(SingleThreadEventExecutor.java:1204)
	at io.netty.util.internal.ThreadExecutorMap$2.run(ThreadExecutorMap.java:74)
	at io.netty.util.concurrent.FastThreadLocalRunnable.run(FastThreadLocalRunnable.java:30)
	at java.base/java.lang.Thread.run(Thread.java:1583)
07:12:26.752 [multiThreadIoEventLoopGroup-3-1] WARN  i.n.channel.uring.IoUringIoHandler - Unexpected exception in the IO event loop.
java.lang.IllegalStateException: arena buffer of Thread[#30,multiThreadIoEventLoopGroup-4-1,10,main] touched from Thread[#26,multiThreadIoEventLoopGroup-3-1,10,main] (event-loop arena buffers are thread confined)
	at io.netty.buffer.CycleArenaAllocator$ArenaBuf.violation(CycleArenaAllocator.java:1448)
	at io.netty.buffer.CycleArenaAllocator$ArenaBuf.retain(CycleArenaAllocator.java:1351)
	at io.netty.buffer.AbstractDerivedByteBuf.retain0(AbstractDerivedByteBuf.java:58)
	at io.netty.buffer.AbstractDerivedByteBuf.retain(AbstractDerivedByteBuf.java:54)
	at io.netty.channel.uring.IoUringSocketChannel$IoUringSocketUnsafe.handleWriteCompleteZeroCopy(IoUringSocketChannel.java:220)
	at io.netty.channel.uring.IoUringSocketChannel$IoUringSocketUnsafe.writeComplete0(IoUringSocketChannel.java:186)
	at io.netty.channel.uring.AbstractIoUringChannel$AbstractUringUnsafe.writeComplete(AbstractIoUringChannel.java:1003)
	at io.netty.channel.uring.AbstractIoUringChannel$AbstractUringUnsafe.handle(AbstractIoUringChannel.java:474)
	at io.netty.channel.uring.IoUringIoHandler$DefaultIoUringIoRegistration.handle(IoUringIoHandler.java:705)
	at io.netty.channel.uring.IoUringIoHandler.handleFastPath(IoUringIoHandler.java:318)
	at io.netty.channel.uring.IoUringIoHandler.handle(IoUringIoHandler.java:298)
	at io.netty.channel.uring.CompletionQueue.process(CompletionQueue.java:151)
	at io.netty.channel.uring.IoUringIoHandler.processCompletionsAndHandleOverflow(IoUringIoHandler.java:213)
	at io.netty.channel.uring.IoUringIoHandler.run(IoUringIoHandler.java:188)
	at io.netty.channel.SingleThreadIoEventLoop.runIo(SingleThreadIoEventLoop.java:225)
	at io.netty.channel.SingleThreadIoEventLoop.run(SingleThreadIoEventLoop.java:196)
	at io.netty.util.concurrent.SingleThreadEventExecutor$5.run(SingleThreadEventExecutor.java:1204)
	at io.netty.util.internal.ThreadExecutorMap$2.run(ThreadExecutorMap.java:74)
	at io.netty.util.concurrent.FastThreadLocalRunnable.run(FastThreadLocalRunnable.java:30)
	at java.base/java.lang.Thread.run(Thread.java:1583)
07:12:26.753 [multiThreadIoEventLoopGroup-4-3] WARN  io.netty.util.ReferenceCountUtil - Failed to release a message: UnpooledSlicedByteBuf(ridx: 0, widx: 2017, cap: 2017/2017, unwrapped: CycleArenaAllocator$ArenaBuf(ridx: 0, widx: 8192, cap: 8192))
java.lang.IllegalStateException: arena buffer of Thread[#26,multiThreadIoEventLoopGroup-3-1,10,main] touched from Thread[#32,multiThreadIoEventLoopGroup-4-3,10,main] (event-loop arena buffers are thread confined)
	at io.netty.buffer.CycleArenaAllocator$ArenaBuf.violation(CycleArenaAllocator.java:1448)
	at io.netty.buffer.CycleArenaAllocator$ArenaBuf.release(CycleArenaAllocator.java:1377)
	at io.netty.buffer.AbstractDerivedByteBuf.release0(AbstractDerivedByteBuf.java:98)
	at io.netty.buffer.AbstractDerivedByteBuf.release(AbstractDerivedByteBuf.java:94)
	at io.netty.util.ReferenceCountUtil.release(ReferenceCountUtil.java:90)
	at io.netty.util.ReferenceCountUtil.safeRelease(ReferenceCountUtil.java:116)
	at io.netty.channel.ChannelOutboundBuffer.remove(ChannelOutboundBuffer.java:300)
	at io.netty.channel.ChannelOutboundBuffer.removeBytes(ChannelOutboundBuffer.java:382)
	at io.netty.channel.uring.AbstractIoUringStreamChannel$IoUringStreamUnsafe.writeComplete0(AbstractIoUringStreamChannel.java:692)
	at io.netty.channel.uring.IoUringSocketChannel$IoUringSocketUnsafe.writeComplete0(IoUringSocketChannel.java:188)
	at io.netty.channel.uring.AbstractIoUringChannel$AbstractUringUnsafe.writeComplete(AbstractIoUringChannel.java:1003)
	at io.netty.channel.uring.AbstractIoUringChannel$AbstractUringUnsafe.handle(AbstractIoUringChannel.java:474)
	at io.netty.channel.uring.IoUringIoHandler$DefaultIoUringIoRegistration.handle(IoUringIoHandler.java:705)
	at io.netty.channel.uring.IoUringIoHandler.handleFastPath(IoUringIoHandler.java:318)
	at io.netty.channel.uring.IoUringIoHandler.handle(IoUringIoHandler.java:298)
	at io.netty.channel.uring.CompletionQueue.process(CompletionQueue.java:151)
	at io.netty.channel.uring.IoUringIoHandler.processCompletionsAndHandleOverflow(IoUringIoHandler.java:213)
	at io.netty.channel.uring.IoUringIoHandler.run(IoUringIoHandler.java:188)
	at io.netty.channel.SingleThreadIoEventLoop.runIo(SingleThreadIoEventLoop.java:225)
	at io.netty.channel.SingleThreadIoEventLoop.run(SingleThreadIoEventLoop.java:196)
	at io.netty.util.concurrent.SingleThreadEventExecutor$5.run(SingleThreadEventExecutor.java:1204)
	at io.netty.util.internal.ThreadExecutorMap$2.run(ThreadExecutorMap.java:74)
	at io.netty.util.concurrent.FastThreadLocalRunnable.run(FastThreadLocalRunnable.java:30)
	at java.base/java.lang.Thread.run(Thread.java:1583)
07:12:26.753 [multiThreadIoEventLoopGroup-4-3] WARN  io.netty.util.ReferenceCountUtil - Failed to release a message: UnpooledSlicedByteBuf(ridx: 0, widx: 2376, cap: 2376/2376, unwrapped: CycleArenaAllocator$ArenaBuf(ridx: 0, widx: 8192, cap: 8192))
java.lang.IllegalStateException: arena buffer of Thread[#28,multiThreadIoEventLoopGroup-3-3,10,main] touched from Thread[#32,multiThreadIoEventLoopGroup-4-3,10,main] (event-loop arena buffers are thread confined)
	at io.netty.buffer.CycleArenaAllocator$ArenaBuf.violation(CycleArenaAllocator.java:1448)
	at io.netty.buffer.CycleArenaAllocator$ArenaBuf.release(CycleArenaAllocator.java:1377)
	at io.netty.buffer.AbstractDerivedByteBuf.release0(AbstractDerivedByteBuf.java:98)
	at io.netty.buffer.AbstractDerivedByteBuf.release(AbstractDerivedByteBuf.java:94)
	at io.netty.util.ReferenceCountUtil.release(ReferenceCountUtil.java:90)
	at io.netty.util.ReferenceCountUtil.safeRelease(ReferenceCountUtil.java:116)
	at io.netty.channel.ChannelOutboundBuffer.remove(ChannelOutboundBuffer.java:300)
	at io.netty.channel.ChannelOutboundBuffer.removeBytes(ChannelOutboundBuffer.java:382)
	at io.netty.channel.uring.AbstractIoUringStreamChannel$IoUringStreamUnsafe.writeComplete0(AbstractIoUringStreamChannel.java:692)
	at io.netty.channel.uring.IoUringSocketChannel$IoUringSocketUnsafe.writeComplete0(IoUringSocketChannel.java:188)
	at io.netty.channel.uring.AbstractIoUringChannel$AbstractUringUnsafe.writeComplete(AbstractIoUringChannel.java:1003)
	at io.netty.channel.uring.AbstractIoUringChannel$AbstractUringUnsafe.handle(AbstractIoUringChannel.java:474)
	at io.netty.channel.uring.IoUringIoHandler$DefaultIoUringIoRegistration.handle(IoUringIoHandler.java:705)
	at io.netty.channel.uring.IoUringIoHandler.handleFastPath(IoUringIoHandler.java:318)
	at io.netty.channel.uring.IoUringIoHandler.handle(IoUringIoHandler.java:298)
	at io.netty.channel.uring.CompletionQueue.process(CompletionQueue.java:151)
	at io.netty.channel.uring.IoUringIoHandler.processCompletionsAndHandleOverflow(IoUringIoHandler.java:213)
	at io.netty.channel.uring.IoUringIoHandler.run(IoUringIoHandler.java:188)
	at io.netty.channel.SingleThreadIoEventLoop.runIo(SingleThreadIoEventLoop.java:225)
	at io.netty.channel.SingleThreadIoEventLoop.run(SingleThreadIoEventLoop.java:196)
	at io.netty.util.concurrent.SingleThreadEventExecutor$5.run(SingleThreadEventExecutor.java:1204)
	at io.netty.util.internal.ThreadExecutorMap$2.run(ThreadExecutorMap.java:74)
	at io.netty.util.concurrent.FastThreadLocalRunnable.run(FastThreadLocalRunnable.java:30)
	at java.base/java.lang.Thread.run(Thread.java:1583)
07:12:26.753 [multiThreadIoEventLoopGroup-4-3] WARN  io.netty.util.ReferenceCountUtil - Failed to release a message: UnpooledSlicedByteBuf(ridx: 0, widx: 2178, cap: 2178/2178, unwrapped: CycleArenaAllocator$ArenaBuf(ridx: 0, widx: 2178, cap: 8192))
java.lang.IllegalStateException: arena buffer of Thread[#26,multiThreadIoEventLoopGroup-3-1,10,main] touched from Thread[#32,multiThreadIoEventLoopGroup-4-3,10,main] (event-loop arena buffers are thread confined)
	at io.netty.buffer.CycleArenaAllocator$ArenaBuf.violation(CycleArenaAllocator.java:1448)
	at io.netty.buffer.CycleArenaAllocator$ArenaBuf.release(CycleArenaAllocator.java:1377)
	at io.netty.buffer.AbstractDerivedByteBuf.release0(AbstractDerivedByteBuf.java:98)
	at io.netty.buffer.AbstractDerivedByteBuf.release(AbstractDerivedByteBuf.java:94)
	at io.netty.util.ReferenceCountUtil.release(ReferenceCountUtil.java:90)
	at io.netty.util.ReferenceCountUtil.safeRelease(ReferenceCountUtil.java:116)
	at io.netty.channel.ChannelOutboundBuffer.remove(ChannelOutboundBuffer.java:300)
	at io.netty.channel.ChannelOutboundBuffer.removeBytes(ChannelOutboundBuffer.java:382)
	at io.netty.channel.uring.AbstractIoUringStreamChannel$IoUringStreamUnsafe.writeComplete0(AbstractIoUringStreamChannel.java:692)
	at io.netty.channel.uring.IoUringSocketChannel$IoUringSocketUnsafe.writeComplete0(IoUringSocketChannel.java:188)
	at io.netty.channel.uring.AbstractIoUringChannel$AbstractUringUnsafe.writeComplete(AbstractIoUringChannel.java:1003)
	at io.netty.channel.uring.AbstractIoUringChannel$AbstractUringUnsafe.handle(AbstractIoUringChannel.java:474)
	at io.netty.channel.uring.IoUringIoHandler$DefaultIoUringIoRegistration.handle(IoUringIoHandler.java:705)
	at io.netty.channel.uring.IoUringIoHandler.handleFastPath(IoUringIoHandler.java:318)
	at io.netty.channel.uring.IoUringIoHandler.handle(IoUringIoHandler.java:298)
	at io.netty.channel.uring.CompletionQueue.process(CompletionQueue.java:151)
	at io.netty.channel.uring.IoUringIoHandler.processCompletionsAndHandleOverflow(IoUringIoHandler.java:213)
	at io.netty.channel.uring.IoUringIoHandler.run(IoUringIoHandler.java:188)
	at io.netty.channel.SingleThreadIoEventLoop.runIo(SingleThreadIoEventLoop.java:225)
	at io.netty.channel.SingleThreadIoEventLoop.run(SingleThreadIoEventLoop.java:196)
	at io.netty.util.concurrent.SingleThreadEventExecutor$5.run(SingleThreadEventExecutor.java:1204)
	at io.netty.util.internal.ThreadExecutorMap$2.run(ThreadExecutorMap.java:74)
	at io.netty.util.concurrent.FastThreadLocalRunnable.run(FastThreadLocalRunnable.java:30)
	at java.base/java.lang.Thread.run(Thread.java:1583)
07:12:26.753 [multiThreadIoEventLoopGroup-4-3] WARN  i.n.channel.uring.IoUringIoHandler - Unexpected exception in the IO event loop.
java.lang.IllegalStateException: arena buffer of Thread[#27,multiThreadIoEventLoopGroup-3-2,10,main] touched from Thread[#32,multiThreadIoEventLoopGroup-4-3,10,main] (event-loop arena buffers are thread confined)
	at io.netty.buffer.CycleArenaAllocator$ArenaBuf.violation(CycleArenaAllocator.java:1448)
	at io.netty.buffer.CycleArenaAllocator$ArenaBuf.release(CycleArenaAllocator.java:1377)
	at io.netty.buffer.AbstractDerivedByteBuf.release0(AbstractDerivedByteBuf.java:98)
	at io.netty.buffer.AbstractDerivedByteBuf.release(AbstractDerivedByteBuf.java:94)
	at io.netty.channel.uring.IoUringSocketChannel$IoUringSocketUnsafe.handleWriteCompleteZeroCopy(IoUringSocketChannel.java:289)
	at io.netty.channel.uring.IoUringSocketChannel$IoUringSocketUnsafe.writeComplete0(IoUringSocketChannel.java:186)
	at io.netty.channel.uring.AbstractIoUringChannel$AbstractUringUnsafe.writeComplete(AbstractIoUringChannel.java:1003)
	at io.netty.channel.uring.AbstractIoUringChannel$AbstractUringUnsafe.handle(AbstractIoUringChannel.java:474)
	at io.netty.channel.uring.IoUringIoHandler$DefaultIoUringIoRegistration.handle(IoUringIoHandler.java:705)
	at io.netty.channel.uring.IoUringIoHandler.handleFastPath(IoUringIoHandler.java:318)
	at io.netty.channel.uring.IoUringIoHandler.handle(IoUringIoHandler.java:298)
	at io.netty.channel.uring.CompletionQueue.process(CompletionQueue.java:151)
	at io.netty.channel.uring.IoUringIoHandler.processCompletionsAndHandleOverflow(IoUringIoHandler.java:213)
	at io.netty.channel.uring.IoUringIoHandler.run(IoUringIoHandler.java:188)
	at io.netty.channel.SingleThreadIoEventLoop.runIo(SingleThreadIoEventLoop.java:225)
	at io.netty.channel.SingleThreadIoEventLoop.run(SingleThreadIoEventLoop.java:196)
	at io.netty.util.concurrent.SingleThreadEventExecutor$5.run(SingleThreadEventExecutor.java:1204)
	at io.netty.util.internal.ThreadExecutorMap$2.run(ThreadExecutorMap.java:74)
	at io.netty.util.concurrent.FastThreadLocalRunnable.run(FastThreadLocalRunnable.java:30)
	at java.base/java.lang.Thread.run(Thread.java:1583)
07:12:26.764 [multiThreadIoEventLoopGroup-4-1] WARN  i.n.channel.uring.IoUringIoHandler - Unexpected exception in the IO event loop.
java.lang.IllegalStateException: arena buffer of Thread[#28,multiThreadIoEventLoopGroup-3-3,10,main] touched from Thread[#30,multiThreadIoEventLoopGroup-4-1,10,main] (event-loop arena buffers are thread confined)
	at io.netty.buffer.CycleArenaAllocator$ArenaBuf.violation(CycleArenaAllocator.java:1448)
	at io.netty.buffer.CycleArenaAllocator$ArenaBuf.release(CycleArenaAllocator.java:1377)
	at io.netty.buffer.AbstractDerivedByteBuf.release0(AbstractDerivedByteBuf.java:98)
	at io.netty.buffer.AbstractDerivedByteBuf.release(AbstractDerivedByteBuf.java:94)
	at io.netty.channel.uring.IoUringSocketChannel$IoUringSocketUnsafe.handleWriteCompleteZeroCopy(IoUringSocketChannel.java:289)
	at io.netty.channel.uring.IoUringSocketChannel$IoUringSocketUnsafe.writeComplete0(IoUringSocketChannel.java:186)
	at io.netty.channel.uring.AbstractIoUringChannel$AbstractUringUnsafe.writeComplete(AbstractIoUringChannel.java:1003)
	at io.netty.channel.uring.AbstractIoUringChannel$AbstractUringUnsafe.handle(AbstractIoUringChannel.java:474)
	at io.netty.channel.uring.IoUringIoHandler$DefaultIoUringIoRegistration.handle(IoUringIoHandler.java:705)
	at io.netty.channel.uring.IoUringIoHandler.handleFastPath(IoUringIoHandler.java:318)
	at io.netty.channel.uring.IoUringIoHandler.handle(IoUringIoHandler.java:298)
	at io.netty.channel.uring.CompletionQueue.process(CompletionQueue.java:151)
	at io.netty.channel.uring.IoUringIoHandler.processCompletionsAndHandleOverflow(IoUringIoHandler.java:213)
	at io.netty.channel.uring.IoUringIoHandler.run(IoUringIoHandler.java:188)
	at io.netty.channel.SingleThreadIoEventLoop.runIo(SingleThreadIoEventLoop.java:225)
	at io.netty.channel.SingleThreadIoEventLoop.run(SingleThreadIoEventLoop.java:196)
	at io.netty.util.concurrent.SingleThreadEventExecutor$5.run(SingleThreadEventExecutor.java:1204)
	at io.netty.util.internal.ThreadExecutorMap$2.run(ThreadExecutorMap.java:74)
	at io.netty.util.concurrent.FastThreadLocalRunnable.run(FastThreadLocalRunnable.java:30)
	at java.base/java.lang.Thread.run(Thread.java:1583)
07:12:26.782 [multiThreadIoEventLoopGroup-4-2] WARN  io.netty.util.ReferenceCountUtil - Failed to release a message: UnpooledSlicedByteBuf(ridx: 0, widx: 1980, cap: 1980/1980, unwrapped: CycleArenaAllocator$ArenaBuf(ridx: 0, widx: 1980, cap: 8192))
java.lang.IllegalStateException: arena buffer of Thread[#27,multiThreadIoEventLoopGroup-3-2,10,main] touched from Thread[#31,multiThreadIoEventLoopGroup-4-2,10,main] (event-loop arena buffers are thread confined)
	at io.netty.buffer.CycleArenaAllocator$ArenaBuf.violation(CycleArenaAllocator.java:1448)
	at io.netty.buffer.CycleArenaAllocator$ArenaBuf.release(CycleArenaAllocator.java:1377)
	at io.netty.buffer.AbstractDerivedByteBuf.release0(AbstractDerivedByteBuf.java:98)
	at io.netty.buffer.AbstractDerivedByteBuf.release(AbstractDerivedByteBuf.java:94)
	at io.netty.util.ReferenceCountUtil.release(ReferenceCountUtil.java:90)
	at io.netty.util.ReferenceCountUtil.safeRelease(ReferenceCountUtil.java:116)
	at io.netty.channel.ChannelOutboundBuffer.remove(ChannelOutboundBuffer.java:300)
	at io.netty.channel.ChannelOutboundBuffer.removeBytes(ChannelOutboundBuffer.java:382)
	at io.netty.channel.uring.AbstractIoUringStreamChannel$IoUringStreamUnsafe.writeComplete0(AbstractIoUringStreamChannel.java:692)
	at io.netty.channel.uring.IoUringSocketChannel$IoUringSocketUnsafe.writeComplete0(IoUringSocketChannel.java:188)
	at io.netty.channel.uring.AbstractIoUringChannel$AbstractUringUnsafe.writeComplete(AbstractIoUringChannel.java:1003)
	at io.netty.channel.uring.AbstractIoUringChannel$AbstractUringUnsafe.handle(AbstractIoUringChannel.java:474)
	at io.netty.channel.uring.IoUringIoHandler$DefaultIoUringIoRegistration.handle(IoUringIoHandler.java:705)
	at io.netty.channel.uring.IoUringIoHandler.handleFastPath(IoUringIoHandler.java:318)
	at io.netty.channel.uring.IoUringIoHandler.handle(IoUringIoHandler.java:298)
	at io.netty.channel.uring.CompletionQueue.process(CompletionQueue.java:151)
	at io.netty.channel.uring.IoUringIoHandler.processCompletionsAndHandleOverflow(IoUringIoHandler.java:213)
	at io.netty.channel.uring.IoUringIoHandler.run(IoUringIoHandler.java:188)
	at io.netty.channel.SingleThreadIoEventLoop.runIo(SingleThreadIoEventLoop.java:225)
	at io.netty.channel.SingleThreadIoEventLoop.run(SingleThreadIoEventLoop.java:196)
	at io.netty.util.concurrent.SingleThreadEventExecutor$5.run(SingleThreadEventExecutor.java:1204)
	at io.netty.util.internal.ThreadExecutorMap$2.run(ThreadExecutorMap.java:74)
	at io.netty.util.concurrent.FastThreadLocalRunnable.run(FastThreadLocalRunnable.java:30)
	at java.base/java.lang.Thread.run(Thread.java:1583)
07:12:26.782 [multiThreadIoEventLoopGroup-4-2] WARN  i.n.channel.uring.IoUringIoHandler - Unexpected exception in the IO event loop.
java.lang.IllegalStateException: arena buffer of Thread[#26,multiThreadIoEventLoopGroup-3-1,10,main] touched from Thread[#31,multiThreadIoEventLoopGroup-4-2,10,main] (event-loop arena buffers are thread confined)
	at io.netty.buffer.CycleArenaAllocator$ArenaBuf.violation(CycleArenaAllocator.java:1448)
	at io.netty.buffer.CycleArenaAllocator$ArenaBuf.release(CycleArenaAllocator.java:1377)
	at io.netty.buffer.AbstractDerivedByteBuf.release0(AbstractDerivedByteBuf.java:98)
	at io.netty.buffer.AbstractDerivedByteBuf.release(AbstractDerivedByteBuf.java:94)
	at io.netty.channel.uring.IoUringSocketChannel$IoUringSocketUnsafe.handleWriteCompleteZeroCopy(IoUringSocketChannel.java:289)
	at io.netty.channel.uring.IoUringSocketChannel$IoUringSocketUnsafe.writeComplete0(IoUringSocketChannel.java:186)
	at io.netty.channel.uring.AbstractIoUringChannel$AbstractUringUnsafe.writeComplete(AbstractIoUringChannel.java:1003)
	at io.netty.channel.uring.AbstractIoUringChannel$AbstractUringUnsafe.handle(AbstractIoUringChannel.java:474)
	at io.netty.channel.uring.IoUringIoHandler$DefaultIoUringIoRegistration.handle(IoUringIoHandler.java:705)
	at io.netty.channel.uring.IoUringIoHandler.handleFastPath(IoUringIoHandler.java:318)
	at io.netty.channel.uring.IoUringIoHandler.handle(IoUringIoHandler.java:298)
	at io.netty.channel.uring.CompletionQueue.process(CompletionQueue.java:151)
	at io.netty.channel.uring.IoUringIoHandler.processCompletionsAndHandleOverflow(IoUringIoHandler.java:213)
	at io.netty.channel.uring.IoUringIoHandler.run(IoUringIoHandler.java:188)
	at io.netty.channel.SingleThreadIoEventLoop.runIo(SingleThreadIoEventLoop.java:225)
	at io.netty.channel.SingleThreadIoEventLoop.run(SingleThreadIoEventLoop.java:196)
	at io.netty.util.concurrent.SingleThreadEventExecutor$5.run(SingleThreadEventExecutor.java:1204)
	at io.netty.util.internal.ThreadExecutorMap$2.run(ThreadExecutorMap.java:74)
	at io.netty.util.concurrent.FastThreadLocalRunnable.run(FastThreadLocalRunnable.java:30)
	at java.base/java.lang.Thread.run(Thread.java:1583)
07:12:26.804 [multiThreadIoEventLoopGroup-4-4] WARN  i.n.channel.uring.IoUringIoHandler - Unexpected exception in the IO event loop.
java.lang.IllegalStateException: arena buffer of Thread[#29,multiThreadIoEventLoopGroup-3-4,10,main] touched from Thread[#33,multiThreadIoEventLoopGroup-4-4,10,main] (event-loop arena buffers are thread confined)
	at io.netty.buffer.CycleArenaAllocator$ArenaBuf.violation(CycleArenaAllocator.java:1448)
	at io.netty.buffer.CycleArenaAllocator$ArenaBuf.release(CycleArenaAllocator.java:1377)
	at io.netty.buffer.AbstractDerivedByteBuf.release0(AbstractDerivedByteBuf.java:98)
	at io.netty.buffer.AbstractDerivedByteBuf.release(AbstractDerivedByteBuf.java:94)
	at io.netty.channel.uring.IoUringSocketChannel$IoUringSocketUnsafe.handleWriteCompleteZeroCopy(IoUringSocketChannel.java:289)
	at io.netty.channel.uring.IoUringSocketChannel$IoUringSocketUnsafe.writeComplete0(IoUringSocketChannel.java:186)
	at io.netty.channel.uring.AbstractIoUringChannel$AbstractUringUnsafe.writeComplete(AbstractIoUringChannel.java:1003)
	at io.netty.channel.uring.AbstractIoUringChannel$AbstractUringUnsafe.handle(AbstractIoUringChannel.java:474)
	at io.netty.channel.uring.IoUringIoHandler$DefaultIoUringIoRegistration.handle(IoUringIoHandler.java:705)
	at io.netty.channel.uring.IoUringIoHandler.handleFastPath(IoUringIoHandler.java:318)
	at io.netty.channel.uring.IoUringIoHandler.handle(IoUringIoHandler.java:298)
	at io.netty.channel.uring.CompletionQueue.process(CompletionQueue.java:151)
	at io.netty.channel.uring.IoUringIoHandler.processCompletionsAndHandleOverflow(IoUringIoHandler.java:213)
	at io.netty.channel.uring.IoUringIoHandler.run(IoUringIoHandler.java:188)
	at io.netty.channel.SingleThreadIoEventLoop.runIo(SingleThreadIoEventLoop.java:225)
	at io.netty.channel.SingleThreadIoEventLoop.run(SingleThreadIoEventLoop.java:196)
	at io.netty.util.concurrent.SingleThreadEventExecutor$5.run(SingleThreadEventExecutor.java:1204)
	at io.netty.util.internal.ThreadExecutorMap$2.run(ThreadExecutorMap.java:74)
	at io.netty.util.concurrent.FastThreadLocalRunnable.run(FastThreadLocalRunnable.java:30)
	at java.base/java.lang.Thread.run(Thread.java:1583)
07:12:26.852 [multiThreadIoEventLoopGroup-3-1] WARN  i.n.channel.uring.IoUringIoHandler - Unexpected exception in the IO event loop.
java.lang.IllegalStateException: arena buffer of Thread[#30,multiThreadIoEventLoopGroup-4-1,10,main] touched from Thread[#26,multiThreadIoEventLoopGroup-3-1,10,main] (event-loop arena buffers are thread confined)
	at io.netty.buffer.CycleArenaAllocator$ArenaBuf.violation(CycleArenaAllocator.java:1448)
	at io.netty.buffer.CycleArenaAllocator$ArenaBuf.release(CycleArenaAllocator.java:1377)
	at io.netty.buffer.AbstractDerivedByteBuf.release0(AbstractDerivedByteBuf.java:98)
	at io.netty.buffer.AbstractDerivedByteBuf.release(AbstractDerivedByteBuf.java:94)
	at io.netty.channel.uring.IoUringSocketChannel$IoUringSocketUnsafe.handleWriteCompleteZeroCopy(IoUringSocketChannel.java:289)
	at io.netty.channel.uring.IoUringSocketChannel$IoUringSocketUnsafe.writeComplete0(IoUringSocketChannel.java:186)
	at io.netty.channel.uring.AbstractIoUringChannel$AbstractUringUnsafe.writeComplete(AbstractIoUringChannel.java:1003)
	at io.netty.channel.uring.AbstractIoUringChannel$AbstractUringUnsafe.handle(AbstractIoUringChannel.java:474)
	at io.netty.channel.uring.IoUringIoHandler$DefaultIoUringIoRegistration.handle(IoUringIoHandler.java:705)
	at io.netty.channel.uring.IoUringIoHandler.handleFastPath(IoUringIoHandler.java:318)
	at io.netty.channel.uring.IoUringIoHandler.handle(IoUringIoHandler.java:298)
	at io.netty.channel.uring.CompletionQueue.process(CompletionQueue.java:151)
	at io.netty.channel.uring.IoUringIoHandler.processCompletionsAndHandleOverflow(IoUringIoHandler.java:213)
	at io.netty.channel.uring.IoUringIoHandler.run(IoUringIoHandler.java:188)
	at io.netty.channel.SingleThreadIoEventLoop.runIo(SingleThreadIoEventLoop.java:225)
	at io.netty.channel.SingleThreadIoEventLoop.run(SingleThreadIoEventLoop.java:196)
	at io.netty.util.concurrent.SingleThreadEventExecutor$5.run(SingleThreadEventExecutor.java:1204)
	at io.netty.util.internal.ThreadExecutorMap$2.run(ThreadExecutorMap.java:74)
	at io.netty.util.concurrent.FastThreadLocalRunnable.run(FastThreadLocalRunnable.java:30)
	at java.base/java.lang.Thread.run(Thread.java:1583)
07:12:26.863 [multiThreadIoEventLoopGroup-3-2] WARN  i.n.channel.uring.IoUringIoHandler - Unexpected exception in the IO event loop.
java.lang.IllegalStateException: arena buffer of Thread[#30,multiThreadIoEventLoopGroup-4-1,10,main] touched from Thread[#27,multiThreadIoEventLoopGroup-3-2,10,main] (event-loop arena buffers are thread confined)
	at io.netty.buffer.CycleArenaAllocator$ArenaBuf.violation(CycleArenaAllocator.java:1448)
	at io.netty.buffer.CycleArenaAllocator$ArenaBuf.release(CycleArenaAllocator.java:1377)
	at io.netty.buffer.AbstractDerivedByteBuf.release0(AbstractDerivedByteBuf.java:98)
	at io.netty.buffer.AbstractDerivedByteBuf.release(AbstractDerivedByteBuf.java:94)
	at io.netty.channel.uring.IoUringSocketChannel$IoUringSocketUnsafe.handleWriteCompleteZeroCopy(IoUringSocketChannel.java:289)
	at io.netty.channel.uring.IoUringSocketChannel$IoUringSocketUnsafe.writeComplete0(IoUringSocketChannel.java:186)
	at io.netty.channel.uring.AbstractIoUringChannel$AbstractUringUnsafe.writeComplete(AbstractIoUringChannel.java:1003)
	at io.netty.channel.uring.AbstractIoUringChannel$AbstractUringUnsafe.handle(AbstractIoUringChannel.java:474)
	at io.netty.channel.uring.IoUringIoHandler$DefaultIoUringIoRegistration.handle(IoUringIoHandler.java:705)
	at io.netty.channel.uring.IoUringIoHandler.handleFastPath(IoUringIoHandler.java:318)
	at io.netty.channel.uring.IoUringIoHandler.handle(IoUringIoHandler.java:298)
	at io.netty.channel.uring.CompletionQueue.process(CompletionQueue.java:151)
	at io.netty.channel.uring.IoUringIoHandler.processCompletionsAndHandleOverflow(IoUringIoHandler.java:213)
	at io.netty.channel.uring.IoUringIoHandler.run(IoUringIoHandler.java:188)
	at io.netty.channel.SingleThreadIoEventLoop.runIo(SingleThreadIoEventLoop.java:225)
	at io.netty.channel.SingleThreadIoEventLoop.run(SingleThreadIoEventLoop.java:196)
	at io.netty.util.concurrent.SingleThreadEventExecutor$5.run(SingleThreadEventExecutor.java:1204)
	at io.netty.util.internal.ThreadExecutorMap$2.run(ThreadExecutorMap.java:74)
	at io.netty.util.concurrent.FastThreadLocalRunnable.run(FastThreadLocalRunnable.java:30)
	at java.base/java.lang.Thread.run(Thread.java:1583)
07:12:26.905 [multiThreadIoEventLoopGroup-3-4] WARN  i.n.channel.uring.IoUringIoHandler - Unexpected exception in the IO event loop.
java.lang.IllegalStateException: arena buffer of Thread[#33,multiThreadIoEventLoopGroup-4-4,10,main] touched from Thread[#29,multiThreadIoEventLoopGroup-3-4,10,main] (event-loop arena buffers are thread confined)
	at io.netty.buffer.CycleArenaAllocator$ArenaBuf.violation(CycleArenaAllocator.java:1448)
	at io.netty.buffer.CycleArenaAllocator$ArenaBuf.retain(CycleArenaAllocator.java:1351)
	at io.netty.buffer.AbstractDerivedByteBuf.retain0(AbstractDerivedByteBuf.java:58)
	at io.netty.buffer.AbstractDerivedByteBuf.retain(AbstractDerivedByteBuf.java:54)
	at io.netty.channel.uring.IoUringSocketChannel$IoUringSocketUnsafe.handleWriteCompleteZeroCopy(IoUringSocketChannel.java:220)
	at io.netty.channel.uring.IoUringSocketChannel$IoUringSocketUnsafe.writeComplete0(IoUringSocketChannel.java:186)
	at io.netty.channel.uring.AbstractIoUringChannel$AbstractUringUnsafe.writeComplete(AbstractIoUringChannel.java:1003)
	at io.netty.channel.uring.AbstractIoUringChannel$AbstractUringUnsafe.handle(AbstractIoUringChannel.java:474)
	at io.netty.channel.uring.IoUringIoHandler$DefaultIoUringIoRegistration.handle(IoUringIoHandler.java:705)
	at io.netty.channel.uring.IoUringIoHandler.handleFastPath(IoUringIoHandler.java:318)
	at io.netty.channel.uring.IoUringIoHandler.handle(IoUringIoHandler.java:298)
	at io.netty.channel.uring.CompletionQueue.process(CompletionQueue.java:151)
	at io.netty.channel.uring.IoUringIoHandler.processCompletionsAndHandleOverflow(IoUringIoHandler.java:213)
	at io.netty.channel.uring.IoUringIoHandler.run(IoUringIoHandler.java:188)
	at io.netty.channel.SingleThreadIoEventLoop.runIo(SingleThreadIoEventLoop.java:225)
	at io.netty.channel.SingleThreadIoEventLoop.run(SingleThreadIoEventLoop.java:196)
	at io.netty.util.concurrent.SingleThreadEventExecutor$5.run(SingleThreadEventExecutor.java:1204)
	at io.netty.util.internal.ThreadExecutorMap$2.run(ThreadExecutorMap.java:74)
	at io.netty.util.concurrent.FastThreadLocalRunnable.run(FastThreadLocalRunnable.java:30)
	at java.base/java.lang.Thread.run(Thread.java:1583)
07:12:26.957 [multiThreadIoEventLoopGroup-3-1] WARN  i.n.channel.uring.IoUringIoHandler - Unexpected exception in the IO event loop.
java.lang.IllegalStateException: arena buffer of Thread[#30,multiThreadIoEventLoopGroup-4-1,10,main] touched from Thread[#26,multiThreadIoEventLoopGroup-3-1,10,main] (event-loop arena buffers are thread confined)
	at io.netty.buffer.CycleArenaAllocator$ArenaBuf.violation(CycleArenaAllocator.java:1448)
	at io.netty.buffer.CycleArenaAllocator$ArenaBuf.release(CycleArenaAllocator.java:1377)
	at io.netty.buffer.AbstractDerivedByteBuf.release0(AbstractDerivedByteBuf.java:98)
	at io.netty.buffer.AbstractDerivedByteBuf.release(AbstractDerivedByteBuf.java:94)
	at io.netty.channel.uring.IoUringSocketChannel$IoUringSocketUnsafe.handleWriteCompleteZeroCopy(IoUringSocketChannel.java:289)
	at io.netty.channel.uring.IoUringSocketChannel$IoUringSocketUnsafe.writeComplete0(IoUringSocketChannel.java:186)
	at io.netty.channel.uring.AbstractIoUringChannel$AbstractUringUnsafe.writeComplete(AbstractIoUringChannel.java:1003)
	at io.netty.channel.uring.AbstractIoUringChannel$AbstractUringUnsafe.handle(AbstractIoUringChannel.java:474)
	at io.netty.channel.uring.IoUringIoHandler$DefaultIoUringIoRegistration.handle(IoUringIoHandler.java:705)
	at io.netty.channel.uring.IoUringIoHandler.handleFastPath(IoUringIoHandler.java:318)
	at io.netty.channel.uring.IoUringIoHandler.handle(IoUringIoHandler.java:298)
	at io.netty.channel.uring.CompletionQueue.process(CompletionQueue.java:151)
	at io.netty.channel.uring.IoUringIoHandler.processCompletionsAndHandleOverflow(IoUringIoHandler.java:213)
	at io.netty.channel.uring.IoUringIoHandler.run(IoUringIoHandler.java:188)
	at io.netty.channel.SingleThreadIoEventLoop.runIo(SingleThreadIoEventLoop.java:225)
	at io.netty.channel.SingleThreadIoEventLoop.run(SingleThreadIoEventLoop.java:196)
	at io.netty.util.concurrent.SingleThreadEventExecutor$5.run(SingleThreadEventExecutor.java:1204)
	at io.netty.util.internal.ThreadExecutorMap$2.run(ThreadExecutorMap.java:74)
	at io.netty.util.concurrent.FastThreadLocalRunnable.run(FastThreadLocalRunnable.java:30)
	at java.base/java.lang.Thread.run(Thread.java:1583)
07:12:26.963 [multiThreadIoEventLoopGroup-3-2] WARN  io.netty.util.ReferenceCountUtil - Failed to release a message: UnpooledSlicedByteBuf(ridx: 0, widx: 2519, cap: 2519/2519, unwrapped: CycleArenaAllocator$ArenaBuf(ridx: 0, widx: 8192, cap: 8192))
java.lang.IllegalStateException: arena buffer of Thread[#31,multiThreadIoEventLoopGroup-4-2,10,main] touched from Thread[#27,multiThreadIoEventLoopGroup-3-2,10,main] (event-loop arena buffers are thread confined)
	at io.netty.buffer.CycleArenaAllocator$ArenaBuf.violation(CycleArenaAllocator.java:1448)
	at io.netty.buffer.CycleArenaAllocator$ArenaBuf.release(CycleArenaAllocator.java:1377)
	at io.netty.buffer.AbstractDerivedByteBuf.release0(AbstractDerivedByteBuf.java:98)
	at io.netty.buffer.AbstractDerivedByteBuf.release(AbstractDerivedByteBuf.java:94)
	at io.netty.util.ReferenceCountUtil.release(ReferenceCountUtil.java:90)
	at io.netty.util.ReferenceCountUtil.safeRelease(ReferenceCountUtil.java:116)
	at io.netty.channel.ChannelOutboundBuffer.remove(ChannelOutboundBuffer.java:300)
	at io.netty.channel.ChannelOutboundBuffer.removeBytes(ChannelOutboundBuffer.java:382)
	at io.netty.channel.uring.AbstractIoUringStreamChannel$IoUringStreamUnsafe.writeComplete0(AbstractIoUringStreamChannel.java:692)
	at io.netty.channel.uring.IoUringSocketChannel$IoUringSocketUnsafe.writeComplete0(IoUringSocketChannel.java:188)
	at io.netty.channel.uring.AbstractIoUringChannel$AbstractUringUnsafe.writeComplete(AbstractIoUringChannel.java:1003)
	at io.netty.channel.uring.AbstractIoUringChannel$AbstractUringUnsafe.handle(AbstractIoUringChannel.java:474)
	at io.netty.channel.uring.IoUringIoHandler$DefaultIoUringIoRegistration.handle(IoUringIoHandler.java:705)
	at io.netty.channel.uring.IoUringIoHandler.handleFastPath(IoUringIoHandler.java:318)
	at io.netty.channel.uring.IoUringIoHandler.handle(IoUringIoHandler.java:298)
	at io.netty.channel.uring.CompletionQueue.process(CompletionQueue.java:151)
	at io.netty.channel.uring.IoUringIoHandler.processCompletionsAndHandleOverflow(IoUringIoHandler.java:213)
	at io.netty.channel.uring.IoUringIoHandler.run(IoUringIoHandler.java:188)
	at io.netty.channel.SingleThreadIoEventLoop.runIo(SingleThreadIoEventLoop.java:225)
	at io.netty.channel.SingleThreadIoEventLoop.run(SingleThreadIoEventLoop.java:196)
	at io.netty.util.concurrent.SingleThreadEventExecutor$5.run(SingleThreadEventExecutor.java:1204)
	at io.netty.util.internal.ThreadExecutorMap$2.run(ThreadExecutorMap.java:74)
	at io.netty.util.concurrent.FastThreadLocalRunnable.run(FastThreadLocalRunnable.java:30)
	at java.base/java.lang.Thread.run(Thread.java:1583)
07:12:26.964 [multiThreadIoEventLoopGroup-3-2] WARN  io.netty.util.ReferenceCountUtil - Failed to release a message: UnpooledSlicedByteBuf(ridx: 0, widx: 1771, cap: 1771/1771, unwrapped: CycleArenaAllocator$ArenaBuf(ridx: 0, widx: 8192, cap: 8192))
java.lang.IllegalStateException: arena buffer of Thread[#30,multiThreadIoEventLoopGroup-4-1,10,main] touched from Thread[#27,multiThreadIoEventLoopGroup-3-2,10,main] (event-loop arena buffers are thread confined)
	at io.netty.buffer.CycleArenaAllocator$ArenaBuf.violation(CycleArenaAllocator.java:1448)
	at io.netty.buffer.CycleArenaAllocator$ArenaBuf.release(CycleArenaAllocator.java:1377)
	at io.netty.buffer.AbstractDerivedByteBuf.release0(AbstractDerivedByteBuf.java:98)
	at io.netty.buffer.AbstractDerivedByteBuf.release(AbstractDerivedByteBuf.java:94)
	at io.netty.util.ReferenceCountUtil.release(ReferenceCountUtil.java:90)
	at io.netty.util.ReferenceCountUtil.safeRelease(ReferenceCountUtil.java:116)
	at io.netty.channel.ChannelOutboundBuffer.remove(ChannelOutboundBuffer.java:300)
	at io.netty.channel.ChannelOutboundBuffer.removeBytes(ChannelOutboundBuffer.java:382)
	at io.netty.channel.uring.AbstractIoUringStreamChannel$IoUringStreamUnsafe.writeComplete0(AbstractIoUringStreamChannel.java:692)
	at io.netty.channel.uring.IoUringSocketChannel$IoUringSocketUnsafe.writeComplete0(IoUringSocketChannel.java:188)
	at io.netty.channel.uring.AbstractIoUringChannel$AbstractUringUnsafe.writeComplete(AbstractIoUringChannel.java:1003)
	at io.netty.channel.uring.AbstractIoUringChannel$AbstractUringUnsafe.handle(AbstractIoUringChannel.java:474)
	at io.netty.channel.uring.IoUringIoHandler$DefaultIoUringIoRegistration.handle(IoUringIoHandler.java:705)
	at io.netty.channel.uring.IoUringIoHandler.handleFastPath(IoUringIoHandler.java:318)
	at io.netty.channel.uring.IoUringIoHandler.handle(IoUringIoHandler.java:298)
	at io.netty.channel.uring.CompletionQueue.process(CompletionQueue.java:151)
	at io.netty.channel.uring.IoUringIoHandler.processCompletionsAndHandleOverflow(IoUringIoHandler.java:213)
	at io.netty.channel.uring.IoUringIoHandler.run(IoUringIoHandler.java:188)
	at io.netty.channel.SingleThreadIoEventLoop.runIo(SingleThreadIoEventLoop.java:225)
	at io.netty.channel.SingleThreadIoEventLoop.run(SingleThreadIoEventLoop.java:196)
	at io.netty.util.concurrent.SingleThreadEventExecutor$5.run(SingleThreadEventExecutor.java:1204)
	at io.netty.util.internal.ThreadExecutorMap$2.run(ThreadExecutorMap.java:74)
	at io.netty.util.concurrent.FastThreadLocalRunnable.run(FastThreadLocalRunnable.java:30)
	at java.base/java.lang.Thread.run(Thread.java:1583)
07:12:26.964 [multiThreadIoEventLoopGroup-3-2] WARN  i.n.channel.uring.IoUringIoHandler - Unexpected exception in the IO event loop.
java.lang.IllegalStateException: arena buffer of Thread[#33,multiThreadIoEventLoopGroup-4-4,10,main] touched from Thread[#27,multiThreadIoEventLoopGroup-3-2,10,main] (event-loop arena buffers are thread confined)
	at io.netty.buffer.CycleArenaAllocator$ArenaBuf.violation(CycleArenaAllocator.java:1448)
	at io.netty.buffer.CycleArenaAllocator$ArenaBuf.release(CycleArenaAllocator.java:1377)
	at io.netty.buffer.AbstractDerivedByteBuf.release0(AbstractDerivedByteBuf.java:98)
	at io.netty.buffer.AbstractDerivedByteBuf.release(AbstractDerivedByteBuf.java:94)
	at io.netty.channel.uring.IoUringSocketChannel$IoUringSocketUnsafe.handleWriteCompleteZeroCopy(IoUringSocketChannel.java:289)
	at io.netty.channel.uring.IoUringSocketChannel$IoUringSocketUnsafe.writeComplete0(IoUringSocketChannel.java:186)
	at io.netty.channel.uring.AbstractIoUringChannel$AbstractUringUnsafe.writeComplete(AbstractIoUringChannel.java:1003)
	at io.netty.channel.uring.AbstractIoUringChannel$AbstractUringUnsafe.handle(AbstractIoUringChannel.java:474)
	at io.netty.channel.uring.IoUringIoHandler$DefaultIoUringIoRegistration.handle(IoUringIoHandler.java:705)
	at io.netty.channel.uring.IoUringIoHandler.handleFastPath(IoUringIoHandler.java:318)
	at io.netty.channel.uring.IoUringIoHandler.handle(IoUringIoHandler.java:298)
	at io.netty.channel.uring.CompletionQueue.process(CompletionQueue.java:151)
	at io.netty.channel.uring.IoUringIoHandler.processCompletionsAndHandleOverflow(IoUringIoHandler.java:213)
	at io.netty.channel.uring.IoUringIoHandler.run(IoUringIoHandler.java:188)
	at io.netty.channel.SingleThreadIoEventLoop.runIo(SingleThreadIoEventLoop.java:225)
	at io.netty.channel.SingleThreadIoEventLoop.run(SingleThreadIoEventLoop.java:196)
	at io.netty.util.concurrent.SingleThreadEventExecutor$5.run(SingleThreadEventExecutor.java:1204)
	at io.netty.util.internal.ThreadExecutorMap$2.run(ThreadExecutorMap.java:74)
	at io.netty.util.concurrent.FastThreadLocalRunnable.run(FastThreadLocalRunnable.java:30)
	at java.base/java.lang.Thread.run(Thread.java:1583)
07:12:26.968 [multiThreadIoEventLoopGroup-4-1] WARN  i.n.channel.uring.IoUringIoHandler - Unexpected exception in the IO event loop.
java.lang.IllegalStateException: arena buffer of Thread[#27,multiThreadIoEventLoopGroup-3-2,10,main] touched from Thread[#30,multiThreadIoEventLoopGroup-4-1,10,main] (event-loop arena buffers are thread confined)
	at io.netty.buffer.CycleArenaAllocator$ArenaBuf.violation(CycleArenaAllocator.java:1448)
	at io.netty.buffer.CycleArenaAllocator$ArenaBuf.retain(CycleArenaAllocator.java:1351)
	at io.netty.buffer.AbstractDerivedByteBuf.retain0(AbstractDerivedByteBuf.java:58)
	at io.netty.buffer.AbstractDerivedByteBuf.retain(AbstractDerivedByteBuf.java:54)
	at io.netty.channel.uring.IoUringSocketChannel$IoUringSocketUnsafe.handleWriteCompleteZeroCopy(IoUringSocketChannel.java:220)
	at io.netty.channel.uring.IoUringSocketChannel$IoUringSocketUnsafe.writeComplete0(IoUringSocketChannel.java:186)
	at io.netty.channel.uring.AbstractIoUringChannel$AbstractUringUnsafe.writeComplete(AbstractIoUringChannel.java:1003)
	at io.netty.channel.uring.AbstractIoUringChannel$AbstractUringUnsafe.handle(AbstractIoUringChannel.java:474)
	at io.netty.channel.uring.IoUringIoHandler$DefaultIoUringIoRegistration.handle(IoUringIoHandler.java:705)
	at io.netty.channel.uring.IoUringIoHandler.handleFastPath(IoUringIoHandler.java:318)
	at io.netty.channel.uring.IoUringIoHandler.handle(IoUringIoHandler.java:298)
	at io.netty.channel.uring.CompletionQueue.process(CompletionQueue.java:151)
	at io.netty.channel.uring.IoUringIoHandler.processCompletionsAndHandleOverflow(IoUringIoHandler.java:213)
	at io.netty.channel.uring.IoUringIoHandler.run(IoUringIoHandler.java:188)
	at io.netty.channel.SingleThreadIoEventLoop.runIo(SingleThreadIoEventLoop.java:225)
	at io.netty.channel.SingleThreadIoEventLoop.run(SingleThreadIoEventLoop.java:196)
	at io.netty.util.concurrent.SingleThreadEventExecutor$5.run(SingleThreadEventExecutor.java:1204)
	at io.netty.util.internal.ThreadExecutorMap$2.run(ThreadExecutorMap.java:74)
	at io.netty.util.concurrent.FastThreadLocalRunnable.run(FastThreadLocalRunnable.java:30)
	at java.base/java.lang.Thread.run(Thread.java:1583)
07:12:27.010 [multiThreadIoEventLoopGroup-3-4] WARN  i.n.channel.uring.IoUringIoHandler - Unexpected exception in the IO event loop.
java.lang.IllegalStateException: arena buffer of Thread[#33,multiThreadIoEventLoopGroup-4-4,10,main] touched from Thread[#29,multiThreadIoEventLoopGroup-3-4,10,main] (event-loop arena buffers are thread confined)
	at io.netty.buffer.CycleArenaAllocator$ArenaBuf.violation(CycleArenaAllocator.java:1448)
	at io.netty.buffer.CycleArenaAllocator$ArenaBuf.release(CycleArenaAllocator.java:1377)
	at io.netty.buffer.AbstractDerivedByteBuf.release0(AbstractDerivedByteBuf.java:98)
	at io.netty.buffer.AbstractDerivedByteBuf.release(AbstractDerivedByteBuf.java:94)
	at io.netty.channel.uring.IoUringSocketChannel$IoUringSocketUnsafe.handleWriteCompleteZeroCopy(IoUringSocketChannel.java:289)
	at io.netty.channel.uring.IoUringSocketChannel$IoUringSocketUnsafe.writeComplete0(IoUringSocketChannel.java:186)
	at io.netty.channel.uring.AbstractIoUringChannel$AbstractUringUnsafe.writeComplete(AbstractIoUringChannel.java:1003)
	at io.netty.channel.uring.AbstractIoUringChannel$AbstractUringUnsafe.handle(AbstractIoUringChannel.java:474)
	at io.netty.channel.uring.IoUringIoHandler$DefaultIoUringIoRegistration.handle(IoUringIoHandler.java:705)
	at io.netty.channel.uring.IoUringIoHandler.handleFastPath(IoUringIoHandler.java:318)
	at io.netty.channel.uring.IoUringIoHandler.handle(IoUringIoHandler.java:298)
	at io.netty.channel.uring.CompletionQueue.process(CompletionQueue.java:151)
	at io.netty.channel.uring.IoUringIoHandler.processCompletionsAndHandleOverflow(IoUringIoHandler.java:213)
	at io.netty.channel.uring.IoUringIoHandler.run(IoUringIoHandler.java:188)
	at io.netty.channel.SingleThreadIoEventLoop.runIo(SingleThreadIoEventLoop.java:225)
	at io.netty.channel.SingleThreadIoEventLoop.run(SingleThreadIoEventLoop.java:196)
	at io.netty.util.concurrent.SingleThreadEventExecutor$5.run(SingleThreadEventExecutor.java:1204)
	at io.netty.util.internal.ThreadExecutorMap$2.run(ThreadExecutorMap.java:74)
	at io.netty.util.concurrent.FastThreadLocalRunnable.run(FastThreadLocalRunnable.java:30)
	at java.base/java.lang.Thread.run(Thread.java:1583)
07:12:27.098 [multiThreadIoEventLoopGroup-3-1] WARN  io.netty.util.ReferenceCountUtil - Failed to release a message: UnpooledSlicedByteBuf(ridx: 0, widx: 2613, cap: 2613/2613, unwrapped: CycleArenaAllocator$ArenaBuf(ridx: 0, widx: 8192, cap: 8192))
java.lang.IllegalStateException: arena buffer of Thread[#30,multiThreadIoEventLoopGroup-4-1,10,main] touched from Thread[#26,multiThreadIoEventLoopGroup-3-1,10,main] (event-loop arena buffers are thread confined)
	at io.netty.buffer.CycleArenaAllocator$ArenaBuf.violation(CycleArenaAllocator.java:1448)
	at io.netty.buffer.CycleArenaAllocator$ArenaBuf.release(CycleArenaAllocator.java:1377)
	at io.netty.buffer.AbstractDerivedByteBuf.release0(AbstractDerivedByteBuf.java:98)
	at io.netty.buffer.AbstractDerivedByteBuf.release(AbstractDerivedByteBuf.java:94)
	at io.netty.util.ReferenceCountUtil.release(ReferenceCountUtil.java:90)
	at io.netty.util.ReferenceCountUtil.safeRelease(ReferenceCountUtil.java:116)
	at io.netty.channel.ChannelOutboundBuffer.remove(ChannelOutboundBuffer.java:300)
	at io.netty.channel.ChannelOutboundBuffer.removeBytes(ChannelOutboundBuffer.java:382)
	at io.netty.channel.uring.AbstractIoUringStreamChannel$IoUringStreamUnsafe.writeComplete0(AbstractIoUringStreamChannel.java:692)
	at io.netty.channel.uring.IoUringSocketChannel$IoUringSocketUnsafe.writeComplete0(IoUringSocketChannel.java:188)
	at io.netty.channel.uring.AbstractIoUringChannel$AbstractUringUnsafe.writeComplete(AbstractIoUringChannel.java:1003)
	at io.netty.channel.uring.AbstractIoUringChannel$AbstractUringUnsafe.handle(AbstractIoUringChannel.java:474)
	at io.netty.channel.uring.IoUringIoHandler$DefaultIoUringIoRegistration.handle(IoUringIoHandler.java:705)
	at io.netty.channel.uring.IoUringIoHandler.handleFastPath(IoUringIoHandler.java:318)
	at io.netty.channel.uring.IoUringIoHandler.handle(IoUringIoHandler.java:298)
	at io.netty.channel.uring.CompletionQueue.process(CompletionQueue.java:151)
	at io.netty.channel.uring.IoUringIoHandler.processCompletionsAndHandleOverflow(IoUringIoHandler.java:213)
	at io.netty.channel.uring.IoUringIoHandler.run(IoUringIoHandler.java:188)
	at io.netty.channel.SingleThreadIoEventLoop.runIo(SingleThreadIoEventLoop.java:225)
	at io.netty.channel.SingleThreadIoEventLoop.run(SingleThreadIoEventLoop.java:196)
	at io.netty.util.concurrent.SingleThreadEventExecutor$5.run(SingleThreadEventExecutor.java:1204)
	at io.netty.util.internal.ThreadExecutorMap$2.run(ThreadExecutorMap.java:74)
	at io.netty.util.concurrent.FastThreadLocalRunnable.run(FastThreadLocalRunnable.java:30)
	at java.base/java.lang.Thread.run(Thread.java:1583)
07:12:27.098 [multiThreadIoEventLoopGroup-4-1] WARN  i.n.channel.uring.IoUringIoHandler - Unexpected exception in the IO event loop.
java.lang.IllegalStateException: arena buffer of Thread[#27,multiThreadIoEventLoopGroup-3-2,10,main] touched from Thread[#30,multiThreadIoEventLoopGroup-4-1,10,main] (event-loop arena buffers are thread confined)
	at io.netty.buffer.CycleArenaAllocator$ArenaBuf.violation(CycleArenaAllocator.java:1448)
	at io.netty.buffer.CycleArenaAllocator$ArenaBuf.release(CycleArenaAllocator.java:1377)
	at io.netty.buffer.AbstractDerivedByteBuf.release0(AbstractDerivedByteBuf.java:98)
	at io.netty.buffer.AbstractDerivedByteBuf.release(AbstractDerivedByteBuf.java:94)
	at io.netty.channel.uring.IoUringSocketChannel$IoUringSocketUnsafe.handleWriteCompleteZeroCopy(IoUringSocketChannel.java:289)
	at io.netty.channel.uring.IoUringSocketChannel$IoUringSocketUnsafe.writeComplete0(IoUringSocketChannel.java:186)
	at io.netty.channel.uring.AbstractIoUringChannel$AbstractUringUnsafe.writeComplete(AbstractIoUringChannel.java:1003)
	at io.netty.channel.uring.AbstractIoUringChannel$AbstractUringUnsafe.handle(AbstractIoUringChannel.java:474)
	at io.netty.channel.uring.IoUringIoHandler$DefaultIoUringIoRegistration.handle(IoUringIoHandler.java:705)
	at io.netty.channel.uring.IoUringIoHandler.handleFastPath(IoUringIoHandler.java:318)
	at io.netty.channel.uring.IoUringIoHandler.handle(IoUringIoHandler.java:298)
	at io.netty.channel.uring.CompletionQueue.process(CompletionQueue.java:151)
	at io.netty.channel.uring.IoUringIoHandler.processCompletionsAndHandleOverflow(IoUringIoHandler.java:213)
	at io.netty.channel.uring.IoUringIoHandler.run(IoUringIoHandler.java:188)
	at io.netty.channel.SingleThreadIoEventLoop.runIo(SingleThreadIoEventLoop.java:225)
	at io.netty.channel.SingleThreadIoEventLoop.run(SingleThreadIoEventLoop.java:196)
	at io.netty.util.concurrent.SingleThreadEventExecutor$5.run(SingleThreadEventExecutor.java:1204)
	at io.netty.util.internal.ThreadExecutorMap$2.run(ThreadExecutorMap.java:74)
	at io.netty.util.concurrent.FastThreadLocalRunnable.run(FastThreadLocalRunnable.java:30)
	at java.base/java.lang.Thread.run(Thread.java:1583)
07:12:27.107 [multiThreadIoEventLoopGroup-4-2] WARN  io.netty.util.ReferenceCountUtil - Failed to release a message: UnpooledSlicedByteBuf(ridx: 0, widx: 2017, cap: 2017/2017, unwrapped: CycleArenaAllocator$ArenaBuf(ridx: 0, widx: 8192, cap: 8192))
java.lang.IllegalStateException: arena buffer of Thread[#27,multiThreadIoEventLoopGroup-3-2,10,main] touched from Thread[#31,multiThreadIoEventLoopGroup-4-2,10,main] (event-loop arena buffers are thread confined)
	at io.netty.buffer.CycleArenaAllocator$ArenaBuf.violation(CycleArenaAllocator.java:1448)
	at io.netty.buffer.CycleArenaAllocator$ArenaBuf.release(CycleArenaAllocator.java:1377)
	at io.netty.buffer.AbstractDerivedByteBuf.release0(AbstractDerivedByteBuf.java:98)
	at io.netty.buffer.AbstractDerivedByteBuf.release(AbstractDerivedByteBuf.java:94)
	at io.netty.util.ReferenceCountUtil.release(ReferenceCountUtil.java:90)
	at io.netty.util.ReferenceCountUtil.safeRelease(ReferenceCountUtil.java:116)
	at io.netty.channel.ChannelOutboundBuffer.remove(ChannelOutboundBuffer.java:300)
	at io.netty.channel.ChannelOutboundBuffer.removeBytes(ChannelOutboundBuffer.java:382)
	at io.netty.channel.uring.AbstractIoUringStreamChannel$IoUringStreamUnsafe.writeComplete0(AbstractIoUringStreamChannel.java:692)
	at io.netty.channel.uring.IoUringSocketChannel$IoUringSocketUnsafe.writeComplete0(IoUringSocketChannel.java:188)
	at io.netty.channel.uring.AbstractIoUringChannel$AbstractUringUnsafe.writeComplete(AbstractIoUringChannel.java:1003)
	at io.netty.channel.uring.AbstractIoUringChannel$AbstractUringUnsafe.handle(AbstractIoUringChannel.java:474)
	at io.netty.channel.uring.IoUringIoHandler$DefaultIoUringIoRegistration.handle(IoUringIoHandler.java:705)
	at io.netty.channel.uring.IoUringIoHandler.handleFastPath(IoUringIoHandler.java:318)
	at io.netty.channel.uring.IoUringIoHandler.handle(IoUringIoHandler.java:298)
	at io.netty.channel.uring.CompletionQueue.process(CompletionQueue.java:151)
	at io.netty.channel.uring.IoUringIoHandler.processCompletionsAndHandleOverflow(IoUringIoHandler.java:213)
	at io.netty.channel.uring.IoUringIoHandler.run(IoUringIoHandler.java:188)
	at io.netty.channel.SingleThreadIoEventLoop.runIo(SingleThreadIoEventLoop.java:225)
	at io.netty.channel.SingleThreadIoEventLoop.run(SingleThreadIoEventLoop.java:196)
	at io.netty.util.concurrent.SingleThreadEventExecutor$5.run(SingleThreadEventExecutor.java:1204)
	at io.netty.util.internal.ThreadExecutorMap$2.run(ThreadExecutorMap.java:74)
	at io.netty.util.concurrent.FastThreadLocalRunnable.run(FastThreadLocalRunnable.java:30)
	at java.base/java.lang.Thread.run(Thread.java:1583)
07:12:27.108 [multiThreadIoEventLoopGroup-4-2] WARN  io.netty.util.ReferenceCountUtil - Failed to release a message: UnpooledSlicedByteBuf(ridx: 0, widx: 2178, cap: 2178/2178, unwrapped: CycleArenaAllocator$ArenaBuf(ridx: 0, widx: 6373, cap: 8192))
java.lang.IllegalStateException: arena buffer of Thread[#27,multiThreadIoEventLoopGroup-3-2,10,main] touched from Thread[#31,multiThreadIoEventLoopGroup-4-2,10,main] (event-loop arena buffers are thread confined)
	at io.netty.buffer.CycleArenaAllocator$ArenaBuf.violation(CycleArenaAllocator.java:1448)
	at io.netty.buffer.CycleArenaAllocator$ArenaBuf.release(CycleArenaAllocator.java:1377)
	at io.netty.buffer.AbstractDerivedByteBuf.release0(AbstractDerivedByteBuf.java:98)
	at io.netty.buffer.AbstractDerivedByteBuf.release(AbstractDerivedByteBuf.java:94)
	at io.netty.util.ReferenceCountUtil.release(ReferenceCountUtil.java:90)
	at io.netty.util.ReferenceCountUtil.safeRelease(ReferenceCountUtil.java:116)
	at io.netty.channel.ChannelOutboundBuffer.remove(ChannelOutboundBuffer.java:300)
	at io.netty.channel.ChannelOutboundBuffer.removeBytes(ChannelOutboundBuffer.java:382)
	at io.netty.channel.uring.AbstractIoUringStreamChannel$IoUringStreamUnsafe.writeComplete0(AbstractIoUringStreamChannel.java:692)
	at io.netty.channel.uring.IoUringSocketChannel$IoUringSocketUnsafe.writeComplete0(IoUringSocketChannel.java:188)
	at io.netty.channel.uring.AbstractIoUringChannel$AbstractUringUnsafe.writeComplete(AbstractIoUringChannel.java:1003)
	at io.netty.channel.uring.AbstractIoUringChannel$AbstractUringUnsafe.handle(AbstractIoUringChannel.java:474)
	at io.netty.channel.uring.IoUringIoHandler$DefaultIoUringIoRegistration.handle(IoUringIoHandler.java:705)
	at io.netty.channel.uring.IoUringIoHandler.handleFastPath(IoUringIoHandler.java:318)
	at io.netty.channel.uring.IoUringIoHandler.handle(IoUringIoHandler.java:298)
	at io.netty.channel.uring.CompletionQueue.process(CompletionQueue.java:151)
	at io.netty.channel.uring.IoUringIoHandler.processCompletionsAndHandleOverflow(IoUringIoHandler.java:213)
	at io.netty.channel.uring.IoUringIoHandler.run(IoUringIoHandler.java:188)
	at io.netty.channel.SingleThreadIoEventLoop.runIo(SingleThreadIoEventLoop.java:225)
	at io.netty.channel.SingleThreadIoEventLoop.run(SingleThreadIoEventLoop.java:196)
	at io.netty.util.concurrent.SingleThreadEventExecutor$5.run(SingleThreadEventExecutor.java:1204)
	at io.netty.util.internal.ThreadExecutorMap$2.run(ThreadExecutorMap.java:74)
	at io.netty.util.concurrent.FastThreadLocalRunnable.run(FastThreadLocalRunnable.java:30)
	at java.base/java.lang.Thread.run(Thread.java:1583)
07:12:27.104 [multiThreadIoEventLoopGroup-3-1] WARN  io.netty.util.ReferenceCountUtil - Failed to release a message: UnpooledSlicedByteBuf(ridx: 0, widx: 889, cap: 889/889, unwrapped: CycleArenaAllocator$ArenaBuf(ridx: 0, widx: 8192, cap: 8192))
java.lang.IllegalStateException: arena buffer of Thread[#30,multiThreadIoEventLoopGroup-4-1,10,main] touched from Thread[#26,multiThreadIoEventLoopGroup-3-1,10,main] (event-loop arena buffers are thread confined)
	at io.netty.buffer.CycleArenaAllocator$ArenaBuf.violation(CycleArenaAllocator.java:1448)
	at io.netty.buffer.CycleArenaAllocator$ArenaBuf.release(CycleArenaAllocator.java:1377)
	at io.netty.buffer.AbstractDerivedByteBuf.release0(AbstractDerivedByteBuf.java:98)
	at io.netty.buffer.AbstractDerivedByteBuf.release(AbstractDerivedByteBuf.java:94)
	at io.netty.util.ReferenceCountUtil.release(ReferenceCountUtil.java:90)
	at io.netty.util.ReferenceCountUtil.safeRelease(ReferenceCountUtil.java:116)
	at io.netty.channel.ChannelOutboundBuffer.remove(ChannelOutboundBuffer.java:300)
	at io.netty.channel.ChannelOutboundBuffer.removeBytes(ChannelOutboundBuffer.java:382)
	at io.netty.channel.uring.AbstractIoUringStreamChannel$IoUringStreamUnsafe.writeComplete0(AbstractIoUringStreamChannel.java:692)
	at io.netty.channel.uring.IoUringSocketChannel$IoUringSocketUnsafe.writeComplete0(IoUringSocketChannel.java:188)
	at io.netty.channel.uring.AbstractIoUringChannel$AbstractUringUnsafe.writeComplete(AbstractIoUringChannel.java:1003)
	at io.netty.channel.uring.AbstractIoUringChannel$AbstractUringUnsafe.handle(AbstractIoUringChannel.java:474)
	at io.netty.channel.uring.IoUringIoHandler$DefaultIoUringIoRegistration.handle(IoUringIoHandler.java:705)
	at io.netty.channel.uring.IoUringIoHandler.handleFastPath(IoUringIoHandler.java:318)
	at io.netty.channel.uring.IoUringIoHandler.handle(IoUringIoHandler.java:298)
	at io.netty.channel.uring.CompletionQueue.process(CompletionQueue.java:151)
	at io.netty.channel.uring.IoUringIoHandler.processCompletionsAndHandleOverflow(IoUringIoHandler.java:213)
	at io.netty.channel.uring.IoUringIoHandler.run(IoUringIoHandler.java:188)
	at io.netty.channel.SingleThreadIoEventLoop.runIo(SingleThreadIoEventLoop.java:225)
	at io.netty.channel.SingleThreadIoEventLoop.run(SingleThreadIoEventLoop.java:196)
	at io.netty.util.concurrent.SingleThreadEventExecutor$5.run(SingleThreadEventExecutor.java:1204)
	at io.netty.util.internal.ThreadExecutorMap$2.run(ThreadExecutorMap.java:74)
	at io.netty.util.concurrent.FastThreadLocalRunnable.run(FastThreadLocalRunnable.java:30)
	at java.base/java.lang.Thread.run(Thread.java:1583)
07:12:27.111 [multiThreadIoEventLoopGroup-3-1] WARN  io.netty.util.ReferenceCountUtil - Failed to release a message: UnpooledSlicedByteBuf(ridx: 0, widx: 87, cap: 87/87, unwrapped: CycleArenaAllocator$ArenaBuf(ridx: 0, widx: 8192, cap: 8192))
java.lang.IllegalStateException: arena buffer of Thread[#32,multiThreadIoEventLoopGroup-4-3,10,main] touched from Thread[#26,multiThreadIoEventLoopGroup-3-1,10,main] (event-loop arena buffers are thread confined)
	at io.netty.buffer.CycleArenaAllocator$ArenaBuf.violation(CycleArenaAllocator.java:1448)
	at io.netty.buffer.CycleArenaAllocator$ArenaBuf.release(CycleArenaAllocator.java:1377)
	at io.netty.buffer.AbstractDerivedByteBuf.release0(AbstractDerivedByteBuf.java:98)
	at io.netty.buffer.AbstractDerivedByteBuf.release(AbstractDerivedByteBuf.java:94)
	at io.netty.util.ReferenceCountUtil.release(ReferenceCountUtil.java:90)
	at io.netty.util.ReferenceCountUtil.safeRelease(ReferenceCountUtil.java:116)
	at io.netty.channel.ChannelOutboundBuffer.remove(ChannelOutboundBuffer.java:300)
	at io.netty.channel.ChannelOutboundBuffer.removeBytes(ChannelOutboundBuffer.java:382)
	at io.netty.channel.uring.AbstractIoUringStreamChannel$IoUringStreamUnsafe.writeComplete0(AbstractIoUringStreamChannel.java:692)
	at io.netty.channel.uring.IoUringSocketChannel$IoUringSocketUnsafe.writeComplete0(IoUringSocketChannel.java:188)
	at io.netty.channel.uring.AbstractIoUringChannel$AbstractUringUnsafe.writeComplete(AbstractIoUringChannel.java:1003)
	at io.netty.channel.uring.AbstractIoUringChannel$AbstractUringUnsafe.handle(AbstractIoUringChannel.java:474)
	at io.netty.channel.uring.IoUringIoHandler$DefaultIoUringIoRegistration.handle(IoUringIoHandler.java:705)
	at io.netty.channel.uring.IoUringIoHandler.handleFastPath(IoUringIoHandler.java:318)
	at io.netty.channel.uring.IoUringIoHandler.handle(IoUringIoHandler.java:298)
	at io.netty.channel.uring.CompletionQueue.process(CompletionQueue.java:151)
	at io.netty.channel.uring.IoUringIoHandler.processCompletionsAndHandleOverflow(IoUringIoHandler.java:213)
	at io.netty.channel.uring.IoUringIoHandler.run(IoUringIoHandler.java:188)
	at io.netty.channel.SingleThreadIoEventLoop.runIo(SingleThreadIoEventLoop.java:225)
	at io.netty.channel.SingleThreadIoEventLoop.run(SingleThreadIoEventLoop.java:196)
	at io.netty.util.concurrent.SingleThreadEventExecutor$5.run(SingleThreadEventExecutor.java:1204)
	at io.netty.util.internal.ThreadExecutorMap$2.run(ThreadExecutorMap.java:74)
	at io.netty.util.concurrent.FastThreadLocalRunnable.run(FastThreadLocalRunnable.java:30)
	at java.base/java.lang.Thread.run(Thread.java:1583)
07:12:27.111 [multiThreadIoEventLoopGroup-3-1] WARN  i.n.channel.uring.IoUringIoHandler - Unexpected exception in the IO event loop.
java.lang.IllegalStateException: arena buffer of Thread[#32,multiThreadIoEventLoopGroup-4-3,10,main] touched from Thread[#26,multiThreadIoEventLoopGroup-3-1,10,main] (event-loop arena buffers are thread confined)
	at io.netty.buffer.CycleArenaAllocator$ArenaBuf.violation(CycleArenaAllocator.java:1448)
	at io.netty.buffer.CycleArenaAllocator$ArenaBuf.retain(CycleArenaAllocator.java:1351)
	at io.netty.buffer.AbstractDerivedByteBuf.retain0(AbstractDerivedByteBuf.java:58)
	at io.netty.buffer.AbstractDerivedByteBuf.retain(AbstractDerivedByteBuf.java:54)
	at io.netty.channel.uring.IoUringSocketChannel$IoUringSocketUnsafe.handleWriteCompleteZeroCopy(IoUringSocketChannel.java:220)
	at io.netty.channel.uring.IoUringSocketChannel$IoUringSocketUnsafe.writeComplete0(IoUringSocketChannel.java:186)
	at io.netty.channel.uring.AbstractIoUringChannel$AbstractUringUnsafe.writeComplete(AbstractIoUringChannel.java:1003)
	at io.netty.channel.uring.AbstractIoUringChannel$AbstractUringUnsafe.handle(AbstractIoUringChannel.java:474)
	at io.netty.channel.uring.IoUringIoHandler$DefaultIoUringIoRegistration.handle(IoUringIoHandler.java:705)
	at io.netty.channel.uring.IoUringIoHandler.handleFastPath(IoUringIoHandler.java:318)
	at io.netty.channel.uring.IoUringIoHandler.handle(IoUringIoHandler.java:298)
	at io.netty.channel.uring.CompletionQueue.process(CompletionQueue.java:151)
	at io.netty.channel.uring.IoUringIoHandler.processCompletionsAndHandleOverflow(IoUringIoHandler.java:213)
	at io.netty.channel.uring.IoUringIoHandler.run(IoUringIoHandler.java:188)
	at io.netty.channel.SingleThreadIoEventLoop.runIo(SingleThreadIoEventLoop.java:225)
	at io.netty.channel.SingleThreadIoEventLoop.run(SingleThreadIoEventLoop.java:196)
	at io.netty.util.concurrent.SingleThreadEventExecutor$5.run(SingleThreadEventExecutor.java:1204)
	at io.netty.util.internal.ThreadExecutorMap$2.run(ThreadExecutorMap.java:74)
	at io.netty.util.concurrent.FastThreadLocalRunnable.run(FastThreadLocalRunnable.java:30)
	at java.base/java.lang.Thread.run(Thread.java:1583)
07:12:27.112 [multiThreadIoEventLoopGroup-3-2] WARN  io.netty.util.ReferenceCountUtil - Failed to release a message: UnpooledSlicedByteBuf(ridx: 0, widx: 980, cap: 980/980, unwrapped: CycleArenaAllocator$ArenaBuf(ridx: 0, widx: 8192, cap: 8192))
java.lang.IllegalStateException: arena buffer of Thread[#30,multiThreadIoEventLoopGroup-4-1,10,main] touched from Thread[#27,multiThreadIoEventLoopGroup-3-2,10,main] (event-loop arena buffers are thread confined)
	at io.netty.buffer.CycleArenaAllocator$ArenaBuf.violation(CycleArenaAllocator.java:1448)
	at io.netty.buffer.CycleArenaAllocator$ArenaBuf.release(CycleArenaAllocator.java:1377)
	at io.netty.buffer.AbstractDerivedByteBuf.release0(AbstractDerivedByteBuf.java:98)
	at io.netty.buffer.AbstractDerivedByteBuf.release(AbstractDerivedByteBuf.java:94)
	at io.netty.util.ReferenceCountUtil.release(ReferenceCountUtil.java:90)
	at io.netty.util.ReferenceCountUtil.safeRelease(ReferenceCountUtil.java:116)
	at io.netty.channel.ChannelOutboundBuffer.remove(ChannelOutboundBuffer.java:300)
	at io.netty.channel.ChannelOutboundBuffer.removeBytes(ChannelOutboundBuffer.java:382)
	at io.netty.channel.uring.AbstractIoUringStreamChannel$IoUringStreamUnsafe.writeComplete0(AbstractIoUringStreamChannel.java:692)
	at io.netty.channel.uring.IoUringSocketChannel$IoUringSocketUnsafe.writeComplete0(IoUringSocketChannel.java:188)
	at io.netty.channel.uring.AbstractIoUringChannel$AbstractUringUnsafe.writeComplete(AbstractIoUringChannel.java:1003)
	at io.netty.channel.uring.AbstractIoUringChannel$AbstractUringUnsafe.handle(AbstractIoUringChannel.java:474)
	at io.netty.channel.uring.IoUringIoHandler$DefaultIoUringIoRegistration.handle(IoUringIoHandler.java:705)
	at io.netty.channel.uring.IoUringIoHandler.handleFastPath(IoUringIoHandler.java:318)
	at io.netty.channel.uring.IoUringIoHandler.handle(IoUringIoHandler.java:298)
	at io.netty.channel.uring.CompletionQueue.process(CompletionQueue.java:151)
	at io.netty.channel.uring.IoUringIoHandler.processCompletionsAndHandleOverflow(IoUringIoHandler.java:213)
	at io.netty.channel.uring.IoUringIoHandler.run(IoUringIoHandler.java:188)
	at io.netty.channel.SingleThreadIoEventLoop.runIo(SingleThreadIoEventLoop.java:225)
	at io.netty.channel.SingleThreadIoEventLoop.run(SingleThreadIoEventLoop.java:196)
	at io.netty.util.concurrent.SingleThreadEventExecutor$5.run(SingleThreadEventExecutor.java:1204)
	at io.netty.util.internal.ThreadExecutorMap$2.run(ThreadExecutorMap.java:74)
	at io.netty.util.concurrent.FastThreadLocalRunnable.run(FastThreadLocalRunnable.java:30)
	at java.base/java.lang.Thread.run(Thread.java:1583)
07:12:27.112 [multiThreadIoEventLoopGroup-3-2] WARN  io.netty.util.ReferenceCountUtil - Failed to release a message: UnpooledSlicedByteBuf(ridx: 0, widx: 3423, cap: 3423/3423, unwrapped: CycleArenaAllocator$ArenaBuf(ridx: 0, widx: 8192, cap: 8192))
java.lang.IllegalStateException: arena buffer of Thread[#30,multiThreadIoEventLoopGroup-4-1,10,main] touched from Thread[#27,multiThreadIoEventLoopGroup-3-2,10,main] (event-loop arena buffers are thread confined)
	at io.netty.buffer.CycleArenaAllocator$ArenaBuf.violation(CycleArenaAllocator.java:1448)
	at io.netty.buffer.CycleArenaAllocator$ArenaBuf.release(CycleArenaAllocator.java:1377)
	at io.netty.buffer.AbstractDerivedByteBuf.release0(AbstractDerivedByteBuf.java:98)
	at io.netty.buffer.AbstractDerivedByteBuf.release(AbstractDerivedByteBuf.java:94)
	at io.netty.util.ReferenceCountUtil.release(ReferenceCountUtil.java:90)
	at io.netty.util.ReferenceCountUtil.safeRelease(ReferenceCountUtil.java:116)
	at io.netty.channel.ChannelOutboundBuffer.remove(ChannelOutboundBuffer.java:300)
	at io.netty.channel.ChannelOutboundBuffer.removeBytes(ChannelOutboundBuffer.java:382)
	at io.netty.channel.uring.AbstractIoUringStreamChannel$IoUringStreamUnsafe.writeComplete0(AbstractIoUringStreamChannel.java:692)
	at io.netty.channel.uring.IoUringSocketChannel$IoUringSocketUnsafe.writeComplete0(IoUringSocketChannel.java:188)
	at io.netty.channel.uring.AbstractIoUringChannel$AbstractUringUnsafe.writeComplete(AbstractIoUringChannel.java:1003)
	at io.netty.channel.uring.AbstractIoUringChannel$AbstractUringUnsafe.handle(AbstractIoUringChannel.java:474)
	at io.netty.channel.uring.IoUringIoHandler$DefaultIoUringIoRegistration.handle(IoUringIoHandler.java:705)
	at io.netty.channel.uring.IoUringIoHandler.handleFastPath(IoUringIoHandler.java:318)
	at io.netty.channel.uring.IoUringIoHandler.handle(IoUringIoHandler.java:298)
	at io.netty.channel.uring.CompletionQueue.process(CompletionQueue.java:151)
	at io.netty.channel.uring.IoUringIoHandler.processCompletionsAndHandleOverflow(IoUringIoHandler.java:213)
	at io.netty.channel.uring.IoUringIoHandler.run(IoUringIoHandler.java:188)
	at io.netty.channel.SingleThreadIoEventLoop.runIo(SingleThreadIoEventLoop.java:225)
	at io.netty.channel.SingleThreadIoEventLoop.run(SingleThreadIoEventLoop.java:196)
	at io.netty.util.concurrent.SingleThreadEventExecutor$5.run(SingleThreadEventExecutor.java:1204)
	at io.netty.util.internal.ThreadExecutorMap$2.run(ThreadExecutorMap.java:74)
	at io.netty.util.concurrent.FastThreadLocalRunnable.run(FastThreadLocalRunnable.java:30)
	at java.base/java.lang.Thread.run(Thread.java:1583)
07:12:27.134 [multiThreadIoEventLoopGroup-3-2] WARN  io.netty.util.ReferenceCountUtil - Failed to release a message: UnpooledSlicedByteBuf(ridx: 0, widx: 3942, cap: 3942/3942, unwrapped: CycleArenaAllocator$ArenaBuf(ridx: 0, widx: 8192, cap: 8192))
java.lang.IllegalStateException: arena buffer of Thread[#31,multiThreadIoEventLoopGroup-4-2,10,main] touched from Thread[#27,multiThreadIoEventLoopGroup-3-2,10,main] (event-loop arena buffers are thread confined)
	at io.netty.buffer.CycleArenaAllocator$ArenaBuf.violation(CycleArenaAllocator.java:1448)
	at io.netty.buffer.CycleArenaAllocator$ArenaBuf.release(CycleArenaAllocator.java:1377)
	at io.netty.buffer.AbstractDerivedByteBuf.release0(AbstractDerivedByteBuf.java:98)
	at io.netty.buffer.AbstractDerivedByteBuf.release(AbstractDerivedByteBuf.java:94)
	at io.netty.util.ReferenceCountUtil.release(ReferenceCountUtil.java:90)
	at io.netty.util.ReferenceCountUtil.safeRelease(ReferenceCountUtil.java:116)
	at io.netty.channel.ChannelOutboundBuffer.remove(ChannelOutboundBuffer.java:300)
	at io.netty.channel.ChannelOutboundBuffer.removeBytes(ChannelOutboundBuffer.java:382)
	at io.netty.channel.uring.AbstractIoUringStreamChannel$IoUringStreamUnsafe.writeComplete0(AbstractIoUringStreamChannel.java:692)
	at io.netty.channel.uring.IoUringSocketChannel$IoUringSocketUnsafe.writeComplete0(IoUringSocketChannel.java:188)
	at io.netty.channel.uring.AbstractIoUringChannel$AbstractUringUnsafe.writeComplete(AbstractIoUringChannel.java:1003)
	at io.netty.channel.uring.AbstractIoUringChannel$AbstractUringUnsafe.handle(AbstractIoUringChannel.java:474)
	at io.netty.channel.uring.IoUringIoHandler$DefaultIoUringIoRegistration.handle(IoUringIoHandler.java:705)
	at io.netty.channel.uring.IoUringIoHandler.handleFastPath(IoUringIoHandler.java:318)
	at io.netty.channel.uring.IoUringIoHandler.handle(IoUringIoHandler.java:298)
	at io.netty.channel.uring.CompletionQueue.process(CompletionQueue.java:151)
	at io.netty.channel.uring.IoUringIoHandler.processCompletionsAndHandleOverflow(IoUringIoHandler.java:213)
	at io.netty.channel.uring.IoUringIoHandler.run(IoUringIoHandler.java:188)
	at io.netty.channel.SingleThreadIoEventLoop.runIo(SingleThreadIoEventLoop.java:225)
	at io.netty.channel.SingleThreadIoEventLoop.run(SingleThreadIoEventLoop.java:196)
	at io.netty.util.concurrent.SingleThreadEventExecutor$5.run(SingleThreadEventExecutor.java:1204)
	at io.netty.util.internal.ThreadExecutorMap$2.run(ThreadExecutorMap.java:74)
	at io.netty.util.concurrent.FastThreadLocalRunnable.run(FastThreadLocalRunnable.java:30)
	at java.base/java.lang.Thread.run(Thread.java:1583)
07:12:27.135 [multiThreadIoEventLoopGroup-3-2] WARN  io.netty.util.ReferenceCountUtil - Failed to release a message: UnpooledSlicedByteBuf(ridx: 0, widx: 595, cap: 595/595, unwrapped: CycleArenaAllocator$ArenaBuf(ridx: 0, widx: 595, cap: 8192))
java.lang.IllegalStateException: arena buffer of Thread[#31,multiThreadIoEventLoopGroup-4-2,10,main] touched from Thread[#27,multiThreadIoEventLoopGroup-3-2,10,main] (event-loop arena buffers are thread confined)
	at io.netty.buffer.CycleArenaAllocator$ArenaBuf.violation(CycleArenaAllocator.java:1448)
	at io.netty.buffer.CycleArenaAllocator$ArenaBuf.release(CycleArenaAllocator.java:1377)
	at io.netty.buffer.AbstractDerivedByteBuf.release0(AbstractDerivedByteBuf.java:98)
	at io.netty.buffer.AbstractDerivedByteBuf.release(AbstractDerivedByteBuf.java:94)
	at io.netty.util.ReferenceCountUtil.release(ReferenceCountUtil.java:90)
	at io.netty.util.ReferenceCountUtil.safeRelease(ReferenceCountUtil.java:116)
	at io.netty.channel.ChannelOutboundBuffer.remove(ChannelOutboundBuffer.java:300)
	at io.netty.channel.ChannelOutboundBuffer.removeBytes(ChannelOutboundBuffer.java:382)
	at io.netty.channel.uring.AbstractIoUringStreamChannel$IoUringStreamUnsafe.writeComplete0(AbstractIoUringStreamChannel.java:692)
	at io.netty.channel.uring.IoUringSocketChannel$IoUringSocketUnsafe.writeComplete0(IoUringSocketChannel.java:188)
	at io.netty.channel.uring.AbstractIoUringChannel$AbstractUringUnsafe.writeComplete(AbstractIoUringChannel.java:1003)
	at io.netty.channel.uring.AbstractIoUringChannel$AbstractUringUnsafe.handle(AbstractIoUringChannel.java:474)
	at io.netty.channel.uring.IoUringIoHandler$DefaultIoUringIoRegistration.handle(IoUringIoHandler.java:705)
	at io.netty.channel.uring.IoUringIoHandler.handleFastPath(IoUringIoHandler.java:318)
	at io.netty.channel.uring.IoUringIoHandler.handle(IoUringIoHandler.java:298)
	at io.netty.channel.uring.CompletionQueue.process(CompletionQueue.java:151)
	at io.netty.channel.uring.IoUringIoHandler.processCompletionsAndHandleOverflow(IoUringIoHandler.java:213)
	at io.netty.channel.uring.IoUringIoHandler.run(IoUringIoHandler.java:188)
	at io.netty.channel.SingleThreadIoEventLoop.runIo(SingleThreadIoEventLoop.java:225)
	at io.netty.channel.SingleThreadIoEventLoop.run(SingleThreadIoEventLoop.java:196)
	at io.netty.util.concurrent.SingleThreadEventExecutor$5.run(SingleThreadEventExecutor.java:1204)
	at io.netty.util.internal.ThreadExecutorMap$2.run(ThreadExecutorMap.java:74)
	at io.netty.util.concurrent.FastThreadLocalRunnable.run(FastThreadLocalRunnable.java:30)
	at java.base/java.lang.Thread.run(Thread.java:1583)
07:12:27.143 [multiThreadIoEventLoopGroup-4-2] WARN  io.netty.util.ReferenceCountUtil - Failed to release a message: UnpooledSlicedByteBuf(ridx: 0, widx: 1819, cap: 1819/1819, unwrapped: CycleArenaAllocator$ArenaBuf(ridx: 0, widx: 6571, cap: 8192))
java.lang.IllegalStateException: arena buffer of Thread[#27,multiThreadIoEventLoopGroup-3-2,10,main] touched from Thread[#31,multiThreadIoEventLoopGroup-4-2,10,main] (event-loop arena buffers are thread confined)
	at io.netty.buffer.CycleArenaAllocator$ArenaBuf.violation(CycleArenaAllocator.java:1448)
	at io.netty.buffer.CycleArenaAllocator$ArenaBuf.release(CycleArenaAllocator.java:1377)
	at io.netty.buffer.AbstractDerivedByteBuf.release0(AbstractDerivedByteBuf.java:98)
	at io.netty.buffer.AbstractDerivedByteBuf.release(AbstractDerivedByteBuf.java:94)
	at io.netty.util.ReferenceCountUtil.release(ReferenceCountUtil.java:90)
	at io.netty.util.ReferenceCountUtil.safeRelease(ReferenceCountUtil.java:116)
	at io.netty.channel.ChannelOutboundBuffer.remove(ChannelOutboundBuffer.java:300)
	at io.netty.channel.ChannelOutboundBuffer.removeBytes(ChannelOutboundBuffer.java:382)
	at io.netty.channel.uring.AbstractIoUringStreamChannel$IoUringStreamUnsafe.writeComplete0(AbstractIoUringStreamChannel.java:692)
	at io.netty.channel.uring.IoUringSocketChannel$IoUringSocketUnsafe.writeComplete0(IoUringSocketChannel.java:188)
	at io.netty.channel.uring.AbstractIoUringChannel$AbstractUringUnsafe.writeComplete(AbstractIoUringChannel.java:1003)
	at io.netty.channel.uring.AbstractIoUringChannel$AbstractUringUnsafe.handle(AbstractIoUringChannel.java:474)
	at io.netty.channel.uring.IoUringIoHandler$DefaultIoUringIoRegistration.handle(IoUringIoHandler.java:705)
	at io.netty.channel.uring.IoUringIoHandler.handleFastPath(IoUringIoHandler.java:318)
	at io.netty.channel.uring.IoUringIoHandler.handle(IoUringIoHandler.java:298)
	at io.netty.channel.uring.CompletionQueue.process(CompletionQueue.java:151)
	at io.netty.channel.uring.IoUringIoHandler.processCompletionsAndHandleOverflow(IoUringIoHandler.java:213)
	at io.netty.channel.uring.IoUringIoHandler.run(IoUringIoHandler.java:188)
	at io.netty.channel.SingleThreadIoEventLoop.runIo(SingleThreadIoEventLoop.java:225)
	at io.netty.channel.SingleThreadIoEventLoop.run(SingleThreadIoEventLoop.java:196)
	at io.netty.util.concurrent.SingleThreadEventExecutor$5.run(SingleThreadEventExecutor.java:1204)
	at io.netty.util.internal.ThreadExecutorMap$2.run(ThreadExecutorMap.java:74)
	at io.netty.util.concurrent.FastThreadLocalRunnable.run(FastThreadLocalRunnable.java:30)
	at java.base/java.lang.Thread.run(Thread.java:1583)
07:12:27.163 [multiThreadIoEventLoopGroup-4-2] WARN  io.netty.util.ReferenceCountUtil - Failed to release a message: UnpooledSlicedByteBuf(ridx: 0, widx: 2376, cap: 2376/2376, unwrapped: CycleArenaAllocator$ArenaBuf(ridx: 0, widx: 6571, cap: 8192))
java.lang.IllegalStateException: arena buffer of Thread[#27,multiThreadIoEventLoopGroup-3-2,10,main] touched from Thread[#31,multiThreadIoEventLoopGroup-4-2,10,main] (event-loop arena buffers are thread confined)
	at io.netty.buffer.CycleArenaAllocator$ArenaBuf.violation(CycleArenaAllocator.java:1448)
	at io.netty.buffer.CycleArenaAllocator$ArenaBuf.release(CycleArenaAllocator.java:1377)
	at io.netty.buffer.AbstractDerivedByteBuf.release0(AbstractDerivedByteBuf.java:98)
	at io.netty.buffer.AbstractDerivedByteBuf.release(AbstractDerivedByteBuf.java:94)
	at io.netty.util.ReferenceCountUtil.release(ReferenceCountUtil.java:90)
	at io.netty.util.ReferenceCountUtil.safeRelease(ReferenceCountUtil.java:116)
	at io.netty.channel.ChannelOutboundBuffer.remove(ChannelOutboundBuffer.java:300)
	at io.netty.channel.ChannelOutboundBuffer.removeBytes(ChannelOutboundBuffer.java:382)
	at io.netty.channel.uring.AbstractIoUringStreamChannel$IoUringStreamUnsafe.writeComplete0(AbstractIoUringStreamChannel.java:692)
	at io.netty.channel.uring.IoUringSocketChannel$IoUringSocketUnsafe.writeComplete0(IoUringSocketChannel.java:188)
	at io.netty.channel.uring.AbstractIoUringChannel$AbstractUringUnsafe.writeComplete(AbstractIoUringChannel.java:1003)
	at io.netty.channel.uring.AbstractIoUringChannel$AbstractUringUnsafe.handle(AbstractIoUringChannel.java:474)
	at io.netty.channel.uring.IoUringIoHandler$DefaultIoUringIoRegistration.handle(IoUringIoHandler.java:705)
	at io.netty.channel.uring.IoUringIoHandler.handleFastPath(IoUringIoHandler.java:318)
	at io.netty.channel.uring.IoUringIoHandler.handle(IoUringIoHandler.java:298)
	at io.netty.channel.uring.CompletionQueue.process(CompletionQueue.java:151)
	at io.netty.channel.uring.IoUringIoHandler.processCompletionsAndHandleOverflow(IoUringIoHandler.java:213)
	at io.netty.channel.uring.IoUringIoHandler.run(IoUringIoHandler.java:188)
	at io.netty.channel.SingleThreadIoEventLoop.runIo(SingleThreadIoEventLoop.java:225)
	at io.netty.channel.SingleThreadIoEventLoop.run(SingleThreadIoEventLoop.java:196)
	at io.netty.util.concurrent.SingleThreadEventExecutor$5.run(SingleThreadEventExecutor.java:1204)
	at io.netty.util.internal.ThreadExecutorMap$2.run(ThreadExecutorMap.java:74)
	at io.netty.util.concurrent.FastThreadLocalRunnable.run(FastThreadLocalRunnable.java:30)
	at java.base/java.lang.Thread.run(Thread.java:1583)
07:12:27.173 [multiThreadIoEventLoopGroup-3-2] WARN  i.n.channel.uring.IoUringIoHandler - Unexpected exception in the IO event loop.
java.lang.IllegalStateException: arena buffer of Thread[#31,multiThreadIoEventLoopGroup-4-2,10,main] touched from Thread[#27,multiThreadIoEventLoopGroup-3-2,10,main] (event-loop arena buffers are thread confined)
	at io.netty.buffer.CycleArenaAllocator$ArenaBuf.violation(CycleArenaAllocator.java:1448)
	at io.netty.buffer.CycleArenaAllocator$ArenaBuf.retain(CycleArenaAllocator.java:1351)
	at io.netty.buffer.AbstractDerivedByteBuf.retain0(AbstractDerivedByteBuf.java:58)
	at io.netty.buffer.AbstractDerivedByteBuf.retain(AbstractDerivedByteBuf.java:54)
	at io.netty.channel.uring.IoUringSocketChannel$IoUringSocketUnsafe.handleWriteCompleteZeroCopy(IoUringSocketChannel.java:220)
	at io.netty.channel.uring.IoUringSocketChannel$IoUringSocketUnsafe.writeComplete0(IoUringSocketChannel.java:186)
	at io.netty.channel.uring.AbstractIoUringChannel$AbstractUringUnsafe.writeComplete(AbstractIoUringChannel.java:1003)
	at io.netty.channel.uring.AbstractIoUringChannel$AbstractUringUnsafe.handle(AbstractIoUringChannel.java:474)
	at io.netty.channel.uring.IoUringIoHandler$DefaultIoUringIoRegistration.handle(IoUringIoHandler.java:705)
	at io.netty.channel.uring.IoUringIoHandler.handleFastPath(IoUringIoHandler.java:318)
	at io.netty.channel.uring.IoUringIoHandler.handle(IoUringIoHandler.java:298)
	at io.netty.channel.uring.CompletionQueue.process(CompletionQueue.java:151)
	at io.netty.channel.uring.IoUringIoHandler.processCompletionsAndHandleOverflow(IoUringIoHandler.java:213)
	at io.netty.channel.uring.IoUringIoHandler.run(IoUringIoHandler.java:188)
	at io.netty.channel.SingleThreadIoEventLoop.runIo(SingleThreadIoEventLoop.java:225)
	at io.netty.channel.SingleThreadIoEventLoop.run(SingleThreadIoEventLoop.java:196)
	at io.netty.util.concurrent.SingleThreadEventExecutor$5.run(SingleThreadEventExecutor.java:1204)
	at io.netty.util.internal.ThreadExecutorMap$2.run(ThreadExecutorMap.java:74)
	at io.netty.util.concurrent.FastThreadLocalRunnable.run(FastThreadLocalRunnable.java:30)
	at java.base/java.lang.Thread.run(Thread.java:1583)
07:12:27.208 [multiThreadIoEventLoopGroup-4-1] WARN  i.n.channel.uring.IoUringIoHandler - Unexpected exception in the IO event loop.
java.lang.IllegalStateException: arena buffer of Thread[#27,multiThreadIoEventLoopGroup-3-2,10,main] touched from Thread[#30,multiThreadIoEventLoopGroup-4-1,10,main] (event-loop arena buffers are thread confined)
	at io.netty.buffer.CycleArenaAllocator$ArenaBuf.violation(CycleArenaAllocator.java:1448)
	at io.netty.buffer.CycleArenaAllocator$ArenaBuf.retain(CycleArenaAllocator.java:1351)
	at io.netty.buffer.AbstractDerivedByteBuf.retain0(AbstractDerivedByteBuf.java:58)
	at io.netty.buffer.AbstractDerivedByteBuf.retain(AbstractDerivedByteBuf.java:54)
	at io.netty.channel.uring.IoUringSocketChannel$IoUringSocketUnsafe.handleWriteCompleteZeroCopy(IoUringSocketChannel.java:220)
	at io.netty.channel.uring.IoUringSocketChannel$IoUringSocketUnsafe.writeComplete0(IoUringSocketChannel.java:186)
	at io.netty.channel.uring.AbstractIoUringChannel$AbstractUringUnsafe.writeComplete(AbstractIoUringChannel.java:1003)
	at io.netty.channel.uring.AbstractIoUringChannel$AbstractUringUnsafe.handle(AbstractIoUringChannel.java:474)
	at io.netty.channel.uring.IoUringIoHandler$DefaultIoUringIoRegistration.handle(IoUringIoHandler.java:705)
	at io.netty.channel.uring.IoUringIoHandler.handleFastPath(IoUringIoHandler.java:318)
	at io.netty.channel.uring.IoUringIoHandler.handle(IoUringIoHandler.java:298)
	at io.netty.channel.uring.CompletionQueue.process(CompletionQueue.java:151)
	at io.netty.channel.uring.IoUringIoHandler.processCompletionsAndHandleOverflow(IoUringIoHandler.java:213)
	at io.netty.channel.uring.IoUringIoHandler.run(IoUringIoHandler.java:188)
	at io.netty.channel.SingleThreadIoEventLoop.runIo(SingleThreadIoEventLoop.java:225)
	at io.netty.channel.SingleThreadIoEventLoop.run(SingleThreadIoEventLoop.java:196)
	at io.netty.util.concurrent.SingleThreadEventExecutor$5.run(SingleThreadEventExecutor.java:1204)
	at io.netty.util.internal.ThreadExecutorMap$2.run(ThreadExecutorMap.java:74)
	at io.netty.util.concurrent.FastThreadLocalRunnable.run(FastThreadLocalRunnable.java:30)
	at java.base/java.lang.Thread.run(Thread.java:1583)
07:12:27.215 [multiThreadIoEventLoopGroup-3-1] WARN  i.n.channel.uring.IoUringIoHandler - Unexpected exception in the IO event loop.
java.lang.IllegalStateException: arena buffer of Thread[#32,multiThreadIoEventLoopGroup-4-3,10,main] touched from Thread[#26,multiThreadIoEventLoopGroup-3-1,10,main] (event-loop arena buffers are thread confined)
	at io.netty.buffer.CycleArenaAllocator$ArenaBuf.violation(CycleArenaAllocator.java:1448)
	at io.netty.buffer.CycleArenaAllocator$ArenaBuf.release(CycleArenaAllocator.java:1377)
	at io.netty.buffer.AbstractDerivedByteBuf.release0(AbstractDerivedByteBuf.java:98)
	at io.netty.buffer.AbstractDerivedByteBuf.release(AbstractDerivedByteBuf.java:94)
	at io.netty.channel.uring.IoUringSocketChannel$IoUringSocketUnsafe.handleWriteCompleteZeroCopy(IoUringSocketChannel.java:289)
	at io.netty.channel.uring.IoUringSocketChannel$IoUringSocketUnsafe.writeComplete0(IoUringSocketChannel.java:186)
	at io.netty.channel.uring.AbstractIoUringChannel$AbstractUringUnsafe.writeComplete(AbstractIoUringChannel.java:1003)
	at io.netty.channel.uring.AbstractIoUringChannel$AbstractUringUnsafe.handle(AbstractIoUringChannel.java:474)
	at io.netty.channel.uring.IoUringIoHandler$DefaultIoUringIoRegistration.handle(IoUringIoHandler.java:705)
	at io.netty.channel.uring.IoUringIoHandler.handleFastPath(IoUringIoHandler.java:318)
	at io.netty.channel.uring.IoUringIoHandler.handle(IoUringIoHandler.java:298)
	at io.netty.channel.uring.CompletionQueue.process(CompletionQueue.java:151)
	at io.netty.channel.uring.IoUringIoHandler.processCompletionsAndHandleOverflow(IoUringIoHandler.java:213)
	at io.netty.channel.uring.IoUringIoHandler.run(IoUringIoHandler.java:188)
	at io.netty.channel.SingleThreadIoEventLoop.runIo(SingleThreadIoEventLoop.java:225)
	at io.netty.channel.SingleThreadIoEventLoop.run(SingleThreadIoEventLoop.java:196)
	at io.netty.util.concurrent.SingleThreadEventExecutor$5.run(SingleThreadEventExecutor.java:1204)
	at io.netty.util.internal.ThreadExecutorMap$2.run(ThreadExecutorMap.java:74)
	at io.netty.util.concurrent.FastThreadLocalRunnable.run(FastThreadLocalRunnable.java:30)
	at java.base/java.lang.Thread.run(Thread.java:1583)
07:12:27.273 [multiThreadIoEventLoopGroup-3-2] WARN  i.n.channel.uring.IoUringIoHandler - Unexpected exception in the IO event loop.
java.lang.IllegalStateException: arena buffer of Thread[#31,multiThreadIoEventLoopGroup-4-2,10,main] touched from Thread[#27,multiThreadIoEventLoopGroup-3-2,10,main] (event-loop arena buffers are thread confined)
	at io.netty.buffer.CycleArenaAllocator$ArenaBuf.violation(CycleArenaAllocator.java:1448)
	at io.netty.buffer.CycleArenaAllocator$ArenaBuf.release(CycleArenaAllocator.java:1377)
	at io.netty.buffer.AbstractDerivedByteBuf.release0(AbstractDerivedByteBuf.java:98)
	at io.netty.buffer.AbstractDerivedByteBuf.release(AbstractDerivedByteBuf.java:94)
	at io.netty.channel.uring.IoUringSocketChannel$IoUringSocketUnsafe.handleWriteCompleteZeroCopy(IoUringSocketChannel.java:289)
	at io.netty.channel.uring.IoUringSocketChannel$IoUringSocketUnsafe.writeComplete0(IoUringSocketChannel.java:186)
	at io.netty.channel.uring.AbstractIoUringChannel$AbstractUringUnsafe.writeComplete(AbstractIoUringChannel.java:1003)
	at io.netty.channel.uring.AbstractIoUringChannel$AbstractUringUnsafe.handle(AbstractIoUringChannel.java:474)
	at io.netty.channel.uring.IoUringIoHandler$DefaultIoUringIoRegistration.handle(IoUringIoHandler.java:705)
	at io.netty.channel.uring.IoUringIoHandler.handleFastPath(IoUringIoHandler.java:318)
	at io.netty.channel.uring.IoUringIoHandler.handle(IoUringIoHandler.java:298)
	at io.netty.channel.uring.CompletionQueue.process(CompletionQueue.java:151)
	at io.netty.channel.uring.IoUringIoHandler.processCompletionsAndHandleOverflow(IoUringIoHandler.java:213)
	at io.netty.channel.uring.IoUringIoHandler.run(IoUringIoHandler.java:188)
	at io.netty.channel.SingleThreadIoEventLoop.runIo(SingleThreadIoEventLoop.java:225)
	at io.netty.channel.SingleThreadIoEventLoop.run(SingleThreadIoEventLoop.java:196)
	at io.netty.util.concurrent.SingleThreadEventExecutor$5.run(SingleThreadEventExecutor.java:1204)
	at io.netty.util.internal.ThreadExecutorMap$2.run(ThreadExecutorMap.java:74)
	at io.netty.util.concurrent.FastThreadLocalRunnable.run(FastThreadLocalRunnable.java:30)
	at java.base/java.lang.Thread.run(Thread.java:1583)
07:12:27.309 [multiThreadIoEventLoopGroup-4-1] WARN  i.n.channel.uring.IoUringIoHandler - Unexpected exception in the IO event loop.
java.lang.IllegalStateException: arena buffer of Thread[#26,multiThreadIoEventLoopGroup-3-1,10,main] touched from Thread[#30,multiThreadIoEventLoopGroup-4-1,10,main] (event-loop arena buffers are thread confined)
	at io.netty.buffer.CycleArenaAllocator$ArenaBuf.violation(CycleArenaAllocator.java:1448)
	at io.netty.buffer.CycleArenaAllocator$ArenaBuf.retain(CycleArenaAllocator.java:1351)
	at io.netty.buffer.AbstractDerivedByteBuf.retain0(AbstractDerivedByteBuf.java:58)
	at io.netty.buffer.AbstractDerivedByteBuf.retain(AbstractDerivedByteBuf.java:54)
	at io.netty.channel.uring.IoUringSocketChannel$IoUringSocketUnsafe.handleWriteCompleteZeroCopy(IoUringSocketChannel.java:220)
	at io.netty.channel.uring.IoUringSocketChannel$IoUringSocketUnsafe.writeComplete0(IoUringSocketChannel.java:186)
	at io.netty.channel.uring.AbstractIoUringChannel$AbstractUringUnsafe.writeComplete(AbstractIoUringChannel.java:1003)
	at io.netty.channel.uring.AbstractIoUringChannel$AbstractUringUnsafe.handle(AbstractIoUringChannel.java:474)
	at io.netty.channel.uring.IoUringIoHandler$DefaultIoUringIoRegistration.handle(IoUringIoHandler.java:705)
	at io.netty.channel.uring.IoUringIoHandler.handleFastPath(IoUringIoHandler.java:318)
	at io.netty.channel.uring.IoUringIoHandler.handle(IoUringIoHandler.java:298)
	at io.netty.channel.uring.CompletionQueue.process(CompletionQueue.java:151)
	at io.netty.channel.uring.IoUringIoHandler.processCompletionsAndHandleOverflow(IoUringIoHandler.java:213)
	at io.netty.channel.uring.IoUringIoHandler.run(IoUringIoHandler.java:188)
	at io.netty.channel.SingleThreadIoEventLoop.runIo(SingleThreadIoEventLoop.java:225)
	at io.netty.channel.SingleThreadIoEventLoop.run(SingleThreadIoEventLoop.java:196)
	at io.netty.util.concurrent.SingleThreadEventExecutor$5.run(SingleThreadEventExecutor.java:1204)
	at io.netty.util.internal.ThreadExecutorMap$2.run(ThreadExecutorMap.java:74)
	at io.netty.util.concurrent.FastThreadLocalRunnable.run(FastThreadLocalRunnable.java:30)
	at java.base/java.lang.Thread.run(Thread.java:1583)
07:12:27.322 [multiThreadIoEventLoopGroup-4-3] WARN  i.n.channel.uring.IoUringIoHandler - Unexpected exception in the IO event loop.
java.lang.IllegalStateException: arena buffer of Thread[#26,multiThreadIoEventLoopGroup-3-1,10,main] touched from Thread[#32,multiThreadIoEventLoopGroup-4-3,10,main] (event-loop arena buffers are thread confined)
	at io.netty.buffer.CycleArenaAllocator$ArenaBuf.violation(CycleArenaAllocator.java:1448)
	at io.netty.buffer.CycleArenaAllocator$ArenaBuf.retain(CycleArenaAllocator.java:1351)
	at io.netty.buffer.AbstractDerivedByteBuf.retain0(AbstractDerivedByteBuf.java:58)
	at io.netty.buffer.AbstractDerivedByteBuf.retain(AbstractDerivedByteBuf.java:54)
	at io.netty.channel.uring.IoUringSocketChannel$IoUringSocketUnsafe.handleWriteCompleteZeroCopy(IoUringSocketChannel.java:220)
	at io.netty.channel.uring.IoUringSocketChannel$IoUringSocketUnsafe.writeComplete0(IoUringSocketChannel.java:186)
	at io.netty.channel.uring.AbstractIoUringChannel$AbstractUringUnsafe.writeComplete(AbstractIoUringChannel.java:1003)
	at io.netty.channel.uring.AbstractIoUringChannel$AbstractUringUnsafe.handle(AbstractIoUringChannel.java:474)
	at io.netty.channel.uring.IoUringIoHandler$DefaultIoUringIoRegistration.handle(IoUringIoHandler.java:705)
	at io.netty.channel.uring.IoUringIoHandler.handleFastPath(IoUringIoHandler.java:318)
	at io.netty.channel.uring.IoUringIoHandler.handle(IoUringIoHandler.java:298)
	at io.netty.channel.uring.CompletionQueue.process(CompletionQueue.java:151)
	at io.netty.channel.uring.IoUringIoHandler.processCompletionsAndHandleOverflow(IoUringIoHandler.java:213)
	at io.netty.channel.uring.IoUringIoHandler.run(IoUringIoHandler.java:188)
	at io.netty.channel.SingleThreadIoEventLoop.runIo(SingleThreadIoEventLoop.java:225)
	at io.netty.channel.SingleThreadIoEventLoop.run(SingleThreadIoEventLoop.java:196)
	at io.netty.util.concurrent.SingleThreadEventExecutor$5.run(SingleThreadEventExecutor.java:1204)
	at io.netty.util.internal.ThreadExecutorMap$2.run(ThreadExecutorMap.java:74)
	at io.netty.util.concurrent.FastThreadLocalRunnable.run(FastThreadLocalRunnable.java:30)
	at java.base/java.lang.Thread.run(Thread.java:1583)
07:12:27.378 [multiThreadIoEventLoopGroup-4-2] WARN  io.netty.util.ReferenceCountUtil - Failed to release a message: UnpooledSlicedByteBuf(ridx: 0, widx: 1621, cap: 1621/1621, unwrapped: CycleArenaAllocator$ArenaBuf(ridx: 0, widx: 8192, cap: 8192))
java.lang.IllegalStateException: arena buffer of Thread[#27,multiThreadIoEventLoopGroup-3-2,10,main] touched from Thread[#31,multiThreadIoEventLoopGroup-4-2,10,main] (event-loop arena buffers are thread confined)
	at io.netty.buffer.CycleArenaAllocator$ArenaBuf.violation(CycleArenaAllocator.java:1448)
	at io.netty.buffer.CycleArenaAllocator$ArenaBuf.release(CycleArenaAllocator.java:1377)
	at io.netty.buffer.AbstractDerivedByteBuf.release0(AbstractDerivedByteBuf.java:98)
	at io.netty.buffer.AbstractDerivedByteBuf.release(AbstractDerivedByteBuf.java:94)
	at io.netty.util.ReferenceCountUtil.release(ReferenceCountUtil.java:90)
	at io.netty.util.ReferenceCountUtil.safeRelease(ReferenceCountUtil.java:116)
	at io.netty.channel.ChannelOutboundBuffer.remove(ChannelOutboundBuffer.java:300)
	at io.netty.channel.ChannelOutboundBuffer.removeBytes(ChannelOutboundBuffer.java:382)
	at io.netty.channel.uring.AbstractIoUringStreamChannel$IoUringStreamUnsafe.writeComplete0(AbstractIoUringStreamChannel.java:692)
	at io.netty.channel.uring.IoUringSocketChannel$IoUringSocketUnsafe.writeComplete0(IoUringSocketChannel.java:188)
	at io.netty.channel.uring.AbstractIoUringChannel$AbstractUringUnsafe.writeComplete(AbstractIoUringChannel.java:1003)
	at io.netty.channel.uring.AbstractIoUringChannel$AbstractUringUnsafe.handle(AbstractIoUringChannel.java:474)
	at io.netty.channel.uring.IoUringIoHandler$DefaultIoUringIoRegistration.handle(IoUringIoHandler.java:705)
	at io.netty.channel.uring.IoUringIoHandler.handleFastPath(IoUringIoHandler.java:318)
	at io.netty.channel.uring.IoUringIoHandler.handle(IoUringIoHandler.java:298)
	at io.netty.channel.uring.CompletionQueue.process(CompletionQueue.java:151)
	at io.netty.channel.uring.IoUringIoHandler.processCompletionsAndHandleOverflow(IoUringIoHandler.java:213)
	at io.netty.channel.uring.IoUringIoHandler.run(IoUringIoHandler.java:188)
	at io.netty.channel.SingleThreadIoEventLoop.runIo(SingleThreadIoEventLoop.java:225)
	at io.netty.channel.SingleThreadIoEventLoop.run(SingleThreadIoEventLoop.java:196)
	at io.netty.util.concurrent.SingleThreadEventExecutor$5.run(SingleThreadEventExecutor.java:1204)
	at io.netty.util.internal.ThreadExecutorMap$2.run(ThreadExecutorMap.java:74)
	at io.netty.util.concurrent.FastThreadLocalRunnable.run(FastThreadLocalRunnable.java:30)
	at java.base/java.lang.Thread.run(Thread.java:1583)
07:12:27.387 [multiThreadIoEventLoopGroup-4-2] WARN  io.netty.util.ReferenceCountUtil - Failed to release a message: UnpooledSlicedByteBuf(ridx: 0, widx: 2574, cap: 2574/2574, unwrapped: CycleArenaAllocator$ArenaBuf(ridx: 0, widx: 2574, cap: 8192))
java.lang.IllegalStateException: arena buffer of Thread[#27,multiThreadIoEventLoopGroup-3-2,10,main] touched from Thread[#31,multiThreadIoEventLoopGroup-4-2,10,main] (event-loop arena buffers are thread confined)
	at io.netty.buffer.CycleArenaAllocator$ArenaBuf.violation(CycleArenaAllocator.java:1448)
	at io.netty.buffer.CycleArenaAllocator$ArenaBuf.release(CycleArenaAllocator.java:1377)
	at io.netty.buffer.AbstractDerivedByteBuf.release0(AbstractDerivedByteBuf.java:98)
	at io.netty.buffer.AbstractDerivedByteBuf.release(AbstractDerivedByteBuf.java:94)
	at io.netty.util.ReferenceCountUtil.release(ReferenceCountUtil.java:90)
	at io.netty.util.ReferenceCountUtil.safeRelease(ReferenceCountUtil.java:116)
	at io.netty.channel.ChannelOutboundBuffer.remove(ChannelOutboundBuffer.java:300)
	at io.netty.channel.ChannelOutboundBuffer.removeBytes(ChannelOutboundBuffer.java:382)
	at io.netty.channel.uring.AbstractIoUringStreamChannel$IoUringStreamUnsafe.writeComplete0(AbstractIoUringStreamChannel.java:692)
	at io.netty.channel.uring.IoUringSocketChannel$IoUringSocketUnsafe.writeComplete0(IoUringSocketChannel.java:188)
	at io.netty.channel.uring.AbstractIoUringChannel$AbstractUringUnsafe.writeComplete(AbstractIoUringChannel.java:1003)
	at io.netty.channel.uring.AbstractIoUringChannel$AbstractUringUnsafe.handle(AbstractIoUringChannel.java:474)
	at io.netty.channel.uring.IoUringIoHandler$DefaultIoUringIoRegistration.handle(IoUringIoHandler.java:705)
	at io.netty.channel.uring.IoUringIoHandler.handleFastPath(IoUringIoHandler.java:318)
	at io.netty.channel.uring.IoUringIoHandler.handle(IoUringIoHandler.java:298)
	at io.netty.channel.uring.CompletionQueue.process(CompletionQueue.java:151)
	at io.netty.channel.uring.IoUringIoHandler.processCompletionsAndHandleOverflow(IoUringIoHandler.java:213)
	at io.netty.channel.uring.IoUringIoHandler.run(IoUringIoHandler.java:188)
	at io.netty.channel.SingleThreadIoEventLoop.runIo(SingleThreadIoEventLoop.java:225)
	at io.netty.channel.SingleThreadIoEventLoop.run(SingleThreadIoEventLoop.java:196)
	at io.netty.util.concurrent.SingleThreadEventExecutor$5.run(SingleThreadEventExecutor.java:1204)
	at io.netty.util.internal.ThreadExecutorMap$2.run(ThreadExecutorMap.java:74)
	at io.netty.util.concurrent.FastThreadLocalRunnable.run(FastThreadLocalRunnable.java:30)
	at java.base/java.lang.Thread.run(Thread.java:1583)
07:12:27.419 [multiThreadIoEventLoopGroup-4-1] WARN  io.netty.util.ReferenceCountUtil - Failed to release a message: UnpooledSlicedByteBuf(ridx: 0, widx: 1819, cap: 1819/1819, unwrapped: CycleArenaAllocator$ArenaBuf(ridx: 0, widx: 8192, cap: 8192))
java.lang.IllegalStateException: arena buffer of Thread[#26,multiThreadIoEventLoopGroup-3-1,10,main] touched from Thread[#30,multiThreadIoEventLoopGroup-4-1,10,main] (event-loop arena buffers are thread confined)
	at io.netty.buffer.CycleArenaAllocator$ArenaBuf.violation(CycleArenaAllocator.java:1448)
	at io.netty.buffer.CycleArenaAllocator$ArenaBuf.release(CycleArenaAllocator.java:1377)
	at io.netty.buffer.AbstractDerivedByteBuf.release0(AbstractDerivedByteBuf.java:98)
	at io.netty.buffer.AbstractDerivedByteBuf.release(AbstractDerivedByteBuf.java:94)
	at io.netty.util.ReferenceCountUtil.release(ReferenceCountUtil.java:90)
	at io.netty.util.ReferenceCountUtil.safeRelease(ReferenceCountUtil.java:116)
	at io.netty.channel.ChannelOutboundBuffer.remove(ChannelOutboundBuffer.java:300)
	at io.netty.channel.ChannelOutboundBuffer.removeBytes(ChannelOutboundBuffer.java:382)
	at io.netty.channel.uring.AbstractIoUringStreamChannel$IoUringStreamUnsafe.writeComplete0(AbstractIoUringStreamChannel.java:692)
	at io.netty.channel.uring.IoUringSocketChannel$IoUringSocketUnsafe.writeComplete0(IoUringSocketChannel.java:188)
	at io.netty.channel.uring.AbstractIoUringChannel$AbstractUringUnsafe.writeComplete(AbstractIoUringChannel.java:1003)
	at io.netty.channel.uring.AbstractIoUringChannel$AbstractUringUnsafe.handle(AbstractIoUringChannel.java:474)
	at io.netty.channel.uring.IoUringIoHandler$DefaultIoUringIoRegistration.handle(IoUringIoHandler.java:705)
	at io.netty.channel.uring.IoUringIoHandler.handleFastPath(IoUringIoHandler.java:318)
	at io.netty.channel.uring.IoUringIoHandler.handle(IoUringIoHandler.java:298)
	at io.netty.channel.uring.CompletionQueue.process(CompletionQueue.java:151)
	at io.netty.channel.uring.IoUringIoHandler.processCompletionsAndHandleOverflow(IoUringIoHandler.java:213)
	at io.netty.channel.uring.IoUringIoHandler.run(IoUringIoHandler.java:188)
	at io.netty.channel.SingleThreadIoEventLoop.runIo(SingleThreadIoEventLoop.java:225)
	at io.netty.channel.SingleThreadIoEventLoop.run(SingleThreadIoEventLoop.java:196)
	at io.netty.util.concurrent.SingleThreadEventExecutor$5.run(SingleThreadEventExecutor.java:1204)
	at io.netty.util.internal.ThreadExecutorMap$2.run(ThreadExecutorMap.java:74)
	at io.netty.util.concurrent.FastThreadLocalRunnable.run(FastThreadLocalRunnable.java:30)
	at java.base/java.lang.Thread.run(Thread.java:1583)
07:12:27.428 [multiThreadIoEventLoopGroup-4-1] WARN  io.netty.util.ReferenceCountUtil - Failed to release a message: UnpooledSlicedByteBuf(ridx: 0, widx: 1819, cap: 1819/1819, unwrapped: CycleArenaAllocator$ArenaBuf(ridx: 0, widx: 8192, cap: 8192))
java.lang.IllegalStateException: arena buffer of Thread[#27,multiThreadIoEventLoopGroup-3-2,10,main] touched from Thread[#30,multiThreadIoEventLoopGroup-4-1,10,main] (event-loop arena buffers are thread confined)
	at io.netty.buffer.CycleArenaAllocator$ArenaBuf.violation(CycleArenaAllocator.java:1448)
	at io.netty.buffer.CycleArenaAllocator$ArenaBuf.release(CycleArenaAllocator.java:1377)
	at io.netty.buffer.AbstractDerivedByteBuf.release0(AbstractDerivedByteBuf.java:98)
	at io.netty.buffer.AbstractDerivedByteBuf.release(AbstractDerivedByteBuf.java:94)
	at io.netty.util.ReferenceCountUtil.release(ReferenceCountUtil.java:90)
	at io.netty.util.ReferenceCountUtil.safeRelease(ReferenceCountUtil.java:116)
	at io.netty.channel.ChannelOutboundBuffer.remove(ChannelOutboundBuffer.java:300)
	at io.netty.channel.ChannelOutboundBuffer.removeBytes(ChannelOutboundBuffer.java:382)
	at io.netty.channel.uring.AbstractIoUringStreamChannel$IoUringStreamUnsafe.writeComplete0(AbstractIoUringStreamChannel.java:692)
	at io.netty.channel.uring.IoUringSocketChannel$IoUringSocketUnsafe.writeComplete0(IoUringSocketChannel.java:188)
	at io.netty.channel.uring.AbstractIoUringChannel$AbstractUringUnsafe.writeComplete(AbstractIoUringChannel.java:1003)
	at io.netty.channel.uring.AbstractIoUringChannel$AbstractUringUnsafe.handle(AbstractIoUringChannel.java:474)
	at io.netty.channel.uring.IoUringIoHandler$DefaultIoUringIoRegistration.handle(IoUringIoHandler.java:705)
	at io.netty.channel.uring.IoUringIoHandler.handleFastPath(IoUringIoHandler.java:318)
	at io.netty.channel.uring.IoUringIoHandler.handle(IoUringIoHandler.java:298)
	at io.netty.channel.uring.CompletionQueue.process(CompletionQueue.java:151)
	at io.netty.channel.uring.IoUringIoHandler.processCompletionsAndHandleOverflow(IoUringIoHandler.java:213)
	at io.netty.channel.uring.IoUringIoHandler.run(IoUringIoHandler.java:188)
	at io.netty.channel.SingleThreadIoEventLoop.runIo(SingleThreadIoEventLoop.java:225)
	at io.netty.channel.SingleThreadIoEventLoop.run(SingleThreadIoEventLoop.java:196)
	at io.netty.util.concurrent.SingleThreadEventExecutor$5.run(SingleThreadEventExecutor.java:1204)
	at io.netty.util.internal.ThreadExecutorMap$2.run(ThreadExecutorMap.java:74)
	at io.netty.util.concurrent.FastThreadLocalRunnable.run(FastThreadLocalRunnable.java:30)
	at java.base/java.lang.Thread.run(Thread.java:1583)
07:12:27.432 [multiThreadIoEventLoopGroup-4-1] WARN  io.netty.util.ReferenceCountUtil - Failed to release a message: UnpooledSlicedByteBuf(ridx: 0, widx: 2376, cap: 2376/2376, unwrapped: CycleArenaAllocator$ArenaBuf(ridx: 0, widx: 6571, cap: 8192))
java.lang.IllegalStateException: arena buffer of Thread[#26,multiThreadIoEventLoopGroup-3-1,10,main] touched from Thread[#30,multiThreadIoEventLoopGroup-4-1,10,main] (event-loop arena buffers are thread confined)
	at io.netty.buffer.CycleArenaAllocator$ArenaBuf.violation(CycleArenaAllocator.java:1448)
	at io.netty.buffer.CycleArenaAllocator$ArenaBuf.release(CycleArenaAllocator.java:1377)
	at io.netty.buffer.AbstractDerivedByteBuf.release0(AbstractDerivedByteBuf.java:98)
	at io.netty.buffer.AbstractDerivedByteBuf.release(AbstractDerivedByteBuf.java:94)
	at io.netty.util.ReferenceCountUtil.release(ReferenceCountUtil.java:90)
	at io.netty.util.ReferenceCountUtil.safeRelease(ReferenceCountUtil.java:116)
	at io.netty.channel.ChannelOutboundBuffer.remove(ChannelOutboundBuffer.java:300)
	at io.netty.channel.ChannelOutboundBuffer.removeBytes(ChannelOutboundBuffer.java:382)
	at io.netty.channel.uring.AbstractIoUringStreamChannel$IoUringStreamUnsafe.writeComplete0(AbstractIoUringStreamChannel.java:692)
	at io.netty.channel.uring.IoUringSocketChannel$IoUringSocketUnsafe.writeComplete0(IoUringSocketChannel.java:188)
	at io.netty.channel.uring.AbstractIoUringChannel$AbstractUringUnsafe.writeComplete(AbstractIoUringChannel.java:1003)
	at io.netty.channel.uring.AbstractIoUringChannel$AbstractUringUnsafe.handle(AbstractIoUringChannel.java:474)
	at io.netty.channel.uring.IoUringIoHandler$DefaultIoUringIoRegistration.handle(IoUringIoHandler.java:705)
	at io.netty.channel.uring.IoUringIoHandler.handleFastPath(IoUringIoHandler.java:318)
	at io.netty.channel.uring.IoUringIoHandler.handle(IoUringIoHandler.java:298)
	at io.netty.channel.uring.CompletionQueue.process(CompletionQueue.java:151)
	at io.netty.channel.uring.IoUringIoHandler.processCompletionsAndHandleOverflow(IoUringIoHandler.java:213)
	at io.netty.channel.uring.IoUringIoHandler.run(IoUringIoHandler.java:188)
	at io.netty.channel.SingleThreadIoEventLoop.runIo(SingleThreadIoEventLoop.java:225)
	at io.netty.channel.SingleThreadIoEventLoop.run(SingleThreadIoEventLoop.java:196)
	at io.netty.util.concurrent.SingleThreadEventExecutor$5.run(SingleThreadEventExecutor.java:1204)
	at io.netty.util.internal.ThreadExecutorMap$2.run(ThreadExecutorMap.java:74)
	at io.netty.util.concurrent.FastThreadLocalRunnable.run(FastThreadLocalRunnable.java:30)
	at java.base/java.lang.Thread.run(Thread.java:1583)
07:12:27.432 [multiThreadIoEventLoopGroup-4-1] WARN  io.netty.util.ReferenceCountUtil - Failed to release a message: UnpooledSlicedByteBuf(ridx: 0, widx: 2376, cap: 2376/2376, unwrapped: CycleArenaAllocator$ArenaBuf(ridx: 0, widx: 8192, cap: 8192))
java.lang.IllegalStateException: arena buffer of Thread[#27,multiThreadIoEventLoopGroup-3-2,10,main] touched from Thread[#30,multiThreadIoEventLoopGroup-4-1,10,main] (event-loop arena buffers are thread confined)
	at io.netty.buffer.CycleArenaAllocator$ArenaBuf.violation(CycleArenaAllocator.java:1448)
	at io.netty.buffer.CycleArenaAllocator$ArenaBuf.release(CycleArenaAllocator.java:1377)
	at io.netty.buffer.AbstractDerivedByteBuf.release0(AbstractDerivedByteBuf.java:98)
	at io.netty.buffer.AbstractDerivedByteBuf.release(AbstractDerivedByteBuf.java:94)
	at io.netty.util.ReferenceCountUtil.release(ReferenceCountUtil.java:90)
	at io.netty.util.ReferenceCountUtil.safeRelease(ReferenceCountUtil.java:116)
	at io.netty.channel.ChannelOutboundBuffer.remove(ChannelOutboundBuffer.java:300)
	at io.netty.channel.ChannelOutboundBuffer.removeBytes(ChannelOutboundBuffer.java:382)
	at io.netty.channel.uring.AbstractIoUringStreamChannel$IoUringStreamUnsafe.writeComplete0(AbstractIoUringStreamChannel.java:692)
	at io.netty.channel.uring.IoUringSocketChannel$IoUringSocketUnsafe.writeComplete0(IoUringSocketChannel.java:188)
	at io.netty.channel.uring.AbstractIoUringChannel$AbstractUringUnsafe.writeComplete(AbstractIoUringChannel.java:1003)
	at io.netty.channel.uring.AbstractIoUringChannel$AbstractUringUnsafe.handle(AbstractIoUringChannel.java:474)
	at io.netty.channel.uring.IoUringIoHandler$DefaultIoUringIoRegistration.handle(IoUringIoHandler.java:705)
	at io.netty.channel.uring.IoUringIoHandler.handleFastPath(IoUringIoHandler.java:318)
	at io.netty.channel.uring.IoUringIoHandler.handle(IoUringIoHandler.java:298)
	at io.netty.channel.uring.CompletionQueue.process(CompletionQueue.java:151)
	at io.netty.channel.uring.IoUringIoHandler.processCompletionsAndHandleOverflow(IoUringIoHandler.java:213)
	at io.netty.channel.uring.IoUringIoHandler.run(IoUringIoHandler.java:188)
	at io.netty.channel.SingleThreadIoEventLoop.runIo(SingleThreadIoEventLoop.java:225)
	at io.netty.channel.SingleThreadIoEventLoop.run(SingleThreadIoEventLoop.java:196)
	at io.netty.util.concurrent.SingleThreadEventExecutor$5.run(SingleThreadEventExecutor.java:1204)
	at io.netty.util.internal.ThreadExecutorMap$2.run(ThreadExecutorMap.java:74)
	at io.netty.util.concurrent.FastThreadLocalRunnable.run(FastThreadLocalRunnable.java:30)
	at java.base/java.lang.Thread.run(Thread.java:1583)
07:12:27.432 [multiThreadIoEventLoopGroup-4-1] WARN  i.n.channel.uring.IoUringIoHandler - Unexpected exception in the IO event loop.
java.lang.IllegalStateException: arena buffer of Thread[#27,multiThreadIoEventLoopGroup-3-2,10,main] touched from Thread[#30,multiThreadIoEventLoopGroup-4-1,10,main] (event-loop arena buffers are thread confined)
	at io.netty.buffer.CycleArenaAllocator$ArenaBuf.violation(CycleArenaAllocator.java:1448)
	at io.netty.buffer.CycleArenaAllocator$ArenaBuf.release(CycleArenaAllocator.java:1377)
	at io.netty.buffer.AbstractDerivedByteBuf.release0(AbstractDerivedByteBuf.java:98)
	at io.netty.buffer.AbstractDerivedByteBuf.release(AbstractDerivedByteBuf.java:94)
	at io.netty.channel.uring.IoUringSocketChannel$IoUringSocketUnsafe.handleWriteCompleteZeroCopy(IoUringSocketChannel.java:289)
	at io.netty.channel.uring.IoUringSocketChannel$IoUringSocketUnsafe.writeComplete0(IoUringSocketChannel.java:186)
	at io.netty.channel.uring.AbstractIoUringChannel$AbstractUringUnsafe.writeComplete(AbstractIoUringChannel.java:1003)
	at io.netty.channel.uring.AbstractIoUringChannel$AbstractUringUnsafe.handle(AbstractIoUringChannel.java:474)
	at io.netty.channel.uring.IoUringIoHandler$DefaultIoUringIoRegistration.handle(IoUringIoHandler.java:705)
	at io.netty.channel.uring.IoUringIoHandler.handleFastPath(IoUringIoHandler.java:318)
	at io.netty.channel.uring.IoUringIoHandler.handle(IoUringIoHandler.java:298)
	at io.netty.channel.uring.CompletionQueue.process(CompletionQueue.java:151)
	at io.netty.channel.uring.IoUringIoHandler.processCompletionsAndHandleOverflow(IoUringIoHandler.java:213)
	at io.netty.channel.uring.IoUringIoHandler.run(IoUringIoHandler.java:188)
	at io.netty.channel.SingleThreadIoEventLoop.runIo(SingleThreadIoEventLoop.java:225)
	at io.netty.channel.SingleThreadIoEventLoop.run(SingleThreadIoEventLoop.java:196)
	at io.netty.util.concurrent.SingleThreadEventExecutor$5.run(SingleThreadEventExecutor.java:1204)
	at io.netty.util.internal.ThreadExecutorMap$2.run(ThreadExecutorMap.java:74)
	at io.netty.util.concurrent.FastThreadLocalRunnable.run(FastThreadLocalRunnable.java:30)
	at java.base/java.lang.Thread.run(Thread.java:1583)
07:12:27.441 [multiThreadIoEventLoopGroup-4-3] WARN  i.n.channel.uring.IoUringIoHandler - Unexpected exception in the IO event loop.
java.lang.IllegalStateException: arena buffer of Thread[#26,multiThreadIoEventLoopGroup-3-1,10,main] touched from Thread[#32,multiThreadIoEventLoopGroup-4-3,10,main] (event-loop arena buffers are thread confined)
	at io.netty.buffer.CycleArenaAllocator$ArenaBuf.violation(CycleArenaAllocator.java:1448)
	at io.netty.buffer.CycleArenaAllocator$ArenaBuf.release(CycleArenaAllocator.java:1377)
	at io.netty.buffer.AbstractDerivedByteBuf.release0(AbstractDerivedByteBuf.java:98)
	at io.netty.buffer.AbstractDerivedByteBuf.release(AbstractDerivedByteBuf.java:94)
	at io.netty.channel.uring.IoUringSocketChannel$IoUringSocketUnsafe.handleWriteCompleteZeroCopy(IoUringSocketChannel.java:289)
	at io.netty.channel.uring.IoUringSocketChannel$IoUringSocketUnsafe.writeComplete0(IoUringSocketChannel.java:186)
	at io.netty.channel.uring.AbstractIoUringChannel$AbstractUringUnsafe.writeComplete(AbstractIoUringChannel.java:1003)
	at io.netty.channel.uring.AbstractIoUringChannel$AbstractUringUnsafe.handle(AbstractIoUringChannel.java:474)
	at io.netty.channel.uring.IoUringIoHandler$DefaultIoUringIoRegistration.handle(IoUringIoHandler.java:705)
	at io.netty.channel.uring.IoUringIoHandler.handleFastPath(IoUringIoHandler.java:318)
	at io.netty.channel.uring.IoUringIoHandler.handle(IoUringIoHandler.java:298)
	at io.netty.channel.uring.CompletionQueue.process(CompletionQueue.java:151)
	at io.netty.channel.uring.IoUringIoHandler.processCompletionsAndHandleOverflow(IoUringIoHandler.java:213)
	at io.netty.channel.uring.IoUringIoHandler.run(IoUringIoHandler.java:188)
	at io.netty.channel.SingleThreadIoEventLoop.runIo(SingleThreadIoEventLoop.java:225)
	at io.netty.channel.SingleThreadIoEventLoop.run(SingleThreadIoEventLoop.java:196)
	at io.netty.util.concurrent.SingleThreadEventExecutor$5.run(SingleThreadEventExecutor.java:1204)
	at io.netty.util.internal.ThreadExecutorMap$2.run(ThreadExecutorMap.java:74)
	at io.netty.util.concurrent.FastThreadLocalRunnable.run(FastThreadLocalRunnable.java:30)
	at java.base/java.lang.Thread.run(Thread.java:1583)
07:12:27.536 [multiThreadIoEventLoopGroup-4-1] WARN  i.n.channel.uring.IoUringIoHandler - Unexpected exception in the IO event loop.
java.lang.IllegalStateException: arena buffer of Thread[#26,multiThreadIoEventLoopGroup-3-1,10,main] touched from Thread[#30,multiThreadIoEventLoopGroup-4-1,10,main] (event-loop arena buffers are thread confined)
	at io.netty.buffer.CycleArenaAllocator$ArenaBuf.violation(CycleArenaAllocator.java:1448)
	at io.netty.buffer.CycleArenaAllocator$ArenaBuf.release(CycleArenaAllocator.java:1377)
	at io.netty.buffer.AbstractDerivedByteBuf.release0(AbstractDerivedByteBuf.java:98)
	at io.netty.buffer.AbstractDerivedByteBuf.release(AbstractDerivedByteBuf.java:94)
	at io.netty.channel.uring.IoUringSocketChannel$IoUringSocketUnsafe.handleWriteCompleteZeroCopy(IoUringSocketChannel.java:289)
	at io.netty.channel.uring.IoUringSocketChannel$IoUringSocketUnsafe.writeComplete0(IoUringSocketChannel.java:186)
	at io.netty.channel.uring.AbstractIoUringChannel$AbstractUringUnsafe.writeComplete(AbstractIoUringChannel.java:1003)
	at io.netty.channel.uring.AbstractIoUringChannel$AbstractUringUnsafe.handle(AbstractIoUringChannel.java:474)
	at io.netty.channel.uring.IoUringIoHandler$DefaultIoUringIoRegistration.handle(IoUringIoHandler.java:705)
	at io.netty.channel.uring.IoUringIoHandler.handleFastPath(IoUringIoHandler.java:318)
	at io.netty.channel.uring.IoUringIoHandler.handle(IoUringIoHandler.java:298)
	at io.netty.channel.uring.CompletionQueue.process(CompletionQueue.java:151)
	at io.netty.channel.uring.IoUringIoHandler.processCompletionsAndHandleOverflow(IoUringIoHandler.java:213)
	at io.netty.channel.uring.IoUringIoHandler.run(IoUringIoHandler.java:188)
	at io.netty.channel.SingleThreadIoEventLoop.runIo(SingleThreadIoEventLoop.java:225)
	at io.netty.channel.SingleThreadIoEventLoop.run(SingleThreadIoEventLoop.java:196)
	at io.netty.util.concurrent.SingleThreadEventExecutor$5.run(SingleThreadEventExecutor.java:1204)
	at io.netty.util.internal.ThreadExecutorMap$2.run(ThreadExecutorMap.java:74)
	at io.netty.util.concurrent.FastThreadLocalRunnable.run(FastThreadLocalRunnable.java:30)
	at java.base/java.lang.Thread.run(Thread.java:1583)
07:12:27.540 [multiThreadIoEventLoopGroup-3-2] WARN  io.netty.util.ReferenceCountUtil - Failed to release a message: UnpooledSlicedByteBuf(ridx: 0, widx: 980, cap: 980/980, unwrapped: CycleArenaAllocator$ArenaBuf(ridx: 0, widx: 5187, cap: 8192))
java.lang.IllegalStateException: arena buffer of Thread[#30,multiThreadIoEventLoopGroup-4-1,10,main] touched from Thread[#27,multiThreadIoEventLoopGroup-3-2,10,main] (event-loop arena buffers are thread confined)
	at io.netty.buffer.CycleArenaAllocator$ArenaBuf.violation(CycleArenaAllocator.java:1448)
	at io.netty.buffer.CycleArenaAllocator$ArenaBuf.release(CycleArenaAllocator.java:1377)
	at io.netty.buffer.AbstractDerivedByteBuf.release0(AbstractDerivedByteBuf.java:98)
	at io.netty.buffer.AbstractDerivedByteBuf.release(AbstractDerivedByteBuf.java:94)
	at io.netty.util.ReferenceCountUtil.release(ReferenceCountUtil.java:90)
	at io.netty.util.ReferenceCountUtil.safeRelease(ReferenceCountUtil.java:116)
	at io.netty.channel.ChannelOutboundBuffer.remove(ChannelOutboundBuffer.java:300)
	at io.netty.channel.ChannelOutboundBuffer.removeBytes(ChannelOutboundBuffer.java:382)
	at io.netty.channel.uring.AbstractIoUringStreamChannel$IoUringStreamUnsafe.writeComplete0(AbstractIoUringStreamChannel.java:692)
	at io.netty.channel.uring.IoUringSocketChannel$IoUringSocketUnsafe.writeComplete0(IoUringSocketChannel.java:188)
	at io.netty.channel.uring.AbstractIoUringChannel$AbstractUringUnsafe.writeComplete(AbstractIoUringChannel.java:1003)
	at io.netty.channel.uring.AbstractIoUringChannel$AbstractUringUnsafe.handle(AbstractIoUringChannel.java:474)
	at io.netty.channel.uring.IoUringIoHandler$DefaultIoUringIoRegistration.handle(IoUringIoHandler.java:705)
	at io.netty.channel.uring.IoUringIoHandler.handleFastPath(IoUringIoHandler.java:318)
	at io.netty.channel.uring.IoUringIoHandler.handle(IoUringIoHandler.java:298)
	at io.netty.channel.uring.CompletionQueue.process(CompletionQueue.java:151)
	at io.netty.channel.uring.IoUringIoHandler.processCompletionsAndHandleOverflow(IoUringIoHandler.java:213)
	at io.netty.channel.uring.IoUringIoHandler.run(IoUringIoHandler.java:188)
	at io.netty.channel.SingleThreadIoEventLoop.runIo(SingleThreadIoEventLoop.java:225)
	at io.netty.channel.SingleThreadIoEventLoop.run(SingleThreadIoEventLoop.java:196)
	at io.netty.util.concurrent.SingleThreadEventExecutor$5.run(SingleThreadEventExecutor.java:1204)
	at io.netty.util.internal.ThreadExecutorMap$2.run(ThreadExecutorMap.java:74)
	at io.netty.util.concurrent.FastThreadLocalRunnable.run(FastThreadLocalRunnable.java:30)
	at java.base/java.lang.Thread.run(Thread.java:1583)
07:12:27.543 [multiThreadIoEventLoopGroup-3-2] WARN  io.netty.util.ReferenceCountUtil - Failed to release a message: UnpooledSlicedByteBuf(ridx: 0, widx: 3546, cap: 3546/3546, unwrapped: CycleArenaAllocator$ArenaBuf(ridx: 0, widx: 5187, cap: 8192))
java.lang.IllegalStateException: arena buffer of Thread[#30,multiThreadIoEventLoopGroup-4-1,10,main] touched from Thread[#27,multiThreadIoEventLoopGroup-3-2,10,main] (event-loop arena buffers are thread confined)
	at io.netty.buffer.CycleArenaAllocator$ArenaBuf.violation(CycleArenaAllocator.java:1448)
	at io.netty.buffer.CycleArenaAllocator$ArenaBuf.release(CycleArenaAllocator.java:1377)
	at io.netty.buffer.AbstractDerivedByteBuf.release0(AbstractDerivedByteBuf.java:98)
	at io.netty.buffer.AbstractDerivedByteBuf.release(AbstractDerivedByteBuf.java:94)
	at io.netty.util.ReferenceCountUtil.release(ReferenceCountUtil.java:90)
	at io.netty.util.ReferenceCountUtil.safeRelease(ReferenceCountUtil.java:116)
	at io.netty.channel.ChannelOutboundBuffer.remove(ChannelOutboundBuffer.java:300)
	at io.netty.channel.ChannelOutboundBuffer.removeBytes(ChannelOutboundBuffer.java:382)
	at io.netty.channel.uring.AbstractIoUringStreamChannel$IoUringStreamUnsafe.writeComplete0(AbstractIoUringStreamChannel.java:692)
	at io.netty.channel.uring.IoUringSocketChannel$IoUringSocketUnsafe.writeComplete0(IoUringSocketChannel.java:188)
	at io.netty.channel.uring.AbstractIoUringChannel$AbstractUringUnsafe.writeComplete(AbstractIoUringChannel.java:1003)
	at io.netty.channel.uring.AbstractIoUringChannel$AbstractUringUnsafe.handle(AbstractIoUringChannel.java:474)
	at io.netty.channel.uring.IoUringIoHandler$DefaultIoUringIoRegistration.handle(IoUringIoHandler.java:705)
	at io.netty.channel.uring.IoUringIoHandler.handleFastPath(IoUringIoHandler.java:318)
	at io.netty.channel.uring.IoUringIoHandler.handle(IoUringIoHandler.java:298)
	at io.netty.channel.uring.CompletionQueue.process(CompletionQueue.java:151)
	at io.netty.channel.uring.IoUringIoHandler.processCompletionsAndHandleOverflow(IoUringIoHandler.java:213)
	at io.netty.channel.uring.IoUringIoHandler.run(IoUringIoHandler.java:188)
	at io.netty.channel.SingleThreadIoEventLoop.runIo(SingleThreadIoEventLoop.java:225)
	at io.netty.channel.SingleThreadIoEventLoop.run(SingleThreadIoEventLoop.java:196)
	at io.netty.util.concurrent.SingleThreadEventExecutor$5.run(SingleThreadEventExecutor.java:1204)
	at io.netty.util.internal.ThreadExecutorMap$2.run(ThreadExecutorMap.java:74)
	at io.netty.util.concurrent.FastThreadLocalRunnable.run(FastThreadLocalRunnable.java:30)
	at java.base/java.lang.Thread.run(Thread.java:1583)
07:12:27.640 [multiThreadIoEventLoopGroup-3-1] WARN  io.netty.util.ReferenceCountUtil - Failed to release a message: UnpooledSlicedByteBuf(ridx: 0, widx: 3005, cap: 3005/3005, unwrapped: CycleArenaAllocator$ArenaBuf(ridx: 0, widx: 8192, cap: 8192))
java.lang.IllegalStateException: arena buffer of Thread[#30,multiThreadIoEventLoopGroup-4-1,10,main] touched from Thread[#26,multiThreadIoEventLoopGroup-3-1,10,main] (event-loop arena buffers are thread confined)
	at io.netty.buffer.CycleArenaAllocator$ArenaBuf.violation(CycleArenaAllocator.java:1448)
	at io.netty.buffer.CycleArenaAllocator$ArenaBuf.release(CycleArenaAllocator.java:1377)
	at io.netty.buffer.AbstractDerivedByteBuf.release0(AbstractDerivedByteBuf.java:98)
	at io.netty.buffer.AbstractDerivedByteBuf.release(AbstractDerivedByteBuf.java:94)
	at io.netty.util.ReferenceCountUtil.release(ReferenceCountUtil.java:90)
	at io.netty.util.ReferenceCountUtil.safeRelease(ReferenceCountUtil.java:116)
	at io.netty.channel.ChannelOutboundBuffer.remove(ChannelOutboundBuffer.java:300)
	at io.netty.channel.ChannelOutboundBuffer.removeBytes(ChannelOutboundBuffer.java:382)
	at io.netty.channel.uring.AbstractIoUringStreamChannel$IoUringStreamUnsafe.writeComplete0(AbstractIoUringStreamChannel.java:692)
	at io.netty.channel.uring.IoUringSocketChannel$IoUringSocketUnsafe.writeComplete0(IoUringSocketChannel.java:188)
	at io.netty.channel.uring.AbstractIoUringChannel$AbstractUringUnsafe.writeComplete(AbstractIoUringChannel.java:1003)
	at io.netty.channel.uring.AbstractIoUringChannel$AbstractUringUnsafe.handle(AbstractIoUringChannel.java:474)
	at io.netty.channel.uring.IoUringIoHandler$DefaultIoUringIoRegistration.handle(IoUringIoHandler.java:705)
	at io.netty.channel.uring.IoUringIoHandler.handleFastPath(IoUringIoHandler.java:318)
	at io.netty.channel.uring.IoUringIoHandler.handle(IoUringIoHandler.java:298)
	at io.netty.channel.uring.CompletionQueue.process(CompletionQueue.java:151)
	at io.netty.channel.uring.IoUringIoHandler.processCompletionsAndHandleOverflow(IoUringIoHandler.java:213)
	at io.netty.channel.uring.IoUringIoHandler.run(IoUringIoHandler.java:188)
	at io.netty.channel.SingleThreadIoEventLoop.runIo(SingleThreadIoEventLoop.java:225)
	at io.netty.channel.SingleThreadIoEventLoop.run(SingleThreadIoEventLoop.java:196)
	at io.netty.util.concurrent.SingleThreadEventExecutor$5.run(SingleThreadEventExecutor.java:1204)
	at io.netty.util.internal.ThreadExecutorMap$2.run(ThreadExecutorMap.java:74)
	at io.netty.util.concurrent.FastThreadLocalRunnable.run(FastThreadLocalRunnable.java:30)
	at java.base/java.lang.Thread.run(Thread.java:1583)
07:12:27.641 [multiThreadIoEventLoopGroup-3-1] WARN  io.netty.util.ReferenceCountUtil - Failed to release a message: UnpooledSlicedByteBuf(ridx: 0, widx: 1532, cap: 1532/1532, unwrapped: CycleArenaAllocator$ArenaBuf(ridx: 0, widx: 6080, cap: 8192))
java.lang.IllegalStateException: arena buffer of Thread[#30,multiThreadIoEventLoopGroup-4-1,10,main] touched from Thread[#26,multiThreadIoEventLoopGroup-3-1,10,main] (event-loop arena buffers are thread confined)
	at io.netty.buffer.CycleArenaAllocator$ArenaBuf.violation(CycleArenaAllocator.java:1448)
	at io.netty.buffer.CycleArenaAllocator$ArenaBuf.release(CycleArenaAllocator.java:1377)
	at io.netty.buffer.AbstractDerivedByteBuf.release0(AbstractDerivedByteBuf.java:98)
	at io.netty.buffer.AbstractDerivedByteBuf.release(AbstractDerivedByteBuf.java:94)
	at io.netty.util.ReferenceCountUtil.release(ReferenceCountUtil.java:90)
	at io.netty.util.ReferenceCountUtil.safeRelease(ReferenceCountUtil.java:116)
	at io.netty.channel.ChannelOutboundBuffer.remove(ChannelOutboundBuffer.java:300)
	at io.netty.channel.ChannelOutboundBuffer.removeBytes(ChannelOutboundBuffer.java:382)
	at io.netty.channel.uring.AbstractIoUringStreamChannel$IoUringStreamUnsafe.writeComplete0(AbstractIoUringStreamChannel.java:692)
	at io.netty.channel.uring.IoUringSocketChannel$IoUringSocketUnsafe.writeComplete0(IoUringSocketChannel.java:188)
	at io.netty.channel.uring.AbstractIoUringChannel$AbstractUringUnsafe.writeComplete(AbstractIoUringChannel.java:1003)
	at io.netty.channel.uring.AbstractIoUringChannel$AbstractUringUnsafe.handle(AbstractIoUringChannel.java:474)
	at io.netty.channel.uring.IoUringIoHandler$DefaultIoUringIoRegistration.handle(IoUringIoHandler.java:705)
	at io.netty.channel.uring.IoUringIoHandler.handleFastPath(IoUringIoHandler.java:318)
	at io.netty.channel.uring.IoUringIoHandler.handle(IoUringIoHandler.java:298)
	at io.netty.channel.uring.CompletionQueue.process(CompletionQueue.java:151)
	at io.netty.channel.uring.IoUringIoHandler.processCompletionsAndHandleOverflow(IoUringIoHandler.java:213)
	at io.netty.channel.uring.IoUringIoHandler.run(IoUringIoHandler.java:188)
	at io.netty.channel.SingleThreadIoEventLoop.runIo(SingleThreadIoEventLoop.java:225)
	at io.netty.channel.SingleThreadIoEventLoop.run(SingleThreadIoEventLoop.java:196)
	at io.netty.util.concurrent.SingleThreadEventExecutor$5.run(SingleThreadEventExecutor.java:1204)
	at io.netty.util.internal.ThreadExecutorMap$2.run(ThreadExecutorMap.java:74)
	at io.netty.util.concurrent.FastThreadLocalRunnable.run(FastThreadLocalRunnable.java:30)
	at java.base/java.lang.Thread.run(Thread.java:1583)
07:12:27.641 [multiThreadIoEventLoopGroup-3-2] WARN  i.n.channel.uring.IoUringIoHandler - Unexpected exception in the IO event loop.
java.lang.IllegalStateException: arena buffer of Thread[#30,multiThreadIoEventLoopGroup-4-1,10,main] touched from Thread[#27,multiThreadIoEventLoopGroup-3-2,10,main] (event-loop arena buffers are thread confined)
	at io.netty.buffer.CycleArenaAllocator$ArenaBuf.violation(CycleArenaAllocator.java:1448)
	at io.netty.buffer.CycleArenaAllocator$ArenaBuf.retain(CycleArenaAllocator.java:1351)
	at io.netty.buffer.AbstractDerivedByteBuf.retain0(AbstractDerivedByteBuf.java:58)
	at io.netty.buffer.AbstractDerivedByteBuf.retain(AbstractDerivedByteBuf.java:54)
	at io.netty.channel.uring.IoUringSocketChannel$IoUringSocketUnsafe.handleWriteCompleteZeroCopy(IoUringSocketChannel.java:220)
	at io.netty.channel.uring.IoUringSocketChannel$IoUringSocketUnsafe.writeComplete0(IoUringSocketChannel.java:186)
	at io.netty.channel.uring.AbstractIoUringChannel$AbstractUringUnsafe.writeComplete(AbstractIoUringChannel.java:1003)
	at io.netty.channel.uring.AbstractIoUringChannel$AbstractUringUnsafe.handle(AbstractIoUringChannel.java:474)
	at io.netty.channel.uring.IoUringIoHandler$DefaultIoUringIoRegistration.handle(IoUringIoHandler.java:705)
	at io.netty.channel.uring.IoUringIoHandler.handleFastPath(IoUringIoHandler.java:318)
	at io.netty.channel.uring.IoUringIoHandler.handle(IoUringIoHandler.java:298)
	at io.netty.channel.uring.CompletionQueue.process(CompletionQueue.java:151)
	at io.netty.channel.uring.IoUringIoHandler.processCompletionsAndHandleOverflow(IoUringIoHandler.java:213)
	at io.netty.channel.uring.IoUringIoHandler.run(IoUringIoHandler.java:188)
	at io.netty.channel.SingleThreadIoEventLoop.runIo(SingleThreadIoEventLoop.java:225)
	at io.netty.channel.SingleThreadIoEventLoop.run(SingleThreadIoEventLoop.java:196)
	at io.netty.util.concurrent.SingleThreadEventExecutor$5.run(SingleThreadEventExecutor.java:1204)
	at io.netty.util.internal.ThreadExecutorMap$2.run(ThreadExecutorMap.java:74)
	at io.netty.util.concurrent.FastThreadLocalRunnable.run(FastThreadLocalRunnable.java:30)
	at java.base/java.lang.Thread.run(Thread.java:1583)
07:12:27.647 [multiThreadIoEventLoopGroup-4-1] WARN  io.netty.util.ReferenceCountUtil - Failed to release a message: UnpooledSlicedByteBuf(ridx: 0, widx: 1621, cap: 1621/1621, unwrapped: CycleArenaAllocator$ArenaBuf(ridx: 0, widx: 8192, cap: 8192))
java.lang.IllegalStateException: arena buffer of Thread[#26,multiThreadIoEventLoopGroup-3-1,10,main] touched from Thread[#30,multiThreadIoEventLoopGroup-4-1,10,main] (event-loop arena buffers are thread confined)
	at io.netty.buffer.CycleArenaAllocator$ArenaBuf.violation(CycleArenaAllocator.java:1448)
	at io.netty.buffer.CycleArenaAllocator$ArenaBuf.release(CycleArenaAllocator.java:1377)
	at io.netty.buffer.AbstractDerivedByteBuf.release0(AbstractDerivedByteBuf.java:98)
	at io.netty.buffer.AbstractDerivedByteBuf.release(AbstractDerivedByteBuf.java:94)
	at io.netty.util.ReferenceCountUtil.release(ReferenceCountUtil.java:90)
	at io.netty.util.ReferenceCountUtil.safeRelease(ReferenceCountUtil.java:116)
	at io.netty.channel.ChannelOutboundBuffer.remove(ChannelOutboundBuffer.java:300)
	at io.netty.channel.ChannelOutboundBuffer.removeBytes(ChannelOutboundBuffer.java:382)
	at io.netty.channel.uring.AbstractIoUringStreamChannel$IoUringStreamUnsafe.writeComplete0(AbstractIoUringStreamChannel.java:692)
	at io.netty.channel.uring.IoUringSocketChannel$IoUringSocketUnsafe.writeComplete0(IoUringSocketChannel.java:188)
	at io.netty.channel.uring.AbstractIoUringChannel$AbstractUringUnsafe.writeComplete(AbstractIoUringChannel.java:1003)
	at io.netty.channel.uring.AbstractIoUringChannel$AbstractUringUnsafe.handle(AbstractIoUringChannel.java:474)
	at io.netty.channel.uring.IoUringIoHandler$DefaultIoUringIoRegistration.handle(IoUringIoHandler.java:705)
	at io.netty.channel.uring.IoUringIoHandler.handleFastPath(IoUringIoHandler.java:318)
	at io.netty.channel.uring.IoUringIoHandler.handle(IoUringIoHandler.java:298)
	at io.netty.channel.uring.CompletionQueue.process(CompletionQueue.java:151)
	at io.netty.channel.uring.IoUringIoHandler.processCompletionsAndHandleOverflow(IoUringIoHandler.java:213)
	at io.netty.channel.uring.IoUringIoHandler.run(IoUringIoHandler.java:188)
	at io.netty.channel.SingleThreadIoEventLoop.runIo(SingleThreadIoEventLoop.java:225)
	at io.netty.channel.SingleThreadIoEventLoop.run(SingleThreadIoEventLoop.java:196)
	at io.netty.util.concurrent.SingleThreadEventExecutor$5.run(SingleThreadEventExecutor.java:1204)
	at io.netty.util.internal.ThreadExecutorMap$2.run(ThreadExecutorMap.java:74)
	at io.netty.util.concurrent.FastThreadLocalRunnable.run(FastThreadLocalRunnable.java:30)
	at java.base/java.lang.Thread.run(Thread.java:1583)
07:12:27.650 [multiThreadIoEventLoopGroup-4-1] WARN  io.netty.util.ReferenceCountUtil - Failed to release a message: UnpooledSlicedByteBuf(ridx: 0, widx: 2574, cap: 2574/2574, unwrapped: CycleArenaAllocator$ArenaBuf(ridx: 0, widx: 2574, cap: 8192))
java.lang.IllegalStateException: arena buffer of Thread[#26,multiThreadIoEventLoopGroup-3-1,10,main] touched from Thread[#30,multiThreadIoEventLoopGroup-4-1,10,main] (event-loop arena buffers are thread confined)
	at io.netty.buffer.CycleArenaAllocator$ArenaBuf.violation(CycleArenaAllocator.java:1448)
	at io.netty.buffer.CycleArenaAllocator$ArenaBuf.release(CycleArenaAllocator.java:1377)
	at io.netty.buffer.AbstractDerivedByteBuf.release0(AbstractDerivedByteBuf.java:98)
	at io.netty.buffer.AbstractDerivedByteBuf.release(AbstractDerivedByteBuf.java:94)
	at io.netty.util.ReferenceCountUtil.release(ReferenceCountUtil.java:90)
	at io.netty.util.ReferenceCountUtil.safeRelease(ReferenceCountUtil.java:116)
	at io.netty.channel.ChannelOutboundBuffer.remove(ChannelOutboundBuffer.java:300)
	at io.netty.channel.ChannelOutboundBuffer.removeBytes(ChannelOutboundBuffer.java:382)
	at io.netty.channel.uring.AbstractIoUringStreamChannel$IoUringStreamUnsafe.writeComplete0(AbstractIoUringStreamChannel.java:692)
	at io.netty.channel.uring.IoUringSocketChannel$IoUringSocketUnsafe.writeComplete0(IoUringSocketChannel.java:188)
	at io.netty.channel.uring.AbstractIoUringChannel$AbstractUringUnsafe.writeComplete(AbstractIoUringChannel.java:1003)
	at io.netty.channel.uring.AbstractIoUringChannel$AbstractUringUnsafe.handle(AbstractIoUringChannel.java:474)
	at io.netty.channel.uring.IoUringIoHandler$DefaultIoUringIoRegistration.handle(IoUringIoHandler.java:705)
	at io.netty.channel.uring.IoUringIoHandler.handleFastPath(IoUringIoHandler.java:318)
	at io.netty.channel.uring.IoUringIoHandler.handle(IoUringIoHandler.java:298)
	at io.netty.channel.uring.CompletionQueue.process(CompletionQueue.java:151)
	at io.netty.channel.uring.IoUringIoHandler.processCompletionsAndHandleOverflow(IoUringIoHandler.java:213)
	at io.netty.channel.uring.IoUringIoHandler.run(IoUringIoHandler.java:188)
	at io.netty.channel.SingleThreadIoEventLoop.runIo(SingleThreadIoEventLoop.java:225)
	at io.netty.channel.SingleThreadIoEventLoop.run(SingleThreadIoEventLoop.java:196)
	at io.netty.util.concurrent.SingleThreadEventExecutor$5.run(SingleThreadEventExecutor.java:1204)
	at io.netty.util.internal.ThreadExecutorMap$2.run(ThreadExecutorMap.java:74)
	at io.netty.util.concurrent.FastThreadLocalRunnable.run(FastThreadLocalRunnable.java:30)
	at java.base/java.lang.Thread.run(Thread.java:1583)
07:12:27.656 [multiThreadIoEventLoopGroup-3-1] WARN  io.netty.util.ReferenceCountUtil - Failed to release a message: UnpooledSlicedByteBuf(ridx: 0, widx: 2112, cap: 2112/2112, unwrapped: CycleArenaAllocator$ArenaBuf(ridx: 0, widx: 8192, cap: 8192))
java.lang.IllegalStateException: arena buffer of Thread[#30,multiThreadIoEventLoopGroup-4-1,10,main] touched from Thread[#26,multiThreadIoEventLoopGroup-3-1,10,main] (event-loop arena buffers are thread confined)
	at io.netty.buffer.CycleArenaAllocator$ArenaBuf.violation(CycleArenaAllocator.java:1448)
	at io.netty.buffer.CycleArenaAllocator$ArenaBuf.release(CycleArenaAllocator.java:1377)
	at io.netty.buffer.AbstractDerivedByteBuf.release0(AbstractDerivedByteBuf.java:98)
	at io.netty.buffer.AbstractDerivedByteBuf.release(AbstractDerivedByteBuf.java:94)
	at io.netty.util.ReferenceCountUtil.release(ReferenceCountUtil.java:90)
	at io.netty.util.ReferenceCountUtil.safeRelease(ReferenceCountUtil.java:116)
	at io.netty.channel.ChannelOutboundBuffer.remove(ChannelOutboundBuffer.java:300)
	at io.netty.channel.ChannelOutboundBuffer.removeBytes(ChannelOutboundBuffer.java:382)
	at io.netty.channel.uring.AbstractIoUringStreamChannel$IoUringStreamUnsafe.writeComplete0(AbstractIoUringStreamChannel.java:692)
	at io.netty.channel.uring.IoUringSocketChannel$IoUringSocketUnsafe.writeComplete0(IoUringSocketChannel.java:188)
	at io.netty.channel.uring.AbstractIoUringChannel$AbstractUringUnsafe.writeComplete(AbstractIoUringChannel.java:1003)
	at io.netty.channel.uring.AbstractIoUringChannel$AbstractUringUnsafe.handle(AbstractIoUringChannel.java:474)
	at io.netty.channel.uring.IoUringIoHandler$DefaultIoUringIoRegistration.handle(IoUringIoHandler.java:705)
	at io.netty.channel.uring.IoUringIoHandler.handleFastPath(IoUringIoHandler.java:318)
	at io.netty.channel.uring.IoUringIoHandler.handle(IoUringIoHandler.java:298)
	at io.netty.channel.uring.CompletionQueue.process(CompletionQueue.java:151)
	at io.netty.channel.uring.IoUringIoHandler.processCompletionsAndHandleOverflow(IoUringIoHandler.java:213)
	at io.netty.channel.uring.IoUringIoHandler.run(IoUringIoHandler.java:188)
	at io.netty.channel.SingleThreadIoEventLoop.runIo(SingleThreadIoEventLoop.java:225)
	at io.netty.channel.SingleThreadIoEventLoop.run(SingleThreadIoEventLoop.java:196)
	at io.netty.util.concurrent.SingleThreadEventExecutor$5.run(SingleThreadEventExecutor.java:1204)
	at io.netty.util.internal.ThreadExecutorMap$2.run(ThreadExecutorMap.java:74)
	at io.netty.util.concurrent.FastThreadLocalRunnable.run(FastThreadLocalRunnable.java:30)
	at java.base/java.lang.Thread.run(Thread.java:1583)
07:12:27.656 [multiThreadIoEventLoopGroup-3-1] WARN  io.netty.util.ReferenceCountUtil - Failed to release a message: UnpooledSlicedByteBuf(ridx: 0, widx: 2436, cap: 2436/2436, unwrapped: CycleArenaAllocator$ArenaBuf(ridx: 0, widx: 2436, cap: 8192))
java.lang.IllegalStateException: arena buffer of Thread[#30,multiThreadIoEventLoopGroup-4-1,10,main] touched from Thread[#26,multiThreadIoEventLoopGroup-3-1,10,main] (event-loop arena buffers are thread confined)
	at io.netty.buffer.CycleArenaAllocator$ArenaBuf.violation(CycleArenaAllocator.java:1448)
	at io.netty.buffer.CycleArenaAllocator$ArenaBuf.release(CycleArenaAllocator.java:1377)
	at io.netty.buffer.AbstractDerivedByteBuf.release0(AbstractDerivedByteBuf.java:98)
	at io.netty.buffer.AbstractDerivedByteBuf.release(AbstractDerivedByteBuf.java:94)
	at io.netty.util.ReferenceCountUtil.release(ReferenceCountUtil.java:90)
	at io.netty.util.ReferenceCountUtil.safeRelease(ReferenceCountUtil.java:116)
	at io.netty.channel.ChannelOutboundBuffer.remove(ChannelOutboundBuffer.java:300)
	at io.netty.channel.ChannelOutboundBuffer.removeBytes(ChannelOutboundBuffer.java:382)
	at io.netty.channel.uring.AbstractIoUringStreamChannel$IoUringStreamUnsafe.writeComplete0(AbstractIoUringStreamChannel.java:692)
	at io.netty.channel.uring.IoUringSocketChannel$IoUringSocketUnsafe.writeComplete0(IoUringSocketChannel.java:188)
	at io.netty.channel.uring.AbstractIoUringChannel$AbstractUringUnsafe.writeComplete(AbstractIoUringChannel.java:1003)
	at io.netty.channel.uring.AbstractIoUringChannel$AbstractUringUnsafe.handle(AbstractIoUringChannel.java:474)
	at io.netty.channel.uring.IoUringIoHandler$DefaultIoUringIoRegistration.handle(IoUringIoHandler.java:705)
	at io.netty.channel.uring.IoUringIoHandler.handleFastPath(IoUringIoHandler.java:318)
	at io.netty.channel.uring.IoUringIoHandler.handle(IoUringIoHandler.java:298)
	at io.netty.channel.uring.CompletionQueue.process(CompletionQueue.java:151)
	at io.netty.channel.uring.IoUringIoHandler.processCompletionsAndHandleOverflow(IoUringIoHandler.java:213)
	at io.netty.channel.uring.IoUringIoHandler.run(IoUringIoHandler.java:188)
	at io.netty.channel.SingleThreadIoEventLoop.runIo(SingleThreadIoEventLoop.java:225)
	at io.netty.channel.SingleThreadIoEventLoop.run(SingleThreadIoEventLoop.java:196)
	at io.netty.util.concurrent.SingleThreadEventExecutor$5.run(SingleThreadEventExecutor.java:1204)
	at io.netty.util.internal.ThreadExecutorMap$2.run(ThreadExecutorMap.java:74)
	at io.netty.util.concurrent.FastThreadLocalRunnable.run(FastThreadLocalRunnable.java:30)
	at java.base/java.lang.Thread.run(Thread.java:1583)
07:12:27.657 [multiThreadIoEventLoopGroup-4-1] WARN  i.n.channel.uring.IoUringIoHandler - Unexpected exception in the IO event loop.
java.lang.IllegalStateException: arena buffer of Thread[#26,multiThreadIoEventLoopGroup-3-1,10,main] touched from Thread[#30,multiThreadIoEventLoopGroup-4-1,10,main] (event-loop arena buffers are thread confined)
	at io.netty.buffer.CycleArenaAllocator$ArenaBuf.violation(CycleArenaAllocator.java:1448)
	at io.netty.buffer.CycleArenaAllocator$ArenaBuf.retain(CycleArenaAllocator.java:1351)
	at io.netty.buffer.AbstractDerivedByteBuf.retain0(AbstractDerivedByteBuf.java:58)
	at io.netty.buffer.AbstractDerivedByteBuf.retain(AbstractDerivedByteBuf.java:54)
	at io.netty.channel.uring.IoUringSocketChannel$IoUringSocketUnsafe.handleWriteCompleteZeroCopy(IoUringSocketChannel.java:220)
	at io.netty.channel.uring.IoUringSocketChannel$IoUringSocketUnsafe.writeComplete0(IoUringSocketChannel.java:186)
	at io.netty.channel.uring.AbstractIoUringChannel$AbstractUringUnsafe.writeComplete(AbstractIoUringChannel.java:1003)
	at io.netty.channel.uring.AbstractIoUringChannel$AbstractUringUnsafe.handle(AbstractIoUringChannel.java:474)
	at io.netty.channel.uring.IoUringIoHandler$DefaultIoUringIoRegistration.handle(IoUringIoHandler.java:705)
	at io.netty.channel.uring.IoUringIoHandler.handleFastPath(IoUringIoHandler.java:318)
	at io.netty.channel.uring.IoUringIoHandler.handle(IoUringIoHandler.java:298)
	at io.netty.channel.uring.CompletionQueue.process(CompletionQueue.java:151)
	at io.netty.channel.uring.IoUringIoHandler.processCompletionsAndHandleOverflow(IoUringIoHandler.java:213)
	at io.netty.channel.uring.IoUringIoHandler.run(IoUringIoHandler.java:188)
	at io.netty.channel.SingleThreadIoEventLoop.runIo(SingleThreadIoEventLoop.java:225)
	at io.netty.channel.SingleThreadIoEventLoop.run(SingleThreadIoEventLoop.java:196)
	at io.netty.util.concurrent.SingleThreadEventExecutor$5.run(SingleThreadEventExecutor.java:1204)
	at io.netty.util.internal.ThreadExecutorMap$2.run(ThreadExecutorMap.java:74)
	at io.netty.util.concurrent.FastThreadLocalRunnable.run(FastThreadLocalRunnable.java:30)
	at java.base/java.lang.Thread.run(Thread.java:1583)
07:12:27.746 [multiThreadIoEventLoopGroup-3-2] WARN  i.n.channel.uring.IoUringIoHandler - Unexpected exception in the IO event loop.
java.lang.IllegalStateException: arena buffer of Thread[#30,multiThreadIoEventLoopGroup-4-1,10,main] touched from Thread[#27,multiThreadIoEventLoopGroup-3-2,10,main] (event-loop arena buffers are thread confined)
	at io.netty.buffer.CycleArenaAllocator$ArenaBuf.violation(CycleArenaAllocator.java:1448)
	at io.netty.buffer.CycleArenaAllocator$ArenaBuf.release(CycleArenaAllocator.java:1377)
	at io.netty.buffer.AbstractDerivedByteBuf.release0(AbstractDerivedByteBuf.java:98)
	at io.netty.buffer.AbstractDerivedByteBuf.release(AbstractDerivedByteBuf.java:94)
	at io.netty.channel.uring.IoUringSocketChannel$IoUringSocketUnsafe.handleWriteCompleteZeroCopy(IoUringSocketChannel.java:289)
	at io.netty.channel.uring.IoUringSocketChannel$IoUringSocketUnsafe.writeComplete0(IoUringSocketChannel.java:186)
	at io.netty.channel.uring.AbstractIoUringChannel$AbstractUringUnsafe.writeComplete(AbstractIoUringChannel.java:1003)
	at io.netty.channel.uring.AbstractIoUringChannel$AbstractUringUnsafe.handle(AbstractIoUringChannel.java:474)
	at io.netty.channel.uring.IoUringIoHandler$DefaultIoUringIoRegistration.handle(IoUringIoHandler.java:705)
	at io.netty.channel.uring.IoUringIoHandler.handleFastPath(IoUringIoHandler.java:318)
	at io.netty.channel.uring.IoUringIoHandler.handle(IoUringIoHandler.java:298)
	at io.netty.channel.uring.CompletionQueue.process(CompletionQueue.java:151)
	at io.netty.channel.uring.IoUringIoHandler.processCompletionsAndHandleOverflow(IoUringIoHandler.java:213)
	at io.netty.channel.uring.IoUringIoHandler.run(IoUringIoHandler.java:188)
	at io.netty.channel.SingleThreadIoEventLoop.runIo(SingleThreadIoEventLoop.java:225)
	at io.netty.channel.SingleThreadIoEventLoop.run(SingleThreadIoEventLoop.java:196)
	at io.netty.util.concurrent.SingleThreadEventExecutor$5.run(SingleThreadEventExecutor.java:1204)
	at io.netty.util.internal.ThreadExecutorMap$2.run(ThreadExecutorMap.java:74)
	at io.netty.util.concurrent.FastThreadLocalRunnable.run(FastThreadLocalRunnable.java:30)
	at java.base/java.lang.Thread.run(Thread.java:1583)
07:12:27.757 [multiThreadIoEventLoopGroup-4-1] WARN  i.n.channel.uring.IoUringIoHandler - Unexpected exception in the IO event loop.
java.lang.IllegalStateException: arena buffer of Thread[#26,multiThreadIoEventLoopGroup-3-1,10,main] touched from Thread[#30,multiThreadIoEventLoopGroup-4-1,10,main] (event-loop arena buffers are thread confined)
	at io.netty.buffer.CycleArenaAllocator$ArenaBuf.violation(CycleArenaAllocator.java:1448)
	at io.netty.buffer.CycleArenaAllocator$ArenaBuf.release(CycleArenaAllocator.java:1377)
	at io.netty.buffer.AbstractDerivedByteBuf.release0(AbstractDerivedByteBuf.java:98)
	at io.netty.buffer.AbstractDerivedByteBuf.release(AbstractDerivedByteBuf.java:94)
	at io.netty.channel.uring.IoUringSocketChannel$IoUringSocketUnsafe.handleWriteCompleteZeroCopy(IoUringSocketChannel.java:289)
	at io.netty.channel.uring.IoUringSocketChannel$IoUringSocketUnsafe.writeComplete0(IoUringSocketChannel.java:186)
	at io.netty.channel.uring.AbstractIoUringChannel$AbstractUringUnsafe.writeComplete(AbstractIoUringChannel.java:1003)
	at io.netty.channel.uring.AbstractIoUringChannel$AbstractUringUnsafe.handle(AbstractIoUringChannel.java:474)
	at io.netty.channel.uring.IoUringIoHandler$DefaultIoUringIoRegistration.handle(IoUringIoHandler.java:705)
	at io.netty.channel.uring.IoUringIoHandler.handleFastPath(IoUringIoHandler.java:318)
	at io.netty.channel.uring.IoUringIoHandler.handle(IoUringIoHandler.java:298)
	at io.netty.channel.uring.CompletionQueue.process(CompletionQueue.java:151)
	at io.netty.channel.uring.IoUringIoHandler.processCompletionsAndHandleOverflow(IoUringIoHandler.java:213)
	at io.netty.channel.uring.IoUringIoHandler.run(IoUringIoHandler.java:188)
	at io.netty.channel.SingleThreadIoEventLoop.runIo(SingleThreadIoEventLoop.java:225)
	at io.netty.channel.SingleThreadIoEventLoop.run(SingleThreadIoEventLoop.java:196)
	at io.netty.util.concurrent.SingleThreadEventExecutor$5.run(SingleThreadEventExecutor.java:1204)
	at io.netty.util.internal.ThreadExecutorMap$2.run(ThreadExecutorMap.java:74)
	at io.netty.util.concurrent.FastThreadLocalRunnable.run(FastThreadLocalRunnable.java:30)
	at java.base/java.lang.Thread.run(Thread.java:1583)
07:12:27.859 [multiThreadIoEventLoopGroup-3-1] WARN  i.n.channel.uring.IoUringIoHandler - Unexpected exception in the IO event loop.
java.lang.IllegalStateException: arena buffer of Thread[#30,multiThreadIoEventLoopGroup-4-1,10,main] touched from Thread[#26,multiThreadIoEventLoopGroup-3-1,10,main] (event-loop arena buffers are thread confined)
	at io.netty.buffer.CycleArenaAllocator$ArenaBuf.violation(CycleArenaAllocator.java:1448)
	at io.netty.buffer.CycleArenaAllocator$ArenaBuf.retain(CycleArenaAllocator.java:1351)
	at io.netty.buffer.AbstractDerivedByteBuf.retain0(AbstractDerivedByteBuf.java:58)
	at io.netty.buffer.AbstractDerivedByteBuf.retain(AbstractDerivedByteBuf.java:54)
	at io.netty.channel.uring.IoUringSocketChannel$IoUringSocketUnsafe.handleWriteCompleteZeroCopy(IoUringSocketChannel.java:220)
	at io.netty.channel.uring.IoUringSocketChannel$IoUringSocketUnsafe.writeComplete0(IoUringSocketChannel.java:186)
	at io.netty.channel.uring.AbstractIoUringChannel$AbstractUringUnsafe.writeComplete(AbstractIoUringChannel.java:1003)
	at io.netty.channel.uring.AbstractIoUringChannel$AbstractUringUnsafe.handle(AbstractIoUringChannel.java:474)
	at io.netty.channel.uring.IoUringIoHandler$DefaultIoUringIoRegistration.handle(IoUringIoHandler.java:705)
	at io.netty.channel.uring.IoUringIoHandler.handleFastPath(IoUringIoHandler.java:318)
	at io.netty.channel.uring.IoUringIoHandler.handle(IoUringIoHandler.java:298)
	at io.netty.channel.uring.CompletionQueue.process(CompletionQueue.java:151)
	at io.netty.channel.uring.IoUringIoHandler.processCompletionsAndHandleOverflow(IoUringIoHandler.java:213)
	at io.netty.channel.uring.IoUringIoHandler.run(IoUringIoHandler.java:188)
	at io.netty.channel.SingleThreadIoEventLoop.runIo(SingleThreadIoEventLoop.java:225)
	at io.netty.channel.SingleThreadIoEventLoop.run(SingleThreadIoEventLoop.java:196)
	at io.netty.util.concurrent.SingleThreadEventExecutor$5.run(SingleThreadEventExecutor.java:1204)
	at io.netty.util.internal.ThreadExecutorMap$2.run(ThreadExecutorMap.java:74)
	at io.netty.util.concurrent.FastThreadLocalRunnable.run(FastThreadLocalRunnable.java:30)
	at java.base/java.lang.Thread.run(Thread.java:1583)
07:12:27.861 [multiThreadIoEventLoopGroup-4-1] WARN  i.n.channel.uring.IoUringIoHandler - Unexpected exception in the IO event loop.
java.lang.IllegalStateException: arena buffer of Thread[#27,multiThreadIoEventLoopGroup-3-2,10,main] touched from Thread[#30,multiThreadIoEventLoopGroup-4-1,10,main] (event-loop arena buffers are thread confined)
	at io.netty.buffer.CycleArenaAllocator$ArenaBuf.violation(CycleArenaAllocator.java:1448)
	at io.netty.buffer.CycleArenaAllocator$ArenaBuf.retain(CycleArenaAllocator.java:1351)
	at io.netty.buffer.AbstractDerivedByteBuf.retain0(AbstractDerivedByteBuf.java:58)
	at io.netty.buffer.AbstractDerivedByteBuf.retain(AbstractDerivedByteBuf.java:54)
	at io.netty.channel.uring.IoUringSocketChannel$IoUringSocketUnsafe.handleWriteCompleteZeroCopy(IoUringSocketChannel.java:220)
	at io.netty.channel.uring.IoUringSocketChannel$IoUringSocketUnsafe.writeComplete0(IoUringSocketChannel.java:186)
	at io.netty.channel.uring.AbstractIoUringChannel$AbstractUringUnsafe.writeComplete(AbstractIoUringChannel.java:1003)
	at io.netty.channel.uring.AbstractIoUringChannel$AbstractUringUnsafe.handle(AbstractIoUringChannel.java:474)
	at io.netty.channel.uring.IoUringIoHandler$DefaultIoUringIoRegistration.handle(IoUringIoHandler.java:705)
	at io.netty.channel.uring.IoUringIoHandler.handleFastPath(IoUringIoHandler.java:318)
	at io.netty.channel.uring.IoUringIoHandler.handle(IoUringIoHandler.java:298)
	at io.netty.channel.uring.CompletionQueue.process(CompletionQueue.java:151)
	at io.netty.channel.uring.IoUringIoHandler.processCompletionsAndHandleOverflow(IoUringIoHandler.java:213)
	at io.netty.channel.uring.IoUringIoHandler.run(IoUringIoHandler.java:188)
	at io.netty.channel.SingleThreadIoEventLoop.runIo(SingleThreadIoEventLoop.java:225)
	at io.netty.channel.SingleThreadIoEventLoop.run(SingleThreadIoEventLoop.java:196)
	at io.netty.util.concurrent.SingleThreadEventExecutor$5.run(SingleThreadEventExecutor.java:1204)
	at io.netty.util.internal.ThreadExecutorMap$2.run(ThreadExecutorMap.java:74)
	at io.netty.util.concurrent.FastThreadLocalRunnable.run(FastThreadLocalRunnable.java:30)
	at java.base/java.lang.Thread.run(Thread.java:1583)
07:12:27.963 [multiThreadIoEventLoopGroup-3-1] WARN  i.n.channel.uring.IoUringIoHandler - Unexpected exception in the IO event loop.
java.lang.IllegalStateException: arena buffer of Thread[#30,multiThreadIoEventLoopGroup-4-1,10,main] touched from Thread[#26,multiThreadIoEventLoopGroup-3-1,10,main] (event-loop arena buffers are thread confined)
	at io.netty.buffer.CycleArenaAllocator$ArenaBuf.violation(CycleArenaAllocator.java:1448)
	at io.netty.buffer.CycleArenaAllocator$ArenaBuf.release(CycleArenaAllocator.java:1377)
	at io.netty.buffer.AbstractDerivedByteBuf.release0(AbstractDerivedByteBuf.java:98)
	at io.netty.buffer.AbstractDerivedByteBuf.release(AbstractDerivedByteBuf.java:94)
	at io.netty.channel.uring.IoUringSocketChannel$IoUringSocketUnsafe.handleWriteCompleteZeroCopy(IoUringSocketChannel.java:289)
	at io.netty.channel.uring.IoUringSocketChannel$IoUringSocketUnsafe.writeComplete0(IoUringSocketChannel.java:186)
	at io.netty.channel.uring.AbstractIoUringChannel$AbstractUringUnsafe.writeComplete(AbstractIoUringChannel.java:1003)
	at io.netty.channel.uring.AbstractIoUringChannel$AbstractUringUnsafe.handle(AbstractIoUringChannel.java:474)
	at io.netty.channel.uring.IoUringIoHandler$DefaultIoUringIoRegistration.handle(IoUringIoHandler.java:705)
	at io.netty.channel.uring.IoUringIoHandler.handleFastPath(IoUringIoHandler.java:318)
	at io.netty.channel.uring.IoUringIoHandler.handle(IoUringIoHandler.java:298)
	at io.netty.channel.uring.CompletionQueue.process(CompletionQueue.java:151)
	at io.netty.channel.uring.IoUringIoHandler.processCompletionsAndHandleOverflow(IoUringIoHandler.java:213)
	at io.netty.channel.uring.IoUringIoHandler.run(IoUringIoHandler.java:188)
	at io.netty.channel.SingleThreadIoEventLoop.runIo(SingleThreadIoEventLoop.java:225)
	at io.netty.channel.SingleThreadIoEventLoop.run(SingleThreadIoEventLoop.java:196)
	at io.netty.util.concurrent.SingleThreadEventExecutor$5.run(SingleThreadEventExecutor.java:1204)
	at io.netty.util.internal.ThreadExecutorMap$2.run(ThreadExecutorMap.java:74)
	at io.netty.util.concurrent.FastThreadLocalRunnable.run(FastThreadLocalRunnable.java:30)
	at java.base/java.lang.Thread.run(Thread.java:1583)
07:12:27.969 [multiThreadIoEventLoopGroup-4-1] WARN  i.n.channel.uring.IoUringIoHandler - Unexpected exception in the IO event loop.
java.lang.IllegalStateException: arena buffer of Thread[#27,multiThreadIoEventLoopGroup-3-2,10,main] touched from Thread[#30,multiThreadIoEventLoopGroup-4-1,10,main] (event-loop arena buffers are thread confined)
	at io.netty.buffer.CycleArenaAllocator$ArenaBuf.violation(CycleArenaAllocator.java:1448)
	at io.netty.buffer.CycleArenaAllocator$ArenaBuf.release(CycleArenaAllocator.java:1377)
	at io.netty.buffer.AbstractDerivedByteBuf.release0(AbstractDerivedByteBuf.java:98)
	at io.netty.buffer.AbstractDerivedByteBuf.release(AbstractDerivedByteBuf.java:94)
	at io.netty.channel.uring.IoUringSocketChannel$IoUringSocketUnsafe.handleWriteCompleteZeroCopy(IoUringSocketChannel.java:289)
	at io.netty.channel.uring.IoUringSocketChannel$IoUringSocketUnsafe.writeComplete0(IoUringSocketChannel.java:186)
	at io.netty.channel.uring.AbstractIoUringChannel$AbstractUringUnsafe.writeComplete(AbstractIoUringChannel.java:1003)
	at io.netty.channel.uring.AbstractIoUringChannel$AbstractUringUnsafe.handle(AbstractIoUringChannel.java:474)
	at io.netty.channel.uring.IoUringIoHandler$DefaultIoUringIoRegistration.handle(IoUringIoHandler.java:705)
	at io.netty.channel.uring.IoUringIoHandler.handleFastPath(IoUringIoHandler.java:318)
	at io.netty.channel.uring.IoUringIoHandler.handle(IoUringIoHandler.java:298)
	at io.netty.channel.uring.CompletionQueue.process(CompletionQueue.java:151)
	at io.netty.channel.uring.IoUringIoHandler.processCompletionsAndHandleOverflow(IoUringIoHandler.java:213)
	at io.netty.channel.uring.IoUringIoHandler.run(IoUringIoHandler.java:188)
	at io.netty.channel.SingleThreadIoEventLoop.runIo(SingleThreadIoEventLoop.java:225)
	at io.netty.channel.SingleThreadIoEventLoop.run(SingleThreadIoEventLoop.java:196)
	at io.netty.util.concurrent.SingleThreadEventExecutor$5.run(SingleThreadEventExecutor.java:1204)
	at io.netty.util.internal.ThreadExecutorMap$2.run(ThreadExecutorMap.java:74)
	at io.netty.util.concurrent.FastThreadLocalRunnable.run(FastThreadLocalRunnable.java:30)
	at java.base/java.lang.Thread.run(Thread.java:1583)
RINGTELE transport=io_uring ringAllocs=376 ringReads=371 ringReadBytes=1024831 bgId=1 entries=64 chunk=8192 incremental=true batchSize=32 batchAllocation=false alloc=same allocClass=CycleArenaAllocator
ARENATELE blockSize=262144 maxBlocks=8 cap=8192 maxObjects=16384 debug=false ring=true ringStats=false arenaHeap=0 arenaDirect=376 delegateHeap=0 delegateDirect=0 arenaShare=100.00% blocksHeap=8 blocksDirect=16 pinned=16 reusable=0 maxPinnedHeap=0 maxPinnedDirect=16 blockReuses=0 blockGrowths=8 blockSwitches=8 ringWraps=0 ringResets=0 ringScans=8 ringReentries=0 ringStalls=0 stallBytes=0 strandedBytes=0 strandedShare=n/a holes<=256=0 holes<=1k=0 holes<=4k=0 holes<=8k=0 holes>8k=0 hooks=56 hookRejections=0 violations=398 earlyReuses=0 reallocInPlace=0 reallocMoved=0 reallocDelegated=0 trims=0 trimmedBlocks=0 leakedBlocks=0 objects=376 bytesHeap=0 bytesDirect=3080192 liveHeap=0 liveDirect=376
ARENALOOP thread=multiThreadIoEventLoopGroup-3-1 arenaHeap=0 arenaDirect=50 delegateHeap=0 delegateDirect=0 arenaShare=100.00% blocksHeap=1 blocksDirect=2 pinned=2 reusable=0 maxPinnedHeap=0 maxPinnedDirect=2 blockReuses=0 blockGrowths=1 blockSwitches=1 ringWraps=0 ringResets=0 ringScans=1 ringReentries=0 ringStalls=0 stallBytes=0 strandedBytes=0 strandedShare=n/a holes<=256=0 holes<=1k=0 holes<=4k=0 holes<=8k=0 holes>8k=0 hooks=7 hookRejections=0 violations=54 earlyReuses=0 reallocInPlace=0 reallocMoved=0 reallocDelegated=0 trims=0 trimmedBlocks=0 leakedBlocks=0 objects=50 bytesHeap=0 bytesDirect=409600 liveHeap=0 liveDirect=50
ARENALOOP thread=multiThreadIoEventLoopGroup-3-3 arenaHeap=0 arenaDirect=51 delegateHeap=0 delegateDirect=0 arenaShare=100.00% blocksHeap=1 blocksDirect=2 pinned=2 reusable=0 maxPinnedHeap=0 maxPinnedDirect=2 blockReuses=0 blockGrowths=1 blockSwitches=1 ringWraps=0 ringResets=0 ringScans=1 ringReentries=0 ringStalls=0 stallBytes=0 strandedBytes=0 strandedShare=n/a holes<=256=0 holes<=1k=0 holes<=4k=0 holes<=8k=0 holes>8k=0 hooks=8 hookRejections=0 violations=54 earlyReuses=0 reallocInPlace=0 reallocMoved=0 reallocDelegated=0 trims=0 trimmedBlocks=0 leakedBlocks=0 objects=51 bytesHeap=0 bytesDirect=417792 liveHeap=0 liveDirect=51
ARENALOOP thread=multiThreadIoEventLoopGroup-4-3 arenaHeap=0 arenaDirect=43 delegateHeap=0 delegateDirect=0 arenaShare=100.00% blocksHeap=1 blocksDirect=2 pinned=2 reusable=0 maxPinnedHeap=0 maxPinnedDirect=2 blockReuses=0 blockGrowths=1 blockSwitches=1 ringWraps=0 ringResets=0 ringScans=1 ringReentries=0 ringStalls=0 stallBytes=0 strandedBytes=0 strandedShare=n/a holes<=256=0 holes<=1k=0 holes<=4k=0 holes<=8k=0 holes>8k=0 hooks=6 hookRejections=0 violations=41 earlyReuses=0 reallocInPlace=0 reallocMoved=0 reallocDelegated=0 trims=0 trimmedBlocks=0 leakedBlocks=0 objects=43 bytesHeap=0 bytesDirect=352256 liveHeap=0 liveDirect=43
ARENALOOP thread=multiThreadIoEventLoopGroup-4-4 arenaHeap=0 arenaDirect=44 delegateHeap=0 delegateDirect=0 arenaShare=100.00% blocksHeap=1 blocksDirect=2 pinned=2 reusable=0 maxPinnedHeap=0 maxPinnedDirect=2 blockReuses=0 blockGrowths=1 blockSwitches=1 ringWraps=0 ringResets=0 ringScans=1 ringReentries=0 ringStalls=0 stallBytes=0 strandedBytes=0 strandedShare=n/a holes<=256=0 holes<=1k=0 holes<=4k=0 holes<=8k=0 holes>8k=0 hooks=5 hookRejections=0 violations=48 earlyReuses=0 reallocInPlace=0 reallocMoved=0 reallocDelegated=0 trims=0 trimmedBlocks=0 leakedBlocks=0 objects=44 bytesHeap=0 bytesDirect=360448 liveHeap=0 liveDirect=44
ARENALOOP thread=multiThreadIoEventLoopGroup-3-4 arenaHeap=0 arenaDirect=50 delegateHeap=0 delegateDirect=0 arenaShare=100.00% blocksHeap=1 blocksDirect=2 pinned=2 reusable=0 maxPinnedHeap=0 maxPinnedDirect=2 blockReuses=0 blockGrowths=1 blockSwitches=1 ringWraps=0 ringResets=0 ringScans=1 ringReentries=0 ringStalls=0 stallBytes=0 strandedBytes=0 strandedShare=n/a holes<=256=0 holes<=1k=0 holes<=4k=0 holes<=8k=0 holes>8k=0 hooks=6 hookRejections=0 violations=54 earlyReuses=0 reallocInPlace=0 reallocMoved=0 reallocDelegated=0 trims=0 trimmedBlocks=0 leakedBlocks=0 objects=50 bytesHeap=0 bytesDirect=409600 liveHeap=0 liveDirect=50
ARENALOOP thread=multiThreadIoEventLoopGroup-4-1 arenaHeap=0 arenaDirect=45 delegateHeap=0 delegateDirect=0 arenaShare=100.00% blocksHeap=1 blocksDirect=2 pinned=2 reusable=0 maxPinnedHeap=0 maxPinnedDirect=2 blockReuses=0 blockGrowths=1 blockSwitches=1 ringWraps=0 ringResets=0 ringScans=1 ringReentries=0 ringStalls=0 stallBytes=0 strandedBytes=0 strandedShare=n/a holes<=256=0 holes<=1k=0 holes<=4k=0 holes<=8k=0 holes>8k=0 hooks=9 hookRejections=0 violations=51 earlyReuses=0 reallocInPlace=0 reallocMoved=0 reallocDelegated=0 trims=0 trimmedBlocks=0 leakedBlocks=0 objects=45 bytesHeap=0 bytesDirect=368640 liveHeap=0 liveDirect=45
ARENALOOP thread=multiThreadIoEventLoopGroup-4-2 arenaHeap=0 arenaDirect=43 delegateHeap=0 delegateDirect=0 arenaShare=100.00% blocksHeap=1 blocksDirect=2 pinned=2 reusable=0 maxPinnedHeap=0 maxPinnedDirect=2 blockReuses=0 blockGrowths=1 blockSwitches=1 ringWraps=0 ringResets=0 ringScans=1 ringReentries=0 ringStalls=0 stallBytes=0 strandedBytes=0 strandedShare=n/a holes<=256=0 holes<=1k=0 holes<=4k=0 holes<=8k=0 holes>8k=0 hooks=7 hookRejections=0 violations=42 earlyReuses=0 reallocInPlace=0 reallocMoved=0 reallocDelegated=0 trims=0 trimmedBlocks=0 leakedBlocks=0 objects=43 bytesHeap=0 bytesDirect=352256 liveHeap=0 liveDirect=43
ARENALOOP thread=multiThreadIoEventLoopGroup-3-2 arenaHeap=0 arenaDirect=50 delegateHeap=0 delegateDirect=0 arenaShare=100.00% blocksHeap=1 blocksDirect=2 pinned=2 reusable=0 maxPinnedHeap=0 maxPinnedDirect=2 blockReuses=0 blockGrowths=1 blockSwitches=1 ringWraps=0 ringResets=0 ringScans=1 ringReentries=0 ringStalls=0 stallBytes=0 strandedBytes=0 strandedShare=n/a holes<=256=0 holes<=1k=0 holes<=4k=0 holes<=8k=0 holes>8k=0 hooks=8 hookRejections=0 violations=54 earlyReuses=0 reallocInPlace=0 reallocMoved=0 reallocDelegated=0 trims=0 trimmedBlocks=0 leakedBlocks=0 objects=50 bytesHeap=0 bytesDirect=409600 liveHeap=0 liveDirect=50
