waiting for the bench lock (ringalloc) at 00:21:36
got the bench lock (ringalloc) at 00:21:36
== cell start 00:21:36 :: ./run-ringbench.sh
== scaling_max_freq set=2300000 readback=2300000, cpus=32 governor=performance
== loadavg 5.03 3.83 3.11 1/1281 2925976
== runnable samples: 2 3 2 2 2 2 max=3 (limit 3)
== ringbench: RingAllocBench.ownerCycle  alloc=adaptive,builtinadaptive,slab,slab2fixed,slab2,slab3fixed,slab3 inFlight=1,32 forks=3 prof=perfnorm
# JMH version: 1.37
# VM version: JDK 21, Java HotSpot(TM) 64-Bit Server VM, 21+35-LTS-2513
# VM invoker: /home/forked_franz/.sdkman/candidates/java/21-oracle/bin/java
# VM options: -Dio.netty.allocator.type=adaptive
# Blackhole mode: compiler (auto-detected, use -Djmh.blackhole.autoDetect=false to disable)
# Warmup: 3 iterations, 1 s each
# Measurement: 5 iterations, 1 s each
# Timeout: 10 min per iteration
# Threads: 1 thread, will synchronize iterations
# Benchmark mode: Average time, time/op
# Benchmark: poc.ring.RingAllocBench.ownerCycle
# Parameters: (alloc = adaptive, inFlight = 1)

# Run progress: 0.00% complete, ETA 00:11:12
# Fork: 1 of 3
# Preparing profilers: LinuxPerfNormProfiler 
# Profilers consume stderr from target VM, use -v EXTRA to copy to console
# Warmup Iteration   1: 154.377 ns/op
# Warmup Iteration   2: 156.949 ns/op
# Warmup Iteration   3: 116.820 ns/op
Iteration   1: 112.669 ns/op
Iteration   2: 112.835 ns/op
Iteration   3: 112.520 ns/op
Iteration   4: 112.832 ns/op
Iteration   5: 112.745 ns/op
# Processing profiler results: LinuxPerfNormProfiler 

# Run progress: 1.19% complete, ETA 00:13:32
# Fork: 2 of 3
# Preparing profilers: LinuxPerfNormProfiler 
# Profilers consume stderr from target VM, use -v EXTRA to copy to console
# Warmup Iteration   1: 156.885 ns/op
# Warmup Iteration   2: 157.697 ns/op
# Warmup Iteration   3: 117.571 ns/op
Iteration   1: 113.174 ns/op
Iteration   2: 113.691 ns/op
Iteration   3: 112.902 ns/op
Iteration   4: 112.150 ns/op
Iteration   5: 118.020 ns/op
# Processing profiler results: LinuxPerfNormProfiler 

# Run progress: 2.38% complete, ETA 00:13:20
# Fork: 3 of 3
# Preparing profilers: LinuxPerfNormProfiler 
# Profilers consume stderr from target VM, use -v EXTRA to copy to console
# Warmup Iteration   1: 155.160 ns/op
# Warmup Iteration   2: 157.811 ns/op
# Warmup Iteration   3: 117.808 ns/op
Iteration   1: 112.988 ns/op
Iteration   2: 112.873 ns/op
Iteration   3: 112.598 ns/op
Iteration   4: 113.279 ns/op
Iteration   5: 113.336 ns/op
# Processing profiler results: LinuxPerfNormProfiler 


Result "poc.ring.RingAllocBench.ownerCycle":
  113.241 ±(99.9%) 1.468 ns/op [Average]
  (min, avg, max) = (112.150, 113.241, 118.020), stdev = 1.373
  CI (99.9%): [111.773, 114.709] (assumes normal distribution)

Secondary result "poc.ring.RingAllocBench.ownerCycle:CPI":
  0.253 ±(99.9%) 0.028 clks/insn [Average]
  (min, avg, max) = (0.252, 0.253, 0.255), stdev = 0.002
  CI (99.9%): [0.225, 0.282] (assumes normal distribution)

Secondary result "poc.ring.RingAllocBench.ownerCycle:IPC":
  3.950 ±(99.9%) 0.441 insns/clk [Average]
  (min, avg, max) = (3.922, 3.950, 3.964), stdev = 0.024
  CI (99.9%): [3.509, 4.391] (assumes normal distribution)

Secondary result "poc.ring.RingAllocBench.ownerCycle:L1-dcache-load-misses":
  4.883 ±(99.9%) 4.594 #/op [Average]
  (min, avg, max) = (4.601, 4.883, 5.084), stdev = 0.252
  CI (99.9%): [0.289, 9.477] (assumes normal distribution)

Secondary result "poc.ring.RingAllocBench.ownerCycle:L1-dcache-loads":
  340.889 ±(99.9%) 12.481 #/op [Average]
  (min, avg, max) = (340.105, 340.889, 341.365), stdev = 0.684
  CI (99.9%): [328.408, 353.371] (assumes normal distribution)

Secondary result "poc.ring.RingAllocBench.ownerCycle:L1-icache-load-misses":
  0.039 ±(99.9%) 0.028 #/op [Average]
  (min, avg, max) = (0.037, 0.039, 0.040), stdev = 0.002
  CI (99.9%): [0.010, 0.067] (assumes normal distribution)

Secondary result "poc.ring.RingAllocBench.ownerCycle:L1-icache-loads":
  7.270 ±(99.9%) 2.159 #/op [Average]
  (min, avg, max) = (7.143, 7.270, 7.377), stdev = 0.118
  CI (99.9%): [5.111, 9.429] (assumes normal distribution)

Secondary result "poc.ring.RingAllocBench.ownerCycle:branch-misses":
  0.096 ±(99.9%) 0.063 #/op [Average]
  (min, avg, max) = (0.094, 0.096, 0.100), stdev = 0.003
  CI (99.9%): [0.033, 0.159] (assumes normal distribution)

Secondary result "poc.ring.RingAllocBench.ownerCycle:branches":
  180.659 ±(99.9%) 2.026 #/op [Average]
  (min, avg, max) = (180.537, 180.659, 180.755), stdev = 0.111
  CI (99.9%): [178.633, 182.685] (assumes normal distribution)

Secondary result "poc.ring.RingAllocBench.ownerCycle:cycles":
  259.303 ±(99.9%) 27.278 #/op [Average]
  (min, avg, max) = (258.093, 259.303, 260.974), stdev = 1.495
  CI (99.9%): [232.025, 286.581] (assumes normal distribution)

Secondary result "poc.ring.RingAllocBench.ownerCycle:dTLB-load-misses":
  0.021 ±(99.9%) 0.018 #/op [Average]
  (min, avg, max) = (0.020, 0.021, 0.022), stdev = 0.001
  CI (99.9%): [0.003, 0.039] (assumes normal distribution)

Secondary result "poc.ring.RingAllocBench.ownerCycle:dTLB-loads":
  2.105 ±(99.9%) 0.091 #/op [Average]
  (min, avg, max) = (2.101, 2.105, 2.111), stdev = 0.005
  CI (99.9%): [2.015, 2.196] (assumes normal distribution)

Secondary result "poc.ring.RingAllocBench.ownerCycle:iTLB-load-misses":
  0.001 ±(99.9%) 0.003 #/op [Average]
  (min, avg, max) = (0.001, 0.001, 0.001), stdev = 0.001
  CI (99.9%): [≈ 0, 0.004] (assumes normal distribution)

Secondary result "poc.ring.RingAllocBench.ownerCycle:iTLB-loads":
  0.265 ±(99.9%) 0.538 #/op [Average]
  (min, avg, max) = (0.231, 0.265, 0.287), stdev = 0.029
  CI (99.9%): [≈ 0, 0.802] (assumes normal distribution)

Secondary result "poc.ring.RingAllocBench.ownerCycle:instructions":
  1024.138 ±(99.9%) 27.261 #/op [Average]
  (min, avg, max) = (1023.086, 1024.138, 1025.849), stdev = 1.494
  CI (99.9%): [996.877, 1051.399] (assumes normal distribution)

Secondary result "poc.ring.RingAllocBench.ownerCycle:stalled-cycles-frontend":
  7.863 ±(99.9%) 3.973 #/op [Average]
  (min, avg, max) = (7.678, 7.863, 8.103), stdev = 0.218
  CI (99.9%): [3.890, 11.837] (assumes normal distribution)


# JMH version: 1.37
# VM version: JDK 21, Java HotSpot(TM) 64-Bit Server VM, 21+35-LTS-2513
# VM invoker: /home/forked_franz/.sdkman/candidates/java/21-oracle/bin/java
# VM options: -Dio.netty.allocator.type=adaptive
# Blackhole mode: compiler (auto-detected, use -Djmh.blackhole.autoDetect=false to disable)
# Warmup: 3 iterations, 1 s each
# Measurement: 5 iterations, 1 s each
# Timeout: 10 min per iteration
# Threads: 1 thread, will synchronize iterations
# Benchmark mode: Average time, time/op
# Benchmark: poc.ring.RingAllocBench.ownerCycle
# Parameters: (alloc = adaptive, inFlight = 32)

# Run progress: 3.57% complete, ETA 00:13:09
# Fork: 1 of 3
# Preparing profilers: LinuxPerfNormProfiler 
# Profilers consume stderr from target VM, use -v EXTRA to copy to console
# Warmup Iteration   1: 195.264 ns/op
# Warmup Iteration   2: 197.590 ns/op
# Warmup Iteration   3: 178.036 ns/op
Iteration   1: 145.580 ns/op
Iteration   2: 146.889 ns/op
Iteration   3: 147.281 ns/op
Iteration   4: 147.005 ns/op
Iteration   5: 146.071 ns/op
# Processing profiler results: LinuxPerfNormProfiler 

# Run progress: 4.76% complete, ETA 00:13:20
# Fork: 2 of 3
# Preparing profilers: LinuxPerfNormProfiler 
# Profilers consume stderr from target VM, use -v EXTRA to copy to console
# Warmup Iteration   1: 191.003 ns/op
# Warmup Iteration   2: 192.169 ns/op
# Warmup Iteration   3: 172.784 ns/op
Iteration   1: 148.172 ns/op
Iteration   2: 149.077 ns/op
Iteration   3: 149.111 ns/op
Iteration   4: 148.407 ns/op
Iteration   5: 148.379 ns/op
# Processing profiler results: LinuxPerfNormProfiler 

# Run progress: 5.95% complete, ETA 00:13:05
# Fork: 3 of 3
# Preparing profilers: LinuxPerfNormProfiler 
# Profilers consume stderr from target VM, use -v EXTRA to copy to console
# Warmup Iteration   1: 198.474 ns/op
# Warmup Iteration   2: 197.998 ns/op
# Warmup Iteration   3: 178.306 ns/op
Iteration   1: 148.576 ns/op
Iteration   2: 149.277 ns/op
Iteration   3: 149.675 ns/op
Iteration   4: 149.741 ns/op
Iteration   5: 149.678 ns/op
# Processing profiler results: LinuxPerfNormProfiler 


Result "poc.ring.RingAllocBench.ownerCycle":
  148.195 ±(99.9%) 1.432 ns/op [Average]
  (min, avg, max) = (145.580, 148.195, 149.741), stdev = 1.339
  CI (99.9%): [146.763, 149.626] (assumes normal distribution)

Secondary result "poc.ring.RingAllocBench.ownerCycle:CPI":
  0.226 ±(99.9%) 0.013 clks/insn [Average]
  (min, avg, max) = (0.225, 0.226, 0.226), stdev = 0.001
  CI (99.9%): [0.213, 0.239] (assumes normal distribution)

Secondary result "poc.ring.RingAllocBench.ownerCycle:IPC":
  4.430 ±(99.9%) 0.253 insns/clk [Average]
  (min, avg, max) = (4.416, 4.430, 4.443), stdev = 0.014
  CI (99.9%): [4.177, 4.683] (assumes normal distribution)

Secondary result "poc.ring.RingAllocBench.ownerCycle:L1-dcache-load-misses":
  6.305 ±(99.9%) 1.628 #/op [Average]
  (min, avg, max) = (6.226, 6.305, 6.402), stdev = 0.089
  CI (99.9%): [4.678, 7.933] (assumes normal distribution)

Secondary result "poc.ring.RingAllocBench.ownerCycle:L1-dcache-loads":
  502.077 ±(99.9%) 69.111 #/op [Average]
  (min, avg, max) = (497.792, 502.077, 504.984), stdev = 3.788
  CI (99.9%): [432.965, 571.188] (assumes normal distribution)

Secondary result "poc.ring.RingAllocBench.ownerCycle:L1-icache-load-misses":
  0.040 ±(99.9%) 0.147 #/op [Average]
  (min, avg, max) = (0.031, 0.040, 0.047), stdev = 0.008
  CI (99.9%): [≈ 0, 0.187] (assumes normal distribution)

Secondary result "poc.ring.RingAllocBench.ownerCycle:L1-icache-loads":
  7.204 ±(99.9%) 13.426 #/op [Average]
  (min, avg, max) = (6.378, 7.204, 7.791), stdev = 0.736
  CI (99.9%): [≈ 0, 20.630] (assumes normal distribution)

Secondary result "poc.ring.RingAllocBench.ownerCycle:branch-misses":
  0.105 ±(99.9%) 0.066 #/op [Average]
  (min, avg, max) = (0.103, 0.105, 0.109), stdev = 0.004
  CI (99.9%): [0.039, 0.171] (assumes normal distribution)

Secondary result "poc.ring.RingAllocBench.ownerCycle:branches":
  294.886 ±(99.9%) 53.051 #/op [Average]
  (min, avg, max) = (291.542, 294.886, 296.821), stdev = 2.908
  CI (99.9%): [241.835, 347.937] (assumes normal distribution)

Secondary result "poc.ring.RingAllocBench.ownerCycle:cycles":
  337.677 ±(99.9%) 59.632 #/op [Average]
  (min, avg, max) = (333.988, 337.677, 340.214), stdev = 3.269
  CI (99.9%): [278.044, 397.309] (assumes normal distribution)

Secondary result "poc.ring.RingAllocBench.ownerCycle:dTLB-load-misses":
  0.025 ±(99.9%) 0.026 #/op [Average]
  (min, avg, max) = (0.024, 0.025, 0.027), stdev = 0.001
  CI (99.9%): [≈ 0, 0.051] (assumes normal distribution)

Secondary result "poc.ring.RingAllocBench.ownerCycle:dTLB-loads":
  2.126 ±(99.9%) 0.804 #/op [Average]
  (min, avg, max) = (2.076, 2.126, 2.161), stdev = 0.044
  CI (99.9%): [1.322, 2.930] (assumes normal distribution)

Secondary result "poc.ring.RingAllocBench.ownerCycle:iTLB-load-misses":
  0.001 ±(99.9%) 0.003 #/op [Average]
  (min, avg, max) = (0.001, 0.001, 0.001), stdev = 0.001
  CI (99.9%): [≈ 0, 0.004] (assumes normal distribution)

Secondary result "poc.ring.RingAllocBench.ownerCycle:iTLB-loads":
  0.184 ±(99.9%) 0.086 #/op [Average]
  (min, avg, max) = (0.181, 0.184, 0.190), stdev = 0.005
  CI (99.9%): [0.099, 0.270] (assumes normal distribution)

Secondary result "poc.ring.RingAllocBench.ownerCycle:instructions":
  1495.925 ±(99.9%) 187.693 #/op [Average]
  (min, avg, max) = (1484.056, 1495.925, 1502.302), stdev = 10.288
  CI (99.9%): [1308.231, 1683.618] (assumes normal distribution)

Secondary result "poc.ring.RingAllocBench.ownerCycle:stalled-cycles-frontend":
  6.185 ±(99.9%) 10.181 #/op [Average]
  (min, avg, max) = (5.575, 6.185, 6.670), stdev = 0.558
  CI (99.9%): [≈ 0, 16.366] (assumes normal distribution)


# JMH version: 1.37
# VM version: JDK 21, Java HotSpot(TM) 64-Bit Server VM, 21+35-LTS-2513
# VM invoker: /home/forked_franz/.sdkman/candidates/java/21-oracle/bin/java
# VM options: -Dio.netty.allocator.type=adaptive
# Blackhole mode: compiler (auto-detected, use -Djmh.blackhole.autoDetect=false to disable)
# Warmup: 3 iterations, 1 s each
# Measurement: 5 iterations, 1 s each
# Timeout: 10 min per iteration
# Threads: 1 thread, will synchronize iterations
# Benchmark mode: Average time, time/op
# Benchmark: poc.ring.RingAllocBench.ownerCycle
# Parameters: (alloc = builtinadaptive, inFlight = 1)

# Run progress: 7.14% complete, ETA 00:12:52
# Fork: 1 of 3
# Preparing profilers: LinuxPerfNormProfiler 
# Profilers consume stderr from target VM, use -v EXTRA to copy to console
# Warmup Iteration   1: 155.099 ns/op
# Warmup Iteration   2: 155.395 ns/op
# Warmup Iteration   3: 121.382 ns/op
Iteration   1: 115.132 ns/op
Iteration   2: 112.539 ns/op
Iteration   3: 111.359 ns/op
Iteration   4: 112.596 ns/op
Iteration   5: 112.351 ns/op
# Processing profiler results: LinuxPerfNormProfiler 

# Run progress: 8.33% complete, ETA 00:12:51
# Fork: 2 of 3
# Preparing profilers: LinuxPerfNormProfiler 
# Profilers consume stderr from target VM, use -v EXTRA to copy to console
# Warmup Iteration   1: 156.071 ns/op
# Warmup Iteration   2: 155.316 ns/op
# Warmup Iteration   3: 115.735 ns/op
Iteration   1: 111.110 ns/op
Iteration   2: 111.143 ns/op
Iteration   3: 111.195 ns/op
Iteration   4: 112.057 ns/op
Iteration   5: 111.370 ns/op
# Processing profiler results: LinuxPerfNormProfiler 

# Run progress: 9.52% complete, ETA 00:12:38
# Fork: 3 of 3
# Preparing profilers: LinuxPerfNormProfiler 
# Profilers consume stderr from target VM, use -v EXTRA to copy to console
# Warmup Iteration   1: 158.337 ns/op
# Warmup Iteration   2: 157.843 ns/op
# Warmup Iteration   3: 116.866 ns/op
Iteration   1: 111.132 ns/op
Iteration   2: 111.018 ns/op
Iteration   3: 110.984 ns/op
Iteration   4: 110.928 ns/op
Iteration   5: 111.031 ns/op
# Processing profiler results: LinuxPerfNormProfiler 


Result "poc.ring.RingAllocBench.ownerCycle":
  111.729 ±(99.9%) 1.189 ns/op [Average]
  (min, avg, max) = (110.928, 111.729, 115.132), stdev = 1.112
  CI (99.9%): [110.541, 112.918] (assumes normal distribution)

Secondary result "poc.ring.RingAllocBench.ownerCycle:CPI":
  0.251 ±(99.9%) 0.036 clks/insn [Average]
  (min, avg, max) = (0.249, 0.251, 0.253), stdev = 0.002
  CI (99.9%): [0.214, 0.287] (assumes normal distribution)

Secondary result "poc.ring.RingAllocBench.ownerCycle:IPC":
  3.989 ±(99.9%) 0.579 insns/clk [Average]
  (min, avg, max) = (3.960, 3.989, 4.023), stdev = 0.032
  CI (99.9%): [3.411, 4.568] (assumes normal distribution)

Secondary result "poc.ring.RingAllocBench.ownerCycle:L1-dcache-load-misses":
  4.715 ±(99.9%) 1.259 #/op [Average]
  (min, avg, max) = (4.658, 4.715, 4.792), stdev = 0.069
  CI (99.9%): [3.457, 5.974] (assumes normal distribution)

Secondary result "poc.ring.RingAllocBench.ownerCycle:L1-dcache-loads":
  340.127 ±(99.9%) 35.343 #/op [Average]
  (min, avg, max) = (337.902, 340.127, 341.439), stdev = 1.937
  CI (99.9%): [304.784, 375.470] (assumes normal distribution)

Secondary result "poc.ring.RingAllocBench.ownerCycle:L1-icache-load-misses":
  0.042 ±(99.9%) 0.112 #/op [Average]
  (min, avg, max) = (0.037, 0.042, 0.049), stdev = 0.006
  CI (99.9%): [≈ 0, 0.154] (assumes normal distribution)

Secondary result "poc.ring.RingAllocBench.ownerCycle:L1-icache-loads":
  6.797 ±(99.9%) 5.045 #/op [Average]
  (min, avg, max) = (6.537, 6.797, 7.088), stdev = 0.277
  CI (99.9%): [1.752, 11.843] (assumes normal distribution)

Secondary result "poc.ring.RingAllocBench.ownerCycle:branch-misses":
  0.099 ±(99.9%) 0.056 #/op [Average]
  (min, avg, max) = (0.096, 0.099, 0.102), stdev = 0.003
  CI (99.9%): [0.043, 0.155] (assumes normal distribution)

Secondary result "poc.ring.RingAllocBench.ownerCycle:branches":
  179.564 ±(99.9%) 6.238 #/op [Average]
  (min, avg, max) = (179.274, 179.564, 179.941), stdev = 0.342
  CI (99.9%): [173.326, 185.802] (assumes normal distribution)

Secondary result "poc.ring.RingAllocBench.ownerCycle:cycles":
  256.084 ±(99.9%) 39.755 #/op [Average]
  (min, avg, max) = (254.525, 256.084, 258.574), stdev = 2.179
  CI (99.9%): [216.328, 295.839] (assumes normal distribution)

Secondary result "poc.ring.RingAllocBench.ownerCycle:dTLB-load-misses":
  0.019 ±(99.9%) 0.031 #/op [Average]
  (min, avg, max) = (0.017, 0.019, 0.020), stdev = 0.002
  CI (99.9%): [≈ 0, 0.049] (assumes normal distribution)

Secondary result "poc.ring.RingAllocBench.ownerCycle:dTLB-loads":
  2.106 ±(99.9%) 0.221 #/op [Average]
  (min, avg, max) = (2.093, 2.106, 2.116), stdev = 0.012
  CI (99.9%): [1.886, 2.327] (assumes normal distribution)

Secondary result "poc.ring.RingAllocBench.ownerCycle:iTLB-load-misses":
  0.001 ±(99.9%) 0.005 #/op [Average]
  (min, avg, max) = (0.001, 0.001, 0.001), stdev = 0.001
  CI (99.9%): [≈ 0, 0.006] (assumes normal distribution)

Secondary result "poc.ring.RingAllocBench.ownerCycle:iTLB-loads":
  0.231 ±(99.9%) 0.240 #/op [Average]
  (min, avg, max) = (0.217, 0.231, 0.243), stdev = 0.013
  CI (99.9%): [≈ 0, 0.471] (assumes normal distribution)

Secondary result "poc.ring.RingAllocBench.ownerCycle:instructions":
  1021.526 ±(99.9%) 74.673 #/op [Average]
  (min, avg, max) = (1016.800, 1021.526, 1023.894), stdev = 4.093
  CI (99.9%): [946.853, 1096.199] (assumes normal distribution)

Secondary result "poc.ring.RingAllocBench.ownerCycle:stalled-cycles-frontend":
  7.429 ±(99.9%) 8.758 #/op [Average]
  (min, avg, max) = (6.874, 7.429, 7.717), stdev = 0.480
  CI (99.9%): [≈ 0, 16.187] (assumes normal distribution)


# JMH version: 1.37
# VM version: JDK 21, Java HotSpot(TM) 64-Bit Server VM, 21+35-LTS-2513
# VM invoker: /home/forked_franz/.sdkman/candidates/java/21-oracle/bin/java
# VM options: -Dio.netty.allocator.type=adaptive
# Blackhole mode: compiler (auto-detected, use -Djmh.blackhole.autoDetect=false to disable)
# Warmup: 3 iterations, 1 s each
# Measurement: 5 iterations, 1 s each
# Timeout: 10 min per iteration
# Threads: 1 thread, will synchronize iterations
# Benchmark mode: Average time, time/op
# Benchmark: poc.ring.RingAllocBench.ownerCycle
# Parameters: (alloc = builtinadaptive, inFlight = 32)

# Run progress: 10.71% complete, ETA 00:12:26
# Fork: 1 of 3
# Preparing profilers: LinuxPerfNormProfiler 
# Profilers consume stderr from target VM, use -v EXTRA to copy to console
# Warmup Iteration   1: 185.642 ns/op
# Warmup Iteration   2: 189.777 ns/op
# Warmup Iteration   3: 175.936 ns/op
Iteration   1: 160.279 ns/op
Iteration   2: 154.332 ns/op
Iteration   3: 148.196 ns/op
Iteration   4: 147.649 ns/op
Iteration   5: 147.716 ns/op
# Processing profiler results: LinuxPerfNormProfiler 

# Run progress: 11.90% complete, ETA 00:12:22
# Fork: 2 of 3
# Preparing profilers: LinuxPerfNormProfiler 
# Profilers consume stderr from target VM, use -v EXTRA to copy to console
# Warmup Iteration   1: 193.689 ns/op
# Warmup Iteration   2: 191.947 ns/op
# Warmup Iteration   3: 173.565 ns/op
Iteration   1: 150.502 ns/op
Iteration   2: 150.605 ns/op
Iteration   3: 149.666 ns/op
Iteration   4: 149.815 ns/op
Iteration   5: 150.011 ns/op
# Processing profiler results: LinuxPerfNormProfiler 

# Run progress: 13.10% complete, ETA 00:12:10
# Fork: 3 of 3
# Preparing profilers: LinuxPerfNormProfiler 
# Profilers consume stderr from target VM, use -v EXTRA to copy to console
# Warmup Iteration   1: 190.406 ns/op
# Warmup Iteration   2: 187.603 ns/op
# Warmup Iteration   3: 169.375 ns/op
Iteration   1: 148.648 ns/op
Iteration   2: 148.051 ns/op
Iteration   3: 147.505 ns/op
Iteration   4: 150.470 ns/op
Iteration   5: 150.591 ns/op
# Processing profiler results: LinuxPerfNormProfiler 


Result "poc.ring.RingAllocBench.ownerCycle":
  150.269 ±(99.9%) 3.505 ns/op [Average]
  (min, avg, max) = (147.505, 150.269, 160.279), stdev = 3.279
  CI (99.9%): [146.764, 153.774] (assumes normal distribution)

Secondary result "poc.ring.RingAllocBench.ownerCycle:CPI":
  0.231 ±(99.9%) 0.045 clks/insn [Average]
  (min, avg, max) = (0.229, 0.231, 0.234), stdev = 0.002
  CI (99.9%): [0.186, 0.276] (assumes normal distribution)

Secondary result "poc.ring.RingAllocBench.ownerCycle:IPC":
  4.331 ±(99.9%) 0.842 insns/clk [Average]
  (min, avg, max) = (4.278, 4.331, 4.364), stdev = 0.046
  CI (99.9%): [3.489, 5.173] (assumes normal distribution)

Secondary result "poc.ring.RingAllocBench.ownerCycle:L1-dcache-load-misses":
  6.485 ±(99.9%) 4.081 #/op [Average]
  (min, avg, max) = (6.227, 6.485, 6.626), stdev = 0.224
  CI (99.9%): [2.404, 10.566] (assumes normal distribution)

Secondary result "poc.ring.RingAllocBench.ownerCycle:L1-dcache-loads":
  498.144 ±(99.9%) 14.743 #/op [Average]
  (min, avg, max) = (497.229, 498.144, 498.757), stdev = 0.808
  CI (99.9%): [483.401, 512.887] (assumes normal distribution)

Secondary result "poc.ring.RingAllocBench.ownerCycle:L1-icache-load-misses":
  0.046 ±(99.9%) 0.071 #/op [Average]
  (min, avg, max) = (0.041, 0.046, 0.048), stdev = 0.004
  CI (99.9%): [≈ 0, 0.116] (assumes normal distribution)

Secondary result "poc.ring.RingAllocBench.ownerCycle:L1-icache-loads":
  7.400 ±(99.9%) 1.740 #/op [Average]
  (min, avg, max) = (7.296, 7.400, 7.484), stdev = 0.095
  CI (99.9%): [5.660, 9.140] (assumes normal distribution)

Secondary result "poc.ring.RingAllocBench.ownerCycle:branch-misses":
  0.115 ±(99.9%) 0.270 #/op [Average]
  (min, avg, max) = (0.098, 0.115, 0.127), stdev = 0.015
  CI (99.9%): [≈ 0, 0.385] (assumes normal distribution)

Secondary result "poc.ring.RingAllocBench.ownerCycle:branches":
  293.111 ±(99.9%) 47.549 #/op [Average]
  (min, avg, max) = (291.240, 293.111, 296.088), stdev = 2.606
  CI (99.9%): [245.562, 340.660] (assumes normal distribution)

Secondary result "poc.ring.RingAllocBench.ownerCycle:cycles":
  342.252 ±(99.9%) 47.296 #/op [Average]
  (min, avg, max) = (339.694, 342.252, 344.878), stdev = 2.592
  CI (99.9%): [294.957, 389.548] (assumes normal distribution)

Secondary result "poc.ring.RingAllocBench.ownerCycle:dTLB-load-misses":
  0.024 ±(99.9%) 0.057 #/op [Average]
  (min, avg, max) = (0.022, 0.024, 0.027), stdev = 0.003
  CI (99.9%): [≈ 0, 0.081] (assumes normal distribution)

Secondary result "poc.ring.RingAllocBench.ownerCycle:dTLB-loads":
  2.104 ±(99.9%) 0.666 #/op [Average]
  (min, avg, max) = (2.068, 2.104, 2.141), stdev = 0.036
  CI (99.9%): [1.439, 2.770] (assumes normal distribution)

Secondary result "poc.ring.RingAllocBench.ownerCycle:iTLB-load-misses":
  0.001 ±(99.9%) 0.002 #/op [Average]
  (min, avg, max) = (0.001, 0.001, 0.001), stdev = 0.001
  CI (99.9%): [≈ 0, 0.003] (assumes normal distribution)

Secondary result "poc.ring.RingAllocBench.ownerCycle:iTLB-loads":
  0.183 ±(99.9%) 0.143 #/op [Average]
  (min, avg, max) = (0.176, 0.183, 0.192), stdev = 0.008
  CI (99.9%): [0.040, 0.326] (assumes normal distribution)

Secondary result "poc.ring.RingAllocBench.ownerCycle:instructions":
  1482.242 ±(99.9%) 177.734 #/op [Average]
  (min, avg, max) = (1475.510, 1482.242, 1493.413), stdev = 9.742
  CI (99.9%): [1304.508, 1659.976] (assumes normal distribution)

Secondary result "poc.ring.RingAllocBench.ownerCycle:stalled-cycles-frontend":
  6.824 ±(99.9%) 13.063 #/op [Average]
  (min, avg, max) = (6.348, 6.824, 7.648), stdev = 0.716
  CI (99.9%): [≈ 0, 19.888] (assumes normal distribution)


# JMH version: 1.37
# VM version: JDK 21, Java HotSpot(TM) 64-Bit Server VM, 21+35-LTS-2513
# VM invoker: /home/forked_franz/.sdkman/candidates/java/21-oracle/bin/java
# VM options: -Dio.netty.allocator.type=adaptive
# Blackhole mode: compiler (auto-detected, use -Djmh.blackhole.autoDetect=false to disable)
# Warmup: 3 iterations, 1 s each
# Measurement: 5 iterations, 1 s each
# Timeout: 10 min per iteration
# Threads: 1 thread, will synchronize iterations
# Benchmark mode: Average time, time/op
# Benchmark: poc.ring.RingAllocBench.ownerCycle
# Parameters: (alloc = slab, inFlight = 1)

# Run progress: 14.29% complete, ETA 00:11:58
# Fork: 1 of 3
# Preparing profilers: LinuxPerfNormProfiler 
# Profilers consume stderr from target VM, use -v EXTRA to copy to console
# Warmup Iteration   1: 63.756 ns/op
# Warmup Iteration   2: 44.129 ns/op
# Warmup Iteration   3: 40.792 ns/op
Iteration   1: 40.605 ns/op
Iteration   2: 40.604 ns/op
Iteration   3: 40.634 ns/op
Iteration   4: 40.623 ns/op
Iteration   5: 40.771 ns/op
# Processing profiler results: LinuxPerfNormProfiler 

# Run progress: 15.48% complete, ETA 00:11:51
# Fork: 2 of 3
# Preparing profilers: LinuxPerfNormProfiler 
# Profilers consume stderr from target VM, use -v EXTRA to copy to console
# Warmup Iteration   1: 64.065 ns/op
# Warmup Iteration   2: 44.050 ns/op
# Warmup Iteration   3: 40.763 ns/op
Iteration   1: 40.631 ns/op
Iteration   2: 40.610 ns/op
Iteration   3: 40.841 ns/op
Iteration   4: 40.835 ns/op
Iteration   5: 40.798 ns/op
# Processing profiler results: LinuxPerfNormProfiler 

# Run progress: 16.67% complete, ETA 00:11:40
# Fork: 3 of 3
# Preparing profilers: LinuxPerfNormProfiler 
# Profilers consume stderr from target VM, use -v EXTRA to copy to console
# Warmup Iteration   1: 63.847 ns/op
# Warmup Iteration   2: 43.990 ns/op
# Warmup Iteration   3: 41.840 ns/op
Iteration   1: 41.734 ns/op
Iteration   2: 41.826 ns/op
Iteration   3: 41.488 ns/op
Iteration   4: 41.487 ns/op
Iteration   5: 41.897 ns/op
# Processing profiler results: LinuxPerfNormProfiler 


Result "poc.ring.RingAllocBench.ownerCycle":
  41.026 ±(99.9%) 0.535 ns/op [Average]
  (min, avg, max) = (40.604, 41.026, 41.897), stdev = 0.501
  CI (99.9%): [40.490, 41.561] (assumes normal distribution)

Secondary result "poc.ring.RingAllocBench.ownerCycle:CPI":
  0.234 ±(99.9%) 0.045 clks/insn [Average]
  (min, avg, max) = (0.233, 0.234, 0.237), stdev = 0.002
  CI (99.9%): [0.189, 0.280] (assumes normal distribution)

Secondary result "poc.ring.RingAllocBench.ownerCycle:IPC":
  4.266 ±(99.9%) 0.821 insns/clk [Average]
  (min, avg, max) = (4.214, 4.266, 4.294), stdev = 0.045
  CI (99.9%): [3.444, 5.087] (assumes normal distribution)

Secondary result "poc.ring.RingAllocBench.ownerCycle:L1-dcache-load-misses":
  0.709 ±(99.9%) 0.161 #/op [Average]
  (min, avg, max) = (0.699, 0.709, 0.715), stdev = 0.009
  CI (99.9%): [0.548, 0.870] (assumes normal distribution)

Secondary result "poc.ring.RingAllocBench.ownerCycle:L1-dcache-loads":
  118.038 ±(99.9%) 16.536 #/op [Average]
  (min, avg, max) = (117.435, 118.038, 119.081), stdev = 0.906
  CI (99.9%): [101.503, 134.574] (assumes normal distribution)

Secondary result "poc.ring.RingAllocBench.ownerCycle:L1-icache-load-misses":
  0.001 ±(99.9%) 0.001 #/op [Average]
  (min, avg, max) = (0.001, 0.001, 0.001), stdev = 0.001
  CI (99.9%): [≈ 10⁻⁴, 0.002] (assumes normal distribution)

Secondary result "poc.ring.RingAllocBench.ownerCycle:L1-icache-loads":
  0.384 ±(99.9%) 0.090 #/op [Average]
  (min, avg, max) = (0.378, 0.384, 0.388), stdev = 0.005
  CI (99.9%): [0.294, 0.473] (assumes normal distribution)

Secondary result "poc.ring.RingAllocBench.ownerCycle:branch-misses":
  0.022 ±(99.9%) 0.092 #/op [Average]
  (min, avg, max) = (0.016, 0.022, 0.025), stdev = 0.005
  CI (99.9%): [≈ 0, 0.114] (assumes normal distribution)

Secondary result "poc.ring.RingAllocBench.ownerCycle:branches":
  74.392 ±(99.9%) 8.104 #/op [Average]
  (min, avg, max) = (74.090, 74.392, 74.902), stdev = 0.444
  CI (99.9%): [66.288, 82.497] (assumes normal distribution)

Secondary result "poc.ring.RingAllocBench.ownerCycle:cycles":
  94.441 ±(99.9%) 22.957 #/op [Average]
  (min, avg, max) = (93.708, 94.441, 95.894), stdev = 1.258
  CI (99.9%): [71.484, 117.399] (assumes normal distribution)

Secondary result "poc.ring.RingAllocBench.ownerCycle:dTLB-load-misses":
  0.009 ±(99.9%) 0.052 #/op [Average]
  (min, avg, max) = (0.006, 0.009, 0.012), stdev = 0.003
  CI (99.9%): [≈ 0, 0.061] (assumes normal distribution)

Secondary result "poc.ring.RingAllocBench.ownerCycle:dTLB-loads":
  0.016 ±(99.9%) 0.086 #/op [Average]
  (min, avg, max) = (0.011, 0.016, 0.021), stdev = 0.005
  CI (99.9%): [≈ 0, 0.102] (assumes normal distribution)

Secondary result "poc.ring.RingAllocBench.ownerCycle:iTLB-load-misses":
  ≈ 10⁻³ #/op

Secondary result "poc.ring.RingAllocBench.ownerCycle:iTLB-loads":
  0.001 ±(99.9%) 0.007 #/op [Average]
  (min, avg, max) = (0.001, 0.001, 0.001), stdev = 0.001
  CI (99.9%): [≈ 0, 0.008] (assumes normal distribution)

Secondary result "poc.ring.RingAllocBench.ownerCycle:instructions":
  402.811 ±(99.9%) 20.422 #/op [Average]
  (min, avg, max) = (401.927, 402.811, 404.070), stdev = 1.119
  CI (99.9%): [382.389, 423.233] (assumes normal distribution)

Secondary result "poc.ring.RingAllocBench.ownerCycle:stalled-cycles-frontend":
  1.811 ±(99.9%) 8.726 #/op [Average]
  (min, avg, max) = (1.445, 1.811, 2.352), stdev = 0.478
  CI (99.9%): [≈ 0, 10.536] (assumes normal distribution)


# JMH version: 1.37
# VM version: JDK 21, Java HotSpot(TM) 64-Bit Server VM, 21+35-LTS-2513
# VM invoker: /home/forked_franz/.sdkman/candidates/java/21-oracle/bin/java
# VM options: -Dio.netty.allocator.type=adaptive
# Blackhole mode: compiler (auto-detected, use -Djmh.blackhole.autoDetect=false to disable)
# Warmup: 3 iterations, 1 s each
# Measurement: 5 iterations, 1 s each
# Timeout: 10 min per iteration
# Threads: 1 thread, will synchronize iterations
# Benchmark mode: Average time, time/op
# Benchmark: poc.ring.RingAllocBench.ownerCycle
# Parameters: (alloc = slab, inFlight = 32)

# Run progress: 17.86% complete, ETA 00:11:28
# Fork: 1 of 3
# Preparing profilers: LinuxPerfNormProfiler 
# Profilers consume stderr from target VM, use -v EXTRA to copy to console
# Warmup Iteration   1: 67.944 ns/op
# Warmup Iteration   2: 48.664 ns/op
# Warmup Iteration   3: 46.631 ns/op
Iteration   1: 46.519 ns/op
Iteration   2: 46.435 ns/op
Iteration   3: 46.612 ns/op
Iteration   4: 46.995 ns/op
Iteration   5: 46.959 ns/op
# Processing profiler results: LinuxPerfNormProfiler 

# Run progress: 19.05% complete, ETA 00:11:21
# Fork: 2 of 3
# Preparing profilers: LinuxPerfNormProfiler 
# Profilers consume stderr from target VM, use -v EXTRA to copy to console
# Warmup Iteration   1: 68.363 ns/op
# Warmup Iteration   2: 48.798 ns/op
# Warmup Iteration   3: 47.263 ns/op
Iteration   1: 47.597 ns/op
Iteration   2: 53.671 ns/op
Iteration   3: 47.043 ns/op
Iteration   4: 47.089 ns/op
Iteration   5: 48.249 ns/op
# Processing profiler results: LinuxPerfNormProfiler 

# Run progress: 20.24% complete, ETA 00:11:09
# Fork: 3 of 3
# Preparing profilers: LinuxPerfNormProfiler 
# Profilers consume stderr from target VM, use -v EXTRA to copy to console
# Warmup Iteration   1: 67.822 ns/op
# Warmup Iteration   2: 48.653 ns/op
# Warmup Iteration   3: 46.733 ns/op
Iteration   1: 46.500 ns/op
Iteration   2: 46.983 ns/op
Iteration   3: 47.343 ns/op
Iteration   4: 46.625 ns/op
Iteration   5: 47.011 ns/op
# Processing profiler results: LinuxPerfNormProfiler 


Result "poc.ring.RingAllocBench.ownerCycle":
  47.442 ±(99.9%) 1.910 ns/op [Average]
  (min, avg, max) = (46.435, 47.442, 53.671), stdev = 1.787
  CI (99.9%): [45.532, 49.353] (assumes normal distribution)

Secondary result "poc.ring.RingAllocBench.ownerCycle:CPI":
  0.269 ±(99.9%) 0.108 clks/insn [Average]
  (min, avg, max) = (0.265, 0.269, 0.276), stdev = 0.006
  CI (99.9%): [0.161, 0.377] (assumes normal distribution)

Secondary result "poc.ring.RingAllocBench.ownerCycle:IPC":
  3.717 ±(99.9%) 1.476 insns/clk [Average]
  (min, avg, max) = (3.624, 3.717, 3.773), stdev = 0.081
  CI (99.9%): [2.241, 5.193] (assumes normal distribution)

Secondary result "poc.ring.RingAllocBench.ownerCycle:L1-dcache-load-misses":
  0.781 ±(99.9%) 1.635 #/op [Average]
  (min, avg, max) = (0.725, 0.781, 0.884), stdev = 0.090
  CI (99.9%): [≈ 0, 2.416] (assumes normal distribution)

Secondary result "poc.ring.RingAllocBench.ownerCycle:L1-dcache-loads":
  127.980 ±(99.9%) 7.498 #/op [Average]
  (min, avg, max) = (127.640, 127.980, 128.437), stdev = 0.411
  CI (99.9%): [120.482, 135.478] (assumes normal distribution)

Secondary result "poc.ring.RingAllocBench.ownerCycle:L1-icache-load-misses":
  0.002 ±(99.9%) 0.008 #/op [Average]
  (min, avg, max) = (0.001, 0.002, 0.002), stdev = 0.001
  CI (99.9%): [≈ 0, 0.009] (assumes normal distribution)

Secondary result "poc.ring.RingAllocBench.ownerCycle:L1-icache-loads":
  0.546 ±(99.9%) 1.847 #/op [Average]
  (min, avg, max) = (0.447, 0.546, 0.649), stdev = 0.101
  CI (99.9%): [≈ 0, 2.393] (assumes normal distribution)

Secondary result "poc.ring.RingAllocBench.ownerCycle:branch-misses":
  0.048 ±(99.9%) 0.010 #/op [Average]
  (min, avg, max) = (0.047, 0.048, 0.048), stdev = 0.001
  CI (99.9%): [0.038, 0.057] (assumes normal distribution)

Secondary result "poc.ring.RingAllocBench.ownerCycle:branches":
  75.064 ±(99.9%) 0.619 #/op [Average]
  (min, avg, max) = (75.025, 75.064, 75.086), stdev = 0.034
  CI (99.9%): [74.445, 75.682] (assumes normal distribution)

Secondary result "poc.ring.RingAllocBench.ownerCycle:cycles":
  109.007 ±(99.9%) 42.210 #/op [Average]
  (min, avg, max) = (107.480, 109.007, 111.669), stdev = 2.314
  CI (99.9%): [66.797, 151.217] (assumes normal distribution)

Secondary result "poc.ring.RingAllocBench.ownerCycle:dTLB-load-misses":
  0.010 ±(99.9%) 0.035 #/op [Average]
  (min, avg, max) = (0.008, 0.010, 0.012), stdev = 0.002
  CI (99.9%): [≈ 0, 0.045] (assumes normal distribution)

Secondary result "poc.ring.RingAllocBench.ownerCycle:dTLB-loads":
  0.022 ±(99.9%) 0.039 #/op [Average]
  (min, avg, max) = (0.021, 0.022, 0.025), stdev = 0.002
  CI (99.9%): [≈ 0, 0.061] (assumes normal distribution)

Secondary result "poc.ring.RingAllocBench.ownerCycle:iTLB-load-misses":
  0.001 ±(99.9%) 0.001 #/op [Average]
  (min, avg, max) = (≈ 10⁻³, 0.001, 0.001), stdev = 0.001
  CI (99.9%): [≈ 0, 0.002] (assumes normal distribution)

Secondary result "poc.ring.RingAllocBench.ownerCycle:iTLB-loads":
  0.001 ±(99.9%) 0.005 #/op [Average]
  (min, avg, max) = (0.001, 0.001, 0.002), stdev = 0.001
  CI (99.9%): [≈ 0, 0.007] (assumes normal distribution)

Secondary result "poc.ring.RingAllocBench.ownerCycle:instructions":
  405.034 ±(99.9%) 7.517 #/op [Average]
  (min, avg, max) = (404.690, 405.034, 405.491), stdev = 0.412
  CI (99.9%): [397.517, 412.551] (assumes normal distribution)

Secondary result "poc.ring.RingAllocBench.ownerCycle:stalled-cycles-frontend":
  2.994 ±(99.9%) 1.861 #/op [Average]
  (min, avg, max) = (2.883, 2.994, 3.083), stdev = 0.102
  CI (99.9%): [1.133, 4.856] (assumes normal distribution)


# JMH version: 1.37
# VM version: JDK 21, Java HotSpot(TM) 64-Bit Server VM, 21+35-LTS-2513
# VM invoker: /home/forked_franz/.sdkman/candidates/java/21-oracle/bin/java
# VM options: -Dio.netty.allocator.type=adaptive
# Blackhole mode: compiler (auto-detected, use -Djmh.blackhole.autoDetect=false to disable)
# Warmup: 3 iterations, 1 s each
# Measurement: 5 iterations, 1 s each
# Timeout: 10 min per iteration
# Threads: 1 thread, will synchronize iterations
# Benchmark mode: Average time, time/op
# Benchmark: poc.ring.RingAllocBench.ownerCycle
# Parameters: (alloc = slab2fixed, inFlight = 1)

# Run progress: 21.43% complete, ETA 00:10:58
# Fork: 1 of 3
# Preparing profilers: LinuxPerfNormProfiler 
# Profilers consume stderr from target VM, use -v EXTRA to copy to console
# Warmup Iteration   1: 68.539 ns/op
# Warmup Iteration   2: 50.176 ns/op
# Warmup Iteration   3: 42.193 ns/op
Iteration   1: 42.719 ns/op
Iteration   2: 43.398 ns/op
Iteration   3: 42.254 ns/op
Iteration   4: 43.281 ns/op
Iteration   5: 42.325 ns/op
# Processing profiler results: LinuxPerfNormProfiler 

# Run progress: 22.62% complete, ETA 00:10:50
# Fork: 2 of 3
# Preparing profilers: LinuxPerfNormProfiler 
# Profilers consume stderr from target VM, use -v EXTRA to copy to console
# Warmup Iteration   1: 68.638 ns/op
# Warmup Iteration   2: 49.645 ns/op
# Warmup Iteration   3: 42.254 ns/op
Iteration   1: 42.033 ns/op
Iteration   2: 42.023 ns/op
Iteration   3: 42.173 ns/op
Iteration   4: 42.324 ns/op
Iteration   5: 42.202 ns/op
# Processing profiler results: LinuxPerfNormProfiler 

# Run progress: 23.81% complete, ETA 00:10:39
# Fork: 3 of 3
# Preparing profilers: LinuxPerfNormProfiler 
# Profilers consume stderr from target VM, use -v EXTRA to copy to console
# Warmup Iteration   1: 74.380 ns/op
# Warmup Iteration   2: 51.708 ns/op
# Warmup Iteration   3: 42.191 ns/op
Iteration   1: 43.378 ns/op
Iteration   2: 42.135 ns/op
Iteration   3: 46.805 ns/op
Iteration   4: 42.260 ns/op
Iteration   5: 42.067 ns/op
# Processing profiler results: LinuxPerfNormProfiler 


Result "poc.ring.RingAllocBench.ownerCycle":
  42.758 ±(99.9%) 1.306 ns/op [Average]
  (min, avg, max) = (42.023, 42.758, 46.805), stdev = 1.222
  CI (99.9%): [41.452, 44.065] (assumes normal distribution)

Secondary result "poc.ring.RingAllocBench.ownerCycle:CPI":
  0.214 ±(99.9%) 0.048 clks/insn [Average]
  (min, avg, max) = (0.211, 0.214, 0.217), stdev = 0.003
  CI (99.9%): [0.166, 0.262] (assumes normal distribution)

Secondary result "poc.ring.RingAllocBench.ownerCycle:IPC":
  4.671 ±(99.9%) 1.047 insns/clk [Average]
  (min, avg, max) = (4.618, 4.671, 4.732), stdev = 0.057
  CI (99.9%): [3.624, 5.717] (assumes normal distribution)

Secondary result "poc.ring.RingAllocBench.ownerCycle:L1-dcache-load-misses":
  0.748 ±(99.9%) 1.482 #/op [Average]
  (min, avg, max) = (0.696, 0.748, 0.841), stdev = 0.081
  CI (99.9%): [≈ 0, 2.230] (assumes normal distribution)

Secondary result "poc.ring.RingAllocBench.ownerCycle:L1-dcache-loads":
  152.619 ±(99.9%) 8.218 #/op [Average]
  (min, avg, max) = (152.273, 152.619, 153.128), stdev = 0.450
  CI (99.9%): [144.401, 160.836] (assumes normal distribution)

Secondary result "poc.ring.RingAllocBench.ownerCycle:L1-icache-load-misses":
  0.001 ±(99.9%) 0.004 #/op [Average]
  (min, avg, max) = (0.001, 0.001, 0.002), stdev = 0.001
  CI (99.9%): [≈ 0, 0.006] (assumes normal distribution)

Secondary result "poc.ring.RingAllocBench.ownerCycle:L1-icache-loads":
  0.327 ±(99.9%) 0.181 #/op [Average]
  (min, avg, max) = (0.316, 0.327, 0.335), stdev = 0.010
  CI (99.9%): [0.146, 0.508] (assumes normal distribution)

Secondary result "poc.ring.RingAllocBench.ownerCycle:branch-misses":
  0.019 ±(99.9%) 0.049 #/op [Average]
  (min, avg, max) = (0.017, 0.019, 0.022), stdev = 0.003
  CI (99.9%): [≈ 0, 0.068] (assumes normal distribution)

Secondary result "poc.ring.RingAllocBench.ownerCycle:branches":
  87.743 ±(99.9%) 1.787 #/op [Average]
  (min, avg, max) = (87.667, 87.743, 87.854), stdev = 0.098
  CI (99.9%): [85.956, 89.530] (assumes normal distribution)

Secondary result "poc.ring.RingAllocBench.ownerCycle:cycles":
  98.388 ±(99.9%) 22.369 #/op [Average]
  (min, avg, max) = (97.110, 98.388, 99.555), stdev = 1.226
  CI (99.9%): [76.019, 120.757] (assumes normal distribution)

Secondary result "poc.ring.RingAllocBench.ownerCycle:dTLB-load-misses":
  0.011 ±(99.9%) 0.008 #/op [Average]
  (min, avg, max) = (0.011, 0.011, 0.011), stdev = 0.001
  CI (99.9%): [0.003, 0.019] (assumes normal distribution)

Secondary result "poc.ring.RingAllocBench.ownerCycle:dTLB-loads":
  0.021 ±(99.9%) 0.006 #/op [Average]
  (min, avg, max) = (0.021, 0.021, 0.021), stdev = 0.001
  CI (99.9%): [0.015, 0.027] (assumes normal distribution)

Secondary result "poc.ring.RingAllocBench.ownerCycle:iTLB-load-misses":
  ≈ 10⁻³ #/op

Secondary result "poc.ring.RingAllocBench.ownerCycle:iTLB-loads":
  0.001 ±(99.9%) 0.001 #/op [Average]
  (min, avg, max) = (0.001, 0.001, 0.001), stdev = 0.001
  CI (99.9%): [≈ 0, 0.003] (assumes normal distribution)

Secondary result "poc.ring.RingAllocBench.ownerCycle:instructions":
  459.481 ±(99.9%) 4.310 #/op [Average]
  (min, avg, max) = (459.243, 459.481, 459.715), stdev = 0.236
  CI (99.9%): [455.171, 463.790] (assumes normal distribution)

Secondary result "poc.ring.RingAllocBench.ownerCycle:stalled-cycles-frontend":
  1.518 ±(99.9%) 3.347 #/op [Average]
  (min, avg, max) = (1.393, 1.518, 1.728), stdev = 0.183
  CI (99.9%): [≈ 0, 4.865] (assumes normal distribution)


# JMH version: 1.37
# VM version: JDK 21, Java HotSpot(TM) 64-Bit Server VM, 21+35-LTS-2513
# VM invoker: /home/forked_franz/.sdkman/candidates/java/21-oracle/bin/java
# VM options: -Dio.netty.allocator.type=adaptive
# Blackhole mode: compiler (auto-detected, use -Djmh.blackhole.autoDetect=false to disable)
# Warmup: 3 iterations, 1 s each
# Measurement: 5 iterations, 1 s each
# Timeout: 10 min per iteration
# Threads: 1 thread, will synchronize iterations
# Benchmark mode: Average time, time/op
# Benchmark: poc.ring.RingAllocBench.ownerCycle
# Parameters: (alloc = slab2fixed, inFlight = 32)

# Run progress: 25.00% complete, ETA 00:10:28
# Fork: 1 of 3
# Preparing profilers: LinuxPerfNormProfiler 
# Profilers consume stderr from target VM, use -v EXTRA to copy to console
# Warmup Iteration   1: 72.160 ns/op
# Warmup Iteration   2: 57.195 ns/op
# Warmup Iteration   3: 48.414 ns/op
Iteration   1: 48.234 ns/op
Iteration   2: 48.543 ns/op
Iteration   3: 48.285 ns/op
Iteration   4: 48.347 ns/op
Iteration   5: 48.191 ns/op
# Processing profiler results: LinuxPerfNormProfiler 

# Run progress: 26.19% complete, ETA 00:10:20
# Fork: 2 of 3
# Preparing profilers: LinuxPerfNormProfiler 
# Profilers consume stderr from target VM, use -v EXTRA to copy to console
# Warmup Iteration   1: 74.106 ns/op
# Warmup Iteration   2: 55.871 ns/op
# Warmup Iteration   3: 48.041 ns/op
Iteration   1: 48.082 ns/op
Iteration   2: 48.017 ns/op
Iteration   3: 48.003 ns/op
Iteration   4: 47.816 ns/op
Iteration   5: 48.608 ns/op
# Processing profiler results: LinuxPerfNormProfiler 

# Run progress: 27.38% complete, ETA 00:10:09
# Fork: 3 of 3
# Preparing profilers: LinuxPerfNormProfiler 
# Profilers consume stderr from target VM, use -v EXTRA to copy to console
# Warmup Iteration   1: 79.238 ns/op
# Warmup Iteration   2: 60.803 ns/op
# Warmup Iteration   3: 50.820 ns/op
Iteration   1: 48.251 ns/op
Iteration   2: 48.152 ns/op
Iteration   3: 47.967 ns/op
Iteration   4: 48.165 ns/op
Iteration   5: 47.859 ns/op
# Processing profiler results: LinuxPerfNormProfiler 


Result "poc.ring.RingAllocBench.ownerCycle":
  48.168 ±(99.9%) 0.241 ns/op [Average]
  (min, avg, max) = (47.816, 48.168, 48.608), stdev = 0.225
  CI (99.9%): [47.927, 48.408] (assumes normal distribution)

Secondary result "poc.ring.RingAllocBench.ownerCycle:CPI":
  0.242 ±(99.9%) 0.028 clks/insn [Average]
  (min, avg, max) = (0.240, 0.242, 0.243), stdev = 0.002
  CI (99.9%): [0.214, 0.269] (assumes normal distribution)

Secondary result "poc.ring.RingAllocBench.ownerCycle:IPC":
  4.138 ±(99.9%) 0.475 insns/clk [Average]
  (min, avg, max) = (4.109, 4.138, 4.160), stdev = 0.026
  CI (99.9%): [3.663, 4.612] (assumes normal distribution)

Secondary result "poc.ring.RingAllocBench.ownerCycle:L1-dcache-load-misses":
  0.744 ±(99.9%) 0.108 #/op [Average]
  (min, avg, max) = (0.738, 0.744, 0.749), stdev = 0.006
  CI (99.9%): [0.636, 0.852] (assumes normal distribution)

Secondary result "poc.ring.RingAllocBench.ownerCycle:L1-dcache-loads":
  156.604 ±(99.9%) 11.219 #/op [Average]
  (min, avg, max) = (156.203, 156.604, 157.312), stdev = 0.615
  CI (99.9%): [145.385, 167.823] (assumes normal distribution)

Secondary result "poc.ring.RingAllocBench.ownerCycle:L1-icache-load-misses":
  0.001 ±(99.9%) 0.003 #/op [Average]
  (min, avg, max) = (0.001, 0.001, 0.001), stdev = 0.001
  CI (99.9%): [≈ 0, 0.004] (assumes normal distribution)

Secondary result "poc.ring.RingAllocBench.ownerCycle:L1-icache-loads":
  0.331 ±(99.9%) 0.487 #/op [Average]
  (min, avg, max) = (0.301, 0.331, 0.351), stdev = 0.027
  CI (99.9%): [≈ 0, 0.818] (assumes normal distribution)

Secondary result "poc.ring.RingAllocBench.ownerCycle:branch-misses":
  0.053 ±(99.9%) 0.063 #/op [Average]
  (min, avg, max) = (0.049, 0.053, 0.055), stdev = 0.003
  CI (99.9%): [≈ 0, 0.116] (assumes normal distribution)

Secondary result "poc.ring.RingAllocBench.ownerCycle:branches":
  87.538 ±(99.9%) 7.648 #/op [Average]
  (min, avg, max) = (87.268, 87.538, 88.021), stdev = 0.419
  CI (99.9%): [79.890, 95.186] (assumes normal distribution)

Secondary result "poc.ring.RingAllocBench.ownerCycle:cycles":
  110.637 ±(99.9%) 6.829 #/op [Average]
  (min, avg, max) = (110.416, 110.637, 111.069), stdev = 0.374
  CI (99.9%): [103.808, 117.466] (assumes normal distribution)

Secondary result "poc.ring.RingAllocBench.ownerCycle:dTLB-load-misses":
  0.011 ±(99.9%) 0.010 #/op [Average]
  (min, avg, max) = (0.010, 0.011, 0.011), stdev = 0.001
  CI (99.9%): [≈ 10⁻³, 0.021] (assumes normal distribution)

Secondary result "poc.ring.RingAllocBench.ownerCycle:dTLB-loads":
  0.019 ±(99.9%) 0.012 #/op [Average]
  (min, avg, max) = (0.018, 0.019, 0.020), stdev = 0.001
  CI (99.9%): [0.007, 0.031] (assumes normal distribution)

Secondary result "poc.ring.RingAllocBench.ownerCycle:iTLB-load-misses":
  0.001 ±(99.9%) 0.001 #/op [Average]
  (min, avg, max) = (≈ 10⁻³, 0.001, 0.001), stdev = 0.001
  CI (99.9%): [≈ 0, 0.002] (assumes normal distribution)

Secondary result "poc.ring.RingAllocBench.ownerCycle:iTLB-loads":
  0.001 ±(99.9%) 0.005 #/op [Average]
  (min, avg, max) = (0.001, 0.001, 0.001), stdev = 0.001
  CI (99.9%): [≈ 0, 0.006] (assumes normal distribution)

Secondary result "poc.ring.RingAllocBench.ownerCycle:instructions":
  457.762 ±(99.9%) 27.194 #/op [Average]
  (min, avg, max) = (456.371, 457.762, 459.335), stdev = 1.491
  CI (99.9%): [430.569, 484.956] (assumes normal distribution)

Secondary result "poc.ring.RingAllocBench.ownerCycle:stalled-cycles-frontend":
  1.778 ±(99.9%) 0.585 #/op [Average]
  (min, avg, max) = (1.742, 1.778, 1.805), stdev = 0.032
  CI (99.9%): [1.193, 2.363] (assumes normal distribution)


# JMH version: 1.37
# VM version: JDK 21, Java HotSpot(TM) 64-Bit Server VM, 21+35-LTS-2513
# VM invoker: /home/forked_franz/.sdkman/candidates/java/21-oracle/bin/java
# VM options: -Dio.netty.allocator.type=adaptive
# Blackhole mode: compiler (auto-detected, use -Djmh.blackhole.autoDetect=false to disable)
# Warmup: 3 iterations, 1 s each
# Measurement: 5 iterations, 1 s each
# Timeout: 10 min per iteration
# Threads: 1 thread, will synchronize iterations
# Benchmark mode: Average time, time/op
# Benchmark: poc.ring.RingAllocBench.ownerCycle
# Parameters: (alloc = slab2, inFlight = 1)

# Run progress: 28.57% complete, ETA 00:09:58
# Fork: 1 of 3
# Preparing profilers: LinuxPerfNormProfiler 
# Profilers consume stderr from target VM, use -v EXTRA to copy to console
# Warmup Iteration   1: 73.399 ns/op
# Warmup Iteration   2: 56.011 ns/op
# Warmup Iteration   3: 45.894 ns/op
Iteration   1: 45.770 ns/op
Iteration   2: 52.695 ns/op
Iteration   3: 46.617 ns/op
Iteration   4: 45.776 ns/op
Iteration   5: 45.996 ns/op
# Processing profiler results: LinuxPerfNormProfiler 

# Run progress: 29.76% complete, ETA 00:09:49
# Fork: 2 of 3
# Preparing profilers: LinuxPerfNormProfiler 
# Profilers consume stderr from target VM, use -v EXTRA to copy to console
# Warmup Iteration   1: 74.076 ns/op
# Warmup Iteration   2: 56.961 ns/op
# Warmup Iteration   3: 47.031 ns/op
Iteration   1: 47.632 ns/op
Iteration   2: 47.539 ns/op
Iteration   3: 47.326 ns/op
Iteration   4: 46.944 ns/op
Iteration   5: 47.022 ns/op
# Processing profiler results: LinuxPerfNormProfiler 

# Run progress: 30.95% complete, ETA 00:09:39
# Fork: 3 of 3
# Preparing profilers: LinuxPerfNormProfiler 
# Profilers consume stderr from target VM, use -v EXTRA to copy to console
# Warmup Iteration   1: 73.479 ns/op
# Warmup Iteration   2: 55.773 ns/op
# Warmup Iteration   3: 45.990 ns/op
Iteration   1: 45.850 ns/op
Iteration   2: 46.395 ns/op
Iteration   3: 46.397 ns/op
Iteration   4: 45.984 ns/op
Iteration   5: 46.282 ns/op
# Processing profiler results: LinuxPerfNormProfiler 


Result "poc.ring.RingAllocBench.ownerCycle":
  46.948 ±(99.9%) 1.829 ns/op [Average]
  (min, avg, max) = (45.770, 46.948, 52.695), stdev = 1.711
  CI (99.9%): [45.120, 48.777] (assumes normal distribution)

Secondary result "poc.ring.RingAllocBench.ownerCycle:CPI":
  0.206 ±(99.9%) 0.049 clks/insn [Average]
  (min, avg, max) = (0.203, 0.206, 0.209), stdev = 0.003
  CI (99.9%): [0.156, 0.255] (assumes normal distribution)

Secondary result "poc.ring.RingAllocBench.ownerCycle:IPC":
  4.859 ±(99.9%) 1.165 insns/clk [Average]
  (min, avg, max) = (4.791, 4.859, 4.918), stdev = 0.064
  CI (99.9%): [3.694, 6.024] (assumes normal distribution)

Secondary result "poc.ring.RingAllocBench.ownerCycle:L1-dcache-load-misses":
  0.801 ±(99.9%) 3.288 #/op [Average]
  (min, avg, max) = (0.695, 0.801, 1.009), stdev = 0.180
  CI (99.9%): [≈ 0, 4.089] (assumes normal distribution)

Secondary result "poc.ring.RingAllocBench.ownerCycle:L1-dcache-loads":
  177.444 ±(99.9%) 26.122 #/op [Average]
  (min, avg, max) = (175.955, 177.444, 178.811), stdev = 1.432
  CI (99.9%): [151.322, 203.567] (assumes normal distribution)

Secondary result "poc.ring.RingAllocBench.ownerCycle:L1-icache-load-misses":
  0.001 ±(99.9%) 0.001 #/op [Average]
  (min, avg, max) = (0.001, 0.001, 0.001), stdev = 0.001
  CI (99.9%): [≈ 0, 0.002] (assumes normal distribution)

Secondary result "poc.ring.RingAllocBench.ownerCycle:L1-icache-loads":
  0.329 ±(99.9%) 0.265 #/op [Average]
  (min, avg, max) = (0.313, 0.329, 0.341), stdev = 0.015
  CI (99.9%): [0.063, 0.594] (assumes normal distribution)

Secondary result "poc.ring.RingAllocBench.ownerCycle:branch-misses":
  0.020 ±(99.9%) 0.016 #/op [Average]
  (min, avg, max) = (0.019, 0.020, 0.020), stdev = 0.001
  CI (99.9%): [0.004, 0.035] (assumes normal distribution)

Secondary result "poc.ring.RingAllocBench.ownerCycle:branches":
  104.247 ±(99.9%) 14.961 #/op [Average]
  (min, avg, max) = (103.416, 104.247, 105.055), stdev = 0.820
  CI (99.9%): [89.286, 119.207] (assumes normal distribution)

Secondary result "poc.ring.RingAllocBench.ownerCycle:cycles":
  107.819 ±(99.9%) 23.889 #/op [Average]
  (min, avg, max) = (106.309, 107.819, 108.640), stdev = 1.309
  CI (99.9%): [83.930, 131.707] (assumes normal distribution)

Secondary result "poc.ring.RingAllocBench.ownerCycle:dTLB-load-misses":
  0.010 ±(99.9%) 0.017 #/op [Average]
  (min, avg, max) = (0.010, 0.010, 0.011), stdev = 0.001
  CI (99.9%): [≈ 0, 0.027] (assumes normal distribution)

Secondary result "poc.ring.RingAllocBench.ownerCycle:dTLB-loads":
  0.020 ±(99.9%) 0.021 #/op [Average]
  (min, avg, max) = (0.019, 0.020, 0.021), stdev = 0.001
  CI (99.9%): [≈ 0, 0.041] (assumes normal distribution)

Secondary result "poc.ring.RingAllocBench.ownerCycle:iTLB-load-misses":
  0.001 ±(99.9%) 0.001 #/op [Average]
  (min, avg, max) = (0.001, 0.001, 0.001), stdev = 0.001
  CI (99.9%): [≈ 0, 0.001] (assumes normal distribution)

Secondary result "poc.ring.RingAllocBench.ownerCycle:iTLB-loads":
  0.001 ±(99.9%) 0.003 #/op [Average]
  (min, avg, max) = (0.001, 0.001, 0.002), stdev = 0.001
  CI (99.9%): [≈ 0, 0.005] (assumes normal distribution)

Secondary result "poc.ring.RingAllocBench.ownerCycle:instructions":
  523.841 ±(99.9%) 82.796 #/op [Average]
  (min, avg, max) = (519.886, 523.841, 528.796), stdev = 4.538
  CI (99.9%): [441.045, 606.637] (assumes normal distribution)

Secondary result "poc.ring.RingAllocBench.ownerCycle:stalled-cycles-frontend":
  1.375 ±(99.9%) 0.396 #/op [Average]
  (min, avg, max) = (1.355, 1.375, 1.398), stdev = 0.022
  CI (99.9%): [0.980, 1.771] (assumes normal distribution)


# JMH version: 1.37
# VM version: JDK 21, Java HotSpot(TM) 64-Bit Server VM, 21+35-LTS-2513
# VM invoker: /home/forked_franz/.sdkman/candidates/java/21-oracle/bin/java
# VM options: -Dio.netty.allocator.type=adaptive
# Blackhole mode: compiler (auto-detected, use -Djmh.blackhole.autoDetect=false to disable)
# Warmup: 3 iterations, 1 s each
# Measurement: 5 iterations, 1 s each
# Timeout: 10 min per iteration
# Threads: 1 thread, will synchronize iterations
# Benchmark mode: Average time, time/op
# Benchmark: poc.ring.RingAllocBench.ownerCycle
# Parameters: (alloc = slab2, inFlight = 32)

# Run progress: 32.14% complete, ETA 00:09:28
# Fork: 1 of 3
# Preparing profilers: LinuxPerfNormProfiler 
# Profilers consume stderr from target VM, use -v EXTRA to copy to console
# Warmup Iteration   1: 78.126 ns/op
# Warmup Iteration   2: 62.087 ns/op
# Warmup Iteration   3: 53.123 ns/op
Iteration   1: 51.857 ns/op
Iteration   2: 52.040 ns/op
Iteration   3: 54.276 ns/op
Iteration   4: 53.744 ns/op
Iteration   5: 52.090 ns/op
# Processing profiler results: LinuxPerfNormProfiler 

# Run progress: 33.33% complete, ETA 00:09:19
# Fork: 2 of 3
# Preparing profilers: LinuxPerfNormProfiler 
# Profilers consume stderr from target VM, use -v EXTRA to copy to console
# Warmup Iteration   1: 79.596 ns/op
# Warmup Iteration   2: 64.563 ns/op
# Warmup Iteration   3: 54.881 ns/op
Iteration   1: 52.976 ns/op
Iteration   2: 53.555 ns/op
Iteration   3: 52.616 ns/op
Iteration   4: 52.777 ns/op
Iteration   5: 52.252 ns/op
# Processing profiler results: LinuxPerfNormProfiler 

# Run progress: 34.52% complete, ETA 00:09:08
# Fork: 3 of 3
# Preparing profilers: LinuxPerfNormProfiler 
# Profilers consume stderr from target VM, use -v EXTRA to copy to console
# Warmup Iteration   1: 77.998 ns/op
# Warmup Iteration   2: 62.020 ns/op
# Warmup Iteration   3: 51.944 ns/op
Iteration   1: 52.201 ns/op
Iteration   2: 52.079 ns/op
Iteration   3: 52.112 ns/op
Iteration   4: 54.904 ns/op
Iteration   5: 52.375 ns/op
# Processing profiler results: LinuxPerfNormProfiler 


Result "poc.ring.RingAllocBench.ownerCycle":
  52.790 ±(99.9%) 0.987 ns/op [Average]
  (min, avg, max) = (51.857, 52.790, 54.904), stdev = 0.923
  CI (99.9%): [51.803, 53.777] (assumes normal distribution)

Secondary result "poc.ring.RingAllocBench.ownerCycle:CPI":
  0.232 ±(99.9%) 0.017 clks/insn [Average]
  (min, avg, max) = (0.231, 0.232, 0.233), stdev = 0.001
  CI (99.9%): [0.215, 0.249] (assumes normal distribution)

Secondary result "poc.ring.RingAllocBench.ownerCycle:IPC":
  4.314 ±(99.9%) 0.318 insns/clk [Average]
  (min, avg, max) = (4.294, 4.314, 4.327), stdev = 0.017
  CI (99.9%): [3.996, 4.632] (assumes normal distribution)

Secondary result "poc.ring.RingAllocBench.ownerCycle:L1-dcache-load-misses":
  0.814 ±(99.9%) 1.604 #/op [Average]
  (min, avg, max) = (0.747, 0.814, 0.914), stdev = 0.088
  CI (99.9%): [≈ 0, 2.418] (assumes normal distribution)

Secondary result "poc.ring.RingAllocBench.ownerCycle:L1-dcache-loads":
  181.834 ±(99.9%) 15.771 #/op [Average]
  (min, avg, max) = (180.844, 181.834, 182.440), stdev = 0.864
  CI (99.9%): [166.063, 197.605] (assumes normal distribution)

Secondary result "poc.ring.RingAllocBench.ownerCycle:L1-icache-load-misses":
  0.001 ±(99.9%) 0.003 #/op [Average]
  (min, avg, max) = (0.001, 0.001, 0.001), stdev = 0.001
  CI (99.9%): [≈ 0, 0.004] (assumes normal distribution)

Secondary result "poc.ring.RingAllocBench.ownerCycle:L1-icache-loads":
  0.354 ±(99.9%) 0.286 #/op [Average]
  (min, avg, max) = (0.337, 0.354, 0.368), stdev = 0.016
  CI (99.9%): [0.068, 0.641] (assumes normal distribution)

Secondary result "poc.ring.RingAllocBench.ownerCycle:branch-misses":
  0.053 ±(99.9%) 0.044 #/op [Average]
  (min, avg, max) = (0.050, 0.053, 0.055), stdev = 0.002
  CI (99.9%): [0.008, 0.097] (assumes normal distribution)

Secondary result "poc.ring.RingAllocBench.ownerCycle:branches":
  103.835 ±(99.9%) 7.991 #/op [Average]
  (min, avg, max) = (103.426, 103.835, 104.297), stdev = 0.438
  CI (99.9%): [95.844, 111.827] (assumes normal distribution)

Secondary result "poc.ring.RingAllocBench.ownerCycle:cycles":
  120.949 ±(99.9%) 5.045 #/op [Average]
  (min, avg, max) = (120.727, 120.949, 121.259), stdev = 0.277
  CI (99.9%): [115.904, 125.994] (assumes normal distribution)

Secondary result "poc.ring.RingAllocBench.ownerCycle:dTLB-load-misses":
  0.009 ±(99.9%) 0.011 #/op [Average]
  (min, avg, max) = (0.009, 0.009, 0.010), stdev = 0.001
  CI (99.9%): [≈ 0, 0.020] (assumes normal distribution)

Secondary result "poc.ring.RingAllocBench.ownerCycle:dTLB-loads":
  0.018 ±(99.9%) 0.013 #/op [Average]
  (min, avg, max) = (0.017, 0.018, 0.018), stdev = 0.001
  CI (99.9%): [0.005, 0.030] (assumes normal distribution)

Secondary result "poc.ring.RingAllocBench.ownerCycle:iTLB-load-misses":
  0.001 ±(99.9%) 0.001 #/op [Average]
  (min, avg, max) = (0.001, 0.001, 0.001), stdev = 0.001
  CI (99.9%): [≈ 0, 0.002] (assumes normal distribution)

Secondary result "poc.ring.RingAllocBench.ownerCycle:iTLB-loads":
  0.001 ±(99.9%) 0.002 #/op [Average]
  (min, avg, max) = (0.001, 0.001, 0.002), stdev = 0.001
  CI (99.9%): [≈ 0, 0.004] (assumes normal distribution)

Secondary result "poc.ring.RingAllocBench.ownerCycle:instructions":
  521.801 ±(99.9%) 46.771 #/op [Average]
  (min, avg, max) = (519.012, 521.801, 524.055), stdev = 2.564
  CI (99.9%): [475.031, 568.572] (assumes normal distribution)

Secondary result "poc.ring.RingAllocBench.ownerCycle:stalled-cycles-frontend":
  1.956 ±(99.9%) 3.487 #/op [Average]
  (min, avg, max) = (1.808, 1.956, 2.172), stdev = 0.191
  CI (99.9%): [≈ 0, 5.443] (assumes normal distribution)


# JMH version: 1.37
# VM version: JDK 21, Java HotSpot(TM) 64-Bit Server VM, 21+35-LTS-2513
# VM invoker: /home/forked_franz/.sdkman/candidates/java/21-oracle/bin/java
# VM options: -Dio.netty.allocator.type=adaptive
# Blackhole mode: compiler (auto-detected, use -Djmh.blackhole.autoDetect=false to disable)
# Warmup: 3 iterations, 1 s each
# Measurement: 5 iterations, 1 s each
# Timeout: 10 min per iteration
# Threads: 1 thread, will synchronize iterations
# Benchmark mode: Average time, time/op
# Benchmark: poc.ring.RingAllocBench.ownerCycle
# Parameters: (alloc = slab3fixed, inFlight = 1)

# Run progress: 35.71% complete, ETA 00:08:58
# Fork: 1 of 3
# Preparing profilers: LinuxPerfNormProfiler 
# Profilers consume stderr from target VM, use -v EXTRA to copy to console
# Warmup Iteration   1: 58.259 ns/op
# Warmup Iteration   2: 34.444 ns/op
# Warmup Iteration   3: 34.183 ns/op
Iteration   1: 36.841 ns/op
Iteration   2: 37.200 ns/op
Iteration   3: 34.120 ns/op
Iteration   4: 34.049 ns/op
Iteration   5: 34.435 ns/op
# Processing profiler results: LinuxPerfNormProfiler 

# Run progress: 36.90% complete, ETA 00:08:49
# Fork: 2 of 3
# Preparing profilers: LinuxPerfNormProfiler 
# Profilers consume stderr from target VM, use -v EXTRA to copy to console
# Warmup Iteration   1: 56.810 ns/op
# Warmup Iteration   2: 34.197 ns/op
# Warmup Iteration   3: 34.451 ns/op
Iteration   1: 34.173 ns/op
Iteration   2: 35.341 ns/op
Iteration   3: 36.123 ns/op
Iteration   4: 38.396 ns/op
Iteration   5: 35.064 ns/op
# Processing profiler results: LinuxPerfNormProfiler 

# Run progress: 38.10% complete, ETA 00:08:38
# Fork: 3 of 3
# Preparing profilers: LinuxPerfNormProfiler 
# Profilers consume stderr from target VM, use -v EXTRA to copy to console
# Warmup Iteration   1: 56.960 ns/op
# Warmup Iteration   2: 34.845 ns/op
# Warmup Iteration   3: 34.153 ns/op
Iteration   1: 34.279 ns/op
Iteration   2: 34.186 ns/op
Iteration   3: 34.168 ns/op
Iteration   4: 34.107 ns/op
Iteration   5: 34.986 ns/op
# Processing profiler results: LinuxPerfNormProfiler 


Result "poc.ring.RingAllocBench.ownerCycle":
  35.165 ±(99.9%) 1.460 ns/op [Average]
  (min, avg, max) = (34.049, 35.165, 38.396), stdev = 1.365
  CI (99.9%): [33.705, 36.624] (assumes normal distribution)

Secondary result "poc.ring.RingAllocBench.ownerCycle:CPI":
  0.211 ±(99.9%) 0.080 clks/insn [Average]
  (min, avg, max) = (0.206, 0.211, 0.214), stdev = 0.004
  CI (99.9%): [0.131, 0.290] (assumes normal distribution)

Secondary result "poc.ring.RingAllocBench.ownerCycle:IPC":
  4.751 ±(99.9%) 1.814 insns/clk [Average]
  (min, avg, max) = (4.678, 4.751, 4.865), stdev = 0.099
  CI (99.9%): [2.937, 6.565] (assumes normal distribution)

Secondary result "poc.ring.RingAllocBench.ownerCycle:L1-dcache-load-misses":
  0.815 ±(99.9%) 1.805 #/op [Average]
  (min, avg, max) = (0.709, 0.815, 0.904), stdev = 0.099
  CI (99.9%): [≈ 0, 2.620] (assumes normal distribution)

Secondary result "poc.ring.RingAllocBench.ownerCycle:L1-dcache-loads":
  134.068 ±(99.9%) 10.011 #/op [Average]
  (min, avg, max) = (133.496, 134.068, 134.590), stdev = 0.549
  CI (99.9%): [124.057, 144.078] (assumes normal distribution)

Secondary result "poc.ring.RingAllocBench.ownerCycle:L1-icache-load-misses":
  0.001 ±(99.9%) 0.003 #/op [Average]
  (min, avg, max) = (0.001, 0.001, 0.001), stdev = 0.001
  CI (99.9%): [≈ 0, 0.004] (assumes normal distribution)

Secondary result "poc.ring.RingAllocBench.ownerCycle:L1-icache-loads":
  0.307 ±(99.9%) 0.270 #/op [Average]
  (min, avg, max) = (0.290, 0.307, 0.316), stdev = 0.015
  CI (99.9%): [0.037, 0.577] (assumes normal distribution)

Secondary result "poc.ring.RingAllocBench.ownerCycle:branch-misses":
  0.024 ±(99.9%) 0.027 #/op [Average]
  (min, avg, max) = (0.023, 0.024, 0.025), stdev = 0.001
  CI (99.9%): [≈ 0, 0.051] (assumes normal distribution)

Secondary result "poc.ring.RingAllocBench.ownerCycle:branches":
  73.200 ±(99.9%) 3.330 #/op [Average]
  (min, avg, max) = (72.996, 73.200, 73.348), stdev = 0.183
  CI (99.9%): [69.870, 76.530] (assumes normal distribution)

Secondary result "poc.ring.RingAllocBench.ownerCycle:cycles":
  81.212 ±(99.9%) 31.521 #/op [Average]
  (min, avg, max) = (79.330, 81.212, 82.727), stdev = 1.728
  CI (99.9%): [49.691, 112.733] (assumes normal distribution)

Secondary result "poc.ring.RingAllocBench.ownerCycle:dTLB-load-misses":
  0.009 ±(99.9%) 0.040 #/op [Average]
  (min, avg, max) = (0.007, 0.009, 0.011), stdev = 0.002
  CI (99.9%): [≈ 0, 0.049] (assumes normal distribution)

Secondary result "poc.ring.RingAllocBench.ownerCycle:dTLB-loads":
  0.017 ±(99.9%) 0.050 #/op [Average]
  (min, avg, max) = (0.014, 0.017, 0.020), stdev = 0.003
  CI (99.9%): [≈ 0, 0.068] (assumes normal distribution)

Secondary result "poc.ring.RingAllocBench.ownerCycle:iTLB-load-misses":
  ≈ 10⁻⁴ #/op

Secondary result "poc.ring.RingAllocBench.ownerCycle:iTLB-loads":
  0.001 ±(99.9%) 0.004 #/op [Average]
  (min, avg, max) = (0.001, 0.001, 0.001), stdev = 0.001
  CI (99.9%): [≈ 0, 0.005] (assumes normal distribution)

Secondary result "poc.ring.RingAllocBench.ownerCycle:instructions":
  385.754 ±(99.9%) 24.047 #/op [Average]
  (min, avg, max) = (384.368, 385.754, 386.991), stdev = 1.318
  CI (99.9%): [361.707, 409.801] (assumes normal distribution)

Secondary result "poc.ring.RingAllocBench.ownerCycle:stalled-cycles-frontend":
  1.099 ±(99.9%) 1.565 #/op [Average]
  (min, avg, max) = (1.046, 1.099, 1.198), stdev = 0.086
  CI (99.9%): [≈ 0, 2.665] (assumes normal distribution)


# JMH version: 1.37
# VM version: JDK 21, Java HotSpot(TM) 64-Bit Server VM, 21+35-LTS-2513
# VM invoker: /home/forked_franz/.sdkman/candidates/java/21-oracle/bin/java
# VM options: -Dio.netty.allocator.type=adaptive
# Blackhole mode: compiler (auto-detected, use -Djmh.blackhole.autoDetect=false to disable)
# Warmup: 3 iterations, 1 s each
# Measurement: 5 iterations, 1 s each
# Timeout: 10 min per iteration
# Threads: 1 thread, will synchronize iterations
# Benchmark mode: Average time, time/op
# Benchmark: poc.ring.RingAllocBench.ownerCycle
# Parameters: (alloc = slab3fixed, inFlight = 32)

# Run progress: 39.29% complete, ETA 00:08:28
# Fork: 1 of 3
# Preparing profilers: LinuxPerfNormProfiler 
# Profilers consume stderr from target VM, use -v EXTRA to copy to console
# Warmup Iteration   1: 60.883 ns/op
# Warmup Iteration   2: 39.525 ns/op
# Warmup Iteration   3: 38.833 ns/op
Iteration   1: 39.088 ns/op
Iteration   2: 39.702 ns/op
Iteration   3: 40.447 ns/op
Iteration   4: 49.098 ns/op
Iteration   5: 39.607 ns/op
# Processing profiler results: LinuxPerfNormProfiler 

# Run progress: 40.48% complete, ETA 00:08:19
# Fork: 2 of 3
# Preparing profilers: LinuxPerfNormProfiler 
# Profilers consume stderr from target VM, use -v EXTRA to copy to console
# Warmup Iteration   1: 61.206 ns/op
# Warmup Iteration   2: 81.781 ns/op
# Warmup Iteration   3: 50.581 ns/op
Iteration   1: 41.808 ns/op
Iteration   2: 39.417 ns/op
Iteration   3: 42.433 ns/op
Iteration   4: 38.849 ns/op
Iteration   5: 38.791 ns/op
# Processing profiler results: LinuxPerfNormProfiler 

# Run progress: 41.67% complete, ETA 00:08:08
# Fork: 3 of 3
# Preparing profilers: LinuxPerfNormProfiler 
# Profilers consume stderr from target VM, use -v EXTRA to copy to console
# Warmup Iteration   1: 61.128 ns/op
# Warmup Iteration   2: 40.062 ns/op
# Warmup Iteration   3: 40.697 ns/op
Iteration   1: 39.154 ns/op
Iteration   2: 38.861 ns/op
Iteration   3: 41.399 ns/op
Iteration   4: 39.018 ns/op
Iteration   5: 38.916 ns/op
# Processing profiler results: LinuxPerfNormProfiler 


Result "poc.ring.RingAllocBench.ownerCycle":
  40.439 ±(99.9%) 2.851 ns/op [Average]
  (min, avg, max) = (38.791, 40.439, 49.098), stdev = 2.667
  CI (99.9%): [37.588, 43.290] (assumes normal distribution)

Secondary result "poc.ring.RingAllocBench.ownerCycle:CPI":
  0.243 ±(99.9%) 0.111 clks/insn [Average]
  (min, avg, max) = (0.237, 0.243, 0.249), stdev = 0.006
  CI (99.9%): [0.131, 0.354] (assumes normal distribution)

Secondary result "poc.ring.RingAllocBench.ownerCycle:IPC":
  4.120 ±(99.9%) 1.891 insns/clk [Average]
  (min, avg, max) = (4.017, 4.120, 4.224), stdev = 0.104
  CI (99.9%): [2.230, 6.011] (assumes normal distribution)

Secondary result "poc.ring.RingAllocBench.ownerCycle:L1-dcache-load-misses":
  0.877 ±(99.9%) 3.335 #/op [Average]
  (min, avg, max) = (0.725, 0.877, 1.080), stdev = 0.183
  CI (99.9%): [≈ 0, 4.212] (assumes normal distribution)

Secondary result "poc.ring.RingAllocBench.ownerCycle:L1-dcache-loads":
  139.137 ±(99.9%) 25.446 #/op [Average]
  (min, avg, max) = (138.063, 139.137, 140.713), stdev = 1.395
  CI (99.9%): [113.691, 164.584] (assumes normal distribution)

Secondary result "poc.ring.RingAllocBench.ownerCycle:L1-icache-load-misses":
  0.001 ±(99.9%) 0.005 #/op [Average]
  (min, avg, max) = (0.001, 0.001, 0.002), stdev = 0.001
  CI (99.9%): [≈ 0, 0.007] (assumes normal distribution)

Secondary result "poc.ring.RingAllocBench.ownerCycle:L1-icache-loads":
  0.375 ±(99.9%) 0.883 #/op [Average]
  (min, avg, max) = (0.319, 0.375, 0.407), stdev = 0.048
  CI (99.9%): [≈ 0, 1.258] (assumes normal distribution)

Secondary result "poc.ring.RingAllocBench.ownerCycle:branch-misses":
  0.052 ±(99.9%) 0.079 #/op [Average]
  (min, avg, max) = (0.047, 0.052, 0.055), stdev = 0.004
  CI (99.9%): [≈ 0, 0.131] (assumes normal distribution)

Secondary result "poc.ring.RingAllocBench.ownerCycle:branches":
  73.192 ±(99.9%) 6.524 #/op [Average]
  (min, avg, max) = (72.950, 73.192, 73.603), stdev = 0.358
  CI (99.9%): [66.668, 79.716] (assumes normal distribution)

Secondary result "poc.ring.RingAllocBench.ownerCycle:cycles":
  92.747 ±(99.9%) 40.530 #/op [Average]
  (min, avg, max) = (90.614, 92.747, 95.048), stdev = 2.222
  CI (99.9%): [52.217, 133.277] (assumes normal distribution)

Secondary result "poc.ring.RingAllocBench.ownerCycle:dTLB-load-misses":
  0.009 ±(99.9%) 0.050 #/op [Average]
  (min, avg, max) = (0.006, 0.009, 0.011), stdev = 0.003
  CI (99.9%): [≈ 0, 0.059] (assumes normal distribution)

Secondary result "poc.ring.RingAllocBench.ownerCycle:dTLB-loads":
  0.017 ±(99.9%) 0.058 #/op [Average]
  (min, avg, max) = (0.014, 0.017, 0.020), stdev = 0.003
  CI (99.9%): [≈ 0, 0.075] (assumes normal distribution)

Secondary result "poc.ring.RingAllocBench.ownerCycle:iTLB-load-misses":
  ≈ 10⁻³ #/op

Secondary result "poc.ring.RingAllocBench.ownerCycle:iTLB-loads":
  0.001 ±(99.9%) 0.003 #/op [Average]
  (min, avg, max) = (0.001, 0.001, 0.001), stdev = 0.001
  CI (99.9%): [≈ 0, 0.004] (assumes normal distribution)

Secondary result "poc.ring.RingAllocBench.ownerCycle:instructions":
  381.981 ±(99.9%) 13.075 #/op [Average]
  (min, avg, max) = (381.372, 381.981, 382.770), stdev = 0.717
  CI (99.9%): [368.905, 395.056] (assumes normal distribution)

Secondary result "poc.ring.RingAllocBench.ownerCycle:stalled-cycles-frontend":
  1.690 ±(99.9%) 1.904 #/op [Average]
  (min, avg, max) = (1.572, 1.690, 1.771), stdev = 0.104
  CI (99.9%): [≈ 0, 3.593] (assumes normal distribution)


# JMH version: 1.37
# VM version: JDK 21, Java HotSpot(TM) 64-Bit Server VM, 21+35-LTS-2513
# VM invoker: /home/forked_franz/.sdkman/candidates/java/21-oracle/bin/java
# VM options: -Dio.netty.allocator.type=adaptive
# Blackhole mode: compiler (auto-detected, use -Djmh.blackhole.autoDetect=false to disable)
# Warmup: 3 iterations, 1 s each
# Measurement: 5 iterations, 1 s each
# Timeout: 10 min per iteration
# Threads: 1 thread, will synchronize iterations
# Benchmark mode: Average time, time/op
# Benchmark: poc.ring.RingAllocBench.ownerCycle
# Parameters: (alloc = slab3, inFlight = 1)

# Run progress: 42.86% complete, ETA 00:07:58
# Fork: 1 of 3
# Preparing profilers: LinuxPerfNormProfiler 
# Profilers consume stderr from target VM, use -v EXTRA to copy to console
# Warmup Iteration   1: 64.067 ns/op
# Warmup Iteration   2: 41.798 ns/op
# Warmup Iteration   3: 39.424 ns/op
Iteration   1: 39.337 ns/op
Iteration   2: 39.474 ns/op
Iteration   3: 39.372 ns/op
Iteration   4: 39.426 ns/op
Iteration   5: 39.413 ns/op
# Processing profiler results: LinuxPerfNormProfiler 

# Run progress: 44.05% complete, ETA 00:07:49
# Fork: 2 of 3
# Preparing profilers: LinuxPerfNormProfiler 
# Profilers consume stderr from target VM, use -v EXTRA to copy to console
# Warmup Iteration   1: 64.045 ns/op
# Warmup Iteration   2: 41.856 ns/op
# Warmup Iteration   3: 39.870 ns/op
Iteration   1: 39.402 ns/op
Iteration   2: 39.499 ns/op
Iteration   3: 39.415 ns/op
Iteration   4: 40.743 ns/op
Iteration   5: 39.569 ns/op
# Processing profiler results: LinuxPerfNormProfiler 

# Run progress: 45.24% complete, ETA 00:07:38
# Fork: 3 of 3
# Preparing profilers: LinuxPerfNormProfiler 
# Profilers consume stderr from target VM, use -v EXTRA to copy to console
# Warmup Iteration   1: 63.573 ns/op
# Warmup Iteration   2: 41.870 ns/op
# Warmup Iteration   3: 39.525 ns/op
Iteration   1: 39.504 ns/op
Iteration   2: 39.438 ns/op
Iteration   3: 41.146 ns/op
Iteration   4: 40.018 ns/op
Iteration   5: 39.979 ns/op
# Processing profiler results: LinuxPerfNormProfiler 


Result "poc.ring.RingAllocBench.ownerCycle":
  39.716 ±(99.9%) 0.581 ns/op [Average]
  (min, avg, max) = (39.337, 39.716, 41.146), stdev = 0.544
  CI (99.9%): [39.134, 40.297] (assumes normal distribution)

Secondary result "poc.ring.RingAllocBench.ownerCycle:CPI":
  0.199 ±(99.9%) 0.005 clks/insn [Average]
  (min, avg, max) = (0.199, 0.199, 0.200), stdev = 0.001
  CI (99.9%): [0.194, 0.204] (assumes normal distribution)

Secondary result "poc.ring.RingAllocBench.ownerCycle:IPC":
  5.016 ±(99.9%) 0.125 insns/clk [Average]
  (min, avg, max) = (5.009, 5.016, 5.023), stdev = 0.007
  CI (99.9%): [4.891, 5.142] (assumes normal distribution)

Secondary result "poc.ring.RingAllocBench.ownerCycle:L1-dcache-load-misses":
  0.751 ±(99.9%) 1.730 #/op [Average]
  (min, avg, max) = (0.692, 0.751, 0.861), stdev = 0.095
  CI (99.9%): [≈ 0, 2.482] (assumes normal distribution)

Secondary result "poc.ring.RingAllocBench.ownerCycle:L1-dcache-loads":
  163.111 ±(99.9%) 10.992 #/op [Average]
  (min, avg, max) = (162.472, 163.111, 163.668), stdev = 0.603
  CI (99.9%): [152.119, 174.103] (assumes normal distribution)

Secondary result "poc.ring.RingAllocBench.ownerCycle:L1-icache-load-misses":
  0.001 ±(99.9%) 0.003 #/op [Average]
  (min, avg, max) = (0.001, 0.001, 0.001), stdev = 0.001
  CI (99.9%): [≈ 0, 0.004] (assumes normal distribution)

Secondary result "poc.ring.RingAllocBench.ownerCycle:L1-icache-loads":
  0.273 ±(99.9%) 0.153 #/op [Average]
  (min, avg, max) = (0.266, 0.273, 0.282), stdev = 0.008
  CI (99.9%): [0.119, 0.426] (assumes normal distribution)

Secondary result "poc.ring.RingAllocBench.ownerCycle:branch-misses":
  0.020 ±(99.9%) 0.049 #/op [Average]
  (min, avg, max) = (0.017, 0.020, 0.022), stdev = 0.003
  CI (99.9%): [≈ 0, 0.068] (assumes normal distribution)

Secondary result "poc.ring.RingAllocBench.ownerCycle:branches":
  89.786 ±(99.9%) 14.946 #/op [Average]
  (min, avg, max) = (88.961, 89.786, 90.599), stdev = 0.819
  CI (99.9%): [74.840, 104.732] (assumes normal distribution)

Secondary result "poc.ring.RingAllocBench.ownerCycle:cycles":
  91.295 ±(99.9%) 10.501 #/op [Average]
  (min, avg, max) = (90.721, 91.295, 91.873), stdev = 0.576
  CI (99.9%): [80.794, 101.796] (assumes normal distribution)

Secondary result "poc.ring.RingAllocBench.ownerCycle:dTLB-load-misses":
  0.011 ±(99.9%) 0.005 #/op [Average]
  (min, avg, max) = (0.011, 0.011, 0.011), stdev = 0.001
  CI (99.9%): [0.006, 0.016] (assumes normal distribution)

Secondary result "poc.ring.RingAllocBench.ownerCycle:dTLB-loads":
  0.019 ±(99.9%) 0.024 #/op [Average]
  (min, avg, max) = (0.018, 0.019, 0.020), stdev = 0.001
  CI (99.9%): [≈ 0, 0.043] (assumes normal distribution)

Secondary result "poc.ring.RingAllocBench.ownerCycle:iTLB-load-misses":
  0.001 ±(99.9%) 0.001 #/op [Average]
  (min, avg, max) = (≈ 10⁻³, 0.001, 0.001), stdev = 0.001
  CI (99.9%): [≈ 10⁻⁵, 0.001] (assumes normal distribution)

Secondary result "poc.ring.RingAllocBench.ownerCycle:iTLB-loads":
  0.001 ±(99.9%) 0.005 #/op [Average]
  (min, avg, max) = (0.001, 0.001, 0.002), stdev = 0.001
  CI (99.9%): [≈ 0, 0.006] (assumes normal distribution)

Secondary result "poc.ring.RingAllocBench.ownerCycle:instructions":
  457.947 ±(99.9%) 46.976 #/op [Average]
  (min, avg, max) = (455.133, 457.947, 460.185), stdev = 2.575
  CI (99.9%): [410.971, 504.923] (assumes normal distribution)

Secondary result "poc.ring.RingAllocBench.ownerCycle:stalled-cycles-frontend":
  1.255 ±(99.9%) 0.930 #/op [Average]
  (min, avg, max) = (1.196, 1.255, 1.285), stdev = 0.051
  CI (99.9%): [0.325, 2.185] (assumes normal distribution)


# JMH version: 1.37
# VM version: JDK 21, Java HotSpot(TM) 64-Bit Server VM, 21+35-LTS-2513
# VM invoker: /home/forked_franz/.sdkman/candidates/java/21-oracle/bin/java
# VM options: -Dio.netty.allocator.type=adaptive
# Blackhole mode: compiler (auto-detected, use -Djmh.blackhole.autoDetect=false to disable)
# Warmup: 3 iterations, 1 s each
# Measurement: 5 iterations, 1 s each
# Timeout: 10 min per iteration
# Threads: 1 thread, will synchronize iterations
# Benchmark mode: Average time, time/op
# Benchmark: poc.ring.RingAllocBench.ownerCycle
# Parameters: (alloc = slab3, inFlight = 32)

# Run progress: 46.43% complete, ETA 00:07:28
# Fork: 1 of 3
# Preparing profilers: LinuxPerfNormProfiler 
# Profilers consume stderr from target VM, use -v EXTRA to copy to console
# Warmup Iteration   1: 70.478 ns/op
# Warmup Iteration   2: 49.218 ns/op
# Warmup Iteration   3: 46.765 ns/op
Iteration   1: 44.771 ns/op
Iteration   2: 44.102 ns/op
Iteration   3: 44.175 ns/op
Iteration   4: 44.147 ns/op
Iteration   5: 44.831 ns/op
# Processing profiler results: LinuxPerfNormProfiler 

# Run progress: 47.62% complete, ETA 00:07:19
# Fork: 2 of 3
# Preparing profilers: LinuxPerfNormProfiler 
# Profilers consume stderr from target VM, use -v EXTRA to copy to console
# Warmup Iteration   1: 68.358 ns/op
# Warmup Iteration   2: 47.420 ns/op
# Warmup Iteration   3: 44.668 ns/op
Iteration   1: 46.484 ns/op
Iteration   2: 44.525 ns/op
Iteration   3: 44.736 ns/op
Iteration   4: 45.142 ns/op
Iteration   5: 44.918 ns/op
# Processing profiler results: LinuxPerfNormProfiler 

# Run progress: 48.81% complete, ETA 00:07:08
# Fork: 3 of 3
# Preparing profilers: LinuxPerfNormProfiler 
# Profilers consume stderr from target VM, use -v EXTRA to copy to console
# Warmup Iteration   1: 67.938 ns/op
# Warmup Iteration   2: 47.397 ns/op
# Warmup Iteration   3: 45.001 ns/op
Iteration   1: 44.276 ns/op
Iteration   2: 44.258 ns/op
Iteration   3: 44.767 ns/op
Iteration   4: 44.538 ns/op
Iteration   5: 44.055 ns/op
# Processing profiler results: LinuxPerfNormProfiler 


Result "poc.ring.RingAllocBench.ownerCycle":
  44.648 ±(99.9%) 0.652 ns/op [Average]
  (min, avg, max) = (44.055, 44.648, 46.484), stdev = 0.609
  CI (99.9%): [43.997, 45.300] (assumes normal distribution)

Secondary result "poc.ring.RingAllocBench.ownerCycle:CPI":
  0.226 ±(99.9%) 0.046 clks/insn [Average]
  (min, avg, max) = (0.225, 0.226, 0.229), stdev = 0.003
  CI (99.9%): [0.180, 0.272] (assumes normal distribution)

Secondary result "poc.ring.RingAllocBench.ownerCycle:IPC":
  4.417 ±(99.9%) 0.891 insns/clk [Average]
  (min, avg, max) = (4.361, 4.417, 4.448), stdev = 0.049
  CI (99.9%): [3.527, 5.308] (assumes normal distribution)

Secondary result "poc.ring.RingAllocBench.ownerCycle:L1-dcache-load-misses":
  0.741 ±(99.9%) 0.042 #/op [Average]
  (min, avg, max) = (0.738, 0.741, 0.742), stdev = 0.002
  CI (99.9%): [0.699, 0.782] (assumes normal distribution)

Secondary result "poc.ring.RingAllocBench.ownerCycle:L1-dcache-loads":
  167.371 ±(99.9%) 2.787 #/op [Average]
  (min, avg, max) = (167.261, 167.371, 167.545), stdev = 0.153
  CI (99.9%): [164.583, 170.158] (assumes normal distribution)

Secondary result "poc.ring.RingAllocBench.ownerCycle:L1-icache-load-misses":
  0.001 ±(99.9%) 0.005 #/op [Average]
  (min, avg, max) = (0.001, 0.001, 0.001), stdev = 0.001
  CI (99.9%): [≈ 0, 0.006] (assumes normal distribution)

Secondary result "poc.ring.RingAllocBench.ownerCycle:L1-icache-loads":
  0.369 ±(99.9%) 1.877 #/op [Average]
  (min, avg, max) = (0.284, 0.369, 0.483), stdev = 0.103
  CI (99.9%): [≈ 0, 2.246] (assumes normal distribution)

Secondary result "poc.ring.RingAllocBench.ownerCycle:branch-misses":
  0.052 ±(99.9%) 0.036 #/op [Average]
  (min, avg, max) = (0.050, 0.052, 0.053), stdev = 0.002
  CI (99.9%): [0.016, 0.088] (assumes normal distribution)

Secondary result "poc.ring.RingAllocBench.ownerCycle:branches":
  89.529 ±(99.9%) 0.561 #/op [Average]
  (min, avg, max) = (89.494, 89.529, 89.552), stdev = 0.031
  CI (99.9%): [88.967, 90.090] (assumes normal distribution)

Secondary result "poc.ring.RingAllocBench.ownerCycle:cycles":
  102.690 ±(99.9%) 18.621 #/op [Average]
  (min, avg, max) = (102.038, 102.690, 103.866), stdev = 1.021
  CI (99.9%): [84.069, 121.312] (assumes normal distribution)

Secondary result "poc.ring.RingAllocBench.ownerCycle:dTLB-load-misses":
  0.011 ±(99.9%) 0.009 #/op [Average]
  (min, avg, max) = (0.010, 0.011, 0.011), stdev = 0.001
  CI (99.9%): [0.002, 0.020] (assumes normal distribution)

Secondary result "poc.ring.RingAllocBench.ownerCycle:dTLB-loads":
  0.019 ±(99.9%) 0.009 #/op [Average]
  (min, avg, max) = (0.018, 0.019, 0.019), stdev = 0.001
  CI (99.9%): [0.010, 0.028] (assumes normal distribution)

Secondary result "poc.ring.RingAllocBench.ownerCycle:iTLB-load-misses":
  0.001 ±(99.9%) 0.001 #/op [Average]
  (min, avg, max) = (0.001, 0.001, 0.001), stdev = 0.001
  CI (99.9%): [≈ 0, 0.001] (assumes normal distribution)

Secondary result "poc.ring.RingAllocBench.ownerCycle:iTLB-loads":
  0.001 ±(99.9%) 0.003 #/op [Average]
  (min, avg, max) = (0.001, 0.001, 0.001), stdev = 0.001
  CI (99.9%): [≈ 0, 0.005] (assumes normal distribution)

Secondary result "poc.ring.RingAllocBench.ownerCycle:instructions":
  453.596 ±(99.9%) 14.249 #/op [Average]
  (min, avg, max) = (452.980, 453.596, 454.474), stdev = 0.781
  CI (99.9%): [439.346, 467.845] (assumes normal distribution)

Secondary result "poc.ring.RingAllocBench.ownerCycle:stalled-cycles-frontend":
  1.830 ±(99.9%) 1.489 #/op [Average]
  (min, avg, max) = (1.754, 1.830, 1.917), stdev = 0.082
  CI (99.9%): [0.340, 3.319] (assumes normal distribution)


# JMH version: 1.37
# VM version: JDK 21, Java HotSpot(TM) 64-Bit Server VM, 21+35-LTS-2513
# VM invoker: /home/forked_franz/.sdkman/candidates/java/21-oracle/bin/java
# VM options: -Dio.netty.allocator.type=adaptive
# Blackhole mode: compiler (auto-detected, use -Djmh.blackhole.autoDetect=false to disable)
# Warmup: 3 iterations, 1 s each
# Measurement: 5 iterations, 1 s each
# Timeout: 10 min per iteration
# Threads: 1 thread, will synchronize iterations
# Benchmark mode: Average time, time/op
# Benchmark: poc.ring.RingAllocBench.ownerCycleNoSlice
# Parameters: (alloc = adaptive, inFlight = 1)

# Run progress: 50.00% complete, ETA 00:06:58
# Fork: 1 of 3
# Preparing profilers: LinuxPerfNormProfiler 
# Profilers consume stderr from target VM, use -v EXTRA to copy to console
# Warmup Iteration   1: 109.563 ns/op
# Warmup Iteration   2: 106.032 ns/op
# Warmup Iteration   3: 106.625 ns/op
Iteration   1: 106.127 ns/op
Iteration   2: 106.378 ns/op
Iteration   3: 106.340 ns/op
Iteration   4: 98.797 ns/op
Iteration   5: 96.279 ns/op
# Processing profiler results: LinuxPerfNormProfiler 

# Run progress: 51.19% complete, ETA 00:06:49
# Fork: 2 of 3
# Preparing profilers: LinuxPerfNormProfiler 
# Profilers consume stderr from target VM, use -v EXTRA to copy to console
# Warmup Iteration   1: 110.397 ns/op
# Warmup Iteration   2: 106.206 ns/op
# Warmup Iteration   3: 107.489 ns/op
Iteration   1: 106.931 ns/op
Iteration   2: 106.874 ns/op
Iteration   3: 106.721 ns/op
Iteration   4: 98.747 ns/op
Iteration   5: 96.257 ns/op
# Processing profiler results: LinuxPerfNormProfiler 

# Run progress: 52.38% complete, ETA 00:06:39
# Fork: 3 of 3
# Preparing profilers: LinuxPerfNormProfiler 
# Profilers consume stderr from target VM, use -v EXTRA to copy to console
# Warmup Iteration   1: 112.014 ns/op
# Warmup Iteration   2: 106.414 ns/op
# Warmup Iteration   3: 107.233 ns/op
Iteration   1: 107.321 ns/op
Iteration   2: 107.025 ns/op
Iteration   3: 106.571 ns/op
Iteration   4: 98.895 ns/op
Iteration   5: 96.320 ns/op
# Processing profiler results: LinuxPerfNormProfiler 


Result "poc.ring.RingAllocBench.ownerCycleNoSlice":
  103.039 ±(99.9%) 5.048 ns/op [Average]
  (min, avg, max) = (96.257, 103.039, 107.321), stdev = 4.722
  CI (99.9%): [97.991, 108.087] (assumes normal distribution)

Secondary result "poc.ring.RingAllocBench.ownerCycleNoSlice:CPI":
  0.260 ±(99.9%) 0.011 clks/insn [Average]
  (min, avg, max) = (0.259, 0.260, 0.260), stdev = 0.001
  CI (99.9%): [0.249, 0.270] (assumes normal distribution)

Secondary result "poc.ring.RingAllocBench.ownerCycleNoSlice:IPC":
  3.851 ±(99.9%) 0.157 insns/clk [Average]
  (min, avg, max) = (3.843, 3.851, 3.860), stdev = 0.009
  CI (99.9%): [3.694, 4.007] (assumes normal distribution)

Secondary result "poc.ring.RingAllocBench.ownerCycleNoSlice:L1-dcache-load-misses":
  4.622 ±(99.9%) 0.029 #/op [Average]
  (min, avg, max) = (4.620, 4.622, 4.624), stdev = 0.002
  CI (99.9%): [4.594, 4.651] (assumes normal distribution)

Secondary result "poc.ring.RingAllocBench.ownerCycleNoSlice:L1-dcache-loads":
  304.904 ±(99.9%) 14.108 #/op [Average]
  (min, avg, max) = (304.050, 304.904, 305.556), stdev = 0.773
  CI (99.9%): [290.796, 319.012] (assumes normal distribution)

Secondary result "poc.ring.RingAllocBench.ownerCycleNoSlice:L1-icache-load-misses":
  0.061 ±(99.9%) 0.099 #/op [Average]
  (min, avg, max) = (0.056, 0.061, 0.067), stdev = 0.005
  CI (99.9%): [≈ 0, 0.161] (assumes normal distribution)

Secondary result "poc.ring.RingAllocBench.ownerCycleNoSlice:L1-icache-loads":
  9.398 ±(99.9%) 1.425 #/op [Average]
  (min, avg, max) = (9.333, 9.398, 9.485), stdev = 0.078
  CI (99.9%): [7.973, 10.823] (assumes normal distribution)

Secondary result "poc.ring.RingAllocBench.ownerCycleNoSlice:branch-misses":
  0.316 ±(99.9%) 0.094 #/op [Average]
  (min, avg, max) = (0.311, 0.316, 0.321), stdev = 0.005
  CI (99.9%): [0.221, 0.410] (assumes normal distribution)

Secondary result "poc.ring.RingAllocBench.ownerCycleNoSlice:branches":
  156.724 ±(99.9%) 7.479 #/op [Average]
  (min, avg, max) = (156.296, 156.724, 157.113), stdev = 0.410
  CI (99.9%): [149.245, 164.202] (assumes normal distribution)

Secondary result "poc.ring.RingAllocBench.ownerCycleNoSlice:cycles":
  233.917 ±(99.9%) 10.625 #/op [Average]
  (min, avg, max) = (233.257, 233.917, 234.359), stdev = 0.582
  CI (99.9%): [223.291, 244.542] (assumes normal distribution)

Secondary result "poc.ring.RingAllocBench.ownerCycleNoSlice:dTLB-load-misses":
  0.011 ±(99.9%) 0.023 #/op [Average]
  (min, avg, max) = (0.010, 0.011, 0.012), stdev = 0.001
  CI (99.9%): [≈ 0, 0.033] (assumes normal distribution)

Secondary result "poc.ring.RingAllocBench.ownerCycleNoSlice:dTLB-loads":
  2.140 ±(99.9%) 0.747 #/op [Average]
  (min, avg, max) = (2.107, 2.140, 2.186), stdev = 0.041
  CI (99.9%): [1.394, 2.887] (assumes normal distribution)

Secondary result "poc.ring.RingAllocBench.ownerCycleNoSlice:iTLB-load-misses":
  0.012 ±(99.9%) 0.003 #/op [Average]
  (min, avg, max) = (0.012, 0.012, 0.012), stdev = 0.001
  CI (99.9%): [0.009, 0.015] (assumes normal distribution)

Secondary result "poc.ring.RingAllocBench.ownerCycleNoSlice:iTLB-loads":
  0.198 ±(99.9%) 0.522 #/op [Average]
  (min, avg, max) = (0.180, 0.198, 0.231), stdev = 0.029
  CI (99.9%): [≈ 0, 0.721] (assumes normal distribution)

Secondary result "poc.ring.RingAllocBench.ownerCycleNoSlice:instructions":
  900.730 ±(99.9%) 20.072 #/op [Average]
  (min, avg, max) = (899.842, 900.730, 901.961), stdev = 1.100
  CI (99.9%): [880.658, 920.802] (assumes normal distribution)

Secondary result "poc.ring.RingAllocBench.ownerCycleNoSlice:stalled-cycles-frontend":
  13.646 ±(99.9%) 4.020 #/op [Average]
  (min, avg, max) = (13.391, 13.646, 13.777), stdev = 0.220
  CI (99.9%): [9.626, 17.665] (assumes normal distribution)


# JMH version: 1.37
# VM version: JDK 21, Java HotSpot(TM) 64-Bit Server VM, 21+35-LTS-2513
# VM invoker: /home/forked_franz/.sdkman/candidates/java/21-oracle/bin/java
# VM options: -Dio.netty.allocator.type=adaptive
# Blackhole mode: compiler (auto-detected, use -Djmh.blackhole.autoDetect=false to disable)
# Warmup: 3 iterations, 1 s each
# Measurement: 5 iterations, 1 s each
# Timeout: 10 min per iteration
# Threads: 1 thread, will synchronize iterations
# Benchmark mode: Average time, time/op
# Benchmark: poc.ring.RingAllocBench.ownerCycleNoSlice
# Parameters: (alloc = adaptive, inFlight = 32)

# Run progress: 53.57% complete, ETA 00:06:28
# Fork: 1 of 3
# Preparing profilers: LinuxPerfNormProfiler 
# Profilers consume stderr from target VM, use -v EXTRA to copy to console
# Warmup Iteration   1: 142.855 ns/op
# Warmup Iteration   2: 130.648 ns/op
# Warmup Iteration   3: 136.556 ns/op
Iteration   1: 138.064 ns/op
Iteration   2: 138.021 ns/op
Iteration   3: 137.606 ns/op
Iteration   4: 137.592 ns/op
Iteration   5: 137.650 ns/op
# Processing profiler results: LinuxPerfNormProfiler 

# Run progress: 54.76% complete, ETA 00:06:19
# Fork: 2 of 3
# Preparing profilers: LinuxPerfNormProfiler 
# Profilers consume stderr from target VM, use -v EXTRA to copy to console
# Warmup Iteration   1: 152.203 ns/op
# Warmup Iteration   2: 134.123 ns/op
# Warmup Iteration   3: 139.484 ns/op
Iteration   1: 141.078 ns/op
Iteration   2: 141.178 ns/op
Iteration   3: 140.602 ns/op
Iteration   4: 140.885 ns/op
Iteration   5: 140.183 ns/op
# Processing profiler results: LinuxPerfNormProfiler 

# Run progress: 55.95% complete, ETA 00:06:09
# Fork: 3 of 3
# Preparing profilers: LinuxPerfNormProfiler 
# Profilers consume stderr from target VM, use -v EXTRA to copy to console
# Warmup Iteration   1: 144.605 ns/op
# Warmup Iteration   2: 131.207 ns/op
# Warmup Iteration   3: 137.085 ns/op
Iteration   1: 138.448 ns/op
Iteration   2: 137.750 ns/op
Iteration   3: 138.897 ns/op
Iteration   4: 137.900 ns/op
Iteration   5: 138.254 ns/op
# Processing profiler results: LinuxPerfNormProfiler 


Result "poc.ring.RingAllocBench.ownerCycleNoSlice":
  138.941 ±(99.9%) 1.505 ns/op [Average]
  (min, avg, max) = (137.592, 138.941, 141.178), stdev = 1.408
  CI (99.9%): [137.435, 140.446] (assumes normal distribution)

Secondary result "poc.ring.RingAllocBench.ownerCycleNoSlice:CPI":
  0.238 ±(99.9%) 0.018 clks/insn [Average]
  (min, avg, max) = (0.237, 0.238, 0.239), stdev = 0.001
  CI (99.9%): [0.220, 0.257] (assumes normal distribution)

Secondary result "poc.ring.RingAllocBench.ownerCycleNoSlice:IPC":
  4.194 ±(99.9%) 0.325 insns/clk [Average]
  (min, avg, max) = (4.179, 4.194, 4.214), stdev = 0.018
  CI (99.9%): [3.869, 4.519] (assumes normal distribution)

Secondary result "poc.ring.RingAllocBench.ownerCycleNoSlice:L1-dcache-load-misses":
  6.058 ±(99.9%) 2.470 #/op [Average]
  (min, avg, max) = (5.922, 6.058, 6.193), stdev = 0.135
  CI (99.9%): [3.589, 8.528] (assumes normal distribution)

Secondary result "poc.ring.RingAllocBench.ownerCycleNoSlice:L1-dcache-loads":
  446.417 ±(99.9%) 97.946 #/op [Average]
  (min, avg, max) = (443.167, 446.417, 452.614), stdev = 5.369
  CI (99.9%): [348.472, 544.363] (assumes normal distribution)

Secondary result "poc.ring.RingAllocBench.ownerCycleNoSlice:L1-icache-load-misses":
  0.108 ±(99.9%) 0.120 #/op [Average]
  (min, avg, max) = (0.101, 0.108, 0.114), stdev = 0.007
  CI (99.9%): [≈ 0, 0.228] (assumes normal distribution)

Secondary result "poc.ring.RingAllocBench.ownerCycleNoSlice:L1-icache-loads":
  13.650 ±(99.9%) 2.189 #/op [Average]
  (min, avg, max) = (13.572, 13.650, 13.789), stdev = 0.120
  CI (99.9%): [11.461, 15.839] (assumes normal distribution)

Secondary result "poc.ring.RingAllocBench.ownerCycleNoSlice:branch-misses":
  0.473 ±(99.9%) 0.064 #/op [Average]
  (min, avg, max) = (0.470, 0.473, 0.477), stdev = 0.004
  CI (99.9%): [0.409, 0.538] (assumes normal distribution)

Secondary result "poc.ring.RingAllocBench.ownerCycleNoSlice:branches":
  265.028 ±(99.9%) 10.191 #/op [Average]
  (min, avg, max) = (264.683, 265.028, 265.672), stdev = 0.559
  CI (99.9%): [254.837, 275.218] (assumes normal distribution)

Secondary result "poc.ring.RingAllocBench.ownerCycleNoSlice:cycles":
  314.462 ±(99.9%) 64.329 #/op [Average]
  (min, avg, max) = (311.909, 314.462, 318.485), stdev = 3.526
  CI (99.9%): [250.133, 378.791] (assumes normal distribution)

Secondary result "poc.ring.RingAllocBench.ownerCycleNoSlice:dTLB-load-misses":
  0.023 ±(99.9%) 0.072 #/op [Average]
  (min, avg, max) = (0.020, 0.023, 0.027), stdev = 0.004
  CI (99.9%): [≈ 0, 0.095] (assumes normal distribution)

Secondary result "poc.ring.RingAllocBench.ownerCycleNoSlice:dTLB-loads":
  2.325 ±(99.9%) 0.329 #/op [Average]
  (min, avg, max) = (2.304, 2.325, 2.338), stdev = 0.018
  CI (99.9%): [1.996, 2.654] (assumes normal distribution)

Secondary result "poc.ring.RingAllocBench.ownerCycleNoSlice:iTLB-load-misses":
  0.019 ±(99.9%) 0.002 #/op [Average]
  (min, avg, max) = (0.019, 0.019, 0.019), stdev = 0.001
  CI (99.9%): [0.017, 0.021] (assumes normal distribution)

Secondary result "poc.ring.RingAllocBench.ownerCycleNoSlice:iTLB-loads":
  0.195 ±(99.9%) 0.331 #/op [Average]
  (min, avg, max) = (0.175, 0.195, 0.211), stdev = 0.018
  CI (99.9%): [≈ 0, 0.526] (assumes normal distribution)

Secondary result "poc.ring.RingAllocBench.ownerCycleNoSlice:instructions":
  1318.920 ±(99.9%) 365.629 #/op [Average]
  (min, avg, max) = (1306.632, 1318.920, 1342.047), stdev = 20.041
  CI (99.9%): [953.291, 1684.549] (assumes normal distribution)

Secondary result "poc.ring.RingAllocBench.ownerCycleNoSlice:stalled-cycles-frontend":
  19.578 ±(99.9%) 2.547 #/op [Average]
  (min, avg, max) = (19.461, 19.578, 19.733), stdev = 0.140
  CI (99.9%): [17.032, 22.125] (assumes normal distribution)


# JMH version: 1.37
# VM version: JDK 21, Java HotSpot(TM) 64-Bit Server VM, 21+35-LTS-2513
# VM invoker: /home/forked_franz/.sdkman/candidates/java/21-oracle/bin/java
# VM options: -Dio.netty.allocator.type=adaptive
# Blackhole mode: compiler (auto-detected, use -Djmh.blackhole.autoDetect=false to disable)
# Warmup: 3 iterations, 1 s each
# Measurement: 5 iterations, 1 s each
# Timeout: 10 min per iteration
# Threads: 1 thread, will synchronize iterations
# Benchmark mode: Average time, time/op
# Benchmark: poc.ring.RingAllocBench.ownerCycleNoSlice
# Parameters: (alloc = builtinadaptive, inFlight = 1)

# Run progress: 57.14% complete, ETA 00:05:59
# Fork: 1 of 3
# Preparing profilers: LinuxPerfNormProfiler 
# Profilers consume stderr from target VM, use -v EXTRA to copy to console
# Warmup Iteration   1: 110.000 ns/op
# Warmup Iteration   2: 106.827 ns/op
# Warmup Iteration   3: 108.533 ns/op
Iteration   1: 108.077 ns/op
Iteration   2: 108.694 ns/op
Iteration   3: 108.735 ns/op
Iteration   4: 102.512 ns/op
Iteration   5: 99.593 ns/op
# Processing profiler results: LinuxPerfNormProfiler 

# Run progress: 58.33% complete, ETA 00:05:49
# Fork: 2 of 3
# Preparing profilers: LinuxPerfNormProfiler 
# Profilers consume stderr from target VM, use -v EXTRA to copy to console
# Warmup Iteration   1: 109.013 ns/op
# Warmup Iteration   2: 106.258 ns/op
# Warmup Iteration   3: 108.513 ns/op
Iteration   1: 108.043 ns/op
Iteration   2: 108.031 ns/op
Iteration   3: 108.277 ns/op
Iteration   4: 101.717 ns/op
Iteration   5: 99.236 ns/op
# Processing profiler results: LinuxPerfNormProfiler 

# Run progress: 59.52% complete, ETA 00:05:39
# Fork: 3 of 3
# Preparing profilers: LinuxPerfNormProfiler 
# Profilers consume stderr from target VM, use -v EXTRA to copy to console
# Warmup Iteration   1: 112.729 ns/op
# Warmup Iteration   2: 106.619 ns/op
# Warmup Iteration   3: 108.805 ns/op
Iteration   1: 108.644 ns/op
Iteration   2: 108.649 ns/op
Iteration   3: 108.569 ns/op
Iteration   4: 101.757 ns/op
Iteration   5: 98.596 ns/op
# Processing profiler results: LinuxPerfNormProfiler 


Result "poc.ring.RingAllocBench.ownerCycleNoSlice":
  105.275 ±(99.9%) 4.384 ns/op [Average]
  (min, avg, max) = (98.596, 105.275, 108.735), stdev = 4.100
  CI (99.9%): [100.892, 109.659] (assumes normal distribution)

Secondary result "poc.ring.RingAllocBench.ownerCycleNoSlice:CPI":
  0.264 ±(99.9%) 0.035 clks/insn [Average]
  (min, avg, max) = (0.263, 0.264, 0.266), stdev = 0.002
  CI (99.9%): [0.230, 0.299] (assumes normal distribution)

Secondary result "poc.ring.RingAllocBench.ownerCycleNoSlice:IPC":
  3.783 ±(99.9%) 0.495 insns/clk [Average]
  (min, avg, max) = (3.754, 3.783, 3.807), stdev = 0.027
  CI (99.9%): [3.289, 4.278] (assumes normal distribution)

Secondary result "poc.ring.RingAllocBench.ownerCycleNoSlice:L1-dcache-load-misses":
  4.489 ±(99.9%) 1.740 #/op [Average]
  (min, avg, max) = (4.390, 4.489, 4.581), stdev = 0.095
  CI (99.9%): [2.749, 6.230] (assumes normal distribution)

Secondary result "poc.ring.RingAllocBench.ownerCycleNoSlice:L1-dcache-loads":
  309.586 ±(99.9%) 29.923 #/op [Average]
  (min, avg, max) = (308.534, 309.586, 311.476), stdev = 1.640
  CI (99.9%): [279.663, 339.509] (assumes normal distribution)

Secondary result "poc.ring.RingAllocBench.ownerCycleNoSlice:L1-icache-load-misses":
  0.077 ±(99.9%) 0.064 #/op [Average]
  (min, avg, max) = (0.073, 0.077, 0.080), stdev = 0.003
  CI (99.9%): [0.013, 0.140] (assumes normal distribution)

Secondary result "poc.ring.RingAllocBench.ownerCycleNoSlice:L1-icache-loads":
  10.273 ±(99.9%) 1.944 #/op [Average]
  (min, avg, max) = (10.167, 10.273, 10.380), stdev = 0.107
  CI (99.9%): [8.329, 12.216] (assumes normal distribution)

Secondary result "poc.ring.RingAllocBench.ownerCycleNoSlice:branch-misses":
  0.322 ±(99.9%) 0.053 #/op [Average]
  (min, avg, max) = (0.320, 0.322, 0.325), stdev = 0.003
  CI (99.9%): [0.269, 0.374] (assumes normal distribution)

Secondary result "poc.ring.RingAllocBench.ownerCycleNoSlice:branches":
  158.388 ±(99.9%) 22.676 #/op [Average]
  (min, avg, max) = (156.953, 158.388, 159.147), stdev = 1.243
  CI (99.9%): [135.712, 181.064] (assumes normal distribution)

Secondary result "poc.ring.RingAllocBench.ownerCycleNoSlice:cycles":
  239.088 ±(99.9%) 9.148 #/op [Average]
  (min, avg, max) = (238.659, 239.088, 239.639), stdev = 0.501
  CI (99.9%): [229.940, 248.236] (assumes normal distribution)

Secondary result "poc.ring.RingAllocBench.ownerCycleNoSlice:dTLB-load-misses":
  0.009 ±(99.9%) 0.018 #/op [Average]
  (min, avg, max) = (0.008, 0.009, 0.010), stdev = 0.001
  CI (99.9%): [≈ 0, 0.027] (assumes normal distribution)

Secondary result "poc.ring.RingAllocBench.ownerCycleNoSlice:dTLB-loads":
  2.182 ±(99.9%) 0.777 #/op [Average]
  (min, avg, max) = (2.145, 2.182, 2.229), stdev = 0.043
  CI (99.9%): [1.404, 2.959] (assumes normal distribution)

Secondary result "poc.ring.RingAllocBench.ownerCycleNoSlice:iTLB-load-misses":
  0.012 ±(99.9%) 0.001 #/op [Average]
  (min, avg, max) = (0.012, 0.012, 0.012), stdev = 0.001
  CI (99.9%): [0.012, 0.013] (assumes normal distribution)

Secondary result "poc.ring.RingAllocBench.ownerCycleNoSlice:iTLB-loads":
  0.196 ±(99.9%) 0.121 #/op [Average]
  (min, avg, max) = (0.191, 0.196, 0.204), stdev = 0.007
  CI (99.9%): [0.075, 0.317] (assumes normal distribution)

Secondary result "poc.ring.RingAllocBench.ownerCycleNoSlice:instructions":
  904.582 ±(99.9%) 119.912 #/op [Average]
  (min, avg, max) = (896.994, 904.582, 908.489), stdev = 6.573
  CI (99.9%): [784.670, 1024.494] (assumes normal distribution)

Secondary result "poc.ring.RingAllocBench.ownerCycleNoSlice:stalled-cycles-frontend":
  14.522 ±(99.9%) 3.070 #/op [Average]
  (min, avg, max) = (14.350, 14.522, 14.686), stdev = 0.168
  CI (99.9%): [11.452, 17.592] (assumes normal distribution)


# JMH version: 1.37
# VM version: JDK 21, Java HotSpot(TM) 64-Bit Server VM, 21+35-LTS-2513
# VM invoker: /home/forked_franz/.sdkman/candidates/java/21-oracle/bin/java
# VM options: -Dio.netty.allocator.type=adaptive
# Blackhole mode: compiler (auto-detected, use -Djmh.blackhole.autoDetect=false to disable)
# Warmup: 3 iterations, 1 s each
# Measurement: 5 iterations, 1 s each
# Timeout: 10 min per iteration
# Threads: 1 thread, will synchronize iterations
# Benchmark mode: Average time, time/op
# Benchmark: poc.ring.RingAllocBench.ownerCycleNoSlice
# Parameters: (alloc = builtinadaptive, inFlight = 32)

# Run progress: 60.71% complete, ETA 00:05:29
# Fork: 1 of 3
# Preparing profilers: LinuxPerfNormProfiler 
# Profilers consume stderr from target VM, use -v EXTRA to copy to console
# Warmup Iteration   1: 143.315 ns/op
# Warmup Iteration   2: 129.951 ns/op
# Warmup Iteration   3: 137.392 ns/op
Iteration   1: 138.329 ns/op
Iteration   2: 138.059 ns/op
Iteration   3: 138.233 ns/op
Iteration   4: 138.125 ns/op
Iteration   5: 138.153 ns/op
# Processing profiler results: LinuxPerfNormProfiler 

# Run progress: 61.90% complete, ETA 00:05:19
# Fork: 2 of 3
# Preparing profilers: LinuxPerfNormProfiler 
# Profilers consume stderr from target VM, use -v EXTRA to copy to console
# Warmup Iteration   1: 144.777 ns/op
# Warmup Iteration   2: 131.463 ns/op
# Warmup Iteration   3: 137.408 ns/op
Iteration   1: 138.370 ns/op
Iteration   2: 138.146 ns/op
Iteration   3: 137.841 ns/op
Iteration   4: 138.060 ns/op
Iteration   5: 137.680 ns/op
# Processing profiler results: LinuxPerfNormProfiler 

# Run progress: 63.10% complete, ETA 00:05:09
# Fork: 3 of 3
# Preparing profilers: LinuxPerfNormProfiler 
# Profilers consume stderr from target VM, use -v EXTRA to copy to console
# Warmup Iteration   1: 148.148 ns/op
# Warmup Iteration   2: 130.851 ns/op
# Warmup Iteration   3: 137.772 ns/op
Iteration   1: 138.566 ns/op
Iteration   2: 138.333 ns/op
Iteration   3: 138.511 ns/op
Iteration   4: 138.511 ns/op
Iteration   5: 138.807 ns/op
# Processing profiler results: LinuxPerfNormProfiler 


Result "poc.ring.RingAllocBench.ownerCycleNoSlice":
  138.248 ±(99.9%) 0.310 ns/op [Average]
  (min, avg, max) = (137.680, 138.248, 138.807), stdev = 0.290
  CI (99.9%): [137.939, 138.558] (assumes normal distribution)

Secondary result "poc.ring.RingAllocBench.ownerCycleNoSlice:CPI":
  0.240 ±(99.9%) 0.010 clks/insn [Average]
  (min, avg, max) = (0.239, 0.240, 0.240), stdev = 0.001
  CI (99.9%): [0.230, 0.250] (assumes normal distribution)

Secondary result "poc.ring.RingAllocBench.ownerCycleNoSlice:IPC":
  4.168 ±(99.9%) 0.179 insns/clk [Average]
  (min, avg, max) = (4.158, 4.168, 4.178), stdev = 0.010
  CI (99.9%): [3.989, 4.348] (assumes normal distribution)

Secondary result "poc.ring.RingAllocBench.ownerCycleNoSlice:L1-dcache-load-misses":
  6.514 ±(99.9%) 12.383 #/op [Average]
  (min, avg, max) = (6.008, 6.514, 7.286), stdev = 0.679
  CI (99.9%): [≈ 0, 18.898] (assumes normal distribution)

Secondary result "poc.ring.RingAllocBench.ownerCycleNoSlice:L1-dcache-loads":
  442.135 ±(99.9%) 12.463 #/op [Average]
  (min, avg, max) = (441.455, 442.135, 442.821), stdev = 0.683
  CI (99.9%): [429.672, 454.598] (assumes normal distribution)

Secondary result "poc.ring.RingAllocBench.ownerCycleNoSlice:L1-icache-load-misses":
  0.108 ±(99.9%) 0.243 #/op [Average]
  (min, avg, max) = (0.094, 0.108, 0.121), stdev = 0.013
  CI (99.9%): [≈ 0, 0.351] (assumes normal distribution)

Secondary result "poc.ring.RingAllocBench.ownerCycleNoSlice:L1-icache-loads":
  13.121 ±(99.9%) 5.106 #/op [Average]
  (min, avg, max) = (12.818, 13.121, 13.370), stdev = 0.280
  CI (99.9%): [8.015, 18.227] (assumes normal distribution)

Secondary result "poc.ring.RingAllocBench.ownerCycleNoSlice:branch-misses":
  0.472 ±(99.9%) 0.100 #/op [Average]
  (min, avg, max) = (0.469, 0.472, 0.479), stdev = 0.005
  CI (99.9%): [0.372, 0.572] (assumes normal distribution)

Secondary result "poc.ring.RingAllocBench.ownerCycleNoSlice:branches":
  265.564 ±(99.9%) 3.794 #/op [Average]
  (min, avg, max) = (265.399, 265.564, 265.798), stdev = 0.208
  CI (99.9%): [261.770, 269.358] (assumes normal distribution)

Secondary result "poc.ring.RingAllocBench.ownerCycleNoSlice:cycles":
  313.202 ±(99.9%) 11.074 #/op [Average]
  (min, avg, max) = (312.644, 313.202, 313.848), stdev = 0.607
  CI (99.9%): [302.128, 324.275] (assumes normal distribution)

Secondary result "poc.ring.RingAllocBench.ownerCycleNoSlice:dTLB-load-misses":
  0.021 ±(99.9%) 0.027 #/op [Average]
  (min, avg, max) = (0.020, 0.021, 0.023), stdev = 0.001
  CI (99.9%): [≈ 0, 0.048] (assumes normal distribution)

Secondary result "poc.ring.RingAllocBench.ownerCycleNoSlice:dTLB-loads":
  2.293 ±(99.9%) 0.485 #/op [Average]
  (min, avg, max) = (2.263, 2.293, 2.314), stdev = 0.027
  CI (99.9%): [1.808, 2.778] (assumes normal distribution)

Secondary result "poc.ring.RingAllocBench.ownerCycleNoSlice:iTLB-load-misses":
  0.019 ±(99.9%) 0.001 #/op [Average]
  (min, avg, max) = (0.019, 0.019, 0.019), stdev = 0.001
  CI (99.9%): [0.018, 0.019] (assumes normal distribution)

Secondary result "poc.ring.RingAllocBench.ownerCycleNoSlice:iTLB-loads":
  0.196 ±(99.9%) 0.668 #/op [Average]
  (min, avg, max) = (0.169, 0.196, 0.238), stdev = 0.037
  CI (99.9%): [≈ 0, 0.865] (assumes normal distribution)

Secondary result "poc.ring.RingAllocBench.ownerCycleNoSlice:instructions":
  1305.540 ±(99.9%) 11.233 #/op [Average]
  (min, avg, max) = (1305.103, 1305.540, 1306.244), stdev = 0.616
  CI (99.9%): [1294.307, 1316.773] (assumes normal distribution)

Secondary result "poc.ring.RingAllocBench.ownerCycleNoSlice:stalled-cycles-frontend":
  19.421 ±(99.9%) 5.942 #/op [Average]
  (min, avg, max) = (19.231, 19.421, 19.797), stdev = 0.326
  CI (99.9%): [13.478, 25.363] (assumes normal distribution)


# JMH version: 1.37
# VM version: JDK 21, Java HotSpot(TM) 64-Bit Server VM, 21+35-LTS-2513
# VM invoker: /home/forked_franz/.sdkman/candidates/java/21-oracle/bin/java
# VM options: -Dio.netty.allocator.type=adaptive
# Blackhole mode: compiler (auto-detected, use -Djmh.blackhole.autoDetect=false to disable)
# Warmup: 3 iterations, 1 s each
# Measurement: 5 iterations, 1 s each
# Timeout: 10 min per iteration
# Threads: 1 thread, will synchronize iterations
# Benchmark mode: Average time, time/op
# Benchmark: poc.ring.RingAllocBench.ownerCycleNoSlice
# Parameters: (alloc = slab, inFlight = 1)

# Run progress: 64.29% complete, ETA 00:04:59
# Fork: 1 of 3
# Preparing profilers: LinuxPerfNormProfiler 
# Profilers consume stderr from target VM, use -v EXTRA to copy to console
# Warmup Iteration   1: 29.193 ns/op
# Warmup Iteration   2: 28.677 ns/op
# Warmup Iteration   3: 28.428 ns/op
Iteration   1: 28.365 ns/op
Iteration   2: 28.287 ns/op
Iteration   3: 28.278 ns/op
Iteration   4: 28.305 ns/op
Iteration   5: 28.299 ns/op
# Processing profiler results: LinuxPerfNormProfiler 

# Run progress: 65.48% complete, ETA 00:04:49
# Fork: 2 of 3
# Preparing profilers: LinuxPerfNormProfiler 
# Profilers consume stderr from target VM, use -v EXTRA to copy to console
# Warmup Iteration   1: 29.069 ns/op
# Warmup Iteration   2: 28.647 ns/op
# Warmup Iteration   3: 28.389 ns/op
Iteration   1: 28.356 ns/op
Iteration   2: 28.377 ns/op
Iteration   3: 28.355 ns/op
Iteration   4: 28.319 ns/op
Iteration   5: 28.292 ns/op
# Processing profiler results: LinuxPerfNormProfiler 

# Run progress: 66.67% complete, ETA 00:04:39
# Fork: 3 of 3
# Preparing profilers: LinuxPerfNormProfiler 
# Profilers consume stderr from target VM, use -v EXTRA to copy to console
# Warmup Iteration   1: 29.073 ns/op
# Warmup Iteration   2: 28.646 ns/op
# Warmup Iteration   3: 28.322 ns/op
Iteration   1: 28.318 ns/op
Iteration   2: 28.318 ns/op
Iteration   3: 28.315 ns/op
Iteration   4: 28.311 ns/op
Iteration   5: 28.316 ns/op
# Processing profiler results: LinuxPerfNormProfiler 


Result "poc.ring.RingAllocBench.ownerCycleNoSlice":
  28.321 ±(99.9%) 0.031 ns/op [Average]
  (min, avg, max) = (28.278, 28.321, 28.377), stdev = 0.029
  CI (99.9%): [28.289, 28.352] (assumes normal distribution)

Secondary result "poc.ring.RingAllocBench.ownerCycleNoSlice:CPI":
  0.268 ±(99.9%) 0.002 clks/insn [Average]
  (min, avg, max) = (0.268, 0.268, 0.268), stdev = 0.001
  CI (99.9%): [0.266, 0.270] (assumes normal distribution)

Secondary result "poc.ring.RingAllocBench.ownerCycleNoSlice:IPC":
  3.731 ±(99.9%) 0.021 insns/clk [Average]
  (min, avg, max) = (3.730, 3.731, 3.732), stdev = 0.001
  CI (99.9%): [3.710, 3.753] (assumes normal distribution)

Secondary result "poc.ring.RingAllocBench.ownerCycleNoSlice:L1-dcache-load-misses":
  0.014 ±(99.9%) 0.006 #/op [Average]
  (min, avg, max) = (0.013, 0.014, 0.014), stdev = 0.001
  CI (99.9%): [0.007, 0.020] (assumes normal distribution)

Secondary result "poc.ring.RingAllocBench.ownerCycleNoSlice:L1-dcache-loads":
  69.411 ±(99.9%) 2.507 #/op [Average]
  (min, avg, max) = (69.304, 69.411, 69.566), stdev = 0.137
  CI (99.9%): [66.905, 71.918] (assumes normal distribution)

Secondary result "poc.ring.RingAllocBench.ownerCycleNoSlice:L1-icache-load-misses":
  0.001 ±(99.9%) 0.001 #/op [Average]
  (min, avg, max) = (0.001, 0.001, 0.001), stdev = 0.001
  CI (99.9%): [≈ 10⁻⁴, 0.001] (assumes normal distribution)

Secondary result "poc.ring.RingAllocBench.ownerCycleNoSlice:L1-icache-loads":
  0.131 ±(99.9%) 0.066 #/op [Average]
  (min, avg, max) = (0.128, 0.131, 0.135), stdev = 0.004
  CI (99.9%): [0.065, 0.197] (assumes normal distribution)

Secondary result "poc.ring.RingAllocBench.ownerCycleNoSlice:branch-misses":
  0.007 ±(99.9%) 0.001 #/op [Average]
  (min, avg, max) = (0.007, 0.007, 0.007), stdev = 0.001
  CI (99.9%): [0.006, 0.008] (assumes normal distribution)

Secondary result "poc.ring.RingAllocBench.ownerCycleNoSlice:branches":
  43.111 ±(99.9%) 0.106 #/op [Average]
  (min, avg, max) = (43.106, 43.111, 43.117), stdev = 0.006
  CI (99.9%): [43.004, 43.217] (assumes normal distribution)

Secondary result "poc.ring.RingAllocBench.ownerCycleNoSlice:cycles":
  64.163 ±(99.9%) 0.605 #/op [Average]
  (min, avg, max) = (64.133, 64.163, 64.199), stdev = 0.033
  CI (99.9%): [63.558, 64.768] (assumes normal distribution)

Secondary result "poc.ring.RingAllocBench.ownerCycleNoSlice:dTLB-load-misses":
  ≈ 10⁻⁴ #/op

Secondary result "poc.ring.RingAllocBench.ownerCycleNoSlice:dTLB-loads":
  0.002 ±(99.9%) 0.004 #/op [Average]
  (min, avg, max) = (0.002, 0.002, 0.003), stdev = 0.001
  CI (99.9%): [≈ 0, 0.006] (assumes normal distribution)

Secondary result "poc.ring.RingAllocBench.ownerCycleNoSlice:iTLB-load-misses":
  ≈ 10⁻⁴ #/op

Secondary result "poc.ring.RingAllocBench.ownerCycleNoSlice:iTLB-loads":
  ≈ 10⁻⁴ #/op

Secondary result "poc.ring.RingAllocBench.ownerCycleNoSlice:instructions":
  239.423 ±(99.9%) 1.052 #/op [Average]
  (min, avg, max) = (239.359, 239.423, 239.470), stdev = 0.058
  CI (99.9%): [238.371, 240.476] (assumes normal distribution)

Secondary result "poc.ring.RingAllocBench.ownerCycleNoSlice:stalled-cycles-frontend":
  0.319 ±(99.9%) 0.221 #/op [Average]
  (min, avg, max) = (0.311, 0.319, 0.333), stdev = 0.012
  CI (99.9%): [0.098, 0.540] (assumes normal distribution)


# JMH version: 1.37
# VM version: JDK 21, Java HotSpot(TM) 64-Bit Server VM, 21+35-LTS-2513
# VM invoker: /home/forked_franz/.sdkman/candidates/java/21-oracle/bin/java
# VM options: -Dio.netty.allocator.type=adaptive
# Blackhole mode: compiler (auto-detected, use -Djmh.blackhole.autoDetect=false to disable)
# Warmup: 3 iterations, 1 s each
# Measurement: 5 iterations, 1 s each
# Timeout: 10 min per iteration
# Threads: 1 thread, will synchronize iterations
# Benchmark mode: Average time, time/op
# Benchmark: poc.ring.RingAllocBench.ownerCycleNoSlice
# Parameters: (alloc = slab, inFlight = 32)

# Run progress: 67.86% complete, ETA 00:04:29
# Fork: 1 of 3
# Preparing profilers: LinuxPerfNormProfiler 
# Profilers consume stderr from target VM, use -v EXTRA to copy to console
# Warmup Iteration   1: 31.658 ns/op
# Warmup Iteration   2: 30.050 ns/op
# Warmup Iteration   3: 33.618 ns/op
Iteration   1: 33.617 ns/op
Iteration   2: 33.600 ns/op
Iteration   3: 33.589 ns/op
Iteration   4: 33.610 ns/op
Iteration   5: 33.594 ns/op
# Processing profiler results: LinuxPerfNormProfiler 

# Run progress: 69.05% complete, ETA 00:04:19
# Fork: 2 of 3
# Preparing profilers: LinuxPerfNormProfiler 
# Profilers consume stderr from target VM, use -v EXTRA to copy to console
# Warmup Iteration   1: 31.819 ns/op
# Warmup Iteration   2: 30.055 ns/op
# Warmup Iteration   3: 33.619 ns/op
Iteration   1: 33.582 ns/op
Iteration   2: 33.605 ns/op
Iteration   3: 33.578 ns/op
Iteration   4: 33.596 ns/op
Iteration   5: 33.591 ns/op
# Processing profiler results: LinuxPerfNormProfiler 

# Run progress: 70.24% complete, ETA 00:04:09
# Fork: 3 of 3
# Preparing profilers: LinuxPerfNormProfiler 
# Profilers consume stderr from target VM, use -v EXTRA to copy to console
# Warmup Iteration   1: 32.252 ns/op
# Warmup Iteration   2: 30.847 ns/op
# Warmup Iteration   3: 34.151 ns/op
Iteration   1: 34.140 ns/op
Iteration   2: 34.103 ns/op
Iteration   3: 34.021 ns/op
Iteration   4: 34.044 ns/op
Iteration   5: 34.073 ns/op
# Processing profiler results: LinuxPerfNormProfiler 


Result "poc.ring.RingAllocBench.ownerCycleNoSlice":
  33.756 ±(99.9%) 0.252 ns/op [Average]
  (min, avg, max) = (33.578, 33.756, 34.140), stdev = 0.236
  CI (99.9%): [33.504, 34.008] (assumes normal distribution)

Secondary result "poc.ring.RingAllocBench.ownerCycleNoSlice:CPI":
  0.312 ±(99.9%) 0.045 clks/insn [Average]
  (min, avg, max) = (0.310, 0.312, 0.314), stdev = 0.002
  CI (99.9%): [0.267, 0.357] (assumes normal distribution)

Secondary result "poc.ring.RingAllocBench.ownerCycleNoSlice:IPC":
  3.209 ±(99.9%) 0.461 insns/clk [Average]
  (min, avg, max) = (3.180, 3.209, 3.225), stdev = 0.025
  CI (99.9%): [2.748, 3.670] (assumes normal distribution)

Secondary result "poc.ring.RingAllocBench.ownerCycleNoSlice:L1-dcache-load-misses":
  0.023 ±(99.9%) 0.022 #/op [Average]
  (min, avg, max) = (0.022, 0.023, 0.025), stdev = 0.001
  CI (99.9%): [0.001, 0.045] (assumes normal distribution)

Secondary result "poc.ring.RingAllocBench.ownerCycleNoSlice:L1-dcache-loads":
  82.957 ±(99.9%) 3.467 #/op [Average]
  (min, avg, max) = (82.839, 82.957, 83.176), stdev = 0.190
  CI (99.9%): [79.490, 86.424] (assumes normal distribution)

Secondary result "poc.ring.RingAllocBench.ownerCycleNoSlice:L1-icache-load-misses":
  0.001 ±(99.9%) 0.003 #/op [Average]
  (min, avg, max) = (0.001, 0.001, 0.001), stdev = 0.001
  CI (99.9%): [≈ 0, 0.003] (assumes normal distribution)

Secondary result "poc.ring.RingAllocBench.ownerCycleNoSlice:L1-icache-loads":
  0.494 ±(99.9%) 0.105 #/op [Average]
  (min, avg, max) = (0.488, 0.494, 0.499), stdev = 0.006
  CI (99.9%): [0.390, 0.599] (assumes normal distribution)

Secondary result "poc.ring.RingAllocBench.ownerCycleNoSlice:branch-misses":
  0.009 ±(99.9%) 0.009 #/op [Average]
  (min, avg, max) = (0.009, 0.009, 0.010), stdev = 0.001
  CI (99.9%): [≈ 10⁻⁴, 0.018] (assumes normal distribution)

Secondary result "poc.ring.RingAllocBench.ownerCycleNoSlice:branches":
  43.123 ±(99.9%) 0.397 #/op [Average]
  (min, avg, max) = (43.107, 43.123, 43.148), stdev = 0.022
  CI (99.9%): [42.726, 43.520] (assumes normal distribution)

Secondary result "poc.ring.RingAllocBench.ownerCycleNoSlice:cycles":
  76.459 ±(99.9%) 11.362 #/op [Average]
  (min, avg, max) = (76.077, 76.459, 77.178), stdev = 0.623
  CI (99.9%): [65.097, 87.821] (assumes normal distribution)

Secondary result "poc.ring.RingAllocBench.ownerCycleNoSlice:dTLB-load-misses":
  ≈ 10⁻⁴ #/op

Secondary result "poc.ring.RingAllocBench.ownerCycleNoSlice:dTLB-loads":
  0.002 ±(99.9%) 0.004 #/op [Average]
  (min, avg, max) = (0.002, 0.002, 0.003), stdev = 0.001
  CI (99.9%): [≈ 0, 0.006] (assumes normal distribution)

Secondary result "poc.ring.RingAllocBench.ownerCycleNoSlice:iTLB-load-misses":
  ≈ 10⁻⁴ #/op

Secondary result "poc.ring.RingAllocBench.ownerCycleNoSlice:iTLB-loads":
  ≈ 10⁻⁴ #/op

Secondary result "poc.ring.RingAllocBench.ownerCycleNoSlice:instructions":
  245.342 ±(99.9%) 1.063 #/op [Average]
  (min, avg, max) = (245.297, 245.342, 245.408), stdev = 0.058
  CI (99.9%): [244.279, 246.406] (assumes normal distribution)

Secondary result "poc.ring.RingAllocBench.ownerCycleNoSlice:stalled-cycles-frontend":
  2.130 ±(99.9%) 1.408 #/op [Average]
  (min, avg, max) = (2.081, 2.130, 2.219), stdev = 0.077
  CI (99.9%): [0.722, 3.538] (assumes normal distribution)


# JMH version: 1.37
# VM version: JDK 21, Java HotSpot(TM) 64-Bit Server VM, 21+35-LTS-2513
# VM invoker: /home/forked_franz/.sdkman/candidates/java/21-oracle/bin/java
# VM options: -Dio.netty.allocator.type=adaptive
# Blackhole mode: compiler (auto-detected, use -Djmh.blackhole.autoDetect=false to disable)
# Warmup: 3 iterations, 1 s each
# Measurement: 5 iterations, 1 s each
# Timeout: 10 min per iteration
# Threads: 1 thread, will synchronize iterations
# Benchmark mode: Average time, time/op
# Benchmark: poc.ring.RingAllocBench.ownerCycleNoSlice
# Parameters: (alloc = slab2fixed, inFlight = 1)

# Run progress: 71.43% complete, ETA 00:03:59
# Fork: 1 of 3
# Preparing profilers: LinuxPerfNormProfiler 
# Profilers consume stderr from target VM, use -v EXTRA to copy to console
# Warmup Iteration   1: 31.640 ns/op
# Warmup Iteration   2: 31.307 ns/op
# Warmup Iteration   3: 30.053 ns/op
Iteration   1: 30.029 ns/op
Iteration   2: 30.051 ns/op
Iteration   3: 30.026 ns/op
Iteration   4: 30.025 ns/op
Iteration   5: 30.034 ns/op
# Processing profiler results: LinuxPerfNormProfiler 

# Run progress: 72.62% complete, ETA 00:03:49
# Fork: 2 of 3
# Preparing profilers: LinuxPerfNormProfiler 
# Profilers consume stderr from target VM, use -v EXTRA to copy to console
# Warmup Iteration   1: 32.186 ns/op
# Warmup Iteration   2: 31.589 ns/op
# Warmup Iteration   3: 30.306 ns/op
Iteration   1: 30.277 ns/op
Iteration   2: 30.230 ns/op
Iteration   3: 30.243 ns/op
Iteration   4: 30.298 ns/op
Iteration   5: 30.375 ns/op
# Processing profiler results: LinuxPerfNormProfiler 

# Run progress: 73.81% complete, ETA 00:03:39
# Fork: 3 of 3
# Preparing profilers: LinuxPerfNormProfiler 
# Profilers consume stderr from target VM, use -v EXTRA to copy to console
# Warmup Iteration   1: 31.521 ns/op
# Warmup Iteration   2: 31.293 ns/op
# Warmup Iteration   3: 29.836 ns/op
Iteration   1: 29.844 ns/op
Iteration   2: 29.866 ns/op
Iteration   3: 29.834 ns/op
Iteration   4: 29.864 ns/op
Iteration   5: 29.848 ns/op
# Processing profiler results: LinuxPerfNormProfiler 


Result "poc.ring.RingAllocBench.ownerCycleNoSlice":
  30.056 ±(99.9%) 0.200 ns/op [Average]
  (min, avg, max) = (29.834, 30.056, 30.375), stdev = 0.187
  CI (99.9%): [29.857, 30.256] (assumes normal distribution)

Secondary result "poc.ring.RingAllocBench.ownerCycleNoSlice:CPI":
  0.227 ±(99.9%) 0.029 clks/insn [Average]
  (min, avg, max) = (0.225, 0.227, 0.228), stdev = 0.002
  CI (99.9%): [0.197, 0.256] (assumes normal distribution)

Secondary result "poc.ring.RingAllocBench.ownerCycleNoSlice:IPC":
  4.411 ±(99.9%) 0.568 insns/clk [Average]
  (min, avg, max) = (4.378, 4.411, 4.439), stdev = 0.031
  CI (99.9%): [3.844, 4.979] (assumes normal distribution)

Secondary result "poc.ring.RingAllocBench.ownerCycleNoSlice:L1-dcache-load-misses":
  0.017 ±(99.9%) 0.015 #/op [Average]
  (min, avg, max) = (0.016, 0.017, 0.018), stdev = 0.001
  CI (99.9%): [0.002, 0.031] (assumes normal distribution)

Secondary result "poc.ring.RingAllocBench.ownerCycleNoSlice:L1-dcache-loads":
  104.763 ±(99.9%) 1.135 #/op [Average]
  (min, avg, max) = (104.692, 104.763, 104.804), stdev = 0.062
  CI (99.9%): [103.628, 105.899] (assumes normal distribution)

Secondary result "poc.ring.RingAllocBench.ownerCycleNoSlice:L1-icache-load-misses":
  0.001 ±(99.9%) 0.001 #/op [Average]
  (min, avg, max) = (0.001, 0.001, 0.001), stdev = 0.001
  CI (99.9%): [≈ 0, 0.001] (assumes normal distribution)

Secondary result "poc.ring.RingAllocBench.ownerCycleNoSlice:L1-icache-loads":
  0.140 ±(99.9%) 0.203 #/op [Average]
  (min, avg, max) = (0.128, 0.140, 0.150), stdev = 0.011
  CI (99.9%): [≈ 0, 0.343] (assumes normal distribution)

Secondary result "poc.ring.RingAllocBench.ownerCycleNoSlice:branch-misses":
  0.009 ±(99.9%) 0.006 #/op [Average]
  (min, avg, max) = (0.009, 0.009, 0.010), stdev = 0.001
  CI (99.9%): [0.003, 0.015] (assumes normal distribution)

Secondary result "poc.ring.RingAllocBench.ownerCycleNoSlice:branches":
  56.050 ±(99.9%) 0.482 #/op [Average]
  (min, avg, max) = (56.025, 56.050, 56.077), stdev = 0.026
  CI (99.9%): [55.568, 56.532] (assumes normal distribution)

Secondary result "poc.ring.RingAllocBench.ownerCycleNoSlice:cycles":
  68.072 ±(99.9%) 8.610 #/op [Average]
  (min, avg, max) = (67.619, 68.072, 68.561), stdev = 0.472
  CI (99.9%): [59.462, 76.683] (assumes normal distribution)

Secondary result "poc.ring.RingAllocBench.ownerCycleNoSlice:dTLB-load-misses":
  ≈ 10⁻⁴ #/op

Secondary result "poc.ring.RingAllocBench.ownerCycleNoSlice:dTLB-loads":
  0.002 ±(99.9%) 0.001 #/op [Average]
  (min, avg, max) = (0.002, 0.002, 0.002), stdev = 0.001
  CI (99.9%): [0.001, 0.003] (assumes normal distribution)

Secondary result "poc.ring.RingAllocBench.ownerCycleNoSlice:iTLB-load-misses":
  ≈ 10⁻⁴ #/op

Secondary result "poc.ring.RingAllocBench.ownerCycleNoSlice:iTLB-loads":
  ≈ 10⁻⁴ #/op

Secondary result "poc.ring.RingAllocBench.ownerCycleNoSlice:instructions":
  300.273 ±(99.9%) 4.048 #/op [Average]
  (min, avg, max) = (300.132, 300.273, 300.529), stdev = 0.222
  CI (99.9%): [296.225, 304.321] (assumes normal distribution)

Secondary result "poc.ring.RingAllocBench.ownerCycleNoSlice:stalled-cycles-frontend":
  0.307 ±(99.9%) 0.533 #/op [Average]
  (min, avg, max) = (0.274, 0.307, 0.331), stdev = 0.029
  CI (99.9%): [≈ 0, 0.839] (assumes normal distribution)


# JMH version: 1.37
# VM version: JDK 21, Java HotSpot(TM) 64-Bit Server VM, 21+35-LTS-2513
# VM invoker: /home/forked_franz/.sdkman/candidates/java/21-oracle/bin/java
# VM options: -Dio.netty.allocator.type=adaptive
# Blackhole mode: compiler (auto-detected, use -Djmh.blackhole.autoDetect=false to disable)
# Warmup: 3 iterations, 1 s each
# Measurement: 5 iterations, 1 s each
# Timeout: 10 min per iteration
# Threads: 1 thread, will synchronize iterations
# Benchmark mode: Average time, time/op
# Benchmark: poc.ring.RingAllocBench.ownerCycleNoSlice
# Parameters: (alloc = slab2fixed, inFlight = 32)

# Run progress: 75.00% complete, ETA 00:03:29
# Fork: 1 of 3
# Preparing profilers: LinuxPerfNormProfiler 
# Profilers consume stderr from target VM, use -v EXTRA to copy to console
# Warmup Iteration   1: 32.645 ns/op
# Warmup Iteration   2: 32.449 ns/op
# Warmup Iteration   3: 31.071 ns/op
Iteration   1: 31.081 ns/op
Iteration   2: 31.098 ns/op
Iteration   3: 31.070 ns/op
Iteration   4: 31.210 ns/op
Iteration   5: 31.094 ns/op
# Processing profiler results: LinuxPerfNormProfiler 

# Run progress: 76.19% complete, ETA 00:03:19
# Fork: 2 of 3
# Preparing profilers: LinuxPerfNormProfiler 
# Profilers consume stderr from target VM, use -v EXTRA to copy to console
# Warmup Iteration   1: 32.824 ns/op
# Warmup Iteration   2: 32.287 ns/op
# Warmup Iteration   3: 31.111 ns/op
Iteration   1: 31.123 ns/op
Iteration   2: 31.132 ns/op
Iteration   3: 31.130 ns/op
Iteration   4: 31.115 ns/op
Iteration   5: 31.272 ns/op
# Processing profiler results: LinuxPerfNormProfiler 

# Run progress: 77.38% complete, ETA 00:03:09
# Fork: 3 of 3
# Preparing profilers: LinuxPerfNormProfiler 
# Profilers consume stderr from target VM, use -v EXTRA to copy to console
# Warmup Iteration   1: 32.572 ns/op
# Warmup Iteration   2: 32.215 ns/op
# Warmup Iteration   3: 31.107 ns/op
Iteration   1: 31.109 ns/op
Iteration   2: 31.137 ns/op
Iteration   3: 31.121 ns/op
Iteration   4: 31.106 ns/op
Iteration   5: 31.120 ns/op
# Processing profiler results: LinuxPerfNormProfiler 


Result "poc.ring.RingAllocBench.ownerCycleNoSlice":
  31.128 ±(99.9%) 0.055 ns/op [Average]
  (min, avg, max) = (31.070, 31.128, 31.272), stdev = 0.051
  CI (99.9%): [31.073, 31.182] (assumes normal distribution)

Secondary result "poc.ring.RingAllocBench.ownerCycleNoSlice:CPI":
  0.235 ±(99.9%) 0.003 clks/insn [Average]
  (min, avg, max) = (0.234, 0.235, 0.235), stdev = 0.001
  CI (99.9%): [0.231, 0.238] (assumes normal distribution)

Secondary result "poc.ring.RingAllocBench.ownerCycleNoSlice:IPC":
  4.261 ±(99.9%) 0.061 insns/clk [Average]
  (min, avg, max) = (4.259, 4.261, 4.265), stdev = 0.003
  CI (99.9%): [4.200, 4.322] (assumes normal distribution)

Secondary result "poc.ring.RingAllocBench.ownerCycleNoSlice:L1-dcache-load-misses":
  0.024 ±(99.9%) 0.017 #/op [Average]
  (min, avg, max) = (0.023, 0.024, 0.025), stdev = 0.001
  CI (99.9%): [0.007, 0.042] (assumes normal distribution)

Secondary result "poc.ring.RingAllocBench.ownerCycleNoSlice:L1-dcache-loads":
  111.025 ±(99.9%) 1.185 #/op [Average]
  (min, avg, max) = (110.971, 111.025, 111.098), stdev = 0.065
  CI (99.9%): [109.840, 112.211] (assumes normal distribution)

Secondary result "poc.ring.RingAllocBench.ownerCycleNoSlice:L1-icache-load-misses":
  0.001 ±(99.9%) 0.005 #/op [Average]
  (min, avg, max) = (0.001, 0.001, 0.001), stdev = 0.001
  CI (99.9%): [≈ 0, 0.006] (assumes normal distribution)

Secondary result "poc.ring.RingAllocBench.ownerCycleNoSlice:L1-icache-loads":
  0.155 ±(99.9%) 0.064 #/op [Average]
  (min, avg, max) = (0.151, 0.155, 0.158), stdev = 0.004
  CI (99.9%): [0.091, 0.219] (assumes normal distribution)

Secondary result "poc.ring.RingAllocBench.ownerCycleNoSlice:branch-misses":
  0.009 ±(99.9%) 0.008 #/op [Average]
  (min, avg, max) = (0.009, 0.009, 0.010), stdev = 0.001
  CI (99.9%): [0.001, 0.017] (assumes normal distribution)

Secondary result "poc.ring.RingAllocBench.ownerCycleNoSlice:branches":
  56.128 ±(99.9%) 0.739 #/op [Average]
  (min, avg, max) = (56.086, 56.128, 56.167), stdev = 0.041
  CI (99.9%): [55.389, 56.867] (assumes normal distribution)

Secondary result "poc.ring.RingAllocBench.ownerCycleNoSlice:cycles":
  70.504 ±(99.9%) 0.651 #/op [Average]
  (min, avg, max) = (70.481, 70.504, 70.545), stdev = 0.036
  CI (99.9%): [69.853, 71.156] (assumes normal distribution)

Secondary result "poc.ring.RingAllocBench.ownerCycleNoSlice:dTLB-load-misses":
  ≈ 10⁻⁴ #/op

Secondary result "poc.ring.RingAllocBench.ownerCycleNoSlice:dTLB-loads":
  0.002 ±(99.9%) 0.005 #/op [Average]
  (min, avg, max) = (0.002, 0.002, 0.003), stdev = 0.001
  CI (99.9%): [≈ 0, 0.007] (assumes normal distribution)

Secondary result "poc.ring.RingAllocBench.ownerCycleNoSlice:iTLB-load-misses":
  ≈ 10⁻⁴ #/op

Secondary result "poc.ring.RingAllocBench.ownerCycleNoSlice:iTLB-loads":
  ≈ 10⁻⁴ #/op

Secondary result "poc.ring.RingAllocBench.ownerCycleNoSlice:instructions":
  300.417 ±(99.9%) 3.970 #/op [Average]
  (min, avg, max) = (300.185, 300.417, 300.616), stdev = 0.218
  CI (99.9%): [296.447, 304.387] (assumes normal distribution)

Secondary result "poc.ring.RingAllocBench.ownerCycleNoSlice:stalled-cycles-frontend":
  0.349 ±(99.9%) 0.664 #/op [Average]
  (min, avg, max) = (0.309, 0.349, 0.381), stdev = 0.036
  CI (99.9%): [≈ 0, 1.012] (assumes normal distribution)


# JMH version: 1.37
# VM version: JDK 21, Java HotSpot(TM) 64-Bit Server VM, 21+35-LTS-2513
# VM invoker: /home/forked_franz/.sdkman/candidates/java/21-oracle/bin/java
# VM options: -Dio.netty.allocator.type=adaptive
# Blackhole mode: compiler (auto-detected, use -Djmh.blackhole.autoDetect=false to disable)
# Warmup: 3 iterations, 1 s each
# Measurement: 5 iterations, 1 s each
# Timeout: 10 min per iteration
# Threads: 1 thread, will synchronize iterations
# Benchmark mode: Average time, time/op
# Benchmark: poc.ring.RingAllocBench.ownerCycleNoSlice
# Parameters: (alloc = slab2, inFlight = 1)

# Run progress: 78.57% complete, ETA 00:02:59
# Fork: 1 of 3
# Preparing profilers: LinuxPerfNormProfiler 
# Profilers consume stderr from target VM, use -v EXTRA to copy to console
# Warmup Iteration   1: 35.469 ns/op
# Warmup Iteration   2: 37.468 ns/op
# Warmup Iteration   3: 33.846 ns/op
Iteration   1: 33.806 ns/op
Iteration   2: 33.767 ns/op
Iteration   3: 33.754 ns/op
Iteration   4: 33.749 ns/op
Iteration   5: 33.754 ns/op
# Processing profiler results: LinuxPerfNormProfiler 

# Run progress: 79.76% complete, ETA 00:02:49
# Fork: 2 of 3
# Preparing profilers: LinuxPerfNormProfiler 
# Profilers consume stderr from target VM, use -v EXTRA to copy to console
# Warmup Iteration   1: 35.295 ns/op
# Warmup Iteration   2: 36.621 ns/op
# Warmup Iteration   3: 33.600 ns/op
Iteration   1: 33.588 ns/op
Iteration   2: 33.761 ns/op
Iteration   3: 33.699 ns/op
Iteration   4: 33.707 ns/op
Iteration   5: 33.720 ns/op
# Processing profiler results: LinuxPerfNormProfiler 

# Run progress: 80.95% complete, ETA 00:02:39
# Fork: 3 of 3
# Preparing profilers: LinuxPerfNormProfiler 
# Profilers consume stderr from target VM, use -v EXTRA to copy to console
# Warmup Iteration   1: 35.075 ns/op
# Warmup Iteration   2: 36.340 ns/op
# Warmup Iteration   3: 33.444 ns/op
Iteration   1: 33.699 ns/op
Iteration   2: 33.692 ns/op
Iteration   3: 33.815 ns/op
Iteration   4: 33.697 ns/op
Iteration   5: 33.694 ns/op
# Processing profiler results: LinuxPerfNormProfiler 


Result "poc.ring.RingAllocBench.ownerCycleNoSlice":
  33.727 ±(99.9%) 0.059 ns/op [Average]
  (min, avg, max) = (33.588, 33.727, 33.815), stdev = 0.055
  CI (99.9%): [33.667, 33.786] (assumes normal distribution)

Secondary result "poc.ring.RingAllocBench.ownerCycleNoSlice:CPI":
  0.207 ±(99.9%) 0.003 clks/insn [Average]
  (min, avg, max) = (0.207, 0.207, 0.208), stdev = 0.001
  CI (99.9%): [0.205, 0.210] (assumes normal distribution)

Secondary result "poc.ring.RingAllocBench.ownerCycleNoSlice:IPC":
  4.821 ±(99.9%) 0.067 insns/clk [Average]
  (min, avg, max) = (4.817, 4.821, 4.824), stdev = 0.004
  CI (99.9%): [4.755, 4.888] (assumes normal distribution)

Secondary result "poc.ring.RingAllocBench.ownerCycleNoSlice:L1-dcache-load-misses":
  0.017 ±(99.9%) 0.013 #/op [Average]
  (min, avg, max) = (0.017, 0.017, 0.018), stdev = 0.001
  CI (99.9%): [0.004, 0.030] (assumes normal distribution)

Secondary result "poc.ring.RingAllocBench.ownerCycleNoSlice:L1-dcache-loads":
  131.627 ±(99.9%) 1.506 #/op [Average]
  (min, avg, max) = (131.559, 131.627, 131.719), stdev = 0.083
  CI (99.9%): [130.121, 133.133] (assumes normal distribution)

Secondary result "poc.ring.RingAllocBench.ownerCycleNoSlice:L1-icache-load-misses":
  0.001 ±(99.9%) 0.002 #/op [Average]
  (min, avg, max) = (0.001, 0.001, 0.001), stdev = 0.001
  CI (99.9%): [≈ 0, 0.003] (assumes normal distribution)

Secondary result "poc.ring.RingAllocBench.ownerCycleNoSlice:L1-icache-loads":
  0.151 ±(99.9%) 0.024 #/op [Average]
  (min, avg, max) = (0.150, 0.151, 0.152), stdev = 0.001
  CI (99.9%): [0.127, 0.174] (assumes normal distribution)

Secondary result "poc.ring.RingAllocBench.ownerCycleNoSlice:branch-misses":
  0.010 ±(99.9%) 0.014 #/op [Average]
  (min, avg, max) = (0.010, 0.010, 0.011), stdev = 0.001
  CI (99.9%): [≈ 0, 0.024] (assumes normal distribution)

Secondary result "poc.ring.RingAllocBench.ownerCycleNoSlice:branches":
  72.098 ±(99.9%) 0.954 #/op [Average]
  (min, avg, max) = (72.039, 72.098, 72.138), stdev = 0.052
  CI (99.9%): [71.145, 73.052] (assumes normal distribution)

Secondary result "poc.ring.RingAllocBench.ownerCycleNoSlice:cycles":
  76.405 ±(99.9%) 1.515 #/op [Average]
  (min, avg, max) = (76.346, 76.405, 76.500), stdev = 0.083
  CI (99.9%): [74.891, 77.920] (assumes normal distribution)

Secondary result "poc.ring.RingAllocBench.ownerCycleNoSlice:dTLB-load-misses":
  ≈ 10⁻⁴ #/op

Secondary result "poc.ring.RingAllocBench.ownerCycleNoSlice:dTLB-loads":
  0.002 ±(99.9%) 0.002 #/op [Average]
  (min, avg, max) = (0.002, 0.002, 0.003), stdev = 0.001
  CI (99.9%): [0.001, 0.004] (assumes normal distribution)

Secondary result "poc.ring.RingAllocBench.ownerCycleNoSlice:iTLB-load-misses":
  ≈ 10⁻⁴ #/op

Secondary result "poc.ring.RingAllocBench.ownerCycleNoSlice:iTLB-loads":
  ≈ 10⁻⁴ #/op

Secondary result "poc.ring.RingAllocBench.ownerCycleNoSlice:instructions":
  368.355 ±(99.9%) 2.217 #/op [Average]
  (min, avg, max) = (368.270, 368.355, 368.495), stdev = 0.122
  CI (99.9%): [366.139, 370.572] (assumes normal distribution)

Secondary result "poc.ring.RingAllocBench.ownerCycleNoSlice:stalled-cycles-frontend":
  0.394 ±(99.9%) 0.588 #/op [Average]
  (min, avg, max) = (0.357, 0.394, 0.417), stdev = 0.032
  CI (99.9%): [≈ 0, 0.982] (assumes normal distribution)


# JMH version: 1.37
# VM version: JDK 21, Java HotSpot(TM) 64-Bit Server VM, 21+35-LTS-2513
# VM invoker: /home/forked_franz/.sdkman/candidates/java/21-oracle/bin/java
# VM options: -Dio.netty.allocator.type=adaptive
# Blackhole mode: compiler (auto-detected, use -Djmh.blackhole.autoDetect=false to disable)
# Warmup: 3 iterations, 1 s each
# Measurement: 5 iterations, 1 s each
# Timeout: 10 min per iteration
# Threads: 1 thread, will synchronize iterations
# Benchmark mode: Average time, time/op
# Benchmark: poc.ring.RingAllocBench.ownerCycleNoSlice
# Parameters: (alloc = slab2, inFlight = 32)

# Run progress: 82.14% complete, ETA 00:02:29
# Fork: 1 of 3
# Preparing profilers: LinuxPerfNormProfiler 
# Profilers consume stderr from target VM, use -v EXTRA to copy to console
# Warmup Iteration   1: 38.648 ns/op
# Warmup Iteration   2: 37.945 ns/op
# Warmup Iteration   3: 35.758 ns/op
Iteration   1: 35.747 ns/op
Iteration   2: 35.653 ns/op
Iteration   3: 35.673 ns/op
Iteration   4: 35.671 ns/op
Iteration   5: 35.665 ns/op
# Processing profiler results: LinuxPerfNormProfiler 

# Run progress: 83.33% complete, ETA 00:02:19
# Fork: 2 of 3
# Preparing profilers: LinuxPerfNormProfiler 
# Profilers consume stderr from target VM, use -v EXTRA to copy to console
# Warmup Iteration   1: 39.387 ns/op
# Warmup Iteration   2: 38.465 ns/op
# Warmup Iteration   3: 36.703 ns/op
Iteration   1: 36.697 ns/op
Iteration   2: 36.706 ns/op
Iteration   3: 36.674 ns/op
Iteration   4: 36.693 ns/op
Iteration   5: 36.527 ns/op
# Processing profiler results: LinuxPerfNormProfiler 

# Run progress: 84.52% complete, ETA 00:02:09
# Fork: 3 of 3
# Preparing profilers: LinuxPerfNormProfiler 
# Profilers consume stderr from target VM, use -v EXTRA to copy to console
# Warmup Iteration   1: 38.137 ns/op
# Warmup Iteration   2: 37.529 ns/op
# Warmup Iteration   3: 35.099 ns/op
Iteration   1: 35.109 ns/op
Iteration   2: 35.153 ns/op
Iteration   3: 35.088 ns/op
Iteration   4: 35.141 ns/op
Iteration   5: 35.098 ns/op
# Processing profiler results: LinuxPerfNormProfiler 


Result "poc.ring.RingAllocBench.ownerCycleNoSlice":
  35.819 ±(99.9%) 0.707 ns/op [Average]
  (min, avg, max) = (35.088, 35.819, 36.706), stdev = 0.661
  CI (99.9%): [35.113, 36.526] (assumes normal distribution)

Secondary result "poc.ring.RingAllocBench.ownerCycleNoSlice:CPI":
  0.221 ±(99.9%) 0.090 clks/insn [Average]
  (min, avg, max) = (0.217, 0.221, 0.227), stdev = 0.005
  CI (99.9%): [0.132, 0.311] (assumes normal distribution)

Secondary result "poc.ring.RingAllocBench.ownerCycleNoSlice:IPC":
  4.518 ±(99.9%) 1.820 insns/clk [Average]
  (min, avg, max) = (4.411, 4.518, 4.609), stdev = 0.100
  CI (99.9%): [2.698, 6.338] (assumes normal distribution)

Secondary result "poc.ring.RingAllocBench.ownerCycleNoSlice:L1-dcache-load-misses":
  0.112 ±(99.9%) 2.639 #/op [Average]
  (min, avg, max) = (0.027, 0.112, 0.279), stdev = 0.145
  CI (99.9%): [≈ 0, 2.751] (assumes normal distribution)

Secondary result "poc.ring.RingAllocBench.ownerCycleNoSlice:L1-dcache-loads":
  136.129 ±(99.9%) 8.780 #/op [Average]
  (min, avg, max) = (135.578, 136.129, 136.468), stdev = 0.481
  CI (99.9%): [127.349, 144.909] (assumes normal distribution)

Secondary result "poc.ring.RingAllocBench.ownerCycleNoSlice:L1-icache-load-misses":
  0.001 ±(99.9%) 0.001 #/op [Average]
  (min, avg, max) = (0.001, 0.001, 0.001), stdev = 0.001
  CI (99.9%): [≈ 0, 0.002] (assumes normal distribution)

Secondary result "poc.ring.RingAllocBench.ownerCycleNoSlice:L1-icache-loads":
  0.227 ±(99.9%) 0.800 #/op [Average]
  (min, avg, max) = (0.180, 0.227, 0.268), stdev = 0.044
  CI (99.9%): [≈ 0, 1.027] (assumes normal distribution)

Secondary result "poc.ring.RingAllocBench.ownerCycleNoSlice:branch-misses":
  0.012 ±(99.9%) 0.029 #/op [Average]
  (min, avg, max) = (0.011, 0.012, 0.014), stdev = 0.002
  CI (99.9%): [≈ 0, 0.041] (assumes normal distribution)

Secondary result "poc.ring.RingAllocBench.ownerCycleNoSlice:branches":
  72.135 ±(99.9%) 1.089 #/op [Average]
  (min, avg, max) = (72.091, 72.135, 72.203), stdev = 0.060
  CI (99.9%): [71.046, 73.223] (assumes normal distribution)

Secondary result "poc.ring.RingAllocBench.ownerCycleNoSlice:cycles":
  81.153 ±(99.9%) 32.093 #/op [Average]
  (min, avg, max) = (79.586, 81.153, 83.056), stdev = 1.759
  CI (99.9%): [49.060, 113.247] (assumes normal distribution)

Secondary result "poc.ring.RingAllocBench.ownerCycleNoSlice:dTLB-load-misses":
  ≈ 10⁻⁴ #/op

Secondary result "poc.ring.RingAllocBench.ownerCycleNoSlice:dTLB-loads":
  0.003 ±(99.9%) 0.010 #/op [Average]
  (min, avg, max) = (0.003, 0.003, 0.004), stdev = 0.001
  CI (99.9%): [≈ 0, 0.013] (assumes normal distribution)

Secondary result "poc.ring.RingAllocBench.ownerCycleNoSlice:iTLB-load-misses":
  ≈ 10⁻⁴ #/op

Secondary result "poc.ring.RingAllocBench.ownerCycleNoSlice:iTLB-loads":
  ≈ 10⁻⁴ #/op

Secondary result "poc.ring.RingAllocBench.ownerCycleNoSlice:instructions":
  366.538 ±(99.9%) 4.391 #/op [Average]
  (min, avg, max) = (366.392, 366.538, 366.816), stdev = 0.241
  CI (99.9%): [362.147, 370.929] (assumes normal distribution)

Secondary result "poc.ring.RingAllocBench.ownerCycleNoSlice:stalled-cycles-frontend":
  0.640 ±(99.9%) 4.330 #/op [Average]
  (min, avg, max) = (0.385, 0.640, 0.854), stdev = 0.237
  CI (99.9%): [≈ 0, 4.970] (assumes normal distribution)


# JMH version: 1.37
# VM version: JDK 21, Java HotSpot(TM) 64-Bit Server VM, 21+35-LTS-2513
# VM invoker: /home/forked_franz/.sdkman/candidates/java/21-oracle/bin/java
# VM options: -Dio.netty.allocator.type=adaptive
# Blackhole mode: compiler (auto-detected, use -Djmh.blackhole.autoDetect=false to disable)
# Warmup: 3 iterations, 1 s each
# Measurement: 5 iterations, 1 s each
# Timeout: 10 min per iteration
# Threads: 1 thread, will synchronize iterations
# Benchmark mode: Average time, time/op
# Benchmark: poc.ring.RingAllocBench.ownerCycleNoSlice
# Parameters: (alloc = slab3fixed, inFlight = 1)

# Run progress: 85.71% complete, ETA 00:01:59
# Fork: 1 of 3
# Preparing profilers: LinuxPerfNormProfiler 
# Profilers consume stderr from target VM, use -v EXTRA to copy to console
# Warmup Iteration   1: 22.498 ns/op
# Warmup Iteration   2: 21.949 ns/op
# Warmup Iteration   3: 21.355 ns/op
Iteration   1: 21.351 ns/op
Iteration   2: 21.345 ns/op
Iteration   3: 21.345 ns/op
Iteration   4: 21.350 ns/op
Iteration   5: 21.343 ns/op
# Processing profiler results: LinuxPerfNormProfiler 

# Run progress: 86.90% complete, ETA 00:01:49
# Fork: 2 of 3
# Preparing profilers: LinuxPerfNormProfiler 
# Profilers consume stderr from target VM, use -v EXTRA to copy to console
# Warmup Iteration   1: 22.389 ns/op
# Warmup Iteration   2: 22.088 ns/op
# Warmup Iteration   3: 21.269 ns/op
Iteration   1: 21.280 ns/op
Iteration   2: 21.265 ns/op
Iteration   3: 21.263 ns/op
Iteration   4: 21.270 ns/op
Iteration   5: 21.269 ns/op
# Processing profiler results: LinuxPerfNormProfiler 

# Run progress: 88.10% complete, ETA 00:01:39
# Fork: 3 of 3
# Preparing profilers: LinuxPerfNormProfiler 
# Profilers consume stderr from target VM, use -v EXTRA to copy to console
# Warmup Iteration   1: 22.629 ns/op
# Warmup Iteration   2: 21.957 ns/op
# Warmup Iteration   3: 21.318 ns/op
Iteration   1: 21.251 ns/op
Iteration   2: 21.259 ns/op
Iteration   3: 21.263 ns/op
Iteration   4: 21.258 ns/op
Iteration   5: 21.257 ns/op
# Processing profiler results: LinuxPerfNormProfiler 


Result "poc.ring.RingAllocBench.ownerCycleNoSlice":
  21.291 ±(99.9%) 0.044 ns/op [Average]
  (min, avg, max) = (21.251, 21.291, 21.351), stdev = 0.041
  CI (99.9%): [21.247, 21.335] (assumes normal distribution)

Secondary result "poc.ring.RingAllocBench.ownerCycleNoSlice:CPI":
  0.205 ±(99.9%) 0.008 clks/insn [Average]
  (min, avg, max) = (0.205, 0.205, 0.206), stdev = 0.001
  CI (99.9%): [0.197, 0.213] (assumes normal distribution)

Secondary result "poc.ring.RingAllocBench.ownerCycleNoSlice:IPC":
  4.878 ±(99.9%) 0.198 insns/clk [Average]
  (min, avg, max) = (4.866, 4.878, 4.885), stdev = 0.011
  CI (99.9%): [4.680, 5.076] (assumes normal distribution)

Secondary result "poc.ring.RingAllocBench.ownerCycleNoSlice:L1-dcache-load-misses":
  0.011 ±(99.9%) 0.015 #/op [Average]
  (min, avg, max) = (0.010, 0.011, 0.012), stdev = 0.001
  CI (99.9%): [≈ 0, 0.025] (assumes normal distribution)

Secondary result "poc.ring.RingAllocBench.ownerCycleNoSlice:L1-dcache-loads":
  88.382 ±(99.9%) 11.794 #/op [Average]
  (min, avg, max) = (87.960, 88.382, 89.127), stdev = 0.646
  CI (99.9%): [76.588, 100.176] (assumes normal distribution)

Secondary result "poc.ring.RingAllocBench.ownerCycleNoSlice:L1-icache-load-misses":
  ≈ 10⁻³ #/op

Secondary result "poc.ring.RingAllocBench.ownerCycleNoSlice:L1-icache-loads":
  0.099 ±(99.9%) 0.069 #/op [Average]
  (min, avg, max) = (0.095, 0.099, 0.103), stdev = 0.004
  CI (99.9%): [0.030, 0.168] (assumes normal distribution)

Secondary result "poc.ring.RingAllocBench.ownerCycleNoSlice:branch-misses":
  0.006 ±(99.9%) 0.003 #/op [Average]
  (min, avg, max) = (0.005, 0.006, 0.006), stdev = 0.001
  CI (99.9%): [0.002, 0.009] (assumes normal distribution)

Secondary result "poc.ring.RingAllocBench.ownerCycleNoSlice:branches":
  42.080 ±(99.9%) 0.221 #/op [Average]
  (min, avg, max) = (42.066, 42.080, 42.089), stdev = 0.012
  CI (99.9%): [41.859, 42.301] (assumes normal distribution)

Secondary result "poc.ring.RingAllocBench.ownerCycleNoSlice:cycles":
  48.230 ±(99.9%) 1.938 #/op [Average]
  (min, avg, max) = (48.146, 48.230, 48.350), stdev = 0.106
  CI (99.9%): [46.292, 50.169] (assumes normal distribution)

Secondary result "poc.ring.RingAllocBench.ownerCycleNoSlice:dTLB-load-misses":
  ≈ 10⁻⁴ #/op

Secondary result "poc.ring.RingAllocBench.ownerCycleNoSlice:dTLB-loads":
  0.002 ±(99.9%) 0.002 #/op [Average]
  (min, avg, max) = (0.002, 0.002, 0.002), stdev = 0.001
  CI (99.9%): [≈ 0, 0.004] (assumes normal distribution)

Secondary result "poc.ring.RingAllocBench.ownerCycleNoSlice:iTLB-load-misses":
  ≈ 10⁻⁴ #/op

Secondary result "poc.ring.RingAllocBench.ownerCycleNoSlice:iTLB-loads":
  ≈ 10⁻⁴ #/op

Secondary result "poc.ring.RingAllocBench.ownerCycleNoSlice:instructions":
  235.269 ±(99.9%) 1.408 #/op [Average]
  (min, avg, max) = (235.204, 235.269, 235.354), stdev = 0.077
  CI (99.9%): [233.861, 236.677] (assumes normal distribution)

Secondary result "poc.ring.RingAllocBench.ownerCycleNoSlice:stalled-cycles-frontend":
  0.232 ±(99.9%) 0.222 #/op [Average]
  (min, avg, max) = (0.222, 0.232, 0.246), stdev = 0.012
  CI (99.9%): [0.010, 0.454] (assumes normal distribution)


# JMH version: 1.37
# VM version: JDK 21, Java HotSpot(TM) 64-Bit Server VM, 21+35-LTS-2513
# VM invoker: /home/forked_franz/.sdkman/candidates/java/21-oracle/bin/java
# VM options: -Dio.netty.allocator.type=adaptive
# Blackhole mode: compiler (auto-detected, use -Djmh.blackhole.autoDetect=false to disable)
# Warmup: 3 iterations, 1 s each
# Measurement: 5 iterations, 1 s each
# Timeout: 10 min per iteration
# Threads: 1 thread, will synchronize iterations
# Benchmark mode: Average time, time/op
# Benchmark: poc.ring.RingAllocBench.ownerCycleNoSlice
# Parameters: (alloc = slab3fixed, inFlight = 32)

# Run progress: 89.29% complete, ETA 00:01:29
# Fork: 1 of 3
# Preparing profilers: LinuxPerfNormProfiler 
# Profilers consume stderr from target VM, use -v EXTRA to copy to console
# Warmup Iteration   1: 23.638 ns/op
# Warmup Iteration   2: 22.976 ns/op
# Warmup Iteration   3: 22.046 ns/op
Iteration   1: 21.987 ns/op
Iteration   2: 21.981 ns/op
Iteration   3: 21.984 ns/op
Iteration   4: 21.983 ns/op
Iteration   5: 21.985 ns/op
# Processing profiler results: LinuxPerfNormProfiler 

# Run progress: 90.48% complete, ETA 00:01:19
# Fork: 2 of 3
# Preparing profilers: LinuxPerfNormProfiler 
# Profilers consume stderr from target VM, use -v EXTRA to copy to console
# Warmup Iteration   1: 23.603 ns/op
# Warmup Iteration   2: 23.093 ns/op
# Warmup Iteration   3: 22.085 ns/op
Iteration   1: 22.098 ns/op
Iteration   2: 22.044 ns/op
Iteration   3: 22.038 ns/op
Iteration   4: 22.077 ns/op
Iteration   5: 22.034 ns/op
# Processing profiler results: LinuxPerfNormProfiler 

# Run progress: 91.67% complete, ETA 00:01:09
# Fork: 3 of 3
# Preparing profilers: LinuxPerfNormProfiler 
# Profilers consume stderr from target VM, use -v EXTRA to copy to console
# Warmup Iteration   1: 30.925 ns/op
# Warmup Iteration   2: 24.319 ns/op
# Warmup Iteration   3: 24.927 ns/op
Iteration   1: 24.941 ns/op
Iteration   2: 24.912 ns/op
Iteration   3: 24.906 ns/op
Iteration   4: 24.973 ns/op
Iteration   5: 25.010 ns/op
# Processing profiler results: LinuxPerfNormProfiler 


Result "poc.ring.RingAllocBench.ownerCycleNoSlice":
  22.997 ±(99.9%) 1.528 ns/op [Average]
  (min, avg, max) = (21.981, 22.997, 25.010), stdev = 1.429
  CI (99.9%): [21.469, 24.525] (assumes normal distribution)

Secondary result "poc.ring.RingAllocBench.ownerCycleNoSlice:CPI":
  0.224 ±(99.9%) 0.297 clks/insn [Average]
  (min, avg, max) = (0.214, 0.224, 0.243), stdev = 0.016
  CI (99.9%): [≈ 0, 0.521] (assumes normal distribution)

Secondary result "poc.ring.RingAllocBench.ownerCycleNoSlice:IPC":
  4.475 ±(99.9%) 5.693 insns/clk [Average]
  (min, avg, max) = (4.115, 4.475, 4.662), stdev = 0.312
  CI (99.9%): [≈ 0, 10.168] (assumes normal distribution)

Secondary result "poc.ring.RingAllocBench.ownerCycleNoSlice:L1-dcache-load-misses":
  0.018 ±(99.9%) 0.049 #/op [Average]
  (min, avg, max) = (0.016, 0.018, 0.021), stdev = 0.003
  CI (99.9%): [≈ 0, 0.067] (assumes normal distribution)

Secondary result "poc.ring.RingAllocBench.ownerCycleNoSlice:L1-dcache-loads":
  91.398 ±(99.9%) 14.504 #/op [Average]
  (min, avg, max) = (90.937, 91.398, 92.316), stdev = 0.795
  CI (99.9%): [76.894, 105.902] (assumes normal distribution)

Secondary result "poc.ring.RingAllocBench.ownerCycleNoSlice:L1-icache-load-misses":
  ≈ 10⁻³ #/op

Secondary result "poc.ring.RingAllocBench.ownerCycleNoSlice:L1-icache-loads":
  0.149 ±(99.9%) 1.476 #/op [Average]
  (min, avg, max) = (0.101, 0.149, 0.242), stdev = 0.081
  CI (99.9%): [≈ 0, 1.625] (assumes normal distribution)

Secondary result "poc.ring.RingAllocBench.ownerCycleNoSlice:branch-misses":
  0.007 ±(99.9%) 0.012 #/op [Average]
  (min, avg, max) = (0.006, 0.007, 0.007), stdev = 0.001
  CI (99.9%): [≈ 0, 0.019] (assumes normal distribution)

Secondary result "poc.ring.RingAllocBench.ownerCycleNoSlice:branches":
  42.101 ±(99.9%) 0.424 #/op [Average]
  (min, avg, max) = (42.079, 42.101, 42.125), stdev = 0.023
  CI (99.9%): [41.677, 42.525] (assumes normal distribution)

Secondary result "poc.ring.RingAllocBench.ownerCycleNoSlice:cycles":
  52.096 ±(99.9%) 69.865 #/op [Average]
  (min, avg, max) = (49.802, 52.096, 56.517), stdev = 3.830
  CI (99.9%): [≈ 0, 121.961] (assumes normal distribution)

Secondary result "poc.ring.RingAllocBench.ownerCycleNoSlice:dTLB-load-misses":
  ≈ 10⁻⁴ #/op

Secondary result "poc.ring.RingAllocBench.ownerCycleNoSlice:dTLB-loads":
  0.002 ±(99.9%) 0.004 #/op [Average]
  (min, avg, max) = (0.002, 0.002, 0.002), stdev = 0.001
  CI (99.9%): [≈ 0, 0.006] (assumes normal distribution)

Secondary result "poc.ring.RingAllocBench.ownerCycleNoSlice:iTLB-load-misses":
  ≈ 10⁻⁴ #/op

Secondary result "poc.ring.RingAllocBench.ownerCycleNoSlice:iTLB-loads":
  ≈ 10⁻⁴ #/op

Secondary result "poc.ring.RingAllocBench.ownerCycleNoSlice:instructions":
  232.346 ±(99.9%) 3.581 #/op [Average]
  (min, avg, max) = (232.201, 232.346, 232.569), stdev = 0.196
  CI (99.9%): [228.765, 235.927] (assumes normal distribution)

Secondary result "poc.ring.RingAllocBench.ownerCycleNoSlice:stalled-cycles-frontend":
  0.469 ±(99.9%) 6.813 #/op [Average]
  (min, avg, max) = (0.246, 0.469, 0.900), stdev = 0.373
  CI (99.9%): [≈ 0, 7.282] (assumes normal distribution)


# JMH version: 1.37
# VM version: JDK 21, Java HotSpot(TM) 64-Bit Server VM, 21+35-LTS-2513
# VM invoker: /home/forked_franz/.sdkman/candidates/java/21-oracle/bin/java
# VM options: -Dio.netty.allocator.type=adaptive
# Blackhole mode: compiler (auto-detected, use -Djmh.blackhole.autoDetect=false to disable)
# Warmup: 3 iterations, 1 s each
# Measurement: 5 iterations, 1 s each
# Timeout: 10 min per iteration
# Threads: 1 thread, will synchronize iterations
# Benchmark mode: Average time, time/op
# Benchmark: poc.ring.RingAllocBench.ownerCycleNoSlice
# Parameters: (alloc = slab3, inFlight = 1)

# Run progress: 92.86% complete, ETA 00:00:59
# Fork: 1 of 3
# Preparing profilers: LinuxPerfNormProfiler 
# Profilers consume stderr from target VM, use -v EXTRA to copy to console
# Warmup Iteration   1: 28.359 ns/op
# Warmup Iteration   2: 27.874 ns/op
# Warmup Iteration   3: 26.045 ns/op
Iteration   1: 26.109 ns/op
Iteration   2: 26.068 ns/op
Iteration   3: 26.048 ns/op
Iteration   4: 26.058 ns/op
Iteration   5: 26.048 ns/op
# Processing profiler results: LinuxPerfNormProfiler 

# Run progress: 94.05% complete, ETA 00:00:49
# Fork: 2 of 3
# Preparing profilers: LinuxPerfNormProfiler 
# Profilers consume stderr from target VM, use -v EXTRA to copy to console
# Warmup Iteration   1: 28.285 ns/op
# Warmup Iteration   2: 27.849 ns/op
# Warmup Iteration   3: 26.038 ns/op
Iteration   1: 26.046 ns/op
Iteration   2: 26.075 ns/op
Iteration   3: 26.105 ns/op
Iteration   4: 26.103 ns/op
Iteration   5: 26.065 ns/op
# Processing profiler results: LinuxPerfNormProfiler 

# Run progress: 95.24% complete, ETA 00:00:39
# Fork: 3 of 3
# Preparing profilers: LinuxPerfNormProfiler 
# Profilers consume stderr from target VM, use -v EXTRA to copy to console
# Warmup Iteration   1: 28.700 ns/op
# Warmup Iteration   2: 27.852 ns/op
# Warmup Iteration   3: 26.035 ns/op
Iteration   1: 26.042 ns/op
Iteration   2: 26.046 ns/op
Iteration   3: 26.047 ns/op
Iteration   4: 26.032 ns/op
Iteration   5: 26.039 ns/op
# Processing profiler results: LinuxPerfNormProfiler 


Result "poc.ring.RingAllocBench.ownerCycleNoSlice":
  26.062 ±(99.9%) 0.027 ns/op [Average]
  (min, avg, max) = (26.032, 26.062, 26.109), stdev = 0.025
  CI (99.9%): [26.035, 26.089] (assumes normal distribution)

Secondary result "poc.ring.RingAllocBench.ownerCycleNoSlice:CPI":
  0.201 ±(99.9%) 0.004 clks/insn [Average]
  (min, avg, max) = (0.200, 0.201, 0.201), stdev = 0.001
  CI (99.9%): [0.196, 0.205] (assumes normal distribution)

Secondary result "poc.ring.RingAllocBench.ownerCycleNoSlice:IPC":
  4.984 ±(99.9%) 0.105 insns/clk [Average]
  (min, avg, max) = (4.977, 4.984, 4.988), stdev = 0.006
  CI (99.9%): [4.879, 5.088] (assumes normal distribution)

Secondary result "poc.ring.RingAllocBench.ownerCycleNoSlice:L1-dcache-load-misses":
  0.013 ±(99.9%) 0.010 #/op [Average]
  (min, avg, max) = (0.012, 0.013, 0.013), stdev = 0.001
  CI (99.9%): [0.003, 0.023] (assumes normal distribution)

Secondary result "poc.ring.RingAllocBench.ownerCycleNoSlice:L1-dcache-loads":
  111.138 ±(99.9%) 1.066 #/op [Average]
  (min, avg, max) = (111.080, 111.138, 111.197), stdev = 0.058
  CI (99.9%): [110.072, 112.203] (assumes normal distribution)

Secondary result "poc.ring.RingAllocBench.ownerCycleNoSlice:L1-icache-load-misses":
  ≈ 10⁻³ #/op

Secondary result "poc.ring.RingAllocBench.ownerCycleNoSlice:L1-icache-loads":
  0.119 ±(99.9%) 0.098 #/op [Average]
  (min, avg, max) = (0.115, 0.119, 0.125), stdev = 0.005
  CI (99.9%): [0.022, 0.217] (assumes normal distribution)

Secondary result "poc.ring.RingAllocBench.ownerCycleNoSlice:branch-misses":
  0.008 ±(99.9%) 0.012 #/op [Average]
  (min, avg, max) = (0.008, 0.008, 0.009), stdev = 0.001
  CI (99.9%): [≈ 0, 0.021] (assumes normal distribution)

Secondary result "poc.ring.RingAllocBench.ownerCycleNoSlice:branches":
  58.069 ±(99.9%) 0.919 #/op [Average]
  (min, avg, max) = (58.038, 58.069, 58.127), stdev = 0.050
  CI (99.9%): [57.151, 58.988] (assumes normal distribution)

Secondary result "poc.ring.RingAllocBench.ownerCycleNoSlice:cycles":
  59.032 ±(99.9%) 0.579 #/op [Average]
  (min, avg, max) = (58.996, 59.032, 59.054), stdev = 0.032
  CI (99.9%): [58.453, 59.611] (assumes normal distribution)

Secondary result "poc.ring.RingAllocBench.ownerCycleNoSlice:dTLB-load-misses":
  ≈ 10⁻⁴ #/op

Secondary result "poc.ring.RingAllocBench.ownerCycleNoSlice:dTLB-loads":
  0.002 ±(99.9%) 0.007 #/op [Average]
  (min, avg, max) = (0.002, 0.002, 0.002), stdev = 0.001
  CI (99.9%): [≈ 0, 0.009] (assumes normal distribution)

Secondary result "poc.ring.RingAllocBench.ownerCycleNoSlice:iTLB-load-misses":
  ≈ 10⁻⁴ #/op

Secondary result "poc.ring.RingAllocBench.ownerCycleNoSlice:iTLB-loads":
  ≈ 10⁻⁴ #/op

Secondary result "poc.ring.RingAllocBench.ownerCycleNoSlice:instructions":
  294.190 ±(99.9%) 4.588 #/op [Average]
  (min, avg, max) = (293.914, 294.190, 294.407), stdev = 0.251
  CI (99.9%): [289.602, 298.778] (assumes normal distribution)

Secondary result "poc.ring.RingAllocBench.ownerCycleNoSlice:stalled-cycles-frontend":
  0.288 ±(99.9%) 0.221 #/op [Average]
  (min, avg, max) = (0.274, 0.288, 0.296), stdev = 0.012
  CI (99.9%): [0.067, 0.509] (assumes normal distribution)


# JMH version: 1.37
# VM version: JDK 21, Java HotSpot(TM) 64-Bit Server VM, 21+35-LTS-2513
# VM invoker: /home/forked_franz/.sdkman/candidates/java/21-oracle/bin/java
# VM options: -Dio.netty.allocator.type=adaptive
# Blackhole mode: compiler (auto-detected, use -Djmh.blackhole.autoDetect=false to disable)
# Warmup: 3 iterations, 1 s each
# Measurement: 5 iterations, 1 s each
# Timeout: 10 min per iteration
# Threads: 1 thread, will synchronize iterations
# Benchmark mode: Average time, time/op
# Benchmark: poc.ring.RingAllocBench.ownerCycleNoSlice
# Parameters: (alloc = slab3, inFlight = 32)

# Run progress: 96.43% complete, ETA 00:00:29
# Fork: 1 of 3
# Preparing profilers: LinuxPerfNormProfiler 
# Profilers consume stderr from target VM, use -v EXTRA to copy to console
# Warmup Iteration   1: 28.361 ns/op
# Warmup Iteration   2: 27.865 ns/op
# Warmup Iteration   3: 25.871 ns/op
Iteration   1: 25.862 ns/op
Iteration   2: 25.888 ns/op
Iteration   3: 25.909 ns/op
Iteration   4: 25.902 ns/op
Iteration   5: 25.875 ns/op
# Processing profiler results: LinuxPerfNormProfiler 

# Run progress: 97.62% complete, ETA 00:00:19
# Fork: 2 of 3
# Preparing profilers: LinuxPerfNormProfiler 
# Profilers consume stderr from target VM, use -v EXTRA to copy to console
# Warmup Iteration   1: 29.045 ns/op
# Warmup Iteration   2: 28.440 ns/op
# Warmup Iteration   3: 26.582 ns/op
Iteration   1: 26.588 ns/op
Iteration   2: 26.509 ns/op
Iteration   3: 26.497 ns/op
Iteration   4: 26.524 ns/op
Iteration   5: 26.536 ns/op
# Processing profiler results: LinuxPerfNormProfiler 

# Run progress: 98.81% complete, ETA 00:00:09
# Fork: 3 of 3
# Preparing profilers: LinuxPerfNormProfiler 
# Profilers consume stderr from target VM, use -v EXTRA to copy to console
# Warmup Iteration   1: 28.657 ns/op
# Warmup Iteration   2: 28.079 ns/op
# Warmup Iteration   3: 26.169 ns/op
Iteration   1: 26.107 ns/op
Iteration   2: 26.115 ns/op
Iteration   3: 26.102 ns/op
Iteration   4: 26.116 ns/op
Iteration   5: 26.042 ns/op
# Processing profiler results: LinuxPerfNormProfiler 


Result "poc.ring.RingAllocBench.ownerCycleNoSlice":
  26.171 ±(99.9%) 0.298 ns/op [Average]
  (min, avg, max) = (25.862, 26.171, 26.588), stdev = 0.279
  CI (99.9%): [25.873, 26.470] (assumes normal distribution)

Secondary result "poc.ring.RingAllocBench.ownerCycleNoSlice:CPI":
  0.202 ±(99.9%) 0.034 clks/insn [Average]
  (min, avg, max) = (0.200, 0.202, 0.204), stdev = 0.002
  CI (99.9%): [0.168, 0.236] (assumes normal distribution)

Secondary result "poc.ring.RingAllocBench.ownerCycleNoSlice:IPC":
  4.960 ±(99.9%) 0.833 insns/clk [Average]
  (min, avg, max) = (4.913, 4.960, 5.004), stdev = 0.046
  CI (99.9%): [4.126, 5.793] (assumes normal distribution)

Secondary result "poc.ring.RingAllocBench.ownerCycleNoSlice:L1-dcache-load-misses":
  0.021 ±(99.9%) 0.021 #/op [Average]
  (min, avg, max) = (0.020, 0.021, 0.022), stdev = 0.001
  CI (99.9%): [≈ 10⁻⁴, 0.042] (assumes normal distribution)

Secondary result "poc.ring.RingAllocBench.ownerCycleNoSlice:L1-dcache-loads":
  114.637 ±(99.9%) 7.092 #/op [Average]
  (min, avg, max) = (114.189, 114.637, 114.887), stdev = 0.389
  CI (99.9%): [107.545, 121.730] (assumes normal distribution)

Secondary result "poc.ring.RingAllocBench.ownerCycleNoSlice:L1-icache-load-misses":
  0.001 ±(99.9%) 0.002 #/op [Average]
  (min, avg, max) = (≈ 10⁻³, 0.001, 0.001), stdev = 0.001
  CI (99.9%): [≈ 0, 0.002] (assumes normal distribution)

Secondary result "poc.ring.RingAllocBench.ownerCycleNoSlice:L1-icache-loads":
  0.124 ±(99.9%) 0.047 #/op [Average]
  (min, avg, max) = (0.122, 0.124, 0.127), stdev = 0.003
  CI (99.9%): [0.077, 0.171] (assumes normal distribution)

Secondary result "poc.ring.RingAllocBench.ownerCycleNoSlice:branch-misses":
  0.009 ±(99.9%) 0.014 #/op [Average]
  (min, avg, max) = (0.008, 0.009, 0.009), stdev = 0.001
  CI (99.9%): [≈ 0, 0.023] (assumes normal distribution)

Secondary result "poc.ring.RingAllocBench.ownerCycleNoSlice:branches":
  58.428 ±(99.9%) 10.173 #/op [Average]
  (min, avg, max) = (58.093, 58.428, 59.071), stdev = 0.558
  CI (99.9%): [48.254, 68.601] (assumes normal distribution)

Secondary result "poc.ring.RingAllocBench.ownerCycleNoSlice:cycles":
  59.270 ±(99.9%) 13.652 #/op [Average]
  (min, avg, max) = (58.620, 59.270, 60.088), stdev = 0.748
  CI (99.9%): [45.619, 72.922] (assumes normal distribution)

Secondary result "poc.ring.RingAllocBench.ownerCycleNoSlice:dTLB-load-misses":
  ≈ 10⁻⁴ #/op

Secondary result "poc.ring.RingAllocBench.ownerCycleNoSlice:dTLB-loads":
  0.002 ±(99.9%) 0.005 #/op [Average]
  (min, avg, max) = (0.002, 0.002, 0.002), stdev = 0.001
  CI (99.9%): [≈ 0, 0.007] (assumes normal distribution)

Secondary result "poc.ring.RingAllocBench.ownerCycleNoSlice:iTLB-load-misses":
  ≈ 10⁻⁴ #/op

Secondary result "poc.ring.RingAllocBench.ownerCycleNoSlice:iTLB-loads":
  ≈ 10⁻⁴ #/op

Secondary result "poc.ring.RingAllocBench.ownerCycleNoSlice:instructions":
  293.929 ±(99.9%) 20.102 #/op [Average]
  (min, avg, max) = (293.252, 293.929, 295.201), stdev = 1.102
  CI (99.9%): [273.827, 314.031] (assumes normal distribution)

Secondary result "poc.ring.RingAllocBench.ownerCycleNoSlice:stalled-cycles-frontend":
  0.299 ±(99.9%) 0.524 #/op [Average]
  (min, avg, max) = (0.273, 0.299, 0.330), stdev = 0.029
  CI (99.9%): [≈ 0, 0.823] (assumes normal distribution)


# Run complete. Total time: 00:13:55

REMEMBER: The numbers below are just data. To gain reusable insights, you need to follow up on
why the numbers are the way they are. Use profilers (see -prof, -lprof), design factorial
experiments, perform baseline and negative tests that provide experimental control, make sure
the benchmarking environment is safe on JVM/OS/HW level, ask for reviews from the domain experts.
Do not assume the numbers tell you what you want them to tell.

NOTE: Current JVM experimentally supports Compiler Blackholes, and they are in use. Please exercise
extra caution when trusting the results, look into the generated code to check the benchmark still
works, and factor in a small probability of new VM bugs. Additionally, while comparisons between
different JVMs are already problematic, the performance difference caused by different Blackhole
modes can be very significant. Please make sure you use the consistent Blackhole mode for comparisons.

Benchmark                                                         (alloc)  (inFlight)  Mode  Cnt     Score     Error      Units
RingAllocBench.ownerCycle                                        adaptive           1  avgt   15   113.241 ±   1.468      ns/op
RingAllocBench.ownerCycle:CPI                                    adaptive           1  avgt    3     0.253 ±   0.028  clks/insn
RingAllocBench.ownerCycle:IPC                                    adaptive           1  avgt    3     3.950 ±   0.441  insns/clk
RingAllocBench.ownerCycle:L1-dcache-load-misses                  adaptive           1  avgt    3     4.883 ±   4.594       #/op
RingAllocBench.ownerCycle:L1-dcache-loads                        adaptive           1  avgt    3   340.889 ±  12.481       #/op
RingAllocBench.ownerCycle:L1-icache-load-misses                  adaptive           1  avgt    3     0.039 ±   0.028       #/op
RingAllocBench.ownerCycle:L1-icache-loads                        adaptive           1  avgt    3     7.270 ±   2.159       #/op
RingAllocBench.ownerCycle:branch-misses                          adaptive           1  avgt    3     0.096 ±   0.063       #/op
RingAllocBench.ownerCycle:branches                               adaptive           1  avgt    3   180.659 ±   2.026       #/op
RingAllocBench.ownerCycle:cycles                                 adaptive           1  avgt    3   259.303 ±  27.278       #/op
RingAllocBench.ownerCycle:dTLB-load-misses                       adaptive           1  avgt    3     0.021 ±   0.018       #/op
RingAllocBench.ownerCycle:dTLB-loads                             adaptive           1  avgt    3     2.105 ±   0.091       #/op
RingAllocBench.ownerCycle:iTLB-load-misses                       adaptive           1  avgt    3     0.001 ±   0.003       #/op
RingAllocBench.ownerCycle:iTLB-loads                             adaptive           1  avgt    3     0.265 ±   0.538       #/op
RingAllocBench.ownerCycle:instructions                           adaptive           1  avgt    3  1024.138 ±  27.261       #/op
RingAllocBench.ownerCycle:stalled-cycles-frontend                adaptive           1  avgt    3     7.863 ±   3.973       #/op
RingAllocBench.ownerCycle                                        adaptive          32  avgt   15   148.195 ±   1.432      ns/op
RingAllocBench.ownerCycle:CPI                                    adaptive          32  avgt    3     0.226 ±   0.013  clks/insn
RingAllocBench.ownerCycle:IPC                                    adaptive          32  avgt    3     4.430 ±   0.253  insns/clk
RingAllocBench.ownerCycle:L1-dcache-load-misses                  adaptive          32  avgt    3     6.305 ±   1.628       #/op
RingAllocBench.ownerCycle:L1-dcache-loads                        adaptive          32  avgt    3   502.077 ±  69.111       #/op
RingAllocBench.ownerCycle:L1-icache-load-misses                  adaptive          32  avgt    3     0.040 ±   0.147       #/op
RingAllocBench.ownerCycle:L1-icache-loads                        adaptive          32  avgt    3     7.204 ±  13.426       #/op
RingAllocBench.ownerCycle:branch-misses                          adaptive          32  avgt    3     0.105 ±   0.066       #/op
RingAllocBench.ownerCycle:branches                               adaptive          32  avgt    3   294.886 ±  53.051       #/op
RingAllocBench.ownerCycle:cycles                                 adaptive          32  avgt    3   337.677 ±  59.632       #/op
RingAllocBench.ownerCycle:dTLB-load-misses                       adaptive          32  avgt    3     0.025 ±   0.026       #/op
RingAllocBench.ownerCycle:dTLB-loads                             adaptive          32  avgt    3     2.126 ±   0.804       #/op
RingAllocBench.ownerCycle:iTLB-load-misses                       adaptive          32  avgt    3     0.001 ±   0.003       #/op
RingAllocBench.ownerCycle:iTLB-loads                             adaptive          32  avgt    3     0.184 ±   0.086       #/op
RingAllocBench.ownerCycle:instructions                           adaptive          32  avgt    3  1495.925 ± 187.693       #/op
RingAllocBench.ownerCycle:stalled-cycles-frontend                adaptive          32  avgt    3     6.185 ±  10.181       #/op
RingAllocBench.ownerCycle                                 builtinadaptive           1  avgt   15   111.729 ±   1.189      ns/op
RingAllocBench.ownerCycle:CPI                             builtinadaptive           1  avgt    3     0.251 ±   0.036  clks/insn
RingAllocBench.ownerCycle:IPC                             builtinadaptive           1  avgt    3     3.989 ±   0.579  insns/clk
RingAllocBench.ownerCycle:L1-dcache-load-misses           builtinadaptive           1  avgt    3     4.715 ±   1.259       #/op
RingAllocBench.ownerCycle:L1-dcache-loads                 builtinadaptive           1  avgt    3   340.127 ±  35.343       #/op
RingAllocBench.ownerCycle:L1-icache-load-misses           builtinadaptive           1  avgt    3     0.042 ±   0.112       #/op
RingAllocBench.ownerCycle:L1-icache-loads                 builtinadaptive           1  avgt    3     6.797 ±   5.045       #/op
RingAllocBench.ownerCycle:branch-misses                   builtinadaptive           1  avgt    3     0.099 ±   0.056       #/op
RingAllocBench.ownerCycle:branches                        builtinadaptive           1  avgt    3   179.564 ±   6.238       #/op
RingAllocBench.ownerCycle:cycles                          builtinadaptive           1  avgt    3   256.084 ±  39.755       #/op
RingAllocBench.ownerCycle:dTLB-load-misses                builtinadaptive           1  avgt    3     0.019 ±   0.031       #/op
RingAllocBench.ownerCycle:dTLB-loads                      builtinadaptive           1  avgt    3     2.106 ±   0.221       #/op
RingAllocBench.ownerCycle:iTLB-load-misses                builtinadaptive           1  avgt    3     0.001 ±   0.005       #/op
RingAllocBench.ownerCycle:iTLB-loads                      builtinadaptive           1  avgt    3     0.231 ±   0.240       #/op
RingAllocBench.ownerCycle:instructions                    builtinadaptive           1  avgt    3  1021.526 ±  74.673       #/op
RingAllocBench.ownerCycle:stalled-cycles-frontend         builtinadaptive           1  avgt    3     7.429 ±   8.758       #/op
RingAllocBench.ownerCycle                                 builtinadaptive          32  avgt   15   150.269 ±   3.505      ns/op
RingAllocBench.ownerCycle:CPI                             builtinadaptive          32  avgt    3     0.231 ±   0.045  clks/insn
RingAllocBench.ownerCycle:IPC                             builtinadaptive          32  avgt    3     4.331 ±   0.842  insns/clk
RingAllocBench.ownerCycle:L1-dcache-load-misses           builtinadaptive          32  avgt    3     6.485 ±   4.081       #/op
RingAllocBench.ownerCycle:L1-dcache-loads                 builtinadaptive          32  avgt    3   498.144 ±  14.743       #/op
RingAllocBench.ownerCycle:L1-icache-load-misses           builtinadaptive          32  avgt    3     0.046 ±   0.071       #/op
RingAllocBench.ownerCycle:L1-icache-loads                 builtinadaptive          32  avgt    3     7.400 ±   1.740       #/op
RingAllocBench.ownerCycle:branch-misses                   builtinadaptive          32  avgt    3     0.115 ±   0.270       #/op
RingAllocBench.ownerCycle:branches                        builtinadaptive          32  avgt    3   293.111 ±  47.549       #/op
RingAllocBench.ownerCycle:cycles                          builtinadaptive          32  avgt    3   342.252 ±  47.296       #/op
RingAllocBench.ownerCycle:dTLB-load-misses                builtinadaptive          32  avgt    3     0.024 ±   0.057       #/op
RingAllocBench.ownerCycle:dTLB-loads                      builtinadaptive          32  avgt    3     2.104 ±   0.666       #/op
RingAllocBench.ownerCycle:iTLB-load-misses                builtinadaptive          32  avgt    3     0.001 ±   0.002       #/op
RingAllocBench.ownerCycle:iTLB-loads                      builtinadaptive          32  avgt    3     0.183 ±   0.143       #/op
RingAllocBench.ownerCycle:instructions                    builtinadaptive          32  avgt    3  1482.242 ± 177.734       #/op
RingAllocBench.ownerCycle:stalled-cycles-frontend         builtinadaptive          32  avgt    3     6.824 ±  13.063       #/op
RingAllocBench.ownerCycle                                            slab           1  avgt   15    41.026 ±   0.535      ns/op
RingAllocBench.ownerCycle:CPI                                        slab           1  avgt    3     0.234 ±   0.045  clks/insn
RingAllocBench.ownerCycle:IPC                                        slab           1  avgt    3     4.266 ±   0.821  insns/clk
RingAllocBench.ownerCycle:L1-dcache-load-misses                      slab           1  avgt    3     0.709 ±   0.161       #/op
RingAllocBench.ownerCycle:L1-dcache-loads                            slab           1  avgt    3   118.038 ±  16.536       #/op
RingAllocBench.ownerCycle:L1-icache-load-misses                      slab           1  avgt    3     0.001 ±   0.001       #/op
RingAllocBench.ownerCycle:L1-icache-loads                            slab           1  avgt    3     0.384 ±   0.090       #/op
RingAllocBench.ownerCycle:branch-misses                              slab           1  avgt    3     0.022 ±   0.092       #/op
RingAllocBench.ownerCycle:branches                                   slab           1  avgt    3    74.392 ±   8.104       #/op
RingAllocBench.ownerCycle:cycles                                     slab           1  avgt    3    94.441 ±  22.957       #/op
RingAllocBench.ownerCycle:dTLB-load-misses                           slab           1  avgt    3     0.009 ±   0.052       #/op
RingAllocBench.ownerCycle:dTLB-loads                                 slab           1  avgt    3     0.016 ±   0.086       #/op
RingAllocBench.ownerCycle:iTLB-load-misses                           slab           1  avgt    3    ≈ 10⁻³                 #/op
RingAllocBench.ownerCycle:iTLB-loads                                 slab           1  avgt    3     0.001 ±   0.007       #/op
RingAllocBench.ownerCycle:instructions                               slab           1  avgt    3   402.811 ±  20.422       #/op
RingAllocBench.ownerCycle:stalled-cycles-frontend                    slab           1  avgt    3     1.811 ±   8.726       #/op
RingAllocBench.ownerCycle                                            slab          32  avgt   15    47.442 ±   1.910      ns/op
RingAllocBench.ownerCycle:CPI                                        slab          32  avgt    3     0.269 ±   0.108  clks/insn
RingAllocBench.ownerCycle:IPC                                        slab          32  avgt    3     3.717 ±   1.476  insns/clk
RingAllocBench.ownerCycle:L1-dcache-load-misses                      slab          32  avgt    3     0.781 ±   1.635       #/op
RingAllocBench.ownerCycle:L1-dcache-loads                            slab          32  avgt    3   127.980 ±   7.498       #/op
RingAllocBench.ownerCycle:L1-icache-load-misses                      slab          32  avgt    3     0.002 ±   0.008       #/op
RingAllocBench.ownerCycle:L1-icache-loads                            slab          32  avgt    3     0.546 ±   1.847       #/op
RingAllocBench.ownerCycle:branch-misses                              slab          32  avgt    3     0.048 ±   0.010       #/op
RingAllocBench.ownerCycle:branches                                   slab          32  avgt    3    75.064 ±   0.619       #/op
RingAllocBench.ownerCycle:cycles                                     slab          32  avgt    3   109.007 ±  42.210       #/op
RingAllocBench.ownerCycle:dTLB-load-misses                           slab          32  avgt    3     0.010 ±   0.035       #/op
RingAllocBench.ownerCycle:dTLB-loads                                 slab          32  avgt    3     0.022 ±   0.039       #/op
RingAllocBench.ownerCycle:iTLB-load-misses                           slab          32  avgt    3     0.001 ±   0.001       #/op
RingAllocBench.ownerCycle:iTLB-loads                                 slab          32  avgt    3     0.001 ±   0.005       #/op
RingAllocBench.ownerCycle:instructions                               slab          32  avgt    3   405.034 ±   7.517       #/op
RingAllocBench.ownerCycle:stalled-cycles-frontend                    slab          32  avgt    3     2.994 ±   1.861       #/op
RingAllocBench.ownerCycle                                      slab2fixed           1  avgt   15    42.758 ±   1.306      ns/op
RingAllocBench.ownerCycle:CPI                                  slab2fixed           1  avgt    3     0.214 ±   0.048  clks/insn
RingAllocBench.ownerCycle:IPC                                  slab2fixed           1  avgt    3     4.671 ±   1.047  insns/clk
RingAllocBench.ownerCycle:L1-dcache-load-misses                slab2fixed           1  avgt    3     0.748 ±   1.482       #/op
RingAllocBench.ownerCycle:L1-dcache-loads                      slab2fixed           1  avgt    3   152.619 ±   8.218       #/op
RingAllocBench.ownerCycle:L1-icache-load-misses                slab2fixed           1  avgt    3     0.001 ±   0.004       #/op
RingAllocBench.ownerCycle:L1-icache-loads                      slab2fixed           1  avgt    3     0.327 ±   0.181       #/op
RingAllocBench.ownerCycle:branch-misses                        slab2fixed           1  avgt    3     0.019 ±   0.049       #/op
RingAllocBench.ownerCycle:branches                             slab2fixed           1  avgt    3    87.743 ±   1.787       #/op
RingAllocBench.ownerCycle:cycles                               slab2fixed           1  avgt    3    98.388 ±  22.369       #/op
RingAllocBench.ownerCycle:dTLB-load-misses                     slab2fixed           1  avgt    3     0.011 ±   0.008       #/op
RingAllocBench.ownerCycle:dTLB-loads                           slab2fixed           1  avgt    3     0.021 ±   0.006       #/op
RingAllocBench.ownerCycle:iTLB-load-misses                     slab2fixed           1  avgt    3    ≈ 10⁻³                 #/op
RingAllocBench.ownerCycle:iTLB-loads                           slab2fixed           1  avgt    3     0.001 ±   0.001       #/op
RingAllocBench.ownerCycle:instructions                         slab2fixed           1  avgt    3   459.481 ±   4.310       #/op
RingAllocBench.ownerCycle:stalled-cycles-frontend              slab2fixed           1  avgt    3     1.518 ±   3.347       #/op
RingAllocBench.ownerCycle                                      slab2fixed          32  avgt   15    48.168 ±   0.241      ns/op
RingAllocBench.ownerCycle:CPI                                  slab2fixed          32  avgt    3     0.242 ±   0.028  clks/insn
RingAllocBench.ownerCycle:IPC                                  slab2fixed          32  avgt    3     4.138 ±   0.475  insns/clk
RingAllocBench.ownerCycle:L1-dcache-load-misses                slab2fixed          32  avgt    3     0.744 ±   0.108       #/op
RingAllocBench.ownerCycle:L1-dcache-loads                      slab2fixed          32  avgt    3   156.604 ±  11.219       #/op
RingAllocBench.ownerCycle:L1-icache-load-misses                slab2fixed          32  avgt    3     0.001 ±   0.003       #/op
RingAllocBench.ownerCycle:L1-icache-loads                      slab2fixed          32  avgt    3     0.331 ±   0.487       #/op
RingAllocBench.ownerCycle:branch-misses                        slab2fixed          32  avgt    3     0.053 ±   0.063       #/op
RingAllocBench.ownerCycle:branches                             slab2fixed          32  avgt    3    87.538 ±   7.648       #/op
RingAllocBench.ownerCycle:cycles                               slab2fixed          32  avgt    3   110.637 ±   6.829       #/op
RingAllocBench.ownerCycle:dTLB-load-misses                     slab2fixed          32  avgt    3     0.011 ±   0.010       #/op
RingAllocBench.ownerCycle:dTLB-loads                           slab2fixed          32  avgt    3     0.019 ±   0.012       #/op
RingAllocBench.ownerCycle:iTLB-load-misses                     slab2fixed          32  avgt    3     0.001 ±   0.001       #/op
RingAllocBench.ownerCycle:iTLB-loads                           slab2fixed          32  avgt    3     0.001 ±   0.005       #/op
RingAllocBench.ownerCycle:instructions                         slab2fixed          32  avgt    3   457.762 ±  27.194       #/op
RingAllocBench.ownerCycle:stalled-cycles-frontend              slab2fixed          32  avgt    3     1.778 ±   0.585       #/op
RingAllocBench.ownerCycle                                           slab2           1  avgt   15    46.948 ±   1.829      ns/op
RingAllocBench.ownerCycle:CPI                                       slab2           1  avgt    3     0.206 ±   0.049  clks/insn
RingAllocBench.ownerCycle:IPC                                       slab2           1  avgt    3     4.859 ±   1.165  insns/clk
RingAllocBench.ownerCycle:L1-dcache-load-misses                     slab2           1  avgt    3     0.801 ±   3.288       #/op
RingAllocBench.ownerCycle:L1-dcache-loads                           slab2           1  avgt    3   177.444 ±  26.122       #/op
RingAllocBench.ownerCycle:L1-icache-load-misses                     slab2           1  avgt    3     0.001 ±   0.001       #/op
RingAllocBench.ownerCycle:L1-icache-loads                           slab2           1  avgt    3     0.329 ±   0.265       #/op
RingAllocBench.ownerCycle:branch-misses                             slab2           1  avgt    3     0.020 ±   0.016       #/op
RingAllocBench.ownerCycle:branches                                  slab2           1  avgt    3   104.247 ±  14.961       #/op
RingAllocBench.ownerCycle:cycles                                    slab2           1  avgt    3   107.819 ±  23.889       #/op
RingAllocBench.ownerCycle:dTLB-load-misses                          slab2           1  avgt    3     0.010 ±   0.017       #/op
RingAllocBench.ownerCycle:dTLB-loads                                slab2           1  avgt    3     0.020 ±   0.021       #/op
RingAllocBench.ownerCycle:iTLB-load-misses                          slab2           1  avgt    3     0.001 ±   0.001       #/op
RingAllocBench.ownerCycle:iTLB-loads                                slab2           1  avgt    3     0.001 ±   0.003       #/op
RingAllocBench.ownerCycle:instructions                              slab2           1  avgt    3   523.841 ±  82.796       #/op
RingAllocBench.ownerCycle:stalled-cycles-frontend                   slab2           1  avgt    3     1.375 ±   0.396       #/op
RingAllocBench.ownerCycle                                           slab2          32  avgt   15    52.790 ±   0.987      ns/op
RingAllocBench.ownerCycle:CPI                                       slab2          32  avgt    3     0.232 ±   0.017  clks/insn
RingAllocBench.ownerCycle:IPC                                       slab2          32  avgt    3     4.314 ±   0.318  insns/clk
RingAllocBench.ownerCycle:L1-dcache-load-misses                     slab2          32  avgt    3     0.814 ±   1.604       #/op
RingAllocBench.ownerCycle:L1-dcache-loads                           slab2          32  avgt    3   181.834 ±  15.771       #/op
RingAllocBench.ownerCycle:L1-icache-load-misses                     slab2          32  avgt    3     0.001 ±   0.003       #/op
RingAllocBench.ownerCycle:L1-icache-loads                           slab2          32  avgt    3     0.354 ±   0.286       #/op
RingAllocBench.ownerCycle:branch-misses                             slab2          32  avgt    3     0.053 ±   0.044       #/op
RingAllocBench.ownerCycle:branches                                  slab2          32  avgt    3   103.835 ±   7.991       #/op
RingAllocBench.ownerCycle:cycles                                    slab2          32  avgt    3   120.949 ±   5.045       #/op
RingAllocBench.ownerCycle:dTLB-load-misses                          slab2          32  avgt    3     0.009 ±   0.011       #/op
RingAllocBench.ownerCycle:dTLB-loads                                slab2          32  avgt    3     0.018 ±   0.013       #/op
RingAllocBench.ownerCycle:iTLB-load-misses                          slab2          32  avgt    3     0.001 ±   0.001       #/op
RingAllocBench.ownerCycle:iTLB-loads                                slab2          32  avgt    3     0.001 ±   0.002       #/op
RingAllocBench.ownerCycle:instructions                              slab2          32  avgt    3   521.801 ±  46.771       #/op
RingAllocBench.ownerCycle:stalled-cycles-frontend                   slab2          32  avgt    3     1.956 ±   3.487       #/op
RingAllocBench.ownerCycle                                      slab3fixed           1  avgt   15    35.165 ±   1.460      ns/op
RingAllocBench.ownerCycle:CPI                                  slab3fixed           1  avgt    3     0.211 ±   0.080  clks/insn
RingAllocBench.ownerCycle:IPC                                  slab3fixed           1  avgt    3     4.751 ±   1.814  insns/clk
RingAllocBench.ownerCycle:L1-dcache-load-misses                slab3fixed           1  avgt    3     0.815 ±   1.805       #/op
RingAllocBench.ownerCycle:L1-dcache-loads                      slab3fixed           1  avgt    3   134.068 ±  10.011       #/op
RingAllocBench.ownerCycle:L1-icache-load-misses                slab3fixed           1  avgt    3     0.001 ±   0.003       #/op
RingAllocBench.ownerCycle:L1-icache-loads                      slab3fixed           1  avgt    3     0.307 ±   0.270       #/op
RingAllocBench.ownerCycle:branch-misses                        slab3fixed           1  avgt    3     0.024 ±   0.027       #/op
RingAllocBench.ownerCycle:branches                             slab3fixed           1  avgt    3    73.200 ±   3.330       #/op
RingAllocBench.ownerCycle:cycles                               slab3fixed           1  avgt    3    81.212 ±  31.521       #/op
RingAllocBench.ownerCycle:dTLB-load-misses                     slab3fixed           1  avgt    3     0.009 ±   0.040       #/op
RingAllocBench.ownerCycle:dTLB-loads                           slab3fixed           1  avgt    3     0.017 ±   0.050       #/op
RingAllocBench.ownerCycle:iTLB-load-misses                     slab3fixed           1  avgt    3    ≈ 10⁻⁴                 #/op
RingAllocBench.ownerCycle:iTLB-loads                           slab3fixed           1  avgt    3     0.001 ±   0.004       #/op
RingAllocBench.ownerCycle:instructions                         slab3fixed           1  avgt    3   385.754 ±  24.047       #/op
RingAllocBench.ownerCycle:stalled-cycles-frontend              slab3fixed           1  avgt    3     1.099 ±   1.565       #/op
RingAllocBench.ownerCycle                                      slab3fixed          32  avgt   15    40.439 ±   2.851      ns/op
RingAllocBench.ownerCycle:CPI                                  slab3fixed          32  avgt    3     0.243 ±   0.111  clks/insn
RingAllocBench.ownerCycle:IPC                                  slab3fixed          32  avgt    3     4.120 ±   1.891  insns/clk
RingAllocBench.ownerCycle:L1-dcache-load-misses                slab3fixed          32  avgt    3     0.877 ±   3.335       #/op
RingAllocBench.ownerCycle:L1-dcache-loads                      slab3fixed          32  avgt    3   139.137 ±  25.446       #/op
RingAllocBench.ownerCycle:L1-icache-load-misses                slab3fixed          32  avgt    3     0.001 ±   0.005       #/op
RingAllocBench.ownerCycle:L1-icache-loads                      slab3fixed          32  avgt    3     0.375 ±   0.883       #/op
RingAllocBench.ownerCycle:branch-misses                        slab3fixed          32  avgt    3     0.052 ±   0.079       #/op
RingAllocBench.ownerCycle:branches                             slab3fixed          32  avgt    3    73.192 ±   6.524       #/op
RingAllocBench.ownerCycle:cycles                               slab3fixed          32  avgt    3    92.747 ±  40.530       #/op
RingAllocBench.ownerCycle:dTLB-load-misses                     slab3fixed          32  avgt    3     0.009 ±   0.050       #/op
RingAllocBench.ownerCycle:dTLB-loads                           slab3fixed          32  avgt    3     0.017 ±   0.058       #/op
RingAllocBench.ownerCycle:iTLB-load-misses                     slab3fixed          32  avgt    3    ≈ 10⁻³                 #/op
RingAllocBench.ownerCycle:iTLB-loads                           slab3fixed          32  avgt    3     0.001 ±   0.003       #/op
RingAllocBench.ownerCycle:instructions                         slab3fixed          32  avgt    3   381.981 ±  13.075       #/op
RingAllocBench.ownerCycle:stalled-cycles-frontend              slab3fixed          32  avgt    3     1.690 ±   1.904       #/op
RingAllocBench.ownerCycle                                           slab3           1  avgt   15    39.716 ±   0.581      ns/op
RingAllocBench.ownerCycle:CPI                                       slab3           1  avgt    3     0.199 ±   0.005  clks/insn
RingAllocBench.ownerCycle:IPC                                       slab3           1  avgt    3     5.016 ±   0.125  insns/clk
RingAllocBench.ownerCycle:L1-dcache-load-misses                     slab3           1  avgt    3     0.751 ±   1.730       #/op
RingAllocBench.ownerCycle:L1-dcache-loads                           slab3           1  avgt    3   163.111 ±  10.992       #/op
RingAllocBench.ownerCycle:L1-icache-load-misses                     slab3           1  avgt    3     0.001 ±   0.003       #/op
RingAllocBench.ownerCycle:L1-icache-loads                           slab3           1  avgt    3     0.273 ±   0.153       #/op
RingAllocBench.ownerCycle:branch-misses                             slab3           1  avgt    3     0.020 ±   0.049       #/op
RingAllocBench.ownerCycle:branches                                  slab3           1  avgt    3    89.786 ±  14.946       #/op
RingAllocBench.ownerCycle:cycles                                    slab3           1  avgt    3    91.295 ±  10.501       #/op
RingAllocBench.ownerCycle:dTLB-load-misses                          slab3           1  avgt    3     0.011 ±   0.005       #/op
RingAllocBench.ownerCycle:dTLB-loads                                slab3           1  avgt    3     0.019 ±   0.024       #/op
RingAllocBench.ownerCycle:iTLB-load-misses                          slab3           1  avgt    3     0.001 ±   0.001       #/op
RingAllocBench.ownerCycle:iTLB-loads                                slab3           1  avgt    3     0.001 ±   0.005       #/op
RingAllocBench.ownerCycle:instructions                              slab3           1  avgt    3   457.947 ±  46.976       #/op
RingAllocBench.ownerCycle:stalled-cycles-frontend                   slab3           1  avgt    3     1.255 ±   0.930       #/op
RingAllocBench.ownerCycle                                           slab3          32  avgt   15    44.648 ±   0.652      ns/op
RingAllocBench.ownerCycle:CPI                                       slab3          32  avgt    3     0.226 ±   0.046  clks/insn
RingAllocBench.ownerCycle:IPC                                       slab3          32  avgt    3     4.417 ±   0.891  insns/clk
RingAllocBench.ownerCycle:L1-dcache-load-misses                     slab3          32  avgt    3     0.741 ±   0.042       #/op
RingAllocBench.ownerCycle:L1-dcache-loads                           slab3          32  avgt    3   167.371 ±   2.787       #/op
RingAllocBench.ownerCycle:L1-icache-load-misses                     slab3          32  avgt    3     0.001 ±   0.005       #/op
RingAllocBench.ownerCycle:L1-icache-loads                           slab3          32  avgt    3     0.369 ±   1.877       #/op
RingAllocBench.ownerCycle:branch-misses                             slab3          32  avgt    3     0.052 ±   0.036       #/op
RingAllocBench.ownerCycle:branches                                  slab3          32  avgt    3    89.529 ±   0.561       #/op
RingAllocBench.ownerCycle:cycles                                    slab3          32  avgt    3   102.690 ±  18.621       #/op
RingAllocBench.ownerCycle:dTLB-load-misses                          slab3          32  avgt    3     0.011 ±   0.009       #/op
RingAllocBench.ownerCycle:dTLB-loads                                slab3          32  avgt    3     0.019 ±   0.009       #/op
RingAllocBench.ownerCycle:iTLB-load-misses                          slab3          32  avgt    3     0.001 ±   0.001       #/op
RingAllocBench.ownerCycle:iTLB-loads                                slab3          32  avgt    3     0.001 ±   0.003       #/op
RingAllocBench.ownerCycle:instructions                              slab3          32  avgt    3   453.596 ±  14.249       #/op
RingAllocBench.ownerCycle:stalled-cycles-frontend                   slab3          32  avgt    3     1.830 ±   1.489       #/op
RingAllocBench.ownerCycleNoSlice                                 adaptive           1  avgt   15   103.039 ±   5.048      ns/op
RingAllocBench.ownerCycleNoSlice:CPI                             adaptive           1  avgt    3     0.260 ±   0.011  clks/insn
RingAllocBench.ownerCycleNoSlice:IPC                             adaptive           1  avgt    3     3.851 ±   0.157  insns/clk
RingAllocBench.ownerCycleNoSlice:L1-dcache-load-misses           adaptive           1  avgt    3     4.622 ±   0.029       #/op
RingAllocBench.ownerCycleNoSlice:L1-dcache-loads                 adaptive           1  avgt    3   304.904 ±  14.108       #/op
RingAllocBench.ownerCycleNoSlice:L1-icache-load-misses           adaptive           1  avgt    3     0.061 ±   0.099       #/op
RingAllocBench.ownerCycleNoSlice:L1-icache-loads                 adaptive           1  avgt    3     9.398 ±   1.425       #/op
RingAllocBench.ownerCycleNoSlice:branch-misses                   adaptive           1  avgt    3     0.316 ±   0.094       #/op
RingAllocBench.ownerCycleNoSlice:branches                        adaptive           1  avgt    3   156.724 ±   7.479       #/op
RingAllocBench.ownerCycleNoSlice:cycles                          adaptive           1  avgt    3   233.917 ±  10.625       #/op
RingAllocBench.ownerCycleNoSlice:dTLB-load-misses                adaptive           1  avgt    3     0.011 ±   0.023       #/op
RingAllocBench.ownerCycleNoSlice:dTLB-loads                      adaptive           1  avgt    3     2.140 ±   0.747       #/op
RingAllocBench.ownerCycleNoSlice:iTLB-load-misses                adaptive           1  avgt    3     0.012 ±   0.003       #/op
RingAllocBench.ownerCycleNoSlice:iTLB-loads                      adaptive           1  avgt    3     0.198 ±   0.522       #/op
RingAllocBench.ownerCycleNoSlice:instructions                    adaptive           1  avgt    3   900.730 ±  20.072       #/op
RingAllocBench.ownerCycleNoSlice:stalled-cycles-frontend         adaptive           1  avgt    3    13.646 ±   4.020       #/op
RingAllocBench.ownerCycleNoSlice                                 adaptive          32  avgt   15   138.941 ±   1.505      ns/op
RingAllocBench.ownerCycleNoSlice:CPI                             adaptive          32  avgt    3     0.238 ±   0.018  clks/insn
RingAllocBench.ownerCycleNoSlice:IPC                             adaptive          32  avgt    3     4.194 ±   0.325  insns/clk
RingAllocBench.ownerCycleNoSlice:L1-dcache-load-misses           adaptive          32  avgt    3     6.058 ±   2.470       #/op
RingAllocBench.ownerCycleNoSlice:L1-dcache-loads                 adaptive          32  avgt    3   446.417 ±  97.946       #/op
RingAllocBench.ownerCycleNoSlice:L1-icache-load-misses           adaptive          32  avgt    3     0.108 ±   0.120       #/op
RingAllocBench.ownerCycleNoSlice:L1-icache-loads                 adaptive          32  avgt    3    13.650 ±   2.189       #/op
RingAllocBench.ownerCycleNoSlice:branch-misses                   adaptive          32  avgt    3     0.473 ±   0.064       #/op
RingAllocBench.ownerCycleNoSlice:branches                        adaptive          32  avgt    3   265.028 ±  10.191       #/op
RingAllocBench.ownerCycleNoSlice:cycles                          adaptive          32  avgt    3   314.462 ±  64.329       #/op
RingAllocBench.ownerCycleNoSlice:dTLB-load-misses                adaptive          32  avgt    3     0.023 ±   0.072       #/op
RingAllocBench.ownerCycleNoSlice:dTLB-loads                      adaptive          32  avgt    3     2.325 ±   0.329       #/op
RingAllocBench.ownerCycleNoSlice:iTLB-load-misses                adaptive          32  avgt    3     0.019 ±   0.002       #/op
RingAllocBench.ownerCycleNoSlice:iTLB-loads                      adaptive          32  avgt    3     0.195 ±   0.331       #/op
RingAllocBench.ownerCycleNoSlice:instructions                    adaptive          32  avgt    3  1318.920 ± 365.629       #/op
RingAllocBench.ownerCycleNoSlice:stalled-cycles-frontend         adaptive          32  avgt    3    19.578 ±   2.547       #/op
RingAllocBench.ownerCycleNoSlice                          builtinadaptive           1  avgt   15   105.275 ±   4.384      ns/op
RingAllocBench.ownerCycleNoSlice:CPI                      builtinadaptive           1  avgt    3     0.264 ±   0.035  clks/insn
RingAllocBench.ownerCycleNoSlice:IPC                      builtinadaptive           1  avgt    3     3.783 ±   0.495  insns/clk
RingAllocBench.ownerCycleNoSlice:L1-dcache-load-misses    builtinadaptive           1  avgt    3     4.489 ±   1.740       #/op
RingAllocBench.ownerCycleNoSlice:L1-dcache-loads          builtinadaptive           1  avgt    3   309.586 ±  29.923       #/op
RingAllocBench.ownerCycleNoSlice:L1-icache-load-misses    builtinadaptive           1  avgt    3     0.077 ±   0.064       #/op
RingAllocBench.ownerCycleNoSlice:L1-icache-loads          builtinadaptive           1  avgt    3    10.273 ±   1.944       #/op
RingAllocBench.ownerCycleNoSlice:branch-misses            builtinadaptive           1  avgt    3     0.322 ±   0.053       #/op
RingAllocBench.ownerCycleNoSlice:branches                 builtinadaptive           1  avgt    3   158.388 ±  22.676       #/op
RingAllocBench.ownerCycleNoSlice:cycles                   builtinadaptive           1  avgt    3   239.088 ±   9.148       #/op
RingAllocBench.ownerCycleNoSlice:dTLB-load-misses         builtinadaptive           1  avgt    3     0.009 ±   0.018       #/op
RingAllocBench.ownerCycleNoSlice:dTLB-loads               builtinadaptive           1  avgt    3     2.182 ±   0.777       #/op
RingAllocBench.ownerCycleNoSlice:iTLB-load-misses         builtinadaptive           1  avgt    3     0.012 ±   0.001       #/op
RingAllocBench.ownerCycleNoSlice:iTLB-loads               builtinadaptive           1  avgt    3     0.196 ±   0.121       #/op
RingAllocBench.ownerCycleNoSlice:instructions             builtinadaptive           1  avgt    3   904.582 ± 119.912       #/op
RingAllocBench.ownerCycleNoSlice:stalled-cycles-frontend  builtinadaptive           1  avgt    3    14.522 ±   3.070       #/op
RingAllocBench.ownerCycleNoSlice                          builtinadaptive          32  avgt   15   138.248 ±   0.310      ns/op
RingAllocBench.ownerCycleNoSlice:CPI                      builtinadaptive          32  avgt    3     0.240 ±   0.010  clks/insn
RingAllocBench.ownerCycleNoSlice:IPC                      builtinadaptive          32  avgt    3     4.168 ±   0.179  insns/clk
RingAllocBench.ownerCycleNoSlice:L1-dcache-load-misses    builtinadaptive          32  avgt    3     6.514 ±  12.383       #/op
RingAllocBench.ownerCycleNoSlice:L1-dcache-loads          builtinadaptive          32  avgt    3   442.135 ±  12.463       #/op
RingAllocBench.ownerCycleNoSlice:L1-icache-load-misses    builtinadaptive          32  avgt    3     0.108 ±   0.243       #/op
RingAllocBench.ownerCycleNoSlice:L1-icache-loads          builtinadaptive          32  avgt    3    13.121 ±   5.106       #/op
RingAllocBench.ownerCycleNoSlice:branch-misses            builtinadaptive          32  avgt    3     0.472 ±   0.100       #/op
RingAllocBench.ownerCycleNoSlice:branches                 builtinadaptive          32  avgt    3   265.564 ±   3.794       #/op
RingAllocBench.ownerCycleNoSlice:cycles                   builtinadaptive          32  avgt    3   313.202 ±  11.074       #/op
RingAllocBench.ownerCycleNoSlice:dTLB-load-misses         builtinadaptive          32  avgt    3     0.021 ±   0.027       #/op
RingAllocBench.ownerCycleNoSlice:dTLB-loads               builtinadaptive          32  avgt    3     2.293 ±   0.485       #/op
RingAllocBench.ownerCycleNoSlice:iTLB-load-misses         builtinadaptive          32  avgt    3     0.019 ±   0.001       #/op
RingAllocBench.ownerCycleNoSlice:iTLB-loads               builtinadaptive          32  avgt    3     0.196 ±   0.668       #/op
RingAllocBench.ownerCycleNoSlice:instructions             builtinadaptive          32  avgt    3  1305.540 ±  11.233       #/op
RingAllocBench.ownerCycleNoSlice:stalled-cycles-frontend  builtinadaptive          32  avgt    3    19.421 ±   5.942       #/op
RingAllocBench.ownerCycleNoSlice                                     slab           1  avgt   15    28.321 ±   0.031      ns/op
RingAllocBench.ownerCycleNoSlice:CPI                                 slab           1  avgt    3     0.268 ±   0.002  clks/insn
RingAllocBench.ownerCycleNoSlice:IPC                                 slab           1  avgt    3     3.731 ±   0.021  insns/clk
RingAllocBench.ownerCycleNoSlice:L1-dcache-load-misses               slab           1  avgt    3     0.014 ±   0.006       #/op
RingAllocBench.ownerCycleNoSlice:L1-dcache-loads                     slab           1  avgt    3    69.411 ±   2.507       #/op
RingAllocBench.ownerCycleNoSlice:L1-icache-load-misses               slab           1  avgt    3     0.001 ±   0.001       #/op
RingAllocBench.ownerCycleNoSlice:L1-icache-loads                     slab           1  avgt    3     0.131 ±   0.066       #/op
RingAllocBench.ownerCycleNoSlice:branch-misses                       slab           1  avgt    3     0.007 ±   0.001       #/op
RingAllocBench.ownerCycleNoSlice:branches                            slab           1  avgt    3    43.111 ±   0.106       #/op
RingAllocBench.ownerCycleNoSlice:cycles                              slab           1  avgt    3    64.163 ±   0.605       #/op
RingAllocBench.ownerCycleNoSlice:dTLB-load-misses                    slab           1  avgt    3    ≈ 10⁻⁴                 #/op
RingAllocBench.ownerCycleNoSlice:dTLB-loads                          slab           1  avgt    3     0.002 ±   0.004       #/op
RingAllocBench.ownerCycleNoSlice:iTLB-load-misses                    slab           1  avgt    3    ≈ 10⁻⁴                 #/op
RingAllocBench.ownerCycleNoSlice:iTLB-loads                          slab           1  avgt    3    ≈ 10⁻⁴                 #/op
RingAllocBench.ownerCycleNoSlice:instructions                        slab           1  avgt    3   239.423 ±   1.052       #/op
RingAllocBench.ownerCycleNoSlice:stalled-cycles-frontend             slab           1  avgt    3     0.319 ±   0.221       #/op
RingAllocBench.ownerCycleNoSlice                                     slab          32  avgt   15    33.756 ±   0.252      ns/op
RingAllocBench.ownerCycleNoSlice:CPI                                 slab          32  avgt    3     0.312 ±   0.045  clks/insn
RingAllocBench.ownerCycleNoSlice:IPC                                 slab          32  avgt    3     3.209 ±   0.461  insns/clk
RingAllocBench.ownerCycleNoSlice:L1-dcache-load-misses               slab          32  avgt    3     0.023 ±   0.022       #/op
RingAllocBench.ownerCycleNoSlice:L1-dcache-loads                     slab          32  avgt    3    82.957 ±   3.467       #/op
RingAllocBench.ownerCycleNoSlice:L1-icache-load-misses               slab          32  avgt    3     0.001 ±   0.003       #/op
RingAllocBench.ownerCycleNoSlice:L1-icache-loads                     slab          32  avgt    3     0.494 ±   0.105       #/op
RingAllocBench.ownerCycleNoSlice:branch-misses                       slab          32  avgt    3     0.009 ±   0.009       #/op
RingAllocBench.ownerCycleNoSlice:branches                            slab          32  avgt    3    43.123 ±   0.397       #/op
RingAllocBench.ownerCycleNoSlice:cycles                              slab          32  avgt    3    76.459 ±  11.362       #/op
RingAllocBench.ownerCycleNoSlice:dTLB-load-misses                    slab          32  avgt    3    ≈ 10⁻⁴                 #/op
RingAllocBench.ownerCycleNoSlice:dTLB-loads                          slab          32  avgt    3     0.002 ±   0.004       #/op
RingAllocBench.ownerCycleNoSlice:iTLB-load-misses                    slab          32  avgt    3    ≈ 10⁻⁴                 #/op
RingAllocBench.ownerCycleNoSlice:iTLB-loads                          slab          32  avgt    3    ≈ 10⁻⁴                 #/op
RingAllocBench.ownerCycleNoSlice:instructions                        slab          32  avgt    3   245.342 ±   1.063       #/op
RingAllocBench.ownerCycleNoSlice:stalled-cycles-frontend             slab          32  avgt    3     2.130 ±   1.408       #/op
RingAllocBench.ownerCycleNoSlice                               slab2fixed           1  avgt   15    30.056 ±   0.200      ns/op
RingAllocBench.ownerCycleNoSlice:CPI                           slab2fixed           1  avgt    3     0.227 ±   0.029  clks/insn
RingAllocBench.ownerCycleNoSlice:IPC                           slab2fixed           1  avgt    3     4.411 ±   0.568  insns/clk
RingAllocBench.ownerCycleNoSlice:L1-dcache-load-misses         slab2fixed           1  avgt    3     0.017 ±   0.015       #/op
RingAllocBench.ownerCycleNoSlice:L1-dcache-loads               slab2fixed           1  avgt    3   104.763 ±   1.135       #/op
RingAllocBench.ownerCycleNoSlice:L1-icache-load-misses         slab2fixed           1  avgt    3     0.001 ±   0.001       #/op
RingAllocBench.ownerCycleNoSlice:L1-icache-loads               slab2fixed           1  avgt    3     0.140 ±   0.203       #/op
RingAllocBench.ownerCycleNoSlice:branch-misses                 slab2fixed           1  avgt    3     0.009 ±   0.006       #/op
RingAllocBench.ownerCycleNoSlice:branches                      slab2fixed           1  avgt    3    56.050 ±   0.482       #/op
RingAllocBench.ownerCycleNoSlice:cycles                        slab2fixed           1  avgt    3    68.072 ±   8.610       #/op
RingAllocBench.ownerCycleNoSlice:dTLB-load-misses              slab2fixed           1  avgt    3    ≈ 10⁻⁴                 #/op
RingAllocBench.ownerCycleNoSlice:dTLB-loads                    slab2fixed           1  avgt    3     0.002 ±   0.001       #/op
RingAllocBench.ownerCycleNoSlice:iTLB-load-misses              slab2fixed           1  avgt    3    ≈ 10⁻⁴                 #/op
RingAllocBench.ownerCycleNoSlice:iTLB-loads                    slab2fixed           1  avgt    3    ≈ 10⁻⁴                 #/op
RingAllocBench.ownerCycleNoSlice:instructions                  slab2fixed           1  avgt    3   300.273 ±   4.048       #/op
RingAllocBench.ownerCycleNoSlice:stalled-cycles-frontend       slab2fixed           1  avgt    3     0.307 ±   0.533       #/op
RingAllocBench.ownerCycleNoSlice                               slab2fixed          32  avgt   15    31.128 ±   0.055      ns/op
RingAllocBench.ownerCycleNoSlice:CPI                           slab2fixed          32  avgt    3     0.235 ±   0.003  clks/insn
RingAllocBench.ownerCycleNoSlice:IPC                           slab2fixed          32  avgt    3     4.261 ±   0.061  insns/clk
RingAllocBench.ownerCycleNoSlice:L1-dcache-load-misses         slab2fixed          32  avgt    3     0.024 ±   0.017       #/op
RingAllocBench.ownerCycleNoSlice:L1-dcache-loads               slab2fixed          32  avgt    3   111.025 ±   1.185       #/op
RingAllocBench.ownerCycleNoSlice:L1-icache-load-misses         slab2fixed          32  avgt    3     0.001 ±   0.005       #/op
RingAllocBench.ownerCycleNoSlice:L1-icache-loads               slab2fixed          32  avgt    3     0.155 ±   0.064       #/op
RingAllocBench.ownerCycleNoSlice:branch-misses                 slab2fixed          32  avgt    3     0.009 ±   0.008       #/op
RingAllocBench.ownerCycleNoSlice:branches                      slab2fixed          32  avgt    3    56.128 ±   0.739       #/op
RingAllocBench.ownerCycleNoSlice:cycles                        slab2fixed          32  avgt    3    70.504 ±   0.651       #/op
RingAllocBench.ownerCycleNoSlice:dTLB-load-misses              slab2fixed          32  avgt    3    ≈ 10⁻⁴                 #/op
RingAllocBench.ownerCycleNoSlice:dTLB-loads                    slab2fixed          32  avgt    3     0.002 ±   0.005       #/op
RingAllocBench.ownerCycleNoSlice:iTLB-load-misses              slab2fixed          32  avgt    3    ≈ 10⁻⁴                 #/op
RingAllocBench.ownerCycleNoSlice:iTLB-loads                    slab2fixed          32  avgt    3    ≈ 10⁻⁴                 #/op
RingAllocBench.ownerCycleNoSlice:instructions                  slab2fixed          32  avgt    3   300.417 ±   3.970       #/op
RingAllocBench.ownerCycleNoSlice:stalled-cycles-frontend       slab2fixed          32  avgt    3     0.349 ±   0.664       #/op
RingAllocBench.ownerCycleNoSlice                                    slab2           1  avgt   15    33.727 ±   0.059      ns/op
RingAllocBench.ownerCycleNoSlice:CPI                                slab2           1  avgt    3     0.207 ±   0.003  clks/insn
RingAllocBench.ownerCycleNoSlice:IPC                                slab2           1  avgt    3     4.821 ±   0.067  insns/clk
RingAllocBench.ownerCycleNoSlice:L1-dcache-load-misses              slab2           1  avgt    3     0.017 ±   0.013       #/op
RingAllocBench.ownerCycleNoSlice:L1-dcache-loads                    slab2           1  avgt    3   131.627 ±   1.506       #/op
RingAllocBench.ownerCycleNoSlice:L1-icache-load-misses              slab2           1  avgt    3     0.001 ±   0.002       #/op
RingAllocBench.ownerCycleNoSlice:L1-icache-loads                    slab2           1  avgt    3     0.151 ±   0.024       #/op
RingAllocBench.ownerCycleNoSlice:branch-misses                      slab2           1  avgt    3     0.010 ±   0.014       #/op
RingAllocBench.ownerCycleNoSlice:branches                           slab2           1  avgt    3    72.098 ±   0.954       #/op
RingAllocBench.ownerCycleNoSlice:cycles                             slab2           1  avgt    3    76.405 ±   1.515       #/op
RingAllocBench.ownerCycleNoSlice:dTLB-load-misses                   slab2           1  avgt    3    ≈ 10⁻⁴                 #/op
RingAllocBench.ownerCycleNoSlice:dTLB-loads                         slab2           1  avgt    3     0.002 ±   0.002       #/op
RingAllocBench.ownerCycleNoSlice:iTLB-load-misses                   slab2           1  avgt    3    ≈ 10⁻⁴                 #/op
RingAllocBench.ownerCycleNoSlice:iTLB-loads                         slab2           1  avgt    3    ≈ 10⁻⁴                 #/op
RingAllocBench.ownerCycleNoSlice:instructions                       slab2           1  avgt    3   368.355 ±   2.217       #/op
RingAllocBench.ownerCycleNoSlice:stalled-cycles-frontend            slab2           1  avgt    3     0.394 ±   0.588       #/op
RingAllocBench.ownerCycleNoSlice                                    slab2          32  avgt   15    35.819 ±   0.707      ns/op
RingAllocBench.ownerCycleNoSlice:CPI                                slab2          32  avgt    3     0.221 ±   0.090  clks/insn
RingAllocBench.ownerCycleNoSlice:IPC                                slab2          32  avgt    3     4.518 ±   1.820  insns/clk
RingAllocBench.ownerCycleNoSlice:L1-dcache-load-misses              slab2          32  avgt    3     0.112 ±   2.639       #/op
RingAllocBench.ownerCycleNoSlice:L1-dcache-loads                    slab2          32  avgt    3   136.129 ±   8.780       #/op
RingAllocBench.ownerCycleNoSlice:L1-icache-load-misses              slab2          32  avgt    3     0.001 ±   0.001       #/op
RingAllocBench.ownerCycleNoSlice:L1-icache-loads                    slab2          32  avgt    3     0.227 ±   0.800       #/op
RingAllocBench.ownerCycleNoSlice:branch-misses                      slab2          32  avgt    3     0.012 ±   0.029       #/op
RingAllocBench.ownerCycleNoSlice:branches                           slab2          32  avgt    3    72.135 ±   1.089       #/op
RingAllocBench.ownerCycleNoSlice:cycles                             slab2          32  avgt    3    81.153 ±  32.093       #/op
RingAllocBench.ownerCycleNoSlice:dTLB-load-misses                   slab2          32  avgt    3    ≈ 10⁻⁴                 #/op
RingAllocBench.ownerCycleNoSlice:dTLB-loads                         slab2          32  avgt    3     0.003 ±   0.010       #/op
RingAllocBench.ownerCycleNoSlice:iTLB-load-misses                   slab2          32  avgt    3    ≈ 10⁻⁴                 #/op
RingAllocBench.ownerCycleNoSlice:iTLB-loads                         slab2          32  avgt    3    ≈ 10⁻⁴                 #/op
RingAllocBench.ownerCycleNoSlice:instructions                       slab2          32  avgt    3   366.538 ±   4.391       #/op
RingAllocBench.ownerCycleNoSlice:stalled-cycles-frontend            slab2          32  avgt    3     0.640 ±   4.330       #/op
RingAllocBench.ownerCycleNoSlice                               slab3fixed           1  avgt   15    21.291 ±   0.044      ns/op
RingAllocBench.ownerCycleNoSlice:CPI                           slab3fixed           1  avgt    3     0.205 ±   0.008  clks/insn
RingAllocBench.ownerCycleNoSlice:IPC                           slab3fixed           1  avgt    3     4.878 ±   0.198  insns/clk
RingAllocBench.ownerCycleNoSlice:L1-dcache-load-misses         slab3fixed           1  avgt    3     0.011 ±   0.015       #/op
RingAllocBench.ownerCycleNoSlice:L1-dcache-loads               slab3fixed           1  avgt    3    88.382 ±  11.794       #/op
RingAllocBench.ownerCycleNoSlice:L1-icache-load-misses         slab3fixed           1  avgt    3    ≈ 10⁻³                 #/op
RingAllocBench.ownerCycleNoSlice:L1-icache-loads               slab3fixed           1  avgt    3     0.099 ±   0.069       #/op
RingAllocBench.ownerCycleNoSlice:branch-misses                 slab3fixed           1  avgt    3     0.006 ±   0.003       #/op
RingAllocBench.ownerCycleNoSlice:branches                      slab3fixed           1  avgt    3    42.080 ±   0.221       #/op
RingAllocBench.ownerCycleNoSlice:cycles                        slab3fixed           1  avgt    3    48.230 ±   1.938       #/op
RingAllocBench.ownerCycleNoSlice:dTLB-load-misses              slab3fixed           1  avgt    3    ≈ 10⁻⁴                 #/op
RingAllocBench.ownerCycleNoSlice:dTLB-loads                    slab3fixed           1  avgt    3     0.002 ±   0.002       #/op
RingAllocBench.ownerCycleNoSlice:iTLB-load-misses              slab3fixed           1  avgt    3    ≈ 10⁻⁴                 #/op
RingAllocBench.ownerCycleNoSlice:iTLB-loads                    slab3fixed           1  avgt    3    ≈ 10⁻⁴                 #/op
RingAllocBench.ownerCycleNoSlice:instructions                  slab3fixed           1  avgt    3   235.269 ±   1.408       #/op
RingAllocBench.ownerCycleNoSlice:stalled-cycles-frontend       slab3fixed           1  avgt    3     0.232 ±   0.222       #/op
RingAllocBench.ownerCycleNoSlice                               slab3fixed          32  avgt   15    22.997 ±   1.528      ns/op
RingAllocBench.ownerCycleNoSlice:CPI                           slab3fixed          32  avgt    3     0.224 ±   0.297  clks/insn
RingAllocBench.ownerCycleNoSlice:IPC                           slab3fixed          32  avgt    3     4.475 ±   5.693  insns/clk
RingAllocBench.ownerCycleNoSlice:L1-dcache-load-misses         slab3fixed          32  avgt    3     0.018 ±   0.049       #/op
RingAllocBench.ownerCycleNoSlice:L1-dcache-loads               slab3fixed          32  avgt    3    91.398 ±  14.504       #/op
RingAllocBench.ownerCycleNoSlice:L1-icache-load-misses         slab3fixed          32  avgt    3    ≈ 10⁻³                 #/op
RingAllocBench.ownerCycleNoSlice:L1-icache-loads               slab3fixed          32  avgt    3     0.149 ±   1.476       #/op
RingAllocBench.ownerCycleNoSlice:branch-misses                 slab3fixed          32  avgt    3     0.007 ±   0.012       #/op
RingAllocBench.ownerCycleNoSlice:branches                      slab3fixed          32  avgt    3    42.101 ±   0.424       #/op
RingAllocBench.ownerCycleNoSlice:cycles                        slab3fixed          32  avgt    3    52.096 ±  69.865       #/op
RingAllocBench.ownerCycleNoSlice:dTLB-load-misses              slab3fixed          32  avgt    3    ≈ 10⁻⁴                 #/op
RingAllocBench.ownerCycleNoSlice:dTLB-loads                    slab3fixed          32  avgt    3     0.002 ±   0.004       #/op
RingAllocBench.ownerCycleNoSlice:iTLB-load-misses              slab3fixed          32  avgt    3    ≈ 10⁻⁴                 #/op
RingAllocBench.ownerCycleNoSlice:iTLB-loads                    slab3fixed          32  avgt    3    ≈ 10⁻⁴                 #/op
RingAllocBench.ownerCycleNoSlice:instructions                  slab3fixed          32  avgt    3   232.346 ±   3.581       #/op
RingAllocBench.ownerCycleNoSlice:stalled-cycles-frontend       slab3fixed          32  avgt    3     0.469 ±   6.813       #/op
RingAllocBench.ownerCycleNoSlice                                    slab3           1  avgt   15    26.062 ±   0.027      ns/op
RingAllocBench.ownerCycleNoSlice:CPI                                slab3           1  avgt    3     0.201 ±   0.004  clks/insn
RingAllocBench.ownerCycleNoSlice:IPC                                slab3           1  avgt    3     4.984 ±   0.105  insns/clk
RingAllocBench.ownerCycleNoSlice:L1-dcache-load-misses              slab3           1  avgt    3     0.013 ±   0.010       #/op
RingAllocBench.ownerCycleNoSlice:L1-dcache-loads                    slab3           1  avgt    3   111.138 ±   1.066       #/op
RingAllocBench.ownerCycleNoSlice:L1-icache-load-misses              slab3           1  avgt    3    ≈ 10⁻³                 #/op
RingAllocBench.ownerCycleNoSlice:L1-icache-loads                    slab3           1  avgt    3     0.119 ±   0.098       #/op
RingAllocBench.ownerCycleNoSlice:branch-misses                      slab3           1  avgt    3     0.008 ±   0.012       #/op
RingAllocBench.ownerCycleNoSlice:branches                           slab3           1  avgt    3    58.069 ±   0.919       #/op
RingAllocBench.ownerCycleNoSlice:cycles                             slab3           1  avgt    3    59.032 ±   0.579       #/op
RingAllocBench.ownerCycleNoSlice:dTLB-load-misses                   slab3           1  avgt    3    ≈ 10⁻⁴                 #/op
RingAllocBench.ownerCycleNoSlice:dTLB-loads                         slab3           1  avgt    3     0.002 ±   0.007       #/op
RingAllocBench.ownerCycleNoSlice:iTLB-load-misses                   slab3           1  avgt    3    ≈ 10⁻⁴                 #/op
RingAllocBench.ownerCycleNoSlice:iTLB-loads                         slab3           1  avgt    3    ≈ 10⁻⁴                 #/op
RingAllocBench.ownerCycleNoSlice:instructions                       slab3           1  avgt    3   294.190 ±   4.588       #/op
RingAllocBench.ownerCycleNoSlice:stalled-cycles-frontend            slab3           1  avgt    3     0.288 ±   0.221       #/op
RingAllocBench.ownerCycleNoSlice                                    slab3          32  avgt   15    26.171 ±   0.298      ns/op
RingAllocBench.ownerCycleNoSlice:CPI                                slab3          32  avgt    3     0.202 ±   0.034  clks/insn
RingAllocBench.ownerCycleNoSlice:IPC                                slab3          32  avgt    3     4.960 ±   0.833  insns/clk
RingAllocBench.ownerCycleNoSlice:L1-dcache-load-misses              slab3          32  avgt    3     0.021 ±   0.021       #/op
RingAllocBench.ownerCycleNoSlice:L1-dcache-loads                    slab3          32  avgt    3   114.637 ±   7.092       #/op
RingAllocBench.ownerCycleNoSlice:L1-icache-load-misses              slab3          32  avgt    3     0.001 ±   0.002       #/op
RingAllocBench.ownerCycleNoSlice:L1-icache-loads                    slab3          32  avgt    3     0.124 ±   0.047       #/op
RingAllocBench.ownerCycleNoSlice:branch-misses                      slab3          32  avgt    3     0.009 ±   0.014       #/op
RingAllocBench.ownerCycleNoSlice:branches                           slab3          32  avgt    3    58.428 ±  10.173       #/op
RingAllocBench.ownerCycleNoSlice:cycles                             slab3          32  avgt    3    59.270 ±  13.652       #/op
RingAllocBench.ownerCycleNoSlice:dTLB-load-misses                   slab3          32  avgt    3    ≈ 10⁻⁴                 #/op
RingAllocBench.ownerCycleNoSlice:dTLB-loads                         slab3          32  avgt    3     0.002 ±   0.005       #/op
RingAllocBench.ownerCycleNoSlice:iTLB-load-misses                   slab3          32  avgt    3    ≈ 10⁻⁴                 #/op
RingAllocBench.ownerCycleNoSlice:iTLB-loads                         slab3          32  avgt    3    ≈ 10⁻⁴                 #/op
RingAllocBench.ownerCycleNoSlice:instructions                       slab3          32  avgt    3   293.929 ±  20.102       #/op
RingAllocBench.ownerCycleNoSlice:stalled-cycles-frontend            slab3          32  avgt    3     0.299 ±   0.524       #/op

Benchmark result is saved to /home/forked_franz/IdeaProjects/netty-eventloop-arena-poc/results/ryzen9-7950x-node0/arena-v3/ring-alloc/micro/owner.json
== cell end 00:35:41 rc=0
released (ringalloc) at 00:35:41 rc=0
